FLUX_ISOCOR,FLUXERR_ISOCOR,MAG_ISOCOR,MAGERR_ISOCOR,FLUX_APER,FLUXERR_APER,MAG_APER,MAGERR_APER,FLUX_AUTO,FLUXERR_AUTO,MAG_AUTO,MAGERR_AUTO,FLUX_MAX,ISOAREA_IMAGE,A_IMAGE,B_IMAGE,THETA_IMAGE,XWIN_IMAGE,YWIN_IMAGE,ra_deg,dec_deg,ERRAWIN_IMAGE,ERRBWIN_IMAGE,ERRTHETAWIN_IMAGE,FLAGS,FWHM_IMAGE,FWHM_WORLD,FLUX_GROWTH,FLUX_GROWTHSTEP,ra_deg_sextractor,dec_deg_sextractor
2840.290771484375,55.50678253173828,-8.633406639099121,0.02122330851852894,2772.068115234375,76.9339599609375,-8.607009887695312,0.03014005348086357,5259.97265625,80.86415100097656,-9.302458763122559,0.01669561304152012,512.0262451171875,18,2.1003499031066895,0.41234448552131653,88.11559295654297,717.043674321905,21.426677889027662,8.416799155074214,0.3943754653550593,0.04250738397240639,0.012872702442109585,82.43282318115234,3,5.542373180389404,0.00040594677557237446,4864.17138671875,12.602099418640137,8.416799155074214,0.3943754653550593
630.9879150390625,91.71983337402344,-7.000052452087402,0.15785998106002808,533.0404663085938,73.66818237304688,-6.816900253295898,0.15008924901485443,576.3024291992188,84.05868530273438,-6.901626110076904,0.1584024727344513,35.85406494140625,13,1.5034226179122925,1.1652233600616455,-74.78319549560547,570.4159784846587,18.081584315050037,8.416559514462445,0.40511359031426014,0.3433625102043152,0.34240835905075073,6.542233943939209,2,5.904628276824951,0.000432494591223076,591.4424438476562,9.020535469055176,8.416559514462445,0.4051135903142602
167904.125,586.6380615234375,-13.062653541564941,0.0037943613715469837,2204.914306640625,59.94178009033203,-8.358479499816895,0.029523493722081184,121107.8671875,325.9772644042969,-12.707930564880371,0.002923107473179698,420.35882568359375,500,153.59640502929688,0.029809970408678055,-0.00039975260733626783,191.97458818864467,1.0009662924682659,8.41532206822579,0.4328308634641154,0.5343015193939209,0.00011165855539729819,-0.0004996898351237178,26,12.826994895935059,0.0009396004024893045,-1009597.375,921.5784301757812,8.41532206822579,0.4328308634641027
413.2193603515625,51.7055778503418,-6.540451526641846,0.1358897089958191,278.269775390625,55.81265640258789,-6.1111650466918945,0.21781934797763824,673.182373046875,66.04537200927734,-7.070332050323486,0.10654657334089279,43.938873291015625,9,2.602792501449585,0.28867506980895996,0.0,1114.0525570633101,1.4806737219075132,8.415323265702693,0.365305527477745,1.3018056154251099,1.1724107265472412,-0.13651832938194275,27,5.155949592590332,0.00037760022678412497,624.6246337890625,15.616754531860352,8.415323265702693,0.36530552747775763
3489.36865234375,72.93763732910156,-8.856866836547852,0.022700460627675056,2971.94580078125,77.30703735351562,-8.682601928710938,0.028249317780137062,5414.52587890625,133.8186798095703,-9.333901405334473,0.026840222999453545,432.8544921875,31,2.748720169067383,0.6928976774215698,-89.8756103515625,716.9726415591475,28.07251781851768,8.417286026940992,0.3943803200259468,0.09371589124202728,0.08903773128986359,89.38188934326172,3,8.255194664001465,0.0006046452326700091,4899.62890625,16.492321014404297,8.417286026940992,0.39438032002594675
506.76470947265625,75.93872833251953,-6.7620158195495605,0.162737175822258,382.8963317871094,73.33137512207031,-6.457703113555908,0.20798806846141815,364.2712707519531,105.87812042236328,-6.403562068939209,0.31565389037132263,37.148529052734375,12,1.5086567401885986,1.1452502012252808,4.97062873840332,1370.4258750537958,21.19548540152975,8.416757881120827,0.34653451462769697,0.3241470158100128,0.3231429159641266,-4.303640365600586,0,7.859780788421631,0.0005755667807534337,328.8222961425781,9.05194091796875,8.416757881120827,0.34653451462768425
609.2667846679688,86.67255401611328,-6.962018966674805,0.15449126064777374,494.7513427734375,73.49012756347656,-6.735967636108398,0.16131392121315002,744.3167724609375,98.64056396484375,-7.179394721984863,0.1439221203327179,38.094696044921875,14,2.010657787322998,1.1634676456451416,-18.665668487548828,1233.5107450736546,27.466556147197473,8.417222388366097,0.35655790050095626,0.432085782289505,0.4310101568698883,-14.57504940032959,2,9.155218124389648,0.0006704634870402515,678.7553100585938,12.063946723937988,8.417222388366099,0.35655790050094355
873.8080444335938,81.61067962646484,-7.353539943695068,0.10142868012189865,620.1509399414062,73.72809600830078,-6.98124361038208,0.129111647605896,576.4483032226562,87.12321472167969,-6.901900768280029,0.16413581371307373,61.631717681884766,20,1.5624330043792725,1.1629798412322998,11.94777774810791,798.367104216035,30.929131047678005,8.417492276913404,0.38841967098040653,0.13839653134346008,0.13815973699092865,77.87278747558594,0,5.878800868988037,0.00043057918082922697,682.0037841796875,9.374597549438477,8.417492276913404,0.38841967098040653
429.27777099609375,75.47984313964844,-6.581846237182617,0.19095121324062347,229.33583068847656,73.01599884033203,-5.901179790496826,0.3457609713077545,171.37295532226562,77.60210418701172,-5.584855556488037,0.49176886677742004,26.04767608642578,9,1.882681965827942,0.7639248371124268,-76.58379364013672,56.354285980916906,43.899806505350206,8.418470050152957,0.4427617040758151,0.6259841918945312,0.6234451532363892,-65.42388153076172,0,7.165165901184082,0.0005248704110272229,96.65827941894531,11.29609203338623,8.418470050152957,0.44276170407581505
615.82373046875,90.29975128173828,-6.9736409187316895,0.15924285352230072,378.4082946777344,73.23795318603516,-6.444901466369629,0.21018676459789276,384.4858093261719,88.0515365600586,-6.46220064163208,0.24870610237121582,29.005992889404297,13,2.218863010406494,0.8472354412078857,-50.117652893066406,424.4799916944287,48.97696543429978,8.418828362211153,0.41579974775173234,0.42373794317245483,0.42166846990585327,-67.95033264160156,0,8.201135635375977,0.0006007240153849125,-321.4804992675781,13.313178062438965,8.418828362211153,0.41579974775173234
1246.080810546875,80.7721176147461,-7.738865375518799,0.07039552927017212,1094.2708740234375,74.62711334228516,-7.597812175750732,0.07406305521726608,1171.53125,96.49071502685547,-7.671884536743164,0.08944611251354218,81.83623504638672,25,1.4972516298294067,1.481066346168518,82.83773803710938,713.4342698501515,54.66876113543244,8.419234579798493,0.3946380534901679,0.10572202503681183,0.10538439452648163,7.157557487487793,0,6.176568031311035,0.0004523981478996575,1114.1446533203125,8.98351001739502,8.419234579798493,0.39463805349018055
16079.5546875,132.72569274902344,-10.515685081481934,0.008964184671640396,13943.9072265625,93.33909606933594,-10.360960960388184,0.007269573397934437,15729.3984375,131.91464233398438,-10.491780281066895,0.00910774152725935,908.0287475585938,103,1.8905166387557983,1.7843174934387207,36.54696273803711,911.9814963360882,67.46212495897456,8.420164352727793,0.38009813764010997,0.013756823725998402,0.01361167337745428,-61.67603302001953,0,3.5936388969421387,0.0002631995012052357,15680.216796875,11.343099594116211,8.420164352727793,0.38009813764010997
3135.519775390625,123.76060485839844,-8.740774154663086,0.04286498948931694,2313.3984375,76.69147491455078,-8.410626411437988,0.036001987755298615,2876.979736328125,124.49881744384766,-8.64734172821045,0.04699571430683136,129.7948760986328,61,2.340597152709961,1.5800600051879883,-8.238835334777832,1937.725305668821,62.28423555636111,8.419745905960742,0.30500905007696155,0.08630291372537613,0.0855196937918663,3.9854166507720947,0,5.683785438537598,0.0004161188844591379,2423.93994140625,14.043582916259766,8.419745905960742,0.30500905007696155
628.7249145507812,82.52922058105469,-6.996151447296143,0.1425531804561615,372.1104736328125,73.19871520996094,-6.426679611206055,0.2136295884847641,327.76690673828125,74.40422058105469,-6.288912773132324,0.24652574956417084,40.80792236328125,15,1.4000238180160522,0.9290666580200195,-11.65541934967041,9.748357397487831,50.035180520381026,8.418921291218355,0.4461749374918128,0.1921587437391281,0.19119636714458466,-22.154979705810547,1,5.432547092437744,0.0003979528555646539,-421.89569091796875,8.400142669677734,8.418921291218355,0.4461749374918128
162824.265625,274.2020568847656,-13.029297828674316,0.0018288639839738607,138529.703125,198.31100463867188,-12.853857040405273,0.0015546539798378944,158234.03125,238.43258666992188,-12.998250007629395,0.0016364229377359152,9376.5517578125,299,2.155639410018921,2.050004720687866,-52.61717224121094,494.72194807059043,110.846255675051,8.423358385209305,0.4106522347966863,0.003129794029518962,0.0030720524955540895,-65.99168395996094,0,3.543067216873169,0.00025952188298106194,162535.875,12.933835983276367,8.423358385209305,0.4106522347966862
506.98297119140625,82.40789031982422,-6.762483596801758,0.17652460932731628,159.07728576660156,72.89759826660156,-5.5040202140808105,0.49766242504119873,142.1322021484375,85.2867660522461,-5.381731033325195,0.6516568660736084,29.38226318359375,10,2.414187431335449,0.7368189692497253,38.8362922668457,267.5944415486239,64.32343128793354,8.419958528509943,0.42728906664162886,1.1914732456207275,1.1888880729675293,57.50432586669922,0,7.975926876068115,0.0005842435639351606,-715.4937744140625,14.485124588012695,8.419958528509941,0.42728906664164157
838.234130859375,95.2537612915039,-7.308413505554199,0.12340893596410751,626.5665283203125,73.76724243164062,-6.992417812347412,0.1278574913740158,597.2327880859375,85.94034576416016,-6.940359115600586,0.156272754073143,40.14962387084961,20,1.6155998706817627,1.1212129592895508,68.62263488769531,343.83859729938035,73.55201236180834,8.420631798852982,0.4217044957480986,0.25908830761909485,0.2581125795841217,42.83625030517578,0,8.049275398254395,0.0005896089132875204,295.4325866699219,9.693599700927734,8.420631798852982,0.42170449574809865
1224.0863037109375,105.1096420288086,-7.71953010559082,0.09325247257947922,1006.6571655273438,74.28516387939453,-7.507204055786133,0.08014018088579178,1146.4561767578125,145.10121154785156,-7.648393630981445,0.13744957745075226,58.533447265625,29,2.185117721557617,1.5442496538162231,-59.62405776977539,1526.4923593628573,81.86592497445405,8.421196108198245,0.3351065721450158,0.19304320216178894,0.1925801932811737,-43.213836669921875,3,8.360133171081543,0.0006121699698269367,1085.604736328125,13.110706329345703,8.421196108198245,0.3351065721450158
434.7897033691406,76.09630584716797,-6.595698356628418,0.1900702565908432,33.03458786010742,72.71356201171875,-3.797422409057617,2.3904316425323486,-55.898990631103516,65.58478546142578,99.0,99.0,27.1948184967041,6,1.4825198650360107,0.7382750511169434,-26.511512756347656,1830.4204387580269,71.73676450340574,8.420442423837574,0.3128614483693077,0.31605494022369385,0.1602851003408432,-24.41775894165039,2,6.241089344024658,0.00045694434083998203,-436.0973205566406,8.895118713378906,8.420442423837574,0.31286144836930774
3221.242431640625,101.5267333984375,-8.770058631896973,0.03422841802239418,2717.24072265625,76.9826889038086,-8.585320472717285,0.030767682939767838,2980.545654296875,108.39102935791016,-8.685739517211914,0.039493661373853683,184.67295837402344,50,1.9147586822509766,1.4247850179672241,-56.9913330078125,328.9206696156224,91.5903552602059,8.421953900510525,0.4227961291368817,0.052699074149131775,0.05257600545883179,-82.72114562988281,0,3.9610610008239746,0.0002901481348089874,2736.28369140625,11.48855209350586,8.421953900510525,0.42279612913689446
1641.242431640625,100.03749084472656,-8.037931442260742,0.06619419157505035,1411.214111328125,74.92376708984375,-7.8739824295043945,0.057657595723867416,1796.41162109375,114.15385437011719,-8.136014938354492,0.06901039928197861,77.4664077758789,35,1.9562385082244873,1.5520015954971313,-40.66593551635742,1524.1694809344924,84.60888875347644,8.4213971192375,0.33527646978783554,0.14650285243988037,0.14516347646713257,-41.787723541259766,3,7.971224784851074,0.0005836927448399365,1594.47314453125,11.737430572509766,8.4213971192375,0.33527646978784825
5295.076171875,157.45147705078125,-9.309680938720703,0.03229270130395889,3094.738037109375,77.55621337890625,-8.72655963897705,0.02721588872373104,4803.2861328125,162.6799774169922,-9.203845977783203,0.03678116574883461,118.31058502197266,101,2.737739086151123,2.28708553314209,-72.76689910888672,1724.0511560456782,99.4469936210577,8.422476240194868,0.3206450675474835,0.08516920357942581,0.08463913202285767,-82.87308502197266,0,7.648910045623779,0.0005600439035333693,3796.01611328125,16.426433563232422,8.422476240194868,0.32064506754748345
593.0394897460938,82.68470001220703,-6.932709217071533,0.1514158546924591,578.507568359375,73.54458618164062,-6.905772686004639,0.13806115090847015,580.43994140625,91.24591064453125,-6.909393310546875,0.17072060704231262,38.71085739135742,14,1.5085475444793701,1.141464352607727,-36.149497985839844,1499.4370768762137,76.11155847486928,8.420775640862919,0.3370873643137423,0.2915671467781067,0.290335476398468,40.5393180847168,2,6.280765056610107,0.00045991328079253435,513.7468872070312,9.051284790039062,8.420775640862919,0.33708736431374225
452.10296630859375,77.80775451660156,-6.6380934715271,0.18690259754657745,62.23042297363281,72.79174041748047,-4.485006809234619,1.270308494567871,35.97283172607422,80.0527114868164,-3.8899364471435547,2.4167473316192627,33.38153839111328,9,2.043578863143921,0.7499942183494568,-16.955677032470703,499.646694508238,79.29645308359088,8.421046816061274,0.41029320102979444,0.36499178409576416,0.1352309286594391,-18.294130325317383,0,7.398893356323242,0.0005419524386525154,-456.51080322265625,12.261472702026367,8.421046816061272,0.41029320102979444
2567.243896484375,107.37818145751953,-8.52366828918457,0.04542330652475357,2125.740966796875,76.14242553710938,-8.31877613067627,0.03889968991279602,2356.430908203125,106.70201873779297,-8.430636405944824,0.049175381660461426,129.25048828125,48,1.6783041954040527,1.6254154443740845,-68.8543701171875,80.90162415670694,95.17634268750581,8.422225930394477,0.4409610875152697,0.07824480533599854,0.07768359780311584,-51.145225524902344,0,4.377018451690674,0.00032062880927696824,2337.6728515625,10.069825172424316,8.422225930394477,0.4409610875152697
17323.603515625,298.611328125,-10.596595764160156,0.018719656392931938,4435.908203125,79.75932312011719,-9.117456436157227,0.01952669396996498,15223.033203125,295.56341552734375,-10.456253051757812,0.021085277199745178,142.08168029785156,335,5.166638374328613,3.9952385425567627,-69.15935516357422,938.353617704746,147.27020216907258,8.426009844459882,0.3781629603808081,0.0891432911157608,0.08883171528577805,-59.269622802734375,0,13.49091625213623,0.0009880713187158108,12025.853515625,30.99983024597168,8.426009844459882,0.3781629603808335
665.8568725585938,90.70066833496094,-7.058452129364014,0.1479310840368271,85.19313049316406,72.83052062988281,-4.8260111808776855,0.9284075498580933,85.56291961669922,83.3377914428711,-4.830714225769043,1.0577577352523804,24.891918182373047,10,1.5677728652954102,1.1099457740783691,-66.377685546875,986.7217039386194,88.32634677187562,8.42168997234182,0.3746242837269232,0.43823766708374023,0.4368674159049988,-40.73801040649414,0,7.888054847717285,0.0005777113838121295,10.793863296508789,9.406637191772461,8.42168997234182,0.37462428372692314
550.8179931640625,79.72584533691406,-6.85252046585083,0.1571885198354721,376.0653076171875,73.17668914794922,-6.43815803527832,0.21131938695907593,361.2666015625,80.55078125,-6.394569396972656,0.242142915725708,34.67505645751953,13,1.3416730165481567,1.1670162677764893,-49.45934295654297,1774.1128960888939,91.19148356338076,8.421869597537016,0.31698145755810037,0.28782668709754944,0.2865934669971466,-85.16165161132812,0,7.479036331176758,0.000547593692317605,289.7396545410156,8.05003833770752,8.421869597537016,0.3169814575580876
895.795654296875,87.11595153808594,-7.38052225112915,0.10561328381299973,651.6686401367188,73.60980987548828,-7.035067081451416,0.12267008423805237,631.27978515625,77.65480041503906,-7.00055456161499,0.1335907131433487,81.11207580566406,18,1.307538628578186,1.1150755882263184,-72.58019256591797,1867.1108966775848,97.04126327632429,8.422294433571384,0.31017496966513747,0.14861145615577698,0.14832660555839539,85.57308197021484,2,4.168875217437744,0.0003052201063837856,355.7676696777344,7.845232009887695,8.422294433571384,0.31017496966512476
4885.69384765625,138.09568786621094,-9.222315788269043,0.030696135014295578,3459.619140625,78.32028198242188,-8.847570419311523,0.024585314095020294,4438.9794921875,135.26646423339844,-9.118207931518555,0.033093053847551346,181.52481079101562,75,2.207178831100464,1.944534182548523,-2.1832196712493896,1367.6296013152905,171.92186990240344,8.427798961834535,0.34673154179750554,0.059200190007686615,0.05877923592925072,17.02687644958496,0,4.882077693939209,0.00035751130781136453,4305.62890625,13.243072509765625,8.427798961834535,0.34673154179750554
1011.8523559570312,106.87033081054688,-7.512793064117432,0.11470169574022293,697.0154418945312,73.74243927001953,-7.1081061363220215,0.11489599943161011,677.2661743164062,99.08776092529297,-7.076898574829102,0.15888775885105133,40.86794662475586,24,1.7697041034698486,1.3703396320343018,-22.90218162536621,132.1426017074651,105.2125735365439,8.422959310978861,0.43720756055825566,0.24442000687122345,0.24358996748924255,41.205223083496094,0,9.322502136230469,0.0006828946061432362,531.564453125,10.61822509765625,8.42295931097886,0.43720756055825555
943.4803466796875,88.22087860107422,-7.436831951141357,0.10154729336500168,769.2086181640625,73.83429718017578,-7.2151103019714355,0.10424225777387619,784.394287109375,88.01420593261719,-7.2363362312316895,0.12185635417699814,56.56930160522461,22,1.6836433410644531,1.0952763557434082,-72.57241821289062,1190.305491108119,111.25462148403938,8.423361813278193,0.35971685685330607,0.17617487907409668,0.17503152787685394,86.04154968261719,0,5.89773416519165,0.00043191469740122557,270.6571350097656,10.101860046386719,8.423361813278193,0.35971685685330607
753.497802734375,89.63151550292969,-7.192705154418945,0.12918394804000854,621.73291015625,73.67379760742188,-6.984009742736816,0.1286882758140564,659.7699584960938,105.22840881347656,-7.048481464385986,0.17320893704891205,40.87272644042969,18,2.0025651454925537,1.3361611366271973,-55.971961975097656,381.1293205021729,113.55614252933665,8.423561209381777,0.4189712946261615,0.28925228118896484,0.2882486581802368,-64.28227996826172,0,9.795068740844727,0.0007174828788265586,-125.77053833007812,12.015390396118164,8.423561209381777,0.4189712946261615
377.0415344238281,63.7303466796875,-6.440972805023193,0.1835637390613556,252.4062042236328,73.08355712890625,-6.005249977111816,0.31444844603538513,355.2220153808594,79.88761138916016,-6.37624979019165,0.2442358434200287,30.432308197021484,9,1.8775296211242676,0.8097749948501587,7.230639934539795,1378.124534814945,103.45034056620028,8.422782898571374,0.34596668400024416,0.5409724116325378,0.5384398698806763,-22.97161865234375,0,7.368884563446045,0.0005396170308813453,-1.8517271280288696,11.265177726745605,8.422782898571374,0.3459666840002569
446.92584228515625,75.52466583251953,-6.625588893890381,0.1835198998451233,412.4380798339844,73.26642608642578,-6.538396835327148,0.19291947782039642,356.1488037109375,87.41392517089844,-6.3790788650512695,0.2665501534938812,33.801551818847656,10,1.8239701986312866,1.0801169872283936,-24.600427627563477,1785.2120831111504,110.06998383571721,8.423251946448431,0.31616816381833907,0.4386568069458008,0.43787500262260437,31.27280044555664,0,8.39700698852539,0.0006148017127998173,243.29205322265625,10.94382095336914,8.423251946448431,0.3161681638183391
425.7410583496094,70.67556762695312,-6.572864055633545,0.18028250336647034,388.6536865234375,73.22650146484375,-6.473906993865967,0.20461398363113403,370.6266174316406,77.24100494384766,-6.422341346740723,0.2263294905424118,28.115665435791016,10,1.3440877199172974,1.0700500011444092,-40.272918701171875,636.2995185759066,111.40393173425399,8.423393881777278,0.4002838462082192,0.414971262216568,0.41404449939727783,84.8779067993164,0,6.733087062835693,0.0004931686562485993,92.89204406738281,8.064526557922363,8.423393881777278,0.4002838462082319
1177.3297119140625,124.71514129638672,-7.677245140075684,0.11504054069519043,534.6188354492188,73.49972534179688,-6.82011079788208,0.14930394291877747,775.1177368164062,124.95027160644531,-7.223419189453125,0.17506501078605652,28.652896881103516,25,3.03255295753479,1.249611258506775,73.8634033203125,366.07371544505236,140.35653865260986,8.425525246241984,0.42007255559835815,0.3719167113304138,0.3710578382015228,84.74740600585938,2,11.66562557220459,0.0008545020245946944,-8.584331512451172,18.1953182220459,8.425525246241984,0.42007255559837087
409.4488525390625,72.84429931640625,-6.53049898147583,0.19320827722549438,235.72413635253906,72.94050598144531,-5.9310102462768555,0.33604276180267334,256.0246887207031,65.26416015625,-6.020704746246338,0.276836097240448,28.66976547241211,9,1.2041054964065552,0.8657748699188232,-45.24919128417969,1746.8915315358292,120.39688462041462,8.424009862872492,0.31897229665074406,0.30373361706733704,0.30341610312461853,-3.0248489379882812,0,6.089022159576416,0.0004458262410480529,120.98900604248047,7.22463321685791,8.424009862872492,0.3189722966507441
856.7603759765625,101.13195037841797,-7.332148551940918,0.12819138169288635,600.662353515625,73.83780670166016,-6.946576118469238,0.13349907100200653,567.6316528320312,94.61572265625,-6.885166645050049,0.18101999163627625,43.43452453613281,20,1.4289827346801758,1.164896011352539,-40.64501190185547,1895.6196453337425,127.5205803797165,8.424525767720345,0.308087066857638,0.2503054141998291,0.24982497096061707,-32.225894927978516,0,7.713574409484863,0.0005647340440191329,426.54034423828125,8.573896408081055,8.424525767720345,0.308087066857638
504.9110107421875,75.0676040649414,-6.758037090301514,0.1614609658718109,363.4186096191406,73.27008056640625,-6.401017665863037,0.2189522087574005,392.7607116699219,82.52821350097656,-6.485320091247559,0.228193998336792,31.774105072021484,12,1.235927939414978,0.7242255806922913,-83.0013198852539,65.09340730926733,125.08062870269453,8.424417472226363,0.44211735342270764,0.2331065833568573,0.23247912526130676,-76.82453155517578,2,4.699417591094971,0.0003442458692006767,217.99050903320312,7.415567398071289,8.424417472226363,0.4421173534227076
425.42041015625,70.56455993652344,-6.572045803070068,0.18013501167297363,341.3267517089844,73.3475112915039,-6.332925796508789,0.23336991667747498,353.254638671875,89.77821350097656,-6.370219707489014,0.276002436876297,31.118139266967773,10,1.2886589765548706,0.7594242691993713,5.6579108238220215,842.6550255837212,124.4504108508819,8.4243418009381,0.38517173096884894,0.3540725111961365,0.35217970609664917,-11.801860809326172,0,5.8970417976379395,0.0004319095751270652,314.9205322265625,7.7319536209106445,8.4243418009381,0.38517173096884894
15411.0205078125,142.30393981933594,-10.469578742980957,0.010028023272752762,12992.09375,91.9627685546875,-10.284197807312012,0.007687103468924761,14803.18359375,138.44503784179688,-10.425888061523438,0.01015668734908104,888.684814453125,119,2.065481424331665,1.8768019676208496,71.56986236572266,1644.926043173292,166.55711094875963,8.427395018364129,0.3264331316308122,0.014193467795848846,0.014138760045170784,-62.49748611450195,0,3.529249429702759,0.0002584160247351974,14972.1484375,12.392889022827148,8.42739501836413,0.3264331316308122
1258.3677978515625,117.16817474365234,-7.749518871307373,0.1011187955737114,969.3997192382812,74.19519805908203,-7.466257095336914,0.0831194669008255,1193.43994140625,119.35945129394531,-7.6920013427734375,0.10861406475305557,51.9903678894043,30,1.9680920839309692,1.7555166482925415,-70.99633026123047,131.57318037008898,149.29123539206023,8.426188746174013,0.43724696662946777,0.2334175705909729,0.23317795991897583,51.735408782958984,2,9.623250961303711,0.0007049245177768171,609.6373291015625,11.808552742004395,8.426188746174013,0.43724696662946777
1598.2669677734375,121.79032897949219,-8.009122848510742,0.08275482058525085,1047.052978515625,74.40841674804688,-7.54992151260376,0.07717616856098175,1362.0909423828125,119.53305053710938,-7.83551549911499,0.09530413150787354,51.36563491821289,38,2.097676992416382,1.6621713638305664,-11.75322437286377,1734.3722168494046,145.64255026561796,8.425859525061076,0.3198873211226435,0.20875607430934906,0.20823468267917633,9.710396766662598,0,10.704022407531738,0.000783731637056917,1473.609130859375,12.586061477661133,8.425859525061076,0.3198873211226563
3375.636962890625,140.86502075195312,-8.820889472961426,0.04531868174672127,2107.570556640625,76.14064025878906,-8.309454917907715,0.03923415020108223,3094.324951171875,147.81097412109375,-8.726414680480957,0.0518764890730381,78.3848648071289,71,2.4930431842803955,2.0883960723876953,39.96257019042969,402.8543995739889,163.97949167475153,8.427254518811763,0.4173775925129947,0.11820558458566666,0.11775987595319748,35.384681701660156,2,8.64504337310791,0.0006332410266622901,2505.737060546875,14.958259582519531,8.427254518811763,0.4173775925130074
698.2828369140625,93.0026626586914,-7.11007833480835,0.14464180171489716,402.8410339355469,73.25032043457031,-6.512834072113037,0.19747205078601837,292.15008544921875,72.9205551147461,-6.16401481628418,0.27106520533561707,35.098880767822266,12,1.7833911180496216,0.6290498971939087,17.238569259643555,1794.2658776929684,143.596067617756,8.425707249963276,0.3155038414882579,0.29982471466064453,0.29797816276550293,18.08730697631836,0,6.319523811340332,0.00046269327867776155,20.085933685302734,10.700346946716309,8.425707249963276,0.3155038414882452
8365.9755859375,86.05713653564453,-9.806291580200195,0.011171207763254642,5087.38916015625,80.78333282470703,-9.266237258911133,0.017244741320610046,8156.98193359375,99.368896484375,-9.778823852539062,0.013229724019765854,784.5777587890625,42,4.164072036743164,0.47702932357788086,-52.217857360839844,181.8958606819834,173.48323411022787,8.42795924373724,0.43356000511208387,0.04873208329081535,0.04339391365647316,-52.305442810058594,0,8.43188190460205,0.0006176494061946869,5145.91455078125,24.984432220458984,8.427959243737241,0.43356000511207116
1719.1905517578125,128.26109313964844,-8.088310241699219,0.08102158457040787,1102.5595703125,74.64076232910156,-7.6060051918029785,0.07351972162723541,1516.340087890625,136.86619567871094,-7.951991558074951,0.09802331775426865,51.52311325073242,41,2.303718090057373,1.7013930082321167,-12.232909202575684,1758.2980250236287,157.86466086013908,8.42675380486263,0.318135569347762,0.2144061177968979,0.2138247787952423,-24.644426345825195,0,9.100205421447754,0.0006662955274805427,1385.854248046875,13.822308540344238,8.42675380486263,0.3181355693477747
404.4100646972656,72.02788543701172,-6.517055034637451,0.19342318177223206,316.7315979003906,73.10563659667969,-6.251728534698486,0.2506624460220337,299.60906982421875,87.33435821533203,-6.191387176513672,0.3165628910064697,34.75813293457031,9,1.4743903875350952,0.6185493469238281,-65.05651092529297,1818.3138793425903,150.6576977346732,8.426223529271248,0.31374348118371564,0.33583125472068787,0.3348095118999481,-57.370933532714844,2,5.689704895019531,0.0004165755526628345,196.59291076660156,8.846342086791992,8.426223529271248,0.31374348118371564
5640.21435546875,141.38409423828125,-9.378238677978516,0.027222923934459686,3723.01513671875,78.59932708740234,-8.927236557006836,0.02292734943330288,6236.15283203125,170.04513549804688,-9.487292289733887,0.029612651094794273,140.073486328125,93,3.7507588863372803,1.8167027235031128,-35.15518569946289,289.81243292002256,173.66149895990654,8.427968176023915,0.4256561421338598,0.07836567610502243,0.076515793800354,-34.5659294128418,3,11.513586044311523,0.0008433754555881023,4155.6630859375,22.504552841186523,8.427968176023915,0.42565614213385977
424.04925537109375,74.85514068603516,-6.568540573120117,0.19170574843883514,120.4224853515625,72.717041015625,-5.20176887512207,0.6557804346084595,86.74897766113281,72.57340240478516,-4.84566068649292,0.9085376858711243,28.462987899780273,9,1.4387372732162476,0.9294341802597046,56.06401443481445,1810.0424164485908,155.267332140658,8.426561496147643,0.31434861171779677,0.3250821530818939,0.3245038092136383,74.33968353271484,0,6.741100311279297,0.0004935559118166566,2.0530617237091064,8.632423400878906,8.426561496147645,0.31434861171778405
615.3583984375,86.60453796386719,-6.972820281982422,0.15284186601638794,269.0549011230469,72.9679183959961,-6.074602127075195,0.2945241630077362,326.4353942871094,132.270751953125,-6.2844929695129395,0.4400443136692047,21.816482543945312,9,2.8636057376861572,0.9805341958999634,-51.87275695800781,1359.3873607777814,166.4097567414361,8.427395514289616,0.3473352200848854,0.42577606439590454,0.42518240213394165,-40.71379089355469,2,10.035195350646973,0.0007348734652623534,470.829833984375,17.1816349029541,8.427395514289616,0.3473352200848854
2146.4541015625,84.28028106689453,-8.329303741455078,0.042641669511795044,2265.128173828125,76.28469848632812,-8.387731552124023,0.036574169993400574,2708.046875,114.67504119873047,-8.581640243530273,0.04598779231309891,130.8215789794922,34,2.044344186782837,1.107361912727356,78.773681640625,285.99195287639856,176.02230775087386,8.428141282995332,0.42593583126289136,0.07540278881788254,0.07472452521324158,85.44568634033203,3,5.41422176361084,0.0003965944633819163,3018.120849609375,12.26606559753418,8.428141282995332,0.42593583126289136
389.4798278808594,68.95065307617188,-6.476212501525879,0.19225747883319855,453.7447814941406,73.30709075927734,-6.642029285430908,0.17545436322689056,386.63720703125,80.58949279785156,-6.468259334564209,0.22636255621910095,32.69284439086914,9,1.8249578475952148,0.8762593865394592,-46.16762161254883,73.06585589189537,166.72419452625832,8.427468198213157,0.4415312601117836,0.3924403190612793,0.39153239130973816,89.5904541015625,2,7.559045314788818,0.0005537207471206784,-93.00447082519531,10.949747085571289,8.427468198213157,0.4415312601117836
3266.250244140625,136.758056640625,-8.785123825073242,0.04547087103128433,2070.235107421875,76.16301727294922,-8.29004955291748,0.03995345160365105,2753.24169921875,140.98158264160156,-8.599611282348633,0.05560935661196709,99.01427459716797,68,2.753202438354492,1.7308484315872192,34.33158874511719,709.4538290756685,191.6431984252603,8.429269372520567,0.39492252369597125,0.11355581134557724,0.11246605217456818,38.809139251708984,0,8.427007675170898,0.0006172290304675698,1965.599609375,16.519214630126953,8.429269372520567,0.3949225236959712
547.621337890625,78.44231414794922,-6.846200942993164,0.1555606871843338,497.48681640625,73.40901184082031,-6.7419538497924805,0.16024984419345856,554.92919921875,86.48844909667969,-6.860593795776367,0.16925844550132751,39.34857940673828,13,1.697895884513855,1.0338640213012695,86.50774383544922,447.59601509770135,186.52980859641943,8.428904883127533,0.4140996828962649,0.3353167176246643,0.33388012647628784,-57.360252380371094,0,7.922820091247559,0.0005803336389362812,401.0923156738281,10.18737506866455,8.428904883127533,0.4140996828962649
7001.14306640625,150.0477752685547,-9.612922668457031,0.023275040090084076,4484.275390625,79.91265869140625,-9.129230499267578,0.019353214651346207,6688.77294921875,162.16952514648438,-9.563365936279297,0.02633010596036911,171.11123657226562,109,2.7855916023254395,2.196654796600342,80.61612701416016,1280.1822405264766,210.5941921399526,8.430635253983349,0.353131646248776,0.06012870371341705,0.059294648468494415,84.95879364013672,0,6.957263469696045,0.0005094915395602584,5595.154296875,16.713550567626953,8.430635253983349,0.353131646248776
471.40618896484375,75.05396270751953,-6.683488368988037,0.17290525138378143,245.39208984375,72.95680236816406,-5.974651336669922,0.3228754997253418,268.4746398925781,69.9424057006836,-6.072257995605469,0.28292226791381836,28.613739013671875,11,1.2207248210906982,0.9715964794158936,-80.95345306396484,1786.9769586205502,183.09505604960597,8.428600693132315,0.31603532816473984,0.2860642075538635,0.2854282855987549,-84.75020599365234,0,6.500048637390137,0.0004759118892252445,162.99423217773438,7.3243489265441895,8.428600693132317,0.3160353281647271
1679.23291015625,125.94331359863281,-8.062777519226074,0.08145054429769516,1073.1573486328125,74.39514923095703,-7.576658248901367,0.07528544962406158,1407.96630859375,118.25691223144531,-7.871480464935303,0.09121454507112503,52.578277587890625,40,2.087770462036133,1.5849223136901855,-41.74016189575195,1226.9135999923235,204.58065972866515,8.430196857054268,0.35703190180877575,0.20700621604919434,0.20625314116477966,-30.06996726989746,2,7.772172927856445,0.0005691794212907553,984.940673828125,12.526622772216797,8.430196857054266,0.3570319018087884
794.9144897460938,91.61408996582031,-7.250801086425781,0.1251617670059204,614.7417602539062,73.60513305664062,-6.971731662750244,0.13003051280975342,629.8184204101562,92.45420837402344,-6.998038291931152,0.15941938757896423,36.44361114501953,19,1.5617363452911377,1.2849621772766113,-22.95993995666504,855.5019831248902,201.486390655755,8.429984784146724,0.38422708192259764,0.24265067279338837,0.24226689338684082,0.09064356982707977,0,8.47534465789795,0.0006207458209246397,421.3017883300781,9.370418548583984,8.429984784146724,0.38422708192259764
807.5914916992188,97.08457946777344,-7.267979145050049,0.1305534541606903,680.3809204101562,73.7146987915039,-7.08188009262085,0.11766080558300018,885.2276611328125,150.56129455566406,-7.367637634277344,0.18470905721187592,39.75858688354492,19,2.1530144214630127,1.4030202627182007,21.490646362304688,1036.2401840709974,202.8304758737002,8.430076167323053,0.37099264194862275,0.3477076590061188,0.34761717915534973,-73.28717041015625,2,10.410439491271973,0.0007624350255355239,638.9490356445312,12.918087005615234,8.430076167323051,0.37099264194863546
7417.9765625,171.32135009765625,-9.675713539123535,0.025081636384129524,4017.783203125,79.2711181640625,-9.009965896606445,0.02142684906721115,6606.85205078125,168.76596069335938,-9.549986839294434,0.027740871533751488,132.65042114257812,120,3.1314399242401123,2.1244332790374756,-31.548755645751953,1109.4707595437083,228.4815334547691,8.431952346670078,0.3656294393900882,0.07169202715158463,0.07063261419534683,-32.26873779296875,0,8.322455406188965,0.0006095017306506634,6344.4755859375,18.788639068603516,8.431952346670078,0.36562943939008813
1486.371337890625,113.5965805053711,-7.930318355560303,0.08299802243709564,1003.4819946289062,74.19512176513672,-7.503774166107178,0.08029630780220032,1090.598388671875,112.92754364013672,-7.5941619873046875,0.11245139688253403,58.22529220581055,35,1.8890020847320557,1.6070141792297363,-72.34656524658203,1321.4675736637705,219.89142473957557,8.431314654773264,0.35010864123198293,0.18489204347133636,0.18420545756816864,-44.6116943359375,0,10.436254501342773,0.0007642522687092423,950.7208251953125,11.334012985229492,8.431314654773264,0.35010864123198293
516.40478515625,78.9388656616211,-6.782475471496582,0.16600854694843292,443.3929443359375,73.40415954589844,-6.616971969604492,0.17978841066360474,499.1717224121094,108.96245574951172,-6.745625019073486,0.23705916106700897,32.87589645385742,12,1.5180718898773193,0.8862916827201843,54.275264739990234,934.6625846695192,211.24024475193343,8.430696223914971,0.3784300096205713,0.30672118067741394,0.30559608340263367,49.48196029663086,0,6.927903175354004,0.0005073976935818791,377.2774963378906,9.108430862426758,8.430696223914971,0.3784300096205713
434.6675109863281,76.08306884765625,-6.595393180847168,0.190090611577034,151.24053955078125,72.79795837402344,-5.4491705894470215,0.5227341055870056,159.27337646484375,68.22949981689453,-5.50535774230957,0.46522048115730286,25.825231552124023,6,1.4384087324142456,0.3304342031478882,-40.654823303222656,1875.6897500305902,222.92913082418286,8.431514760983157,0.30954083926970183,0.4924176037311554,0.49104735255241394,-37.884483337402344,2,4.078601360321045,0.00029860931681469083,-130.6959991455078,8.630452156066895,8.431514760983157,0.30954083926970183
2017.1207275390625,137.3536834716797,-8.261829376220703,0.07395000755786896,1233.7147216796875,74.63191986083984,-7.728036880493164,0.065696120262146,1625.6300048828125,132.6846160888672,-8.027554512023926,0.08863978087902069,64.28184509277344,48,2.218200445175171,1.8800665140151978,-58.904937744140625,1464.4324366181322,236.78564296182128,8.432546439846611,0.3396417537369557,0.19226974248886108,0.19177848100662231,23.12797737121582,0,8.908490180969238,0.0006523380288854241,989.0000610351562,13.309202194213867,8.432546439846611,0.33964175373694294
10787.29296875,192.79757690429688,-10.082281112670898,0.019409704953432083,5108.03662109375,80.76280975341797,-9.270634651184082,0.017170671373605728,10199.9326171875,196.99623107910156,-10.021492958068848,0.02097444236278534,182.40977478027344,162,3.8599860668182373,2.331740379333496,-57.99537658691406,1368.362962866642,269.5126958948823,8.43494761548104,0.3466730233588222,0.06474911421537399,0.0636669248342514,-63.74574661254883,2,9.601625442504883,0.0007031189743429422,8505.443359375,23.159915924072266,8.43494761548104,0.3466730233588223
4221.7724609375,180.73724365234375,-9.063736915588379,0.04649247229099274,1873.81884765625,75.65137481689453,-8.181818962097168,0.04384489730000496,3448.3701171875,172.94046020507812,-8.844035148620605,0.05446438118815422,70.3555908203125,93,3.680051326751709,1.9438291788101196,-5.404534339904785,2021.4156463113654,245.48527317736708,8.43316084412595,0.29887561991867234,0.15867158770561218,0.15703140199184418,-14.016552925109863,2,12.213154792785645,0.0008941059350036085,1140.9610595703125,22.080307006835938,8.43316084412595,0.298875619918685
12730.9755859375,126.4510726928711,-10.262154579162598,0.01078675128519535,11084.2841796875,89.49299621582031,-10.11176872253418,0.008768215775489807,12307.455078125,125.79994201660156,-10.225420951843262,0.011100485920906067,739.1837158203125,94,1.8440808057785034,1.742339015007019,6.887539863586426,1847.574355814742,245.57288157848294,8.43317446069028,0.3115973304484,0.01568758115172386,0.015607951208949089,-72.00596618652344,0,3.4435980319976807,0.000252121506491676,12455.1103515625,11.064484596252441,8.43317446069028,0.3115973304484
428.5124206542969,71.54986572265625,-6.57990837097168,0.1813323199748993,97.27572631835938,72.87970733642578,-4.970011234283447,0.8136393427848816,52.46084976196289,103.50775909423828,-4.299588203430176,2.1427297592163086,32.63499069213867,10,2.598320722579956,0.6691956520080566,75.8622817993164,1621.077989444311,247.04984510317485,8.433291930534477,0.3281747325614341,0.3558140695095062,0.3543473482131958,87.35603332519531,0,7.884951591491699,0.0005773510201834142,-964.3095703125,15.589923858642578,8.433291930534477,0.32817473256143415
1004.4592895507812,103.3203125,-7.504830837249756,0.11170772463083267,708.6294555664062,73.6479263305664,-7.1260480880737305,0.11286809295415878,707.7805786132812,90.26243591308594,-7.124746799468994,0.13849632441997528,50.559837341308594,24,1.7191853523254395,1.1641842126846313,-45.49394226074219,1436.3646575681094,239.99900864786204,8.432782953326635,0.3416962877931896,0.22179444134235382,0.22026941180229187,-36.1480598449707,0,6.467572212219238,0.00047360308235511184,432.5317077636719,10.315112113952637,8.432782953326635,0.3416962877931896
464.14654541015625,72.53108215332031,-6.666637897491455,0.16970664262771606,421.6494445800781,73.51058197021484,-6.562378883361816,0.18933379650115967,440.3214416503906,77.35186767578125,-6.609424591064453,0.19077910482883453,38.83949279785156,11,1.28182852268219,0.8040617108345032,24.55249786376953,824.9788886565202,235.61611290319576,8.4324862463926,0.38646049322205817,0.2937481701374054,0.29286858439445496,-1.2929240465164185,0,6.053953647613525,0.00044340314343571663,430.4256896972656,7.690971374511719,8.4324862463926,0.38646049322205817
492.8185729980469,79.40229034423828,-6.731717586517334,0.17497491836547852,332.33941650390625,73.2465591430664,-6.303954601287842,0.23935097455978394,462.08721923828125,125.06200408935547,-6.661809921264648,0.29392144083976746,27.759395599365234,11,1.5177631378173828,0.8941529989242554,50.88358688354492,1333.993338469206,246.49827568772417,8.433263159295715,0.3491903166495136,0.4919973313808441,0.49127745628356934,26.641666412353516,0,6.958162307739258,0.0005095470696687698,257.8245544433594,9.106578826904297,8.433263159295715,0.3491903166495137
3791.79296875,155.03140258789062,-8.947111129760742,0.044402241706848145,2122.1630859375,76.2743148803711,-8.316946983337402,0.039032768458127975,3472.968505859375,169.27940368652344,-8.851752281188965,0.05293380469083786,80.40296173095703,82,2.8590281009674072,2.398505449295044,-16.90239906311035,189.86246876602064,273.9478583501606,8.435319389353316,0.4329713728525755,0.125979483127594,0.12500526010990143,-23.229238510131836,3,9.600029945373535,0.0007032152498140931,3118.9970703125,17.1541690826416,8.435319389353316,0.4329713728525755
458.4508361816406,77.28498840332031,-6.653232097625732,0.18307633697986603,372.500732421875,73.28531646728516,-6.4278178215026855,0.21365824341773987,424.59771728515625,92.7481918334961,-6.569943904876709,0.23722344636917114,25.876049041748047,10,1.0925889015197754,1.0706408023834229,-26.937997817993164,559.3691965179115,247.13185380549757,8.43334031736027,0.40591082876157475,0.42004260420799255,0.41968876123428345,1.7275550365447998,0,6.4547505378723145,0.0004727883206214756,353.4375,6.555533409118652,8.433340317360267,0.4059108287616
48318.359375,179.29623413085938,-11.710280418395996,0.004029849544167519,41631.734375,124.54846954345703,-11.548561096191406,0.003248955123126507,47170.19921875,165.01846313476562,-11.684168815612793,0.003799221944063902,2915.327392578125,166,1.9972130060195923,1.9148451089859009,-22.504518508911133,165.19803531586925,281.8222747567017,8.43589726674534,0.43477741950592685,0.006294380873441696,0.006220345385372639,-68.55561828613281,0,3.499457597732544,0.0002563408634159714,48294.77734375,11.983278274536133,8.435897266745338,0.4347774195059394
1226.7691650390625,118.5961685180664,-7.721907138824463,0.10498750954866409,759.2447509765625,73.84612274169922,-7.200954437255859,0.10562718659639359,968.281494140625,117.79888153076172,-7.465003967285156,0.13212023675441742,37.7049674987793,29,2.1652019023895264,1.5700509548187256,-45.410396575927734,917.6871195121428,261.8448858219006,8.434404025077946,0.37967051063653123,0.3120375871658325,0.31103140115737915,-63.81995391845703,0,11.046662330627441,0.0008090574410744011,472.8739929199219,12.9912109375,8.434404025077946,0.37967051063653123
846.5382690429688,103.7777328491211,-7.319116592407227,0.13313351571559906,486.850341796875,73.47691345214844,-6.718488693237305,0.1639023721218109,493.89691162109375,165.84121704101562,-6.734090805053711,0.3646582067012787,31.973514556884766,19,2.2311782836914062,1.2695780992507935,-24.058467864990234,955.8418722109592,258.365995514881,8.434147654942134,0.3768768304052026,0.35630491375923157,0.35521551966667175,-18.49209976196289,0,10.079618453979492,0.0007382232579402626,486.14208984375,13.387069702148438,8.434147654942132,0.3768768304052153
6645.00341796875,147.9873046875,-9.556238174438477,0.024185722693800926,4449.1875,79.93743896484375,-9.120701789855957,0.019511891528964043,6404.11083984375,163.24398803710938,-9.516146659851074,0.027682682499289513,213.0686492919922,105,2.725222110748291,2.291156768798828,-15.926785469055176,749.5888233328625,280.21806201548367,8.435756687777499,0.39197898743061316,0.05407021939754486,0.0538938082754612,-39.375282287597656,3,5.540510654449463,0.0004058050108142197,5686.3916015625,16.351333618164062,8.435756687777499,0.3919789874306132
593.161376953125,82.72618865966797,-6.932932376861572,0.1514607071876526,460.8389892578125,73.37620544433594,-6.658873081207275,0.1729162633419037,456.062255859375,99.86897277832031,-6.647560119628906,0.23781336843967438,32.718994140625,14,1.9004778861999512,1.2805650234222412,59.45339584350586,1559.6898608374108,263.4749582487741,8.434497555299064,0.3326674265557715,0.3105453550815582,0.31026342511177063,66.59684753417969,3,9.339093208312988,0.0006838432746008039,232.99246215820312,11.402867317199707,8.434497555299064,0.3326674265557715
1534.9549560546875,102.22408294677734,-7.96523904800415,0.07232482731342316,1288.4080810546875,74.75004577636719,-7.7751336097717285,0.06300686299800873,1780.231201171875,118.20036315917969,-8.126191139221191,0.07210613787174225,67.47747802734375,34,1.8992204666137695,1.3730182647705078,45.79941177368164,197.55533207451614,271.7180134320935,8.435155721205767,0.43240805495274254,0.16779954731464386,0.16655327379703522,29.626724243164062,3,6.840566158294678,0.0005010802415199578,1686.23095703125,11.395322799682617,8.435155721205765,0.4324080549527552
796.72607421875,93.10107421875,-7.253272533416748,0.12690405547618866,394.48944091796875,73.26494598388672,-6.49008846282959,0.20169292390346527,418.11590576171875,93.30351257324219,-6.553241729736328,0.24234336614608765,45.66764450073242,19,1.9951955080032349,1.0898598432540894,-70.17137908935547,1010.7808349542353,272.0775311560819,8.435149913957853,0.37285337210262354,0.2517309784889221,0.25081998109817505,-72.68282318115234,0,8.824752807617188,0.0006463070749305189,-226.01744079589844,11.971173286437988,8.435149913957853,0.37285337210262354
377.1087951660156,63.80117416381836,-6.441166877746582,0.1837349683046341,456.18115234375,73.42557525634766,-6.647843360900879,0.1747993528842926,542.4529418945312,102.05244445800781,-6.835905075073242,0.20431073009967804,44.01372528076172,9,1.0856599807739258,0.7220199108123779,53.03156661987305,1557.9915886419765,266.12093920792796,8.434691440420734,0.3327916103456783,0.3341948986053467,0.33361107110977173,19.768590927124023,3,5.268336772918701,0.00038576748920604587,559.8950805664062,6.513959884643555,8.434691440420734,0.33279161034569094
292905.53125,346.0754089355469,-13.666818618774414,0.0012831368949264288,248054.75,257.4505920410156,-13.486369132995605,0.0011271355906501412,284504.59375,298.9468078613281,-13.635223388671875,0.0011411282466724515,16435.470703125,410,2.227654218673706,2.1561381816864014,-19.43589210510254,1282.9504988366798,326.4724303806932,8.43912351589957,0.35292329703480396,0.002291664481163025,0.0022563168313354254,-68.67498779296875,0,3.5461764335632324,0.00025969117996282876,292035.03125,13.365924835205078,8.43912351589957,0.3529232970348039
1907.3460693359375,129.4266357421875,-8.20107364654541,0.07369261980056763,1193.3677978515625,74.6216812133789,-7.6919355392456055,0.06790793687105179,1465.2587890625,113.33472442626953,-7.914785861968994,0.08399984240531921,85.38494110107422,36,1.7473198175430298,1.63753080368042,-67.35340118408203,1600.7293130424714,326.33486567151874,8.439100266977473,0.3296603525532685,0.16188712418079376,0.16160555183887482,-51.23811721801758,0,5.652430534362793,0.0004138843505643308,1306.2042236328125,10.483919143676758,8.439100266977473,0.3296603525532685
894.0016479492188,108.65840148925781,-7.378345966339111,0.13199418783187866,443.9020080566406,73.43358612060547,-6.618217945098877,0.17965424060821533,551.1902465820312,101.02983093261719,-6.8532538414001465,0.1990572214126587,30.604957580566406,19,1.8455324172973633,1.3789241313934326,-58.111541748046875,318.99354834247913,281.93654246956737,8.435899603818786,0.42351341891677924,0.44079354405403137,0.4398250877857208,-86.07933807373047,0,9.55119514465332,0.0006996238371357322,315.18707275390625,11.07319450378418,8.435899603818786,0.42351341891677924
1441.67333984375,129.16351318359375,-7.897167205810547,0.09729775041341782,727.6435546875,73.90713500976562,-7.154796600341797,0.11030558496713638,927.603271484375,118.64398956298828,-7.418405532836914,0.13890352845191956,41.70304489135742,34,2.1900839805603027,1.5882140398025513,85.67235565185547,434.95231275439977,291.24701882138606,8.436577140494752,0.4150203693277928,0.24200360476970673,0.2409890592098236,83.10498809814453,2,11.17455005645752,0.0008185170008800924,860.188232421875,13.140503883361816,8.43657714049475,0.41502036932780545
705.3389892578125,96.50186157226562,-7.120994567871094,0.14858248829841614,391.5992431640625,73.20278930664062,-6.482104778289795,0.20300914347171783,363.9151916503906,82.4852294921875,-6.402500629425049,0.24615339934825897,32.4960823059082,15,1.735657811164856,0.9630085229873657,-51.82222366333008,1507.6299366520207,280.4299274119474,8.435741627598048,0.3364774296785119,0.32007813453674316,0.3186693787574768,-53.061283111572266,2,7.7295308113098145,0.0005659966263920069,-1.7409433126449585,10.413947105407715,8.435741627598048,0.33647742967852456
460.6171875,67.00712585449219,-6.658350467681885,0.15798310935497284,447.9814453125,73.4118423461914,-6.62814998626709,0.17796553671360016,447.94146728515625,76.68293762207031,-6.628053188323975,0.18591195344924927,43.96129608154297,11,1.6724191904067993,0.8514968752861023,-63.6402702331543,1810.0625003974012,284.9962310857955,8.436063598374163,0.3143407534716566,0.3372790515422821,0.3361322283744812,-31.783111572265625,0,7.129443645477295,0.0005219875602051616,60.35610580444336,10.034515380859375,8.436063598374162,0.3143407534716693
1184.498779296875,72.44491577148438,-7.683836460113525,0.06642065197229385,1250.9324951171875,74.6883773803711,-7.74308443069458,0.0648408979177475,1289.53759765625,98.78826141357422,-7.776084899902344,0.0831957533955574,80.9157485961914,22,1.4874763488769531,1.1426082849502563,54.590415954589844,745.0389655616941,283.8926871167053,8.436026066452463,0.39231199000880507,0.10885816812515259,0.1080915555357933,71.2292251586914,3,5.0333404541015625,0.00036865859874524176,1462.105712890625,8.924858093261719,8.436026066452465,0.3923119900087924
4488.3603515625,68.1390151977539,-9.130219459533691,0.016486860811710358,2937.467041015625,77.46916198730469,-8.66993236541748,0.028640834614634514,4355.2373046875,84.59210205078125,-9.097529411315918,0.02109345979988575,415.4976501464844,27,3.390810966491699,0.42903849482536316,-5.281767845153809,1917.3488830302779,280.2609815670282,8.435712283586641,0.3064893339206119,0.055199526250362396,0.008413387462496758,-5.583163738250732,19,7.206698894500732,0.000527617463376373,1725.7470703125,20.344865798950195,8.435712283586641,0.3064893339206119
993.4217529296875,89.07434844970703,-7.492834091186523,0.0973753035068512,821.089599609375,74.03409576416016,-7.285976409912109,0.09791991859674454,876.26171875,86.338623046875,-7.356584548950195,0.10700426995754242,77.69406127929688,23,1.3625203371047974,1.3193503618240356,-46.282405853271484,1665.731054493113,285.9860237580127,8.436142092134363,0.32490442967680977,0.16649413108825684,0.16622711718082428,58.78221130371094,0,4.840978622436523,0.0003544585488270968,639.4364013671875,8.175122261047363,8.436142092134363,0.32490442967680977
390.603515625,69.23406219482422,-6.479340553283691,0.19249235093593597,390.9991149902344,73.23043823242188,-6.480439186096191,0.20339754223823547,462.12176513671875,104.9972152709961,-6.661890983581543,0.24674659967422485,41.36155319213867,9,0.9813126921653748,0.7508812546730042,-46.52798843383789,776.6187961882277,280.58398047603924,8.435782418916215,0.38999958270080876,0.3552834689617157,0.3541809022426605,-59.400901794433594,2,4.025580406188965,0.0002948446199297905,503.109375,5.887876033782959,8.435782418916215,0.3899995827008087
842.6607055664062,97.35812377929688,-7.314131736755371,0.12547270953655243,662.371826171875,73.71312713623047,-7.0527544021606445,0.12085727602243423,592.9140625,89.52178192138672,-6.932479381561279,0.16397090256214142,41.74779510498047,20,1.6621989011764526,1.182234287261963,-7.279514312744141,468.12678452202715,284.6274435436859,8.43609087019766,0.4125911165049475,0.2705855667591095,0.26988983154296875,3.9442203044891357,0,8.386285781860352,0.0006142775528132915,406.5462341308594,9.973193168640137,8.43609087019766,0.4125911165049475
585.345703125,77.81912231445312,-6.9185309410095215,0.1443789005279541,454.55120849609375,73.42284393310547,-6.643957138061523,0.1754196435213089,408.9776306152344,93.85205841064453,-6.5292487144470215,0.24921493232250214,40.283287048339844,14,1.419363021850586,0.9110108017921448,-27.654069900512695,1457.9922891297763,282.3235160216432,8.435882366156969,0.34011097024664766,0.23684997856616974,0.235181525349617,-23.36336326599121,0,6.790232181549072,0.0004972259630449116,358.61505126953125,8.516178131103516,8.435882366156969,0.34011097024664766
1848.234619140625,92.31876373291016,-8.166893005371094,0.05424537509679794,1657.0494384765625,75.38179779052734,-8.048338890075684,0.04940385743975639,1808.943115234375,96.21526336669922,-8.143562316894531,0.057762887328863144,103.00479125976562,35,1.5523083209991455,1.401262640953064,-70.88302612304688,531.3430441616255,293.3601820061849,8.436728138957166,0.4079609985331061,0.0947079211473465,0.09453033655881882,-21.881488800048828,0,4.549223899841309,0.00033321656519547105,1457.521484375,9.313850402832031,8.436728138957166,0.4079609985331061
377.0,63.6850700378418,-6.440853595733643,0.1834535449743271,384.2273864746094,73.21907043457031,-6.461470603942871,0.2069501280784607,388.20538330078125,74.5040283203125,-6.472653865814209,0.2084241509437561,38.592369079589844,9,1.8437079191207886,0.6967547535896301,76.13505554199219,1793.7370607698008,291.858367920956,8.436566902040482,0.31553523789643456,0.3693782687187195,0.36710071563720703,78.24978637695312,0,6.767787933349609,0.0004955123877152801,-362.9169921875,11.062247276306152,8.436566902040482,0.3155352378964346
7206.39990234375,164.7987823486328,-9.644295692443848,0.024835074320435524,3836.323974609375,78.8030014038086,-8.95978832244873,0.022307829931378365,6968.60693359375,173.92379760742188,-9.607865333557129,0.027104591950774193,135.2220916748047,123,3.6447479724884033,1.9696221351623535,-89.81207275390625,538.0483616321319,323.89947700467275,8.438965200212694,0.40746841566938025,0.08139646053314209,0.07965501397848129,-88.77349853515625,0,10.253705978393555,0.0007510503637604415,5255.41259765625,21.868488311767578,8.438965200212692,0.4074684156693929
1714.72314453125,47.0275764465332,-8.085485458374023,0.029784370213747025,2039.4935302734375,75.80953216552734,-8.273805618286133,0.04036744683980942,2118.812255859375,59.69465255737305,-8.315231323242188,0.030596572905778885,249.31748962402344,13,1.5519156455993652,0.5355653166770935,-4.300563812255859,1910.1805982065596,281.99644505704447,8.43583969645523,0.3070138339548156,0.03980620205402374,0.03816571831703186,-12.7739839553833,19,4.9353556632995605,0.00036132903187535703,1515.1395263671875,9.311493873596191,8.43583969645523,0.30701383395482823
1675.290771484375,134.1182861328125,-8.060225486755371,0.08694159984588623,918.9498291015625,74.08323669433594,-7.408229351043701,0.08755036443471909,1100.85986328125,118.38111877441406,-7.604330062866211,0.11678316444158554,48.21489715576172,29,2.044832944869995,1.2362431287765503,73.33621978759766,581.4541853713292,310.86678735658637,8.438008688451571,0.4042902688563301,0.22632230818271637,0.2252030372619629,76.48087310791016,3,8.580150604248047,0.0006284623523242772,1057.591552734375,12.268997192382812,8.438008688451573,0.4042902688563175
2077.957275390625,108.2552490234375,-8.29409122467041,0.05657729506492615,1595.029296875,75.41980743408203,-8.006921768188477,0.05135072395205498,1849.575439453125,118.71516418457031,-8.167679786682129,0.06970500946044922,85.5618667602539,43,2.0853779315948486,1.6530507802963257,25.51105308532715,1858.008939123877,308.7874747963976,8.437804186935487,0.31083061541521645,0.10944142192602158,0.10918352752923965,-15.855525016784668,0,7.930385589599609,0.0005806160042993724,1628.7796630859375,12.51226806640625,8.437804186935487,0.3108306154152165
8661.837890625,120.74641418457031,-9.844024658203125,0.015138889662921429,7383.099609375,84.20492553710938,-9.670597076416016,0.012385929934680462,8407.0458984375,124.90348815917969,-9.81160831451416,0.016134703531861305,492.2117919921875,84,1.9075266122817993,1.7591062784194946,-77.98011016845703,622.5066216112167,329.006512671356,8.439335961746503,0.4012829646660985,0.022916585206985474,0.022762028500437737,-45.97439193725586,0,3.5677387714385986,0.0002613202959764749,8470.5400390625,11.445159912109375,8.4393359617465,0.4012829646661237
1129.60107421875,109.19624328613281,-7.632312774658203,0.10498141497373581,784.0752563476562,73.85904693603516,-7.235894203186035,0.10230003297328949,844.84375,92.17236328125,-7.316940784454346,0.11848248541355133,49.895782470703125,17,1.734278917312622,0.8778477311134338,-49.85626983642578,2019.3108571568675,307.8895120077948,8.437731592965187,0.2990266168230689,0.24426418542861938,0.24380549788475037,9.251089096069336,2,6.8197479248046875,0.000499263231176883,699.7506713867188,10.40567398071289,8.437731592965187,0.29902661682306886
2824.88427734375,115.26858520507812,-8.627501487731934,0.04431391507387161,2197.21923828125,76.17516326904297,-8.354683876037598,0.037650421261787415,2606.844970703125,119.05709838867188,-8.540287971496582,0.049598656594753265,102.86072540283203,54,2.0233893394470215,1.6567928791046143,3.304497241973877,858.8239765726296,311.6363652625316,8.438053956064884,0.38397834846697354,0.09098531305789948,0.09076032042503357,27.90045928955078,0,5.723371982574463,0.00041918596252799034,2062.451416015625,12.140336036682129,8.438053956064882,0.3839783484669863
931.61181640625,90.7158432006836,-7.4230875968933105,0.10574941337108612,766.7738037109375,73.91545104980469,-7.211668014526367,0.10468821972608566,839.701416015625,88.68490600585938,-7.310312271118164,0.11469768732786179,55.299381256103516,22,1.9030156135559082,0.9888235330581665,85.08677673339844,411.2791046156689,316.3883762034033,8.438419977823008,0.416752867604547,0.21906085312366486,0.21718446910381317,88.75337982177734,0,8.205192565917969,0.0006010187207721174,275.553466796875,11.41809368133545,8.438419977823006,0.4167528676045596
8065.95751953125,119.79415130615234,-9.766639709472656,0.01612907648086548,6880.3388671875,83.44245147705078,-9.594024658203125,0.013170645572245121,7709.15283203125,122.08485412597656,-9.717516899108887,0.01719827763736248,458.7765808105469,82,1.891187071800232,1.7018264532089233,-57.169307708740234,1428.053290446335,332.3446307948497,8.43954766829367,0.34230023195471865,0.0235569067299366,0.023390745744109154,-79.3396224975586,0,3.489605665206909,0.0002555347455199808,7921.04736328125,11.347122192382812,8.43954766829367,0.34230023195471865
380.4225158691406,65.93124389648438,-6.450665473937988,0.18821528553962708,366.4826965332031,73.13190460205078,-6.4101338386535645,0.2167121320962906,508.44549560546875,96.73274993896484,-6.765611171722412,0.20661363005638123,40.56201934814453,9,1.21554696559906,0.7394476532936096,-80.10383605957031,578.3965063379814,310.90029470418125,8.438011265111633,0.40451419274866657,0.4445231258869171,0.4438001215457916,-79.98114776611328,3,3.957160234451294,0.00028984667733311653,494.7435302734375,7.293281555175781,8.438011265111633,0.4045141927486665
3316.155029296875,95.90483093261719,-8.801587104797363,0.03140765428543091,2941.603759765625,77.36732482910156,-8.671460151672363,0.028562961146235466,3210.44775390625,103.20428466796875,-8.766413688659668,0.03491097316145897,213.7772674560547,47,1.7161741256713867,1.4247108697891235,31.133834838867188,1653.9676030517362,322.19583362553857,8.438794865254446,0.3257637055159083,0.04798457399010658,0.047666098922491074,79.12138366699219,0,3.5379247665405273,0.0002590494405012578,3117.201171875,10.29704475402832,8.438794865254446,0.3257637055159082
435.2610778808594,73.26754760742188,-6.596874713897705,0.18280650675296783,392.9019470214844,73.29090881347656,-6.485710620880127,0.20257963240146637,352.0324401855469,105.86390686035156,-6.366456508636475,0.3265841007232666,29.600122451782227,10,1.8818397521972656,0.7805610299110413,74.57298278808594,388.9329289687307,320.3133527707464,8.438708416942053,0.41838924889488766,0.4064798057079315,0.40532994270324707,73.9813003540039,0,7.24187707901001,0.0005304592195898294,-17.429996490478516,11.291038513183594,8.438708416942053,0.41838924889488766
516.2915649414062,82.53048706054688,-6.782237529754639,0.17359979450702667,323.2210693359375,73.1165542602539,-6.273749351501465,0.24566644430160522,335.28955078125,75.81332397460938,-6.313549995422363,0.2455587089061737,30.377378463745117,11,2.0132484436035156,0.7015756368637085,-53.95038604736328,798.631084500645,318.2013793806454,8.438537315626037,0.38838579575953247,0.541144073009491,0.5377254486083984,-72.53872680664062,0,7.100027084350586,0.0005200219457037747,-112.12340545654297,12.079490661621094,8.438537315626037,0.3883857957595325
483731.78125,420.8124084472656,-14.211511611938477,0.0009447431075386703,412006.3125,326.4791564941406,-14.037260055541992,0.0008605604525655508,470323.09375,368.0790710449219,-14.180991172790527,0.000849913340061903,26693.603515625,503,2.25778865814209,2.1624767780303955,-32.65802001953125,1143.926936021703,378.59572313132355,8.44294745236234,0.36309931027969733,0.001763541135005653,0.0017439768416807055,-49.294647216796875,0,3.625296115875244,0.00026549730682745576,482149.5625,13.546731948852539,8.442947452362338,0.36309931027971
592.9993896484375,87.74829864501953,-6.93263578414917,0.16069941222667694,416.85235595703125,73.1592025756836,-6.54995584487915,0.19059719145298004,402.5453796386719,86.87744903564453,-6.51203727722168,0.2343807965517044,32.363887786865234,13,1.757105827331543,1.0643330812454224,2.065020799636841,1870.354651857768,317.07440657348536,8.438410641320884,0.3099267092558827,0.40005120635032654,0.3995114266872406,-88.24256134033203,0,7.582099914550781,0.0005551133072003722,163.48651123046875,10.542634963989258,8.438410641320884,0.3099267092558827
4579.25634765625,163.37159729003906,-9.151987075805664,0.038744620978832245,2482.54931640625,76.71641540527344,-8.487244606018066,0.03355986997485161,4250.4755859375,167.6673126220703,-9.071093559265137,0.042839135974645615,96.28570556640625,96,2.8890843391418457,2.315288543701172,87.30844116210938,998.7203812752942,347.4796092698882,8.440674029966143,0.37373277351419076,0.1177486777305603,0.11715288460254669,-89.683349609375,2,9.333433151245117,0.0006835625972598791,3138.12158203125,17.33450698852539,8.440674029966143,0.3737327735141907
419.273193359375,74.24523162841797,-6.556242942810059,0.19230975210666656,385.90869140625,73.27918243408203,-6.466211318969727,0.2062176614999771,393.0669250488281,93.83121490478516,-6.486166477203369,0.2592451572418213,29.807199478149414,9,1.0812169313430786,1.036097526550293,-43.22030258178711,1236.5664260948533,324.4728249210747,8.438978945131634,0.3563192929144418,0.5437395572662354,0.5424674153327942,22.295337677001953,0,6.314971923828125,0.0004624612629413605,323.76531982421875,6.487301826477051,8.438978945131634,0.3563192929144418
1173.7764892578125,106.1478500366211,-7.67396354675293,0.09820997714996338,846.6395263671875,73.87796783447266,-7.319246292114258,0.09476462006568909,913.61376953125,99.90702819824219,-7.401906490325928,0.11875809729099274,48.981414794921875,28,1.7376126050949097,1.3857804536819458,-46.48684310913086,2023.7731682370927,335.11467245659287,8.439725445122221,0.29869878596350347,0.1951437145471573,0.19492989778518677,8.746355056762695,0,6.758579254150391,0.0004947834531776607,639.1268310546875,10.425675392150879,8.439725445122221,0.2986987859634908
695.9161376953125,92.58732604980469,-7.1063923835754395,0.14448556303977966,405.8321838378906,73.22669219970703,-6.520866394042969,0.195953369140625,353.7427673339844,89.77888488769531,-6.371718883514404,0.2756236493587494,31.856060028076172,16,1.6561272144317627,1.195540428161621,84.47463989257812,1491.2012905198915,331.89448383701694,8.439512070806517,0.3376775575856707,0.2880820631980896,0.28708916902542114,-63.83699035644531,0,8.4181547164917,0.0006164244841784239,-71.49463653564453,9.936763763427734,8.439512070806517,0.3376775575856707
9557.0478515625,122.35089874267578,-9.950809478759766,0.013903150334954262,8206.6103515625,85.37433624267578,-9.785409927368164,0.011297786608338356,9314.7138671875,123.69123840332031,-9.922924041748047,0.014421128667891026,591.6392822265625,87,1.8360240459442139,1.7768207788467407,-5.650779724121094,1454.099199373849,347.20305899646434,8.440634969587718,0.3403928286195132,0.02080508880317211,0.020680366083979607,-47.48220443725586,0,3.516170024871826,0.0002574772806838155,9303.904296875,11.016143798828125,8.440634969587718,0.34039282861951314
4436.27490234375,165.40701293945312,-9.117546081542969,0.040491633117198944,2359.16796875,76.65540313720703,-8.431897163391113,0.03528692200779915,3900.4951171875,165.83639526367188,-8.977799415588379,0.04617319628596306,94.44567108154297,95,3.3775269985198975,1.9244166612625122,70.257568359375,1749.5617294889632,361.44801793368003,8.44166593436156,0.31876505369879027,0.1191316470503807,0.11792099475860596,65.46652221679688,1,10.436108589172363,0.0007641068659722805,2925.520751953125,20.265161514282227,8.44166593436156,0.3187650536987902
1549.7276611328125,129.0379638671875,-7.975638389587402,0.09042571485042572,951.201904296875,74.3628158569336,-7.445682048797607,0.08490101993083954,1412.3759765625,172.40208435058594,-7.874876022338867,0.13256290555000305,39.72703552246094,37,2.9115097522735596,1.6284526586532593,40.24818801879883,1828.9617759880532,348.03908545142184,8.440680405680038,0.3129545594417024,0.23925241827964783,0.2382328361272812,61.73799133300781,3,13.053377151489258,0.0009557035518810153,1647.60693359375,17.469058990478516,8.440680405680036,0.31295455944171513
694.4951782226562,92.32852172851562,-7.104173183441162,0.1443764865398407,486.4713134765625,73.47628021240234,-6.7176432609558105,0.16402865946292877,545.0448608398438,94.0301513671875,-6.841080665588379,0.18735475838184357,34.50172424316406,16,1.3794808387756348,1.1221359968185425,59.12478256225586,1350.4351580787802,337.72969235391616,8.439945346772042,0.34798218202770526,0.3162074089050293,0.3152737319469452,64.74930572509766,1,6.2750678062438965,0.00045952017535455525,467.0430908203125,8.276885032653809,8.439945346772042,0.34798218202770526
1054.6954345703125,109.28851318359375,-7.557817459106445,0.11253231763839722,676.1110229492188,73.90657806396484,-7.075045108795166,0.11871207505464554,711.7048950195312,102.25615692138672,-7.130749702453613,0.15603403747081757,41.806495666503906,25,2.009145975112915,1.269914984703064,-77.97256469726562,1857.6195519651044,352.88895239719636,8.441034411918455,0.310857006632565,0.2545989155769348,0.25399550795555115,-50.589630126953125,0,9.563631057739258,0.0007001919439062476,-46.920738220214844,12.054876327514648,8.441034411918455,0.31085700663256505
547.7326049804688,78.49407196044922,-6.846421718597412,0.15563170611858368,410.1940002441406,73.34852600097656,-6.532473087310791,0.19419226050376892,398.3755798339844,99.79792785644531,-6.500731945037842,0.2720562219619751,33.13798904418945,13,2.0356876850128174,1.2214654684066772,87.0009994506836,1630.8176072106771,350.78879578770614,8.440890208661887,0.3274568143610981,0.46300214529037476,0.4618928134441376,39.0804443359375,0,9.440500259399414,0.000691246532369405,-118.6843490600586,12.214126586914062,8.440890208661886,0.32745681436111074
722.7589111328125,91.88143920898438,-7.147483825683594,0.1380588263273239,433.34381103515625,73.30149841308594,-6.592081546783447,0.18370039761066437,398.137939453125,133.12777709960938,-6.500083923339844,0.3631323575973511,38.706233978271484,13,1.984344720840454,0.7375927567481995,-69.4406967163086,1816.011036274966,346.912863001256,8.440598466397985,0.31390242892368175,0.3137568533420563,0.3125591278076172,-48.51046371459961,0,7.228794574737549,0.0005292593850754201,799.0901489257812,11.906068801879883,8.440598466397985,0.31390242892368175
2994.98193359375,141.6585235595703,-8.690985679626465,0.051366306841373444,1835.505859375,75.78314208984375,-8.15938949584961,0.04483804479241371,2222.028076171875,133.23611450195312,-8.366873741149902,0.06511817872524261,92.4586410522461,54,2.614126205444336,1.6449893712997437,49.26774215698242,1230.7683931404247,372.1277323848694,8.44247004321333,0.3567414928715509,0.10241372138261795,0.10185520350933075,38.88502502441406,2,12.429560661315918,0.0009102483163587749,1943.87109375,15.684757232666016,8.44247004321333,0.3567414928715508
1407.591552734375,109.22000122070312,-7.871191501617432,0.08426657319068909,1008.5406494140625,74.2600326538086,-7.509233474731445,0.07996345311403275,1120.7413330078125,105.26851654052734,-7.623763561248779,0.10200534760951996,63.388671875,33,1.8753201961517334,1.451703667640686,-42.68167495727539,1424.919340661298,355.4722027499534,8.441241905572879,0.34252854536333144,0.1554512083530426,0.15513570606708527,4.93432092666626,0,6.454855442047119,0.0004726724873762578,714.6300048828125,11.251920700073242,8.441241905572879,0.34252854536333144
924.5404052734375,101.17665100097656,-7.4148149490356445,0.11884590983390808,635.3175659179688,73.72492980957031,-7.007477283477783,0.1260240077972412,760.838134765625,117.58216857910156,-7.203230857849121,0.16783364117145538,43.8317985534668,22,2.242741107940674,1.5046930313110352,-67.17591857910156,1086.7452682889182,369.86479971698253,8.442310242506261,0.36728645787038944,0.2723849415779114,0.27163994312286377,-89.3781967163086,0,8.619531631469727,0.0006312602199614048,404.6488037109375,13.456446647644043,8.44231024250626,0.3672864578704021
1839.743896484375,117.83592987060547,-8.161893844604492,0.06955849379301071,1275.050048828125,74.69998931884766,-7.763818264007568,0.0636243149638176,1497.2769775390625,115.20537567138672,-7.938255310058594,0.08356038480997086,81.51883697509766,42,2.4010331630706787,1.3412814140319824,-74.5040283203125,1988.2094790354458,378.6684042495887,8.442916974754606,0.30129913079571263,0.1518142968416214,0.15094368159770966,-71.4447250366211,0,8.187126159667969,0.0005993747035972774,722.433837890625,14.406198501586914,8.442916974754604,0.30129913079572535
1171.6229248046875,111.38109588623047,-7.671969413757324,0.10324129462242126,777.1456298828125,74.01779174804688,-7.226255893707275,0.10343405604362488,867.556884765625,97.72637176513672,-7.345745086669922,0.12233300507068634,46.521297454833984,28,1.9932198524475098,1.1561177968978882,-83.35749816894531,278.0586376670503,370.57377676190555,8.442395043624359,0.42650701272627106,0.22869518399238586,0.22690309584140778,-80.70194244384766,0,9.086182594299316,0.0006655638571828604,227.3551025390625,11.959319114685059,8.442395043624357,0.42650701272628366
714.8189697265625,89.34567260742188,-7.1354899406433105,0.13573981821537018,217.10702514648438,72.93789672851562,-5.841684818267822,0.3648456335067749,188.73512268066406,67.5099868774414,-5.689631938934326,0.3884589374065399,20.45021629333496,9,1.44137704372406,0.799961268901825,-69.39305877685547,259.52362753557117,360.2252588164929,8.441637622248065,0.427865024018767,0.3965923488140106,0.395444393157959,-76.97808074951172,1,6.407887935638428,0.00046938005834817886,148.0683135986328,8.648262023925781,8.441637622248065,0.427865024018767
451.4338073730469,77.74699401855469,-6.6364850997924805,0.18703347444534302,201.18099975585938,73.02606201171875,-5.758967399597168,0.3942037522792816,173.54312133789062,74.14893341064453,-5.598518371582031,0.46401000022888184,29.03298568725586,9,2.302717924118042,0.5930756330490112,23.358266830444336,1118.2592140696877,359.2639975817873,8.441532387583905,0.36497956493408734,0.5207836627960205,0.517439067363739,0.35299941897392273,16,6.9803314208984375,0.0005112069193273783,-21.53457260131836,13.816307067871094,8.441532387583905,0.3649795649340873
31695.189453125,158.26803588867188,-11.252483367919922,0.005422876216471195,27769.486328125,110.05426788330078,-11.108919143676758,0.00430396618321538,30879.537109375,146.4297637939453,-11.224177360534668,0.005149776581674814,2017.2655029296875,138,1.8679107427597046,1.8259479999542236,-81.75929260253906,17.186871395810606,398.40175493038686,8.444444282741141,0.4456121245618939,0.00795318465679884,0.007808972615748644,-79.31199645996094,0,3.394308567047119,0.00024864188162609935,31418.59375,11.207464218139648,8.444444282741141,0.4456121245618939
1290.197265625,124.68612670898438,-7.77664041519165,0.10495226830244064,723.4435424804688,73.75804901123047,-7.1485114097595215,0.11072217673063278,836.24951171875,104.43463134765625,-7.305839538574219,0.13562460243701935,39.29416275024414,30,2.114023208618164,1.2793644666671753,-19.987220764160156,1752.5354702527186,377.0811575187359,8.442810875886348,0.3185466657935489,0.23990462720394135,0.23933419585227966,-52.88703155517578,0,9.635817527770996,0.0007055102614685893,575.1487426757812,12.684139251708984,8.442810875886348,0.3185466657935489
2538.898193359375,93.16836547851562,-8.511612892150879,0.039852265268564224,2275.5478515625,76.3014907836914,-8.392714500427246,0.03641471266746521,2507.826416015625,98.17870330810547,-8.49824333190918,0.04251572862267494,145.11151123046875,41,1.5501455068588257,1.4437179565429688,88.24105834960938,1798.2008692327918,382.24484598969474,8.443187136165777,0.31520423000265085,0.06414768099784851,0.06410001963376999,75.89115905761719,0,4.435085296630859,0.0003247190616093576,2421.404296875,9.300872802734375,8.443187136165779,0.31520423000263825
376.38165283203125,61.41655731201172,-6.439071178436279,0.17720943689346313,225.38174438476562,72.80789184570312,-5.882297039031982,0.3508242070674896,260.3978271484375,55.73563766479492,-6.039093494415283,0.2324478030204773,41.060569763183594,9,1.0131127834320068,0.7262417078018188,-19.97208023071289,235.8707069947445,370.3447190215156,8.442379952026622,0.429596854229335,0.23337769508361816,0.2317647784948349,9.501564979553223,0,5.1011481285095215,0.0003736621292773634,155.54212951660156,6.078676700592041,8.44237995202662,0.4295968542293475
677.4818725585938,77.37908172607422,-7.077244281768799,0.12403827160596848,612.6849975585938,73.68717193603516,-6.968092918395996,0.13061243295669556,620.9592895507812,80.94619750976562,-6.9826579093933105,0.14156736433506012,54.062538146972656,16,1.367680311203003,1.0146784782409668,-46.28114318847656,265.13584555602284,375.74287149289364,8.442774264767118,0.42745321345111226,0.2000148892402649,0.1995227336883545,70.91192626953125,0,5.601207733154297,0.000410289823776111,501.70989990234375,8.20608139038086,8.442774264767115,0.4274532134511248
465.5537109375,73.13294219970703,-6.669924259185791,0.17059765756130219,326.737548828125,73.32305145263672,-6.285497665405273,0.24370886385440826,372.9871520996094,62.19748306274414,-6.429234504699707,0.18109595775604248,30.35149383544922,11,1.1640877723693848,0.7882238626480103,-59.78071975708008,446.15505534586345,375.3505848681728,8.4427382442692,0.4141957333411247,0.2810225188732147,0.28022369742393494,-52.05531311035156,1,5.679185390472412,0.00041598855750635266,164.4937744140625,6.984526634216309,8.4427382442692,0.41419573334112464
1164.961669921875,96.6805419921875,-7.665779113769531,0.09012749046087265,926.8575439453125,74.20954132080078,-7.417532444000244,0.08695139735937119,1085.125,105.22691345214844,-7.5886993408203125,0.10531176626682281,53.443634033203125,27,1.8559776544570923,1.432091474533081,-73.2757339477539,526.5670462748035,389.23480106406214,8.44375216078257,0.4083060240298183,0.2109663188457489,0.21082676947116852,-45.713165283203125,0,7.953777313232422,0.0005825880216434598,598.0874633789062,11.135866165161133,8.44375216078257,0.4083060240298183
853571.1875,536.0928344726562,-14.828099250793457,0.0006820717826485634,720732.9375,427.231201171875,-14.64443588256836,0.0006437517004087567,829738.75,474.80242919921875,-14.797353744506836,0.000621443148702383,47579.12890625,664,2.3308377265930176,2.2677552700042725,-37.5886116027832,260.8493360006421,459.75639828775434,8.44892950630271,0.42776300008939,0.0013272833311930299,0.001304742181673646,-68.4678726196289,4,3.5719196796417236,0.00026164311566390097,849654.9375,13.985026359558105,8.448929506302706,0.4277630000894025
2153.720947265625,131.94464111328125,-8.33297348022461,0.06653223931789398,1223.896240234375,74.70005798339844,-7.719361305236816,0.06628360599279404,1549.9300537109375,121.03335571289062,-7.975780487060547,0.08480526506900787,68.26139831542969,40,2.1388871669769287,1.6624782085418701,21.554460525512695,1488.9585092047687,420.9796668124496,8.446037620030758,0.33783750397280526,0.15600192546844482,0.1553930938243866,27.208768844604492,0,7.863523960113525,0.0005758101469837129,1257.718505859375,12.833322525024414,8.446037620030756,0.33783750397281787
580.7280883789062,86.0704345703125,-6.9099321365356445,0.16095741093158722,333.516357421875,73.21987915039062,-6.307792663574219,0.23841945827007294,643.98681640625,180.4881134033203,-7.022192478179932,0.30436971783638,28.433088302612305,13,2.4717416763305664,0.8661889433860779,58.35103225708008,974.9057650531054,400.4596549383797,8.444556096815473,0.37547398092729645,0.7327730059623718,0.729974627494812,44.456607818603516,0,8.756098747253418,0.0006412843358702958,-66.60303497314453,14.830450057983398,8.444556096815472,0.375473980927309
3320.04443359375,108.91848754882812,-8.80285930633545,0.03562767803668976,2746.4951171875,77.08385467529297,-8.596946716308594,0.03047996200621128,3112.294921875,113.73230743408203,-8.732702255249023,0.03968559950590134,179.9129638671875,55,2.05349063873291,1.4827247858047485,-76.53795623779297,1159.7971317772326,409.0312208469878,8.445176302644684,0.36193589385201486,0.057675089687108994,0.05740039050579071,-55.315738677978516,0,3.8631820678710938,0.0002829170261975378,2779.189208984375,12.320943832397461,8.445176302644684,0.3619358938520148
13576.77734375,143.4663848876953,-10.331992149353027,0.01147580798715353,11177.75390625,89.5744857788086,-10.12088680267334,0.008702811785042286,13011.685546875,145.03289794921875,-10.285834312438965,0.012104944325983524,842.8309936523438,120,2.5181548595428467,1.741788625717163,-64.68286895751953,2030.3637571783831,434.114044270548,8.446976103674698,0.298211877144667,0.015777792781591415,0.015536072663962841,-78.9203872680664,16,3.4787728786468506,0.00025467315572313964,12477.73046875,15.108928680419922,8.4469761036747,0.29821187714465436
550.8129272460938,79.72406005859375,-6.852510452270508,0.15718644857406616,588.4081420898438,73.53260803222656,-6.924196720123291,0.1357160061597824,799.5718383789062,149.44198608398438,-7.257143497467041,0.20297612249851227,42.6769905090332,13,1.8872939348220825,0.7865720391273499,33.45103073120117,976.4926069336883,399.94726908926316,8.444518495916881,0.37535781258490664,0.4069902300834656,0.4060043394565582,-77.91098022460938,2,7.2805986404418945,0.0005332193104550242,796.737548828125,11.323763847351074,8.444518495916881,0.3753578125849067
3946.0126953125,107.5787124633789,-8.990396499633789,0.029607223346829414,3240.2177734375,77.94818115234375,-8.776435852050781,0.026125319302082062,3916.2060546875,119.08750915527344,-8.982163429260254,0.03302406147122383,174.27735900878906,58,1.9766178131103516,1.635215163230896,-47.166465759277344,341.980668051704,413.3165785065997,8.445523910768788,0.4218233211725558,0.05731847509741783,0.05664883181452751,-50.17620086669922,0,5.351562976837158,0.00039199768798425794,3571.510009765625,11.85970687866211,8.445523910768788,0.4218233211725558
2688.73681640625,98.90637969970703,-8.573870658874512,0.03994899243116379,2288.417724609375,76.37718963623047,-8.39883804321289,0.03624584153294563,2339.424560546875,106.18958282470703,-8.422772407531738,0.04929497838020325,159.1034393310547,45,1.766755223274231,1.5100170373916626,-34.992210388183594,353.18612570552824,413.58426823646676,8.445543067725538,0.4210026409468545,0.06179194524884224,0.06149052456021309,-66.63015747070312,0,4.085273742675781,0.0002992424415424466,2062.514404296875,10.600531578063965,8.445543067725538,0.42100264094685447
538.7376098632812,84.73870086669922,-6.8284430503845215,0.1708182692527771,254.6791229248047,72.97245025634766,-6.014983177185059,0.3111683428287506,236.99436950683594,69.13239288330078,-5.936845302581787,0.3167914152145386,25.99630355834961,10,1.4248501062393188,0.8267793655395508,-44.665592193603516,878.8334037561742,404.6961238268645,8.444870418220777,0.3825086086637643,0.3835363984107971,0.3826027810573578,-72.46868896484375,1,6.47778844833374,0.0004744360048789531,21.34000015258789,8.549100875854492,8.444870418220779,0.38250860866375164
7838.32958984375,115.72743225097656,-9.73555850982666,0.016034027561545372,6733.3623046875,83.27600860595703,-9.570579528808594,0.013431291095912457,7635.9912109375,121.14824676513672,-9.70716381072998,0.017229851335287094,488.9798889160156,77,1.8306517601013184,1.7391139268875122,-32.396507263183594,1082.1569224210223,426.81615499217065,8.446482372615396,0.367619688349505,0.024543488398194313,0.024425506591796875,-69.0977783203125,0,3.462615966796875,0.0002535880485083908,7573.86572265625,10.98391056060791,8.446482372615396,0.367619688349505
597.3603515625,83.99597930908203,-6.940590858459473,0.15270453691482544,473.9734191894531,73.39820861816406,-6.689384937286377,0.16817495226860046,579.17626953125,101.06388854980469,-6.907026767730713,0.18950255215168,38.024208068847656,14,2.1351916790008545,1.2120423316955566,68.36180114746094,42.992082282374476,418.9879715771331,8.445951494029462,0.4437210616217291,0.3159925043582916,0.3151906132698059,61.401485443115234,2,9.632162094116211,0.0007055782480165362,242.59393310546875,12.811149597167969,8.44595149402946,0.44372106162172903
405.4825134277344,72.2083740234375,-6.519930362701416,0.1933950036764145,307.45953369140625,73.37655639648438,-6.219470024108887,0.25917860865592957,307.66082763671875,66.15904235839844,-6.220180511474609,0.23353223502635956,40.2362060546875,9,1.2483761310577393,0.8226853013038635,32.408931732177734,1358.1673668360436,413.39088090948087,8.445487303893932,0.34741250983715344,0.3948371112346649,0.3935718834400177,9.422844886779785,1,5.615939140319824,0.0004112502792850137,70.73129272460938,7.4902567863464355,8.445487303893934,0.34741250983714084
2132.19677734375,148.12181091308594,-8.322068214416504,0.07544345408678055,856.1264038085938,74.31846618652344,-7.3313446044921875,0.09427329152822495,1619.076416015625,182.88031005859375,-8.023168563842773,0.12266747653484344,48.448482513427734,26,2.463639974594116,1.3501501083374023,28.315603256225586,1384.259749707984,423.91609864590316,8.446257178407986,0.34550184489448305,0.30492717027664185,0.3017001152038574,1.9682985544204712,2,10.926602363586426,0.000800136651378125,1356.8131103515625,14.781839370727539,8.446257178407986,0.34550184489448305
1949.7177734375,100.68595123291016,-8.224929809570312,0.05608244612812996,1596.0286865234375,75.19854736328125,-8.007601737976074,0.05116801708936691,1751.2630615234375,100.93262481689453,-8.108378410339355,0.06259072571992874,111.74978637695312,39,1.7542903423309326,1.3657360076904297,-12.71347713470459,58.6957235469928,422.5090920580549,8.446208835447258,0.4425707200517253,0.08776816725730896,0.08744808286428452,-48.5501594543457,0,4.197927474975586,0.000307507230900228,1528.0120849609375,10.525741577148438,8.446208835447258,0.4425707200517253
439.8379211425781,76.62776947021484,-6.608231544494629,0.1892009675502777,165.2979278564453,72.85050964355469,-5.545668601989746,0.4786245822906494,163.4552764892578,100.03384399414062,-5.533497333526611,0.6646267771720886,27.18009376525879,9,1.9198579788208008,1.26311457157135,-75.93156433105469,1885.066770190969,422.08560501914434,8.446101500655612,0.3088450708111949,0.3371640741825104,0.21639962494373322,-78.12454223632812,0,9.322318077087402,0.0006825157324783504,-692.2557983398438,11.519147872924805,8.446101500655612,0.3088450708111949
2861.248779296875,110.17772674560547,-8.641388893127441,0.04181845858693123,2328.43115234375,76.38665771484375,-8.417658805847168,0.03562738373875618,2545.793701171875,113.11822509765625,-8.514557838439941,0.04825465381145477,123.27068328857422,52,1.8809629678726196,1.622622013092041,74.30535888671875,1304.8641728986017,440.50708550131424,8.44747586665242,0.351313535614872,0.07200800627470016,0.07165749371051788,61.61418151855469,0,5.649779319763184,0.0004137359210290015,2207.658203125,11.285778045654297,8.44747586665242,0.351313535614872
423.0030822753906,69.63317108154297,-6.565858840942383,0.17877322435379028,231.70907592773438,73.0487289428711,-5.912357807159424,0.34237292408943176,271.9952392578125,77.76136779785156,-6.0864033699035645,0.31047913432121277,33.952457427978516,10,2.315617084503174,0.6356345415115356,59.02174377441406,1462.326140610113,436.67493148339406,8.447188431843,0.33978634603813734,0.7198954820632935,0.7165269255638123,46.657344818115234,0,7.249327182769775,0.0005308405961841345,-606.6558227539062,13.893702507019043,8.447188431842998,0.33978634603814994
49759.2578125,253.58978271484375,-11.74218463897705,0.005534618627279997,25239.9765625,107.15191650390625,-11.00522232055664,0.004610423929989338,48571.51171875,254.59616088867188,-11.715953826904297,0.005692461039870977,874.0372314453125,378,3.6591203212738037,3.5761468410491943,-39.976436614990234,300.01926094768805,491.60818823732586,8.451261437285261,0.42489267421337,0.01531465444713831,0.015064743347465992,-26.97393798828125,0,6.442702770233154,0.0004719242569990456,48980.234375,21.954721450805664,8.45126143728526,0.42489267421337
845.7357788085938,98.39374542236328,-7.318086624145508,0.12634631991386414,581.3160400390625,73.80558776855469,-6.9110307693481445,0.13788174092769623,597.9788208007812,102.63170623779297,-6.941714286804199,0.18639127910137177,34.508522033691406,20,1.7542803287506104,1.4380767345428467,71.58728790283203,748.3188361301726,444.7965425499858,8.447813471390402,0.3920639527684127,0.32178348302841187,0.32023096084594727,61.6101188659668,0,9.509481430053711,0.0006965012289583683,162.90000915527344,10.52568244934082,8.447813471390404,0.39206395276840017
3594.1748046875,136.93753051757812,-8.888998031616211,0.04137644171714783,2343.05859375,76.51995849609375,-8.424457550048828,0.0354667492210865,3256.927734375,151.10350036621094,-8.782020568847656,0.05038441717624664,129.83009338378906,72,2.871802806854248,1.882751226425171,62.76312255859375,844.4705729878597,463.6026454397609,8.449187149216877,0.38502204915200594,0.0965309664607048,0.09647729247808456,68.15972137451172,0,9.150089263916016,0.0006701609818264842,2312.28369140625,17.230815887451172,8.449187149216876,0.3850220491520185
4452.84423828125,192.41038513183594,-9.121593475341797,0.04692678898572922,1793.679443359375,75.54879760742188,-8.13436222076416,0.0457417257130146,3395.94921875,177.98597717285156,-8.82740306854248,0.05691862851381302,70.55970764160156,93,2.9536752700805664,2.6007673740386963,-84.72573852539062,1850.449438927671,463.77061935285326,8.449156215061674,0.3113765671301779,0.16057424247264862,0.15993185341358185,-83.77622985839844,2,11.990753173828125,0.0008778910851106048,2907.647216796875,17.7220516204834,8.449156215061672,0.3113765671301906
1645.4671630859375,99.81930541992188,-8.040722846984863,0.06588023900985718,1362.2750244140625,74.81537628173828,-7.835661888122559,0.05964250862598419,1506.3681640625,97.99295043945312,-7.944828033447266,0.0706469714641571,101.0417251586914,35,1.7020872831344604,1.360909342765808,-83.64270782470703,1089.4990108471568,460.06597600273506,8.448917753352092,0.36708053449166156,0.10719514638185501,0.10682331770658493,80.11593627929688,0,5.1237664222717285,0.0003752426418941468,1169.678466796875,10.212523460388184,8.44891775335209,0.36708053449167405
5844.810546875,137.10122680664062,-9.416926383972168,0.02547420933842659,4085.669677734375,79.24406433105469,-9.028158187866211,0.021063633263111115,5620.2822265625,146.71408081054688,-9.374395370483398,0.02834937535226345,188.6590576171875,91,2.323162794113159,2.1261985301971436,-7.808009147644043,1751.7532651991883,465.8606923464024,8.449313656237369,0.31859977431845277,0.05625703185796738,0.0562155544757843,22.199350357055664,0,5.755222320556641,0.00042138173012062907,5086.47314453125,13.938976287841797,8.449313656237369,0.31859977431845277
380.0614013671875,58.4747428894043,-6.449634552001953,0.16708765923976898,322.14898681640625,73.172119140625,-6.270142078399658,0.24667134881019592,282.651123046875,54.83632278442383,-6.128126621246338,0.21069170534610748,53.11373519897461,9,0.969298779964447,0.7190377116203308,-43.576595306396484,764.8594405730719,448.86222874625327,8.448110627790525,0.3908525029994101,0.19285067915916443,0.19234350323677063,79.21113586425781,0,3.388960599899292,0.00024821594706736505,248.4231719970703,5.815792560577393,8.448110627790525,0.3908525029994101
2778.759521484375,152.5765838623047,-8.609627723693848,0.059630267322063446,1536.141357421875,75.1005630493164,-7.96607780456543,0.0530935637652874,2376.1318359375,153.150146484375,-8.439676284790039,0.06999656558036804,61.998695373535156,65,2.639521598815918,2.174875259399414,40.9821662902832,1317.730956272201,471.23639983555574,8.449726284982832,0.35037011572626886,0.15711532533168793,0.1568911075592041,-56.044124603271484,0,9.882292747497559,0.00072368053952232,1951.6531982421875,15.837129592895508,8.449726284982832,0.35037011572626886
2371.41650390625,104.79751586914062,-8.437520027160645,0.04799245670437813,1950.043212890625,75.80284118652344,-8.22511100769043,0.04221541807055473,2090.899169921875,102.8865737915039,-8.300832748413086,0.05343864485621452,138.4630584716797,45,1.7453365325927734,1.438925862312317,-35.60208511352539,411.8422374965263,464.12015513611215,8.449243012532152,0.41670434063997497,0.07478614896535873,0.07457605749368668,-41.7354850769043,0,3.8875575065612793,0.0002847562136594206,1551.286376953125,10.47201919555664,8.44924301253215,0.41670434063998757
669.489990234375,81.32818603515625,-7.06436014175415,0.13192491233348846,554.9883422851562,73.50525665283203,-6.8607096672058105,0.1438349187374115,586.5913696289062,90.67754364013672,-6.920839309692383,0.16787804663181305,41.994930267333984,16,1.64834725856781,1.2114160060882568,37.1173095703125,745.8275277365506,458.68034451824326,8.44883067348337,0.392245724186937,0.2618991732597351,0.2612183690071106,65.58812713623047,0,8.45418643951416,0.0006192083819769323,156.47683715820312,9.890083312988281,8.448830673483366,0.39224572418694953
715.0358276367188,89.23334503173828,-7.135819435119629,0.1355280578136444,577.2050170898438,73.59944915771484,-6.903325080871582,0.1384759247303009,738.7520141601562,101.7745590209961,-7.171246528625488,0.1496133655309677,38.40595626831055,17,1.7663170099258423,1.1389362812042236,71.22967529296875,685.6770788829622,467.5224478351827,8.449480934299734,0.3966501304295367,0.3371323049068451,0.33665695786476135,-69.03450775146484,2,8.485864639282227,0.0006215374451130629,384.9439392089844,10.597902297973633,8.449480934299734,0.3966501304295366
1228.496826171875,104.04945373535156,-7.723434925079346,0.0919804647564888,978.4147338867188,74.21013641357422,-7.476307392120361,0.08237019181251526,1037.795654296875,96.86322021484375,-7.540279388427734,0.10136239975690842,55.891963958740234,29,1.753381371498108,1.3102768659591675,-47.10014343261719,364.2283305584901,468.29539084104545,8.44955085419906,0.4201912522362155,0.18304789066314697,0.18264639377593994,-71.33081817626953,0,6.6093220710754395,0.0004841243789996952,1031.0943603515625,10.520288467407227,8.44955085419906,0.42019125223621556
429.4512939453125,71.81816101074219,-6.582284927368164,0.18161436915397644,169.4034881591797,72.85743713378906,-5.572305679321289,0.4670693576335907,261.43145751953125,81.04806518554688,-6.043394565582275,0.3366779088973999,29.713096618652344,10,1.9299845695495605,0.813850462436676,28.60081672668457,1490.0089356512367,472.51156645684125,8.449812252090835,0.33775820638054127,0.2888316810131073,0.11635112017393112,30.34640884399414,0,7.490989685058594,0.0005485275178216398,-369.416015625,11.579907417297363,8.449812252090833,0.33775820638055387
1142.806884765625,86.54383850097656,-7.644932270050049,0.08224190026521683,961.9059448242188,74.29582977294922,-7.457831382751465,0.08388062566518784,978.369384765625,92.91658020019531,-7.47625732421875,0.10313834995031357,73.23518371582031,25,1.638708472251892,1.2709133625030518,15.343523979187012,1828.5554060883298,474.01635606333423,8.449907629396115,0.3129784159379513,0.1365409791469574,0.13581031560897827,6.343324184417725,0,6.340263843536377,0.00046420059516094625,873.9740600585938,9.832250595092773,8.449907629396115,0.3129784159379513
9639.357421875,122.2911148071289,-9.96012020111084,0.013777697458863258,8295.6923828125,85.45343780517578,-9.797131538391113,0.011186821386218071,9339.4580078125,126.6490707397461,-9.925804138183594,0.014726860448718071,579.5167846679688,87,1.9428391456604004,1.7533942461013794,33.18181228637695,528.8213379873756,493.3602981075997,8.451380323411437,0.40813587509212484,0.02065310627222061,0.02054513618350029,-64.76002502441406,0,3.5424938201904297,0.0002594746183604002,9570.388671875,11.657034873962402,8.451380323411437,0.40813587509212484
628.5316162109375,82.38048553466797,-6.9958176612854,0.1423400342464447,445.7677001953125,73.43671417236328,-6.622771739959717,0.17890992760658264,399.10107421875,86.26663970947266,-6.502707004547119,0.2347414642572403,35.5223503112793,15,1.3631298542022705,1.332784652709961,-76.60443878173828,763.6032868461208,475.2069433429221,8.450040633327214,0.39094323044761925,0.2858145236968994,0.28545528650283813,-46.19579315185547,0,8.061193466186523,0.0005904214340262115,109.94007873535156,8.178779602050781,8.450040633327214,0.39094323044761925
2435.592529296875,151.4562225341797,-8.466511726379395,0.06753242015838623,1316.7689208984375,74.76862335205078,-7.798773765563965,0.0616651251912117,2609.73486328125,182.68572998046875,-8.54149055480957,0.07602178305387497,67.16703796386719,58,2.5768723487854004,2.0091116428375244,-2.9778523445129395,1878.2023453636543,487.767051971282,8.450912582472698,0.3093444032184199,0.2387009859085083,0.23764486610889435,15.056519508361816,2,9.292045593261719,0.0006802984862588346,2382.699462890625,15.461234092712402,8.450912582472698,0.3093444032184199
571.9185180664062,87.11128997802734,-6.893335342407227,0.16541318595409393,331.9066467285156,73.15984344482422,-6.302539825439453,0.23937933146953583,343.4334411621094,94.32392883300781,-6.339606285095215,0.29826968908309937,26.315767288208008,12,1.7762389183044434,1.248958945274353,53.99541091918945,1104.7261879048222,478.7060522586934,8.450282566776437,0.365964746773276,0.44091030955314636,0.44035711884498596,5.8891401290893555,2,8.914085388183594,0.0006528256344608963,90.6384506225586,10.65743350982666,8.450282566776437,0.36596474677327606
603.62109375,86.20117950439453,-6.951910972595215,0.1550881564617157,176.6287078857422,72.95596313476562,-5.6176533699035645,0.44856905937194824,-52.403717041015625,135.49717712402344,99.0,99.0,24.658437728881836,9,1.7484925985336304,1.0654652118682861,14.358637809753418,264.4660329538207,477.30560068232654,8.450215058430794,0.42749725520455717,0.9124437570571899,0.9113902449607849,-38.625999450683594,1,8.163822174072266,0.0005979991401545703,650.7994995117188,10.490955352783203,8.45021505843079,0.42749725520458204
4374.42333984375,130.5031280517578,-9.102301597595215,0.032398875802755356,3043.36572265625,77.44763946533203,-8.708385467529297,0.027636554092168808,4362.55615234375,142.00926208496094,-9.099352836608887,0.035351306200027466,156.68199157714844,76,2.9487767219543457,1.6029964685440063,36.94695281982422,1694.5613326797943,498.42075429611015,8.451701078674331,0.3227842335156055,0.07359154522418976,0.07280634343624115,49.92275619506836,0,6.08920955657959,0.00044584585702978075,3715.2021484375,17.69266128540039,8.451701078674331,0.3227842335156055
5781.07666015625,101.65241241455078,-9.405021667480469,0.01909583993256092,5213.9140625,80.89790344238281,-9.292909622192383,0.016850128769874573,5694.751953125,109.52809143066406,-9.388687133789062,0.020887214690446854,345.2048034667969,59,1.671728491783142,1.5588922500610352,84.51802825927734,1523.6204528845142,499.6937686901357,8.451801853489378,0.335296527901311,0.029621044173836708,0.02942684292793274,-67.60112762451172,0,3.4840009212493896,0.00025511320563964546,5543.00732421875,10.030370712280273,8.451801853489378,0.335296527901311
1053.8470458984375,109.0207290649414,-7.556943893432617,0.11234696209430695,502.1046447753906,73.41674041748047,-6.751985549926758,0.15879276394844055,948.1738891601562,189.203857421875,-7.442220211029053,0.21670643985271454,37.11724853515625,13,2.1928558349609375,0.9702281355857849,51.503116607666016,1886.43279116405,489.71425862117957,8.45105483594424,0.30874198693075183,0.46026843786239624,0.45854946970939636,-22.151517868041992,1,8.728424072265625,0.00063903076807037,1122.6480712890625,13.157135009765625,8.45105483594424,0.30874198693075183
545.8759765625,84.10587310791016,-6.8427348136901855,0.16732551157474518,389.865478515625,73.19987487792969,-6.4772868156433105,0.20390383899211884,360.2310485839844,79.23604583740234,-6.391452789306641,0.23887543380260468,34.396488189697266,12,1.6707870960235596,0.9376108646392822,-50.68768310546875,396.6522645757959,489.91317603084195,8.451133267881067,0.41781555618892957,0.3775130808353424,0.37616270780563354,-30.105728149414062,0,7.4809489250183105,0.0005479661049321294,195.44554138183594,10.024723052978516,8.451133267881067,0.41781555618892957
1690.2841796875,109.89437866210938,-8.069899559020996,0.07060664147138596,1269.6810302734375,74.77537536621094,-7.759236812591553,0.06395784020423889,1513.018798828125,114.30803680419922,-7.949610710144043,0.08204691857099533,69.14615631103516,38,1.9471238851547241,1.5826359987258911,56.82534408569336,1074.309624318158,500.2179473131297,8.451859696444474,0.3681908016296726,0.15585900843143463,0.15546360611915588,16.223262786865234,0,7.037445068359375,0.0005153937381692231,1315.477783203125,11.682743072509766,8.451859696444473,0.36819080162968515
4416.322265625,100.87385559082031,-9.112651824951172,0.024805482476949692,3925.1904296875,78.96810913085938,-8.984651565551758,0.021848460659384727,4223.84375,105.40467071533203,-9.06427001953125,0.027100782841444016,292.71337890625,55,1.6441214084625244,1.4973375797271729,-11.99070930480957,1710.7518386771512,504.81181881941075,8.452168482778358,0.32159892043419036,0.03505914658308029,0.034935660660266876,-72.3531265258789,0,3.412792205810547,0.00024987946380861104,4232.61376953125,9.864728927612305,8.452168482778358,0.32159892043419036
878.9401245117188,96.68392181396484,-7.359898090362549,0.11946062743663788,663.0570068359375,73.88485717773438,-7.053877353668213,0.12101365625858307,690.9295654296875,93.1005859375,-7.0985846519470215,0.14633508026599884,38.764686584472656,21,1.7369474172592163,1.2174866199493408,5.154716491699219,1543.6826156859236,496.63374240236016,8.451576831582644,0.3338281067965968,0.26340410113334656,0.26252391934394836,2.5778088569641113,0,8.701830863952637,0.000637179589830339,150.88507080078125,10.421684265136719,8.451576831582642,0.3338281067966094
4754.21875,184.65174865722656,-9.192697525024414,0.042179759591817856,2160.25927734375,76.0879135131836,-8.336264610290527,0.038250721991062164,4029.25390625,188.71022033691406,-9.0130615234375,0.05086284130811691,79.72071075439453,107,3.9991159439086914,2.1424360275268555,50.03995132446289,198.71156855401017,534.7762670329843,8.45442822705545,0.43231028343920413,0.14241118729114532,0.1413668990135193,38.56001281738281,2,13.598542213439941,0.0009960985044017434,1413.21337890625,23.99469566345215,8.45442822705545,0.43231028343920413
2070.9560546875,153.79283142089844,-8.290427207946777,0.0806482657790184,968.9524536132812,74.2509994506836,-7.465755939483643,0.08322037011384964,1420.2025146484375,147.8379364013672,-7.880875587463379,0.11304866522550583,49.30864334106445,49,2.701495885848999,1.97607421875,63.75634002685547,1419.6260362181777,517.8733046783361,8.453138047380524,0.3429084352241046,0.2754838466644287,0.2742006182670593,63.48805618286133,0,13.853232383728027,0.0010144321713596582,362.35528564453125,16.208974838256836,8.453138047380522,0.3429084352241171
844.735107421875,98.07791900634766,-7.31680154800415,0.12608996033668518,485.574951171875,73.38905334472656,-6.715640544891357,0.1641363799571991,432.1061706542969,92.75814819335938,-6.5889763832092285,0.23312638700008392,41.72379684448242,20,1.6377114057540894,1.2571202516555786,-80.68505859375,534.1457325926174,511.2012981475573,8.45268713101768,0.4077450897844298,0.1940648853778839,0.19369377195835114,-39.76212692260742,0,7.096111297607422,0.0005197629798203707,-23.772422790527344,9.826268196105957,8.452687131017678,0.40774508978444224
2887.1083984375,168.9304962158203,-8.65115737915039,0.06354403495788574,1286.3699951171875,74.74669647216797,-7.773414611816406,0.06310385465621948,2847.89111328125,190.70960998535156,-8.636308670043945,0.07272420823574066,50.43437576293945,69,3.1965811252593994,2.3493406772613525,69.8315200805664,1289.9029275632647,530.1006436914242,8.454039377244577,0.352404696422703,0.24886123836040497,0.24849440157413483,85.1884765625,0,16.437150955200195,0.0012037015985697508,2313.4697265625,19.179487228393555,8.454039377244575,0.3524046964227156
1989.5589599609375,120.48237609863281,-8.246891975402832,0.06576526165008545,1397.036376953125,75.04043579101562,-7.8630194664001465,0.05833342298865318,1667.799072265625,118.08335876464844,-8.05535888671875,0.07689087092876434,84.36894226074219,45,2.105032205581665,1.6168806552886963,-71.39999389648438,1303.3032238238693,519.8704262630945,8.453289416113819,0.35142412058527406,0.13220451772212982,0.13180457055568695,89.9200439453125,0,6.9167327880859375,0.0005065140430815518,1376.9495849609375,12.630193710327148,8.453289416113819,0.351424120585274
423.02935791015625,69.64441680908203,-6.5659260749816895,0.17879098653793335,190.19435119628906,72.95005798339844,-5.697994232177734,0.41654109954833984,195.16146850585938,87.78677368164062,-5.725985050201416,0.48850029706954956,37.236080169677734,10,1.8918365240097046,1.042852520942688,-71.88125610351562,257.9503545857565,514.1288742576838,8.452913091451183,0.42797266144340407,0.4969906210899353,0.493428111076355,-50.07145690917969,0,8.40302562713623,0.0006155201699584723,-616.7188110351562,11.351018905639648,8.45291309145118,0.4279726614434165
547.64111328125,78.45156860351562,-6.846240043640137,0.15557342767715454,482.7377624511719,73.47003173828125,-6.709278106689453,0.1652832329273224,433.6458740234375,66.39276885986328,-6.592837810516357,0.16627056896686554,37.273841857910156,13,1.1252104043960571,0.9496768116950989,36.23872756958008,1883.3488029209198,515.5233674250414,8.45294533237353,0.30896650886708554,0.273426353931427,0.2728675901889801,63.52914047241211,2,5.638463020324707,0.000412807276006788,292.7364501953125,6.751262664794922,8.452945332373531,0.308966508867073
710.7551879882812,84.93688201904297,-7.129300117492676,0.12977950274944305,574.3347778320312,73.62315368652344,-6.897912979125977,0.13921280205249786,578.6886596679688,77.57148742675781,-6.906112194061279,0.14557506144046783,51.6024055480957,17,1.2858930826187134,1.1188240051269531,50.040184020996094,1353.3165123297085,522.4018232684009,8.453472662747444,0.3477625545989559,0.21775786578655243,0.21716943383216858,12.096616744995117,0,4.626327037811279,0.00033878086833283305,410.39556884765625,7.715358734130859,8.453472662747444,0.34776255459895594
708.9691772460938,94.68241882324219,-7.12656831741333,0.14503467082977295,453.17919921875,73.30614471435547,-6.640675067901611,0.1756710708141327,522.4370727539062,91.74128723144531,-6.7950849533081055,0.1907043755054474,34.46896743774414,16,2.097146511077881,0.9722855091094971,-67.87763977050781,1826.513442246767,529.7328658252055,8.453988655495325,0.3131253230899708,0.3869096040725708,0.3849588930606842,-89.26544952392578,0,8.543649673461914,0.0006255200132727623,-18.14117431640625,12.582879066467285,8.453988655495325,0.3131253230899708
922.1807250976562,94.13247680664062,-7.4120402336120605,0.11085448414087296,671.8396606445312,73.72891235351562,-7.068163871765137,0.1191796362400055,736.5546875,93.16082000732422,-7.168012619018555,0.13735932111740112,44.4146728515625,22,1.7209315299987793,1.181122064590454,68.98140716552734,610.6311172658052,524.8320256436988,8.453682502597136,0.4021431458059661,0.2399701327085495,0.2386152297258377,89.3805160522461,0,8.344820022583008,0.0006112155388109386,316.8573913574219,10.325589179992676,8.45368250259713,0.40214314580599103
1885.5155029296875,134.95663452148438,-8.188575744628906,0.0777309462428093,1087.3399658203125,74.39038848876953,-7.59091329574585,0.07429870963096619,1552.9862060546875,131.42529296875,-7.977919101715088,0.09190542995929718,57.54519271850586,45,2.8533174991607666,1.4688529968261719,17.506921768188477,361.0168606432838,530.694829923314,8.454122465400419,0.42042342758380213,0.23083411157131195,0.22950837016105652,31.367876052856445,0,12.270347595214844,0.000898784666787833,569.2704467773438,17.119905471801758,8.454122465400419,0.42042342758380213
1421.6353759765625,121.4673080444336,-7.881970405578613,0.09278996288776398,898.1194458007812,74.27499389648438,-7.383335113525391,0.08981282263994217,1075.4918212890625,116.5684585571289,-7.579017639160156,0.11770740151405334,42.45916748046875,34,1.975831389427185,1.6738133430480957,49.426055908203125,1710.1301361999913,535.7144214268516,8.454432006055267,0.3216430204445172,0.23427975177764893,0.23369184136390686,68.37122344970703,0,9.877568244934082,0.000723219767678529,383.0950012207031,11.854988098144531,8.454432006055267,0.32164302044451715
376.9317626953125,60.53701400756836,-6.440656661987305,0.1744167059659958,532.193603515625,73.43855285644531,-6.815174102783203,0.1498595029115677,681.3088989257812,128.99075317382812,-7.083360195159912,0.20561005175113678,39.9578971862793,9,1.2579405307769775,0.854934811592102,67.68412017822266,996.2242577010958,525.5927975342659,8.453721861227303,0.37390707065345724,0.3926853537559509,0.39171522855758667,-34.158912658691406,3,5.214167594909668,0.0003818728437181562,722.4598999023438,7.547643184661865,8.453721861227303,0.37390707065345724
535.7112426757812,83.36149597167969,-6.822327136993408,0.16899138689041138,238.64244079589844,73.11781311035156,-5.944369316101074,0.33274024724960327,455.1534118652344,112.6999740600586,-6.645394325256348,0.26890310645103455,25.297956466674805,9,1.8260607719421387,1.1811856031417847,-12.767640113830566,535.9119823733834,525.7915765778241,8.453755937513296,0.4076150417714323,0.6785550117492676,0.6758600473403931,-8.338096618652344,2,8.46873950958252,0.0006203025113791227,87.5750961303711,10.956364631652832,8.453755937513296,0.40761504177143226
1571.6956787109375,135.29437255859375,-7.9909210205078125,0.09348481893539429,800.3682861328125,73.99967193603516,-7.2582244873046875,0.10040833055973053,1557.3197021484375,163.44935607910156,-7.980944633483887,0.11398173123598099,43.61459732055664,20,1.8210488557815552,1.6489273309707642,-78.68877410888672,328.71821362115816,536.2737373904581,8.454532530957632,0.4227886423815068,0.3699663281440735,0.36894097924232483,-88.22970581054688,2,8.613114356994629,0.0006309011951088905,1320.5557861328125,10.92629337310791,8.454532530957632,0.4227886423815068
923.9025268554688,100.88939666748047,-7.414065361022949,0.11859031021595001,598.58056640625,73.57813262939453,-6.942806720733643,0.13349223136901855,646.4629516601562,98.51851654052734,-7.0263590812683105,0.16550230979919434,36.74453353881836,22,2.607147455215454,0.9042425155639648,73.47484588623047,1482.1562880784086,550.1568283189267,8.455500040081098,0.3383294804939232,0.3056889474391937,0.30389899015426636,70.99258422851562,0,9.19089126586914,0.0006730052409693599,-253.13473510742188,15.642885208129883,8.455500040081096,0.33832948049393574
24555.435546875,152.69837951660156,-10.975369453430176,0.0067533086985349655,20680.517578125,101.80640411376953,-10.78890323638916,0.005346179474145174,23940.90234375,146.69332885742188,-10.947851181030273,0.006654258817434311,1220.814453125,134,2.0575344562530518,1.91242253780365,-75.63358306884766,1944.9754894442476,565.6295819812678,8.456612470847668,0.3044543562181908,0.01120829302817583,0.010704634711146355,-79.93282318115234,0,4.069008827209473,0.0002978938864544034,24482.755859375,12.345207214355469,8.456612470847668,0.3044543562181908
669.0094604492188,83.33989715576172,-7.063580513000488,0.13528527319431305,695.0776977539062,73.71074676513672,-7.105083465576172,0.1151667982339859,709.6923217773438,89.68202209472656,-7.1276750564575195,0.13723507523536682,51.36500930786133,16,1.9757574796676636,1.0144095420837402,10.157224655151367,235.96926200770423,544.4181608273205,8.455133070504791,0.42958107151771313,0.28573843836784363,0.28515174984931946,-36.62556838989258,2,7.691503524780273,0.0005634021363221109,575.661376953125,11.854544639587402,8.455133070504791,0.4295810715177132
1818.5418701171875,93.15856170654297,-8.149308204650879,0.055632591247558594,1547.1136474609375,75.20227813720703,-7.9738054275512695,0.05278841033577919,1597.1278076171875,95.94420623779297,-8.008349418640137,0.06523924320936203,125.33650207519531,35,1.5612132549285889,1.3874130249023438,85.64057159423828,1613.1719142556396,552.9262802877067,8.455697059047155,0.32873903572428514,0.08876126259565353,0.08826255798339844,-49.039066314697266,0,4.117680549621582,0.00030150217935442924,1391.0509033203125,9.367279052734375,8.455697059047155,0.3287390357242852
1317.149658203125,130.57022094726562,-7.799088001251221,0.10765615105628967,263.4696044921875,73.04473876953125,-6.051826477050781,0.30108436942100525,102.93989562988281,113.24529266357422,-5.031459331512451,1.1947203874588013,35.73432540893555,17,2.1886019706726074,1.4271143674850464,88.46896362304688,613.351547123593,614.4660937104677,8.460248864165079,0.4019396960413333,0.3533586263656616,0.35209542512893677,38.97065353393555,0,10.58666706085205,0.0007754149846732616,-127.57034301757812,13.131611824035645,8.460248864165079,0.4019396960413333
624.7640991210938,89.22795867919922,-6.989290237426758,0.15510104596614838,440.16143798828125,73.37014770507812,-6.609029769897461,0.1810244619846344,376.9418640136719,101.33651733398438,-6.440685749053955,0.29195868968963623,34.4959831237793,14,1.9958174228668213,1.1074893474578857,0.44521573185920715,772.8421645514645,554.1722256827683,8.455825034016407,0.3902629467102803,0.33943697810173035,0.33886757493019104,23.209638595581055,0,8.897688865661621,0.0006516842404380441,128.41287231445312,11.974905014038086,8.455825034016407,0.3902629467102802
3024.638427734375,55.66604995727539,-8.70168399810791,0.019986961036920547,2612.685302734375,76.78820037841797,-8.542717933654785,0.03191811218857765,2935.80126953125,63.041053771972656,-8.669316291809082,0.023319898173213005,612.0626220703125,18,2.3354012966156006,0.32246628403663635,-89.71369171142578,1607.0131605103638,572.1945877476933,8.457108685239419,0.3291889693256872,0.0451083742082119,0.011853707954287529,89.08218383789062,3,5.161981105804443,0.0003779678954742849,2286.273193359375,14.012407302856445,8.457108685239419,0.3291889693256872
18322.052734375,146.50987243652344,-10.657435417175293,0.008684055879712105,15511.2314453125,95.3153076171875,-10.476615905761719,0.006673385389149189,17729.39453125,141.76182556152344,-10.621734619140625,0.008683508262038231,1117.36376953125,126,2.1499311923980713,1.787725806236267,-48.1129150390625,1809.3410023730285,591.9918816640127,8.458549563579025,0.31437932383963874,0.012431520968675613,0.012318032793700695,-62.17382049560547,0,3.4793527126312256,0.0002547407057136297,18089.337890625,12.899587631225586,8.458549563579028,0.31437932383962613
817.1350708007812,99.23002624511719,-7.280734539031982,0.1318800449371338,587.9861450195312,73.6174545288086,-6.923417568206787,0.1359701305627823,696.7576904296875,116.61897277832031,-7.1077046394348145,0.18176792562007904,33.81483840942383,19,1.636073112487793,0.9614093899726868,-38.718387603759766,1621.581151170635,564.5217640407486,8.456546017912519,0.3281229863967843,0.2782292366027832,0.27652430534362793,-44.5402946472168,0,7.496321678161621,0.0005488886381499469,493.49090576171875,9.816438674926758,8.456546017912517,0.3281229863967968
14847.431640625,239.6053466796875,-10.429128646850586,0.01752568408846855,5401.59130859375,81.28595733642578,-9.331304550170898,0.01634269393980503,13872.02734375,250.9996337890625,-10.35534954071045,0.019650019705295563,175.96078491210938,257,4.047654151916504,3.625413656234741,-71.31083679199219,453.53568879631143,610.4967001442072,8.459964909197975,0.4136438476179881,0.06703858822584152,0.06683755666017532,-34.09390640258789,0,10.31728458404541,0.0007557094213552773,12193.7978515625,24.285924911499023,8.459964909197975,0.4136438476179881
458.4287414550781,78.3638916015625,-6.65317964553833,0.18564103543758392,71.41401672363281,72.74958801269531,-4.634458541870117,1.106310248374939,85.62332916259766,70.3696517944336,-4.831480503082275,0.892530620098114,25.700159072875977,9,1.559004783630371,0.7848067283630371,-53.33232498168945,541.512317250893,567.827199396578,8.456835213670008,0.40720290656211233,0.4445287585258484,0.44280558824539185,-17.980545043945312,0,6.603103160858154,0.0004836496664211154,-196.9257354736328,9.354028701782227,8.456835213670011,0.40720290656209995
1798.5838623046875,137.43008422851562,-8.137327194213867,0.08298143744468689,1012.8682861328125,74.29544830322266,-7.513882637023926,0.07965976744890213,1301.9423828125,134.74078369140625,-7.786479473114014,0.11239244788885117,51.708683013916016,43,2.570561170578003,1.6861572265625,25.597379684448242,195.69440625902672,581.8762502049225,8.457879026357169,0.4325289764254995,0.19486424326896667,0.1945938766002655,22.90522575378418,0,10.80772590637207,0.0007916681934148073,932.0615844726562,15.42336654663086,8.457879026357173,0.43252897642548715
7286.54248046875,112.87472534179688,-9.656303405761719,0.01682306081056595,6311.02001953125,82.65010070800781,-9.500248908996582,0.014222424477338791,7078.11376953125,117.49610137939453,-9.624794006347656,0.01802751049399376,420.4524230957031,73,1.7703428268432617,1.6926579475402832,-80.96237182617188,1439.6559149506493,590.8065957836474,8.458479491947,0.3414388303541932,0.025494679808616638,0.025358544662594795,-52.94139099121094,0,3.568434000015259,0.0002613031829241663,6883.31689453125,10.62205696105957,8.458479491947,0.34143883035419315
5696.20947265625,65.21073150634766,-9.388964653015137,0.012432628311216831,5366.41796875,81.23274230957031,-9.324211120605469,0.016439039260149002,5621.24365234375,76.76893615722656,-9.374581336975098,0.014831426553428173,1071.728515625,23,1.6676692962646484,0.6496880054473877,88.08773803710938,1606.890497013206,582.6152094657203,8.457871971821403,0.3291974805047864,0.015738559886813164,0.01496924553066492,88.59133911132812,3,5.174907207489014,0.0003789142065215856,5632.40283203125,10.00601577758789,8.457871971821405,0.3291974805047739
1500.33251953125,111.36654663085938,-7.940468788146973,0.08061151206493378,1031.0889892578125,74.1843032836914,-7.53324031829834,0.07813502103090286,1103.167724609375,110.11927032470703,-7.606604099273682,0.10840557515621185,55.864891052246094,35,1.9281296730041504,1.487162470817566,-85.02886962890625,241.75340529994617,586.1717167085375,8.458191791230737,0.4291554279513311,0.1541144698858261,0.15334966778755188,-87.28372955322266,0,6.93930196762085,0.0005083017749711871,798.44775390625,11.568778038024902,8.458191791230737,0.42915542795133105
378.4496154785156,64.86389923095703,-6.4450201988220215,0.18613360822200775,426.21875,73.37538146972656,-6.5740814208984375,0.18695954978466034,516.2685546875,94.5489501953125,-6.78218936920166,0.19888904690742493,43.97005844116211,9,1.1900084018707275,0.9695261120796204,-13.642894744873047,503.7232999848633,573.5324350238387,8.45725477786583,0.4099700937521339,0.42085781693458557,0.41980740427970886,21.608366012573242,1,4.567231178283691,0.0003345330769661814,475.000244140625,7.140050411224365,8.45725477786583,0.4099700937521339
798.8500366210938,86.23818969726562,-7.256163120269775,0.11723686754703522,655.0452880859375,73.6439437866211,-7.04067850112915,0.12209434062242508,625.6488647460938,81.59872436523438,-6.990826606750488,0.1416388899087906,46.19683837890625,19,1.4819256067276,1.0867782831192017,-5.655539512634277,631.918270169295,577.8275643672702,8.457563986748056,0.40058173200230507,0.1975163072347641,0.19725114107131958,-5.421263694763184,0,7.586146831512451,0.0005556423566304147,306.7159729003906,8.89155387878418,8.457563986748054,0.4005817320023175
2755.533203125,114.59597778320312,-8.60051441192627,0.04516411945223808,2144.438720703125,76.39265441894531,-8.32828426361084,0.038687244057655334,2511.0693359375,119.3982925415039,-8.49964714050293,0.05163797736167908,121.6844253540039,53,2.0888123512268066,1.6228702068328857,37.284385681152344,361.2052499593144,596.4349830030119,8.458938660324584,0.42040647941048925,0.08422166854143143,0.08388244360685349,42.22487258911133,0,6.316839694976807,0.00046269732411019504,2234.534912109375,12.53287410736084,8.458938660324584,0.42040647941048925
1045.346435546875,102.65963745117188,-7.548150539398193,0.10665207356214523,699.9962158203125,73.8895263671875,-7.112739086151123,0.11463495343923569,708.2531127929688,104.28382873535156,-7.125471115112305,0.1599036157131195,46.24969482421875,25,2.158097505569458,1.2109488248825073,-78.10543060302734,1730.8087191159232,593.9298163819635,8.458695100657017,0.32012691685464284,0.2632710039615631,0.26147112250328064,89.09298706054688,0,9.679573059082031,0.0007087144767865539,387.7004089355469,12.948585510253906,8.458695100657017,0.3201269168546429
627.2680053710938,79.36483001708984,-6.993632793426514,0.13740570843219757,535.958984375,73.55904388427734,-6.822828769683838,0.14905080199241638,593.1061401367188,90.10609436035156,-6.932831287384033,0.1649876981973648,43.058876037597656,15,1.7280672788619995,1.1509807109832764,-54.93116760253906,1456.65010621238,591.4941511467861,8.458529093675358,0.34019475179539954,0.3128321170806885,0.31043851375579834,-52.61277389526367,0,8.437410354614258,0.0006178361945785582,491.77935791015625,10.368403434753418,8.45852909367536,0.34019475179538705
1003.6478881835938,100.35517120361328,-7.503953456878662,0.10858958959579468,678.6049194335938,73.71173858642578,-7.079042434692383,0.1179639920592308,827.6036987304688,107.88348388671875,-7.294556140899658,0.14156711101531982,42.68696594238281,24,2.2862627506256104,1.21926748752594,31.006284713745117,1149.9045685111128,591.853169579298,8.458569011432218,0.36265167588050146,0.23940010368824005,0.2378249168395996,45.63072967529297,2,9.998678207397461,0.0007322412566281855,294.37030029296875,13.71757698059082,8.458569011432214,0.362651675880514
854.2011108398438,104.70626831054688,-7.328900337219238,0.13311971724033356,468.3154296875,73.33152770996094,-6.676346302032471,0.17005214095115662,585.9746704101562,97.90869903564453,-6.919697284698486,0.18145638704299927,32.31218719482422,19,2.246610403060913,1.0918619632720947,-42.53726577758789,1935.0822131035054,593.6136778298581,8.458662556578034,0.30517710064961256,0.464687705039978,0.4616335928440094,-43.65511703491211,0,9.376267433166504,0.0006864431197755039,281.5453186035156,13.47966194152832,8.458662556578032,0.3051771006496251
575.7260131835938,85.150390625,-6.900539398193359,0.16062036156654358,254.18002319335938,73.08654022216797,-6.012853622436523,0.3122667968273163,253.5947265625,74.9843978881836,-6.010350704193115,0.3211149573326111,23.15163230895996,9,1.3108619451522827,1.0902994871139526,63.05219268798828,422.47174112612197,591.737483486276,8.458591924147324,0.4159197362346979,0.49990132451057434,0.49831753969192505,36.66620635986328,0,7.142505645751953,0.0005231703398749232,161.68746948242188,7.865171432495117,8.458591924147328,0.4159197362346856
495.53826904296875,79.82160949707031,-6.737692832946777,0.1749335527420044,372.4979553222656,73.31393432617188,-6.427809715270996,0.21374328434467316,283.07110595703125,92.56039428710938,-6.129738807678223,0.3551071882247925,32.53656768798828,11,1.4541000127792358,0.643526554107666,-64.70231628417969,64.27430276679554,590.8143151140985,8.458539350907799,0.4421538327629815,0.2712608277797699,0.26946040987968445,-68.63909912109375,2,5.7644944190979,0.0004222573770675808,379.41650390625,8.724599838256836,8.458539350907799,0.4421538327629815
1464.433349609375,124.44672393798828,-7.9141740798950195,0.09228766709566116,948.634521484375,74.04752349853516,-7.442747116088867,0.0847698524594307,1423.387451171875,140.191650390625,-7.883307933807373,0.10696183145046234,42.3493766784668,35,2.295766592025757,2.0606956481933594,-52.59115219116211,856.538699528067,612.8405353613832,8.460119263145959,0.3841313549224852,0.30024921894073486,0.2994159162044525,37.87249755859375,2,12.996100425720215,0.000951835885643959,1036.229736328125,13.774599075317383,8.460119263145959,0.3841313549224852
1767.7952880859375,94.75679016113281,-8.118579864501953,0.058211419731378555,1487.8642578125,75.04944610595703,-7.931408405303955,0.054778989404439926,1606.620849609375,101.27555847167969,-8.01478385925293,0.06845750659704208,94.61337280273438,35,1.7467448711395264,1.3606855869293213,-72.82221984863281,2007.4778677478816,615.4381887308058,8.460257658797326,0.29987839440826397,0.10020987689495087,0.10005512833595276,-1.3923447132110596,0,5.482369422912598,0.0004013534926343709,1231.619873046875,10.48046875,8.460257658797328,0.2998783944082514
923.876953125,100.87744903564453,-7.414035320281982,0.11857954412698746,572.8275756835938,73.73455047607422,-6.895060062408447,0.13979026675224304,652.2507934570312,97.45511627197266,-7.036036491394043,0.16226312518119812,57.34434127807617,22,2.057647943496704,1.1155551671981812,23.013437271118164,1338.9346095505277,610.9528755347941,8.459959709448194,0.34881141027782575,0.22465932369232178,0.2241331934928894,20.861982345581055,0,9.068360328674316,0.0006640666397288442,434.4274597167969,12.345888137817383,8.459959709448194,0.34881141027782575
444.6607971191406,75.1329574584961,-6.620071887969971,0.1834980547428131,279.678466796875,73.01456451416016,-6.116647720336914,0.2835177779197693,217.1853790283203,87.81761932373047,-5.842076301574707,0.4391176700592041,34.830841064453125,10,1.7169779539108276,1.0570930242538452,-5.839707851409912,223.329274849549,608.9328076365928,8.459860093924851,0.43050370548674194,0.4387750029563904,0.43679654598236084,-18.33014488220215,0,8.057272911071777,0.0005901935510337353,-119.66511535644531,10.301867485046387,8.459860093924851,0.43050370548674194
2022.4234619140625,93.23909759521484,-8.264679908752441,0.050067488104104996,1752.6851806640625,75.62091064453125,-8.109259605407715,0.04685628041625023,1824.36376953125,99.97773742675781,-8.152778625488281,0.059514351189136505,122.74616241455078,37,1.5651863813400269,1.4628016948699951,-51.68702697753906,1724.0866216074282,623.2319836238972,8.460841657698756,0.32061761640756065,0.07415501028299332,0.07392653077840805,60.09064865112305,0,4.364497661590576,0.0003195582248736173,1550.83642578125,9.391118049621582,8.460841657698756,0.32061761640756065
1925.815185546875,90.39176940917969,-8.211536407470703,0.05097346007823944,1704.927978515625,75.45985412597656,-8.079265594482422,0.048066191375255585,1728.6561279296875,92.21309661865234,-8.094271659851074,0.05793137475848198,117.12208557128906,35,1.5596882104873657,1.3113394975662231,-54.87159729003906,474.9717323749587,626.1883534440581,8.461113562600564,0.4120732292256822,0.07807605713605881,0.07776308804750443,-42.44565963745117,0,4.121757984161377,0.00030190456891432405,1411.7442626953125,9.358129501342773,8.461113562600564,0.4120732292256822
663.5336303710938,91.50624084472656,-7.054657459259033,0.14976750314235687,370.3052062988281,73.33887481689453,-6.4213995933532715,0.2150820940732956,373.7894287109375,93.24507904052734,-6.431567668914795,0.2709123194217682,30.7398681640625,15,2.200273275375366,0.9944821000099182,-70.98111724853516,2027.861389807993,627.9544840863334,8.461173411763921,0.2983862839916053,0.4757953882217407,0.4739147424697876,-61.218265533447266,0,8.852581977844238,0.0006480733281932771,-465.73193359375,13.201639175415039,8.46117341176392,0.29838628399161776
2451.722900390625,131.8740234375,-8.473678588867188,0.05841410160064697,1639.9002685546875,75.2702407836914,-8.037043571472168,0.04984661936759949,2157.94873046875,129.5835723876953,-8.335103034973145,0.06521367281675339,83.34107971191406,55,2.0822393894195557,1.9302120208740234,-26.865209579467773,814.8262313643262,638.14496251394,8.461974784574146,0.3871846503972989,0.13994449377059937,0.13923367857933044,34.86386489868164,0,7.110698223114014,0.0005207933136262,1896.521240234375,12.493436813354492,8.461974784574146,0.3871846503972989
532.1881713867188,84.20360565185547,-6.8151631355285645,0.17182853817939758,41.61546325683594,72.72806549072266,-4.0481367111206055,1.8979166746139526,58.47120666503906,225.6022491455078,-4.417355060577393,4.1901655197143555,25.85822868347168,11,2.930851697921753,0.7204462885856628,-29.11480712890625,771.4809355218141,634.8106850244313,8.461732418011342,0.39035887995420077,0.4303624927997589,0.11268272995948792,-28.81866455078125,16,8.695223808288574,0.0006368527538143098,-623.4290161132812,17.58510971069336,8.461732418011342,0.39035887995420077
553.0969848632812,85.02947998046875,-6.857003211975098,0.16695447266101837,345.06097412109375,73.23926544189453,-6.3447394371032715,0.23050373792648315,307.193359375,89.12850189208984,-6.21852970123291,0.31509000062942505,28.48224449157715,12,1.7340023517608643,1.1114779710769653,48.265716552734375,244.93603267627412,633.3466362940862,8.461647786955123,0.42892007458781334,0.4283340275287628,0.4270147383213043,58.05875015258789,1,8.30465316772461,0.0006083112675696611,17.183319091796875,10.404014587402344,8.461647786955123,0.4289200745878134
1653.98291015625,138.39393615722656,-8.046327590942383,0.09086902439594269,895.4447631835938,74.07254791259766,-7.380096912384033,0.08983556181192398,1205.71044921875,131.10000610351562,-7.7031073570251465,0.11808358132839203,39.83928680419922,39,2.1181249618530273,2.0205025672912598,30.791973114013672,694.3188679465434,645.8848540393747,8.462547037152055,0.3960088932730566,0.29373645782470703,0.29294610023498535,21.093292236328125,0,11.297586441040039,0.0008274688734672964,667.7412109375,12.708749771118164,8.462547037152058,0.3960088932730443
490.867919921875,79.08917236328125,-6.72741174697876,0.17497749626636505,268.2910461425781,72.90910339355469,-6.0715155601501465,0.2951245903968811,449.7527160644531,122.93460083007812,-6.632434368133545,0.29684528708457947,35.26358413696289,5,1.2792142629623413,0.5454537272453308,-36.36820602416992,1885.3310090184787,647.9899202340898,8.462647544066783,0.3088155668713173,0.9999222159385681,0.9976376295089722,-43.96750259399414,2,4.7657470703125,0.00034891103859990835,431.0141296386719,7.675285339355469,8.462647544066783,0.3088155668713173
7096.93310546875,172.23300170898438,-9.627676963806152,0.02635575644671917,3926.93505859375,78.99739074707031,-8.98513412475586,0.021846851333975792,6407.2587890625,175.03143310546875,-9.516680717468262,0.029666997492313385,160.42970275878906,128,2.9474754333496094,2.453561544418335,70.52983856201172,77.1526101219142,680.9684336403855,8.465143803579616,0.44120625702394084,0.06943589448928833,0.06921297311782837,83.64263153076172,0,6.912387371063232,0.000506338314153254,5687.2978515625,17.684852600097656,8.465143803579613,0.44120625702395294
3940.7021484375,121.43836212158203,-8.988933563232422,0.0334666408598423,2985.9140625,77.46479797363281,-8.68769359588623,0.028174545615911484,3724.54833984375,131.46119689941406,-8.92768383026123,0.038331322371959686,162.3767852783203,67,2.164354085922241,1.8175228834152222,12.088968276977539,465.217519821322,667.9466762023022,8.46417318282973,0.4127856248691383,0.06568693369626999,0.06519587337970734,8.492971420288086,0,4.979844093322754,0.00036475612432695925,3704.462158203125,12.986124038696289,8.46417318282973,0.41278562486913817
614.9366455078125,90.21088409423828,-6.972075939178467,0.15931563079357147,318.8665466308594,73.02307891845703,-6.259022235870361,0.2487029880285263,353.6406555175781,109.27919006347656,-6.371405601501465,0.3355869948863983,33.674808502197266,13,1.7277158498764038,0.5950730443000793,-16.837846755981445,1121.3659177780544,648.1291158907648,8.46269264212092,0.3647386353950242,0.3243785500526428,0.323518306016922,-24.845685958862305,16,6.046352386474609,0.0004427999665495008,193.13577270507812,10.366294860839844,8.46269264212092,0.3647386353950242
838.2860107421875,95.28755187988281,-7.308480739593506,0.12344507873058319,554.3485107421875,73.58977508544922,-6.859457015991211,0.1441665142774582,613.4608154296875,93.56057739257812,-6.9694671630859375,0.1656288206577301,38.660484313964844,15,2.1491219997406006,0.976390540599823,7.547586441040039,1840.8894012578044,659.1856998281139,8.463469643061686,0.31206748065950785,0.3027014136314392,0.3022926151752472,2.7682273387908936,2,8.667949676513672,0.0006346123409457505,207.42530822753906,12.894731521606445,8.463469643061687,0.3120674806594953
1560.41259765625,77.65068817138672,-7.98309850692749,0.05404253304004669,1477.53125,75.08842468261719,-7.92384147644043,0.055190734565258026,1571.73486328125,87.32340240478516,-7.99094820022583,0.0603366494178772,107.58936309814453,27,1.4361376762390137,1.2194122076034546,89.45452880859375,1143.8488314820731,665.8164672611224,8.46398728018408,0.36309171380979466,0.08484579622745514,0.08454801142215729,78.25479125976562,0,4.374168395996094,0.0003203362284693867,1402.671875,8.616826057434082,8.46398728018408,0.3630917138097946
685.208740234375,90.40860748291016,-7.08955717086792,0.14329026639461517,587.4468994140625,73.55953216552734,-6.922421455383301,0.13598786294460297,647.6195068359375,97.98607635498047,-7.028299808502197,0.1643138825893402,35.63766098022461,16,1.9666061401367188,1.1859805583953857,59.56645202636719,475.21617570231047,663.9101101247238,8.463877034037438,0.4120535597001478,0.3386344015598297,0.3383277952671051,51.076316833496094,0,9.141469955444336,0.0006695794290862978,366.16265869140625,11.799636840820312,8.463877034037438,0.4120535597001478
590.6051025390625,81.77399444580078,-6.928243160247803,0.15036538243293762,578.61279296875,73.45912170410156,-6.905970096588135,0.13787563145160675,607.8026123046875,81.57183074951172,-6.95940637588501,0.14574962854385376,45.69852828979492,14,1.822307825088501,0.7797918319702148,53.31407165527344,1500.8988194215885,665.9449054794363,8.463980493877246,0.33695231004496207,0.30258622765541077,0.30214717984199524,25.38668441772461,3,7.121757984161377,0.000521485460922122,87.2403793334961,10.933847427368164,8.463980493877246,0.33695231004496207
402.0146484375,71.60994720458984,-6.5106048583984375,0.19344669580459595,238.48773193359375,72.91639709472656,-5.943665027618408,0.33203890919685364,173.66744995117188,59.201175689697266,-5.5992960929870605,0.37020453810691833,30.15222930908203,9,1.5909931659698486,0.5419443845748901,-25.330856323242188,1298.3164047089397,662.3769390554836,8.463728372358325,0.3517827584061573,0.2744869887828827,0.2736123204231262,-49.836360931396484,0,5.529880523681641,0.0004049520939588547,12.24849796295166,9.54595947265625,8.463728372358322,0.35178275840616974
3308.87255859375,120.175048828125,-8.799200057983398,0.03944246843457222,2498.682861328125,76.74227142333984,-8.494277954101562,0.033354416489601135,3140.09814453125,127.25614166259766,-8.742358207702637,0.04401141777634621,114.9288558959961,61,2.1461997032165527,1.8032057285308838,23.60737419128418,370.33707683959665,679.491762780878,8.465023069706975,0.4197337635968652,0.08505421131849289,0.08430121839046478,36.06501388549805,0,7.132575035095215,0.0005224448395892978,2533.343505859375,12.877198219299316,8.465023069706975,0.4197337635968652
33482.3203125,295.376953125,-11.31203842163086,0.009580560028553009,11037.8818359375,89.4292221069336,-10.107213973999023,0.008798802271485329,32394.55078125,311.3370056152344,-11.276180267333984,0.010437310673296452,373.4742126464844,455,5.929872035980225,3.694554567337036,-32.42919921875,1295.466323663571,726.3104819270828,8.468411655832135,0.35198859574752267,0.040151555091142654,0.03919956088066101,-29.453224182128906,0,9.063054084777832,0.0006636837497353554,31278.884765625,35.57923126220703,8.468411655832139,0.35198859574751024
627.1073608398438,80.22438049316406,-6.993354797363281,0.13892944157123566,654.8467407226562,73.70057678222656,-7.040349006652832,0.12222527712583542,832.0892944335938,89.84967041015625,-7.300425052642822,0.11726715415716171,47.77690887451172,15,2.4184634685516357,0.7950637936592102,29.923818588256836,333.44934884821805,670.0843352496466,8.46433546264092,0.4224357633422799,0.33092498779296875,0.3287478983402252,18.5059757232666,2,8.294940948486328,0.0006075896671973169,-402.06561279296875,14.510780334472656,8.464335462640916,0.4224357633422921
648.5283203125,92.20423889160156,-7.02982234954834,0.15440158545970917,306.5899353027344,73.05986785888672,-6.216394901275635,0.258791983127594,279.5375061035156,84.86878204345703,-6.116100311279297,0.32971423864364624,27.849313735961914,14,1.3750720024108887,1.2940056324005127,69.41182708740234,1261.4618040503979,673.5021808740356,8.464544972126918,0.35448043354999126,0.328692764043808,0.32702767848968506,-77.26676940917969,0,7.977128028869629,0.0005841707461513579,306.9067687988281,8.250432014465332,8.464544972126918,0.3544804335499913
6165.72119140625,242.4866180419922,-9.474959373474121,0.04271040856838226,1587.2003173828125,75.40704345703125,-8.001579284667969,0.051595281809568405,4746.04345703125,196.253662109375,-9.190829277038574,0.04490718990564346,76.69613647460938,94,4.558962821960449,1.8584787845611572,13.224035263061523,1974.0913589740019,697.7155581917308,8.466285356021954,0.30231794579917926,0.25821924209594727,0.2558514475822449,14.263944625854492,2,17.460962295532227,0.0012782977428287268,2601.721923828125,27.353776931762695,8.466285356021954,0.3023179457991792
5502.65673828125,132.17127990722656,-9.351430892944336,0.026085220277309418,3956.448486328125,79.06985473632812,-8.993264198303223,0.021703774109482765,5176.845703125,141.6055450439453,-9.285162925720215,0.029706047847867012,209.67269897460938,85,2.482534885406494,1.8374372720718384,89.21481323242188,275.0723138898391,699.2982148863181,8.466478211067317,0.4267098060519813,0.054384879767894745,0.0533578135073185,86.8519058227539,0,5.522403717041016,0.00040450927917845547,4461.4375,14.895209312438965,8.466478211067317,0.4267098060519812
471.8375549316406,78.98268127441406,-6.684481143951416,0.18178966641426086,273.96417236328125,73.11981201171875,-6.094234466552734,0.28984853625297546,310.8118591308594,113.47075653076172,-6.231244087219238,0.39647534489631653,27.624706268310547,10,1.7147386074066162,0.8424484729766846,62.51237106323242,1926.6747472336103,683.9702192165857,8.465280883828509,0.3057884232657765,0.6041773557662964,0.6014785766601562,81.32828521728516,0,7.181122779846191,0.0005257343873381615,380.89935302734375,10.288431167602539,8.465280883828507,0.30578842326578903
636.7752075195312,74.43438720703125,-7.009965419769287,0.12694549560546875,511.5982971191406,73.54684448242188,-6.772322654724121,0.15612225234508514,543.8363647460938,93.46903228759766,-6.83867073059082,0.1866505742073059,42.33151626586914,11,0.9981794953346252,0.9354321956634521,-10.55266284942627,1653.3200665262525,679.848349713176,8.464991835425439,0.3257947410124917,0.21698875725269318,0.2161048799753189,38.78712844848633,0,5.758167743682861,0.0004216109518893063,533.5927734375,5.989077091217041,8.464991835425435,0.3257947410125042
2094.11181640625,142.66488647460938,-8.302499771118164,0.07398557662963867,1017.1380004882812,74.33074188232422,-7.518449783325195,0.07936306297779083,1299.693359375,118.144287109375,-7.784602165222168,0.09871920198202133,65.82854461669922,37,2.106057643890381,1.625575065612793,71.9338150024414,1925.9100631189074,727.9018937895553,8.468498566684321,0.30584250879621694,0.1947038620710373,0.19415171444416046,7.936704158782959,2,9.496251106262207,0.0006952249095775187,1235.9017333984375,12.636345863342285,8.468498566684321,0.30584250879621694
2049.867919921875,142.6581573486328,-8.279314994812012,0.07557889819145203,1121.4560546875,74.47492980957031,-7.62445592880249,0.07212032377719879,1948.576171875,155.5285186767578,-8.22429370880127,0.08668071031570435,48.33727264404297,36,2.836681604385376,2.064913034439087,-42.7435417175293,1287.7681172780462,709.2888495484864,8.467165170485229,0.3525529321413545,0.23443569242954254,0.23295792937278748,-73.52799987792969,3,13.612066268920898,0.0009968101512640715,1593.57470703125,17.020090103149414,8.467165170485229,0.35255293214135447
470.7696228027344,78.8576889038086,-6.682021141052246,0.18191371858119965,414.94696044921875,73.35649108886719,-6.544981479644775,0.1919887661933899,474.0758361816406,91.10247039794922,-6.689619541168213,0.20869505405426025,27.921842575073242,10,2.008265972137451,1.01614248752594,64.30177307128906,1665.4093816792474,698.0082273883589,8.466321405703471,0.324909085584902,0.49346160888671875,0.49094754457473755,43.875858306884766,2,8.547148704528809,0.0006258149514906108,18.0877685546875,12.049595832824707,8.466321405703471,0.324909085584902
499.9007873535156,81.37393951416016,-6.747209548950195,0.17677927017211914,283.0151672363281,73.1637191772461,-6.129524230957031,0.2807474732398987,336.47393798828125,114.4191665649414,-6.317378520965576,0.36929818987846375,27.625856399536133,9,2.084857225418091,0.4993496239185333,-29.213882446289062,384.79023216020937,698.0438291622443,8.466381574785002,0.4186743922497805,0.660933792591095,0.6587513089179993,-34.85988998413086,0,6.084842681884766,0.000445699057308957,-268.167236328125,12.509143829345703,8.466381574785002,0.4186743922497805
594.5964965820312,89.18180847167969,-6.935555934906006,0.16288599371910095,238.91232299804688,73.06085205078125,-5.945596218109131,0.33210545778274536,262.6668395996094,75.6954574584961,-6.048512935638428,0.3129640221595764,26.922454833984375,12,1.3617576360702515,0.9986481070518494,19.4481258392334,2031.7074360345619,696.4814810030123,8.46619220713607,0.29810189971535744,0.35848215222358704,0.3573237657546997,30.74163055419922,0,6.965421676635742,0.0005099165719002485,-194.09698486328125,8.17054557800293,8.46619220713607,0.29810189971535744
8511.2041015625,138.24429321289062,-9.82497787475586,0.017639489844441414,6439.3095703125,82.81539154052734,-9.522098541259766,0.013966950587928295,8073.74853515625,144.82510375976562,-9.767687797546387,0.019480425864458084,335.1535949707031,104,2.4183247089385986,1.9688359498977661,-65.28003692626953,248.23944389436588,729.8048754525594,8.468714323726852,0.42867357281788127,0.0324852392077446,0.03216707706451416,-58.525211334228516,0,4.57531213760376,0.00033513663220219314,7793.796875,14.50994873046875,8.468714323726852,0.4286735728178812
4221.32080078125,137.8229217529297,-9.063620567321777,0.035457074642181396,2881.03076171875,77.40665435791016,-8.648869514465332,0.0291783157736063,3726.915283203125,141.82818603515625,-8.928373336791992,0.04132785275578499,151.75396728515625,79,2.4447875022888184,1.9391487836837769,-21.362586975097656,146.15226538617952,718.936266479991,8.467922475718842,0.4361508837221349,0.07321567833423615,0.07296755164861679,-40.79975891113281,0,5.519850254058838,0.0004043291846755892,3120.651611328125,14.66872501373291,8.467922475718842,0.4361508837221349
1006.4143676757812,104.64940643310547,-7.506942272186279,0.11292491108179092,693.4248657226562,73.79334259033203,-7.102498531341553,0.11557066440582275,979.626220703125,130.08380126953125,-7.477651119232178,0.144209086894989,39.232295989990234,24,2.005919933319092,1.418689489364624,50.93681716918945,257.5940655473466,709.4167280716448,8.467220258978593,0.42798941078711084,0.2911180257797241,0.2901293635368347,33.918243408203125,0,10.103053092956543,0.0007400377071462572,919.4017944335938,12.03551959991455,8.467220258978593,0.4279894107871108
8327.109375,112.69195556640625,-9.80123519897461,0.014696992002427578,7333.09228515625,84.15681457519531,-9.663217544555664,0.01246326882392168,8160.31982421875,116.84095001220703,-9.779268264770508,0.015549546107649803,498.7316589355469,74,1.7666467428207397,1.6280806064605713,-64.20408630371094,878.7451634367732,720.6995757584586,8.468019545345383,0.38250036964163736,0.02263842150568962,0.022453108802437782,-71.3045654296875,0,3.57926082611084,0.00026214210083708167,8078.07861328125,10.59988021850586,8.46801954534538,0.3825003696416497
2106.9091796875,113.58242797851562,-8.309114456176758,0.05854571983218193,1554.1890869140625,75.40886688232422,-7.978759765625,0.05269245058298111,1873.599853515625,117.85318756103516,-8.181692123413086,0.06831157952547073,95.15397644042969,45,1.8980451822280884,1.7374624013900757,-10.999022483825684,970.7025663690525,716.443369037935,8.467703635338353,0.37576710706214506,0.11814657598733902,0.11782605201005936,26.06922149658203,0,6.550502300262451,0.0004797410510946065,1844.4246826171875,11.38827133178711,8.467703635338353,0.375767107062145
2032.62890625,133.99241638183594,-8.270145416259766,0.07158993184566498,1246.2177734375,74.73678588867188,-7.738985061645508,0.0651283860206604,1583.6524658203125,126.57493591308594,-7.999149799346924,0.08679958432912827,53.45002365112305,48,2.128727436065674,1.8403377532958984,55.589927673339844,436.6741239114225,723.8892283214774,8.468272747436512,0.41487341346985557,0.16531525552272797,0.16468961536884308,62.447715759277344,0,8.348097801208496,0.0006114698480814695,1017.442626953125,12.772364616394043,8.468272747436512,0.41487341346985557
870.5209350585938,107.68832397460938,-7.349448204040527,0.13434429466724396,464.1888732910156,73.41040802001953,-6.666736602783203,0.17174839973449707,647.8383178710938,130.1734161376953,-7.0286664962768555,0.2182154506444931,28.98837661743164,18,2.4300689697265625,1.7139599323272705,-70.51144409179688,1977.5203481153237,730.0204610603981,8.468651244471527,0.3020656497182147,0.42645344138145447,0.4247162938117981,60.05857467651367,2,12.232008934020996,0.000895489240065217,328.4936218261719,14.580413818359375,8.468651244471527,0.3020656497182147
1302.791015625,126.5084228515625,-7.787187099456787,0.10545678436756134,621.3729858398438,73.70166778564453,-6.9833807945251465,0.1288115382194519,795.3132934570312,126.63799285888672,-7.251345634460449,0.17292413115501404,38.295143127441406,20,1.742450475692749,1.145026683807373,29.48261070251465,477.9288764549607,720.1316756801762,8.4679956689736,0.4118522843589621,0.31212398409843445,0.31148260831832886,79.81965637207031,2,7.308077335357666,0.0005352877196855843,657.2774658203125,10.454702377319336,8.4679956689736,0.41185228435896215
1129.2752685546875,106.18887329101562,-7.631999492645264,0.102119579911232,836.3020629882812,74.05935668945312,-7.305907726287842,0.0961715430021286,917.7471923828125,97.78949737548828,-7.406807899475098,0.11571748554706573,45.45309066772461,27,1.5945016145706177,1.4656107425689697,23.907320022583008,49.708864080361494,724.7790062110288,8.468354668912864,0.443214166406634,0.22248582541942596,0.2222166806459427,77.99977111816406,0,7.4630632400512695,0.0005466757575049996,756.6993408203125,9.567009925842285,8.468354668912864,0.44321416640663397
1575.62548828125,140.0084686279297,-7.9936323165893555,0.09650085121393204,730.4343872070312,73.88338470458984,-7.1589531898498535,0.10984881967306137,887.4530029296875,129.59251403808594,-7.370363235473633,0.1585858315229416,43.21458435058594,36,2.4323911666870117,1.6630431413650513,-37.46669387817383,36.48224175067926,730.5521461970867,8.468778193287365,0.4441826216476234,0.2600541114807129,0.25966328382492065,-25.67120933532715,0,12.054110527038574,0.0008829748257994652,852.52099609375,14.59434700012207,8.468778193287365,0.4441826216476234
7274.8359375,161.798095703125,-9.654558181762695,0.02415349707007408,4327.2392578125,79.64434051513672,-9.090527534484863,0.019988205283880234,6931.3935546875,168.69155883789062,-9.602051734924316,0.02643033117055893,189.84246826171875,121,2.867694616317749,2.3003129959106445,59.00146484375,45.242577701239036,747.4381439151006,8.47001493475066,0.44354020211445366,0.061666395515203476,0.061401743441820145,43.65513229370117,0,6.3668131828308105,0.0004663739528041333,6634.36865234375,17.206167221069336,8.47001493475066,0.4435402021144536
6988.6845703125,83.16592407226562,-9.61098861694336,0.012923489324748516,4360.71337890625,79.61697387695312,-9.098894119262695,0.019827956333756447,6852.28662109375,95.01995849609375,-9.58958911895752,0.015059450641274452,1507.3707275390625,40,3.9904112815856934,0.46026062965393066,39.9564323425293,1783.2078608206132,739.328953212023,8.46934235961341,0.31628554011470633,0.0557684488594532,0.05180124193429947,39.83686447143555,0,7.5155134201049805,0.0005502495914697647,3912.1455078125,23.942466735839844,8.46934235961341,0.31628554011470633
1423.124267578125,123.08024597167969,-7.8831071853637695,0.09392373263835907,870.0774536132812,74.03042602539062,-7.3488945960998535,0.09240216761827469,1235.4765625,189.667236328125,-7.729586124420166,0.1667199730873108,47.08639907836914,34,2.0967812538146973,1.4600119590759277,-24.03571319580078,1318.0106927670838,731.3614904973707,8.468780603460857,0.35033790255626013,0.22065669298171997,0.22012001276016235,-8.246914863586426,2,7.2454094886779785,0.0005305740050971508,1794.9287109375,12.580687522888184,8.468780603460853,0.3503379025562726
6070591.5,1305.6168212890625,-16.958078384399414,0.00023356864403467625,2316186.0,758.1660766601562,-15.911933898925781,0.0003554845752660185,5985788.0,1238.85693359375,-16.94280242919922,0.0002247655065730214,48957.171875,1842,5.898709774017334,2.6351919174194336,-89.8896255493164,1296.8435991591339,867.9103732710334,8.478783724577086,0.3518816889045134,0.0012909156503155828,0.0009620504570193589,-89.43576049804688,4,23.659351348876953,0.0017325461376458406,6073463.0,35.39225769042969,8.478783724577083,0.3518816889045257
1507.0767822265625,126.81267547607422,-7.945338249206543,0.0913812518119812,862.42041015625,74.13101196289062,-7.339297771453857,0.09334922581911087,1140.334716796875,118.86424255371094,-7.642580986022949,0.1132005974650383,43.32733154296875,36,2.4026737213134766,1.4458421468734741,19.47083282470703,1746.0564848260194,735.7096315357719,8.469079037400594,0.31900475793085264,0.2658620774745941,0.26386693120002747,27.832204818725586,0,10.256725311279297,0.0007509611314162612,656.1470947265625,14.41604232788086,8.46907903740059,0.31900475793086513
403.08197021484375,71.79879760742188,-6.51348352432251,0.19344326853752136,313.2412414550781,73.15715026855469,-6.239697456359863,0.25363412499427795,293.7417907714844,90.27959442138672,-6.169914245605469,0.3337748944759369,27.462478637695312,9,1.444815993309021,0.7035354375839233,-16.129173278808594,1338.4292259937258,731.7966185124221,8.468811533727983,0.34884306134013454,0.3107495903968811,0.309798926115036,-38.46044921875,0,6.011566162109375,0.00044021758367307484,254.09400939941406,8.668895721435547,8.468811533727983,0.34884306134013454
2554.536376953125,126.4591293334961,-8.518280029296875,0.0537610724568367,1773.31103515625,75.70988464355469,-8.121962547302246,0.04636577144265175,2044.65576171875,125.35920715332031,-8.27655029296875,0.06658338010311127,76.9040756225586,55,2.1939189434051514,1.7368104457855225,7.744211196899414,522.0645143666095,750.0901336153753,8.470188450012746,0.4086186607578621,0.1174352765083313,0.11640803515911102,11.155606269836426,0,7.260647296905518,0.0005318078910931945,1426.4168701171875,13.16351318359375,8.470188450012742,0.4086186607578743
480.0123596191406,80.0493392944336,-6.703131198883057,0.18110696971416473,298.8530578613281,72.98937225341797,-6.1886444091796875,0.2652355432510376,304.1795959472656,158.2519989013672,-6.207825183868408,0.5650006532669067,22.90554428100586,9,1.6747632026672363,0.8265039920806885,-6.221122741699219,1320.2404038396571,741.9656665363291,8.469557253891582,0.35017420489196494,0.367656409740448,0.36663129925727844,26.670856475830078,2,7.027963638305664,0.0005146499024704099,526.8699340820312,10.048579216003418,8.469557253891578,0.3501742048919773
960.2117919921875,109.06595611572266,-7.4559173583984375,0.12335365265607834,516.5947875976562,73.6692123413086,-6.782875061035156,0.15486948192119598,474.1173400878906,111.31582641601562,-6.689714431762695,0.25497692823410034,48.603790283203125,22,2.6284375190734863,1.1747641563415527,-53.438392639160156,1445.5279419570354,754.7927058796982,8.470490988341169,0.3410017560109297,0.2820652723312378,0.28131186962127686,-88.0340805053711,0,9.469537734985352,0.0006934108096174896,-542.874755859375,15.770625114440918,8.470490988341169,0.3410017560109297
1404.9266357421875,97.21419525146484,-7.869133949279785,0.07514599710702896,1066.5540771484375,74.2430648803711,-7.569957256317139,0.07559669762849808,1332.81884765625,105.51593017578125,-7.811927795410156,0.08597590029239655,74.8254623413086,31,2.056291341781616,1.307922124862671,1.7918503284454346,1224.2505147570407,750.4672040034754,8.470184426029965,0.3572013792100022,0.16795095801353455,0.16615112125873566,-8.065764427185059,0,7.453309059143066,0.0005458153900690377,786.30908203125,12.337747573852539,8.470184426029965,0.3572013792100022
2649.8056640625,86.4978256225586,-8.558034896850586,0.03545038774609566,2453.70849609375,76.61542510986328,-8.474556922912598,0.0339096337556839,2692.294677734375,95.70716857910156,-8.57530689239502,0.03860572353005409,174.8468780517578,38,1.4869635105133057,1.3791927099227905,-28.236318588256836,304.9593908301664,755.8514750662398,8.470620052838754,0.42451828861318236,0.05827569589018822,0.05809031426906586,-77.9703140258789,0,3.800206422805786,0.00027835796936415136,2534.090087890625,8.921781539916992,8.470620052838758,0.4245182886131702
969.7216796875,104.630126953125,-7.466617584228516,0.11717621982097626,618.1387939453125,73.55377960205078,-6.977715015411377,0.1292256861925125,987.923828125,172.7076416015625,-7.486808776855469,0.18985319137573242,47.78514099121094,23,1.8000497817993164,1.3459616899490356,-16.309024810791016,1017.0771131390684,755.6476384285309,8.470573390745548,0.3723697576175123,0.31783899664878845,0.31706637144088745,2.7695817947387695,0,6.5010151863098145,0.0004761089221574366,1097.8001708984375,10.800298690795898,8.470573390745548,0.3723697576175123
2497.92236328125,122.57755279541016,-8.49394702911377,0.05329197645187378,1764.717529296875,75.50164794921875,-8.116687774658203,0.04646340757608414,2367.0478515625,126.92100524902344,-8.435517311096191,0.05823127552866936,103.66288757324219,53,2.3056817054748535,1.6814584732055664,38.21091079711914,1053.2447155953273,768.8191942555412,8.471536594770008,0.36972098819963267,0.11090189218521118,0.11021508276462555,79.91132354736328,0,7.8201680183410645,0.000572711753193289,2129.72705078125,13.834090232849121,8.471536594770004,0.36972098819964505
419.34881591796875,67.55888366699219,-6.556438446044922,0.1749592274427414,262.6570129394531,73.10079956054688,-6.0484724044799805,0.30224767327308655,274.4092712402344,70.69873046875,-6.095996856689453,0.2797967493534088,39.14661407470703,10,1.2124303579330444,0.9793944358825684,30.237201690673828,130.0814853165497,757.76821202342,8.470768078957546,0.43732607263820833,0.24958626925945282,0.24883176386356354,-49.727046966552734,0,6.5039167404174805,0.0004764116310980171,128.88458251953125,7.2745819091796875,8.470768078957546,0.4373260726382083
786.1683349609375,98.7408447265625,-7.238789081573486,0.13639897108078003,536.8888549804688,73.38925170898438,-6.824710845947266,0.14844921231269836,719.5043334960938,99.1401596069336,-7.14258337020874,0.14963942766189575,45.07459259033203,18,2.6719980239868164,0.9166090488433838,71.7511978149414,1319.3177746721135,780.6059881228803,8.472387684128961,0.350240078451052,0.3994837701320648,0.39767926931381226,56.30306625366211,0,9.368940353393555,0.0006860753055661917,-446.04052734375,16.0319881439209,8.472387684128961,0.350240078451052
1009.7123413085938,96.68682098388672,-7.510494232177734,0.10399188101291656,744.5076293945312,74.10526275634766,-7.179672718048096,0.10809603333473206,695.6185302734375,97.50981140136719,-7.10592794418335,0.152232363820076,55.60801696777344,24,1.6501953601837158,1.4094994068145752,-38.27473831176758,1010.0567675882485,770.4290510831139,8.471656495972029,0.3728831404173686,0.17144399881362915,0.1709851175546646,40.15848159790039,0,6.814301013946533,0.0004990532761439681,435.7887268066406,9.901172637939453,8.471656495972027,0.3728831404173809
10120.060546875,227.5343475341797,-10.012957572937012,0.024417078122496605,3402.126953125,78.2031478881836,-8.829376220703125,0.024963388219475746,9186.451171875,234.13575744628906,-9.907869338989258,0.0276789627969265,110.73213195800781,201,3.9431605339050293,3.308403968811035,53.594215393066406,460.92797244876664,817.5012712741998,8.475129601557542,0.4130928860746067,0.10182514786720276,0.10147437453269958,31.235342025756836,0,12.71596908569336,0.0009313906193710864,7172.75732421875,23.65896224975586,8.475129601557539,0.4130928860746188
787.1334838867188,98.89431762695312,-7.240120887756348,0.13644348084926605,412.1889343261719,73.32325744628906,-6.537740707397461,0.19318583607673645,414.1471252441406,101.38165283203125,-6.542886734008789,0.26584869623184204,30.278018951416016,18,2.104729175567627,1.1924917697906494,69.54740142822266,1315.1786167552266,792.3126705881521,8.473245385559686,0.35054260060686376,0.45457351207733154,0.4526224732398987,80.1213607788086,0,9.484970092773438,0.0006945725763216615,60.797950744628906,12.628375053405762,8.473245385559686,0.35054260060686376
551.7887573242188,85.95552825927734,-6.854432106018066,0.16917289793491364,252.36488342285156,72.99730682373047,-6.005072116851807,0.3141287863254547,262.5643310546875,91.39234161376953,-6.048089504241943,0.3780105412006378,23.958189010620117,11,2.1447365283966064,0.9468544721603394,-8.036337852478027,1013.4496169795075,780.7257278237607,8.472410604149504,0.3726342611551189,0.4936371445655823,0.49202948808670044,-44.09111404418945,16,8.52618408203125,0.0006244241958484054,-284.57489013671875,12.868419647216797,8.472410604149504,0.3726342611551189
1049.951416015625,89.23331451416016,-7.552923202514648,0.0922970101237297,929.15771484375,74.2698745727539,-7.420223712921143,0.08680666983127594,1011.2567138671875,95.19046020507812,-7.512153625488281,0.10222610831260681,72.32381439208984,24,1.7783761024475098,1.2239402532577515,18.029071807861328,70.72020226087403,794.6191290885955,8.47347043183137,0.441671971450256,0.17230521142482758,0.17140750586986542,23.58405303955078,2,6.607083320617676,0.00048397071077488363,599.8196411132812,10.670256614685059,8.473470431831366,0.44167197145026793
935.3052368164062,104.5164794921875,-7.4273834228515625,0.12135599553585052,635.92919921875,73.58351135253906,-7.008522033691406,0.12566129863262177,675.8304443359375,94.20100402832031,-7.074594497680664,0.15137271583080292,44.9732551574707,22,1.7727504968643188,1.1990723609924316,-22.5339412689209,1402.5798798505355,794.5346148330708,8.47340403032016,0.3441440636950811,0.2455989271402359,0.2445620745420456,10.412726402282715,2,7.9567742347717285,0.000582645705435425,619.2025756835938,10.636503219604492,8.473404030320163,0.3441440636950687
3935.13720703125,169.42599487304688,-8.98740005493164,0.04675735905766487,1932.1402587890625,75.85682678222656,-8.215096473693848,0.0426369234919548,3597.624755859375,185.3412628173828,-8.890039443969727,0.05594819411635399,83.84500122070312,89,2.934605598449707,2.8187553882598877,34.749244689941406,43.49577382550491,823.9584924141055,8.475621086128735,0.44366452288263053,0.15428701043128967,0.15365289151668549,-72.4243392944336,2,13.257240295410156,0.0009710972080938518,3096.5048828125,17.607633590698242,8.475621086128735,0.44366452288263053
1128.8170166015625,107.17674255371094,-7.631558895111084,0.10311143845319748,871.3995971679688,74.06095886230469,-7.35054349899292,0.09230002015829086,944.2994384765625,96.74446868896484,-7.437774181365967,0.11126183718442917,57.768402099609375,27,1.8736238479614258,1.205129861831665,-18.67824935913086,142.2980493997932,805.6076967025542,8.474272353659968,0.43642908859198914,0.2141173928976059,0.21273085474967957,-34.25803756713867,0,6.9470648765563965,0.0005088694742880762,608.1744384765625,11.241743087768555,8.474272353659963,0.4364290885920011
132006.640625,259.7125244140625,-12.80148983001709,0.0021366183646023273,111820.0078125,181.00677490234375,-12.621298789978027,0.0017579443519935012,127913.1484375,222.71937561035156,-12.767288208007812,0.0018909177742898464,7338.09033203125,284,2.171645402908325,2.063392162322998,-54.50489044189453,108.72839256731079,854.4444422691095,8.477851680968124,0.4388854473158163,0.003523825900629163,0.0034693884663283825,-71.46290588378906,0,3.5335745811462402,0.00025883284979499876,131509.28125,13.02987289428711,8.477851680968124,0.43888544731581625
3226.619384765625,161.94741821289062,-8.771869659423828,0.054507482796907425,1588.768798828125,75.2982177734375,-8.002652168273926,0.05146995931863785,2727.864990234375,162.40093994140625,-8.589557647705078,0.06465401500463486,69.53600311279297,75,3.3065686225891113,1.9327459335327148,-48.154605865478516,625.1335336219103,833.4012428137306,8.476287018385632,0.4010668790392381,0.18036861717700958,0.1784266084432602,-59.51704406738281,2,12.06912899017334,0.0008839811198413372,1631.340087890625,19.839412689208984,8.476287018385632,0.4010668790392381
507.8778381347656,81.52033233642578,-6.764398097991943,0.1743157058954239,226.54080200195312,72.9250259399414,-5.887866020202637,0.34959080815315247,121.01351165771484,71.1723403930664,-5.207084655761719,0.6387151479721069,27.9346923828125,11,1.9801666736602783,0.6192619204521179,65.76644897460938,735.8316611955545,812.0955092183242,8.47472122705942,0.39296139934600993,0.4273013472557068,0.4261751174926758,84.13050842285156,0,6.610534191131592,0.0004841648042201996,-533.2945556640625,11.881000518798828,8.474721227059417,0.3929613993460222
4815.6865234375,163.46812438964844,-9.206645965576172,0.03686419129371643,2632.784423828125,76.87498474121094,-8.551037788391113,0.03171024098992348,4220.7294921875,170.13026428222656,-9.063468933105469,0.04377477243542671,107.55427551269531,99,2.698578119277954,2.423154830932617,-0.623776376247406,98.89715511560838,828.9292158265592,8.475982827101236,0.4396066752735787,0.09947410225868225,0.09929097443819046,-45.29155731201172,0,8.391603469848633,0.0006146834930405021,4175.58984375,16.191469192504883,8.475982827101232,0.43960667527359065
1296.87646484375,116.9327621459961,-7.7822465896606445,0.09791909903287888,888.3347778320312,73.91895294189453,-7.371441841125488,0.09036681056022644,992.830078125,112.821044921875,-7.4921875,0.1234084814786911,54.121826171875,31,1.8652369976043701,1.6420774459838867,-15.988724708557129,1241.593925806068,819.4517691911241,8.475236769409076,0.35592863906729494,0.21800784766674042,0.21762152016162872,-14.569665908813477,0,8.215574264526367,0.0006016304832883179,464.0364990234375,11.191421508789062,8.475236769409076,0.35592863906729494
836.2049560546875,92.9998550415039,-7.305781841278076,0.12078120559453964,568.5769653320312,73.52798461914062,-6.8869733810424805,0.14044076204299927,522.2206420898438,99.95039367675781,-6.79463529586792,0.20785491168498993,53.369537353515625,20,1.82707941532135,1.3536285161972046,-55.05476379394531,1787.729843870459,815.2240593266932,8.474900962434482,0.3159514003600146,0.21665005385875702,0.21594367921352386,-64.93462371826172,0,8.919584274291992,0.0006530449027195573,425.11688232421875,10.96247673034668,8.474900962434482,0.3159514003600146
9425.1259765625,120.08284759521484,-9.935717582702637,0.013836417347192764,8146.7744140625,85.33731079101562,-9.777463912963867,0.011375829577445984,9133.5400390625,123.08558654785156,-9.90159797668457,0.014635173603892326,543.4173583984375,84,1.9452974796295166,1.6549828052520752,-50.91685104370117,534.7916154123402,831.9578313886992,8.476185352621984,0.40768289499044214,0.021508412435650826,0.02128084935247898,-62.28437805175781,0,3.6399948596954346,0.00026660991716198623,8856.1396484375,11.671785354614258,8.476185352621984,0.4076828949904422
1003.4443359375,100.82678985595703,-7.503733158111572,0.10912203788757324,743.5340576171875,73.9335708618164,-7.178252220153809,0.10798678547143936,1002.19189453125,105.62774658203125,-7.502377033233643,0.11446084827184677,50.562461853027344,24,2.3462095260620117,1.1662408113479614,-16.836252212524414,275.55685858564993,816.9149851752104,8.475094879668665,0.4266688407534082,0.3271249234676361,0.3247508406639099,-14.050889015197754,3,9.689214706420898,0.0007097166962921619,150.71424865722656,14.07725715637207,8.475094879668665,0.42666884075340816
797.1046752929688,93.32510375976562,-7.253788471221924,0.12714900076389313,551.15185546875,73.72686767578125,-6.853178024291992,0.14527280628681183,581.5696411132812,104.63687896728516,-6.91150426864624,0.19539473950862885,40.11033630371094,19,2.0456457138061523,1.301500678062439,2.105717420578003,1632.390939063243,812.8691913650952,8.474736018319048,0.3273209690701363,0.3013922870159149,0.3007071316242218,-71.41067504882812,0,9.770493507385254,0.0007153921760618687,-159.0026092529297,12.273874282836914,8.474736018319048,0.3273209690701363
878.9168090820312,92.96166229248047,-7.359869480133057,0.1148645281791687,816.330810546875,73.94110870361328,-7.279665470123291,0.09836703538894653,1018.2384643554688,111.91520690917969,-7.519623756408691,0.11936292052268982,43.874942779541016,21,2.513669967651367,1.200985074043274,-17.088346481323242,277.3044538832327,814.5196921887436,8.474919322700567,0.4265409608712574,0.26634082198143005,0.2646099328994751,-48.50907516479492,3,10.407249450683594,0.000762311217840761,52.55909729003906,15.082019805908203,8.474919322700563,0.4265409608712694
558.2445068359375,85.64068603515625,-6.867061138153076,0.16660402715206146,329.87677001953125,73.2137680053711,-6.295879364013672,0.24102987349033356,292.0655212402344,77.11585235595703,-6.163700580596924,0.28674325346946716,35.58332443237305,12,1.935917615890503,0.7463107705116272,-53.94157028198242,1740.066176036352,815.3422522825726,8.474911941933613,0.31943983511816293,0.35939380526542664,0.3575153052806854,-79.99568939208984,0,7.181668281555176,0.0005258150049485266,-65.86953735351562,11.61550521850586,8.474911941933613,0.31943983511816293
669.2133178710938,83.78582763671875,-7.063911437988281,0.13596771657466888,454.4641418457031,73.3369140625,-6.643749237060547,0.1752479076385498,392.9034118652344,83.16160583496094,-6.485714435577393,0.22986184060573578,43.6942253112793,16,1.5097002983093262,1.125623345375061,43.386009216308594,529.7509036326488,816.9356844116594,8.47508508992252,0.4080527202976106,0.22040431201457977,0.22027884423732758,13.146401405334473,0,7.794309616088867,0.0005708922981284559,315.92535400390625,9.058201789855957,8.47508508992252,0.4080527202976106
1062.0247802734375,111.22708892822266,-7.56533670425415,0.1137380450963974,573.1907348632812,73.62124633789062,-6.895747661590576,0.13948704302310944,805.962158203125,113.54496765136719,-7.265786647796631,0.15299704670906067,50.90460968017578,25,2.666747570037842,1.128016471862793,-45.25358581542969,194.52200453968086,839.0910082770979,8.476723085621629,0.43260268544685665,0.42563122510910034,0.42364466190338135,-35.779788970947266,0,10.388626098632812,0.0007609548629261553,-156.83816528320312,16.000484466552734,8.476723085621629,0.4326026854468567
474.1714172363281,79.25041198730469,-6.689838409423828,0.18150809407234192,314.5909729003906,73.18809509277344,-6.244365692138672,0.25265273451805115,332.6443176269531,78.5280532836914,-6.30495023727417,0.256374329328537,32.89530563354492,10,1.2297959327697754,1.2093874216079712,-59.602813720703125,306.83552858419233,832.1224428012302,8.476207594414603,0.42437736399350723,0.46327123045921326,0.46224552392959595,14.926265716552734,0,7.287543296813965,0.0005337954498827457,133.29345703125,7.378775596618652,8.476207594414609,0.4243773639934952
378.4005432128906,64.8321533203125,-6.444879531860352,0.1860666424036026,288.7751159667969,73.00114440917969,-6.151399612426758,0.27453625202178955,297.4803466796875,68.47809600830078,-6.183645725250244,0.2499903440475464,43.840919494628906,9,1.5437045097351074,0.7228849530220032,-18.45661163330078,1379.022265657904,829.4675040373235,8.475963921372246,0.34586714462860535,0.4303509294986725,0.4285614490509033,-23.11065101623535,0,4.99061918258667,0.0003654473403003067,-187.689453125,9.262227058410645,8.475963921372248,0.34586714462859297
440.4230041503906,74.34630584716797,-6.60967493057251,0.1833239644765854,227.8402099609375,72.9847412109375,-5.894075870513916,0.34788164496421814,215.17599487304688,76.9931640625,-5.831984519958496,0.3885869085788727,34.45429992675781,10,1.950998067855835,0.7116180658340454,11.967255592346191,1423.0065827179146,831.2641227785135,8.476093425468395,0.34264716213176616,0.5742647051811218,0.5718866586685181,28.50220489501953,0,7.038640022277832,0.0005154088139533997,-293.3888244628906,11.705987930297852,8.476093425468395,0.34264716213176616
394.6237487792969,70.16092681884766,-6.490458011627197,0.1930820643901825,192.84693908691406,72.95452880859375,-5.713031768798828,0.410836786031723,181.94554138183594,65.92500305175781,-5.649853706359863,0.3934943974018097,32.38821029663086,9,1.5383901596069336,0.6933721899986267,-88.18260192871094,261.6417760637353,842.1327122565756,8.476942951973522,0.42768679331437215,0.4058077037334442,0.4033139646053314,-50.84461975097656,1,6.160206317901611,0.0004512234590947628,-88.41655731201172,9.230340957641602,8.476942951973522,0.42768679331437215
711.0045166015625,86.30506134033203,-7.12968111038208,0.13182377815246582,495.5272216796875,73.4914321899414,-6.737668991088867,0.16106419265270233,452.5469665527344,86.34278106689453,-6.639159202575684,0.20720116794109344,44.46092987060547,17,1.8688595294952393,0.9827887415885925,-14.184106826782227,1482.9487125892447,843.6160028878945,8.476995296936813,0.33825866855034925,0.24595890939235687,0.24523286521434784,-31.28312110900879,0,8.10563850402832,0.0005935264634899795,135.77664184570312,11.213157653808594,8.476995296936813,0.3382586685503493
2727.813720703125,115.27206420898438,-8.589536666870117,0.04589223116636276,2130.96630859375,76.20594787597656,-8.321441650390625,0.038836680352687836,2524.60986328125,122.87625122070312,-8.505485534667969,0.05285711959004402,102.9313735961914,53,2.0562803745269775,1.7201945781707764,19.40610694885254,245.1684292573278,867.5254162494048,8.478803957658057,0.42889210553610835,0.09209275245666504,0.09155473113059998,74.42086029052734,2,6.707389831542969,0.0004913037992082536,2289.380615234375,12.337682723999023,8.478803957658057,0.42889210553610835
424.2007141113281,70.11800384521484,-6.5689287185668945,0.1795097291469574,413.71453857421875,73.21126556396484,-6.541751861572266,0.19217947125434875,383.47509765625,60.50853729248047,-6.459342956542969,0.17135994136333466,35.80877685546875,10,1.2353414297103882,0.7284098267555237,36.512969970703125,1074.5541173285062,862.4456672677406,8.47839395004361,0.3681566788493414,0.2788883447647095,0.2779378890991211,17.897197723388672,2,5.476871013641357,0.00040109435212798417,271.7837829589844,7.41204833984375,8.47839395004361,0.3681566788493414
1094.99462890625,110.8514404296875,-7.598529815673828,0.10994087159633636,748.296142578125,73.88471221923828,-7.185183525085449,0.10722866654396057,808.2702026367188,114.46768188476562,-7.268891334533691,0.15379993617534637,42.308807373046875,26,1.6607128381729126,1.5041651725769043,40.823150634765625,77.74674525621823,871.8690179444735,8.47912959851783,0.4411537321715425,0.23540842533111572,0.2352558970451355,73.18263244628906,0,6.669251918792725,0.0004885209491476417,1010.6202392578125,9.964277267456055,8.47912959851783,0.4411537321715426
456.4413757324219,77.00167083740234,-6.648462295532227,0.18320822715759277,370.13067626953125,73.10934448242188,-6.420887470245361,0.21451003849506378,349.9573059082031,86.80299377441406,-6.360037803649902,0.2693701386451721,29.36344337463379,10,1.9184300899505615,0.9363845586776733,-4.875830173492432,265.3203933478601,863.581572708476,8.478514133732258,0.4274163955740242,0.5487868785858154,0.5476147532463074,2.7634756565093994,0,8.015525817871094,0.0005871207104064524,-182.97119140625,11.510580062866211,8.478514133732258,0.4274163955740242
457.50213623046875,77.15231323242188,-6.650982856750488,0.18314102292060852,432.6484375,73.30033111572266,-6.590337753295898,0.18399271368980408,597.014404296875,138.33206176757812,-6.939961910247803,0.2516331672668457,32.882469177246094,10,1.4415799379348755,1.0244104862213135,38.226531982421875,62.628453219225506,867.7662180475462,8.478829687736177,0.44226118892389976,0.4744341969490051,0.47295427322387695,57.567054748535156,3,6.629286289215088,0.00048559452989138663,732.0523071289062,8.649479866027832,8.478829687736177,0.44226118892389976
874.848388671875,104.28196716308594,-7.354832172393799,0.12945124506950378,594.3584594726562,73.59959411621094,-6.935121059417725,0.13447971642017365,709.3883056640625,114.36141967773438,-7.1272101402282715,0.1750754863023758,39.165374755859375,20,1.8322570323944092,1.3716444969177246,-30.861454010009766,14.993717707425793,875.8099223883149,8.479421083712255,0.4457496012810037,0.3361733555793762,0.33482858538627625,-26.02505874633789,0,9.491300582885742,0.0006952398689463735,619.1016235351562,10.993541717529297,8.479421083712257,0.44574960128100366
649.58349609375,92.3193359375,-7.031587600708008,0.15434320271015167,513.7736206054688,73.5790023803711,-6.7769293785095215,0.1555292010307312,571.1167602539062,83.42467498779297,-6.891812324523926,0.15863515436649323,39.459625244140625,14,1.8995393514633179,0.8988076448440552,49.703819274902344,792.8335688128458,875.1365865661872,8.479336708987477,0.3887844962489849,0.4031272530555725,0.40237998962402344,25.382247924804688,0,7.812707901000977,0.000572202552575618,-93.67816162109375,11.397235870361328,8.479336708987473,0.3887844962489971
401.087158203125,71.44218444824219,-6.508096694946289,0.193439781665802,185.6544647216797,72.9711685180664,-5.6717634201049805,0.42685043811798096,175.490966796875,66.70404815673828,-5.6106367111206055,0.41278818249702454,28.148990631103516,6,1.2740871906280518,0.8169060945510864,47.62896728515625,2007.4643066145659,875.0678246754354,8.479273092863416,0.29986848423313417,0.25989431142807007,0.18254034221172333,58.0683479309082,2,6.084063529968262,0.00044539463124237955,-178.70159912109375,7.6445231437683105,8.479273092863416,0.29986848423313417
8245.6044921875,210.09060668945312,-9.790555953979492,0.027670305222272873,2932.269775390625,77.32535552978516,-8.668009757995605,0.028638338670134544,7051.47998046875,216.68125915527344,-9.62070083618164,0.033371128141880035,109.62576293945312,167,5.8156657218933105,1.9264217615127563,5.8095011711120605,469.11407479460263,888.1343130263958,8.48030368208246,0.4124901977682997,0.1230800524353981,0.12057451903820038,5.156432151794434,16,17.087663650512695,0.001251589390449226,2383.8369140625,34.89399337768555,8.480303682082457,0.4124901977683117
1014.7294921875,112.97550201416016,-7.515875816345215,0.12091044336557388,500.7222900390625,73.3858413696289,-6.748992443084717,0.15916413068771362,703.5919189453125,192.8904266357422,-7.118302345275879,0.2977279722690582,48.823673248291016,23,1.884338140487671,1.6731456518173218,63.178680419921875,882.8527861606327,880.5852973637293,8.479731679414314,0.38219254062493235,0.35298359394073486,0.3523993194103241,-7.553007125854492,0,10.303582191467285,0.0007546159322373569,794.0700073242188,11.306028366088867,8.479731679414314,0.38219254062493224
3663.998046875,154.52432250976562,-8.90988826751709,0.04580063000321388,2103.70068359375,76.10682678222656,-8.307459831237793,0.03928886726498604,3058.58154296875,154.71754455566406,-8.713800430297852,0.054935023188591,96.68370056152344,80,2.9232892990112305,1.9720003604888916,53.41392517089844,573.5492054987828,902.3213840719419,8.48133823046304,0.4048414314153562,0.11008774489164352,0.10953221470117569,57.439231872558594,0,8.999844551086426,0.0006591806304641068,2234.01611328125,17.539735794067383,8.48133823046304,0.40484143141535617
414.51556396484375,73.59420776367188,-6.54385232925415,0.19281135499477386,299.90423583984375,73.16342163085938,-6.192456245422363,0.2649361491203308,290.2388916015625,85.50001525878906,-6.156888961791992,0.31991928815841675,28.18352699279785,9,1.2879514694213867,0.7495150566101074,-75.21853637695312,1826.2765524130195,875.322366241188,8.479300820941472,0.31312784063931454,0.3584032952785492,0.3566961884498596,-64.03849029541016,0,5.856257915496826,0.00042875498184002936,100.46417999267578,7.72770881652832,8.479300820941472,0.3131278406393146
837.251953125,90.54800415039062,-7.307140350341797,0.11744987219572067,686.5499877929688,73.69652557373047,-7.091680526733398,0.11657479405403137,772.0979614257812,99.20536041259766,-7.219181060791016,0.1395380198955536,54.618858337402344,20,1.81619393825531,1.3273571729660034,26.629638671875,1915.4692914703865,881.6704488056032,8.479761304038226,0.30660020815176864,0.25229305028915405,0.25159066915512085,47.58555221557617,0,7.105544567108154,0.0005201972671784461,594.2612915039062,10.897163391113281,8.479761304038226,0.30660020815176864
5889.810546875,194.58689880371094,-9.425252914428711,0.03587914630770683,2418.2392578125,76.55848693847656,-8.458747863769531,0.034381426870822906,5283.29833984375,194.982421875,-9.307262420654297,0.040079303085803986,96.74286651611328,128,4.855501174926758,1.869505524635315,55.620643615722656,556.133119327344,926.219160245839,8.483089701017658,0.406115798694722,0.1374301314353943,0.135140523314476,55.059600830078125,3,16.01276206970215,0.0011728334939107299,2933.271484375,29.133007049560547,8.483089701017663,0.40611579869471
920.0970458984375,95.93515014648438,-7.409584045410156,0.11323324590921402,729.3876342773438,73.88164520263672,-7.157395839691162,0.11000386625528336,886.2037353515625,100.39714050292969,-7.368834018707275,0.1230318620800972,50.426876068115234,22,1.769003987312317,1.1872565746307373,-46.958717346191406,885.5480969089256,891.4709219034512,8.480528965045771,0.38199470789205325,0.23837554454803467,0.23732422292232513,-24.469846725463867,2,7.201168537139893,0.0005273997667245567,788.4573974609375,10.61402416229248,8.480528965045767,0.38199470789206547
2246.337890625,133.90005493164062,-8.378687858581543,0.06473445892333984,1459.581787109375,75.05902862548828,-7.910571098327637,0.05584757775068283,1755.0283203125,127.97691345214844,-8.110710144042969,0.07919127494096756,66.08199310302734,52,2.3291077613830566,1.7261766195297241,88.05674743652344,75.18230210765402,901.6823887073209,8.481313882554177,0.4413401699365729,0.14594438672065735,0.14498282968997955,78.00703430175781,0,8.60621452331543,0.0006304014823399484,1530.5091552734375,13.97464656829834,8.481313882554177,0.4413401699365729
925.8565673828125,101.71436309814453,-7.4163594245910645,0.11930768191814423,711.5744018554688,73.93717956542969,-7.130550861358643,0.11284241080284119,806.6017456054688,95.47674560546875,-7.266647815704346,0.12854887545108795,59.55903244018555,22,1.5437871217727661,1.456461787223816,51.52299880981445,385.6106631357114,892.277328829931,8.480610969871787,0.4186054006372953,0.23969395458698273,0.23912791907787323,-62.128787994384766,2,5.625239849090576,0.0004120279918424785,688.3392944335938,9.262722969055176,8.48061096987179,0.41860540063728335
2586.9921875,114.07676696777344,-8.531988143920898,0.04788857325911522,1998.4642333984375,75.88134002685547,-8.251741409301758,0.04123523086309433,2328.5732421875,115.63643646240234,-8.417724609375,0.05393052101135254,105.09793853759766,51,2.0199508666992188,1.5937840938568115,-58.27855682373047,1119.5926943502805,904.1370051551175,8.481445764976474,0.36485729567732866,0.0920972228050232,0.09154175221920013,-41.90230941772461,0,5.787196636199951,0.00042381344246678054,2185.35546875,12.119705200195312,8.48144576497647,0.36485729567734093
1425.276123046875,124.33305358886719,-7.884747505187988,0.09473651647567749,855.3179321289062,74.0909194946289,-7.330318927764893,0.09407348185777664,1202.2738037109375,123.26010131835938,-7.700008392333984,0.11133942008018494,46.60786819458008,34,2.015496015548706,1.8433152437210083,-80.86418151855469,111.46140008637931,908.4589788353669,8.481808729424744,0.43868278429029056,0.23121699690818787,0.23075729608535767,48.04928207397461,0,8.901992797851562,0.0006520638125948608,996.3139038085938,12.092975616455078,8.481808729424744,0.4386827842902905
1715.033935546875,130.64242553710938,-8.085681915283203,0.08272586762905121,997.2603759765625,74.32609558105469,-7.497021198272705,0.080939881503582,1567.0345458984375,136.52806091308594,-7.987696647644043,0.09461787343025208,46.29744338989258,41,2.578378677368164,1.7473872900009155,8.614704132080078,1090.291963856782,905.4768294915957,8.481545300130003,0.36700255361067224,0.25159916281700134,0.25043985247612,8.014612197875977,2,12.723624229431152,0.0009317968506366014,882.413818359375,15.470272064208984,8.481545300130003,0.3670025536106722
515.709228515625,83.10417938232422,-6.781012058258057,0.17500393092632294,218.0659637451172,72.96826934814453,-5.846469879150391,0.36339253187179565,301.097412109375,82.39154052734375,-6.196767330169678,0.2971703112125397,26.43189811706543,10,1.8226432800292969,0.9148005843162537,6.6016693115234375,191.46947584051787,892.2126589571941,8.4806149454824,0.4328238041604587,0.6891754865646362,0.6876867413520813,0.9501215815544128,0,7.719970226287842,0.000565476540941745,-389.6549377441406,10.935859680175781,8.4806149454824,0.4328238041604587
2914.575439453125,161.78201293945312,-8.66143798828125,0.06028159707784653,1495.5086669921875,75.08992004394531,-7.936972141265869,0.0545283704996109,2766.42626953125,155.50051879882812,-8.60479736328125,0.06104394048452377,54.02470016479492,59,2.7346341609954834,2.132535457611084,89.75468444824219,1238.2956163889664,921.0072689127454,8.482675832677826,0.35616582550172454,0.19409631192684174,0.19253632426261902,-82.51307678222656,2,10.487627029418945,0.0007680088165216148,2352.364013671875,16.407804489135742,8.482675832677826,0.35616582550172454
32578.939453125,260.0276184082031,-11.282341957092285,0.008667869493365288,9546.0380859375,87.2579574584961,-9.94955825805664,0.009926854632794857,31477.6953125,286.936279296875,-11.245007514953613,0.00989947933703661,278.9932861328125,375,6.561713218688965,2.8388278484344482,-55.624473571777344,1492.759665531879,969.0335856094526,8.486181191309951,0.337535333494928,0.045820437371730804,0.04362170025706291,-53.99128341674805,0,16.79178237915039,0.0012295427732169628,25032.322265625,39.370277404785156,8.486181191309951,0.33753533349492787
512.1080932617188,82.04086303710938,-6.773404121398926,0.17397962510585785,221.37228393554688,72.80111694335938,-5.8628082275390625,0.3571450412273407,203.43907165527344,103.17980194091797,-5.771085739135742,0.5507951974868774,32.87612533569336,11,1.9801944494247437,1.3324917554855347,-1.7936043739318848,1230.9694141117773,900.6839871272892,8.481187516740617,0.35670304333798913,0.5272562503814697,0.5261679887771606,-7.787527561187744,0,9.726465225219727,0.0007122717797756195,174.8260955810547,11.881166458129883,8.481187516740617,0.35670304333798913
85807.5234375,217.99343872070312,-12.333813667297363,0.002758975839242339,73164.0,152.54640197753906,-12.160743713378906,0.0022643019910901785,83374.890625,192.01126098632812,-12.30258846282959,0.002501043491065502,5083.3828125,221,2.039443016052246,2.018437147140503,-37.90628433227539,816.123688889846,939.1992768980742,8.484028490488836,0.38707626871201706,0.004486758727580309,0.004438408184796572,-75.2085189819336,0,3.5082857608795166,0.00025694380747154355,85728.5390625,12.236658096313477,8.484028490488832,0.3870762687120292
2611.400390625,127.15109252929688,-8.542183876037598,0.05287817493081093,1854.2398681640625,75.6750259399414,-8.170414924621582,0.044321708381175995,2329.499267578125,128.93511962890625,-8.418156623840332,0.06010885909199715,91.29005432128906,56,2.1148548126220703,1.8880858421325684,-46.57643127441406,334.5168408319072,923.6732741862088,8.482913306878304,0.4223459101326187,0.11417803913354874,0.1138114333152771,-19.79463768005371,0,7.967597484588623,0.0005836004856973886,1558.9844970703125,12.689128875732422,8.482913306878304,0.4223459101326187
3479.90283203125,164.27671813964844,-8.853918075561523,0.051267098635435104,1768.786376953125,75.50827026367188,-8.11918830871582,0.04636059328913689,2857.3359375,173.4295196533203,-8.63990306854248,0.06591610610485077,68.49540710449219,80,3.666691541671753,1.9717119932174683,22.70895767211914,238.10378655311493,923.9460230982469,8.482937642581708,0.429406934888596,0.1544913351535797,0.15380360186100006,-4.643118381500244,0,13.434561729431152,0.0009840524289757013,313.2017822265625,22.00014877319336,8.482937642581708,0.429406934888596
410.71051025390625,73.03710174560547,-6.533839702606201,0.19312457740306854,336.40802001953125,73.28202819824219,-6.317165851593018,0.23657070100307465,532.1136474609375,118.67626190185547,-6.815011024475098,0.24220845103263855,34.503910064697266,9,2.102003574371338,0.7629815340042114,4.360363006591797,515.9501256468194,910.9343195112605,8.481971822220496,0.40905919432455057,0.6132461428642273,0.6118759512901306,-4.825682163238525,16,7.570131301879883,0.0005544695304706693,-162.8506622314453,12.612021446228027,8.481971822220496,0.40905919432455057
16106.2412109375,232.29171752929688,-10.517485618591309,0.015662798658013344,6881.705078125,83.54499053955078,-9.594240188598633,0.013184212148189545,15111.197265625,236.5623321533203,-10.448246955871582,0.017001081258058548,237.40647888183594,257,4.697066783905029,2.790219783782959,63.036216735839844,1055.5287377775642,970.6524266505119,8.486321139584506,0.3695451114818252,0.0528835691511631,0.05189234018325806,57.927001953125,3,8.66991138458252,0.00063493219204247,12802.2685546875,28.18239974975586,8.48632113958451,0.369545111481813
2518.67724609375,140.23648071289062,-8.502931594848633,0.060466986149549484,1491.82568359375,75.16767883300781,-7.934295177459717,0.05471959710121155,2123.314697265625,143.3882598876953,-8.317536354064941,0.07333800196647644,78.06289672851562,58,2.6478400230407715,1.8347699642181396,-58.22321319580078,564.4846491748556,934.0640021335242,8.483664002961145,0.40550385087308183,0.14778077602386475,0.1475416123867035,87.75567626953125,3,9.10285758972168,0.0006667250418104231,1899.9617919921875,15.887040138244629,8.483664002961149,0.40550385087306984
383.3613586425781,67.118408203125,-6.459020614624023,0.19013546407222748,487.377197265625,73.33487701416016,-6.719663143157959,0.16340869665145874,427.8003234863281,68.71168518066406,-6.5781025886535645,0.174429252743721,30.332944869995117,9,1.4053853750228882,0.874555766582489,-67.87765502929688,1457.6790149943529,919.3853827141206,8.482546383139576,0.3401053358807377,0.3600863516330719,0.35966336727142334,-57.95610427856445,1,6.618288040161133,0.0004846187657676637,182.07579040527344,8.43231201171875,8.482546383139576,0.3401053358807377
9565.3310546875,88.8284912109375,-9.951749801635742,0.010085144080221653,5188.8779296875,80.96357727050781,-9.287683486938477,0.01694517396390438,9450.2802734375,111.3343734741211,-9.93861198425293,0.012794237583875656,1231.74267578125,33,2.9189631938934326,0.5229111313819885,38.32424545288086,954.9682792699349,939.7715545766463,8.484063865284032,0.3769094782217607,0.04957326501607895,0.04616665840148926,36.8408203125,2,4.765801906585693,0.00034902989864349365,8479.3515625,17.513778686523438,8.484063865284028,0.3769094782217728
506.2041931152344,81.30663299560547,-6.760814189910889,0.17443357408046722,326.7431945800781,73.12247467041016,-6.285516262054443,0.24303798377513885,288.79345703125,108.24127197265625,-6.151468276977539,0.4070383906364441,27.61924934387207,11,1.99918532371521,0.9153019785881042,-81.8775405883789,451.3872009624659,932.9600672899338,8.483588322391789,0.41378641931175003,0.38162243366241455,0.3805277645587921,-66.66715240478516,2,8.090425491333008,0.000592584372498095,-128.36170959472656,11.995111465454102,8.483588322391785,0.413786419311762
800.6613159179688,100.83724975585938,-7.258622169494629,0.1367734968662262,451.388427734375,73.41754913330078,-6.636375904083252,0.17663602530956268,405.8806457519531,124.16465759277344,-6.52099609375,0.3322228193283081,33.49339294433594,18,2.3598811626434326,1.6046137809753418,-31.45741081237793,1532.5592343025107,933.387093125039,8.483568271026853,0.3346234277109986,0.35653218626976013,0.35597386956214905,-20.682395935058594,0,11.661276817321777,0.0008538616239093244,401.6915588378906,14.159286499023438,8.483568271026849,0.334623427711011
1074.1795654296875,93.71318817138672,-7.577692031860352,0.09474442154169083,795.633056640625,73.76459503173828,-7.251781940460205,0.10068504512310028,756.4518432617188,96.50543975830078,-7.196953296661377,0.13854801654815674,62.54720687866211,25,1.6315784454345703,1.379781723022461,-85.59064483642578,904.6617469931563,936.0749283516973,8.48379545613579,0.38059321850614924,0.15560930967330933,0.15513214468955994,82.49789428710938,0,6.458044052124023,0.0004729704814963043,559.6324462890625,9.789470672607422,8.48379545613579,0.38059321850614924
608.4108276367188,89.81644439697266,-6.960492134094238,0.16032038629055023,288.1446838378906,73.02881622314453,-6.149026393890381,0.2752412259578705,329.00592041015625,90.90647888183594,-6.293009281158447,0.3000688850879669,23.824995040893555,6,1.1446815729141235,0.46680644154548645,-6.123030662536621,1961.8352649392402,926.8346650691801,8.483066798116779,0.30320538625626897,0.27432793378829956,0.10738641023635864,-6.843638896942139,2,4.331600666046143,0.0003171089629177004,265.1757507324219,6.86808967590332,8.483066798116775,0.3032053862562813
427.8159484863281,75.30934143066406,-6.5781426429748535,0.19117087125778198,86.02552795410156,72.80310821533203,-4.836568355560303,0.9190780520439148,61.18208312988281,83.30181884765625,-4.4665608406066895,1.478631854057312,27.696245193481445,9,1.6151864528656006,1.0933245420455933,49.16153335571289,110.92169029377327,934.4243805084453,8.483711000453805,0.4387211195331234,0.28378161787986755,0.18096283078193665,50.60600662231445,0,7.94673490524292,0.0005820906371809542,-206.3867950439453,9.691118240356445,8.483711000453805,0.43872111953312337
628.8299560546875,77.67745208740234,-6.996333122253418,0.13415028154850006,545.0826416015625,73.60279846191406,-6.841156005859375,0.14664317667484283,533.83203125,78.8424301147461,-6.818511486053467,0.16039292514324188,45.38963317871094,15,1.3043441772460938,1.1220860481262207,66.40005493164062,1439.6382513162805,937.349550232964,8.483863081707016,0.3414252462784967,0.24958360195159912,0.24908684194087982,-69.17965698242188,0,7.228665351867676,0.0005293159047141671,320.4374084472656,7.8260650634765625,8.483863081707012,0.34142524627850895
3841.666259765625,102.58466339111328,-8.961298942565918,0.02899964153766632,3305.107177734375,78.02357482910156,-8.797964096069336,0.025637174025177956,3598.30517578125,113.79647827148438,-8.89024543762207,0.03434477373957634,224.1511688232422,54,1.9452766180038452,1.511357069015503,-12.249439239501953,1990.7841947118864,955.1369670921866,8.485138158266537,0.30108588115225454,0.044983308762311935,0.04492368549108505,49.77499771118164,0,3.9138424396514893,0.00028652072069235146,3578.6669921875,11.671659469604492,8.48513815826654,0.3010858811522421
4742.9375,70.56198120117188,-9.190118789672852,0.016156719997525215,3980.76904296875,79.13418579101562,-8.999917030334473,0.021588724106550217,4499.1611328125,86.02928924560547,-9.132828712463379,0.020765606313943863,933.7625732421875,29,2.752304792404175,0.5484326481819153,74.77131652832031,967.5770291493973,961.9610837316645,8.485688696940636,0.375985305344081,0.05795830115675926,0.05220073089003563,70.2434310913086,0,7.342123031616211,0.0005377072957344353,3787.330810546875,16.51382827758789,8.485688696940636,0.37598530534408087
418.07958984375,65.232666015625,-6.553147315979004,0.16944782435894012,417.6973876953125,73.44686126708984,-6.552154541015625,0.19095951318740845,390.8141174316406,72.36544799804688,-6.479925632476807,0.20109017193317413,47.71411895751953,10,1.251217246055603,0.6992977261543274,-4.63009786605835,212.3181826466237,948.6561705061565,8.484749063450447,0.43129430483756137,0.24672658741474152,0.24521733820438385,5.660958290100098,0,5.084700107574463,0.00037244384293444455,172.44436645507812,7.507303237915039,8.484749063450447,0.43129430483756137
1805.3026123046875,110.91217803955078,-8.141374588012695,0.06672046333551407,1371.859375,75.02714538574219,-7.843274116516113,0.059393465518951416,1699.6356201171875,108.87277221679688,-8.075889587402344,0.06956540048122406,75.79015350341797,40,1.9039477109909058,1.4999449253082275,48.13190460205078,1097.4643876998598,962.8796032424111,8.485749757167966,0.36647499621564994,0.1455322653055191,0.1443524807691574,39.39835739135742,0,6.207009792327881,0.0004545584961306304,1394.1453857421875,11.423686027526855,8.485749757167964,0.3664749962156499
1590.2933349609375,129.9349365234375,-8.003692626953125,0.08873164653778076,851.4752197265625,73.99952697753906,-7.325429916381836,0.09438147395849228,1147.814453125,115.28771209716797,-7.649679183959961,0.10907900333404541,50.06158447265625,28,2.324205160140991,1.425824761390686,73.82605743408203,1951.2453419743238,972.8701986402674,8.486438968748038,0.3039785235382177,0.2556438446044922,0.2555065453052521,75.21810150146484,2,10.906171798706055,0.0007984226103872061,616.5894775390625,13.945230484008789,8.486438968748038,0.30397852353821775
492.0631408691406,80.87419128417969,-6.7300519943237305,0.17849206924438477,140.9646453857422,72.8670425415039,-5.372775554656982,0.5613719820976257,63.49018478393555,64.90042877197266,-4.506766319274902,1.1101222038269043,31.678876876831055,9,1.8305306434631348,0.5585219264030457,49.9092903137207,1394.1455745772682,958.0374921743977,8.485380643166268,0.34475468274700666,0.3035818636417389,0.2924235761165619,2.2776706218719482,0,6.029263019561768,0.00044149704626761377,-172.607177734375,10.983183860778809,8.485380643166268,0.3447546827470066
2435.98828125,122.03976440429688,-8.46668815612793,0.05440715327858925,1732.9951171875,75.53335571289062,-8.096993446350098,0.04733378440141678,2219.4501953125,124.27059173583984,-8.36561393737793,0.060806889086961746,90.46886444091797,52,1.9710856676101685,1.868664026260376,11.441778182983398,1239.5739840543695,967.0330540489991,8.486047114583773,0.3560703270868454,0.11573105305433273,0.11558234691619873,-65.89950561523438,0,6.485851287841797,0.0004749567015096545,1761.3177490234375,11.82651424407959,8.486047114583773,0.3560703270868454
1630.4791259765625,129.35655212402344,-8.03078842163086,0.08615946769714355,1015.0230712890625,74.21424102783203,-7.5161895751953125,0.07940378040075302,1431.5389404296875,124.75641632080078,-7.88950777053833,0.09464322775602341,55.377994537353516,39,2.501924991607666,1.501752257347107,-33.67026901245117,341.49401368545597,965.5054155270354,8.485977552781488,0.4218330535980103,0.2542034685611725,0.2533574104309082,-40.28544998168945,2,10.48569107055664,0.0007680387352593243,435.4360046386719,15.011549949645996,8.485977552781488,0.4218330535980103
8366316.5,1520.046142578125,-17.30633544921875,0.00019731145584955812,2437757.5,777.6368408203125,-15.967475891113281,0.0003464304900262505,8254182.0,1454.4921875,-17.291685104370117,0.00019136705668643117,49858.44921875,2166,7.864858150482178,2.7095675468444824,-89.50020599365234,1969.3831362785509,1174.6374260902026,8.501215107347114,0.3026436458886637,0.0013433325802907348,0.0009348791209049523,-89.2674331665039,4,27.70550537109375,0.002028218237683177,8368918.0,47.18914794921875,8.501215107347114,0.3026436458886637
1572.2647705078125,109.55098724365234,-7.99131441116333,0.07566942274570465,1147.392822265625,74.4614028930664,-7.649280071258545,0.07047724723815918,1436.9344482421875,116.49967956542969,-7.893592357635498,0.08804761618375778,68.47111511230469,36,2.2724292278289795,1.4155519008636475,-72.71532440185547,709.1575337748926,975.9288960951098,8.486724111527469,0.3949075507611715,0.17174549400806427,0.17130698263645172,-60.60573196411133,0,9.115345001220703,0.0006676155026070774,861.6431274414062,13.634574890136719,8.486724111527469,0.3949075507611715
1428979.875,672.4790649414062,-15.387565612792969,0.0005110724596306682,1200212.375,548.09765625,-15.198144912719727,0.0004959406214766204,1390981.375,604.6915283203125,-15.35830307006836,0.0004721091245301068,47757.9375,869,2.4703619480133057,2.3814871311187744,-67.49075317382812,925.6697888115141,1066.7270945711398,8.493365004884465,0.37904946790899585,0.0012017566477879882,0.0011036520591005683,-87.3670883178711,4,4.794861316680908,0.00035115695209242404,1421232.625,14.822172164916992,8.493365004884465,0.37904946790899585
8848.9892578125,156.27125549316406,-9.867234230041504,0.01917852833867073,5758.291015625,81.7980728149414,-9.400733947753906,0.015426921658217907,8419.064453125,167.90829467773438,-9.813159942626953,0.021658986806869507,264.7094421386719,125,2.7503342628479004,2.3320324420928955,21.819538116455078,1062.0233518600403,991.371279902551,8.487838498543837,0.36906872350393866,0.044732436537742615,0.04423334449529648,21.59526824951172,3,5.5767412185668945,0.00040840543806552887,8228.166015625,16.50200653076172,8.487838498543837,0.3690687235039387
855.4624633789062,100.8573989868164,-7.330502510070801,0.12803733348846436,546.4295654296875,73.63355255126953,-6.843835353851318,0.14634279906749725,645.5020141601562,93.04057312011719,-7.024744033813477,0.15653252601623535,34.723812103271484,20,2.140697956085205,1.0105847120285034,11.342385292053223,79.48275156397294,967.9916048764034,8.486171569702323,0.4410221564381784,0.35403972864151,0.35154131054878235,13.812203407287598,0,8.802000045776367,0.00064473832026124,-28.38205337524414,12.84418773651123,8.486171569702329,0.4410221564381666
504.0087585449219,74.55067443847656,-6.7560954093933105,0.16063615679740906,368.98175048828125,73.22212219238281,-6.4175124168396,0.21550992131233215,346.7948913574219,83.7223129272461,-6.350181579589844,0.26217928528785706,31.490711212158203,12,1.8759918212890625,0.9158570170402527,-18.27779769897461,1275.1789834233189,973.153212941553,8.486493669469255,0.35346338956146817,0.30559855699539185,0.3054620027542114,-51.18416976928711,0,7.837625503540039,0.0005739391781389713,-315.8307800292969,11.255950927734375,8.486493669469255,0.3534633895614682
477.52996826171875,76.56913757324219,-6.6975016593933105,0.17413374781608582,388.9596862792969,73.39873504638672,-6.474761486053467,0.20493391156196594,335.90875244140625,69.30809020996094,-6.315553188323975,0.22407449781894684,33.82609939575195,11,1.625137209892273,0.6377670168876648,-53.62508010864258,891.0908655534876,978.6789473115342,8.486916962744989,0.38158511964357805,0.3881368935108185,0.3850981593132019,-54.66279220581055,0,6.071163177490234,0.0004446363018359989,114.5970230102539,9.750823020935059,8.486916962744989,0.38158511964357805
673.7699584960938,86.92765045166016,-7.071279048919678,0.1401122510433197,442.3857421875,73.43104553222656,-6.614502906799316,0.18026375770568848,380.4479675292969,87.4480972290039,-6.450737953186035,0.24962317943572998,45.04239273071289,16,1.4828227758407593,1.2816808223724365,-48.72581481933594,1265.4837529783533,978.8258201908725,8.486909652967386,0.35417295195199905,0.23845981061458588,0.23727701604366302,-60.27105712890625,0,8.246291160583496,0.0006038671126589179,291.2490539550781,8.896936416625977,8.486909652967386,0.35417295195199905
1761.265625,145.49163818359375,-8.114562034606934,0.08971044421195984,832.8878784179688,73.91188049316406,-7.301466464996338,0.09637348353862762,1246.5631103515625,146.62408447265625,-7.739285469055176,0.12773822247982025,51.33750915527344,31,2.0611674785614014,1.6744887828826904,-88.50001525878906,608.5522536661458,994.2098540250411,8.488068000773698,0.4022740839175947,0.2945803701877594,0.2939353883266449,-48.24488830566406,2,10.077609062194824,0.0007381083560176194,1146.4658203125,12.36700439453125,8.488068000773694,0.4022740839176067
44526.94921875,306.8601989746094,-11.621557235717773,0.00748423533514142,19749.85546875,100.53018188476562,-10.738909721374512,0.005527927540242672,42810.98828125,300.9563293457031,-11.578887939453125,0.0076344553381204605,866.9407958984375,520,5.293368816375732,3.742260456085205,11.1167631149292,329.2269881735218,1042.916786610302,8.491649122302142,0.4227280168284742,0.02071656845510006,0.02039281092584133,6.566011428833008,0,5.429211139678955,0.0003976677544414997,40993.15234375,31.760211944580078,8.491649122302142,0.4227280168284742
1052.8192138671875,98.32881927490234,-7.55588436126709,0.10142776370048523,825.1702270507812,74.12583923339844,-7.291358947753906,0.09755642712116241,883.9722900390625,102.9737548828125,-7.366096496582031,0.1265079230070114,47.08948516845703,25,2.127133369445801,1.1735345125198364,-40.178829193115234,68.54337620697815,1001.0946855031848,8.488597213296126,0.44182184146836045,0.19940803945064545,0.19868597388267517,-41.453609466552734,0,9.437971115112305,0.000691321212798357,681.44384765625,12.762800216674805,8.488597213296126,0.44182184146836045
3549.91455078125,172.25242614746094,-8.875544548034668,0.05269595608115196,1674.935546875,75.27172088623047,-8.059995651245117,0.04880491644144058,2644.21435546875,150.60411071777344,-8.555741310119629,0.06185431405901909,79.89625549316406,65,2.4346671104431152,2.223252534866333,-48.72962951660156,1499.2818932921314,1053.0404453054698,8.492333964184892,0.337054552682341,0.15133385360240936,0.15081128478050232,-8.869715690612793,2,8.539247512817383,0.0006252620369195938,2442.783935546875,14.608002662658691,8.492333964184889,0.33705455268235324
459.8766174316406,68.60501098632812,-6.6566033363342285,0.16201093792915344,366.37945556640625,73.33229064941406,-6.409827709197998,0.21736718714237213,380.18035888671875,73.78323364257812,-6.449974060058594,0.21076467633247375,35.327877044677734,11,1.3932549953460693,0.9263014793395996,28.218997955322266,1540.5901787809184,1012.5239160546157,8.489364252280792,0.33403238868412716,0.35093680024147034,0.3499525785446167,10.410149574279785,0,5.818456649780273,0.0004260344139765948,114.37452697753906,8.359529495239258,8.489364252280788,0.3340323886841394
388.0747985839844,68.57772064208984,-6.472288608551025,0.19190992414951324,187.63165283203125,72.9169692993164,-5.683265209197998,0.4220387637615204,167.94361877441406,95.20332336425781,-5.56290864944458,0.6156280636787415,33.6259651184082,9,1.6534255743026733,0.8758507966995239,67.67816162109375,1742.878626389352,1023.0931870549565,8.490128076229754,0.319225626698256,0.3830796480178833,0.3817862272262573,-89.22455596923828,0,7.190088748931885,0.0005264222854748368,-41.4904899597168,9.920553207397461,8.490128076229754,0.319225626698256
3510.092529296875,149.41868591308594,-8.863296508789062,0.046229179948568344,2093.93212890625,76.14617156982422,-8.302406311035156,0.03949255868792534,3219.069091796875,152.1107940673828,-8.769326210021973,0.051316797733306885,99.24949645996094,72,2.342599868774414,2.0973634719848633,45.85319519042969,1577.6721120499317,1040.318498873814,8.491398165780618,0.3313169624007255,0.12028199434280396,0.11996076256036758,11.308467864990234,2,7.111255645751953,0.0005206858622841537,3057.96875,14.055599212646484,8.491398165780618,0.3313169624007255
4455.5986328125,158.08973693847656,-9.122264862060547,0.038532521575689316,2391.820556640625,76.51604461669922,-8.446821212768555,0.03474191576242447,3756.48828125,160.58554077148438,-8.936955451965332,0.04642524570226669,112.21363830566406,92,3.5628771781921387,1.7237451076507568,-29.936965942382812,1574.070811738351,1055.3620861864135,8.492500199511136,0.3315799790711633,0.11031198501586914,0.10812869668006897,-24.57500648498535,0,10.945682525634766,0.0008014424820430577,2728.513916015625,21.377262115478516,8.492500199511136,0.3315799790711633
495.1755065917969,79.76676940917969,-6.736897945404053,0.17494143545627594,285.3121032714844,73.16757202148438,-6.13830041885376,0.2785019874572754,372.39300537109375,81.21622467041016,-6.42750358581543,0.23684875667095184,35.778079986572266,11,1.8136532306671143,0.9027064442634583,-66.48696899414062,164.95087630250916,1041.158513558248,8.491527891051991,0.43475924330365495,0.4762492775917053,0.47578004002571106,-33.450965881347656,1,7.649244785308838,0.0005602900055237114,-4.5968194007873535,10.881919860839844,8.491527891051991,0.43475924330365495
408.7849426269531,72.7410888671875,-6.5287370681762695,0.19324788451194763,180.7579345703125,72.90538024902344,-5.6427435874938965,0.4380180835723877,197.37208557128906,82.87201690673828,-5.738214492797852,0.45598652958869934,31.09210777282715,9,1.4806584119796753,1.1620830297470093,-11.320022583007812,1968.0801800776342,1039.4246342690224,8.491312476224328,0.30274402331174755,1.178856372833252,1.1774787902832031,19.706296920776367,0,7.843389987945557,0.0005741933127865195,-68.00757598876953,8.883950233459473,8.491312476224328,0.30274402331174755
953.5369262695312,108.0427474975586,-7.448343753814697,0.12305178493261337,530.5679931640625,73.49295043945312,-6.81185245513916,0.15043000876903534,964.154296875,130.0691680908203,-7.460366249084473,0.14650675654411316,32.932472229003906,6,0.969275712966919,0.6640242338180542,-23.738004684448242,1826.9544727163625,1034.3327895152488,8.490946932678934,0.313071930830882,0.47897109389305115,0.47646215558052063,-79.89086151123047,18,4.605257034301758,0.0003371609782334417,797.8080444335938,5.815654277801514,8.49094693267893,0.3130719308308943
382.143798828125,66.664306640625,-6.455566883087158,0.18945077061653137,376.14154052734375,73.23414611816406,-6.43837833404541,0.21144242584705353,517.8164672851562,149.56114196777344,-6.785439491271973,0.3136698305606842,36.35622787475586,9,1.235010027885437,1.008399486541748,-87.59383392333984,926.446828060348,1049.38076013162,8.49209432228545,0.37899328799776233,0.35875704884529114,0.3581630289554596,-11.764126777648926,1,5.000171184539795,0.0003661936498247087,888.1920166015625,7.410059928894043,8.49209432228545,0.37899328799776233
7315.5751953125,80.72023010253906,-9.660621643066406,0.011982949450612068,5480.76953125,81.32827758789062,-9.3471040725708,0.016114981845021248,7057.931640625,118.8070068359375,-9.62169361114502,0.018280766904354095,973.4989013671875,37,4.966307163238525,0.619189441204071,44.0771598815918,468.7346162780607,1078.9474021231563,8.494282085434623,0.4125096133517474,0.026252983137965202,0.02481221780180931,40.79399108886719,3,10.504124641418457,0.0007693629595451057,4027.854736328125,29.79784393310547,8.494282085434628,0.4125096133517356
1185.12744140625,102.47074890136719,-7.684412479400635,0.09389980137348175,944.7218627929688,74.21086120605469,-7.438260078430176,0.08530870079994202,1361.7657470703125,156.74623107910156,-7.835256099700928,0.12500417232513428,50.62378692626953,15,1.7014000415802002,1.1195213794708252,52.15737533569336,1089.5807362391474,1058.1749239586893,8.492730531261754,0.3670482894099337,0.28648003935813904,0.2855609953403473,5.880188465118408,3,8.255569458007812,0.0006045767804607749,1168.394287109375,10.20840072631836,8.492730531261754,0.3670482894099338
758.0678100585938,83.42013549804688,-7.199270248413086,0.11950681358575821,555.8804931640625,73.50674438476562,-6.862453460693359,0.1436070054769516,490.39447021484375,89.38086700439453,-6.7263641357421875,0.19793784618377686,54.582542419433594,18,1.465132236480713,1.3227380514144897,62.48692321777344,446.7528255498556,1061.787958978124,8.493026084446903,0.4141201660809985,0.19028031826019287,0.18938855826854706,-63.780731201171875,0,6.616246223449707,0.0004846023803111166,369.207763671875,8.790793418884277,8.493026084446898,0.4141201660810102
686.886962890625,90.79146575927734,-7.092213153839111,0.1435454934835434,472.3187561035156,73.33824157714844,-6.6855878829956055,0.16862621903419495,525.5635986328125,94.56103515625,-6.801563262939453,0.19539649784564972,44.245906829833984,16,1.7529399394989014,1.2358379364013672,15.57837200164795,1517.83254351308,1071.109205247119,8.493656457129177,0.33569593004183546,0.3350728154182434,0.33353468775749207,14.50211238861084,0,6.7334394454956055,0.0004930323921144009,212.38168334960938,10.51763916015625,8.493656457129175,0.3356959300418477
380.03900146484375,58.48507308959961,-6.449570655822754,0.16712702810764313,311.2022399902344,73.18240356445312,-6.232606887817383,0.25538405776023865,312.0711669921875,58.59950256347656,-6.2356343269348145,0.20392483472824097,44.448116302490234,9,1.116998553276062,0.7373909950256348,-83.45169067382812,1495.385224428414,1067.3672932921256,8.493383528145461,0.3373392300119042,0.21044538915157318,0.2086765021085739,85.5848617553711,0,3.8030316829681396,0.0002784661774057895,276.7617492675781,6.701991081237793,8.493383528145461,0.33733923001190425
7052.201171875,62.329036712646484,-9.620811462402344,0.009598326869308949,6969.33544921875,83.573486328125,-9.607978820800781,0.01302287820726633,6953.7216796875,71.18360137939453,-9.60554313659668,0.011117124930024147,1343.9267578125,18,1.442124605178833,0.5855408906936646,-22.719369888305664,464.6871650721418,1071.8403985527707,8.493761645179683,0.41280632938760187,0.014294357970356941,0.012155838310718536,-23.24615478515625,3,3.9473612308502197,0.0002891204785555601,6702.75146484375,8.652748107910156,8.49376164517968,0.4128063293876137
465.3539733886719,73.052490234375,-6.669458389282227,0.17048314213752747,400.75140380859375,73.21815490722656,-6.507187843322754,0.19841457903385162,446.4846496582031,82.60821533203125,-6.624516487121582,0.20093080401420593,41.411949157714844,11,1.7806389331817627,0.9396319389343262,-65.64765167236328,1606.0156068217598,1081.8752794352072,8.494440475411045,0.3292406991060349,0.4340548813343048,0.43220484256744385,-66.006591796875,0,7.7334747314453125,0.0005662358598783612,61.49110794067383,10.683834075927734,8.494440475411045,0.32924069910603476
465.7373962402344,78.24608612060547,-6.670352935791016,0.18245314061641693,90.46186828613281,72.81060028076172,-4.8911638259887695,0.8740954995155334,137.0592803955078,72.65858459472656,-5.342271327972412,0.5757160186767578,31.303335189819336,6,1.5935527086257935,0.5418476462364197,40.65812683105469,805.9735058743898,1085.9206110485275,8.494776780556656,0.3878133299145089,0.9621217846870422,0.9585273861885071,20.11397361755371,2,5.5338969230651855,0.00040529307443648577,76.53756713867188,9.56131649017334,8.494776780556661,0.3878133299144969
9803.5986328125,292.30072021484375,-9.978464126586914,0.03237980231642723,2250.618408203125,76.26130676269531,-8.380754470825195,0.03679867833852768,8908.9091796875,320.13427734375,-9.874561309814453,0.039024509489536285,78.08122253417969,188,4.36251974105835,3.460606575012207,-78.2839126586914,130.8071214929182,1128.9895264708887,8.497963870658841,0.43725596755194623,0.1798800528049469,0.17967024445533752,79.23480224609375,3,15.7001314163208,0.0011499937390908599,8811.52734375,26.17511749267578,8.497963870658836,0.43725596755195767
1351.3133544921875,87.44194793701172,-7.826889991760254,0.07027382403612137,1173.2357177734375,74.61662292480469,-7.673463344573975,0.06906852126121521,1230.5068359375,96.02108764648438,-7.725210189819336,0.08474467694759369,78.00300598144531,28,1.5185352563858032,1.4838838577270508,81.63004302978516,902.0646726979697,1091.3136580925081,8.49516715648118,0.38077688663812714,0.1162053793668747,0.11601347476243973,-43.942203521728516,0,5.735569477081299,0.00042005249997600913,1107.9345703125,9.111211776733398,8.49516715648118,0.38077688663812714
968.2108154296875,94.44618225097656,-7.4649248123168945,0.10593617707490921,786.6470336914062,73.89173126220703,-7.239449977874756,0.10201071202754974,751.8626708984375,86.76795959472656,-7.1903462409973145,0.12532874941825867,51.837425231933594,23,1.43612802028656,1.2407221794128418,-29.75800132751465,684.707087822271,1089.6654831498995,8.49505695461983,0.396693196366634,0.17631231248378754,0.17597275972366333,10.099956512451172,0,5.1818366050720215,0.0003795200609602034,258.5497741699219,8.616767883300781,8.49505695461983,0.396693196366634
470.18963623046875,78.78913116455078,-6.68068265914917,0.18197976052761078,199.15048217773438,72.9076156616211,-5.747953414916992,0.3975771367549896,134.2697296142578,92.92871856689453,-5.319945335388184,0.7516257762908936,34.34140396118164,6,0.8264757990837097,0.6110167503356934,48.9088134765625,175.17017858443737,1083.205552108483,8.494607741672514,0.43400892525287277,0.34528809785842896,0.34457722306251526,67.86705780029297,2,4.207723617553711,0.0003082045295741409,192.79312133789062,4.958854675292969,8.494607741672514,0.43400892525287277
838.4718627929688,89.67486572265625,-7.30872106552124,0.11614809185266495,624.6732177734375,73.79252624511719,-6.989132404327393,0.12828896939754486,600.8634643554688,97.9273910522461,-6.946939468383789,0.17699386179447174,39.94366455078125,20,1.6794687509536743,1.375831127166748,5.538685321807861,142.52429497045696,1097.9097030020785,8.495686460031667,0.4363991991003908,0.2136298567056656,0.2127876728773117,30.14754295349121,0,8.904233932495117,0.0006522131734527647,586.3313598632812,10.076812744140625,8.495686460031667,0.4363991991003908
794.50439453125,89.3976058959961,-7.250240802764893,0.12219668179750443,619.3683471679688,73.72679138183594,-6.979872703552246,0.12927250564098358,654.5072631835938,99.587646484375,-7.039786338806152,0.16524215042591095,43.7064323425293,19,1.729215145111084,1.21332585811615,83.4485855102539,1769.8566075142264,1099.7641675827124,8.495742155940398,0.317248205333394,0.2651527225971222,0.26405948400497437,71.08792114257812,0,8.667366027832031,0.0006345688598230481,511.79144287109375,10.375290870666504,8.495742155940398,0.317248205333394
472.75738525390625,75.41901397705078,-6.686595916748047,0.17324964702129364,401.6787109375,73.19105529785156,-6.509696960449219,0.1978832483291626,384.1736755371094,124.98538208007812,-6.4613189697265625,0.35331448912620544,29.181419372558594,11,1.4792596101760864,1.3630850315093994,16.817684173583984,465.29089405648165,1098.2148274211274,8.495693701080688,0.41276098164099173,0.36484426259994507,0.36361566185951233,-10.374756813049316,0,8.495699882507324,0.000622257124632597,434.3575134277344,8.875557899475098,8.495693701080688,0.4127609816409917
1419.8470458984375,107.40569305419922,-7.880603790283203,0.08215150982141495,974.352783203125,74.23168182373047,-7.471790790557861,0.08273759484291077,1102.9967041015625,102.7255630493164,-7.606435298919678,0.10114260762929916,59.911834716796875,29,1.6899915933609009,1.3439557552337646,-25.298507690429688,1353.2541304968881,1101.989209413106,8.495926653686382,0.34774243632141927,0.1565432846546173,0.15598660707473755,-82.32865142822266,2,6.1196088790893555,0.00044811342377215624,1098.40576171875,10.139949798583984,8.495926653686379,0.3477424363214314
427.23590087890625,75.2408218383789,-6.576669216156006,0.19125624001026154,259.7021789550781,73.0671157836914,-6.036189079284668,0.30554571747779846,220.5411376953125,76.31745910644531,-5.858724117279053,0.37580636143684387,24.424701690673828,9,1.9075803756713867,0.729928731918335,46.667850494384766,215.00592627004508,1103.9182342117024,8.4961232700099,0.4310905270560136,0.5047405958175659,0.5023874640464783,12.647990226745605,0,7.048956871032715,0.0005163133610039949,-347.45025634765625,11.44548225402832,8.496123270009894,0.4310905270560251
12576.908203125,227.48489379882812,-10.248934745788574,0.019643031060695648,4888.89013671875,80.42849731445312,-9.22302532196045,0.017866089940071106,11568.921875,243.27395629882812,-10.158232688903809,0.022836659103631973,183.06517028808594,225,5.089346885681152,2.7340049743652344,-33.21273422241211,1679.6397327198579,1149.1410737231415,8.499363327829808,0.3238492988765898,0.07154083251953125,0.07047342509031296,-43.8655891418457,0,12.650097846984863,0.0009261905215680599,8018.052734375,30.536081314086914,8.499363327829807,0.3238492988765898
967.5969848632812,103.86898040771484,-7.464236259460449,0.11657923460006714,566.79248046875,73.49645233154297,-6.8835601806640625,0.14082252979278564,733.0546264648438,94.27566528320312,-7.162840843200684,0.13966676592826843,44.041404724121094,19,2.0588459968566895,1.0548454523086548,-61.8709602355957,937.7997496111333,1116.52602692546,8.497012235898984,0.3781592467263869,0.3227394223213196,0.32078760862350464,-57.38615417480469,2,7.985968589782715,0.0005848562577739358,494.1103820800781,12.353075981140137,8.497012235898984,0.37815924672638684
585.73046875,76.17505645751953,-6.919244766235352,0.14123579859733582,574.0035400390625,73.47996520996094,-6.897286415100098,0.13902221620082855,509.0820007324219,71.83960723876953,-6.766969203948975,0.15325196087360382,47.81230163574219,14,1.4589349031448364,0.8642875552177429,33.42533493041992,1608.3620890180023,1111.8046616199877,8.49663246871212,0.32906779602882646,0.23508791625499725,0.23389002680778503,29.649150848388672,0,6.704455852508545,0.0004908905830234289,281.6546325683594,8.753609657287598,8.49663246871212,0.32906779602882635
19417.91796875,290.3287048339844,-10.72050666809082,0.016237424686551094,5752.46240234375,81.81495666503906,-9.39963436126709,0.015445741824805737,18511.939453125,299.56658935546875,-10.66862964630127,0.017574027180671692,179.00082397460938,357,5.076655864715576,4.161587715148926,-84.86656188964844,963.2147169878922,1181.017236074001,8.501734969246291,0.376295730446659,0.07495014369487762,0.0744960829615593,81.94219207763672,2,11.746992111206055,0.0008602846064604819,15509.3603515625,30.45993423461914,8.501734969246291,0.376295730446659
985.2257080078125,82.9615707397461,-7.483839511871338,0.09144733846187592,831.4984741210938,73.9095687866211,-7.29965353012085,0.09653149545192719,812.1801147460938,78.61083984375,-7.274130821228027,0.10511384159326553,63.978233337402344,22,1.2834017276763916,1.2051459550857544,40.857364654541016,1245.5415188849909,1121.5097942387367,8.497361929384054,0.3556272100437942,0.13881462812423706,0.13862329721450806,63.730751037597656,0,4.4938764572143555,0.00032907960121519864,758.7618408203125,7.70041036605835,8.497361929384052,0.35562721004379416
923.4365234375,100.66537475585938,-7.413517475128174,0.11838669329881668,667.8121337890625,73.66525268554688,-7.061635971069336,0.11979486793279648,723.3004150390625,92.57844543457031,-7.14829683303833,0.1390019804239273,47.11030578613281,18,1.960756778717041,1.0301358699798584,-66.55481719970703,1273.3610495265475,1130.5814382817205,8.498024989329261,0.35359016841221247,0.27348074316978455,0.2722264230251312,-39.760597229003906,2,8.503098487854004,0.000622662075329572,622.4594116210938,11.764540672302246,8.498024989329261,0.35359016841221247
3071.137451171875,61.1843376159668,-8.71824836730957,0.021635694429278374,2980.860595703125,77.26692199707031,-8.685853958129883,0.028150219470262527,3358.044677734375,72.33277130126953,-8.815216064453125,0.02339259721338749,395.86163330078125,22,2.351128339767456,0.5023449063301086,7.380634307861328,1465.7242758666307,1121.0235190488538,8.49731507409648,0.339508369348225,0.0507422536611557,0.04583478718996048,8.592507362365723,19,5.762481689453125,0.0004219440743327141,2767.341552734375,14.106769561767578,8.49731507409648,0.3395083693482249
905.3145141601562,104.71952056884766,-7.391998767852783,0.1256197690963745,540.843017578125,73.53868103027344,-6.832678318023682,0.1476639211177826,559.1880493164062,86.4945068359375,-6.868894577026367,0.1679811179637909,35.45442199707031,18,1.9048938751220703,0.95904141664505,-47.61826705932617,316.89427864688616,1131.40229111971,8.498131907326135,0.4236273538639544,0.29932329058647156,0.2981552481651306,-37.89957046508789,2,8.083772659301758,0.000592099386267364,-176.28872680664062,11.429363250732422,8.498131907326135,0.42362735386395434
2161.837646484375,40.63490295410156,-8.337058067321777,0.020412959158420563,2031.9583740234375,75.79730987548828,-8.269786834716797,0.04051061347126961,2106.582275390625,40.890586853027344,-8.308945655822754,0.021080201491713524,752.2403564453125,9,1.529327154159546,0.13137701153755188,-1.2679212093353271,1459.508107959307,1120.0008629771983,8.497240490222604,0.33996344620200936,0.026840265840291977,0.022090770304203033,0.8167158961296082,19,2.5981502532958984,0.000190243823453784,1876.624755859375,9.175962448120117,8.497240490222604,0.3399634462020093
627.7800903320312,81.67378234863281,-6.994518756866455,0.1412878930568695,529.2865600585938,73.51935577392578,-6.809226989746094,0.1508483737707138,537.4895629882812,91.18801879882812,-6.825924873352051,0.18424579501152039,48.907039642333984,15,1.9883332252502441,1.0450555086135864,4.715975761413574,1448.3999168318478,1129.3090430113334,8.497922835848673,0.3407762349708162,0.3286181688308716,0.3280045986175537,12.972583770751953,0,7.641590595245361,0.0005595405818894506,-15.076292991638184,11.929999351501465,8.497922835848673,0.3407762349708161
6348.80224609375,84.66600036621094,-9.506729125976562,0.014482617378234863,5842.89111328125,81.9763412475586,-9.416569709777832,0.0152366878464818,5963.7685546875,89.28052520751953,-9.438801765441895,0.01625794917345047,866.7960205078125,42,1.9282790422439575,0.8859773874282837,48.62134552001953,613.9210595621387,1151.528597993179,8.49959207409989,0.4018742402557567,0.013002665713429451,0.012026406824588776,16.73531723022461,2,3.6738052368164062,0.00026907367282547057,5874.55322265625,11.569674491882324,8.49959207409989,0.4018742402557567
1062.34716796875,111.30130767822266,-7.565666198730469,0.11377939581871033,682.6162719726562,73.80376434326172,-7.085441589355469,0.11741720139980316,935.703857421875,221.86410522460938,-7.4278459548950195,0.25750070810317993,45.39449691772461,25,2.237875461578369,1.4989137649536133,-74.18863677978516,137.27996982713185,1147.4529357851206,8.499316169240307,0.4367810919556359,0.2815408706665039,0.2806558310985565,-72.39725494384766,2,10.972846984863281,0.000803730043116957,1807.7252197265625,13.427252769470215,8.499316169240307,0.4367810919556359
710.7520751953125,85.64273834228516,-7.129295349121094,0.13085858523845673,529.1204223632812,73.49053192138672,-6.808886528015137,0.15083658695220947,493.4267272949219,97.25453186035156,-6.733056545257568,0.21405087411403656,38.63397216796875,17,1.6769202947616577,1.0959913730621338,48.97806930541992,369.166837740396,1148.244306895033,8.499363220659536,0.4197984192826825,0.24341537058353424,0.24125422537326813,39.34946060180664,0,8.108297348022461,0.000593889388255775,359.1695251464844,10.061521530151367,8.499363220659536,0.4197984192826826
738.7785034179688,95.32603454589844,-7.171285629272461,0.1401287019252777,472.9351806640625,73.36787414550781,-6.687004089355469,0.1684744954109192,501.8028259277344,91.71363067626953,-6.751332759857178,0.198486328125,39.44347381591797,17,2.0689918994903564,1.0079731941223145,-74.0150375366211,1770.0655595889898,1150.2699182454596,8.499441208484102,0.3172310149092832,0.38936710357666016,0.38642847537994385,86.88957214355469,0,8.5038480758667,0.000622594146989286,262.7886047363281,12.413951873779297,8.499441208484102,0.3172310149092832
1045.195556640625,103.16275024414062,-7.5479936599731445,0.10719022154808044,756.9733276367188,73.92753601074219,-7.197701454162598,0.1060609444975853,771.4636840820312,109.26927185058594,-7.218288898468018,0.15381984412670135,62.07320022583008,25,2.1021769046783447,1.4101506471633911,-45.26487350463867,1894.3709150053905,1155.4518250001274,8.499814065481985,0.30813364256592274,0.22055336833000183,0.21942520141601562,-60.01945877075195,0,7.222198963165283,0.0005287303938530385,86.28874969482422,12.613061904907227,8.499814065481985,0.3081336425659227
560.2962646484375,82.36162567138672,-6.871044158935547,0.15963827073574066,488.84808349609375,73.4231185913086,-6.722934722900391,0.163113072514534,436.936767578125,75.284423828125,-6.601046562194824,0.18711833655834198,36.96493911743164,13,1.5578919649124146,0.87018883228302,70.89781188964844,1502.8010575798717,1150.7192253965018,8.499488188266046,0.3367931637965037,0.3462316393852234,0.3449241518974304,-77.76558685302734,0,5.858099460601807,0.0004289379867259413,199.5237274169922,9.347352027893066,8.499488188266042,0.33679316379651586
2110.3662109375,110.13168334960938,-8.310894966125488,0.0566740520298481,1620.3824462890625,75.34982299804688,-8.024044036865234,0.05050036683678627,1869.409423828125,115.1471939086914,-8.179261207580566,0.06689270585775375,81.14823913574219,44,1.9487645626068115,1.6002495288848877,-49.2978515625,1784.2902096028163,1159.5671809562148,8.500121381080836,0.3161896092653927,0.11281437426805496,0.11223333328962326,79.30642700195312,0,6.702401638031006,0.000490700826048851,1468.7862548828125,11.692586898803711,8.500121381080836,0.3161896092653927
376.38079833984375,62.71022033691406,-6.439068794250488,0.18094255030155182,381.86505126953125,73.2437515258789,-6.454774856567383,0.20830059051513672,534.6083984375,96.76599884033203,-6.820089340209961,0.19656981527805328,35.9727783203125,9,1.2001882791519165,0.7186354994773865,43.320831298828125,619.3916943689152,1155.0025589494255,8.499846289637626,0.40147347947855605,0.41619542241096497,0.4154423475265503,78.76041412353516,3,5.4522705078125,0.0003993298450950533,418.7042236328125,7.201129913330078,8.499846289637626,0.4014734794785561
124212.15625,259.14678955078125,-12.735410690307617,0.0022657476365566254,95767.5625,169.7777862548828,-12.453045845031738,0.0019252726342529058,120879.4765625,228.19020080566406,-12.705881118774414,0.002050096169114113,5661.81884765625,298,2.7194831371307373,2.060934543609619,-30.323396682739258,296.4258740619427,1202.4067331773504,8.50333441943792,0.42512331858444274,0.004540308378636837,0.0042364695109426975,-31.794843673706055,0,5.130984783172607,0.00037581936339847744,123849.328125,16.316898345947266,8.50333441943792,0.42512331858444274
723.7379150390625,92.14391326904297,-7.148953437805176,0.138265922665596,437.61065673828125,73.36587524414062,-6.602719783782959,0.18206901848316193,714.2227783203125,153.5280303955078,-7.134584426879883,0.23344458639621735,36.540523529052734,9,1.6765594482421875,0.8040477633476257,-51.74081039428711,1299.6965511073843,1169.5513502966196,8.500878046970026,0.3516606425101978,0.565984845161438,0.5636920928955078,-49.774906158447266,2,6.934609889984131,0.0005077988025732338,623.7785034179688,10.059356689453125,8.500878046970021,0.35166064251020984
3462.673828125,99.4009017944336,-8.848528861999512,0.031175151467323303,3032.25048828125,77.61944580078125,-8.704412460327148,0.027799392119050026,3253.38671875,101.71995544433594,-8.780838966369629,0.03395473212003708,206.26113891601562,47,1.5981920957565308,1.4831748008728027,-22.731653213500977,852.6826863037721,1172.6365001965967,8.501126584294763,0.38438949614057893,0.04855179414153099,0.04819418862462044,-84.14139556884766,2,3.6974825859069824,0.00027079161372967064,2895.453857421875,9.589152336120605,8.50112658429476,0.3843894961405908
1463.2607421875,122.63470458984375,-7.913304328918457,0.09101678431034088,912.095458984375,74.32636260986328,-7.4001007080078125,0.08849778771400452,1008.0797729492188,139.8269500732422,-7.508737087249756,0.1506349742412567,44.999752044677734,35,2.2758660316467285,1.637378454208374,2.519599199295044,952.722058323585,1172.647808060798,8.501122434969329,0.37706434763972974,0.22255194187164307,0.2223697453737259,20.582979202270508,3,11.033927917480469,0.0008080670377239585,1164.6068115234375,13.655196189880371,8.501122434969329,0.37706434763972974
1379.53466796875,105.40335083007812,-7.849331378936768,0.082975834608078,1095.26416015625,74.51619720458984,-7.59879732131958,0.07388591021299362,1021.1211547851562,98.45362854003906,-7.522693157196045,0.10470906645059586,95.64949798583984,32,1.7139068841934204,1.3615778684616089,-74.2578125,263.50289196664954,1176.8845032184631,8.501466315511559,0.427535571281164,0.13983343541622162,0.13950803875923157,67.05858612060547,0,4.606193542480469,0.0003373837098479271,646.395263671875,10.283441543579102,8.501466315511564,0.42753557128115255
1439.698974609375,112.78800964355469,-7.895679473876953,0.08507874608039856,1036.7496337890625,74.27848052978516,-7.5391845703125,0.07780704647302628,1065.175048828125,109.5992660522461,-7.568552494049072,0.11174201220273972,52.69306945800781,34,1.9597941637039185,1.4478346109390259,-41.351253509521484,1859.494983415381,1177.1358531490655,8.501404054760767,0.31068512680141447,0.17928048968315125,0.17824819684028625,-33.567989349365234,0,8.546998023986816,0.0006257263594307005,591.7820434570312,11.75876522064209,8.501404054760764,0.31068512680142674
1005.9197998046875,104.368408203125,-7.506408214569092,0.11267706751823425,659.9146728515625,73.65206909179688,-7.04871940612793,0.12120680510997772,599.5718383789062,84.09271240234375,-6.944602966308594,0.15231649577617645,36.450740814208984,14,2.664928913116455,0.5743787288665771,54.41438293457031,673.3900022876148,1175.2483736302834,8.501326733523914,0.3975183711274726,0.24558883905410767,0.24502061307430267,67.45519256591797,2,7.394035816192627,0.000541539047844708,-265.6982727050781,15.98957347869873,8.50132673352391,0.39751837112748434
545.2696533203125,85.15727233886719,-6.841528415679932,0.16960562765598297,165.72314453125,72.88002014160156,-5.548458099365234,0.4775899052619934,212.83172607421875,91.3254165649414,-5.8200907707214355,0.46599915623664856,23.173330307006836,10,1.8116780519485474,1.1111215353012085,-75.99203491210938,1257.9113819784036,1180.509187691803,8.50168281229453,0.35471929687934156,0.8510550856590271,0.8508025407791138,-46.29336929321289,0,8.488564491271973,0.0006215980392880738,-89.65458679199219,10.870068550109863,8.501682812294526,0.3547192968793536
1215.17626953125,108.30257415771484,-7.7115983963012695,0.09678974002599716,838.7645874023438,73.95003509521484,-7.309100151062012,0.09574764966964722,1081.9490966796875,117.91746520996094,-7.585516929626465,0.11835895478725433,47.051090240478516,29,3.0205090045928955,1.0919137001037598,-36.48072052001953,1227.7865356553984,1188.1611318201708,8.502244835957786,0.3569244714754367,0.25781622529029846,0.2550700902938843,-34.830970764160156,3,10.880075454711914,0.0007967301062308252,224.929931640625,18.12305450439453,8.502244835957786,0.35692447147543677
904.5862426757812,104.58771514892578,-7.391124725341797,0.1255626678466797,267.23443603515625,73.02234649658203,-6.067231178283691,0.29675164818763733,459.3757019042969,158.70339965820312,-6.655419826507568,0.3751872181892395,36.63072204589844,9,2.1459577083587646,0.7767512798309326,-82.57369232177734,746.3879776049318,1189.4706799794449,8.502364967969548,0.39217230055740127,0.8603711128234863,0.858119010925293,88.36016845703125,0,7.718851089477539,0.0005653177504427731,204.12518310546875,12.87574577331543,8.502364967969545,0.39217230055741314
2132.28125,147.07247924804688,-8.322111129760742,0.07490602135658264,955.2543334960938,74.22830963134766,-7.4502973556518555,0.08438794314861298,1364.9393310546875,148.50013732910156,-7.837783336639404,0.11815261095762253,43.918182373046875,47,2.934978723526001,1.8355082273483276,-57.876686096191406,875.4007927526173,1197.0482526796286,8.50291363403656,0.38272500740843624,0.25350221991539,0.2515462338924408,-64.09671783447266,2,13.91659927368164,0.001019197516143322,364.5074768066406,17.609872817993164,8.50291363403656,0.3827250074084362
3420.510009765625,112.866455078125,-8.835227012634277,0.03583470731973648,2729.534423828125,77.13844299316406,-8.590221405029297,0.030691076070070267,3126.617919921875,130.0968475341797,-8.737687110900879,0.04518786072731018,215.9845733642578,58,2.366532564163208,1.6981122493743896,32.55242156982422,579.2441377588652,1196.080379604736,8.502857340774813,0.40441179724123655,0.0546838752925396,0.05452491343021393,-70.95879364013672,0,3.9981768131256104,0.0002928317408077419,2375.549560546875,14.199195861816406,8.502857340774813,0.40441179724123655
605.1929321289062,85.85802459716797,-6.954734802246094,0.15406957268714905,351.53485107421875,73.19281768798828,-6.3649210929870605,0.22611530125141144,312.4027404785156,83.67179107666016,-6.23678731918335,0.2908667325973511,41.570770263671875,14,1.3568865060806274,1.2617720365524292,-52.36444854736328,49.88010746189398,1184.1705325585485,8.502010127400187,0.443180506418753,0.2654961943626404,0.26448848843574524,-47.81654739379883,0,6.542997360229492,0.0004792590334545821,129.67787170410156,8.141319274902344,8.502010127400187,0.44318050641875306
932.9005126953125,90.39239501953125,-7.424588203430176,0.10522680729627609,868.8709716796875,74.2265625,-7.34738826751709,0.0927756279706955,925.3562622070312,113.21178436279297,-7.415772438049316,0.13286557793617249,68.27295684814453,22,1.8118056058883667,1.0750519037246704,-0.37123915553092957,1230.77273977628,1188.9854075287858,8.502305058124588,0.3567058149584031,0.18212896585464478,0.18129999935626984,25.33436393737793,3,6.262976169586182,0.000458627037005499,894.881591796875,10.870833396911621,8.502305058124584,0.35670581495841497
1348.1259765625,123.11058807373047,-7.824326038360596,0.09917329996824265,603.6000366210938,73.5580062866211,-6.951873302459717,0.13234589993953705,605.6153564453125,94.10931396484375,-6.95549201965332,0.16875846683979034,47.032379150390625,16,1.9880694150924683,1.1212372779846191,-72.2158432006836,60.34132383358023,1205.9833396271,8.50360760978174,0.4424133774964192,0.2712179124355316,0.2708725929260254,43.341243743896484,0,8.935585975646973,0.0006545081268996,425.7477111816406,11.92841625213623,8.50360760978174,0.4424133774964192
492.7077941894531,79.3847885131836,-6.731473445892334,0.1749756783246994,485.53564453125,73.53180694580078,-6.715552806854248,0.1644689440727234,656.2962646484375,87.8350830078125,-7.042749881744385,0.14534427225589752,36.464744567871094,11,1.491877794265747,1.271191120147705,-70.11536407470703,747.8767642645827,1202.1476712641,8.50329350794612,0.392062765096747,0.37905362248420715,0.37887120246887207,85.78366088867188,2,7.261994361877441,0.0005318571347743273,465.6588134765625,8.95126724243164,8.503293507946115,0.3920627650967587
786.6199951171875,98.81295776367188,-7.239412307739258,0.13642022013664246,612.5779418945312,73.54448699951172,-6.967903137207031,0.13038228452205658,842.1091918945312,150.87416076660156,-7.313421249389648,0.19457018375396729,33.34042739868164,18,2.260035276412964,1.166911005973816,-15.578277587890625,40.32578243568972,1202.2277757951638,8.503333422056771,0.44387945536291196,0.38031113147735596,0.3802098333835602,-35.693016052246094,2,9.723995208740234,0.0007122587994672358,544.1036376953125,13.560211181640625,8.503333422056771,0.44387945536291196
4822.67578125,132.8790283203125,-9.208220481872559,0.029922522604465485,3337.02392578125,78.10072326660156,-8.808398246765137,0.02541707642376423,4553.501953125,147.9600067138672,-9.14586353302002,0.03528812900185585,162.7625274658203,81,2.49556303024292,2.0397889614105225,12.298575401306152,1599.1812332761117,1221.3829065019097,8.504658701060372,0.3297356732719849,0.06596393138170242,0.06572404503822327,53.396339416503906,0,6.26022481918335,0.00045836123172193766,4009.270263671875,14.97337818145752,8.504658701060372,0.32973567327198483
18759.169921875,136.60723876953125,-10.68303394317627,0.00790842343121767,16376.6513671875,96.44694519042969,-10.535562515258789,0.006395775359123945,18339.28125,135.49163818359375,-10.658455848693848,0.008023428730666637,1136.3302001953125,108,1.9035539627075195,1.753716230392456,-72.51533508300781,852.8588956713717,1240.77295957891,8.506117614073084,0.38437385818221087,0.011980264447629452,0.011852288618683815,-63.149539947509766,0,3.5399398803710938,0.00025925174122676253,18342.537109375,11.421323776245117,8.506117614073084,0.38437385818221087
4720.0751953125,114.55084991455078,-9.1848726272583,0.026355983689427376,3876.966064453125,78.83978271484375,-8.971229553222656,0.022084280848503113,4436.173828125,125.19403076171875,-9.117521286010742,0.03064819425344467,285.41058349609375,67,2.3109662532806396,1.574036717414856,4.0298171043396,498.3801321646872,1226.5899548085056,8.5050962242651,0.4103323323721081,0.039805326610803604,0.03958233445882797,-53.691471099853516,0,3.984689474105835,0.0002918476820923388,4126.36181640625,13.86579704284668,8.5050962242651,0.4103323323721081
475.0340881347656,79.34756469726562,-6.691812038421631,0.18140056729316711,219.26902770996094,73.14262390136719,-5.852443218231201,0.3622622489929199,178.45030212402344,77.61331939697266,-5.628793239593506,0.47233355045318604,28.29252052307129,10,1.3086963891983032,1.112457036972046,27.00101661682129,434.16971250669803,1218.1939208931267,8.504484296138486,0.4150350053151032,0.30988577008247375,0.30971193313598633,2.357825756072998,0,7.209399223327637,0.0005280397017486393,11.314146995544434,7.852178573608398,8.504484296138486,0.41503500531510323
1401.4093017578125,127.69639587402344,-7.86641263961792,0.09895630180835724,791.4060668945312,73.92803955078125,-7.245998382568359,0.10144709795713425,1080.2529296875,103.71485137939453,-7.583813667297363,0.10426662862300873,43.108375549316406,20,2.036118984222412,1.2872264385223389,24.72753143310547,555.8821186087816,1230.7161618956318,8.50539567492274,0.40612118796628166,0.32381471991539,0.32237789034843445,51.23801803588867,2,9.266244888305664,0.000678672397043556,797.8897094726562,12.216713905334473,8.50539567492274,0.40612118796628166
807.463134765625,103.99405670166016,-7.267806529998779,0.1398671269416809,463.7983703613281,73.4668960571289,-6.665822982788086,0.17202527821063995,513.9517211914062,97.28047180175781,-6.777305603027344,0.2055574208498001,27.71378517150879,16,1.8600903749465942,1.2476884126663208,4.472965240478516,303.75937775980736,1222.1907620525376,8.504783368984773,0.4245853979979897,0.38108646869659424,0.3803209662437439,88.75728607177734,0,9.118684768676758,0.0006678963545709848,411.21356201171875,11.160542488098145,8.504783368984773,0.4245853979979896
1632.72216796875,126.39295196533203,-8.032280921936035,0.0840698704123497,1059.2308349609375,74.34391021728516,-7.562476634979248,0.07622275501489639,1099.633056640625,118.82212829589844,-7.603119373321533,0.11734899133443832,58.341773986816406,39,2.080632209777832,1.6157138347625732,68.19564056396484,1980.8079709359663,1234.6092748261992,8.505606619869013,0.3018054681882223,0.17392949759960175,0.17329774796962738,86.43025207519531,0,7.417220115661621,0.0005429811426438391,875.6492919921875,12.483793258666992,8.505606619869013,0.3018054681882223
444.9239196777344,77.13484954833984,-6.62071418762207,0.18827588856220245,286.71405029296875,73.25590515136719,-6.143622398376465,0.2774747908115387,321.3671875,110.67402648925781,-6.26750373840332,0.374002069234848,28.825117111206055,9,1.8437196016311646,0.6231379508972168,-10.650681495666504,486.1658950782044,1224.9756605979996,8.504978565361753,0.41122687868696395,0.4412083923816681,0.44059351086616516,-18.37346076965332,17,6.3961944580078125,0.0004684729501605034,154.56776428222656,11.062317848205566,8.504978565361748,0.4112268786869756
418.2159729003906,64.70335388183594,-6.553501605987549,0.16801807284355164,510.24969482421875,73.48751068115234,-6.76945686340332,0.15640859305858612,451.11480712890625,96.11563873291016,-6.635717868804932,0.23138585686683655,40.02470779418945,10,1.718443751335144,0.49860644340515137,53.5526008605957,1337.139010692868,1234.976424893733,8.505668187116267,0.3489170532548017,0.32873624563217163,0.3273620009422302,41.44649124145508,0,5.512246608734131,0.00040363564039580524,315.5686340332031,10.310662269592285,8.505668187116267,0.3489170532548018
1725.9410400390625,96.26276397705078,-8.092564582824707,0.060570646077394485,1494.50390625,75.1441421508789,-7.936242580413818,0.054604433476924896,1603.6339111328125,98.64810180664062,-8.012763023376465,0.06680566817522049,88.04920959472656,35,1.65807044506073,1.4069290161132812,-38.26874542236328,1863.2442052241734,1238.8920010972945,8.505926762768754,0.3104085131728479,0.10245731472969055,0.10236154496669769,76.89119720458984,0,4.691573143005371,0.0003434676327742636,1445.8212890625,9.9484224319458,8.505926762768757,0.3104085131728358
378.2231750488281,64.71424102783203,-6.444370269775391,0.18581533432006836,377.5927734375,73.17926025390625,-6.442559242248535,0.21047192811965942,360.3116760253906,75.1591796875,-6.391695976257324,0.22653406858444214,34.401363372802734,9,1.3564246892929077,1.0124651193618774,84.36316680908203,1003.7233932640007,1235.9821204635905,8.505759056545209,0.37332751036596856,0.36113181710243225,0.3592321276664734,-75.46255493164062,0,7.0000457763671875,0.0005126354517415166,-69.69902801513672,8.138547897338867,8.505759056545203,0.37332751036598033
7110.6328125,111.28424835205078,-9.629770278930664,0.016996335238218307,6225.982421875,82.72665405273438,-9.485519409179688,0.014430035836994648,6861.95556640625,114.0955810546875,-9.591119766235352,0.018057214096188545,452.155517578125,71,1.7613519430160522,1.6436498165130615,60.932090759277344,918.8468814304111,1255.0158201467632,8.507157567468894,0.37954146781447273,0.02515972964465618,0.025085514411330223,77.63519287109375,0,3.5809555053710938,0.0002622504543978721,6782.5205078125,10.568111419677734,8.5071575674689,0.3795414678144609
544.2664184570312,76.25326538085938,-6.839529037475586,0.1521516740322113,419.3548583984375,73.30665588378906,-6.556454181671143,0.18984167277812958,371.3277282714844,72.33232879638672,-6.424393653869629,0.21154603362083435,50.83784866333008,13,1.6498595476150513,0.8181432485580444,3.6788060665130615,1128.6324121239613,1237.0015254539367,8.505827336160324,0.3641819853798183,0.23772211372852325,0.23653554916381836,-25.76418685913086,0,5.908111572265625,0.00043265309068374336,183.56475830078125,9.899157524108887,8.505827336160324,0.3641819853798183
2369.9912109375,118.50133514404297,-8.436866760253906,0.05430081486701965,1727.79052734375,75.5248794555664,-8.093728065490723,0.04747104272246361,2037.7657470703125,112.56468200683594,-8.2728853225708,0.059989843517541885,91.27765655517578,46,2.05775785446167,1.439756155014038,-86.4724349975586,625.4390712742007,1267.9547435699762,8.508120076864673,0.40102598244999815,0.10532081872224808,0.10499729961156845,-75.83734130859375,2,5.9889726638793945,0.0004386322689242661,1947.9249267578125,12.34654712677002,8.508120076864673,0.4010259824499981
761.6719970703125,93.50714111328125,-7.20442008972168,0.13332347571849823,547.9019775390625,73.49340057373047,-6.846757411956787,0.14567174017429352,617.4957275390625,115.17708587646484,-6.9765849113464355,0.20256385207176208,37.20414352416992,10,1.2666163444519043,0.8986818790435791,49.27956008911133,974.511274112321,1252.1744922607422,8.50694661353026,0.3754657784383936,0.3926191031932831,0.3915083110332489,-29.9788875579834,2,6.366240978240967,0.0004662230203393847,350.76776123046875,7.599698066711426,8.506946613530264,0.37546577843838186
10864.9365234375,213.1482696533203,-10.090067863464355,0.02130514197051525,3762.01904296875,78.7669448852539,-8.938552856445312,0.022738030180335045,10085.712890625,227.1092529296875,-10.00926685333252,0.02445445954799652,133.41854858398438,196,6.1444220542907715,1.978049397468567,-69.5155258178711,797.6559861979272,1315.3631134744262,8.511584138637149,0.38841310689610975,0.1121867224574089,0.10924548655748367,-68.23802185058594,0,18.8290958404541,0.0013789788354188204,4371.2890625,36.86653137207031,8.511584138637145,0.38841310689612135
2049.289794921875,120.68876647949219,-8.279008865356445,0.06395776569843292,1398.029541015625,74.81804656982422,-7.863790988922119,0.05811922624707222,1901.5400390625,154.81515502929688,-8.197763442993164,0.0884174183011055,77.33760070800781,43,2.0397515296936035,1.7955325841903687,-23.808929443359375,938.3863517390771,1278.505844829893,8.508877195518883,0.37810983824266653,0.14601460099220276,0.14547060430049896,-12.278260231018066,2,7.698373794555664,0.0005637840367853642,2176.396728515625,12.238509178161621,8.508877195518878,0.37810983824267835
3345.769775390625,123.47904968261719,-8.811240196228027,0.04007994011044502,2428.262939453125,76.62936401367188,-8.463239669799805,0.034271202981472015,3251.6318359375,136.50828552246094,-8.780253410339355,0.04559187591075897,106.43584442138672,63,2.203937292098999,2.0060811042785645,-66.43590545654297,1046.4649101333046,1280.396813886369,8.509010159350185,0.37019631639056577,0.0948798730969429,0.0946442037820816,-65.43818664550781,0,7.134776592254639,0.0005224929773248732,2930.03759765625,13.223623275756836,8.509010159350185,0.3701963163905657
813.7411499023438,98.532470703125,-7.276215553283691,0.13149914145469666,479.0642395019531,73.43531799316406,-6.700984477996826,0.166471928358078,456.1005554199219,91.07820892333984,-6.647651672363281,0.21686212718486786,38.6191520690918,19,1.6303646564483643,1.2443434000015259,69.09169006347656,642.0573391143813,1271.1496247895502,8.508353283062387,0.3998089088031199,0.24169878661632538,0.24148303270339966,-38.77395248413086,0,8.521913528442383,0.0006241422961466014,164.48516845703125,9.782188415527344,8.508353283062387,0.3998089088031199
382.2170104980469,66.69290161132812,-6.455775260925293,0.1894957274198532,232.0333251953125,72.8767318725586,-5.913876056671143,0.34108948707580566,193.7091522216797,83.4971923828125,-5.7178754806518555,0.4681139290332794,41.799659729003906,9,1.9852192401885986,0.8329828977584839,-87.66068267822266,1426.5912982893308,1269.8275059092161,8.508216098314715,0.3423673777638053,0.4207678437232971,0.4193599224090576,45.96739959716797,0,7.687920093536377,0.000562929199077189,-355.5917053222656,11.91131591796875,8.50821609831471,0.34236737776381737
668.84521484375,92.28324127197266,-7.063313961029053,0.14983974397182465,392.6973571777344,73.23329162597656,-6.485145092010498,0.2025258094072342,323.88232421875,97.03995513916016,-6.275968074798584,0.32538172602653503,31.46623992919922,12,2.0585408210754395,0.9392504096031189,65.62422180175781,350.3877547172396,1269.7552047711258,8.508265472080343,0.42116854463505454,0.3994785249233246,0.39871901273727417,34.85425567626953,2,8.318052291870117,0.0006092461408115923,-238.2743682861328,12.351244926452637,8.508265472080343,0.42116854463505454
539.7647094726562,84.80570983886719,-6.830511093139648,0.17062805593013763,189.04205322265625,72.91934967041016,-5.691396236419678,0.4189036786556244,224.57766723632812,88.42320251464844,-5.878416538238525,0.4275919198989868,24.743328094482422,10,1.6626851558685303,1.1394153833389282,-17.34193992614746,1538.6227580056361,1265.1896286103486,8.507870422608795,0.3341667577889039,0.6614729166030884,0.6597020626068115,36.440406799316406,0,8.233131408691406,0.0006028253119438887,-272.0768127441406,9.976110458374023,8.50787042260879,0.3341667577889159
1090.4136962890625,116.16329956054688,-7.593978404998779,0.115693099796772,627.1564331054688,73.62586975097656,-6.993439674377441,0.12749242782592773,647.0590209960938,104.71380615234375,-7.027359962463379,0.1757477968931198,33.76009750366211,25,2.0771255493164062,1.268613338470459,-58.767364501953125,1804.2973974943268,1282.0252399530264,8.509089000883781,0.31472092226991405,0.2716876268386841,0.27104055881500244,-88.68865203857422,0,9.719934463500977,0.0007116069900803268,181.095458984375,12.462753295898438,8.509089000883781,0.314720922269914
1551.6942138671875,121.74681091308594,-7.977015495300293,0.08520817756652832,1044.6356201171875,74.4044189453125,-7.547411918640137,0.07735060155391693,1442.5194091796875,120.05348205566406,-7.897804260253906,0.09038220345973969,59.457008361816406,37,2.1996490955352783,1.6080548763275146,-51.90150451660156,76.37717848079832,1283.0547995782488,8.509252932039223,0.44123556970780764,0.2286563515663147,0.2278548628091812,-59.011356353759766,0,10.449034690856934,0.0007653557113371789,683.303466796875,13.197895050048828,8.509252932039223,0.4412355697078076
464.1529541015625,78.84073638916016,-6.666652679443359,0.18446730077266693,397.5750427246094,73.44174194335938,-6.498547554016113,0.20061051845550537,340.46295166015625,79.20536041259766,-6.330174446105957,0.2526472210884094,24.429723739624023,9,1.8015085458755493,0.8756523132324219,-60.35593795776367,906.089639809843,1292.8599360995804,8.509930266640403,0.3804740938270267,0.45718279480934143,0.45513176918029785,-40.26613235473633,0,7.5072736740112305,0.0005497929523698986,-111.37894439697266,10.809051513671875,8.509930266640403,0.3804740938270266
142035.53125,264.1807556152344,-12.880992889404297,0.0020199192222207785,120543.5078125,186.82716369628906,-12.702859878540039,0.0016831625252962112,137855.125,228.1417999267578,-12.848557472229004,0.0017972636269405484,8428.16015625,295,2.192751884460449,2.0378246307373047,-48.901275634765625,533.1676710361305,1336.1574082395741,8.513120672726792,0.407780281947251,0.0033678561449050903,0.0033158091828227043,-72.29966735839844,0,3.4589602947235107,0.000253336998866871,141636.453125,13.156511306762695,8.513120672726787,0.40778028194726246
2142.05615234375,112.03775787353516,-8.32707691192627,0.056801967322826385,1512.7119140625,75.20183563232422,-7.949390411376953,0.05398859456181526,1638.3714599609375,94.89789581298828,-8.036030769348145,0.06290338933467865,112.45626831054688,32,1.6926766633987427,1.2243846654891968,85.89424133300781,2031.1624806970633,1303.5982045458802,8.510656234371805,0.29811840961720576,0.08689805865287781,0.08621370792388916,-88.38607788085938,0,3.819042444229126,0.00027956589474342763,1212.0491943359375,10.156060218811035,8.510656234371801,0.2981184096172179
423.85614013671875,69.98384094238281,-6.5680460929870605,0.17931190133094788,258.5191345214844,73.09383392333984,-6.031231880187988,0.3070562183856964,300.4496765136719,65.3478012084961,-6.194429397583008,0.23620498180389404,39.727020263671875,10,1.5522264242172241,0.6816976070404053,-28.557798385620117,1517.3806679163163,1292.7735212383739,8.509891859285771,0.3357206437287135,0.29201358556747437,0.29183343052864075,27.749956130981445,1,6.1352081298828125,0.0004492189036682248,260.1932067871094,9.313358306884766,8.509891859285762,0.33572064372873744
4311.349609375,190.77162170410156,-9.086533546447754,0.04805409163236618,1765.0726318359375,75.5855484008789,-8.11690616607666,0.04650568217039108,3154.600341796875,184.76344299316406,-8.747361183166504,0.06360650062561035,75.40414428710938,88,3.4248979091644287,2.406275749206543,8.492311477661133,1707.0060707630648,1316.8411761311988,8.511644240349586,0.3218402114509923,0.16141319274902344,0.160976380109787,44.875144958496094,2,15.327943801879883,0.0011222187895327806,1702.6312255859375,20.549386978149414,8.511644240349582,0.3218402114510043
544.8953857421875,72.38302612304688,-6.840782642364502,0.14426249265670776,505.0262145996094,73.62140655517578,-6.758285045623779,0.15831425786018372,517.8595581054688,68.87265014648438,-6.785530090332031,0.14443239569664001,42.4902229309082,10,1.0993294715881348,1.0331199169158936,-1.1781611442565918,1743.828624074268,1302.7056035204896,8.510606935511289,0.3191457007854618,0.3330104947090149,0.33232739567756653,75.75939178466797,2,4.078075885772705,0.0002985676983371377,236.54733276367188,6.595976829528809,8.510606935511284,0.31914570078547383
1530.794921875,102.52356719970703,-7.962292671203613,0.07273384183645248,1119.8846435546875,74.35955047607422,-7.622933387756348,0.0721096396446228,1257.2384033203125,109.81451416015625,-7.748544216156006,0.09485755860805511,77.21707153320312,34,1.9717211723327637,1.451926589012146,-68.9094009399414,310.20724137035285,1318.539032594887,8.511841078787585,0.4241091177281317,0.12560603022575378,0.12526074051856995,-62.6352653503418,0,6.438281059265137,0.0004715647373814136,923.4979248046875,11.830327033996582,8.51184107878758,0.42410911772814297
836.2288818359375,91.95636749267578,-7.305812835693359,0.11942258477210999,688.560546875,73.64291381835938,-7.094855308532715,0.11614985018968582,700.7593383789062,104.27499389648438,-7.113922119140625,0.16159990429878235,41.094139099121094,20,1.6453216075897217,0.9836225509643555,65.97274780273438,596.2189734153626,1313.0500551221285,8.511424859624388,0.4031639356118314,0.22177556157112122,0.2204892784357071,56.46222686767578,0,7.604774475097656,0.000556974031496793,571.1408081054688,9.871929168701172,8.511424859624388,0.40316393561183145
1301.954345703125,119.79679870605469,-7.786489486694336,0.0999261811375618,614.25048828125,73.86042785644531,-6.9708638191223145,0.13058584928512573,795.554443359375,108.81538391113281,-7.251674652099609,0.14854232966899872,38.64146423339844,19,2.116807222366333,1.3765332698822021,-29.210542678833008,1771.0520752523566,1320.1148850818574,8.511880455859615,0.31715267025152194,0.31668055057525635,0.3137962520122528,-85.63455200195312,2,10.22376823425293,0.0007485013920813799,160.85792541503906,12.700843811035156,8.511880455859618,0.3171526702515099
5209.501953125,131.94149780273438,-9.291990280151367,0.027505213394761086,3841.265869140625,78.86394500732422,-8.961185455322266,0.0222963597625494,4831.3173828125,139.06004333496094,-9.210164070129395,0.031258389353752136,204.7614288330078,83,2.323575496673584,1.9352513551712036,-35.771209716796875,620.6186840604943,1330.4414395260328,8.512697586211148,0.401376454949805,0.05405854806303978,0.05379714444279671,-50.455230712890625,0,4.774530410766602,0.0003496842400636524,4018.597900390625,13.941452980041504,8.512697586211143,0.4013764549498165
3523.35986328125,50.98344421386719,-8.867392539978027,0.015714552253484726,3372.022705078125,78.07522583007812,-8.81972599029541,0.02514505386352539,3443.2802734375,58.902435302734375,-8.84243106842041,0.01857764646410942,848.0670776367188,14,1.071172833442688,0.623499870300293,-80.56285858154297,572.3243868755958,1314.851933130842,8.51155804407792,0.40491366746696233,0.017290057614445686,0.015950331464409828,-61.96748733520508,2,2.762722969055176,0.00020234294061083347,3263.750732421875,6.427037239074707,8.51155804407792,0.40491366746696233
2645.407958984375,84.81037139892578,-8.556231498718262,0.03481658175587654,2443.280517578125,76.54389190673828,-8.46993350982666,0.03402256220579147,2525.8115234375,90.99248504638672,-8.506002426147461,0.03912320360541344,170.92730712890625,37,1.466665267944336,1.285159707069397,-75.69869232177734,297.628525583173,1326.2920047608677,8.512409635025822,0.42502999805090386,0.050976064056158066,0.05067336931824684,-62.283973693847656,0,3.704934597015381,0.0002713640860747546,2265.419677734375,8.799991607666016,8.512409635025822,0.4250299980509039
41417.1484375,175.3582763671875,-11.542950630187988,0.004598073195666075,35258.96484375,118.10771179199219,-11.368173599243164,0.0036377976648509502,40267.015625,161.10003662109375,-11.512373924255371,0.004344862420111895,2357.410400390625,166,2.045565605163574,1.956283688545227,-46.33260726928711,384.7028830979255,1357.0312296930967,8.51465712399861,0.41865187551019234,0.007219038438051939,0.007058543153107166,-49.2857666015625,0,3.578157663345337,0.0002620736777316779,41230.98046875,12.273393630981445,8.5146571239986,0.41865187551021493
4914.22607421875,53.78718566894531,-9.2286376953125,0.011886486783623695,4489.83447265625,79.8424072265625,-9.130576133728027,0.019312260672450066,4909.232421875,65.18914794921875,-9.227534294128418,0.014420872554183006,1187.1258544921875,14,1.9359725713729858,0.39868929982185364,26.310026168823242,578.1888777995891,1318.85570493875,8.511851036167691,0.40448404684585265,0.02293648198246956,0.01850191131234169,27.48832130432129,3,5.227072715759277,0.0003828322805929929,4164.34228515625,11.615835189819336,8.511851036167691,0.4044840468458526
1561.5306396484375,118.78040313720703,-7.9838762283325195,0.08260837942361832,1010.8987426757812,74.23567962646484,-7.5117692947387695,0.07975076138973236,1607.676025390625,139.97894287109375,-8.015496253967285,0.09455706924200058,65.19087982177734,37,2.894832134246826,1.676718831062317,-62.65153121948242,642.8165726650666,1350.5333623014747,8.514168226223392,0.3997501237629583,0.24755577743053436,0.24622374773025513,-22.33966064453125,3,13.207869529724121,0.0009673305321484804,1228.2591552734375,17.36899185180664,8.514168226223392,0.3997501237629585
2091.073974609375,144.6876220703125,-8.300923347473145,0.07514356821775436,1237.127685546875,74.72183227539062,-7.731036186218262,0.06559380143880844,2425.986083984375,176.12734985351562,-8.462221145629883,0.07884394377470016,59.257999420166016,50,3.3388407230377197,2.243083953857422,3.0731282234191895,639.5545104829301,1349.8986963372165,8.514121901143724,0.39998902565694006,0.26370784640312195,0.2628113031387329,10.963518142700195,3,15.263157844543457,0.0011178586864843965,1030.4886474609375,20.033044815063477,8.514121901143724,0.39998902565694
1379.8695068359375,119.76309204101562,-7.849595069885254,0.09425725787878036,762.4640502929688,73.87989044189453,-7.205548286437988,0.10522930324077606,888.5764770507812,119.04499816894531,-7.371737003326416,0.14549435675144196,62.52635955810547,29,2.0243782997131348,1.6633745431900024,-77.82544708251953,1701.01837030502,1350.4835180799644,8.514108497101233,0.3222772681969202,0.23253297805786133,0.23196640610694885,-57.809051513671875,2,8.447433471679688,0.0006184689118526876,733.2069091796875,12.146269798278809,8.514108497101237,0.3222772681969082
463.48004150390625,72.2110595703125,-6.6650776863098145,0.1692008376121521,367.7400207519531,73.47749328613281,-6.413852214813232,0.21699176728725433,386.4946594238281,84.40438079833984,-6.467858791351318,0.2371653914451599,33.0255012512207,11,1.690716028213501,1.0148019790649414,-59.335994720458984,1026.8051734397009,1339.765849728463,8.513359801507752,0.3716334879956375,0.3219190835952759,0.3210547864437103,-15.259652137756348,0,7.832109451293945,0.000573559373151511,110.96781158447266,10.144296646118164,8.513359801507756,0.37163348799562573
670.4234619140625,92.50322723388672,-7.065873146057129,0.14984336495399475,255.84095764160156,73.06061553955078,-6.019925117492676,0.3101295232772827,217.53271484375,78.34761810302734,-5.843811511993408,0.3911389410495758,37.40299606323242,10,2.315051317214966,0.4061081111431122,-74.6754379272461,227.80749482387154,1348.3141716351895,8.514026276336095,0.4301424647519387,0.38450607657432556,0.3822246193885803,59.55187225341797,2,5.778262138366699,0.00042322618537582457,-58.348793029785156,13.890308380126953,8.514026276336088,0.4301424647519498
570.6560668945312,84.43797302246094,-6.890935897827148,0.16069160401821136,380.27532958984375,73.12640380859375,-6.450245380401611,0.20883624255657196,283.04046630859375,137.29067993164062,-6.129621505737305,0.526771605014801,34.30259323120117,13,1.8985223770141602,1.0161139965057373,-11.625495910644531,121.29269718146755,1338.4093596086536,8.513305866031443,0.43794367835017695,0.2735958993434906,0.2727324962615967,-44.33930587768555,0,8.308578491210938,0.0006085670902393758,352.671875,11.391134262084961,8.513305866031438,0.437943678350188
5747.796875,74.51747131347656,-9.39875316619873,0.014079476706683636,3431.27490234375,78.27577209472656,-8.838638305664062,0.02477431669831276,5601.5029296875,91.11298370361328,-9.37076187133789,0.017664669081568718,445.9753723144531,32,3.6954345703125,0.4553576409816742,17.803110122680664,1200.269990637507,1340.716373046734,8.513420306325935,0.3589332132900407,0.04705026000738144,0.008483701385557652,16.591466903686523,16,7.75581169128418,0.0005679408786818385,2593.543212890625,22.172607421875,8.51342030632594,0.3589332132900288
574.1033935546875,85.02967071533203,-6.897475242614746,0.16084598004817963,410.83770751953125,73.17777252197266,-6.534175872802734,0.1934366226196289,610.657470703125,105.17100524902344,-6.964494228363037,0.18703727424144745,38.02484130859375,13,1.6646952629089355,0.8471309542655945,-82.56238555908203,1455.0017637685542,1342.3732157939373,8.513528005470535,0.34028500880449597,0.5026710629463196,0.5018095970153809,81.67720031738281,1,6.477335453033447,0.00047427797107957304,501.47357177734375,9.988171577453613,8.513528005470535,0.340285008804496
383.5139465332031,67.17241668701172,-6.459453105926514,0.19021275639533997,296.990234375,73.15852355957031,-6.18185567855835,0.26751771569252014,366.4253845214844,124.96792602539062,-6.409964084625244,0.37037599086761475,35.435813903808594,9,1.549668550491333,0.7204915881156921,-45.008358001708984,1469.6452181022564,1340.143879934033,8.513363930286854,0.3392131679598252,0.4410461187362671,0.43890252709388733,-2.0524024963378906,0,6.304338455200195,0.0004616083751898259,46.706634521484375,9.298011779785156,8.51336393028686,0.3392131679598133
1947.4696044921875,131.25489807128906,-8.223676681518555,0.07319386303424835,1176.5877685546875,74.48143005371094,-7.676560878753662,0.06874695420265198,1415.679443359375,113.28092956542969,-7.87741231918335,0.08690038323402405,61.04827880859375,41,1.9941377639770508,1.5720751285552979,26.98096466064453,202.84205929204595,1350.5780547143029,8.51419333497232,0.43197074346238146,0.16304418444633484,0.16275374591350555,15.769692420959473,0,6.503658771514893,0.00047635886585339904,1077.6488037109375,11.964826583862305,8.514193334972314,0.4319707434623925
376.2636413574219,62.120948791503906,-6.438730716705322,0.17929808795452118,400.2133483886719,73.13123321533203,-6.505728721618652,0.19844545423984528,402.6944580078125,77.29203033447266,-6.512439250946045,0.2084437608718872,42.80479431152344,9,1.3256163597106934,0.8145020604133606,46.68154525756836,1672.468137786168,1338.780996642637,8.513253000350815,0.32436729746701665,0.3379490375518799,0.3365570604801178,80.45468139648438,0,6.198236465454102,0.0004538028151728213,272.06927490234375,7.95369815826416,8.513253000350815,0.32436729746701654
1342.955322265625,121.31356811523438,-7.820153713226318,0.09810195118188858,816.2740478515625,73.99774932861328,-7.279590129852295,0.0984492301940918,814.1832275390625,116.74271392822266,-7.276805400848389,0.15571750700473785,62.2890625,32,1.8734089136123657,1.7675379514694214,-11.447210311889648,19.77255730373065,1350.3638044180532,8.514186495988707,0.44537827030211763,0.216123566031456,0.21452032029628754,-60.999366760253906,0,7.197143077850342,0.0005271644913591444,241.37815856933594,11.240453720092773,8.514186495988707,0.44537827030211763
858.6422119140625,106.75169372558594,-7.334530353546143,0.1350182145833969,356.4104919433594,73.14366149902344,-6.379876136779785,0.2228722721338272,378.38677978515625,121.14339447021484,-6.444839954376221,0.3476911187171936,27.769977569580078,18,2.0934560298919678,1.7206954956054688,-67.45911407470703,128.29254001670694,1354.5107895024955,8.514485052884794,0.43743034282686566,0.4232676029205322,0.4222559630870819,87.02708435058594,0,11.372576713562012,0.0008329892298206687,289.2154541015625,12.560735702514648,8.514485052884794,0.43743034282686566
1093.1593017578125,110.19432830810547,-7.59670877456665,0.10947264730930328,695.6427001953125,73.76860046386719,-7.105965614318848,0.11516357958316803,874.6345825195312,98.80286407470703,-7.35456657409668,0.122679702937603,37.234683990478516,21,1.7624835968017578,1.2770395278930664,44.654296875,1770.088418610973,1357.760157575367,8.514637568524849,0.317221884587737,0.297651469707489,0.296915203332901,26.114171981811523,2,8.71095085144043,0.0006377425161190331,383.31243896484375,10.574901580810547,8.514637568524849,0.31722188458773704
169.93199157714844,44.49547576904297,-5.575687885284424,0.284361332654953,176.91529846191406,72.87010955810547,-5.619413375854492,0.44731542468070984,107.9140853881836,100.48892211914062,-5.082695484161377,1.011276364326477,34.99174499511719,4,0.7940062880516052,0.633776068687439,0.3065152168273926,174.43301469472073,1355.1670981818716,8.51453089021023,0.43405112907822235,0.37489956617355347,0.3694734573364258,-8.182250022888184,2,2.6413509845733643,0.00019346573390066624,162.48072814941406,4.764037609100342,8.514530890210217,0.43405112907824456
4984.10498046875,109.4491958618164,-9.24396800994873,0.02384817786514759,4242.3466796875,79.51317596435547,-9.069015502929688,0.020354609936475754,4863.93505859375,113.31908416748047,-9.217469215393066,0.025301432237029076,294.7319030761719,64,1.842942714691162,1.5675880908966064,11.965847969055176,1569.1500330112929,1372.5882190702662,8.515734736350206,0.3319283796306355,0.037148367613554,0.03692802041769028,-50.475337982177734,0,3.4971718788146973,0.0002560546563472599,4596.6103515625,11.057656288146973,8.515734736350211,0.3319283796306235
4363.3896484375,59.910606384277344,-9.099559783935547,0.01491109561175108,4226.6513671875,79.51529693603516,-9.064990997314453,0.02043073996901512,4301.4833984375,69.53097534179688,-9.08404541015625,0.01755455695092678,666.1287231445312,20,2.011610269546509,0.46664395928382874,20.904056549072266,814.69904531854,1361.3921068592977,8.514954866957002,0.3871633362329914,0.03280409052968025,0.027816172689199448,19.902217864990234,0,5.773721694946289,0.00042284344090148807,4049.123779296875,12.069662094116211,8.514954866957002,0.38716333623299143
501.7637939453125,72.19731140136719,-6.751248359680176,0.15626133978366852,359.9134216308594,73.17823028564453,-6.390495300292969,0.22080741822719574,360.8389587402344,83.74293518066406,-6.393283367156982,0.2520371675491333,40.78081130981445,12,1.6717146635055542,1.0411114692687988,-47.063602447509766,308.22207161378105,1362.4493386453967,8.515057798622799,0.4242526731019847,0.3216286897659302,0.3196934163570404,-39.88076400756836,0,7.646830081939697,0.0005600806325674057,-65.07328033447266,10.030287742614746,8.515057798622799,0.42425267310198467
903.387939453125,104.3666763305664,-7.38968563079834,0.12546350061893463,587.6978759765625,73.64546966552734,-6.922885417938232,0.13608860969543457,603.2542724609375,103.14783477783203,-6.951251029968262,0.18569043278694153,36.591224670410156,21,2.339132785797119,0.9605960249900818,86.44489288330078,1695.4416820612646,1369.9515284880003,8.515534616370735,0.3226847486577985,0.28572818636894226,0.28438669443130493,67.59093475341797,3,8.971543312072754,0.0006568412645719945,866.0574951171875,14.034796714782715,8.515534616370738,0.32268474865778646
399.73004150390625,71.19019317626953,-6.5044169425964355,0.1934119015932083,176.88856506347656,72.87006378173828,-5.61924934387207,0.44738274812698364,177.1653594970703,83.47283172607422,-5.620946884155273,0.5116773247718811,28.28090476989746,9,1.9095667600631714,0.8938066959381104,-32.7901725769043,773.729756683373,1361.4592532033464,8.514961888298147,0.3901633037320175,0.4803985357284546,0.47884953022003174,-59.30723571777344,0,7.811469078063965,0.000572085496969521,-225.70579528808594,11.45740032196045,8.514961888298153,0.3901633037320059
1591.7242431640625,130.83148193359375,-8.004669189453125,0.08926357328891754,894.9322509765625,74.29796600341797,-7.3794755935668945,0.0901605561375618,1194.3890380859375,136.960205078125,-7.692864418029785,0.12453126907348633,45.10008239746094,38,2.435253381729126,1.9188629388809204,80.45115661621094,719.0718250204219,1375.4405893254025,8.515988815039206,0.3941651426586698,0.2629225254058838,0.2622630298137665,80.66633605957031,0,12.958684921264648,0.000949061126448214,513.4193725585938,14.611520767211914,8.515988815039206,0.3941651426586698
10010.7568359375,121.29859924316406,-10.001167297363281,0.013158872723579407,8636.001953125,85.8439712524414,-9.840782165527344,0.010795105248689651,9756.7451171875,121.99861907958984,-9.973262786865234,0.013579375110566616,589.260498046875,86,1.814329981803894,1.7125760316848755,-56.71105194091797,1921.0856109341546,1383.5108076473548,8.516514901456976,0.3061706285216639,0.01971798948943615,0.019701696932315826,-76.03661346435547,0,3.5605010986328125,0.0002606512571219355,9501.1796875,10.885979652404785,8.516514901456976,0.3061706285216639
2262.0166015625,148.09317016601562,-8.386239051818848,0.0710999146103859,988.7183227539062,74.19893646240234,-7.4876813888549805,0.08149949461221695,1184.979248046875,114.87159729003906,-7.684277057647705,0.10527656972408295,52.75972366333008,27,1.8431906700134277,1.3933194875717163,-57.62853240966797,1440.4487301396746,1389.2545967348929,8.516962469925964,0.3413486384426119,0.19268278777599335,0.19160853326320648,-54.7966194152832,2,9.59506607055664,0.0007025616359896958,1197.791748046875,11.059144020080566,8.516962469925964,0.3413486384426119
711.9124755859375,83.2583236694336,-7.13106632232666,0.12700794637203217,753.4130859375,73.92161560058594,-7.192583084106445,0.1065535917878151,1074.14306640625,139.88502502441406,-7.57765531539917,0.141429141163826,45.14971923828125,17,1.457718849182129,1.2551854848861694,71.95375061035156,1698.530607338802,1370.948284301687,8.515607444699828,0.32245863455165524,0.2678878903388977,0.26751410961151123,31.26960563659668,3,7.408999443054199,0.0005424405098892748,1176.8912353515625,8.746313095092773,8.515607444699828,0.32245863455165524
433.9847106933594,76.00874328613281,-6.593686103820801,0.1902036964893341,105.85435485839844,72.75011444091797,-5.061771869659424,0.7463710308074951,55.272369384765625,84.54325866699219,-4.3562703132629395,1.661118984222412,25.63117790222168,9,1.523783802986145,1.1259175539016724,-61.19137191772461,1299.8828540668253,1370.6756762718026,8.515609334065035,0.3516394500371444,0.4614526629447937,0.45909252762794495,78.34217834472656,0,7.831908702850342,0.0005734917358495295,-125.51028442382812,9.14270305633545,8.515609334065035,0.3516394500371445
1763.8280029296875,98.0681381225586,-8.116140365600586,0.060381170362234116,1416.344482421875,74.90418243408203,-7.877922058105469,0.057433728128671646,1561.2763671875,98.06182098388672,-7.983699321746826,0.06821030378341675,114.39462280273438,36,1.7851969003677368,1.2568700313568115,89.3536605834961,908.149623018892,1385.5313840298918,8.516718193570545,0.3803196829503452,0.0933530181646347,0.0930558517575264,73.8433609008789,0,3.8094964027404785,0.00027898402186110616,1100.592529296875,10.711181640625,8.516718193570545,0.38031968295034535
1232.948486328125,103.12899017333984,-7.727362155914307,0.09083759784698486,696.79541015625,73.74207305908203,-7.107763290405273,0.11493171751499176,745.3790283203125,94.29174041748047,-7.180943012237549,0.13738088309764862,49.792362213134766,23,2.102952241897583,1.027605414390564,-88.80789947509766,1505.4689934684957,1382.9295470820975,8.516495648250732,0.33658933205582797,0.18654195964336395,0.1852162778377533,-74.94477081298828,0,8.797184944152832,0.0006441244040615857,305.9071350097656,12.617713928222656,8.516495648250729,0.3365893320558398
463.0126647949219,65.33839416503906,-6.663982391357422,0.1532517373561859,428.16943359375,73.37865447998047,-6.579039096832275,0.1861160844564438,579.50537109375,132.10931396484375,-6.907643795013428,0.24757443368434906,42.766780853271484,11,1.6664698123931885,0.9602541327476501,-22.76906394958496,1706.5572510506279,1375.213657692955,8.515919384695739,0.32187101612266006,0.36819562315940857,0.3667187988758087,-52.25,0,7.5616631507873535,0.000553615449462086,590.3629150390625,9.998819351196289,8.51591938469573,0.32187101612268393
640.4321899414062,87.04949951171875,-7.016182899475098,0.14761243760585785,400.717041015625,73.3326416015625,-6.507094383239746,0.1987418532371521,416.40472412109375,75.94476318359375,-6.548789024353027,0.19806694984436035,33.87972640991211,11,1.952221393585205,0.7526281476020813,-69.82302856445312,228.98734930806654,1383.8009239458754,8.516625792688348,0.43005457048008205,0.3295876979827881,0.3280886709690094,-50.84300994873047,2,7.242887020111084,0.000530499208252877,329.3703308105469,11.71332836151123,8.516625792688348,0.43005457048008205
2476.54052734375,117.47486877441406,-8.484613418579102,0.051514483988285065,1836.01806640625,75.58992004394531,-8.159692764282227,0.044711243361234665,2186.84619140625,117.2884521484375,-8.3495454788208,0.05824609845876694,88.31787109375,48,1.9849474430084229,1.6520835161209106,-86.95268249511719,425.4761005411614,1390.1495841804692,8.517081115216383,0.4156645651950266,0.10687515884637833,0.10632455348968506,-71.30142211914062,2,6.675341606140137,0.0004889139672741294,1797.0257568359375,11.909685134887695,8.517081115216383,0.4156645651950266
490.02899169921875,78.95105743408203,-6.725554466247559,0.17497096955776215,366.77203369140625,73.21841430664062,-6.4109907150268555,0.21679732203483582,289.6213684082031,92.00067901611328,-6.154576301574707,0.34497708082199097,33.62660598754883,11,2.0324294567108154,0.7748119235038757,-57.90742492675781,1847.9784147831717,1386.6157355838893,8.516746463512302,0.31152054649383987,0.42818760871887207,0.42658451199531555,-76.7716064453125,0,7.500682353973389,0.000549115939065814,-268.63214111328125,12.194576263427734,8.516746463512302,0.3115205464938399
838.2545166015625,95.26705932617188,-7.3084397315979,0.12342316657304764,538.2598876953125,73.42013549804688,-6.827479839324951,0.14813339710235596,581.744384765625,98.96916198730469,-6.911830425262451,0.18475556373596191,42.048187255859375,20,1.922548532485962,1.2316455841064453,-24.579769134521484,1952.2386824510093,1390.7329196060302,8.517042025333332,0.30389067692253474,0.28314921259880066,0.2814948558807373,-37.139564514160156,0,9.21126937866211,0.0006743128760717809,50.63827133178711,11.53529167175293,8.517042025333337,0.30389067692252264
1905.3936767578125,102.27828979492188,-8.19996166229248,0.0582946315407753,1522.7379150390625,75.19032287597656,-7.9565629959106445,0.053624916821718216,1740.522705078125,106.48370361328125,-8.101698875427246,0.06644055992364883,117.5243911743164,39,1.7486764192581177,1.5247591733932495,52.602081298828125,58.09751920791396,1406.853270324988,8.518322850122644,0.44256901139509663,0.09458735585212708,0.0944245234131813,-75.49285888671875,0,4.4729695320129395,0.00032762496266514063,1393.9129638671875,10.492058753967285,8.518322850122637,0.4425690113951075
1797.699462890625,135.65040588378906,-8.13679313659668,0.08194714784622192,1098.939208984375,74.46592712402344,-7.602434158325195,0.07358914613723755,1685.8572998046875,140.047607421875,-8.067051887512207,0.09021623432636261,52.17597579956055,43,2.307609796524048,2.0721588134765625,26.597288131713867,1514.0164023816849,1404.625253616352,8.518084181718496,0.33596290483184893,0.24099233746528625,0.23982501029968262,32.02362060546875,2,11.76201057434082,0.0008612016681581736,1411.8890380859375,13.845659255981445,8.518084181718491,0.33596290483186075
8770.0107421875,124.78150177001953,-9.857500076293945,0.015451829880475998,7393.2490234375,84.24465942382812,-9.672088623046875,0.012374762445688248,8327.8330078125,123.13308715820312,-9.801329612731934,0.016057303175330162,474.69927978515625,86,1.9168827533721924,1.7137564420700073,80.6524429321289,203.86273750195306,1421.757277557416,8.5194074993778,0.4318930123275755,0.0228061955422163,0.022599957883358,-64.8894271850586,0,3.6732776165008545,0.0002690457331482321,8137.1748046875,11.501296997070312,8.519407499377794,0.4318930123275864
680.4572143554688,89.197998046875,-7.08200216293335,0.14235873520374298,498.070068359375,73.46712493896484,-6.743226051330566,0.16018891334533691,614.356201171875,134.1118927001953,-6.97105073928833,0.23707014322280884,43.438819885253906,16,1.7227838039398193,1.2889513969421387,11.747122764587402,1521.4922970924335,1397.9062456075508,8.517591665985982,0.3354159152424626,0.35574039816856384,0.35511472821235657,-33.499691009521484,1,8.918400764465332,0.000652994611300528,436.54278564453125,10.336702346801758,8.517591665985982,0.3354159152424626
524.1075439453125,80.62065124511719,-6.798551082611084,0.16705355048179626,338.2878723144531,73.05577087402344,-6.323215961456299,0.2345297485589981,326.7874755859375,79.18412780761719,-6.285663604736328,0.2631494998931885,34.014686584472656,12,1.3684861660003662,1.1278883218765259,29.982831954956055,1720.0499236576575,1404.1131397026522,8.518035165139233,0.32088249919973677,0.30418944358825684,0.30316293239593506,39.433963775634766,0,7.425218105316162,0.0005436207866296172,159.81556701660156,8.210916519165039,8.518035165139233,0.32088249919973677
31376.056640625,297.16326904296875,-11.241496086120605,0.010285528376698494,10475.5322265625,88.60535430908203,-10.050439834594727,0.00918573047965765,29764.095703125,303.2862243652344,-11.184231758117676,0.011065978556871414,396.95660400390625,425,6.10045051574707,3.4224538803100586,-75.4472427368164,852.5406215758098,1493.2480560310619,8.524611071717478,0.3843874248062772,0.04163947328925133,0.040096722543239594,-74.41967010498047,0,10.948273658752441,0.0008017844520509243,27019.814453125,36.60270309448242,8.524611071717478,0.38438742480627724
3284.185546875,58.609622955322266,-8.791069030761719,0.01938077248632908,2322.630859375,76.54197692871094,-8.414950370788574,0.03578897565603256,3281.51416015625,74.35015106201172,-8.790185928344727,0.02460579387843609,550.1421508789062,20,3.158928155899048,0.342176228761673,62.21139907836914,303.7270457148219,1427.0920483395194,8.519793337779351,0.4245792005524166,0.05874038115143776,0.0077971201390028,62.182411193847656,3,6.201703071594238,0.00045423084520734847,1958.157958984375,18.953569412231445,8.519793337779351,0.42457920055241666
497.38677978515625,80.09613037109375,-6.741735458374023,0.17488281428813934,279.2087707519531,73.12863159179688,-6.114822864532471,0.2844383716583252,284.21490478515625,84.87555694580078,-6.134117126464844,0.3243139386177063,30.462858200073242,11,1.4380463361740112,1.2206788063049316,-8.492785453796387,1772.384352452829,1413.405883203984,8.518712777127517,0.3170519458610048,0.46232637763023376,0.46119359135627747,39.80306625366211,0,7.922818660736084,0.000580037769395858,116.13676452636719,8.628277778625488,8.51871277712752,0.3170519458609927
1672920.0,715.5670166015625,-15.558688163757324,0.00046452059177681804,1400489.0,591.3203125,-15.36569881439209,0.00045853544725105166,1631162.0,652.1024780273438,-15.531242370605469,0.0004341587773524225,48698.59375,854,2.5209801197052,2.3670265674591064,-74.86129760742188,2002.4810133888109,1505.4714811129827,8.525441796541115,0.30021044012653847,0.0011831683805212379,0.0010699027916416526,-86.52696990966797,6,8.325366020202637,0.000609436712693423,1666066.75,15.12588119506836,8.52544179654111,0.30021044012655046
650.950927734375,92.46676635742188,-7.033870697021484,0.15426494181156158,312.95843505859375,73.09928894042969,-6.2387166023254395,0.2536625564098358,361.38702392578125,98.69503021240234,-6.394931316375732,0.2965872883796692,32.41087341308594,14,2.358013153076172,1.0379705429077148,-15.549442291259766,2004.8324324578505,1418.2838952623085,8.519056654495335,0.3000412010903236,0.48483598232269287,0.48205602169036865,-10.0145902633667,0,9.365805625915527,0.0006856064428575337,185.3821258544922,14.148078918457031,8.519056654495335,0.30004120109032356
390.4332580566406,69.19189453125,-6.478867053985596,0.19245900213718414,391.14862060546875,73.31659698486328,-6.480854511260986,0.2035589963197708,285.60919189453125,78.45437622070312,-6.139430522918701,0.29831480979919434,35.853572845458984,5,0.8120923042297363,0.42487046122550964,-67.6539535522461,1568.727680995501,1415.5649557722836,8.518882365903606,0.33195779018492516,0.34487131237983704,0.3446471691131592,9.159719467163086,2,3.4556002616882324,0.0002530094934627414,430.5647888183594,4.872553825378418,8.518882365903606,0.3319577901849251
462.7345275878906,77.86172485351562,-6.663329601287842,0.18273508548736572,323.96258544921875,73.34701538085938,-6.2762370109558105,0.2458767294883728,305.3719787597656,81.75882720947266,-6.212072849273682,0.29076042771339417,28.378528594970703,10,1.3964591026306152,1.1754940748214722,-25.08877182006836,632.1154941252664,1420.7033480249565,8.519308764308771,0.4005309777971876,0.38788798451423645,0.3873361647129059,-87.12242126464844,0,7.659445762634277,0.0005609660875052214,36.96268844604492,8.378754615783691,8.519308764308771,0.4005309777971876
2137.994140625,58.763084411621094,-8.325016021728516,0.029848869889974594,1940.671875,75.8429946899414,-8.219880104064941,0.04244173690676689,2226.0205078125,71.12364196777344,-8.368823051452637,0.034698814153671265,198.65855407714844,20,2.3586130142211914,0.4795978367328644,61.31106185913086,308.539320462396,1436.6432559124005,8.52049275386133,0.4242263849997042,0.08167818933725357,0.07681430131196976,63.09562683105469,3,6.3461127281188965,0.0004648069734685123,1479.666259765625,14.151678085327148,8.52049275386133,0.4242263849997041
4470.16650390625,140.69119262695312,-9.125809669494629,0.03418007865548134,2979.768310546875,77.53627014160156,-8.685456275939941,0.028258703649044037,3910.647216796875,141.9873809814453,-8.980621337890625,0.03943037614226341,147.47860717773438,77,2.5205092430114746,1.8491616249084473,84.90544891357422,1884.9013978867963,1456.286172400331,8.521846686765404,0.30881614216486675,0.07158553600311279,0.07108461111783981,89.48822021484375,0,6.062246322631836,0.0004437983443494886,2957.837890625,15.123055458068848,8.521846686765404,0.30881614216486675
831.3594360351562,101.68020629882812,-7.299471855163574,0.13282425701618195,450.0340576171875,73.3866958618164,-6.633113384246826,0.17709316313266754,552.95703125,109.02313232421875,-6.856728553771973,0.21411992609500885,36.58549499511719,9,1.1832835674285889,0.7664385437965393,-40.272823333740234,231.61158409640532,1431.427185693958,8.520114486450309,0.42986040386637664,0.42613449692726135,0.4255630671977997,-42.03095626831055,2,4.639415264129639,0.00033980776788666844,513.5730590820312,7.099701404571533,8.520114486450309,0.42986040386637664
10160.0400390625,74.02114868164062,-10.01723861694336,0.007912072353065014,9850.185546875,87.7572250366211,-9.983611106872559,0.009675386361777782,10032.3388671875,80.98473358154297,-10.00350570678711,0.008766591548919678,1677.7613525390625,25,1.715402364730835,0.5928844213485718,-45.47753143310547,1744.1759099584892,1444.1251453648977,8.52096416391833,0.3191153994770969,0.011208657175302505,0.009679160080850124,-40.26451873779297,0,4.240175247192383,0.00031043015769682825,9581.162109375,10.292413711547852,8.520964163918327,0.3191153994771089
3521.38720703125,183.83628845214844,-8.86678409576416,0.05669533088803291,1417.05517578125,75.0173110961914,-7.878467082977295,0.05749162286520004,2766.44873046875,185.92105102539062,-8.604806900024414,0.07298535853624344,56.30681228637695,84,3.2352216243743896,2.620296001434326,-5.155031681060791,1493.2429140478412,1457.8677913459308,8.521984824769898,0.3374816522989142,0.21721677482128143,0.21682937443256378,-11.19412612915039,0,14.704861640930176,0.0010766758350655437,1233.0338134765625,19.41132926940918,8.521984824769898,0.3374816522989142
3414.531494140625,144.78826904296875,-8.833328247070312,0.04605025798082352,2213.485595703125,76.3389663696289,-8.362691879272461,0.03745410591363907,3127.0712890625,146.41204833984375,-8.737844467163086,0.050847411155700684,97.64169311523438,73,2.4382922649383545,2.1001057624816895,40.016204833984375,267.13158593206873,1464.5984537746017,8.5225426275241,0.42725772469023604,0.10906733572483063,0.10898825526237488,-7.938126564025879,2,6.228763580322266,0.0004562130488920957,2969.283447265625,14.629753112792969,8.522542627524095,0.4272577246902469
750.529052734375,97.70751953125,-7.188418865203857,0.14138075709342957,263.5223693847656,73.0448226928711,-6.052043437957764,0.301024466753006,228.47579956054688,102.1880874633789,-5.897100448608398,0.4857243597507477,22.76521110534668,12,2.3452162742614746,1.055599331855774,-23.36334991455078,363.0915872722563,1442.390993990959,8.52091105915164,0.420231067666091,0.6517250537872314,0.6502521634101868,17.451871871948242,0,9.41964340209961,0.0006899141590110958,-814.8438720703125,14.071297645568848,8.520911059151633,0.4202310676661021
819.4710083007812,81.15567779541016,-7.283833980560303,0.10755117237567902,716.3998413085938,73.74630737304688,-7.1378889083862305,0.11179299652576447,746.734619140625,80.4879150390625,-7.182915687561035,0.11705614626407623,54.03482437133789,19,1.3004660606384277,1.2233302593231201,20.017717361450195,953.3487689064107,1444.4367082970002,8.521030462628023,0.3770079490264503,0.19311639666557312,0.19265612959861755,-52.11369705200195,0,6.056494235992432,0.0004435313167050481,525.8982543945312,7.802796363830566,8.521030462628023,0.3770079490264503
2120.03759765625,160.8335723876953,-8.315858840942383,0.08238781243562698,799.9728393554688,73.99901580810547,-7.257688045501709,0.1004570797085762,1263.4224853515625,116.76651000976562,-7.753871440887451,0.10036898404359818,43.021244049072266,21,1.7289435863494873,1.3488731384277344,-49.75083923339844,1385.263406890767,1444.978691966596,8.5210468144104,0.3453864072383727,0.32292789220809937,0.32213351130485535,-17.450990676879883,2,7.979180812835693,0.0005842529353685677,1060.2835693359375,10.373661041259766,8.521046814410404,0.3453864072383609
917.04443359375,106.62974548339844,-7.405975818634033,0.12627512216567993,581.4279174804688,73.66349029541016,-6.9112396240234375,0.13758979737758636,801.6787109375,119.83390808105469,-7.260000705718994,0.1623338907957077,45.27783966064453,21,2.252537488937378,1.5727554559707642,-50.951202392578125,59.34444995517348,1459.7165230549165,8.522195304011406,0.44247544955967444,0.4095452129840851,0.40844273567199707,-47.780094146728516,0,10.725821495056152,0.000785612384788692,341.8813171386719,13.51522445678711,8.522195304011406,0.4424754495596744
981.6392211914062,91.06649780273438,-7.479879856109619,0.10074803233146667,820.4888305664062,74.06143188476562,-7.285181522369385,0.098027803003788,889.2808837890625,102.46944427490234,-7.3725972175598145,0.1251368522644043,47.12603759765625,23,1.6891995668411255,1.1857987642288208,-44.50891876220703,2031.926477440973,1452.1576124167027,8.521535747489185,0.29805754588936695,0.2028755098581314,0.20248645544052124,-47.7142219543457,0,8.467427253723145,0.0006198312039487064,753.5037841796875,10.135197639465332,8.521535747489178,0.29805754588939093
422.304443359375,69.32250213623047,-6.564064025878906,0.17827005684375763,375.3732604980469,73.0894546508789,-6.436158180236816,0.21145659685134888,345.0389404296875,99.20484161376953,-6.344670295715332,0.31224435567855835,36.14387893676758,10,1.2822924852371216,0.9033302068710327,17.159408569335938,1679.5959491997767,1447.680314594859,8.521228210455835,0.3238418399438246,0.2961260974407196,0.29540711641311646,23.7976131439209,0,6.422741413116455,0.0004702320438809693,267.36529541015625,7.693755149841309,8.521228210455831,0.3238418399438364
836.1111450195312,102.48778533935547,-7.305660247802734,0.13311834633350372,247.7620849609375,73.01829528808594,-5.985086917877197,0.3200564980506897,320.63177490234375,98.11103820800781,-6.265016555786133,0.33230826258659363,21.570331573486328,13,2.2843592166900635,1.0307817459106445,-16.37885284423828,220.6884460652457,1454.2223627209128,8.521784860624157,0.4306594243841812,0.777135968208313,0.7747116684913635,-0.036221057176589966,0,9.185364723205566,0.0006727688014507294,-355.2338562011719,13.706155776977539,8.521784860624157,0.43065942438418114
861.0238037109375,83.52779388427734,-7.33753776550293,0.10535269975662231,740.5775146484375,73.78660583496094,-7.17392635345459,0.10820238292217255,753.54541015625,81.1473388671875,-7.192773342132568,0.11694850772619247,59.34623718261719,20,1.666035771369934,0.9424830079078674,-5.970450401306152,1366.2361534498739,1452.9988173182687,8.521635269324701,0.34677900739650475,0.15597037971019745,0.1555359661579132,29.44632339477539,0,5.769049167633057,0.0004224245494697243,524.0404663085938,9.996214866638184,8.521635269324701,0.34677900739650475
1784.7850341796875,124.25027465820312,-8.1289644241333,0.07560338824987411,1140.8494873046875,74.50694274902344,-7.643070697784424,0.07092481106519699,1406.7591552734375,117.36514282226562,-7.870549201965332,0.09060437977313995,52.36077117919922,38,2.173111915588379,1.4977489709854126,10.952587127685547,251.9710302007451,1466.8942145980648,8.522711557163923,0.4283679137634533,0.2015659064054489,0.2000577747821808,21.492996215820312,1,10.80801773071289,0.0007916127215139568,1234.462646484375,13.038671493530273,8.522711557163916,0.4283679137634643
1274.0426025390625,121.76101684570312,-7.762959957122803,0.10378967225551605,736.0396728515625,73.77904510498047,-7.167253017425537,0.10885831713676453,861.177490234375,117.68704223632812,-7.337731838226318,0.14841090142726898,45.83218765258789,30,2.2224416732788086,1.5115214586257935,54.48508834838867,1607.5047192812829,1473.8486465248516,8.523148813696588,0.32911749506183763,0.2594795227050781,0.2592557966709137,57.869205474853516,0,10.98086929321289,0.0008039705571718514,324.2532043457031,13.334650039672852,8.523148813696583,0.3291174950618495
2468.927734375,96.17005157470703,-8.481270790100098,0.04230203852057457,2100.04541015625,76.10092163085938,-8.305571556091309,0.039354197680950165,2291.35205078125,101.58840942382812,-8.400229454040527,0.04814843460917473,178.49713134765625,42,1.6966955661773682,1.4049906730651855,28.11116600036621,993.353953438702,1471.8538284942485,8.523036528202729,0.3740777866926007,0.06226666644215584,0.06195579096674919,57.06412887573242,0,3.524266481399536,0.00025808645295910537,1899.3507080078125,10.180173873901367,8.523036528202724,0.3740777866926122
1254.2874755859375,113.83805847167969,-7.745992660522461,0.09856443107128143,781.0933227539062,73.96764373779297,-7.231757164001465,0.1028415635228157,788.9168701171875,83.74504852294922,-7.242578029632568,0.11528099328279495,46.27188491821289,16,1.6044937372207642,1.0439060926437378,52.04721450805664,953.446789266224,1467.0730256196064,8.522688483203552,0.3769999302556555,0.22425168752670288,0.22284826636314392,-3.158715009689331,2,5.82805871963501,0.0004268012417014688,562.426025390625,9.626962661743164,8.522688483203547,0.3769999302556671
565.643310546875,83.49909210205078,-6.881356716156006,0.16031306982040405,399.8699645996094,73.30260467529297,-6.504796981811523,0.19908128678798676,371.7720642089844,81.21528625488281,-6.425692081451416,0.23724161088466644,37.040283203125,13,1.4451773166656494,1.129850149154663,-20.733078002929688,1917.8785319035394,1467.4012901479596,8.52265877620221,0.3064025338562129,0.31063365936279297,0.3096591830253601,14.96856689453125,0,7.638959884643555,0.0005592154338955879,46.41769027709961,8.671064376831055,8.522658776202205,0.3064025338562249
1860.3839111328125,121.45805358886719,-8.174006462097168,0.07090120017528534,1242.38330078125,74.70240020751953,-7.7356390953063965,0.06529933214187622,1340.582763671875,119.07119750976562,-7.818233966827393,0.0964590385556221,69.66838836669922,43,2.310802459716797,1.4926044940948486,17.321578979492188,630.8490572297051,1482.8513125525137,8.523861151610664,0.40062129793049434,0.12811535596847534,0.12785091996192932,50.36063766479492,0,7.815570831298828,0.0005723959184251726,674.2273559570312,13.864814758300781,8.523861151610669,0.40062129793048296
415.7962646484375,73.77413177490234,-6.547201633453369,0.19268740713596344,224.09576416015625,72.94967651367188,-5.876084327697754,0.35352450609207153,195.53445434570312,80.94803619384766,-5.728058338165283,0.44958606362342834,29.985689163208008,9,1.6366117000579834,0.6194422245025635,73.04537963867188,237.80713156949966,1478.3144812003939,8.523548835698534,0.42940474102169385,0.44461607933044434,0.4439389109611511,-75.60454559326172,0,6.003488540649414,0.00043971440754830837,291.48577880859375,9.819669723510742,8.523548835698534,0.42940474102169385
2919.1552734375,61.1758918762207,-8.663143157958984,0.022758986800909042,2647.9619140625,76.98106384277344,-8.557279586791992,0.031571995466947556,2763.30810546875,69.82807159423828,-8.603572845458984,0.02744293585419655,419.8313903808594,22,2.117809295654297,0.5246164202690125,76.26513671875,1628.2999827768872,1494.9240554795213,8.524691148064292,0.3275947028034389,0.040892619639635086,0.03783418610692024,73.97203063964844,3,6.288638114929199,0.00046042102621868253,2224.1533203125,12.706855773925781,8.524691148064283,0.3275947028034626
607.451904296875,86.31959533691406,-6.958779811859131,0.1543218195438385,464.0669250488281,73.41020202636719,-6.666451454162598,0.17179305851459503,402.0467529296875,83.17512512207031,-6.510691165924072,0.22467085719108582,36.05301284790039,14,1.3862605094909668,1.2326974868774414,2.4660797119140625,652.9039201377883,1484.467767743826,8.52397841098947,0.3990062022770623,0.3115699887275696,0.3108064532279968,21.350425720214844,0,7.816211700439453,0.0005724398652091622,407.74859619140625,8.3175630569458,8.52397841098947,0.39900620227706224
466.7194519042969,73.57636260986328,-6.672639846801758,0.1712033450603485,368.4998474121094,73.16397857666016,-6.416093349456787,0.21562038362026215,426.9698486328125,99.8331527709961,-6.575993061065674,0.2539261281490326,34.507328033447266,11,1.4397698640823364,0.7078404426574707,33.652915954589844,336.0970047456183,1481.61173581142,8.52378542932463,0.42220639566453666,0.332086980342865,0.33070361614227295,21.89731216430664,0,6.0194993019104,0.00044088016147725284,162.98306274414062,8.638619422912598,8.52378542932463,0.42220639566453666
1761.0989990234375,39.77571487426758,-8.114459037780762,0.024528108537197113,1712.1884765625,75.49948120117188,-8.083878517150879,0.04788750410079956,1736.462646484375,47.01589584350586,-8.099164009094238,0.029404181987047195,454.5197448730469,9,1.4861443042755127,0.29873842000961304,74.26091766357422,1627.0266253919344,1489.8612316939905,8.524320431601025,0.3276880738024511,0.040109783411026,0.036307428032159805,75.90185546875,3,3.9377620220184326,0.00028830269002355635,1610.00830078125,8.916866302490234,8.524320431601025,0.3276880738024511
669.926025390625,84.65241241455078,-7.065067291259766,0.137227863073349,564.5287475585938,73.60678100585938,-6.879215240478516,0.14159944653511047,730.3280029296875,104.30985260009766,-7.15879487991333,0.15510907769203186,43.5775032043457,16,2.415703535079956,1.1406161785125732,-27.787067413330078,1339.2624694578699,1486.9107136151674,8.524120515897634,0.34875243848135873,0.30009186267852783,0.29896610975265503,-24.118244171142578,3,9.940516471862793,0.0007278741104528308,549.8035888671875,14.494220733642578,8.524120515897634,0.3487524384813587
1576.0133056640625,41.37037658691406,-7.993899822235107,0.028507519513368607,1565.4991455078125,75.26021575927734,-7.986631870269775,0.05220864713191986,1505.4559326171875,41.64185333251953,-7.944169998168945,0.030039438977837563,611.8239135742188,10,0.6603801250457764,0.5606414675712585,-33.224769592285156,1017.7987036390164,1484.9528594064313,8.523994661008194,0.3722875092624918,0.019175803288817406,0.01638500578701496,1.7407969236373901,0,1.2916581630706787,9.458890417590737e-05,1528.96337890625,3.962280750274658,8.523994661008194,0.3722875092624918
794.7518310546875,88.96266174316406,-7.250578880310059,0.12156429886817932,621.9317626953125,73.70259857177734,-6.984356880187988,0.1286974400281906,660.994873046875,87.84165954589844,-7.050495147705078,0.14432190358638763,53.86262130737305,19,1.4634685516357422,1.2365336418151855,83.5228042602539,490.91730195830297,1491.1220729902227,8.52447419832555,0.4108681383274351,0.2273157238960266,0.22696763277053833,-4.825023651123047,0,5.841536045074463,0.00042783349636010826,374.74005126953125,8.780811309814453,8.524474198325544,0.41086813832744623
697.5368041992188,92.87374877929688,-7.108917713165283,0.14459580183029175,542.1819458007812,73.79724884033203,-6.835362911224365,0.1478171944618225,619.6370239257812,101.63055419921875,-6.980343341827393,0.1781216710805893,33.7387580871582,16,2.184009313583374,1.1495825052261353,-7.357016563415527,1341.4784200980541,1489.3505145013714,8.524299087212462,0.3485901326618563,0.35367271304130554,0.3529033064842224,-13.253762245178223,3,9.486539840698242,0.0006946315406821668,802.6567993164062,13.104055404663086,8.524299087212462,0.3485901326618563
3777.108642578125,181.43821716308594,-8.942898750305176,0.052167389541864395,1625.036376953125,75.27384185791016,-8.0271577835083,0.05030496045947075,2865.068603515625,167.90264892578125,-8.642837524414062,0.06364324688911438,89.22908782958984,73,3.4721293449401855,1.850355863571167,-20.919147491455078,732.0124452255678,1503.5452224500864,8.525371672911476,0.39321261401277896,0.1712963730096817,0.1697956919670105,-26.321874618530273,2,13.078969955444336,0.0009578510653227568,2383.17138671875,20.832775115966797,8.525371672911481,0.39321261401276764
989.312744140625,114.33214569091797,-7.4883341789245605,0.12550602853298187,725.2520141601562,73.73261260986328,-7.151222229003906,0.1104079931974411,1008.5250244140625,122.21123504638672,-7.509216785430908,0.1315995156764984,30.080890655517578,21,2.157329559326172,1.3828319311141968,4.116480827331543,416.92871847783255,1498.4465371563913,8.525014505200357,0.416286163330165,0.35027357935905457,0.34909799695014954,22.545730590820312,2,10.345322608947754,0.0007576999487355351,625.0211181640625,12.943977355957031,8.525014505200364,0.4162861633301539
755.79443359375,91.19233703613281,-7.196009159088135,0.13103415071964264,562.6681518554688,73.71761322021484,-6.875630855560303,0.14228160679340363,567.8316040039062,90.07160186767578,-6.885549068450928,0.1722654402256012,37.70191955566406,18,1.9500101804733276,1.0107313394546509,-34.287452697753906,1106.458689159257,1494.8828591563813,8.524717189660976,0.3657958080520327,0.2965949475765228,0.29528412222862244,-16.46147918701172,0,8.398799896240234,0.0006150319240987301,22.438108444213867,11.700060844421387,8.524717189660976,0.3657958080520327
1312.962890625,131.58450317382812,-7.795630931854248,0.10883839428424835,180.7623748779297,72.79017639160156,-5.642770290374756,0.4373151659965515,147.64183044433594,90.66085052490234,-5.423023700714111,0.6668685078620911,31.404264450073242,10,1.6278138160705566,1.0926578044891357,-67.66152954101562,1923.5535501381016,1506.4921837085424,8.525521215957175,0.30598598082282896,0.4520426392555237,0.4514433741569519,11.633110046386719,2,7.975529193878174,0.0005838494980707765,116.77232360839844,9.76688289642334,8.525521215957166,0.3059859808228528
377.8138427734375,64.41991424560547,-6.44319486618042,0.18517063558101654,201.13768005371094,72.968505859375,-5.758733749389648,0.3939778804779053,326.9692077636719,125.76605987548828,-6.286267280578613,0.41772112250328064,38.23078536987305,9,1.3554288148880005,0.81814044713974,35.03893280029297,1498.0567641097655,1498.3942708192033,8.52495269414646,0.3371278906570105,0.374604731798172,0.3720255494117737,14.35781192779541,1,5.863659858703613,0.0004293284146115184,403.06719970703125,8.132573127746582,8.52495269414646,0.3371278906570106
15287.873046875,152.78111267089844,-10.460867881774902,0.010853065177798271,11884.177734375,90.5621109008789,-10.187422752380371,0.008275747299194336,14652.0615234375,151.69569396972656,-10.41474723815918,0.011243573389947414,800.1692504882812,136,2.317235231399536,2.0915167331695557,-50.19960021972656,2007.176096265398,1523.3354678839262,8.526749735450785,0.2998663195141705,0.016222795471549034,0.01610845886170864,-80.25086212158203,3,3.4994115829467773,0.0002561641449574381,15694.7431640625,13.903411865234375,8.526749735450785,0.2998663195141705
86039.9765625,216.07525634765625,-12.336750984191895,0.0027273104060441256,73483.09375,152.7621612548828,-12.165468215942383,0.002257658401504159,83826.9765625,192.02755737304688,-12.308459281921387,0.0024877663236111403,5260.18017578125,214,2.0684738159179688,1.9530577659606934,-43.19539260864258,1039.995713035074,1538.0443234720756,8.527882123762526,0.37066038455467715,0.0044601415283977985,0.0044149612076580524,-77.2397232055664,0,3.4519224166870117,0.0002527828619349748,85853.5,12.410842895507812,8.52788212376253,0.3706603845546657
724.2241821289062,98.20418548583984,-7.149682521820068,0.14726068079471588,330.6181640625,73.24366760253906,-6.298316955566406,0.24058757722377777,335.460693359375,86.17588806152344,-6.314104080200195,0.278980553150177,28.707563400268555,15,1.6731278896331787,1.0457475185394287,-78.55057525634766,1550.6739330300911,1504.3488272482957,8.525385820140738,0.3332762205618922,0.40904945135116577,0.4065306484699249,-70.30249786376953,0,7.909789085388184,0.0005791307194158435,-191.46009826660156,10.038766860961914,8.525385820140729,0.3332762205619157
1092.384521484375,120.32219696044922,-7.595938682556152,0.1196189671754837,63.21966552734375,72.87983703613281,-4.502130508422852,1.2519443035125732,84.86412048339844,73.28946685791016,-4.821810245513916,0.9378799796104431,31.53497886657715,9,2.0397017002105713,0.6372062563896179,-22.108291625976562,398.6639735996275,1500.5250261874435,8.52516768806601,0.4176236545215404,0.5431086421012878,0.5400987267494202,-42.49380874633789,0,6.807873249053955,0.0004986156127415597,-821.5794677734375,12.238210678100586,8.525167688066002,0.4176236545215513
1465.08837890625,119.852783203125,-7.91465950012207,0.08884114027023315,858.4421997070312,73.98274230957031,-7.334277629852295,0.0935942530632019,1118.304443359375,111.08464050292969,-7.621400356292725,0.10787574201822281,57.13779830932617,28,2.170461654663086,1.3510619401931763,-55.562774658203125,1666.9612507157472,1521.128938067136,8.526608099749568,0.32476412898741897,0.26649054884910583,0.26581665873527527,-59.0533332824707,2,9.589466094970703,0.0007020768243819475,696.73193359375,13.022769927978516,8.526608099749572,0.3247641289874071
1724.087890625,126.6085205078125,-8.091398239135742,0.07975049316883087,1145.128173828125,74.57029724121094,-7.647135257720947,0.0707198902964592,1489.9830322265625,120.97244262695312,-7.932953357696533,0.08817286789417267,45.020957946777344,41,2.030550718307495,1.7360047101974487,-29.90899658203125,572.1799441384866,1521.7657895715754,8.526714654708623,0.40491606219720955,0.20728816092014313,0.2067268043756485,-33.010498046875,0,10.371976852416992,0.0007596269715577364,1173.2791748046875,12.183303833007812,8.526714654708618,0.4049160621972207
723.5846557617188,96.61327362060547,-7.148723602294922,0.14500309526920319,393.6104431152344,73.12013244628906,-6.487666606903076,0.20174379646778107,352.1940002441406,84.35440063476562,-6.366954803466797,0.26010915637016296,27.992082595825195,16,1.6830637454986572,1.0733124017715454,72.22663879394531,1115.2631924043997,1520.4414071659608,8.526588713490858,0.36515027545272616,0.3057654798030853,0.30506250262260437,-26.748859405517578,0,8.03812313079834,0.0005886164726689458,246.23768615722656,10.098382949829102,8.526588713490858,0.36515027545272616
1619650.75,709.8917846679688,-15.523553848266602,0.0004759930307045579,1348325.75,580.3800659179688,-15.32448673248291,0.0004674632509704679,1578268.875,642.2972412109375,-15.495452880859375,0.00044196195085532963,47665.80078125,903,2.560234308242798,2.3812899589538574,-76.99490356445312,955.2655286871285,1596.1271763189793,8.532140974000445,0.3768620631144566,0.0012093113036826253,0.0010798792354762554,-86.68806457519531,4,8.23948860168457,0.0006033841636963189,1612235.75,15.361406326293945,8.532140974000445,0.37686206311445664
753.1199340820312,89.22438049316406,-7.192160129547119,0.12866167724132538,643.43896484375,73.73847198486328,-7.021268367767334,0.12445621937513351,647.0763549804688,104.21167755126953,-7.027389049530029,0.1749003529548645,48.837181091308594,18,1.676509141921997,1.5828057527542114,7.38538122177124,921.806611336512,1520.2643610852317,8.52658622077855,0.37931466455460244,0.289486289024353,0.2888166606426239,59.94944381713867,0,9.754209518432617,0.0007143226685002446,586.2775268554688,10.05905532836914,8.52658622077855,0.37931466455460244
3712.50439453125,150.01931762695312,-8.92416763305664,0.043884385377168655,2326.3779296875,76.43827056884766,-8.41670036315918,0.03568292409181595,3227.9580078125,153.83248901367188,-8.772319793701172,0.051754727959632874,97.10005187988281,68,2.422074794769287,1.8609850406646729,-86.0334701538086,83.99301305235285,1537.296905170109,8.527877178727357,0.44066702325536994,0.0999658852815628,0.09949538856744766,71.90387725830078,3,7.386874198913574,0.0005410438170656562,3270.77783203125,14.532448768615723,8.527877178727357,0.44066702325536994
6885.30078125,222.30711364746094,-9.594807624816895,0.03506390377879143,2565.97021484375,76.8772964477539,-8.5231294631958,0.032536908984184265,5787.22119140625,219.0975341796875,-9.40617561340332,0.04111471027135849,86.89009094238281,138,3.4225800037384033,3.3494560718536377,-52.166629791259766,1075.8806046095985,1555.4158880619946,8.529152521293605,0.368032416533723,0.13306134939193726,0.1328059434890747,-39.99790573120117,2,12.831070899963379,0.0009396016830578446,4557.50830078125,20.535480499267578,8.529152521293605,0.3680324165337229
2590.464599609375,113.98200225830078,-8.53344440460205,0.047784652560949326,2025.0206298828125,75.95198822021484,-8.266073226928711,0.040732353925704956,2919.292236328125,149.430908203125,-8.663193702697754,0.05558948963880539,90.3645248413086,51,1.967218041419983,1.783334732055664,-88.96195220947266,78.0452311464424,1536.194033336058,8.527796685849609,0.44110266369219386,0.10840017348527908,0.1078980341553688,-24.943445205688477,3,6.4894256591796875,0.0004753115645144135,3059.3583984375,11.803308486938477,8.527796685849609,0.44110266369219386
1920.638427734375,127.3743896484375,-8.208614349365234,0.07202219218015671,1237.0657958984375,74.49674987792969,-7.730981826782227,0.06539948284626007,1506.2550048828125,121.85301208496094,-7.944746494293213,0.08785522729158401,66.17278289794922,45,2.03391170501709,1.7996625900268555,-40.58034133911133,1537.0455396937593,1536.7085223601396,8.527756564790687,0.3342726901618112,0.158086359500885,0.15794959664344788,63.03477478027344,0,8.655749320983887,0.00063374824821949,1131.852783203125,12.203470230102539,8.527756564790687,0.3342726901618112
1091.244384765625,101.65103912353516,-7.5948052406311035,0.10116251558065414,780.949951171875,74.10910034179688,-7.231557846069336,0.10305716097354889,957.0703125,102.55075073242188,-7.452359676361084,0.11636565625667572,46.722721099853516,26,1.9462839365005493,1.2712149620056152,30.93201446533203,1187.1326209933197,1529.1103426413106,8.527219707840182,0.35988820025523316,0.22127358615398407,0.22117529809474945,-12.77502155303955,0,8.97108268737793,0.0006569194374606013,215.21885681152344,11.677703857421875,8.527219707840182,0.35988820025523316
440.88909912109375,74.4366683959961,-6.610823631286621,0.1833527386188507,332.5758972167969,73.21829986572266,-6.304727077484131,0.2390885055065155,298.29742431640625,87.93110656738281,-6.186623573303223,0.32012739777565,34.85226058959961,6,1.2606143951416016,0.37014472484588623,59.37025833129883,310.82924252784596,1529.0889617785258,8.527264507845851,0.42405494139906513,0.3763669431209564,0.3743142783641815,68.15032958984375,2,4.040031433105469,0.0002958991681225598,223.99261474609375,7.563686370849609,8.527264507845851,0.4240549413990652
1347.1536865234375,111.37957000732422,-7.823543071746826,0.08978798240423203,864.5135498046875,74.13448333740234,-7.3419294357299805,0.09312757104635239,703.6969604492188,100.17338562011719,-7.11846399307251,0.15459537506103516,64.44149780273438,28,1.6003373861312866,1.5025899410247803,-79.98484802246094,1913.743284969859,1536.5934222217295,8.52772620805179,0.30670291620388657,0.13504073023796082,0.1343054175376892,-26.741823196411133,0,6.055611610412598,0.00044330209493637085,656.8154907226562,9.60202407836914,8.52772620805179,0.3067029162038865
1517.9754638671875,130.94122314453125,-7.953161716461182,0.09367883205413818,783.6019287109375,73.97180938720703,-7.235238552093506,0.10251810401678085,1271.404052734375,164.19537353515625,-7.760708808898926,0.14025138318538666,37.32159423828125,23,1.6768707036972046,1.365921974182129,-65.59490966796875,21.01553113508577,1546.9239862071636,8.52858553305111,0.44527888493698875,0.32238247990608215,0.3203016519546509,-82.97534942626953,2,9.058526992797852,0.0006634856690652668,1201.527587890625,10.061223983764648,8.528585533051118,0.4452788849369782
2555.669677734375,101.00601959228516,-8.51876163482666,0.04292124882340431,2145.35400390625,76.22915649414062,-8.328747749328613,0.03858797252178192,2373.65625,105.73426055908203,-8.438544273376465,0.048375751823186874,141.10768127441406,45,1.7225607633590698,1.5174826383590698,-37.92937088012695,1105.594680991238,1545.4051721062979,8.528417673018643,0.365857260095831,0.06830718368291855,0.06793259084224701,-70.59222412109375,0,4.1161298751831055,0.0003014161775354296,2158.542724609375,10.33536434173584,8.528417673018643,0.365857260095831
14546.3427734375,233.89907836914062,-10.40688419342041,0.01746242307126522,6120.38720703125,82.46785736083984,-9.466947555541992,0.014633076265454292,13654.3896484375,244.11090087890625,-10.338180541992188,0.019415326416492462,256.07257080078125,248,4.292702674865723,3.248598575592041,10.791422843933105,989.7296868243274,1580.5133372777466,8.530995468869431,0.37433920722218567,0.05755026638507843,0.056813329458236694,-7.098209381103516,0,7.247265338897705,0.0005307188839651644,13434.3603515625,25.756216049194336,8.530995468869431,0.3743392072221856
1507.3310546875,126.97705078125,-7.945521831512451,0.09148427098989487,816.0272216796875,74.02568817138672,-7.279261589050293,0.09851618856191635,1080.75390625,134.92813110351562,-7.584317207336426,0.1355830878019333,49.737571716308594,36,2.5278844833374023,1.7705010175704956,27.18949317932129,1604.6606085966364,1553.8585448630276,8.529008707315372,0.329322994934573,0.2699757218360901,0.2688082754611969,22.09381675720215,0,12.681339263916016,0.0009284630068577826,724.5,15.167306900024414,8.529008707315368,0.3293229949345847
460.3277587890625,67.3575668334961,-6.657668113708496,0.15890920162200928,404.7640380859375,73.25354766845703,-6.518004894256592,0.19654254615306854,433.4500732421875,92.75993347167969,-6.592347621917725,0.2324080467224121,38.629573822021484,11,1.5698254108428955,0.7818676829338074,80.7580337524414,1093.2102402886528,1546.7857092919817,8.528519467495764,0.3667639327678437,0.3109278380870819,0.3090181350708008,72.58035278320312,1,6.613678932189941,0.0004843086062464863,386.3900146484375,9.418952941894531,8.528519467495764,0.3667639327678437
441.5408935546875,76.80057525634766,-6.612427234649658,0.1888962686061859,280.49603271484375,72.98719787597656,-6.119816780090332,0.2825854420661926,272.7927551269531,75.015869140625,-6.0895819664001465,0.29864147305488586,34.6567268371582,9,1.6863350868225098,0.848108172416687,-57.377525329589844,1243.964269598254,1551.0684816485468,8.528824817530031,0.3557267612605388,0.3978774845600128,0.3973924219608307,-60.40145492553711,0,7.144933700561523,0.0005231856484897435,36.178226470947266,10.118010520935059,8.528824817530031,0.3557267612605388
3550.659912109375,95.82434844970703,-8.875772476196289,0.029308704659342766,3198.289794921875,77.7471923828125,-8.76229476928711,0.026399562135338783,3482.80078125,103.52824401855469,-8.85482120513916,0.03228197246789932,203.17327880859375,48,1.6415473222732544,1.4901682138442993,21.911739349365234,1306.2386642666736,1555.3076499019257,8.529131818766754,0.3511676229406698,0.04700785502791405,0.046849124133586884,39.33687973022461,0,3.8266327381134033,0.000280197971733287,3103.98974609375,9.849284172058105,8.529131818766754,0.3511676229406697
420.8399658203125,68.57357025146484,-6.5602922439575195,0.17695775628089905,477.4556884765625,73.57534790039062,-6.697332859039307,0.16735129058361053,522.1419677734375,101.51253509521484,-6.794471740722656,0.21113532781600952,39.005592346191406,10,1.26936936378479,0.892928957939148,89.21531677246094,1931.6718730039797,1548.9945944433339,8.528633315936,0.3053905490350565,0.3285825252532959,0.327128142118454,69.68093872070312,2,6.204500675201416,0.00045419693924486637,493.7295227050781,7.61621618270874,8.528633315935997,0.30539054903506835
429.962646484375,71.95946502685547,-6.583576679229736,0.18175527453422546,360.079833984375,73.23583221435547,-6.390996932983398,0.22087910771369934,406.6242980957031,89.26555633544922,-6.522983551025391,0.23840777575969696,34.10176467895508,10,2.090412139892578,0.9555423855781555,-15.021665573120117,151.67742202989726,1547.750842074458,8.528639575030112,0.4357096491591831,0.6065641641616821,0.6037257313728333,-31.530866622924805,0,8.455557823181152,0.0006193125154823065,-317.767822265625,12.542472839355469,8.528639575030112,0.435709649159183
722.5718383789062,91.83006286621094,-7.147202491760254,0.13801734149456024,518.136474609375,73.50070190429688,-6.7861104011535645,0.15405549108982086,566.7754516601562,74.09352111816406,-6.883527755737305,0.14197079837322235,43.973594665527344,13,1.2764497995376587,1.0420836210250854,40.47850036621094,1842.2062469144046,1562.3661596341492,8.529617873651949,0.31193719336248577,0.29500216245651245,0.2942238748073578,50.669857025146484,2,4.9191060066223145,0.00036011473275721073,317.7216796875,7.658699035644531,8.529617873651949,0.3119371933624857
55682.3125,373.01373291015625,-11.864293098449707,0.0072750733233988285,21015.693359375,102.14879608154297,-10.80635929107666,0.005278607364743948,52929.5390625,365.456787109375,-11.809245109558105,0.007498385384678841,905.7841186523438,709,5.586802959442139,5.3381524085998535,-3.0840792655944824,1747.4626642817639,1666.1988362452223,8.537227559073987,0.31886768654513675,0.02313203737139702,0.023083521053195,29.508195877075195,0,5.244190692901611,0.0003839237615466118,54176.54296875,33.520816802978516,8.537227559073981,0.3188676865451484
1342.8795166015625,121.28165435791016,-7.820092678070068,0.09808167815208435,771.49169921875,73.92330169677734,-7.21832799911499,0.10405906289815903,1012.40380859375,129.30596923828125,-7.5133843421936035,0.1387058049440384,45.504058837890625,32,2.559854030609131,1.5923434495925903,-71.50977325439453,15.908866203094716,1590.5724226198854,8.531783195197312,0.4456510627048768,0.27421531081199646,0.27394524216651917,-48.35758972167969,18,10.63601016998291,0.0007790228701196611,-51.559696197509766,15.359124183654785,8.531783195197312,0.44565106270487675
4220.1865234375,153.5530242919922,-9.063328742980957,0.03951450437307358,2486.484130859375,76.80472564697266,-8.488964080810547,0.03354533016681671,3618.2109375,156.1725616455078,-8.896234512329102,0.046874936670064926,108.07524108886719,87,2.842078447341919,2.041196346282959,49.095088958740234,1441.8080129807183,1591.1802842430154,8.531751432799188,0.3412421832246493,0.09752386808395386,0.09611058980226517,56.413509368896484,0,8.212841033935547,0.0006013372913002968,2564.65478515625,17.052471160888672,8.531751432799188,0.34124218322464933
487.6338806152344,78.5444107055664,-6.7202348709106445,0.17492474615573883,325.1787414550781,73.34905242919922,-6.2803053855896,0.24496394395828247,378.6722106933594,86.23751831054688,-6.4456586837768555,0.2473219335079193,30.654260635375977,6,1.403011679649353,0.5210452675819397,49.41273498535156,1785.5523557219874,1582.2925244353737,8.531080513835079,0.3160826918305173,0.504909873008728,0.5018863677978516,67.25364685058594,2,5.084403991699219,0.0003722237888723612,96.3635482788086,8.418069839477539,8.531080513835079,0.3160826918305173
543.22509765625,85.22553253173828,-6.837449550628662,0.17038042843341827,330.98211669921875,73.21562957763672,-6.299511432647705,0.24023102223873138,326.0633850097656,97.04271697998047,-6.283255100250244,0.32321444153785706,25.798364639282227,7,1.8089470863342285,0.3120931088924408,23.12495994567871,279.4999147748371,1577.0714180727268,8.530780890089957,0.4263473924241781,0.5091623067855835,0.5082479119300842,68.44871520996094,2,4.45551872253418,0.00032632958027534187,-58.41539001464844,10.853682518005371,8.530780890089957,0.42634739242417813
1519.348388671875,108.99851989746094,-7.954143524169922,0.07790997624397278,1121.7750244140625,74.44728088378906,-7.624764442443848,0.07207304239273071,1135.0084228515625,109.19825744628906,-7.637497901916504,0.10448319464921951,73.63624572753906,35,1.8542736768722534,1.5742261409759521,60.45249557495117,1613.5671203581876,1585.5279584911868,8.531327554125404,0.32867005821680484,0.1530458778142929,0.1529235988855362,30.545991897583008,0,7.1144208908081055,0.0005208773072808981,690.5310668945312,11.125641822814941,8.531327554125399,0.32867005821681644
4568.35107421875,165.92897033691406,-9.149398803710938,0.03944505378603935,2194.693115234375,76.2536849975586,-8.353434562683105,0.03773260861635208,3764.37939453125,168.55990600585938,-8.939233779907227,0.04862848296761513,81.9590835571289,97,3.866238832473755,1.7741376161575317,-25.582855224609375,1294.567316226604,1593.6935909577965,8.531943880507944,0.3520207361847171,0.13033880293369293,0.12832915782928467,-27.529558181762695,0,12.48353385925293,0.0009140819893218577,1976.711669921875,23.197433471679688,8.531943880507944,0.35202073618471713
411.8319396972656,73.2049789428711,-6.536799907684326,0.1930413842201233,230.06716918945312,73.0746841430664,-5.904636859893799,0.34493884444236755,270.5630187988281,65.29154205322266,-6.080671310424805,0.26207059621810913,28.890594482421875,9,2.1389710903167725,0.4675869345664978,-54.3549690246582,651.5869119213512,1593.5749267227745,8.531970387226213,0.39909849551863863,0.5462431907653809,0.545017659664154,-70.8724365234375,0,5.962430000305176,0.0004366668872535229,-308.4058532714844,12.833826065063477,8.531970387226213,0.39909849551863863
1089.2381591796875,108.32524108886719,-7.592807292938232,0.10800320655107498,759.7293701171875,73.93212127685547,-7.2016472816467285,0.10568273812532425,781.3909301757812,103.86621856689453,-7.232171058654785,0.14435631036758423,37.650482177734375,23,2.338789701461792,1.13263738155365,-41.82668685913086,14.793872791341308,1598.6338570479531,8.532373777514833,0.4457323866313609,0.28653332591056824,0.2843400537967682,-34.46443176269531,19,9.74573040008545,0.0007138144574128091,271.9288635253906,14.032737731933594,8.532373777514833,0.4457323866313609
1193.4068603515625,118.53123474121094,-7.691971302032471,0.1078633964061737,635.06298828125,73.72450256347656,-7.007041931152344,0.12607382237911224,637.6873168945312,104.70280456542969,-7.011519432067871,0.17831191420555115,40.1862907409668,24,2.08331036567688,1.2936302423477173,-37.99363327026367,143.6642830552529,1601.1573648871456,8.532552138990123,0.43629431883430186,0.24006247520446777,0.23958684504032135,88.1057357788086,2,9.830483436584473,0.0007200115360319614,152.583740234375,12.499862670898438,8.532552138990123,0.43629431883430186
710.7183837890625,85.29225158691406,-7.129243850708008,0.13032923638820648,557.1192016601562,73.50881958007812,-6.864870548248291,0.14329174160957336,677.3059692382812,134.16958618164062,-7.076962471008301,0.21512901782989502,50.75191879272461,17,1.8709461688995361,1.0096396207809448,87.84363555908203,669.0514737629641,1602.6070371051776,8.532631036128105,0.397819281458835,0.2875075042247772,0.28593766689300537,79.85823822021484,0,8.097389221191406,0.0005930204060859978,638.9977416992188,11.225677490234375,8.5326310361281,0.3978192814588462
802.4215698242188,103.00733947753906,-7.2610063552856445,0.13941046595573425,459.6628112792969,73.43140411376953,-6.656098365783691,0.17348913848400116,503.39520263671875,81.414306640625,-6.754772663116455,0.17563921213150024,36.187313079833984,17,1.4197978973388672,1.1382673978805542,-17.10995864868164,601.848185543886,1605.7631336491906,8.532865779887523,0.40274028785503746,0.334645539522171,0.3335724472999573,-13.360247611999512,0,7.36507511138916,0.0005393964238464832,5.576528549194336,8.518787384033203,8.532865779887523,0.40274028785503735
882.40087890625,98.79898071289062,-7.36416482925415,0.12159518152475357,509.1330261230469,73.39993286132812,-6.767078399658203,0.1565648317337036,457.9938049316406,86.95588684082031,-6.652149200439453,0.20619076490402222,43.180763244628906,21,1.4995979070663452,1.2047475576400757,33.979976654052734,314.355881840285,1607.1711825321445,8.532983934866488,0.4237935662409563,0.17595332860946655,0.17499665915966034,63.24638366699219,0,5.330916404724121,0.00039044118602760136,362.24114990234375,8.997587203979492,8.532983934866488,0.4237935662409563
416.2186584472656,73.83268737792969,-6.548304080963135,0.1926446557044983,218.07192993164062,73.14060974121094,-5.846499443054199,0.364240825176239,199.08187866210938,108.13932037353516,-5.747579097747803,0.5899045467376709,25.76740074157715,9,1.294334888458252,1.165109395980835,-49.846046447753906,1914.4029713351272,1606.8399821952382,8.532870504544464,0.3066524423184353,0.36506491899490356,0.3641353249549866,-1.222548484802246,0,7.338656425476074,0.0005372224259190261,308.3113708496094,7.766009330749512,8.532870504544464,0.30665244231843536
2754.62158203125,155.6144256591797,-8.600154876708984,0.061350446194410324,1387.5518798828125,74.96894073486328,-7.855623245239258,0.05867619812488556,2078.0244140625,146.96316528320312,-8.294126510620117,0.07680467516183853,66.54057312011719,65,2.9272353649139404,1.8037738800048828,39.292442321777344,1514.6978195565248,1624.753872157538,8.534206081694549,0.3359055834422481,0.17363180220127106,0.17198100686073303,44.4229736328125,0,10.985158920288086,0.0008042979170568287,1344.8953857421875,17.563411712646484,8.534206081694546,0.33590558344225974
19927.935546875,136.61083984375,-10.748655319213867,0.007444793824106455,17447.2890625,97.73789978027344,-10.60431957244873,0.006083659362047911,19546.09375,134.64837646484375,-10.727649688720703,0.007481195032596588,1206.833740234375,107,1.854239583015442,1.7639243602752686,57.82914733886719,1004.9649791187635,1636.1795794020109,8.535071819792607,0.3732217440330079,0.011332443915307522,0.01125530619174242,-83.09011840820312,0,3.4489822387695312,0.0002525665913708508,19662.40625,11.12543773651123,8.535071819792602,0.3732217440330192
2215.5673828125,94.01921844482422,-8.363712310791016,0.04608520120382309,1956.741455078125,75.75833129882812,-8.228833198547363,0.0420462042093277,2047.9888916015625,95.4271240234375,-8.278319358825684,0.0506027452647686,132.97720336914062,39,1.5454118251800537,1.4254205226898193,-59.1502685546875,751.2003566392443,1619.8394493865803,8.53388885191197,0.3918032385652186,0.06970179826021194,0.06940970569849014,74.84042358398438,0,4.127134799957275,0.0003022483142558485,1778.33935546875,9.272470474243164,8.533888851911964,0.3918032385652297
1009.1838989257812,96.88159942626953,-7.509925842285156,0.10425594449043274,763.8644409179688,73.85381317138672,-7.207540512084961,0.10499931126832962,850.4725952148438,94.42867279052734,-7.324151039123535,0.12057947367429733,48.57460403442383,24,1.6636046171188354,1.3066362142562866,-18.289838790893555,1978.8724125524147,1617.2762734434718,8.533630865542323,0.3019344953718282,0.21889695525169373,0.21804486215114594,-11.200764656066895,0,6.854137897491455,0.0005017374642193317,287.022216796875,9.981627464294434,8.533630865542323,0.30193449537182815
6043.1494140625,216.7124786376953,-9.453158378601074,0.03894488513469696,2137.908935546875,76.21714782714844,-8.324973106384277,0.03871625289320946,5296.77197265625,202.38323974609375,-9.310028076171875,0.04149474576115608,69.60107421875,122,3.367520332336426,2.9106130599975586,65.58695220947266,1552.5436949124912,1649.990030188636,8.5360520820112,0.33313456938108005,0.15848934650421143,0.1578603833913803,60.69717025756836,2,14.316283226013184,0.001048172591254115,3952.51611328125,20.205121994018555,8.5360520820112,0.33313456938108005
587.1734619140625,88.5460433959961,-6.9219160079956055,0.16376933455467224,164.35658264160156,72.93527221679688,-5.539467811584473,0.48192599415779114,93.49436950683594,87.043701171875,-4.926963806152344,1.0110712051391602,26.661632537841797,12,1.9256696701049805,0.9704381227493286,-48.04521560668945,139.46001777624159,1621.6952986401257,8.534056795902782,0.4366013875731774,0.40484189987182617,0.4021732807159424,-23.478361129760742,0,8.176584243774414,0.0005988739430904388,22.019161224365234,11.554018020629883,8.534056795902782,0.43660138757317735
2548.5986328125,94.99365234375,-8.515753746032715,0.04047836363315582,2255.73583984375,76.2420425415039,-8.383220672607422,0.03670591861009598,2398.889404296875,99.1064682006836,-8.45002555847168,0.04486643895506859,145.37258911132812,42,1.5552932024002075,1.5103709697723389,-26.663402557373047,1280.3203824213308,1631.3246145161722,8.534700785652678,0.35306244393327585,0.06515021622180939,0.06480710953474045,-48.6984977722168,0,4.16056489944458,0.00030464897281490266,2334.7490234375,9.331759452819824,8.534700785652678,0.35306244393327596
380.96197509765625,58.083900451660156,-6.45220422744751,0.16557851433753967,291.1175842285156,73.06254577636719,-6.160171031951904,0.27255627512931824,336.5440673828125,67.000244140625,-6.317605018615723,0.21620427072048187,54.5405158996582,9,1.4156718254089355,0.7948837876319885,66.99363708496094,1757.8098094179409,1628.3453846071307,8.534454796276231,0.31811159379173054,0.2491423636674881,0.24825827777385712,80.96996307373047,0,4.9338178634643555,0.0003612018481362611,98.37846374511719,8.494030952453613,8.534454796276231,0.3181115937917305
38033.96484375,394.7995910644531,-11.45042896270752,0.011272881180047989,7009.16015625,83.65714263916016,-9.614165306091309,0.012961845844984055,35710.09765625,414.7568664550781,-11.381978034973145,0.012613405473530293,246.93588256835938,667,13.279218673706055,3.053539991378784,46.255043029785156,356.2349299762393,1758.9456823687294,8.544099077218826,0.42072077983477374,0.0911659300327301,0.08879239857196808,44.93437576293945,2,26.215452194213867,0.0019199857488274574,12419.091796875,79.67530822753906,8.544099077218826,0.42072077983477374
19016.0546875,293.4712219238281,-10.697800636291504,0.01676003448665142,4278.89697265625,79.51691436767578,-9.078330039978027,0.02018168941140175,17802.392578125,311.6396789550781,-10.626195907592773,0.019010966643691063,131.74649047851562,357,7.868566989898682,2.9179134368896484,-81.30240631103516,1309.4925484676728,1720.4634516298302,8.541227541874289,0.3509238966761643,0.11220608651638031,0.10928136855363846,-87.1628189086914,0,22.65768814086914,0.001659024739637971,9026.537109375,47.211402893066406,8.541227541874289,0.35092389667616436
456.55145263671875,78.20219421386719,-6.648724555969238,0.18601973354816437,59.058311462402344,72.78638458251953,-4.4282026290893555,1.3384400606155396,46.5652961730957,85.14888000488281,-4.170156002044678,1.9858497381210327,23.275827407836914,9,1.7355138063430786,1.016471028327942,25.771024703979492,2001.7814065278837,1646.0866400646767,8.535739265014753,0.3002572911398437,0.47984927892684937,0.475080281496048,6.452264308929443,0,7.942598819732666,0.000581406697165221,-307.76385498046875,10.41308307647705,8.535739265014753,0.3002572911398436
3932.974609375,106.23583221435547,-8.98680305480957,0.029334569349884987,3370.033203125,78.04521179199219,-8.819085121154785,0.025150226429104805,3629.809326171875,111.50259399414062,-8.899709701538086,0.03336038067936897,219.93238830566406,57,1.8598777055740356,1.536872386932373,-32.84054946899414,1533.2955584759957,1656.3352879449608,8.53651791366275,0.3345432597212663,0.044463906437158585,0.0442245788872242,-71.56095123291016,0,3.7148897647857666,0.0002719890617299825,3300.47265625,11.159266471862793,8.53651791366275,0.3345432597212662
4752.26513671875,105.62762451171875,-9.192251205444336,0.024138299748301506,4122.35546875,79.3274154663086,-9.037863731384277,0.02089814469218254,4620.4765625,111.18319702148438,-9.16171646118164,0.026132576167583466,301.3935852050781,60,1.8441534042358398,1.499475121498108,-80.04808044433594,1283.0615674691783,1666.9056346461393,8.537306566283153,0.35286057898373596,0.036893099546432495,0.03675831854343414,-77.49748229980469,0,3.490947723388672,0.00025561603251844645,4257.72705078125,11.064920425415039,8.537306566283146,0.3528605789837475
4475.72509765625,168.95376586914062,-9.127158164978027,0.04099532216787338,2223.810791015625,76.30062103271484,-8.367744445800781,0.0372614748775959,4231.50048828125,183.2022247314453,-9.066235542297363,0.04701821878552437,98.64043426513672,91,3.6609253883361816,2.216014862060547,85.8519515991211,118.90190242938263,1695.1741617453736,8.539440267974692,0.4381040076907401,0.13643194735050201,0.13547495007514954,-84.9748764038086,2,13.008228302001953,0.0009527470101602376,3003.139404296875,21.965553283691406,8.539440267974692,0.4381040076907401
2888.4697265625,111.75499725341797,-8.6516695022583,0.0420173779129982,2250.93896484375,76.26182556152344,-8.380908966064453,0.03679368644952774,2566.875244140625,118.57424926757812,-8.52351188659668,0.05016668885946274,157.6054229736328,53,1.9733418226242065,1.7109646797180176,-39.943275451660156,450.3071735924946,1677.491141452844,8.538127723137737,0.41383484549104393,0.06801106035709381,0.06742943078279495,-74.74085235595703,0,4.1129021644592285,0.0003012225206475705,2033.8201904296875,11.84005069732666,8.53812772313773,0.4138348454910547
605.7724609375,85.9789810180664,-6.955773830413818,0.15413902699947357,386.88360595703125,73.2521743774414,-6.4689507484436035,0.20562222599983215,396.24932861328125,83.79490661621094,-6.4949212074279785,0.22965659201145172,40.601051330566406,14,1.495093822479248,1.1414988040924072,48.87211227416992,1238.7883940116183,1674.7972357723502,8.537887075630644,0.35610146929020725,0.29157155752182007,0.29125791788101196,-59.90020751953125,0,7.811155796051025,0.0005719605251215398,294.884033203125,8.970562934875488,8.537887075630644,0.35610146929020736
1694.54248046875,94.2003402709961,-8.072630882263184,0.06037120521068573,1483.73583984375,75.07064056396484,-7.928391456604004,0.05494692176580429,1576.190185546875,96.46270751953125,-7.994021415710449,0.06646311283111572,91.67240142822266,34,1.5614715814590454,1.4271308183670044,42.19059753417969,1473.5785886123201,1684.5545237846347,8.538588091636218,0.338913521060718,0.10453904420137405,0.10407217592000961,-88.49010467529297,0,4.885065078735352,0.0003576712333597243,1118.804931640625,9.368829727172852,8.538588091636223,0.3389135210607064
473.57733154296875,75.630859375,-6.688477039337158,0.17343547940254211,305.2550964355469,73.11503601074219,-6.2116570472717285,0.2601199150085449,286.697509765625,74.3363265991211,-6.14355993270874,0.28158336877822876,28.8997859954834,11,1.3941158056259155,0.9294737577438354,36.494110107421875,709.2369262570057,1680.7573558570055,8.538353094234031,0.39487378147893293,0.28624898195266724,0.285279244184494,26.654239654541016,0,6.797497272491455,0.0004978111246600747,66.57398223876953,8.364694595336914,8.538353094234031,0.39487378147893293
412.513671875,73.30548858642578,-6.538595676422119,0.19298696517944336,365.58209228515625,73.24506378173828,-6.407462120056152,0.21758216619491577,354.3090515136719,64.64261627197266,-6.37345552444458,0.19813741743564606,34.00164794921875,9,1.204908013343811,0.8555888533592224,73.71699523925781,327.91844479088894,1681.0843687200143,8.53839735719982,0.4227974470415324,0.3680152893066406,0.36681604385375977,68.68334197998047,0,5.469838619232178,0.0004006105300504714,251.6207275390625,7.229448318481445,8.538397357199813,0.422797447041543
1384.6114501953125,123.06400299072266,-7.8533196449279785,0.0965234711766243,671.6613159179688,73.67167663574219,-7.067875862121582,0.11911873519420624,917.2664794921875,131.22955322265625,-7.406239032745361,0.1553695648908615,44.40330505371094,33,2.827777862548828,1.499230980873108,-35.6718864440918,1103.6785599573352,1705.6841291775986,8.54015692780928,0.36599199324201526,0.29369106888771057,0.29281923174858093,-11.223596572875977,0,12.341211318969727,0.0009037022828124464,197.41397094726562,16.96666717529297,8.540156927809285,0.36599199324200393
9540.3173828125,76.4969253540039,-9.948906898498535,0.00870785117149353,9414.0986328125,86.99952697753906,-9.934447288513184,0.010036168619990349,9423.4033203125,83.8943099975586,-9.935519218444824,0.009668398648500443,1162.653076171875,29,1.337162971496582,0.9074556231498718,-85.84431457519531,1683.3874423422947,1715.6561702777315,8.54085334256868,0.3235557024822692,0.012921259738504887,0.012018854729831219,82.21047973632812,0,3.827512502670288,0.0002802153176162392,9083.548828125,8.022977828979492,8.540853342568685,0.3235557024822576
7714.61376953125,107.98316192626953,-9.71828556060791,0.015200982801616192,6890.84326171875,83.40763092041016,-9.595681190490723,0.013145080767571926,7561.53564453125,113.4684829711914,-9.696524620056152,0.01629652827978134,453.36126708984375,68,1.7022716999053955,1.5943399667739868,1.5891599655151367,1800.3542443195415,1719.1771702948936,8.541104092812693,0.31499520354688376,0.023035751655697823,0.02292831987142563,-51.98495101928711,0,3.5364997386932373,0.0002588967909105122,7506.240234375,10.213630676269531,8.541104092812693,0.31499520354688376
767.62109375,95.14229583740234,-7.212867259979248,0.1346035599708557,474.2443542480469,73.37007141113281,-6.690005302429199,0.16801443696022034,595.0642700195312,116.51171112060547,-6.9364094734191895,0.21263538300991058,33.65676498413086,18,2.26806378364563,1.4613968133926392,-34.58449935913086,466.7175214253122,1718.610953153441,8.541138780025939,0.41263155406108265,0.4549025595188141,0.4535999596118927,-13.038307189941406,0,10.90721607208252,0.0007988198194652796,48.633785247802734,13.608383178710938,8.541138780025939,0.41263155406108265
2052.129638671875,141.279296875,-8.280511856079102,0.0747658982872963,1096.299560546875,74.4615707397461,-7.599822998046875,0.07376201450824738,1425.21142578125,129.69789123535156,-7.884698390960693,0.09882878512144089,58.73308563232422,46,2.720703125,1.5343496799468994,56.65609359741211,232.65248414942008,1725.600102629114,8.541663077021697,0.4297723459324625,0.1949193924665451,0.19377952814102173,65.32502746582031,0,12.088200569152832,0.0008853450417518616,1180.9688720703125,16.32421875,8.541663077021697,0.4297723459324625
3094.108642578125,158.99258422851562,-8.726339340209961,0.055804744362831116,1456.6727294921875,74.97034454345703,-7.90840482711792,0.05589299276471138,2376.5126953125,162.1347198486328,-8.439850807189941,0.07409104704856873,62.179962158203125,72,3.401714563369751,1.8849029541015625,30.267414093017578,547.0320517992285,1732.4439829777853,8.542147696186401,0.4067496563774622,0.18673457205295563,0.18484506011009216,36.34295654296875,0,13.515084266662598,0.0009897967102006078,472.9981994628906,20.410287857055664,8.542147696186394,0.40674965637747296
812.0517578125,98.16161346435547,-7.273959159851074,0.13127674162387848,565.4977416992188,73.55136108398438,-6.881077289581299,0.1412503868341446,562.66552734375,87.70391845703125,-6.8756256103515625,0.16927722096443176,43.99418640136719,12,1.854361891746521,0.9854663610458374,-77.9819564819336,304.291771831252,1719.0026378284956,8.541176067969587,0.42452622518734984,0.32910019159317017,0.3287484645843506,37.12135696411133,2,8.084973335266113,0.0005921415868215263,322.5765075683594,11.126171112060547,8.541176067969587,0.42452622518734984
2249.280029296875,124.44208526611328,-8.380108833312988,0.06008327379822731,1627.398681640625,75.27769470214844,-8.028735160827637,0.050234511494636536,1885.0081787109375,119.19275665283203,-8.18828296661377,0.06866990774869919,77.86228942871094,50,2.0070037841796875,1.7131415605545044,33.211936950683594,1366.577949498594,1735.66992309333,8.542337894896832,0.3467444847285975,0.12820519506931305,0.12751345336437225,46.35867691040039,0,6.296427249908447,0.00046102204942144454,1308.0205078125,12.042022705078125,8.542337894896827,0.3467444847286088
9878.68359375,122.1358642578125,-9.986747741699219,0.013426844961941242,8490.951171875,85.83175659179688,-9.82239055633545,0.010977956466376781,9591.6748046875,123.54237365722656,-9.95473575592041,0.013987861573696136,548.3941040039062,87,1.9022270441055298,1.6988252401351929,-37.90220260620117,677.2894400478594,1744.3208921416378,8.543010549246274,0.39721084981409654,0.020144391804933548,0.01997385546565056,-77.11812591552734,0,3.5551443099975586,0.0002603583852760494,9780.3310546875,11.413362503051758,8.543010549246269,0.3972108498141074
2834.2666015625,143.38694763183594,-8.631101608276367,0.05494127795100212,1744.1640625,75.52375793457031,-8.103968620300293,0.04702470451593399,2447.23779296875,214.5422821044922,-8.47169017791748,0.09520649164915085,82.58514404296875,64,2.7800228595733643,2.005802869796753,-54.17832946777344,333.91793961895115,1748.949745017319,8.543368081282875,0.42235547729984757,0.12508350610733032,0.12405119836330414,-12.600573539733887,3,11.313125610351562,0.0008285626536235213,3587.92431640625,16.680137634277344,8.543368081282868,0.4223554772998581
1762.0721435546875,129.45004272460938,-8.115058898925781,0.0797826275229454,1099.7763671875,74.26981353759766,-7.6032609939575195,0.07333946973085403,1376.694580078125,131.65928649902344,-7.8470940589904785,0.10385890305042267,56.306419372558594,42,2.3930916786193848,1.7676947116851807,0.5394773483276367,255.30961916777255,1756.5121254656694,8.543926160946198,0.4281118847033104,0.20026981830596924,0.20008878409862518,49.12214660644531,0,12.327715873718262,0.0009028798667714,728.577880859375,14.358550071716309,8.543926160946205,0.4281118847033
676.3333129882812,87.9176254272461,-7.075401782989502,0.14117084443569183,453.1156311035156,73.33465576171875,-6.640522480010986,0.1757640391588211,414.6890563964844,91.02229309082031,-6.54430627822876,0.23837187886238098,42.95071792602539,16,2.0145082473754883,0.9891696572303772,-36.01478958129883,742.6350493021026,1750.3377310162675,8.543447657446583,0.3924257137374424,0.3061279356479645,0.30528244376182556,-56.27256774902344,0,8.445348739624023,0.0006184789817780256,-320.9158020019531,12.08704948425293,8.543447657446583,0.3924257137374424
5832.2939453125,132.31097412109375,-9.41459846496582,0.02463691309094429,4146.5810546875,79.39138793945312,-9.044225692749023,0.020792802795767784,5514.4794921875,141.5282440185547,-9.353761672973633,0.02787201851606369,219.87030029296875,87,2.5701394081115723,1.800431251525879,-48.225521087646484,1763.3611149749065,1769.1386836679442,8.544765121546966,0.3177010361096914,0.05209292098879814,0.051477231085300446,-50.66397476196289,0,5.518562316894531,0.0004040013300254941,4983.1953125,15.420836448669434,8.54476512154696,0.31770103610970307
427.43572998046875,71.226318359375,-6.577177047729492,0.1809670478105545,354.43402099609375,73.4552230834961,-6.373838424682617,0.22506976127624512,270.72930908203125,70.69232940673828,-6.081338405609131,0.28357428312301636,32.24339294433594,10,2.031778573989868,0.6254643201828003,1.785534381866455,239.4861645179086,1747.1904407916777,8.543244191017449,0.42927105006463645,0.32679590582847595,0.3251555860042572,-11.566481590270996,18,6.730922698974609,0.0004929734859615564,-202.50076293945312,12.190671920776367,8.543244191017456,0.429271050064626
2458.2998046875,96.33863067626953,-8.476587295532227,0.04255939647555351,2103.3955078125,76.0511703491211,-8.307302474975586,0.03926583379507065,2293.04833984375,106.62895965576172,-8.401033401489258,0.0505000464618206,143.73028564453125,42,1.6918230056762695,1.5351836681365967,-78.1586685180664,1462.1730509803524,1764.550691152546,8.54444736400336,0.33974587046739685,0.06929607689380646,0.06905974447727203,81.23695373535156,0,5.054479122161865,0.0003700723755173385,2001.7037353515625,10.150938034057617,8.54444736400336,0.3397458704673968
2139.3935546875,127.8638687133789,-8.325726509094238,0.06490632146596909,1388.427734375,74.9423828125,-7.8563079833984375,0.05861841142177582,1953.758056640625,128.16769409179688,-8.227176666259766,0.07124225050210953,67.94017028808594,49,2.1360924243927,1.8106317520141602,54.211181640625,1244.4763828870261,1768.3749426459979,8.544740266539995,0.35568198378650945,0.16053345799446106,0.16016018390655518,71.03731536865234,0,7.689857482910156,0.0005630694213323295,1258.200927734375,12.81655502319336,8.544740266539987,0.35568198378652066
5814.4951171875,52.196319580078125,-9.411279678344727,0.009748946875333786,5817.26904296875,81.75845336914062,-9.411797523498535,0.015263120643794537,5737.1552734375,51.669342041015625,-9.39674186706543,0.009780614636838436,2963.665283203125,11,0.7541440725326538,0.45677515864372253,-20.38104248046875,74.06743961581009,1752.0986508566627,8.543612323851866,0.4413851873053474,0.006539162248373032,0.006111653987318277,87.6834945678711,0,1.7924302816390991,0.00013128040882293135,5852.935546875,4.524864196777344,8.543612323851866,0.4413851873053475
1524.0513916015625,90.78584289550781,-7.957499027252197,0.06469167023897171,1299.116943359375,74.71150970458984,-7.784120559692383,0.06245527043938637,1333.6412353515625,95.05570220947266,-7.812597751617432,0.07740499824285507,99.43406677246094,31,1.622747778892517,1.3167483806610107,-49.895748138427734,169.19501823102325,1764.667676607879,8.544528059856889,0.4344180557158415,0.10232202708721161,0.10174790769815445,85.94772338867188,0,4.894870758056641,0.0003585032536648214,1038.8076171875,9.736486434936523,8.54452805985689,0.43441805571584163
1634.6419677734375,133.0545654296875,-8.033556938171387,0.08839688450098038,864.2304077148438,73.822021484375,-7.341573715209961,0.0927654430270195,952.2064208984375,120.85943603515625,-7.4468278884887695,0.13784126937389374,53.45866394042969,39,2.712674140930176,1.311005711555481,-2.2656986713409424,46.13770951529779,1762.5019378265615,8.544375808608983,0.4434302099825881,0.21460796892642975,0.21379248797893524,-4.9188971519470215,0,10.163469314575195,0.000744389311876148,-324.3374328613281,16.276044845581055,8.544375808608983,0.4434302099825881
598.6718139648438,84.34417724609375,-6.942972183227539,0.15300165116786957,359.3476257324219,73.26324462890625,-6.388786792755127,0.22141201794147491,326.8113098144531,83.69296264648438,-6.28574275970459,0.2781132459640503,33.50111770629883,14,2.3674726486206055,0.7148491740226746,-41.585060119628906,251.94536247868618,1767.1295757005819,8.544704049788805,0.42835784960020795,0.29909375309944153,0.2974036633968353,-24.959930419921875,0,7.778182029724121,0.0005696720909327269,293.270263671875,14.204835891723633,8.544704049788805,0.4283578496002079
901.6676025390625,104.03960418701172,-7.387616157531738,0.12530894577503204,661.2989501953125,73.76824188232422,-7.050994396209717,0.1211438700556755,913.6744995117188,141.6083221435547,-7.401978969573975,0.16831666231155396,32.47899627685547,21,1.83424973487854,1.3737599849700928,62.708553314208984,738.8437566829406,1768.5450595549808,8.544781439919536,0.3927026815810187,0.3542802631855011,0.3541499078273773,76.05621337890625,0,9.503849983215332,0.000695994938723743,886.1759643554688,11.005498886108398,8.544781439919536,0.39270268158101873
1340.2740478515625,127.78961944580078,-7.817984104156494,0.10354563593864441,623.7131958007812,73.47747802734375,-6.987462520599365,0.12793786823749542,1007.27685546875,140.9471893310547,-7.507872104644775,0.15196283161640167,40.732181549072266,21,3.1791622638702393,1.5216953754425049,67.19706726074219,251.144297018877,1778.1347128903385,8.545510199358262,0.4284160896278064,0.4487260580062866,0.4471287727355957,48.6509895324707,2,13.18587875366211,0.0009657287155278027,-409.967529296875,19.074974060058594,8.545510199358262,0.4284160896278065
15426.412109375,229.56419372558594,-10.470662117004395,0.016161030158400536,7748.08837890625,84.6370849609375,-9.722986221313477,0.011863038875162601,14796.12109375,261.8750305175781,-10.425369262695312,0.019221002236008644,348.4017028808594,207,3.6155614852905273,3.008244037628174,31.002166748046875,1390.1312923441392,1812.6533805701795,8.547974480731435,0.34501788584088994,0.041911713778972626,0.041733622550964355,21.848712921142578,0,5.685147762298584,0.000416255701566115,16333.4287109375,21.693368911743164,8.547974480731435,0.3450178858408899
486.3201904296875,80.53801727294922,-6.717305660247803,0.17984917759895325,260.8369140625,73.0115737915039,-6.04092264175415,0.30398523807525635,167.51280212402344,86.544189453125,-5.560120105743408,0.5610734820365906,33.288028717041016,10,2.5341744422912598,0.7329490780830383,-58.87745666503906,803.6494583249265,1769.549959168105,8.544851444016732,0.38795736816180343,0.4512733519077301,0.45044201612472534,-77.38086700439453,0,8.151590347290039,0.000596955418586731,-1017.2468872070312,15.205046653747559,8.544851444016732,0.3879573681618033
2435.29443359375,143.05319213867188,-8.466379165649414,0.06379342079162598,1349.11962890625,74.76569366455078,-7.8251261711120605,0.06018409505486488,1762.94482421875,133.59938049316406,-8.115596771240234,0.08229918777942657,61.86039733886719,50,2.4800570011138916,1.731727123260498,34.20326614379883,1790.651072628874,1781.5804665317335,8.545674562714924,0.3157034700640111,0.1634407490491867,0.16220279037952423,34.781646728515625,0,9.582826614379883,0.0007015270530246198,1243.5521240234375,14.880342483520508,8.545674562714929,0.31570347006399957
1299.4837646484375,130.5835418701172,-7.784427165985107,0.10913081467151642,582.8805541992188,73.58041381835938,-6.913949012756348,0.13709212839603424,821.3896484375,149.10855102539062,-7.286373138427734,0.1971438080072403,39.927101135253906,13,1.7122591733932495,0.8575108647346497,7.693567752838135,1400.9393879815902,1775.695565629365,8.54526720648855,0.34422786490787954,0.39222562313079834,0.39088767766952515,-17.49294090270996,2,7.240358829498291,0.0005301263299770653,929.60546875,10.273554801940918,8.54526720648855,0.3442278649078796
488.2412109375,78.64933013916016,-6.721586227416992,0.17494052648544312,402.9049987792969,73.36491394042969,-6.513006687164307,0.19774958491325378,518.7760009765625,97.82427215576172,-6.787449836730957,0.20478425920009613,27.8903751373291,11,1.4557373523712158,0.8904815316200256,24.572004318237305,1059.5404605254257,1783.8096125727889,8.54588137706543,0.3692209032065523,0.3851775527000427,0.3845810890197754,25.451536178588867,1,6.798857688903809,0.0004978563520126045,369.9652099609375,8.734424591064453,8.545881377065422,0.3692209032065636
1055.0220947265625,97.65579223632812,-7.558154106140137,0.1005231961607933,810.3068237304688,73.93109130859375,-7.271623611450195,0.09908489137887955,754.135009765625,101.2765121459961,-7.193622589111328,0.14584429562091827,52.690399169921875,25,1.6978894472122192,1.4488011598587036,-34.630611419677734,486.0205009403274,1790.803324268899,8.546425579941907,0.4112153155885444,0.16890311241149902,0.16852882504463196,-79.92121887207031,0,7.326167583465576,0.0005365437245927751,382.5009765625,10.187336921691895,8.5464255799419,0.4112153155885549
4548.68115234375,168.90509033203125,-9.144713401794434,0.04032617807388306,2324.273193359375,76.54460906982422,-8.415718078613281,0.035764921456575394,3919.147216796875,162.65664672851562,-8.982978820800781,0.04507233574986458,93.51470184326172,93,3.2767529487609863,1.9235485792160034,78.95599365234375,1555.8681107873501,1817.549953937864,8.548323088639439,0.33288603625108454,0.11431869864463806,0.112757608294487,80.88288116455078,0,9.728056907653809,0.0007122247479856014,3589.1474609375,19.660518646240234,8.548323088639439,0.3328860362510845
3405.4697265625,126.35807800292969,-8.830442428588867,0.04029543325304985,2435.06884765625,76.53069305419922,-8.466278076171875,0.03413141146302223,3104.43359375,133.26300048828125,-8.729955673217773,0.04661836475133896,109.21285247802734,65,2.4390323162078857,1.7394025325775146,19.921857833862305,1079.3253291358312,1801.7944113947894,8.547197438291548,0.3677717738989059,0.08937377482652664,0.08906000107526779,36.17744064331055,0,7.1101274490356445,0.0005206448258832097,3253.1220703125,14.634193420410156,8.54719743829154,0.3677717738989172
902.6323852539062,104.2244873046875,-7.388777256011963,0.1253974437713623,488.633056640625,73.30836486816406,-6.722456932067871,0.16292978823184967,505.58148193359375,83.9551773071289,-6.7594780921936035,0.1803375482559204,31.5246639251709,14,1.8599505424499512,0.8933465480804443,-63.84495544433594,65.63384073940722,1797.6716315559147,8.546950973717452,0.4420010068553361,0.35598182678222656,0.35408151149749756,-68.33911895751953,0,7.706478595733643,0.0005644307821057737,99.39810943603516,11.159703254699707,8.546950973717445,0.44200100685534616
11604.2900390625,127.98831176757812,-10.16154670715332,0.011977924033999443,9876.748046875,87.79443359375,-9.98653507232666,0.009653455577790737,11368.3798828125,127.7853012084961,-10.139245986938477,0.0122070899233222,657.3511962890625,96,1.8634587526321411,1.783718466758728,80.64450073242188,1674.9272184996692,1812.5944739645338,8.547952901197478,0.3241719908055652,0.018389955163002014,0.018284855410456657,-67.15907287597656,3,3.5619466304779053,0.0002607700298540294,11566.095703125,11.180752754211426,8.547952901197483,0.32417199080555364
1087.6978759765625,107.08291625976562,-7.591270923614502,0.10691576451063156,805.5723266601562,73.97996520996094,-7.265261173248291,0.09973311424255371,916.1285400390625,104.52863311767578,-7.404891014099121,0.12391066551208496,44.57014846801758,26,1.7842891216278076,1.5171014070510864,75.65709686279297,184.42269541217982,1803.8777382579706,8.54739934866542,0.43330134403843307,0.26041120290756226,0.2596154510974884,55.483375549316406,0,8.608186721801758,0.0006304632988758385,538.3845825195312,10.705734252929688,8.54739934866542,0.43330134403843307
10685.8505859375,197.32936096191406,-10.072022438049316,0.0200545284897089,4716.97900390625,80.42657470703125,-9.184160232543945,0.01851677894592285,10163.365234375,209.6167449951172,-10.017593383789062,0.022398466244339943,174.95468139648438,179,4.420986652374268,2.317136526107788,18.724224090576172,1687.4010328171921,1820.2338172343286,8.548511574069076,0.3232588201612969,0.07374133914709091,0.07192963361740112,19.578201293945312,3,11.869264602661133,0.0008689429960213602,8133.8837890625,26.525920867919922,8.548511574069076,0.323258820161297
377.2722473144531,60.192134857177734,-6.44163703918457,0.17326654493808746,393.77056884765625,73.32099151611328,-6.488108158111572,0.20221573114395142,347.6848449707031,81.82243347167969,-6.352964401245117,0.2555738687515259,42.915924072265625,9,1.499540090560913,0.42278778553009033,-26.04696273803711,83.02239921031313,1795.560201116427,8.54679540803575,0.4407276430312328,0.24585144221782684,0.2440553605556488,-20.74009895324707,2,4.727969646453857,0.00034628104185685515,173.2542724609375,8.99724006652832,8.546795408035742,0.44072764303124284
570.82080078125,87.0003890991211,-6.891249656677246,0.16552028059959412,405.4393615722656,73.3691635131836,-6.519814968109131,0.19652484357357025,495.77288818359375,78.78305053710938,-6.73820686340332,0.17257578670978546,28.832412719726562,9,1.5548943281173706,0.9251972436904907,0.7667335867881775,591.1224349033116,1794.8688144579846,8.546717633370843,0.4035187307533217,0.4979393184185028,0.4967133104801178,1.0856565237045288,2,6.695704460144043,0.0004903601948171854,82.77241516113281,9.329365730285645,8.546717633370843,0.4035187307533216
6645.67822265625,126.03606414794922,-9.556347846984863,0.02059611678123474,5188.33056640625,80.85901641845703,-9.287569046020508,0.01692507602274418,6524.40673828125,132.083251953125,-9.536352157592773,0.021985510364174843,311.6357421875,85,2.2389657497406006,1.7450604438781738,29.655431747436523,1309.244245214726,1814.1479663369785,8.548088748506213,0.3509390764115005,0.03721325099468231,0.0370064415037632,19.4786319732666,0,4.133338451385498,0.00030264383531175554,5930.2744140625,13.433794021606445,8.548088748506213,0.3509390764115005
329654.96875,360.49810791015625,-13.795148849487305,0.0011876082280650735,278832.375,271.73651123046875,-13.613357543945312,0.001058362890034914,320057.65625,313.56280517578125,-13.763070106506348,0.001063962117768824,17426.470703125,411,2.267726421356201,2.124638557434082,-60.12738037109375,87.60262844595881,1872.5315703038639,8.552433216025202,0.44038918844566843,0.00216157385148108,0.002112972317263484,-68.80149841308594,0,3.5715525150299072,0.0002615803387016058,328771.03125,13.606358528137207,8.552433216025202,0.4403891884456685
462.01080322265625,71.37863159179688,-6.661630153656006,0.16778221726417542,346.254638671875,73.01172637939453,-6.348488807678223,0.2289954572916031,256.3438720703125,64.45601654052734,-6.02205753326416,0.2730677127838135,34.249732971191406,11,1.5509653091430664,0.5835487842559814,-8.645540237426758,83.3184842821777,1797.929105443094,8.546968913266042,0.4407058655794464,0.2648237645626068,0.2625366151332855,-10.405516624450684,3,5.667747497558594,0.00041511107701808214,165.35655212402344,9.305791854858398,8.546968913266042,0.44070586557944647
878.1453247070312,95.64273834228516,-7.35891580581665,0.11828111857175827,625.9581298828125,73.8230972290039,-6.991363048553467,0.1280786693096161,707.71337890625,95.89788055419922,-7.124643325805664,0.14715717732906342,40.80223083496094,21,1.7149022817611694,1.3069380521774292,-70.54173278808594,1239.4658288338096,1808.0292331064036,8.547644746767618,0.3560475220312242,0.2901146411895752,0.28898879885673523,89.01976776123047,0,8.960104942321777,0.0006560769397765398,547.8662719726562,10.289413452148438,8.547644746767618,0.3560475220312242
1003.5606689453125,102.1764907836914,-7.503859043121338,0.11056996881961823,660.6463012695312,73.73870849609375,-7.049922466278076,0.12121500074863434,676.8945922851562,94.75759887695312,-7.076302528381348,0.15202774107456207,40.606422424316406,19,1.6328357458114624,1.3094372749328613,44.37776184082031,1752.490754178115,1807.3944434985958,8.547567305352613,0.31849546581146226,0.2774610221385956,0.2766689658164978,37.40451431274414,2,8.750127792358398,0.0006405761814676225,256.9089050292969,9.797014236450195,8.547567305352608,0.31849546581147387
10258.080078125,180.96615600585938,-10.027665138244629,0.019158482551574707,6255.49853515625,82.4911880493164,-9.490654945373535,0.014321069233119488,9581.51953125,182.78369140625,-9.953585624694824,0.020717287436127663,313.3915100097656,159,2.8522191047668457,2.6795525550842285,87.34578704833984,1052.9958958837403,1843.7548666909697,8.550272106299806,0.3696980828880587,0.04051991552114487,0.04031231254339218,-67.55105590820312,0,4.930967807769775,0.0003610745188780129,10023.7734375,17.11331558227539,8.550272106299806,0.3696980828880587
518.1202392578125,82.7373275756836,-6.786076545715332,0.17342062294483185,307.46539306640625,72.97513580322266,-6.2194905281066895,0.2577558159828186,300.7552185058594,74.35957336425781,-6.19553279876709,0.268505722284317,26.208698272705078,11,1.4961270093917847,0.8838438987731934,73.20228576660156,1896.8477097563277,1810.369309370293,8.547776134273454,0.3079310798955678,0.3367748558521271,0.3356857895851135,55.847328186035156,0,6.867521286010742,0.0005027222214266658,58.406944274902344,8.976761817932129,8.547776134273454,0.3079310798955678
2232.70166015625,105.93598175048828,-8.372076988220215,0.05152792111039162,1812.10498046875,75.57878112792969,-8.145458221435547,0.045294590294361115,2121.948974609375,108.38499450683594,-8.316837310791016,0.055470749735832214,107.88067626953125,44,2.0557427406311035,1.3604787588119507,-67.9227523803711,13.347102701439345,1826.4741060590086,8.549063456075054,0.44582907775688413,0.09357348829507828,0.09258677065372467,-58.88007354736328,16,5.212387561798096,0.00038176102680154145,1547.5802001953125,12.334456443786621,8.549063456075045,0.44582907775689407
461.01934814453125,70.63370513916016,-6.659297943115234,0.16638825833797455,356.2309265136719,73.2293701171875,-6.379329204559326,0.22324590384960175,576.5369873046875,129.70225524902344,-6.902068138122559,0.2443150281906128,40.3567008972168,11,1.7102656364440918,1.1364301443099976,-86.03787994384766,506.4879035475219,1810.7311614628477,8.547884092573215,0.40971577543107923,0.49785950779914856,0.49652427434921265,66.1185302734375,0,8.339932441711426,0.0006107839872129261,625.4908447265625,10.26159381866455,8.54788409257321,0.4097157754310899
5568.76123046875,108.48291015625,-9.364396095275879,0.02115595154464245,4837.08984375,80.45365905761719,-9.21146011352539,0.01806306466460228,5247.40185546875,113.73439025878906,-9.299860954284668,0.023538419976830482,325.3074035644531,65,1.7860724925994873,1.6224769353866577,-22.197738647460938,1597.0275582409758,1818.6370277531064,8.54840018860202,0.3298733805443708,0.03259780630469322,0.032403212040662766,-86.93840789794922,0,3.615541934967041,0.00026470195734873414,4868.0,10.716434478759766,8.548400188602026,0.3298733805443594
553.6902465820312,80.65029907226562,-6.8581671714782715,0.15818633139133453,479.5018615722656,73.57876586914062,-6.7019758224487305,0.16664491593837738,1286.693115234375,225.10850524902344,-7.773687362670898,0.18999700248241425,38.40516662597656,13,2.657193422317505,0.7103445529937744,-39.64543914794922,1377.4394488270343,1808.4903939299084,8.547670359225265,0.34594708880913544,0.4363012909889221,0.434709757566452,-42.282955169677734,3,8.217869758605957,0.0006017003324814141,2745.180419921875,15.943161010742188,8.547670359225265,0.34594708880913533
561.5488891601562,84.55912780761719,-6.87346887588501,0.16353200376033783,52.880706787109375,72.97748565673828,-4.308243274688721,1.4987233877182007,68.4937744140625,68.83206176757812,-4.589127540588379,1.0913636684417725,25.04824447631836,9,1.9942212104797363,0.5803452134132385,-25.417192459106445,1989.8324119964957,1809.5533796721015,8.547710499664747,0.3011269087791704,0.42616134881973267,0.41739147901535034,-77.31947326660156,0,6.4199442863464355,0.0004699380078818649,-516.964599609375,11.965327262878418,8.547710499664747,0.3011269087791703
440.58721923828125,74.37825775146484,-6.610079765319824,0.1833343803882599,427.3324279785156,73.40583801269531,-6.5769147872924805,0.18654970824718475,670.4754638671875,117.0403060913086,-7.065957069396973,0.18957558274269104,28.527599334716797,10,2.0658624172210693,0.831186056137085,-35.41674041748047,1790.9577613883505,1814.4159288960418,8.548079101443676,0.31568007244210816,0.6304197311401367,0.6278374195098877,-22.342388153076172,2,7.835269927978516,0.0005735907470807433,-225.40359497070312,12.395174026489258,8.548079101443676,0.3156800724421083
1268.584228515625,79.85209655761719,-7.758298397064209,0.06835918128490448,1148.5220947265625,74.46326446533203,-7.65034818649292,0.07040970772504807,1175.7293701171875,89.14955139160156,-7.6757683753967285,0.08234582841396332,86.02021789550781,25,1.4019070863723755,1.2201015949249268,8.385457038879395,497.2055725485504,1815.7175110387739,8.548249824323776,0.4103953280506534,0.10324913263320923,0.10263045132160187,2.0500309467315674,0,4.233880996704102,0.00031007317011244595,1186.257568359375,8.411442756652832,8.548249824323774,0.4103953280506533
417.07763671875,73.95060729980469,-6.55054235458374,0.19255493581295013,240.3206787109375,73.14932250976562,-5.951977729797363,0.33055901527404785,332.6327819824219,66.20543670654297,-6.304912567138672,0.21615159511566162,26.87017822265625,9,1.6427583694458008,0.6330503821372986,2.0400149822235107,586.1839932392032,1811.8581433442198,8.547962279670273,0.4038797466589079,0.5519866943359375,0.5496134757995605,1.3947269916534424,0,6.081513404846191,0.0004453789733815938,51.95933532714844,9.856550216674805,8.547962279670273,0.4038797466589079
6087.8017578125,208.91424560546875,-9.461151123046875,0.03726810961961746,2165.117431640625,76.23350524902344,-8.338703155517578,0.03823792189359665,5231.14599609375,203.89288330078125,-9.296492576599121,0.04232871159911156,79.32872772216797,132,4.058620452880859,2.4630866050720215,49.06037521362305,1198.253142671636,1851.5915973220663,8.55083755712853,0.3590632637541871,0.15445195138454437,0.1527402400970459,42.870811462402344,2,13.282381057739258,0.0009725689305923879,3195.932861328125,24.351722717285156,8.550837557128524,0.3590632637541983
610.701171875,86.94149780273438,-6.964571952819824,0.1546066552400589,348.2037658691406,73.18722534179688,-6.354583740234375,0.22826096415519714,314.19451904296875,101.77706909179688,-6.242996692657471,0.35178810358047485,33.87555694580078,14,2.1985859870910645,1.1669386625289917,-47.8122444152832,1813.4844651738388,1823.1164575384032,8.54871483387791,0.31403125254538755,0.5644553899765015,0.5635894536972046,-88.39913940429688,0,9.590296745300293,0.0007020623306743801,-832.4306030273438,13.191515922546387,8.54871483387791,0.3140312525453876
642.0865478515625,87.46568298339844,-7.018983840942383,0.14793603122234344,407.386474609375,73.37242126464844,-6.5250163078308105,0.19559425115585327,464.93572998046875,132.0026397705078,-6.668482303619385,0.3083326518535614,37.14012908935547,15,2.902545213699341,1.4766404628753662,55.500282287597656,1537.3229508460677,1836.0144670969974,8.549676433460652,0.33424290068857376,0.40254199504852295,0.40189802646636963,-26.196308135986328,2,12.408963203430176,0.0009085066267289221,-148.31716918945312,17.415271759033203,8.549676433460645,0.3342429006885851
1089.164794921875,108.27851104736328,-7.592733860015869,0.10796388238668442,716.5928344726562,73.66122436523438,-7.138181209564209,0.11163394898176193,826.5469970703125,113.56725311279297,-7.293169021606445,0.14921599626541138,47.03094482421875,26,2.1231529712677,1.5078564882278442,55.90431594848633,1300.3854262644873,1836.628567016112,8.549735668774655,0.35158688511431235,0.2959202826023102,0.29511427879333496,32.47056579589844,0,10.718664169311523,0.0007848220993764699,404.9352111816406,12.73891830444336,8.54973566877465,0.3515868851143236
5219.78173828125,65.60725402832031,-9.2941312789917,0.013649895787239075,4251.31494140625,79.36858367919922,-9.071308135986328,0.020274734124541283,5052.97265625,80.54879760742188,-9.258867263793945,0.017311789095401764,490.59783935546875,24,2.817115068435669,0.45572584867477417,47.42633056640625,1428.6776250013572,1840.4110311223121,8.550004997425258,0.3421953919207642,0.04995362460613251,0.044446829706430435,46.8033561706543,0,6.765710830688477,0.0004953634925186634,3703.7099609375,16.902690887451172,8.550004997425258,0.34219539192076426
2996.29248046875,47.15263748168945,-8.691460609436035,0.01709037646651268,2859.72998046875,77.23709869384766,-8.640812873840332,0.029331261292099953,2913.065185546875,56.87006378173828,-8.66087532043457,0.02120134048163891,497.2690124511719,12,1.9866832494735718,0.31600844860076904,21.49639320373535,1236.3230327337894,1825.8121202807204,8.548947300331843,0.35627703348734474,0.04102974385023117,0.03614183887839317,21.908432006835938,19,4.704362869262695,0.00034446228528395295,2377.068115234375,11.920099258422852,8.548947300331843,0.3562770334873448
1394.3284912109375,103.6348876953125,-7.860912799835205,0.08071805536746979,1049.5306396484375,74.38430786132812,-7.552487850189209,0.07696902751922607,1072.76904296875,102.68937683105469,-7.576265811920166,0.10395589470863342,71.5058822631836,32,1.8188996315002441,1.3998914957046509,-52.64106369018555,724.1481645181404,1837.7125299922504,8.549848296157968,0.3937763215033045,0.13729341328144073,0.1362811177968979,-87.55450439453125,0,6.162402153015137,0.00045128725469112396,522.9995727539062,10.913397789001465,8.549848296157961,0.39377632150331526
2637.9716796875,53.90988540649414,-8.55317497253418,0.02219361811876297,2598.08447265625,76.81946563720703,-8.536633491516113,0.032110556960105896,2576.754150390625,58.8747673034668,-8.527682304382324,0.024813387542963028,440.283935546875,17,1.2799715995788574,0.5964793562889099,17.070716857910156,1242.6508237568207,1828.4733190746429,8.549141825507924,0.3558137041273097,0.02563486061990261,0.024037254974246025,29.695941925048828,3,4.152601718902588,0.00030406052246689796,2392.850830078125,7.6798295974731445,8.549141825507924,0.3558137041273096
125.58597564697266,35.073219299316406,-5.2473530769348145,0.3032943308353424,237.6197052001953,72.97246551513672,-5.939706325531006,0.33350810408592224,103.08403015136719,35.836917877197266,-5.032978534698486,0.3775453269481659,37.04023742675781,3,0.901404619216919,0.20329691469669342,-64.11122131347656,55.42726094835135,1826.5856561147186,8.549069435813664,0.442747337899187,0.34703126549720764,0.3459228575229645,-48.480262756347656,2,2.4727492332458496,0.0001811060938052833,180.7689971923828,5.408427715301514,8.549069435813664,0.4427473378991871
380.20953369140625,65.83058166503906,-6.450057506561279,0.18803319334983826,298.747314453125,73.1614761352539,-6.188260078430176,0.2659550607204437,328.12554931640625,87.37449645996094,-6.29010009765625,0.2891841232776642,38.30953598022461,9,1.675851583480835,1.1171514987945557,3.4513559341430664,1845.2025592540028,1834.3618686110158,8.54953633766226,0.31170975620792113,0.4749734401702881,0.4738147556781769,0.5424838066101074,0,8.184154510498047,0.0005991154466755688,-273.3616943359375,10.055109024047852,8.54953633766226,0.3117097562079211
5146.9970703125,153.28836059570312,-9.278884887695312,0.03234335780143738,3125.626708984375,77.68623352050781,-8.737342834472656,0.026992106810212135,4807.74755859375,160.41038513183594,-9.204854011535645,0.03623436391353607,141.373046875,97,3.1749160289764404,1.9509344100952148,4.1024346351623535,508.8352058008352,1859.0594364761184,8.551423757345445,0.4095421304779727,0.08426622301340103,0.08352480083703995,8.705838203430176,0,6.515398979187012,0.00047715817345306277,3440.767578125,19.049495697021484,8.551423757345438,0.4095421304779832
2090.38134765625,145.94163513183594,-8.30056381225586,0.0758199542760849,1041.2471923828125,74.25767517089844,-7.543884754180908,0.077449269592762,1504.406005859375,132.96731567382812,-7.943412780761719,0.09598638862371445,51.95975875854492,30,3.3708670139312744,1.034002423286438,-1.711320400238037,900.533265183864,1844.5505490802868,8.550339153716859,0.3808608894685615,0.21782582998275757,0.2174655646085739,50.480167388916016,18,11.186094284057617,0.0008191472152248025,-31.389768600463867,20.225202560424805,8.550339153716864,0.3808608894685504
633.40966796875,75.49984741210938,-7.004211902618408,0.12944677472114563,915.7290649414062,74.10620880126953,-7.404417514801025,0.0878855362534523,1298.3214111328125,131.98411560058594,-7.7834553718566895,0.11040005087852478,42.89720153808594,15,1.6759223937988281,0.9509556293487549,50.73653793334961,899.628763246936,1846.3011803154507,8.550467422502551,0.38092705743594046,0.26054316759109497,0.25941646099090576,23.263355255126953,3,7.546139717102051,0.0005525965825654566,1017.0345458984375,10.055534362792969,8.550467422502551,0.3809270574359404
704987.5,420.56182861328125,-14.620453834533691,0.0006478556897491217,556671.8125,377.0553283691406,-14.363998413085938,0.0007355898269452155,779337.1875,448.3064270019531,-14.729313850402832,0.0006247113342396915,48050.875,31,3.1450557708740234,0.7200247049331665,-88.47862243652344,297.9116514561273,1866.2096883030638,8.551958950675578,0.4249878511435649,0.0020316673908382654,0.0011306366650387645,88.91502380371094,7,9.00674057006836,0.0006596361054107547,779114.1875,18.87033462524414,8.551958950675585,0.42498785114355464
714079.75,422.1383056640625,-14.634366989135742,0.0006420041900128126,521384.6875,365.34466552734375,-14.292895317077637,0.0007609819294884801,761049.6875,442.1961975097656,-14.703532218933105,0.0006310035823844373,47975.3046875,23,3.318283796310425,0.6022463440895081,-89.34661102294922,297.9891768112096,1871.0641745014532,8.552314518836065,0.42498199177668994,0.0020725647918879986,0.0011265798239037395,-85.5077133178711,7,8.457574844360352,0.0006194151937961578,759321.9375,19.90970230102539,8.552314518836065,0.42498199177668994
487.2657470703125,78.48018646240234,-6.719414710998535,0.17491376399993896,276.3110656738281,73.1237564086914,-6.1034955978393555,0.2874021530151367,328.4486999511719,97.04573822021484,-6.291168689727783,0.3208771049976349,38.77337646484375,11,2.7250306606292725,0.865147590637207,-32.405303955078125,339.2102777506019,1857.3999952380523,8.551311449101874,0.42196381639282626,0.6554213166236877,0.6531500220298767,-33.58415985107422,0,9.191008567810059,0.0006731280009262264,-944.205810546875,16.350183486938477,8.551311449101881,0.4219638163928159
3940.1513671875,139.4229278564453,-8.988781929016113,0.03842829540371895,2583.9365234375,76.9060287475586,-8.530704498291016,0.032322753220796585,3592.390625,132.53030395507812,-8.888459205627441,0.04006465896964073,120.90580749511719,67,2.267517566680908,1.855210304260254,19.749591827392578,1475.807247863268,1876.0032196244322,8.552608690013173,0.3387444649410636,0.0889434888958931,0.08871927857398987,43.350589752197266,2,6.015283107757568,0.0004404091159813106,3311.39990234375,13.60510540008545,8.552608690013173,0.3387444649410636
414.0662536621094,73.53021240234375,-6.542674541473389,0.19285273551940918,243.91180419921875,73.15535736083984,-5.968081951141357,0.32571902871131897,338.1912536621094,88.58103942871094,-6.322906017303467,0.2844514846801758,27.87334632873535,9,1.811969518661499,0.8480648994445801,-77.9363784790039,1159.808524327132,1872.1624023412837,8.552346370148804,0.36187714136476157,0.597130537033081,0.5959181189537048,-70.26603698730469,0,7.408618927001953,0.0005424824194051325,-212.20399475097656,10.871816635131836,8.552346370148797,0.36187714136477267
669.0857543945312,81.9680404663086,-7.063704490661621,0.13304316997528076,505.9069519042969,73.42311096191406,-6.760176658630371,0.15761297941207886,508.6021728515625,84.58206939697266,-6.7659454345703125,0.18060506880283356,44.3220329284668,16,1.6558159589767456,1.0625494718551636,-71.4120101928711,1726.4768115140366,1873.0324441039152,8.552375627097947,0.320397433726809,0.2385862171649933,0.23802317678928375,75.24549865722656,0,6.981603622436523,0.0005111069185659289,364.2776794433594,9.934895515441895,8.552375627097947,0.3203974337268089
795.2154541015625,91.94866180419922,-7.251212120056152,0.12557131052017212,596.6104736328125,73.71729278564453,-6.939227104187012,0.13418635725975037,665.8969116210938,85.42667388916016,-7.0585174560546875,0.13932090997695923,48.30242919921875,19,1.3876961469650269,1.2793819904327393,-38.87058639526367,1231.0859720058472,1873.0006308685172,8.552403538913337,0.35665894007741283,0.24503017961978912,0.2439815253019333,-35.157501220703125,0,6.999172210693359,0.0005124894087202847,333.9388732910156,8.326176643371582,8.55240353891333,0.35665894007742405
32709.365234375,99.35894775390625,-11.286680221557617,0.0032988660968840122,32804.28515625,115.4877700805664,-11.289826393127441,0.003823272418230772,32585.345703125,97.3735122680664,-11.28255558013916,0.003245251253247261,10681.005859375,16,0.590461790561676,0.5820910334587097,32.14533996582031,294.53209562101756,1871.9807537456536,8.552381840920226,0.4252351258297431,0.003580342512577772,0.0022967904806137085,0.24794839322566986,3,1.2196255922317505,8.932291530072689e-05,32773.51953125,3.5427708625793457,8.55238184092022,0.4252351258297533
385.1114807128906,67.70616912841797,-6.463966369628906,0.1909288763999939,401.3250427246094,73.27641296386719,-6.508740425109863,0.19828861951828003,349.275390625,69.33179473876953,-6.357920169830322,0.21557295322418213,32.818485260009766,9,1.434645414352417,0.7941445708274841,87.64325714111328,261.62055122837415,1876.1628850914149,8.5526899366138,0.427645148924837,0.3446525037288666,0.3427312970161438,87.13817596435547,0,6.292571067810059,0.00046085708891041577,50.33514404296875,8.607872009277344,8.5526899366138,0.427645148924837
586.5836791992188,88.49152374267578,-6.920825004577637,0.16383305191993713,241.63766479492188,73.00798034667969,-5.957911491394043,0.3281221389770508,351.9443359375,108.79620361328125,-6.366185188293457,0.33571410179138184,30.869680404663086,11,2.710378408432007,1.0491784811019897,-54.71731948852539,2015.9046223646976,1882.327785362798,8.553037857293791,0.29921716729874015,0.4384526312351227,0.43699491024017334,-40.18197250366211,3,10.099295616149902,0.0007392470724880695,-528.0745849609375,16.262269973754883,8.553037857293786,0.29921716729875175
2101.526611328125,121.4744644165039,-8.306337356567383,0.06277401745319366,1488.51708984375,75.0784683227539,-7.931884288787842,0.0547761395573616,1827.3179931640625,123.45785522460938,-8.154535293579102,0.07337268441915512,89.27007293701172,47,2.0312185287475586,1.7898145914077759,37.783939361572266,686.6874189335034,1888.5308262338992,8.553572445681564,0.39651758860104047,0.13801297545433044,0.13751916587352753,26.4343204498291,0,6.577310562133789,0.000481671973830089,1459.623046875,12.187311172485352,8.553572445681564,0.3965175886010405
370.55352783203125,70.3674545288086,-6.4221272468566895,0.20622946321964264,356.80126953125,73.40203857421875,-6.381065845489502,0.2234146147966385,342.6495666503906,100.77572631835938,-6.337125301361084,0.31940048933029175,24.315805435180664,7,1.8451833724975586,0.48908597230911255,35.20091247558594,2014.8639619799974,1883.580982087174,8.553129691176238,0.2992932799117504,0.6087726950645447,0.608696460723877,-79.30116271972656,2,5.659440994262695,0.0004142593825235963,-6.433221817016602,11.071100234985352,8.553129691176238,0.2992932799117504
771.2716674804688,95.98316192626953,-7.218018531799316,0.13515044748783112,578.7625122070312,73.5164794921875,-6.906250953674316,0.13794758915901184,532.4927978515625,110.4343490600586,-6.815784454345703,0.22522690892219543,36.02156448364258,18,1.6748720407485962,1.2024871110916138,59.88246154785156,1674.5083666946962,1893.2048152197124,8.553856109048054,0.324200310770984,0.2601890563964844,0.25920170545578003,65.62425994873047,0,7.898009777069092,0.0005782056832686067,603.2963256835938,10.049232482910156,8.553856109048054,0.324200310770984
3780.63330078125,188.3887481689453,-8.9439115524292,0.05411532148718834,1460.4669189453125,75.08842468261719,-7.911229133605957,0.05583558976650238,3124.5029296875,186.4392547607422,-8.736952781677246,0.06480167806148529,57.29557800292969,81,3.0393457412719727,2.7587838172912598,-32.8493537902832,1879.3166127003778,1914.7114994041026,8.55541802249841,0.3092110827966062,0.21000105142593384,0.20934385061264038,12.440650939941406,2,15.274504661560059,0.0011181279551237822,2452.86181640625,18.236074447631836,8.55541802249841,0.3092110827966062
490.45556640625,79.02155303955078,-6.726499080657959,0.17497488856315613,283.1337890625,73.10653686523438,-6.129979133605957,0.2804105281829834,246.5691375732422,82.31012725830078,-5.979846954345703,0.36253035068511963,28.043132781982422,11,1.3606663942337036,1.1962990760803223,-59.57454299926758,331.43054297349255,1892.9959638055034,8.553919120597028,0.42253221262569973,0.3702904284000397,0.3697221279144287,-72.82544708251953,0,7.62699031829834,0.0005585801554843783,-135.71627807617188,8.1639986038208,8.553919120597028,0.42253221262569973
2536.154541015625,124.09349822998047,-8.510438919067383,0.05313774570822716,1793.48583984375,75.49291229248047,-8.134244918823242,0.045712824910879135,2331.886962890625,122.68325805664062,-8.419268608093262,0.05713570863008499,87.5015869140625,54,2.143946409225464,1.6429057121276855,-73.96128845214844,1225.2814093811253,1906.1348813022705,8.554830504360424,0.3570828486410472,0.11705909669399261,0.1163051649928093,-76.8745346069336,0,6.329100131988525,0.0004634240467566997,1975.762939453125,12.863677978515625,8.554830504360424,0.3570828486410472
845.3816528320312,98.28396606445312,-7.31763219833374,0.1262582242488861,598.25,73.57758331298828,-6.942206859588623,0.1335649937391281,557.8688354492188,92.92469787597656,-6.866330146789551,0.18089596927165985,45.07727813720703,20,2.3029944896698,0.9198179841041565,-57.56467819213867,76.85643940223216,1904.5855352562917,8.554781662070985,0.4411749279714852,0.24926090240478516,0.24776554107666016,-76.09456634521484,0,8.709335327148438,0.000637868361081928,125.20315551757812,13.81796646118164,8.554781662070985,0.4411749279714851
20833.162109375,230.5390625,-10.79688835144043,0.012017639353871346,9937.638671875,87.80801391601562,-9.993207931518555,0.009595789946615696,20038.3359375,237.56884765625,-10.754653930664062,0.012875309213995934,408.092529296875,279,4.703701496124268,2.7040398120880127,-12.478937149047852,974.5338427070742,1938.1968761146632,8.557193463323022,0.3754396471282332,0.0354989618062973,0.03430997580289841,-11.184053421020508,0,7.362381458282471,0.0005391204613260925,17834.16015625,28.222209930419922,8.557193463323022,0.3754396471282332
390.7732849121094,69.27583312988281,-6.479812145233154,0.19252482056617737,169.0404815673828,72.79920196533203,-5.569976806640625,0.46769821643829346,191.34353637695312,73.46788024902344,-5.704534530639648,0.4169783890247345,33.39780044555664,9,1.3229596614837646,0.8871389627456665,-79.54867553710938,1068.9595142968901,1903.3323670532873,8.554634524337777,0.36852739520542466,0.35142919421195984,0.3489026725292206,68.37562561035156,1,6.465570449829102,0.00047344001359306276,266.8070373535156,7.937757968902588,8.554634524337784,0.3685273952054137
2384.03173828125,158.1049041748047,-8.443280220031738,0.07202166318893433,1114.4866943359375,74.51976013183594,-7.617687225341797,0.07261500507593155,2150.15380859375,196.7649688720703,-8.33117389678955,0.09938208013772964,61.01921844482422,31,2.122288465499878,1.2563753128051758,83.3666000366211,1199.2155367662779,1940.8273289628064,8.557372786098375,0.358990018375514,0.25324904918670654,0.25254666805267334,88.91026306152344,3,7.701834201812744,0.0005639389273710549,2082.56298828125,12.73373031616211,8.557372786098375,0.358990018375514
2391.0537109375,97.4773178100586,-8.446473121643066,0.04427352175116539,2020.9146728515625,76.00057983398438,-8.263870239257812,0.04084122180938721,2193.09033203125,102.49811553955078,-8.352641105651855,0.05075620859861374,164.7183837890625,42,1.68860924243927,1.4740967750549316,3.8863353729248047,670.9006079610206,1924.491214023928,8.556207137426622,0.39767232866640734,0.06784769147634506,0.06765441596508026,70.82928466796875,0,3.62422776222229,0.00026540999533608556,1958.51171875,10.1316556930542,8.556207137426615,0.397672328666418
407.4190368652344,72.5247802734375,-6.5251030921936035,0.193319171667099,285.6753234863281,73.08210754394531,-6.139681816101074,0.27782297134399414,384.89117431640625,103.39579772949219,-6.463345050811768,0.29173919558525085,27.95182228088379,9,1.0173218250274658,0.8092186450958252,-6.792300701141357,491.1679455814638,1917.7768989460833,8.555725425730008,0.41083376691684714,0.41267579793930054,0.41110485792160034,-8.976938247680664,0,4.377932071685791,0.0003206176043022424,412.82489013671875,6.103930950164795,8.555725425730015,0.4108337669168367
6278.85205078125,164.469970703125,-9.49470043182373,0.02844698168337345,3760.627685546875,78.63146209716797,-8.938150405883789,0.022707317024469376,5911.146484375,174.38204956054688,-9.429179191589355,0.03203759342432022,187.87704467773438,115,3.038792133331299,2.385462999343872,41.83262252807617,282.2711477151432,1954.4833280102134,8.558425438341796,0.4261299444191542,0.06671611219644547,0.06650509685277939,15.985772132873535,0,5.1990485191345215,0.0003807628818321973,5601.58642578125,18.23275375366211,8.558425438341787,0.42612994441916424
690.9967651367188,95.02481842041016,-7.098690032958984,0.1493450552225113,391.70916748046875,73.23162841796875,-6.482409477233887,0.20303213596343994,452.3572082519531,81.33718872070312,-6.6387038230896,0.1952708661556244,36.69525146484375,15,1.5246955156326294,1.0550776720046997,84.4487533569336,1671.3596510079576,1925.0635926671464,8.556189326997204,0.3244298600954306,0.3697449266910553,0.3689018487930298,83.08735656738281,0,7.423421382904053,0.0005434594349935651,207.42153930664062,9.148173332214355,8.556189326997204,0.32442986009543057
2822.614013671875,160.76235961914062,-8.626628875732422,0.06185327470302582,1373.818603515625,74.97440338134766,-7.844823360443115,0.0592670701444149,2373.600830078125,152.11709594726562,-8.438519477844238,0.06959854811429977,63.74230194091797,64,2.6187596321105957,2.1096527576446533,47.01066207885742,1759.2055834690066,1941.7142677391248,8.557403069473441,0.3180002447584827,0.20638903975486755,0.20562593638896942,39.696956634521484,2,9.63189697265625,0.0007051108404994011,1132.3533935546875,15.712557792663574,8.557403069473436,0.318000244758494
428.64508056640625,75.40642547607422,-6.580244541168213,0.1910470426082611,357.251708984375,73.11638641357422,-6.3824357986450195,0.22226454317569733,378.9258117675781,89.22740173339844,-6.446385383605957,0.2557254135608673,27.30583953857422,9,1.342875599861145,0.7301062345504761,6.654776096343994,402.48158669297095,1919.4857763915109,8.555855482837991,0.41732813259544865,0.45343947410583496,0.4523823857307434,13.059532165527344,0,5.902548789978027,0.0004322795430198312,409.6133117675781,8.05725383758545,8.555855482837984,0.4173281325954589
7672.439453125,88.08509826660156,-9.712333679199219,0.012468057684600353,4666.5400390625,80.19259643554688,-9.172487258911133,0.0186624675989151,7278.92919921875,161.64572143554688,-9.655168533325195,0.024117181077599525,726.3851928710938,45,3.760681390762329,1.60747230052948,58.850318908691406,1094.9665064648805,1945.8926890064931,8.557749978910058,0.36662199682978164,0.050555985420942307,0.046436943113803864,61.306640625,2,14.744105339050293,0.001079617883078754,5919.26220703125,22.564088821411133,8.557749978910058,0.3666219968297816
586.216796875,79.21652221679688,-6.920145511627197,0.14675311744213104,538.6189575195312,73.56348419189453,-6.828204154968262,0.1483236849308014,529.2232055664062,78.16702270507812,-6.8090972900390625,0.16040374338626862,36.790863037109375,14,1.4517523050308228,0.9815248250961304,47.620872497558594,2018.0596362148706,1932.4792114851607,8.556710075032196,0.29905815708939565,0.26773497462272644,0.26760855317115784,22.057960510253906,0,7.131645202636719,0.0005220167804509401,368.3419189453125,8.710514068603516,8.556710075032191,0.29905815708940714
400.788818359375,71.38746643066406,-6.507288932800293,0.19343550503253937,351.5499267578125,73.30742645263672,-6.364967346191406,0.22645962238311768,346.793212890625,79.2151870727539,-6.3501763343811035,0.248066246509552,29.955108642578125,9,1.1562891006469727,0.8693318367004395,-17.85002326965332,785.6539903959958,1928.3686421408563,8.556484592405951,0.3892695870781224,0.42450252175331116,0.4235686659812927,76.80670928955078,1,5.977655410766602,0.0004377443983685225,364.97503662109375,6.937734603881836,8.556484592405958,0.38926958707811177
2533.585693359375,144.11837768554688,-8.509339332580566,0.06177511811256409,1447.4471435546875,75.06710815429688,-7.9015069007873535,0.05632183328270912,2533.04443359375,189.67868041992188,-8.509106636047363,0.08132153004407883,64.978515625,59,3.0073630809783936,2.1118123531341553,34.8094482421875,1202.3297449335744,1949.7447341073735,8.558025667390046,0.3587617572453506,0.19707432389259338,0.19640256464481354,72.59239196777344,2,12.7195463180542,0.0009313399204984307,2711.171630859375,18.044178009033203,8.558025667390046,0.35876175724535064
543.5831909179688,75.16326141357422,-6.838165283203125,0.15016524493694305,457.9779357910156,73.42858123779297,-6.652111530303955,0.1741207093000412,379.1728210449219,79.26542663574219,-6.4470930099487305,0.22702643275260925,46.466636657714844,13,2.1017539501190186,0.778735339641571,-71.78744506835938,640.4868087179275,1948.1858244306584,8.55794428473771,0.3998985590761673,0.31928765773773193,0.3169228732585907,-70.61731719970703,0,7.648098945617676,0.0005600881413556635,-362.5570373535156,12.610523223876953,8.557944284737717,0.39989855907615673
7754.81591796875,112.3148193359375,-9.723928451538086,0.015728792175650597,6790.34619140625,83.38526916503906,-9.579730033874512,0.01333605032414198,7574.51904296875,115.77066040039062,-9.69838809967041,0.016598669812083244,462.3608093261719,73,1.7474356889724731,1.6488410234451294,74.04074096679688,1068.9496806019713,1960.9051667873475,8.558850985868668,0.36852628988328695,0.024081790819764137,0.02400948479771614,85.6614761352539,0,3.576061725616455,0.00026185379829257727,7533.1474609375,10.484614372253418,8.558850985868668,0.36852628988328695
1222.71923828125,117.49547576904297,-7.718317031860352,0.10435763746500015,746.2883911132812,73.99488067626953,-7.182266712188721,0.10767745971679688,873.759765625,99.85797119140625,-7.353480339050293,0.12411392480134964,45.81189727783203,29,1.927419900894165,1.2308628559112549,-7.434364318847656,32.097281920573835,1948.1161368943488,8.557972529321843,0.4444511282120266,0.24915607273578644,0.24834051728248596,15.770549774169922,0,9.220052719116211,0.0006752709741704166,490.141357421875,11.564519882202148,8.557972529321834,0.44445112821203636
20486.025390625,278.8274230957031,-10.778644561767578,0.014781128615140915,5872.61181640625,82.1231689453125,-9.422078132629395,0.015186727978289127,18491.208984375,292.4698181152344,-10.667413711547852,0.017176931723952293,191.05059814453125,351,5.194747447967529,3.8529248237609863,-57.35029983520508,15.167275267761545,2009.5639508085262,8.562474264852192,0.44568859734874317,0.06533297151327133,0.06460263580083847,-47.80310821533203,17,12.286349296569824,0.0008998358389362693,12175.1181640625,31.16848373413086,8.5624742648522,0.4456885973487337
2932.06982421875,97.71867370605469,-8.667935371398926,0.03619370982050896,2558.40185546875,76.78325653076172,-8.519922256469727,0.032593242824077606,2856.68408203125,113.91704559326172,-8.639655113220215,0.04330682381987572,180.06781005859375,46,1.7995673418045044,1.5100001096725464,63.38860321044922,132.85047828766128,1964.8790165190717,8.559194966285505,0.4370719711549278,0.05894588679075241,0.05892229080200195,-53.05830764770508,0,4.131424903869629,0.0003025787591468543,2865.871337890625,10.797404289245605,8.559194966285505,0.4370719711549277
878.8408203125,93.03472900390625,-7.359775543212891,0.11496475338935852,707.6373291015625,73.98737335205078,-7.1245269775390625,0.11354726552963257,623.0344848632812,112.41732025146484,-6.98628044128418,0.19595257937908173,46.96815872192383,21,1.580687165260315,1.3036566972732544,-81.49764251708984,862.1915618651917,1956.7107934911628,8.558555944383999,0.38366451578277316,0.20916129648685455,0.20827700197696686,75.6597671508789,0,8.168901443481445,0.0005981952417641878,721.2593994140625,9.484123229980469,8.558555944383992,0.3836645157827839
1087.2369384765625,106.43911743164062,-7.590810298919678,0.10631801933050156,691.4503173828125,73.73316192626953,-7.09940242767334,0.11580617725849152,773.2202758789062,103.35023498535156,-7.220757961273193,0.14515702426433563,46.30123519897461,26,1.9733299016952515,1.328177571296692,3.529191493988037,546.6320949488448,1960.0583423538385,8.55881913967392,0.406770759982218,0.25316688418388367,0.25200149416923523,-20.147302627563477,0,8.64741325378418,0.0006332811899483204,384.03509521484375,11.83997917175293,8.55881913967392,0.40677075998221796
1725.4449462890625,52.5290412902832,-8.092252731323242,0.0330619290471077,1649.9234619140625,75.39801025390625,-8.043659210205078,0.04962790012359619,1615.1749267578125,63.78928756713867,-8.020548820495605,0.042890194803476334,260.5363464355469,16,1.3854666948318481,0.6559803485870361,-79.25579071044922,1095.1242695792857,1957.388456357954,8.558591877704895,0.36661008638452147,0.04610684514045715,0.04368134215474129,-74.3131332397461,3,3.8954288959503174,0.00028523706714622676,1337.30810546875,8.312800407409668,8.558591877704888,0.36661008638453235
51429.421875,302.2017822265625,-11.778029441833496,0.006381388753652573,24965.439453125,106.6988754272461,-10.993348121643066,0.004641415551304817,49293.69921875,288.896484375,-11.731978416442871,0.006364739965647459,1199.3612060546875,513,4.445216655731201,3.9874486923217773,-59.91025924682617,1367.9940967844736,2022.8922882912227,8.56337238526634,0.3466320805714813,0.015619845129549503,0.015296990983188152,-48.64848327636719,0,5.0228095054626465,0.0003677504137158394,50782.47265625,26.67129898071289,8.56337238526634,0.3466320805714813
752.6646728515625,90.15331268310547,-7.191504001617432,0.13007983565330505,117.14598846435547,72.6826400756836,-5.171818733215332,0.6738032698631287,128.87786865234375,80.19528198242188,-5.275445938110352,0.6757721900939941,20.6267032623291,9,2.0742549896240234,0.7621723413467407,-67.36318969726562,705.8593978233781,1967.266444667165,8.559338045179997,0.3951110459415252,0.6111875176429749,0.6093397736549377,-72.35367584228516,0,7.515538215637207,0.000550370488781482,-265.6407165527344,12.44552993774414,8.559338045180004,0.3951110459415146
721.9417114257812,91.6539077758789,-7.1462554931640625,0.1378728300333023,500.1614074707031,73.49918365478516,-6.747775554656982,0.15958870947360992,658.5003662109375,134.5428009033203,-7.046390056610107,0.2218882292509079,34.77753829956055,12,1.254022240638733,1.0405809879302979,77.04228973388672,179.89064208152757,1965.5635565908678,8.55924256933898,0.43362706211636814,0.33220741152763367,0.3306281268596649,20.718772888183594,2,6.671624660491943,0.0004886160022579134,688.3707885742188,7.524133682250977,8.559242569338974,0.43362706211637797
836.548095703125,91.32067108154297,-7.306227207183838,0.11855176091194153,659.5291137695312,73.76529693603516,-7.048084735870361,0.12146410346031189,753.4486694335938,100.75640106201172,-7.192634105682373,0.14522747695446014,44.461917877197266,14,1.90175461769104,1.2738656997680664,-30.270793914794922,422.3494342975266,1975.5034641972723,8.559957321480258,0.4158711999181927,0.3024967908859253,0.30236905813217163,25.886943817138672,2,9.31763744354248,0.0006823782459832728,233.7605438232422,11.410528182983398,8.559957321480258,0.4158711999181927
920.3839721679688,98.53102111816406,-7.4099225997924805,0.11626092344522476,663.3753051757812,73.7717056274414,-7.054398059844971,0.12077035754919052,620.0430297851562,91.29925537109375,-6.981054782867432,0.15990985929965973,51.26054000854492,22,1.6885597705841064,1.1658297777175903,17.79545783996582,1427.5885335905723,1971.6801342701644,8.559618325953563,0.3422712066251292,0.20173311233520508,0.2008218914270401,33.39006423950195,0,7.040385723114014,0.0005154630052857101,530.36328125,10.131359100341797,8.559618325953563,0.3422712066251292
1488.4500732421875,113.2244873046875,-7.931835651397705,0.08261062949895859,1051.237060546875,74.41532897949219,-7.554251670837402,0.07687613368034363,1330.4150390625,116.38720703125,-7.809967994689941,0.09500531852245331,61.71281433105469,35,2.0719268321990967,1.5916740894317627,55.85624694824219,1401.9102101936087,1985.065407327191,8.560600146844779,0.34415047463728604,0.20722591876983643,0.20581090450286865,45.00185012817383,0,8.507824897766113,0.000622906198259443,465.8802185058594,12.431560516357422,8.560600146844779,0.34415047463728604
1180.9112548828125,84.03014373779297,-7.680542945861816,0.07727654278278351,1025.925537109375,74.14745330810547,-7.52778959274292,0.0784892663359642,1048.2257080078125,93.57125854492188,-7.5511369705200195,0.09694322943687439,73.31354522705078,25,1.4159729480743408,1.2968494892120361,83.72064971923828,156.58179822229002,1991.9628628210207,8.561177453074377,0.4353330359166365,0.12460578233003616,0.12423940002918243,56.04078674316406,0,4.76818323135376,0.00034921112819574773,1089.117431640625,8.495838165283203,8.561177453074377,0.43533303591663647
30801.595703125,228.268310546875,-11.22143268585205,0.008048264309763908,12913.3037109375,91.90303802490234,-10.277593612670898,0.00772898318246007,30257.384765625,248.35366821289062,-11.202078819274902,0.008913925848901272,366.87860107421875,300,3.6801929473876953,3.6195807456970215,-40.829158782958984,907.3296311468131,2031.2482451126784,8.56401226406205,0.3803571604159645,0.028869830071926117,0.0287871565669775,-61.549476623535156,0,8.704333305358887,0.0006373878568410873,29112.69140625,22.081157684326172,8.56401226406205,0.3803571604159645
2007.2801513671875,141.9433135986328,-8.25652027130127,0.07679567486047745,1057.9913330078125,74.31363677978516,-7.5612053871154785,0.07628097385168076,1467.74560546875,143.1918182373047,-7.916626930236816,0.10594908893108368,53.158111572265625,48,2.4234988689422607,2.0721940994262695,6.693809509277344,677.5607409790747,2001.9463377536647,8.5618796254921,0.3971820078475597,0.22282566130161285,0.22265838086605072,24.37149429321289,0,11.503032684326172,0.0008423788822256029,575.8175659179688,14.540992736816406,8.5618796254921,0.3971820078475597
380.4254150390625,65.93258666992188,-6.450673580169678,0.18821768462657928,157.71987915039062,72.92408752441406,-5.494716167449951,0.5021279454231262,148.00637817382812,77.56507873535156,-5.425701141357422,0.5691354274749756,41.60988235473633,9,1.393754482269287,1.0521820783615112,-63.71332931518555,168.58425689688391,1987.5739143299543,8.560855334187462,0.4344542300956348,0.31231147050857544,0.31022369861602783,64.1246109008789,0,6.252482891082764,0.0004579176311381161,-52.81447982788086,8.362526893615723,8.560855334187464,0.43445423009563483
753.1848754882812,89.30203247070312,-7.192254066467285,0.12876255810260773,568.909912109375,73.58558654785156,-6.887608528137207,0.1404685527086258,604.4569091796875,76.93348693847656,-6.953413486480713,0.13822287321090698,42.679290771484375,18,1.3697936534881592,1.0386055707931519,62.22335433959961,2037.3864533482576,1996.260086984259,8.561379099638271,0.297642381226625,0.2322733998298645,0.23101074993610382,52.00999069213867,17,5.602276802062988,0.0004100629303138703,264.0605163574219,8.218761444091797,8.561379099638271,0.297642381226625
557.529541015625,81.6971664428711,-6.8656697273254395,0.15913617610931396,300.9229736328125,73.19380187988281,-6.196138381958008,0.26414889097213745,256.6523132324219,83.58982849121094,-6.02336311340332,0.35370245575904846,39.18706130981445,13,1.920767068862915,0.8979349732398987,83.31725311279297,740.4565134054071,2003.531005101572,8.56199206394737,0.39257652852247643,0.3406274616718292,0.3390175700187683,-89.49223327636719,0,7.852749347686768,0.0005750564741902053,-180.54800415039062,11.524602890014648,8.561992063947377,0.3925765285224659
2599.654296875,168.11520385742188,-8.537288665771484,0.07022976875305176,1126.2896728515625,74.59550476074219,-7.629125118255615,0.07192707061767578,1692.5118408203125,132.350830078125,-8.071329116821289,0.0849228948354721,45.35857391357422,45,2.303187847137451,1.85948646068573,59.342491149902344,1813.124869038703,2007.0370738357249,8.562183007214944,0.3140525206254282,0.22978028655052185,0.22957555949687958,35.65010070800781,2,10.870402336120605,0.0007957486668601632,1267.806396484375,13.819127082824707,8.562183007214944,0.3140525206254282
588.7405395507812,88.683349609375,-6.92480993270874,0.16358669102191925,200.39193725585938,72.96724700927734,-5.754700660705566,0.39543721079826355,199.8667755126953,60.13429260253906,-5.751851558685303,0.3267468512058258,31.016801834106445,7,1.0325888395309448,0.8247917294502258,-28.580249786376953,1514.7647581055273,2005.8747029805718,8.562116989333267,0.3358891342266291,0.4091331958770752,0.4079967141151428,13.718381881713867,2,5.495363235473633,0.00040232823812402785,209.13540649414062,6.19553279876709,8.562116989333267,0.335889134226629
1018.2701416015625,113.41436767578125,-7.519657611846924,0.12095808237791061,360.07470703125,73.26446533203125,-6.390981674194336,0.22096861898899078,288.7214660644531,95.90768432617188,-6.151197910308838,0.36074817180633545,35.15223693847656,13,2.31462025642395,0.9935274720191956,-10.130616188049316,1325.4247314873496,2003.5960938678038,8.56196191732977,0.3497488335516207,0.36735907196998596,0.36611542105674744,-29.44925308227539,0,9.076740264892578,0.0006645757239311934,-421.6123352050781,13.88772201538086,8.561961917329763,0.34974883355163167
13254.451171875,181.28106689453125,-10.305904388427734,0.014853216707706451,7590.587890625,84.53217315673828,-9.700688362121582,0.012094181030988693,12694.7880859375,192.64724731445312,-10.259063720703125,0.016480378806591034,312.37890625,174,3.780066967010498,2.2158026695251465,-16.25758934020996,453.72900483899025,2029.669177860313,8.563922786513265,0.41357139650873564,0.038807276636362076,0.03810086101293564,-14.314058303833008,0,6.300039291381836,0.0004613768251147121,11952.8837890625,22.680400848388672,8.563922786513265,0.4135713965087357
670.7171630859375,92.54367065429688,-7.066348552703857,0.149843230843544,460.7124938964844,73.37599182128906,-6.658575057983398,0.1729632467031479,622.4373779296875,95.23928833007812,-6.985239028930664,0.16616910696029663,33.53717041015625,11,1.6320374011993408,1.3633350133895874,-79.6969223022461,521.4505047416611,2011.5414668114768,8.562591268132774,0.4086129398500296,0.44081100821495056,0.44004565477371216,-73.55590057373047,2,8.927346229553223,0.0006537790177389979,370.58050537109375,9.792224884033203,8.562591268132781,0.40861293985001923
1012.35791015625,107.03312683105469,-7.513335227966309,0.11481904983520508,635.8993530273438,73.75435638427734,-7.0084710121154785,0.12595897912979126,863.626220703125,116.34477996826172,-7.340814590454102,0.1463022232055664,37.28517150878906,24,2.359581708908081,1.4038220643997192,-34.08841323852539,1991.6083832268084,2013.8711061853282,8.562671687098588,0.3009915371275002,0.3427999019622803,0.34183692932128906,-26.63140869140625,0,10.903732299804688,0.0007981222588568926,268.25244140625,14.157489776611328,8.562671687098595,0.3009915371274888
8235.53125,207.31800842285156,-9.789229393005371,0.027338534593582153,3104.670166015625,77.5989990234375,-8.7300386428833,0.02714378945529461,7693.41845703125,214.12539672851562,-9.715298652648926,0.030225858092308044,110.54728698730469,165,5.204185962677002,2.0730972290039062,-5.775652885437012,303.9901824398709,2025.9047442318385,8.563655425513687,0.4245368244551502,0.12149845063686371,0.11928259581327438,-6.7917327880859375,16,15.933588027954102,0.0011669094674289227,3929.054443359375,31.225116729736328,8.56365542551368,0.42453682445516017
753.2166137695312,89.33853149414062,-7.192299842834473,0.12880975008010864,590.77685546875,73.6506118774414,-6.928558826446533,0.1353887915611267,604.627197265625,82.84325408935547,-6.953719139099121,0.14879874885082245,41.943817138671875,18,1.3202729225158691,1.2742892503738403,17.320478439331055,85.1029507422991,2019.5231599222057,8.563199974120563,0.4405665929532293,0.2302103191614151,0.2294328361749649,70.98286437988281,0,6.763723373413086,0.0004953615716658533,412.22882080078125,7.921637535095215,8.563199974120554,0.4405665929532388
13556.7490234375,181.17486572265625,-10.330389022827148,0.014513501897454262,8244.8232421875,85.47846221923828,-9.79045295715332,0.011259138584136963,12754.3857421875,184.62173461914062,-10.264148712158203,0.015720020979642868,363.74884033203125,175,2.918971538543701,2.6180455684661865,15.99933910369873,1383.1244339178775,2052.170181406847,8.565515500996302,0.3455236813028614,0.03280641511082649,0.03258989378809929,-13.252982139587402,0,5.465631484985352,0.00040016783168539405,12759.0908203125,17.51382827758789,8.565515500996302,0.3455236813028614
508.8985290527344,81.64842987060547,-6.766578197479248,0.17423944175243378,300.54241943359375,73.16448974609375,-6.194764614105225,0.2643774449825287,314.36248779296875,71.50556945800781,-6.243577003479004,0.24702389538288116,30.627483367919922,11,1.4089293479919434,0.8573060035705566,-51.72624206542969,1150.8765186592336,2021.883617575773,8.563311849273735,0.36252641529440016,0.41470763087272644,0.41323596239089966,-56.568321228027344,0,6.560296535491943,0.00048035429790616035,72.3178482055664,8.45357608795166,8.563311849273735,0.3625264152944002
928.535888671875,102.65296173095703,-7.419496536254883,0.12006118148565292,560.3945922851562,73.48574829101562,-6.871234893798828,0.1424095183610916,552.1707153320312,95.1485366821289,-6.8551836013793945,0.18713653087615967,42.15430450439453,19,1.9104468822479248,1.1358613967895508,-11.481522560119629,423.9145597586843,2026.0040005328178,8.56365601689066,0.4157547928308097,0.2810879647731781,0.27908387780189514,-12.134318351745605,2,8.815598487854004,0.0006456050905399024,451.9570007324219,11.46268081665039,8.56365601689066,0.41575479283080974
503.8040771484375,68.96038055419922,-6.755654335021973,0.14865098893642426,499.8555603027344,73.52721405029297,-6.7471113204956055,0.15974725782871246,516.5661010742188,82.71245574951172,-6.782814979553223,0.1738900989294052,46.37175369262695,12,1.4377387762069702,1.0913031101226807,88.6152114868164,1584.3377163033722,2026.6135610044093,8.563631281151602,0.3307962328902634,0.27972328662872314,0.2780187129974365,-74.41238403320312,0,5.922210216522217,0.00043356529204174876,258.7608642578125,8.626432418823242,8.563631281151595,0.3307962328902746
1439.9368896484375,112.73865509033203,-7.8958587646484375,0.08502746373414993,942.2526245117188,74.09358215332031,-7.435418128967285,0.08539709448814392,1047.3465576171875,97.95230865478516,-7.550226211547852,0.101567342877388,64.15235900878906,31,1.6947485208511353,1.3185944557189941,-72.37625885009766,1075.3929849260628,2043.963529122613,8.564933431523945,0.36805198539062245,0.15178145468235016,0.1510574370622635,-64.88236236572266,2,5.559656620025635,0.00040709381573833525,660.2881469726562,10.16849136352539,8.56493343152394,0.3680519853906332
9525.3125,212.80032348632812,-9.947197914123535,0.02426179125905037,4077.53564453125,79.2049560546875,-9.025994300842285,0.021095236763358116,8614.80078125,215.6290740966797,-9.838112831115723,0.02718265727162361,132.8181915283203,183,4.365786552429199,2.5244393348693848,-80.77001190185547,1814.6250405534274,2086.6483292816083,8.56801248301183,0.3139406822776717,0.08130355179309845,0.07989145070314407,-85.86769104003906,0,11.05936336517334,0.0008095693774521351,6994.5859375,26.194719314575195,8.568012483011824,0.31394068227768296
4207.37451171875,134.5291290283203,-9.060028076171875,0.03472441807389259,2865.42138671875,77.30046844482422,-8.64297103881836,0.02929702028632164,3716.807861328125,139.95782470703125,-8.92542552947998,0.04089374467730522,109.61870574951172,77,2.6462063789367676,1.7621666193008423,-48.03203201293945,96.02663343019067,2060.266480538588,8.566183613001344,0.43976508167763445,0.07814596593379974,0.07720372080802917,-49.14993667602539,0,7.295325756072998,0.0005342902732081711,3070.656982421875,15.877238273620605,8.566183613001344,0.4397650816776345
3215.459228515625,158.2536163330078,-8.768107414245605,0.0534491091966629,1752.7166748046875,75.53767395019531,-8.10927963256836,0.04680386558175087,2804.79833984375,160.5101776123047,-8.61975383758545,0.06214851513504982,81.7021255493164,74,2.644907236099243,2.355102777481079,62.19682693481445,1782.1493817863416,2067.401163507073,8.566605248424565,0.3163177963610965,0.15090996026992798,0.15072770416736603,61.390464782714844,0,10.940434455871582,0.0008008777513168752,2290.501708984375,15.869443893432617,8.56660524842456,0.3163177963611078
4739.5986328125,185.34930419921875,-9.189353942871094,0.042469702661037445,2093.79345703125,76.06324005126953,-8.302334785461426,0.03945216163992882,3544.74560546875,176.0148162841797,-8.87396240234375,0.05392547324299812,99.4023666381836,84,3.247480869293213,1.9944959878921509,-54.34100341796875,846.841256980469,2184.515716178525,8.575240524708768,0.3847812047971136,0.1311853528022766,0.12998659908771515,-40.786827087402344,0,9.713651657104492,0.0007112871389836073,2566.11279296875,19.484886169433594,8.575240524708775,0.3847812047971032
1003.8840942382812,102.70338439941406,-7.504209041595459,0.1111043393611908,592.9263916015625,73.76805877685547,-6.932501792907715,0.13511309027671814,606.9334716796875,100.0545425415039,-6.957852840423584,0.1790298968553543,52.75801467895508,24,1.8089474439620972,1.3557994365692139,-61.255496978759766,428.90382266447494,2056.120238357887,8.565861498243224,0.41538837644169496,0.18074698746204376,0.17965348064899445,-83.16641998291016,0,7.032648086547852,0.0005150284268893301,546.2900390625,10.853684425354004,8.565861498243224,0.41538837644169496
8403.2919921875,157.47119140625,-9.811123847961426,0.020350800827145576,5167.81689453125,80.90565490722656,-9.283267974853516,0.017002061009407043,8108.28466796875,172.61331176757812,-9.772322654724121,0.023119322955608368,183.10948181152344,124,2.9973323345184326,2.28269100189209,-51.12769317626953,1096.1311933264305,2076.848995108853,8.567340518148972,0.36653270457724046,0.05371783301234245,0.05316758155822754,-46.4238166809082,0,7.111011981964111,0.0005206820205785334,7267.6455078125,17.983993530273438,8.567340518148972,0.36653270457724046
421.46478271484375,74.5301284790039,-6.56190299987793,0.19204385578632355,161.36427307128906,72.84386444091797,-5.5195183753967285,0.49024754762649536,244.0979766845703,76.35540008544922,-5.968910217285156,0.33970770239830017,26.66237449645996,9,1.6347827911376953,0.8953644037246704,-25.488510131835938,1671.6110921666273,2049.0419043458724,8.565268067066151,0.32440806343960454,0.5097905397415161,0.5081638693809509,55.90380096435547,1,7.229013919830322,0.0005292153800837696,-214.6651611328125,9.808696746826172,8.565268067066146,0.32440806343961587
921.042236328125,99.17697143554688,-7.410698890686035,0.1169394701719284,666.1189575195312,73.66242980957031,-7.058879375457764,0.12009476870298386,695.554931640625,104.26885986328125,-7.105828762054443,0.16279947757720947,47.72813415527344,22,1.769324541091919,1.4780621528625488,44.320159912109375,180.92561093709196,2055.953529834707,8.565863078143861,0.4335478987135514,0.2583642899990082,0.25751298666000366,-89.77500915527344,0,8.404705047607422,0.0006155326263979077,387.4571533203125,10.615947723388672,8.565863078143853,0.4335478987135612
396.4356384277344,70.5423812866211,-6.495431900024414,0.1932445466518402,38.46106719970703,72.69387817382812,-3.9625532627105713,2.052609443664551,85.06837463378906,54.39150619506836,-4.82442045211792,0.6943728923797607,39.52702713012695,5,1.060613751411438,0.6560377478599548,-85.06713104248047,543.4504018402863,2048.8084796770363,8.565319485453463,0.4070006730483744,0.37294864654541016,0.36590346693992615,-2.3408122062683105,2,3.460977077484131,0.00025345588801428676,-80.08480072021484,6.363682746887207,8.56531948545347,0.4070006730483641
844.603271484375,103.53118896484375,-7.31663179397583,0.133121520280838,529.2678833007812,73.51932525634766,-6.8091888427734375,0.15085363388061523,645.4767456054688,102.68859100341797,-7.0247015953063965,0.17277123034000397,33.053932189941406,19,1.8417348861694336,1.4002184867858887,84.40874481201172,1200.2997255121168,2062.1312076579557,8.566256309323245,0.3589069905785776,0.32815730571746826,0.3278275430202484,84.54074096679688,0,9.615099906921387,0.0007040150230750442,442.4834289550781,11.050409317016602,8.566256309323245,0.3589069905785776
463.0986022949219,72.01445007324219,-6.664183616638184,0.16887913644313812,314.564697265625,73.21671295166016,-6.244275093078613,0.25277265906333923,280.6380615234375,74.32630157470703,-6.12036657333374,0.28762444853782654,35.19612121582031,11,1.7636654376983643,0.7566893696784973,-58.22603225708008,1934.6512190388607,2059.5886535609075,8.566023086318761,0.305158123587636,0.37372443079948425,0.3717830181121826,-23.024459838867188,0,6.899471759796143,0.0005050311447121203,-21.960790634155273,10.581993103027344,8.566023086318756,0.30515812358764727
801.1693115234375,95.13227081298828,-7.259310722351074,0.12895357608795166,555.67626953125,73.53494262695312,-6.862054824829102,0.14371488988399506,627.2408447265625,125.2242660522461,-6.99358606338501,0.2168123424053192,40.7454833984375,14,1.6804063320159912,0.8892059326171875,36.41358184814453,745.0551384941053,2061.199035995957,8.566215324477383,0.3922379075427397,0.3176015317440033,0.31557124853134155,21.270816802978516,2,7.304654121398926,0.0005349132115952671,304.1486511230469,10.082437515258789,8.566215324477383,0.39223790754273974
74728.4140625,214.0476837158203,-12.183714866638184,0.003110674675554037,63209.4765625,144.256591796875,-12.001955032348633,0.0024784679990261793,72380.8046875,186.53233337402344,-12.14905834197998,0.0027987270150333643,4175.93017578125,218,2.096285581588745,2.041754722595215,-60.865814208984375,938.2703629400636,2102.4607587514524,8.569225738975662,0.37808953999336586,0.004899798426777124,0.004826195538043976,-70.25897216796875,0,3.5295419692993164,0.00025845039635896683,74729.7109375,12.577713012695312,8.56922573897567,0.37808953999335526
2273.19873046875,159.511962890625,-8.391593933105469,0.07620538771152496,1044.471435546875,74.4041519165039,-7.5472412109375,0.07736248522996902,1634.830322265625,134.2650909423828,-8.033681869506836,0.08919084072113037,58.61960220336914,45,2.794457197189331,1.5527764558792114,-56.415733337402344,182.9121212943382,2083.356625389459,8.567870061223559,0.4334014136054889,0.2642946243286133,0.26237422227859497,-48.206260681152344,0,12.485916137695312,0.0009144218638539314,745.2188110351562,16.766742706298828,8.56787006122355,0.4334014136054986
1273.51953125,97.57711029052734,-7.762514114379883,0.08320935815572739,985.4723510742188,74.53215026855469,-7.484111309051514,0.0821351408958435,1205.8167724609375,95.98946380615234,-7.703203201293945,0.08645141124725342,60.887325286865234,29,1.6475743055343628,1.3413687944412231,76.03836822509766,1533.9700252861394,2075.468301190236,8.567212069755861,0.33448148087930396,0.16587422788143158,0.16514505445957184,68.82389068603516,0,5.922800064086914,0.00043361325515434146,1032.5556640625,9.885445594787598,8.567212069755866,0.33448148087929286
515.208984375,78.63894653320312,-6.779958724975586,0.16576166450977325,453.3495178222656,73.30642700195312,-6.641082763671875,0.17560574412345886,444.5326843261719,89.31775665283203,-6.6197590827941895,0.21820461750030518,36.527488708496094,12,1.5783004760742188,0.9399033784866333,-67.6695327758789,1694.062446490954,2072.3399520932962,8.566972656381415,0.3227642886154171,0.3907957673072815,0.3892754018306732,-59.6695671081543,0,7.278017044067383,0.0005327957333065569,318.7933654785156,9.469802856445312,8.56697265638142,0.3227642886154059
2058.6640625,138.91314697265625,-8.283964157104492,0.07328037917613983,1104.87548828125,74.50389862060547,-7.608283519744873,0.07323109358549118,1495.895751953125,134.9176483154297,-7.937253475189209,0.09794837981462479,52.23189926147461,46,2.676162004470825,1.660929560661316,7.893792152404785,1120.9912324086115,2078.780923782715,8.567480483401106,0.3647126166595846,0.21360653638839722,0.2117771953344345,15.873114585876465,2,10.271721839904785,0.0007521094521507621,998.0838623046875,16.05697250366211,8.567480483401106,0.3647126166595846
933.2177124023438,108.80817413330078,-7.424957275390625,0.1266217678785324,373.42950439453125,73.2295913696289,-6.430521488189697,0.21296478807926178,325.49615478515625,87.37079620361328,-6.281364440917969,0.2915078401565552,32.6204833984375,12,1.9559519290924072,0.9640936255455017,10.39847183227539,179.96975691750353,2169.8804991619013,8.574207414043082,0.4336137352927467,0.4357953369617462,0.4351329803466797,12.277685165405273,0,8.213916778564453,0.0006015464314259589,-159.00218200683594,11.735712051391602,8.574207414043082,0.43361373529274666
5468.37646484375,119.0066146850586,-9.344646453857422,0.02363428846001625,4457.87939453125,79.79318237304688,-9.122820854187012,0.01943870447576046,5023.46142578125,117.13126373291016,-9.252507209777832,0.025322092697024345,290.7312316894531,68,1.860232949256897,1.662847638130188,54.62797164916992,525.5960128084627,2088.2138844239726,8.568206558118998,0.40830674117778903,0.03449225798249245,0.03429063409566879,-76.67013549804688,0,3.6087779998779297,0.0002642786130309105,4912.27734375,11.161397933959961,8.56820655811899,0.4083067411777991
1611.3267822265625,118.80754089355469,-8.017958641052246,0.0800737589597702,1059.8076171875,74.31663513183594,-7.563067436218262,0.07615332305431366,1236.6212158203125,116.28807830810547,-7.730591773986816,0.10212411731481552,72.64628601074219,38,2.5409746170043945,1.2797774076461792,-40.0476188659668,1644.3015947918725,2090.297783314621,8.56829088593149,0.32640571725512024,0.17654432356357574,0.17564596235752106,-34.168190002441406,0,9.38584041595459,0.0006871134391985834,117.33196258544922,15.245847702026367,8.56829088593149,0.3264057172551202
7986.26416015625,72.49492645263672,-9.755859375,0.009858112782239914,7814.5830078125,84.8326187133789,-9.732264518737793,0.011789269745349884,7839.79833984375,80.89456176757812,-9.735762596130371,0.011205836199223995,1198.7626953125,27,1.4272396564483643,0.8338931798934937,24.243682861328125,1731.2513784453765,2090.55125722235,8.568303769814392,0.32004210805320543,0.01484659779816866,0.012803389690816402,35.18436813354492,0,5.571137428283691,0.00040783392614685,7701.0771484375,8.563438415527344,8.56830376981438,0.32004210805322797
15058.0439453125,185.23052978515625,-10.444421768188477,0.013358996249735355,9101.099609375,86.58028411865234,-9.897734642028809,0.010331300087273121,14400.5595703125,193.19056701660156,-10.39594841003418,0.014569221995770931,451.12689208984375,186,3.225029945373535,2.5790741443634033,64.75243377685547,1793.9657203798022,2131.0354715046738,8.571264075393833,0.31545144166415157,0.029737941920757294,0.029428236186504364,77.4552001953125,0,5.091574668884277,0.000372714624973014,14387.38671875,19.35017967224121,8.571264075393833,0.31545144166415157
497.83123779296875,81.24458312988281,-6.742705345153809,0.17723198235034943,95.60503387451172,72.79046630859375,-4.951201915740967,0.8268439769744873,28.914756774902344,97.7447738647461,-3.652798891067505,3.6711642742156982,24.338342666625977,9,1.700343132019043,1.417762041091919,-43.406333923339844,1522.0170808499474,2099.6579928527462,8.56898420899345,0.3353557163926535,0.4735181927680969,0.46119868755340576,-82.46134185791016,0,9.294597625732422,0.0006804660079069436,-264.0284729003906,10.202058792114258,8.56898420899345,0.33535571639265355
1541.581298828125,106.77442169189453,-7.969915866851807,0.0752195343375206,1122.1552734375,74.53240966796875,-7.6251325607299805,0.07213101536035538,1150.26123046875,98.08140563964844,-7.651991367340088,0.09260192513465881,70.51012420654297,31,1.6009818315505981,1.434928059577942,-59.58209991455078,129.9933799770706,2107.1886678078677,8.56961850416851,0.43727586959305104,0.12506192922592163,0.12466668337583542,52.024662017822266,2,5.527255058288574,0.0004047962138429284,833.0487060546875,9.605891227722168,8.569618504168501,0.43727586959306053
576.084716796875,85.35315704345703,-6.90121603012085,0.16090260446071625,425.533203125,73.25975799560547,-6.572333812713623,0.186965674161911,438.69134521484375,100.89282989501953,-6.605397701263428,0.24976469576358795,29.131088256835938,13,2.04825496673584,1.2057321071624756,7.53441047668457,567.6417535803522,2108.442797668796,8.569685690697156,0.4052272162260283,0.34333011507987976,0.34267154335975647,70.36946105957031,2,9.408230781555176,0.0006889766664244235,-134.15174865722656,12.289529800415039,8.569685690697156,0.4052272162260284
5551.8115234375,139.54872131347656,-9.36108684539795,0.027297381311655045,3866.274169921875,78.82310485839844,-8.968231201171875,0.022140666842460632,5189.18212890625,143.0902099609375,-9.287747383117676,0.029946139082312584,198.34986877441406,91,2.5583443641662598,1.8547744750976562,-11.88479232788086,1993.1190774131455,2131.6258617415006,8.571293884490851,0.300878121311768,0.05701552331447601,0.0561358816921711,-5.80861234664917,0,5.279467582702637,0.0003864336176775396,5258.7548828125,15.350066184997559,8.571293884490851,0.300878121311768
752.7576293945312,86.86712646484375,-7.191637992858887,0.12532280385494232,656.8001098632812,73.58987426757812,-7.043582916259766,0.12167872488498688,704.8484497070312,80.42390441894531,-7.1202392578125,0.12391367554664612,45.32436752319336,18,1.4996659755706787,1.0271289348602295,-55.29819869995117,1931.5204791429774,2117.3660233699447,8.570253930141819,0.3053857940318219,0.2529875934123993,0.25186339020729065,-43.87798309326172,0,6.962371349334717,0.0005096308887004852,474.86181640625,8.997995376586914,8.570253930141819,0.3053857940318219
1026.9718017578125,116.25506591796875,-7.528896331787109,0.1229371652007103,418.5723876953125,73.27671813964844,-6.554426670074463,0.19011887907981873,506.77130126953125,160.38385009765625,-6.762030124664307,0.3436991274356842,30.603595733642578,9,2.3583059310913086,0.4531850814819336,41.58366775512695,1967.8026082111369,2125.322150926,8.570834039051412,0.30273071773105226,0.4183797538280487,0.41650789976119995,-79.7662582397461,2,6.16626501083374,0.0004513493331614882,6.5714430809021,14.149835586547852,8.570834039051412,0.30273071773105226
1404.0169677734375,102.62337493896484,-7.868431091308594,0.0793786570429802,1078.9083251953125,74.23526000976562,-7.582461357116699,0.07472321391105652,1107.8250732421875,98.56184387207031,-7.611177921295166,0.0966200903058052,91.30511474609375,32,1.6450949907302856,1.4620366096496582,-23.617958068847656,1597.8316481638435,2135.718742538684,8.571619938296541,0.3298056698767715,0.13162784278392792,0.1313769817352295,-35.87356185913086,0,5.43831729888916,0.0003981293994002044,860.9011840820312,9.870570182800293,8.571619938296541,0.3298056698767715
567.1430053710938,86.62030792236328,-6.8842315673828125,0.16586585342884064,270.4433288574219,72.99900817871094,-6.080190658569336,0.29313692450523376,239.65492248535156,85.42724609375,-5.948966026306152,0.38711488246917725,27.708236694335938,12,1.5005035400390625,1.194394826889038,-40.658897399902344,905.4537341483343,2130.70429307842,8.571296129342128,0.380491392769532,0.34525445103645325,0.3438165485858917,-33.84843063354492,0,8.006089210510254,0.0005862470716238022,-3.924201488494873,9.003021240234375,8.571296129342135,0.38049139276952143
627.2371826171875,80.80867767333984,-6.993579387664795,0.13991233706474304,459.6300048828125,73.37417602539062,-6.6560211181640625,0.17336630821228027,456.2607421875,73.19673919677734,-6.6480326652526855,0.17422419786453247,45.69878387451172,15,1.5058413743972778,0.8722304701805115,79.16773986816406,1614.327784342443,2132.1921020315053,8.57136061840367,0.3285983977541955,0.25944605469703674,0.25695204734802246,85.89151000976562,0,6.1300129890441895,0.00044876450556330383,162.53057861328125,9.035048484802246,8.571360618403675,0.32859839775418437
717.812744140625,95.89096069335938,-7.14002799987793,0.14507625997066498,392.2523498535156,73.51850128173828,-6.483913898468018,0.2035452127456665,324.1131286621094,101.27239990234375,-6.2767415046691895,0.33933159708976746,34.19340133666992,16,2.3285880088806152,1.0904635190963745,-87.00924682617188,1102.4560356129018,2148.337811751027,8.572575477307394,0.3660675350219515,0.3718884587287903,0.37051764130592346,81.89957427978516,0,9.540605545043945,0.0006985706277191639,-550.8782348632812,13.971528053283691,8.572575477307394,0.36606753502195155
20033.361328125,274.0926208496094,-10.754384994506836,0.014858444221317768,5975.25439453125,82.04685974121094,-9.44089126586914,0.014911982230842113,18765.349609375,294.3724060058594,-10.683391571044922,0.01703610271215439,221.61434936523438,341,7.133427619934082,2.865257740020752,54.61126708984375,581.1813040051014,2214.8451575323384,8.577477562254401,0.4042322666613189,0.07470131665468216,0.07282327115535736,53.554176330566406,0,15.374929428100586,0.0011258985614404082,12469.349609375,42.800567626953125,8.577477562254401,0.40423226666131884
45372.20703125,169.95423889160156,-11.641974449157715,0.004067915491759777,39407.5703125,122.33311462402344,-11.488948822021484,0.0033712752629071474,44611.1875,160.83358764648438,-11.62360954284668,0.003915279638022184,2577.756103515625,146,1.9072895050048828,1.8754867315292358,-43.48223114013672,783.4219716450843,2176.5825291493647,8.574663353856605,0.3894249593272003,0.006570975761860609,0.0065111503936350346,-70.33116912841797,0,3.554673194885254,0.0002602972963359207,45540.0625,11.443737030029297,8.574663353856613,0.3894249593271899
982.639404296875,111.95291137695312,-7.480985641479492,0.12372887134552002,602.6898803710938,73.698974609375,-6.950234889984131,0.13279977440834045,653.1203002929688,99.5859375,-7.037482738494873,0.16559021174907684,38.41785430908203,22,2.0055296421051025,1.2354459762573242,-57.482322692871094,529.8612045580671,2160.724840709161,8.573516936410943,0.4079919722025377,0.3217226266860962,0.32067179679870605,-43.83809280395508,0,9.423688888549805,0.0006901068263687193,43.53815460205078,12.033178329467773,8.573516936410943,0.40799197220253774
21301.82421875,190.64224243164062,-10.82104206085205,0.009719236753880978,13336.837890625,92.42253112792969,-10.31263256072998,0.0075258370488882065,20600.923828125,192.79185485839844,-10.784716606140137,0.010163231752812862,545.6852416992188,209,3.1403138637542725,2.5398378372192383,-21.72147560119629,119.09193303743594,2185.6076138729545,8.575362680958158,0.43807131974899693,0.022293107584118843,0.02185729518532753,-33.16381072998047,0,5.5947265625,0.00040973167051561177,19658.765625,18.841882705688477,8.575362680958158,0.43807131974899693
535.1596069335938,83.33401489257812,-6.821208477020264,0.16910980641841888,29.6602725982666,72.56341552734375,-3.6804378032684326,2.6568830013275146,2.2121143341064453,76.6523208618164,-0.8620189428329468,37.63115692138672,22.756261825561523,9,1.4852343797683716,0.9932781457901001,39.86870193481445,1609.0014672824664,2159.91316550497,8.57339087355778,0.328987516051031,0.33193323016166687,0.3151070177555084,-89.39727020263672,0,7.257687091827393,0.0005313173169270158,-341.44561767578125,8.911406517028809,8.57339087355778,0.328987516051031
2039.4945068359375,97.97832489013672,-8.27380657196045,0.0521719753742218,1699.4207763671875,75.36740112304688,-8.075752258300781,0.048162881284952164,1856.3992919921875,102.09344482421875,-8.17167854309082,0.059725016355514526,124.2836685180664,39,1.7321088314056396,1.4410121440887451,79.06702423095703,974.0577182068017,2171.435193261904,8.574274855855313,0.3754672508809322,0.08692487329244614,0.08640361577272415,80.67787170410156,0,4.9916181564331055,0.0003655023465398699,1113.95361328125,10.39265251159668,8.574274855855306,0.37546725088094274
2552.806884765625,83.82829284667969,-8.517544746398926,0.0356617346405983,1890.9315185546875,75.70690155029297,-8.191689491271973,0.04347999766469002,2083.929443359375,78.59806823730469,-8.297207832336426,0.040959879755973816,206.16978454589844,25,2.4213364124298096,0.5924137830734253,-32.846595764160156,219.1100509263235,2218.8296454873266,8.577790274150694,0.43074571908652043,0.0790613517165184,0.07479409873485565,-30.3814640045166,3,7.155616283416748,0.0005240339087322354,642.3009643554688,14.528018951416016,8.577790274150694,0.43074571908652043
1731.06103515625,145.36557006835938,-8.095781326293945,0.09119667112827301,776.356689453125,73.93138885498047,-7.22515344619751,0.10341830551624298,1561.0653076171875,164.73086547851562,-7.9835524559021,0.11459976434707642,41.65686798095703,27,2.5819132328033447,1.4196686744689941,-49.36787414550781,480.904919301869,2178.982381128905,8.574856922576547,0.4115762447316993,0.4081149399280548,0.4069361388683319,-44.923553466796875,3,11.47238540649414,0.0008401396917179227,790.2805786132812,15.491479873657227,8.574856922576547,0.4115762447316991
585.3187866210938,77.13211059570312,-6.918481349945068,0.14311085641384125,527.7709350585938,73.65938568115234,-6.8061137199401855,0.15156972408294678,549.6380004882812,72.6347885131836,-6.850192070007324,0.14351515471935272,35.38435363769531,14,1.5426942110061646,0.8301509022712708,49.53619384765625,878.5003806961241,2174.6807270725108,8.574518351786407,0.3824634920002332,0.26135721802711487,0.26043397188186646,21.15999984741211,0,6.757279872894287,0.0004948021960444748,221.63583374023438,9.256165504455566,8.574518351786407,0.3824634920002332
2935.69677734375,144.83258056640625,-8.669278144836426,0.05357780307531357,1780.0609130859375,75.49884033203125,-8.126087188720703,0.0460611991584301,2449.59033203125,149.74618530273438,-8.472733497619629,0.06638839095830917,84.8370590209961,66,2.588432550430298,2.088193655014038,3.974306106567383,1242.850579859815,2190.0420133605967,8.575620740761972,0.35578831274216444,0.13352586328983307,0.13282713294029236,4.690084457397461,0,9.138236045837402,0.0006690736627206206,1980.2847900390625,15.530595779418945,8.575620740761979,0.3557883127421536
3100.60888671875,182.92320251464844,-8.728617668151855,0.06406954675912857,1205.046875,74.80939483642578,-7.702509880065918,0.06741896271705627,2588.985107421875,177.1317596435547,-8.53282356262207,0.0743013545870781,55.463233947753906,68,3.1896796226501465,2.403836727142334,-30.11763572692871,431.5870644778239,2200.7867118272425,8.576456684683674,0.41518690571279926,0.260572612285614,0.2595558762550354,-44.858367919921875,2,13.567948341369629,0.000993605237454176,2034.9945068359375,19.138076782226562,8.576456684683674,0.41518690571279926
42992.3203125,378.5821838378906,-11.583477020263672,0.009563108906149864,12920.8134765625,91.9130859375,-10.27822494506836,0.0077253347262740135,40972.1640625,385.0238952636719,-11.531222343444824,0.010205366648733616,559.7302856445312,684,6.290921211242676,5.422642230987549,-23.29306411743164,1555.5078312284966,2255.9417257918194,8.58042611568722,0.33290035330609336,0.044268954545259476,0.043618835508823395,-71.4931869506836,0,6.490548610687256,0.00047515821643173695,35993.9921875,37.74552917480469,8.580426115687214,0.3329003533061043
543.5629272460938,74.08555603027344,-6.838124752044678,0.14801765978336334,548.4739990234375,73.49435424804688,-6.8478899002075195,0.14552171528339386,645.9178466796875,117.90766906738281,-7.025443077087402,0.19824150204658508,37.315311431884766,13,1.5928575992584229,0.9201040863990784,-60.21215057373047,494.97320819437704,2183.6409695627035,8.575197293533032,0.41054591729018336,0.29067662358283997,0.2901114821434021,-35.50386428833008,3,6.032707214355469,0.00044178240932524204,482.891357421875,9.557146072387695,8.575197293533023,0.4105459172901933
1005.3916015625,98.69540405273438,-7.505837917327881,0.10660842061042786,800.23779296875,73.91434478759766,-7.258047580718994,0.10030891001224518,2095.85498046875,233.32337951660156,-8.3034029006958,0.12090015411376953,38.25593185424805,24,1.8442270755767822,1.7009925842285156,0.8895513415336609,486.7845156345256,2183.181846651568,8.57516414312074,0.41114556114315154,0.5307765007019043,0.5302737951278687,10.633072853088379,3,10.609846115112305,0.0007769729709252715,1778.111328125,11.065362930297852,8.57516414312074,0.41114556114315154
856.5487060546875,84.33307647705078,-7.33188009262085,0.10692412406206131,803.6519775390625,74.03347778320312,-7.262670040130615,0.10004374384880066,1112.949462890625,128.58824157714844,-7.6161885261535645,0.12547454237937927,56.91987991333008,20,1.7150171995162964,1.0755947828292847,-56.57951354980469,491.3723927500538,2183.732974383248,8.575204240650754,0.4108095887966321,0.26276007294654846,0.2615196704864502,-44.09614944458008,3,6.680764675140381,0.0004892408614978194,1369.305908203125,10.2901029586792,8.575204240650754,0.4108095887966321
546.2246704101562,77.72110748291016,-6.843428134918213,0.1545245498418808,469.6215515136719,73.44807434082031,-6.679369926452637,0.1698487102985382,477.93035888671875,81.37583923339844,-6.698411464691162,0.1849101185798645,40.456398010253906,13,1.9568361043930054,0.8196684122085571,-78.54593658447266,359.85738574634064,2190.691671209153,8.57572146023809,0.4204398654351028,0.3498855531215668,0.34796062111854553,-75.17291259765625,0,7.570528984069824,0.0005544112646020949,139.23451232910156,11.741016387939453,8.57572146023808,0.4204398654351126
384.2693176269531,67.43160247802734,-6.461589336395264,0.19057133793830872,443.8281555175781,73.4048843383789,-6.618037223815918,0.1796139031648636,519.6515502929688,108.50318908691406,-6.789280414581299,0.22675669193267822,36.173274993896484,9,1.205403208732605,0.7701672911643982,54.30979537963867,170.01596822516584,2185.63678520747,8.57536197757945,0.43434209180726774,0.3996358811855316,0.3990222215652466,27.846332550048828,0,4.611701011657715,0.0003377374086994678,341.87884521484375,7.232419013977051,8.57536197757944,0.4343420918072772
3635.857177734375,62.74863052368164,-8.901516914367676,0.01874248869717121,3148.77587890625,77.8038101196289,-8.745354652404785,0.026834217831492424,3652.2978515625,74.25772857666016,-8.906415939331055,0.02208031713962555,483.2708435058594,23,2.3084285259246826,0.4981425702571869,-36.32957458496094,209.5967871162535,2225.4494798879164,8.57827564705362,0.4314421421879702,0.031083669513463974,0.029474470764398575,-33.61686706542969,3,5.4674272537231445,0.0004004011279903352,2907.1318359375,13.850570678710938,8.57827564705362,0.4314421421879702
1511.769775390625,129.0322723388672,-7.948714256286621,0.0926920548081398,907.3857421875,74.23382568359375,-7.394479751586914,0.0888463705778122,1377.4002685546875,127.61359405517578,-7.847650527954102,0.10061589628458023,56.263763427734375,36,2.8552229404449463,1.3995397090911865,-57.2836799621582,1155.2781931387415,2225.1245264224544,8.57819536227551,0.3621982417500252,0.25123149156570435,0.24996846914291382,-73.38301086425781,2,11.980367660522461,0.0008771844441071153,323.9937438964844,17.131338119506836,8.57819536227551,0.3621982417500252
26055.400390625,216.81764221191406,-11.03974437713623,0.009037050418555737,14262.7431640625,93.64617919921875,-10.385507583618164,0.007130448240786791,25215.8046875,220.18154907226562,-11.004181861877441,0.00948282890021801,587.4730834960938,268,3.521829605102539,2.966684579849243,19.08365249633789,61.484468983722294,2250.4579145900248,8.580115585713575,0.44228762561656215,0.02287384681403637,0.022640705108642578,31.604433059692383,0,5.597000598907471,0.00040989526314660907,25362.330078125,21.130977630615234,8.580115585713575,0.4422876256165622
436.7497863769531,76.30619812011719,-6.600581645965576,0.1897391378879547,174.89186096191406,72.92426300048828,-5.606924057006836,0.45282697677612305,188.43020629882812,76.26570892333984,-5.687876224517822,0.43955034017562866,28.366241455078125,9,1.7257691621780396,0.8311442136764526,-62.60651397705078,1482.2051051810374,2213.4679773896078,8.577320787410928,0.33826675287035074,0.5562515258789062,0.5538488030433655,-88.93781280517578,0,7.155440330505371,0.0005238525336608291,-35.42172622680664,10.354615211486816,8.57732078741092,0.3382667528703617
1028.49853515625,110.85752868652344,-7.530508995056152,0.11705537140369415,383.18585205078125,73.15998077392578,-6.458523750305176,0.2073451727628708,384.81500244140625,123.29582214355469,-6.463129997253418,0.3479574918746948,37.542728424072266,9,1.7444837093353271,0.5891638398170471,-28.51297378540039,1171.183272756916,2210.6690048976425,8.577135780280898,0.36103426617357665,0.37338685989379883,0.3724609911441803,-58.2077522277832,0,6.045367240905762,0.0004426318919286132,75.1239013671875,10.466901779174805,8.57713578028089,0.3610342661735873
5991.34423828125,145.989501953125,-9.44381046295166,0.02646227553486824,3790.17333984375,78.70430755615234,-8.946647644042969,0.02255118079483509,5581.73046875,159.69400024414062,-9.366922378540039,0.031070593744516373,158.39007568359375,99,2.6098098754882812,2.2900516986846924,-37.9288444519043,1623.0804398936848,2237.880612976197,8.579099104782994,0.32795511295802005,0.06491455435752869,0.06437553465366364,-45.206546783447266,0,6.936638355255127,0.0005078036920167506,4730.693359375,15.658859252929688,8.579099104782987,0.3279551129580312
4985.23779296875,69.66429138183594,-9.24421501159668,0.015175890177488327,4146.78759765625,79.39170837402344,-9.044279098510742,0.020791852846741676,5365.42138671875,84.81986236572266,-9.324009895324707,0.01716815121471882,1095.9259033203125,28,2.6471610069274902,0.5548964738845825,-36.78606033325195,191.93986312284756,2238.3801693320606,8.579223684604646,0.43273470373518885,0.0225415900349617,0.021303730085492134,-47.953678131103516,3,4.357120513916016,0.000319088896503672,4230.51611328125,15.882966041564941,8.579223684604637,0.4327347037351984
937.29150390625,89.40392303466797,-7.429686546325684,0.1035885438323021,714.8875122070312,73.82909393310547,-7.135594367980957,0.11215526610612869,657.1552124023438,79.03450775146484,-7.044169902801514,0.1306106597185135,67.43378448486328,22,1.3806711435317993,1.1199769973754883,-58.10756301879883,1390.3334503938247,2223.2856260529693,8.57804567950761,0.34499128486688363,0.14071908593177795,0.14024896919727325,-38.743717193603516,0,4.421920299530029,0.00032374091097153723,624.0833740234375,8.284027099609375,8.578045679507618,0.34499128486687286
7355.18896484375,67.78694152832031,-9.666484832763672,0.010008800774812698,6371.22509765625,82.66349792480469,-9.510557174682617,0.014090312644839287,7512.98583984375,81.69081115722656,-9.689531326293945,0.011808384209871292,1701.595947265625,23,2.243825674057007,0.5192018151283264,-42.32066345214844,204.47532439050346,2228.7568713705846,8.578518168984754,0.4318170705705307,0.009784873574972153,0.009138365276157856,0.6241594552993774,3,2.4353511333465576,0.0001783503103069961,6726.0087890625,13.462953567504883,8.578518168984754,0.4318170705705307
2822.72119140625,160.74156188964844,-8.626669883728027,0.06184292584657669,1371.6444091796875,74.85880279541016,-7.843103885650635,0.0592694915831089,2092.568603515625,152.2347412109375,-8.3016996383667,0.07900669425725937,55.015235900878906,62,2.467203140258789,2.234006643295288,-76.46298217773438,1726.0565710600167,2245.297204101806,8.57963525387256,0.3204184431589389,0.2002708613872528,0.20001910626888275,18.022903442382812,2,10.208449363708496,0.000747287122067064,1259.09375,14.803218841552734,8.579635253872553,0.32041844315894996
1143.3701171875,86.501953125,-7.645467281341553,0.08216160535812378,1017.49072265625,74.33132934570312,-7.518826007843018,0.07933617383241653,1016.6669921875,86.53833770751953,-7.517946720123291,0.09243994206190109,73.84182739257812,25,1.5833622217178345,1.119118332862854,77.72164916992188,153.21318909356543,2231.503422512478,8.57872221604204,0.43557092255870267,0.12671174108982086,0.12636005878448486,46.93622970581055,0,4.962372303009033,0.00036341609666123986,742.1109008789062,9.500173568725586,8.57872221604204,0.4355709225587026
506.7163391113281,82.3858413696289,-6.7619123458862305,0.17657023668289185,231.80804443359375,72.90513610839844,-5.912821292877197,0.34155404567718506,266.72210693359375,93.10379791259766,-6.065147399902344,0.3790864050388336,27.879558563232422,7,1.107767939567566,0.6109664440155029,71.1873550415039,1061.4036555056173,2225.712712939308,8.578244323085283,0.36907078236120827,0.4716412425041199,0.4701944887638092,-6.895411491394043,2,4.888452053070068,0.0003579352342057973,339.3221130371094,6.646607398986816,8.578244323085283,0.36907078236120816
2804.2177734375,97.39199829101562,-8.619529724121094,0.037717368453741074,2460.4130859375,76.70829010009766,-8.477519989013672,0.03385821729898453,2645.558837890625,100.4617919921875,-8.556293487548828,0.04123949259519577,171.70431518554688,41,1.626081943511963,1.2814146280288696,-85.81803894042969,1034.4776494318598,2250.399072790411,8.5800538105937,0.3710413771530318,0.05664033815264702,0.05622083693742752,-56.20432662963867,2,3.6961593627929688,0.00027063576271757483,2583.010009765625,9.756491661071777,8.5800538105937,0.37104137715303187
2654.219482421875,58.328887939453125,-8.559842109680176,0.02386583760380745,2137.677490234375,76.18923950195312,-8.32485580444336,0.03870626538991928,2793.06591796875,67.59099578857422,-8.615202903747559,0.026280732825398445,448.5813903808594,20,2.498960494995117,0.4073772132396698,-44.49505615234375,179.09839229520117,2249.901394207639,8.580068219759177,0.4336746789402272,0.0660707876086235,0.06195920705795288,-44.35200500488281,3,6.016181468963623,0.0004405880463309586,2282.119140625,14.993762969970703,8.580068219759168,0.4336746789402364
4023.1513671875,60.65272521972656,-9.011415481567383,0.016372453421354294,3666.643798828125,78.724609375,-8.910672187805176,0.023316942155361176,4356.05517578125,68.10398864746094,-9.097733497619629,0.016978878527879715,830.6809692382812,21,2.1876986026763916,0.44736072421073914,-41.03181076049805,185.90604781853952,2243.361150894823,8.579588830679224,0.4331763847413824,0.03750627860426903,0.03246386721730232,-39.77184295654297,3,5.897199630737305,0.00043187476694583893,3868.1796875,13.126192092895508,8.579588830679224,0.4331763847413825
716.7272338867188,89.94420623779297,-7.138384819030762,0.13628533482551575,498.353759765625,73.52470397949219,-6.743844509124756,0.16022318601608276,525.9527587890625,85.22502136230469,-6.802366733551025,0.17597468197345734,49.111366271972656,17,1.8203067779541016,0.9690019488334656,27.79796600341797,283.5349890709264,2246.5116506224767,8.579814018004893,0.4260269341016113,0.30050167441368103,0.2992510497570038,23.20545768737793,0,7.271450042724609,0.0005325090023688972,514.2261962890625,10.92184066772461,8.579814018004884,0.4260269341016208
2429.7001953125,61.507083892822266,-8.463881492614746,0.027491742745041847,1917.531494140625,76.0541763305664,-8.206856727600098,0.04307352006435394,2847.326904296875,82.37125396728516,-8.636093139648438,0.031417250633239746,244.7888946533203,22,3.318664312362671,0.43742892146110535,-42.899986267089844,171.50295798274914,2256.6251925554484,8.580561096382299,0.43423065594160265,0.12799233198165894,0.1221219077706337,-41.74196243286133,3,7.198920249938965,0.0005272043053992093,1540.7430419921875,19.911985397338867,8.580561096382299,0.4342306559416026
541.817138671875,85.10054016113281,-6.83463191986084,0.1705726534128189,282.63690185546875,72.99080657958984,-6.128072261810303,0.28045880794525146,268.2405090332031,84.85240936279297,-6.071310997009277,0.3435339331626892,27.23757553100586,11,1.5165374279022217,1.1609057188034058,-64.52989959716797,195.87829246782195,2252.183413440083,8.580234403375396,0.4324458025406071,0.4105243682861328,0.4094209372997284,-87.11338806152344,0,7.934556484222412,0.0005810764851048589,-97.02687072753906,9.099224090576172,8.580234403375396,0.4324458025406071
376.644287109375,63.22837448120117,-6.439828395843506,0.18230998516082764,350.72308349609375,73.30603790283203,-6.362411022186279,0.22698922455310822,320.3424377441406,74.39195251464844,-6.264036178588867,0.252197802066803,39.52522277832031,9,1.2826318740844727,1.0349366664886475,-85.75426483154297,1792.4654591736742,2251.707523171584,8.580100118688645,0.31555831872615936,0.3985864222049713,0.39698293805122375,67.40438842773438,0,6.880890846252441,0.0005036852671764791,131.15858459472656,7.695791244506836,8.580100118688645,0.31555831872615936
435.8871765136719,73.40699005126953,-6.598435401916504,0.1828913390636444,417.00506591796875,73.35994720458984,-6.550353527069092,0.1910502016544342,424.1546630859375,98.773193359375,-6.56881046295166,0.25289759039878845,34.857337951660156,10,1.3468201160430908,0.5765626430511475,-15.416379928588867,818.7610471882331,2249.3429646259306,8.579989775153514,0.3868352113630716,0.355894535779953,0.35364294052124023,-13.292719841003418,0,5.243163585662842,0.0003839310666080564,322.8843078613281,8.080921173095703,8.579989775153514,0.3868352113630716
518.5628051757812,79.44945526123047,-6.787003517150879,0.16638699173927307,477.3130798339844,73.34661102294922,-6.69700813293457,0.16688087582588196,550.3341064453125,87.08635711669922,-6.851565837860107,0.17185157537460327,42.00254440307617,12,2.0067055225372314,0.9369511604309082,77.13706970214844,1865.137766943494,2261.754103903237,8.580830752929232,0.31024000257823797,0.48296985030174255,0.48177987337112427,83.79109954833984,0,7.287637233734131,0.0005334413144737482,-415.0826721191406,12.040233612060547,8.580830752929232,0.31024000257823797
678.2507934570312,88.548583984375,-7.0784759521484375,0.1417820155620575,531.3695068359375,73.57989501953125,-6.813491344451904,0.15038079023361206,587.5956420898438,88.33470153808594,-6.922696590423584,0.1632610559463501,41.66292953491211,16,1.6505287885665894,1.0982956886291504,64.54585266113281,46.85039605795685,2258.611540854736,8.580713577060033,0.44335900031181025,0.27015018463134766,0.26909691095352173,57.13749313354492,1,6.0177812576293945,0.0004407108935993165,816.2032470703125,9.903172492980957,8.580713577060024,0.44335900031181935
2508.952880859375,62.93499755859375,-8.49873161315918,0.027241406962275505,2270.671875,76.45846557617188,-8.390385627746582,0.03656798228621483,2446.79736328125,82.41021728515625,-8.471494674682617,0.03657740354537964,269.4665222167969,23,2.408942699432373,0.6386069059371948,7.492765426635742,144.7715874230581,2259.621342428346,8.580782042707156,0.43618809910131756,0.0469294898211956,0.04465934634208679,10.689851760864258,3,7.412752628326416,0.0005428654258139431,1314.4931640625,14.453656196594238,8.580782042707156,0.43618809910131756
800.1192016601562,94.73409271240234,-7.25788688659668,0.12858237326145172,588.8799438476562,73.53339385986328,-6.925066947937012,0.1356087476015091,672.7652587890625,90.7943115234375,-7.0696587562561035,0.14656318724155426,45.22938919067383,19,1.6537889242172241,1.1941598653793335,26.890594482421875,1171.0036338862913,2265.884136015834,8.581179172287449,0.3610458786376002,0.2821597456932068,0.2810877561569214,19.98667335510254,0,7.601282596588135,0.0005565472529269755,405.1404113769531,9.922733306884766,8.581179172287449,0.3610458786376001
1054.5855712890625,109.25455474853516,-7.557704448699951,0.11250907182693481,639.4922485351562,73.58946228027344,-7.014588356018066,0.12497127056121826,769.7491455078125,104.8577651977539,-7.2158732414245605,0.14793850481510162,42.877586364746094,18,2.2823855876922607,1.188336730003357,13.783313751220703,1232.14822021462,2266.70399589476,8.581235303651823,0.3565696763490355,0.2778792977333069,0.2768629789352417,40.26023864746094,2,9.861982345581055,0.0007220555562525988,-95.69264221191406,13.694313049316406,8.581235303651823,0.3565696763490355
754.4171752929688,85.20841979980469,-7.194028854370117,0.12265937775373459,602.0528564453125,73.66943359375,-6.949086666107178,0.13288700580596924,649.0464477539062,82.9091567993164,-7.030689239501953,0.13872557878494263,42.1361083984375,18,1.63883638381958,1.00408935546875,-35.041282653808594,1682.812905502185,2263.057308807385,8.58093861710674,0.32358281555182666,0.23297329246997833,0.2322855442762375,-10.491841316223145,0,7.668872356414795,0.0005613910616375506,341.1141357421875,9.83301830291748,8.580938617106748,0.3235828155518156
1469.7952880859375,127.23467254638672,-7.918142318725586,0.09401094913482666,799.0342407226562,73.88394927978516,-7.256413459777832,0.10041868686676025,938.5772705078125,131.24951171875,-7.431175231933594,0.1518649309873581,44.998260498046875,35,2.1176862716674805,1.986552119255066,-88.1364974975586,293.95016109142665,2271.438361124265,8.581639009924148,0.4252633807670711,0.2615012228488922,0.26050323247909546,79.43781280517578,0,11.217011451721191,0.0008214481640607119,508.4080505371094,12.706117630004883,8.581639009924148,0.42526338076707104
163358.984375,277.31988525390625,-13.032857894897461,0.0018436047248542309,138498.46875,198.27047729492188,-12.853611946105957,0.0015546868089586496,158531.109375,238.14559936523438,-13.000286102294922,0.0016313903033733368,8686.8505859375,301,2.1409871578216553,2.076557159423828,-45.21834182739258,214.54929324815797,2306.5648816882117,8.584216160280242,0.43107662053059737,0.0031458500307053328,0.0030798339284956455,-65.1429214477539,0,3.5722646713256836,0.00026160632842220366,163086.28125,12.845922470092773,8.584216160280235,0.4310766205306067
3000.7509765625,73.77338409423828,-8.693075180053711,0.026699282228946686,1773.1766357421875,75.68195343017578,-8.121879577636719,0.04635217785835266,3038.906005859375,89.95037841796875,-8.706792831420898,0.03214515745639801,188.73667907714844,31,3.851534843444824,0.5030055046081543,6.528442859649658,156.83052265366715,2261.504436941077,8.580919278713745,0.4353049501471598,0.13999179005622864,0.1348055750131607,7.011251449584961,19,8.326406478881836,0.0006097748992033303,1024.88134765625,23.109209060668945,8.580919278713745,0.4353049501471598
1718.697021484375,45.201988220214844,-8.087998390197754,0.028561962768435478,1773.7730712890625,75.54417419433594,-8.122244834899902,0.046252235770225525,1818.5009765625,58.1781120300293,-8.149283409118652,0.03474368900060654,316.072265625,12,1.7380696535110474,0.39056432247161865,-16.791400909423828,165.51950865059354,2260.4897637691247,8.580844473500939,0.43466868848730283,0.05759376659989357,0.05284249410033226,-20.786108016967773,3,4.895888805389404,0.00035854452289640903,1679.2650146484375,10.428418159484863,8.580844473500946,0.43466868848729345
628.1651611328125,78.201171875,-6.995184421539307,0.1351976841688156,548.4810180664062,73.75086975097656,-6.847904205322266,0.14602772891521454,539.4850463867188,79.51371002197266,-6.829948425292969,0.16006354987621307,38.839454650878906,15,1.6921979188919067,0.9068730473518372,40.63528060913086,566.6035552588962,2268.051004978798,8.58137500490931,0.4052979902651706,0.2766384482383728,0.2755284309387207,42.96503829956055,0,7.403608798980713,0.0005421584355644882,57.640098571777344,10.15318775177002,8.58137500490931,0.40529799026517066
460.9909973144531,77.63123321533203,-6.659231185913086,0.18288321793079376,271.9273986816406,73.08768463134766,-6.086132526397705,0.2918912470340729,312.849365234375,79.82237243652344,-6.238337993621826,0.2770889401435852,28.04411506652832,10,1.4477763175964355,1.0781878232955933,-51.610313415527344,1936.9117290426038,2273.5777895833785,8.58169150311076,0.3049876713694506,0.44768527150154114,0.4471983015537262,-85.83383178710938,0,7.467511177062988,0.0005465885042212903,177.65721130371094,8.686657905578613,8.58169150311076,0.3049876713694506
3593.45849609375,126.6775894165039,-8.888781547546387,0.03828397020697594,2630.908935546875,76.8992691040039,-8.550264358520508,0.031742874532938004,3364.765380859375,146.6115264892578,-8.817386627197266,0.04731982946395874,128.86944580078125,67,2.385302782058716,1.8095133304595947,12.869245529174805,1990.3494048768364,2284.4797466004907,8.582485988061661,0.3010773121475646,0.08123858273029327,0.08070926368236542,26.881404876708984,3,6.233310699462891,0.00045623796177096665,3393.911865234375,14.311817169189453,8.582485988061666,0.30107731214755346
675.2903442382812,78.0974349975586,-7.073726177215576,0.1255960762500763,619.4812622070312,73.58454132080078,-6.9800705909729,0.12899956107139587,651.6618041992188,77.0088882446289,-7.035055637359619,0.12833596765995026,44.35320281982422,16,1.3691654205322266,1.051586627960205,73.09014892578125,901.3215219447953,2275.4817085137606,8.58189891731613,0.38078956946239695,0.20480117201805115,0.20442067086696625,-64.92919158935547,3,7.169110298156738,0.0005249447422102094,586.2284545898438,8.21499252319336,8.58189891731613,0.38078956946239695
1156.1944580078125,90.93109130859375,-7.657577037811279,0.08541051298379898,942.4053955078125,74.23529815673828,-7.43559455871582,0.08554654568433762,1078.43701171875,93.61094665527344,-7.581986904144287,0.09426743537187576,61.970523834228516,26,1.717275857925415,1.2259371280670166,46.426815032958984,1072.260994679232,2282.48116757289,8.582400820007635,0.36827428744117,0.1527247279882431,0.15210086107254028,-30.81583595275879,0,7.164465427398682,0.0005245787324383855,608.8727416992188,10.303655624389648,8.582400820007628,0.36827428744118046
380.8847961425781,58.115726470947266,-6.45198392868042,0.16570280492305756,429.4381408691406,73.2376708984375,-6.58225154876709,0.1852097064256668,469.5343322753906,80.06334686279297,-6.679168224334717,0.1851809024810791,48.27646255493164,9,1.5197359323501587,0.8205453753471375,88.22832489013672,902.8369916646652,2274.6154947956747,8.581835389311633,0.38067863826482395,0.3334530293941498,0.3315682113170624,64.81299591064453,3,5.551297187805176,0.000406483217375353,364.14105224609375,9.118415832519531,8.581835389311626,0.38067863826483433
1383.2559814453125,115.29551696777344,-7.8522562980651855,0.09051898866891861,989.7623901367188,74.3419189453125,-7.488827228546143,0.08157040923833847,1214.5164794921875,116.71500396728516,-7.711008548736572,0.10436457395553589,49.49268341064453,33,2.00258731842041,1.6529725790023804,8.349417686462402,65.05255096012208,2283.458557896871,8.582532355637223,0.4420251294415114,0.21947938203811646,0.21890752017498016,10.034297943115234,0,8.65457534790039,0.000633811519946903,934.3539428710938,12.015523910522461,8.582532355637223,0.4420251294415115
800.4205322265625,94.85182189941406,-7.25829553604126,0.12869369983673096,513.8947143554688,73.52214813232422,-6.777185440063477,0.15537239611148834,514.5235595703125,93.990234375,-6.778512954711914,0.19838429987430573,39.8101921081543,19,1.8350489139556885,1.174353003501892,-16.572532653808594,397.1960575360495,2279.171734524108,8.582199405357887,0.41770262588342627,0.27710288763046265,0.2753583490848541,-12.154230117797852,0,8.78486442565918,0.0006433248054236174,139.91883850097656,11.010293960571289,8.582199405357878,0.417702625883436
570.1397705078125,84.34587097167969,-6.889953136444092,0.16066168248653412,359.9597473144531,73.26427459716797,-6.390635013580322,0.2210386097431183,374.7928466796875,75.18286895751953,-6.434478282928467,0.21784992516040802,39.76767349243164,13,1.9938292503356934,0.7074006199836731,-47.315555572509766,936.4425724158385,2283.1521337065606,8.582458458576891,0.3782179368150144,0.32567501068115234,0.32371795177459717,-67.03731536865234,0,7.09492301940918,0.0005195068079046905,-228.70472717285156,11.96297550201416,8.582458458576891,0.37821793681501437
1310.4488525390625,81.77925872802734,-7.79355001449585,0.06777241080999374,1483.942138671875,75.04302215576172,-7.928542613983154,0.05491906777024269,1584.173095703125,106.30301666259766,-7.99950647354126,0.0728740319609642,90.93389129638672,26,1.6487555503845215,1.2153141498565674,0.7115131616592407,1986.123962098881,2281.909008401628,8.582298060389448,0.30138654453764807,0.11486686766147614,0.11430121958255768,27.83725929260254,3,4.979938507080078,0.0003645002143457532,1909.134033203125,9.892533302307129,8.582298060389448,0.301386544537648
1110.603759765625,96.65682983398438,-7.613897800445557,0.09451553970575333,921.4174194335938,74.22879791259766,-7.4111409187316895,0.08748746663331985,1035.6212158203125,93.55469512939453,-7.5380024909973145,0.09810575097799301,60.94736099243164,26,1.641829490661621,1.2565726041793823,-84.81632232666016,731.1987344030462,2288.258343212418,8.582845000005673,0.39324529481409676,0.1768132895231247,0.1766025871038437,3.834416627883911,0,6.362905979156494,0.00046593035222031176,826.5696411132812,9.850976943969727,8.582845000005673,0.3932452948140968
20085.48828125,287.2271423339844,-10.757205963134766,0.015530051663517952,5427.57470703125,81.32524871826172,-9.336514472961426,0.016272319480776787,17881.865234375,292.2135314941406,-10.63103199005127,0.017746688798069954,186.0343780517578,346,6.052009105682373,3.309309720993042,-83.79125213623047,962.5659809376236,2347.288583140138,8.587153559766794,0.3763034829424543,0.07407810539007187,0.07290449738502502,-88.2451171875,0,14.79193115234375,0.001083077397197485,12570.2646484375,36.31205368041992,8.587153559766794,0.37630348294245425
442.7459716796875,74.78688049316406,-6.615386486053467,0.18344278633594513,215.1227569580078,73.04953002929688,-5.831716060638428,0.36877453327178955,259.83575439453125,84.21967315673828,-6.036747455596924,0.35200145840644836,32.610511779785156,10,1.4563783407211304,0.8064571022987366,80.53988647460938,348.0107457718091,2285.9626314301404,8.582699609619342,0.42130411788412686,0.30655544996261597,0.30521926283836365,-56.820655822753906,0,6.467960834503174,0.0004736586706712842,206.9569854736328,8.738269805908203,8.582699609619342,0.4213041178841268
9245.21484375,173.4759063720703,-9.91479206085205,0.020377550274133682,5252.62060546875,80.90486145019531,-9.30094051361084,0.016727399080991745,8908.9453125,182.90521240234375,-9.874566078186035,0.022296136245131493,199.3246307373047,145,3.517082929611206,2.173614740371704,-14.66981315612793,1769.0787598756099,2306.5078356109398,8.584114255720163,0.31726851840645426,0.05556684732437134,0.05475747957825661,-15.195155143737793,0,7.031252861022949,0.0005146915791556239,7763.34033203125,21.102497100830078,8.584114255720156,0.3172685184064651
1177.470458984375,114.43528747558594,-7.677374839782715,0.1055455133318901,715.3350830078125,73.77297973632812,-7.1362738609313965,0.11199989914894104,767.8343505859375,92.6375732421875,-7.213168621063232,0.1310235857963562,43.42005920410156,23,1.787013292312622,1.182049036026001,-39.84272384643555,441.4525995006032,2300.1322869557252,8.583731890195272,0.41446116559951257,0.24431893229484558,0.24360136687755585,-19.428558349609375,2,8.696915626525879,0.0006368765607476234,339.37908935546875,10.72208023071289,8.583731890195264,0.4144611655995221
5628.71728515625,149.74270629882812,-9.376023292541504,0.02889123186469078,3539.433837890625,78.36519622802734,-8.872334480285645,0.024044694378972054,5036.05078125,161.88662719726562,-9.25522518157959,0.03491006791591644,128.56700134277344,99,2.907268762588501,2.1435539722442627,-85.09893035888672,487.6235144860614,2321.9598574205115,8.585327716408113,0.41107954845193495,0.07416586577892303,0.07356183975934982,-81.25189971923828,0,8.137194633483887,0.000595880497712642,4433.92822265625,17.443613052368164,8.585327716408104,0.41107954845194467
495.32635498046875,79.78961181640625,-6.7372283935546875,0.17493823170661926,194.5238037109375,72.95735931396484,-5.7224321365356445,0.40731102228164673,246.15643310546875,79.05883026123047,-5.978027820587158,0.34879401326179504,27.330190658569336,11,1.7503602504730225,0.8952089548110962,-7.456784725189209,1329.716762315046,2289.551126238436,8.582902034949175,0.34942671396591796,0.567424476146698,0.5658108592033386,-18.645057678222656,0,7.481888294219971,0.0005477740778587759,-221.39871215820312,10.502161026000977,8.582902034949168,0.34942671396592856
3379.749267578125,61.30690002441406,-8.822211265563965,0.019699476659297943,2220.0126953125,76.37696075439453,-8.365888595581055,0.03736256808042526,3186.434326171875,82.87588500976562,-8.758262634277344,0.028245745226740837,491.3507995605469,22,3.849705934524536,0.4090306758880615,66.16835021972656,1193.8013774788024,2306.103495801599,8.584122912677442,0.3593758262249563,0.07651426643133163,0.07089166343212128,66.80342102050781,3,7.5004353523254395,0.000549154938198626,957.9847412109375,23.098236083984375,8.584122912677435,0.3593758262249669
14075.22265625,131.0940399169922,-10.371138572692871,0.010114804841578007,12106.271484375,90.88623046875,-10.207526206970215,0.008153000846505165,13752.662109375,130.0591583251953,-10.345967292785645,0.010270320810377598,816.3117065429688,101,1.889841079711914,1.7908422946929932,54.68294906616211,65.48805049762927,2313.083732558401,8.584702059739271,0.44199216589880214,0.015280093997716904,0.015150634571909904,-65.00822448730469,0,3.522832155227661,0.0002579903812147677,13813.6923828125,11.339046478271484,8.58470205973928,0.44199216589879314
10499.24609375,124.8211669921875,-10.052895545959473,0.012911002151668072,9007.6923828125,86.54457092285156,-9.886533737182617,0.010434126481413841,10112.2646484375,125.73932647705078,-10.012121200561523,0.013503692112863064,589.0458984375,91,1.9030511379241943,1.7546359300613403,-24.32464599609375,1997.3123290331057,2317.4158256902033,8.584896997506101,0.3005671292215968,0.01887253113090992,0.018769092857837677,-50.789878845214844,0,3.520143747329712,0.0002576491970103234,10527.1416015625,11.418306350708008,8.584896997506101,0.3005671292215968
576.8452758789062,85.47441864013672,-6.902648448944092,0.16091874241828918,428.27777099609375,73.40742492675781,-6.5793137550354,0.1861419528722763,444.05780029296875,76.67671203613281,-6.618598937988281,0.18752267956733704,33.69017028808594,13,1.9826411008834839,0.7107619643211365,83.70677185058594,1649.0389870184604,2302.319927812226,8.583815807558858,0.3260536862640547,0.3740242123603821,0.37176746129989624,83.73760986328125,0,7.091747283935547,0.0005191463860683143,-183.96200561523438,11.895846366882324,8.583815807558858,0.32605368626405457
5710.36181640625,59.88496780395508,-9.391658782958984,0.011388958431780338,5574.15771484375,81.4693374633789,-9.365447998046875,0.015872478485107422,5671.71875,62.550506591796875,-9.384286880493164,0.011976942420005798,1055.75341796875,18,0.8929398059844971,0.7374910712242126,82.82101440429688,1835.7993264672125,2298.7529034994914,8.58354183388279,0.3123860825427729,0.011990216560661793,0.011443509720265865,86.70439147949219,0,2.0863306522369385,0.00015271632582880557,5491.939453125,5.357638835906982,8.58354183388279,0.3123860825427729
1170.7928466796875,110.30591583251953,-7.671200275421143,0.10231718420982361,761.965576171875,73.93583679199219,-7.204838275909424,0.10537788271903992,826.72216796875,100.84577178955078,-7.293398857116699,0.1324731707572937,54.26502227783203,28,2.0582823753356934,1.2036876678466797,-7.626793384552002,1227.3320313112183,2302.7786149798403,8.583877280316294,0.35692127473974494,0.23995210230350494,0.2386244386434555,-5.041568279266357,0,8.824605941772461,0.0006460992735810578,301.08453369140625,12.34969425201416,8.583877280316294,0.35692127473974483
2269.32763671875,56.96047592163086,-8.389742851257324,0.027258768677711487,2117.951416015625,76.26752471923828,-8.314789772033691,0.039106909185647964,2227.904052734375,70.38554382324219,-8.369741439819336,0.034309692680835724,278.33404541015625,19,2.1138768196105957,0.49761056900024414,64.38236999511719,1198.8413095486728,2317.4964801802025,8.584956869565078,0.35900656461240443,0.060848936438560486,0.05691191181540489,63.871910095214844,3,6.116787910461426,0.0004478475311771035,1623.3846435546875,12.683260917663574,8.584956869565085,0.35900656461239383
82323.578125,443.3199768066406,-12.288810729980469,0.005848208907991648,26783.48828125,108.87008666992188,-11.06966781616211,0.004414395894855261,79100.8671875,436.17291259765625,-12.245452880859375,0.005988351535052061,1098.75146484375,1042,8.077330589294434,5.240850448608398,-69.17771911621094,1621.617523232756,2439.816636111765,8.593885311240557,0.32805743022412787,0.021927691996097565,0.02145153097808361,-74.73450469970703,3,6.4262847900390625,0.0004704234888777137,82912.1015625,48.46398162841797,8.593885311240557,0.32805743022412787
7911.7060546875,148.00259399414062,-9.745675086975098,0.020315570756793022,5479.431640625,81.40361785888672,-9.34683895111084,0.016133850440382957,7671.45263671875,152.94854736328125,-9.712194442749023,0.02165197767317295,264.06719970703125,112,2.7620034217834473,1.960562825202942,77.56837463378906,1595.032984086467,2340.120606848832,8.586587316844803,0.3300054185793034,0.042024314403533936,0.04125721752643585,86.24779510498047,0,5.0806803703308105,0.0003719329251907766,6338.4111328125,16.572021484375,8.586587316844803,0.3300054185793033
396.0064392089844,70.45378112792969,-6.494255542755127,0.19321101903915405,114.2680435180664,72.85079193115234,-5.144812107086182,0.692371666431427,65.85611724853516,73.25757598876953,-4.54649019241333,1.208053708076477,27.866579055786133,9,1.309246301651001,0.9713300466537476,81.44197845458984,100.15195258420852,2315.8713147106955,8.584904261422222,0.43945360702844344,0.32673195004463196,0.32511621713638306,-0.3592763841152191,0,6.7333455085754395,0.0004931064904667437,91.69938659667969,7.855477809906006,8.584904261422222,0.43945360702844355
1715.412109375,130.31103515625,-8.085921287536621,0.08249783515930176,996.5643920898438,74.24020385742188,-7.49626350402832,0.0809028148651123,1282.8343505859375,99.83634185791016,-7.770426273345947,0.08451774716377258,52.77238082885742,21,1.7247135639190674,1.3726847171783447,-3.5504894256591797,1984.0260674119609,2325.5144980512896,8.585490900215216,0.3015391105810857,0.211769238114357,0.2095809131860733,44.98634338378906,2,6.674068450927734,0.0004884959198534489,1405.553955078125,10.348281860351562,8.58549090021521,0.30153911058109684
1621.8798828125,54.71451187133789,-8.025046348571777,0.03663647547364235,1445.4471435546875,75.20346069335938,-7.900005340576172,0.05650221183896065,1488.1617431640625,69.83645629882812,-7.9316253662109375,0.050963807851076126,205.4315643310547,17,2.104074716567993,0.539718508720398,63.12806701660156,1201.6605090640323,2323.8417586648234,8.58542133588159,0.3588000119120891,0.07024690508842468,0.0661047101020813,64.39595794677734,3,6.358658313751221,0.00046555520384572446,1015.9890747070312,12.624448776245117,8.58542133588159,0.35880001191208905
3554.5078125,167.21234130859375,-8.876948356628418,0.05108797550201416,1581.861328125,75.2311782836914,-7.997920989990234,0.051648687571287155,2998.970458984375,163.891357421875,-8.69243049621582,0.05934903770685196,59.056922912597656,82,3.983144998550415,1.6371328830718994,-1.8668649196624756,399.7643663206578,2327.0927490803574,8.585708811313449,0.4175129608557842,0.18252572417259216,0.1804053783416748,0.825833261013031,16,15.314570426940918,0.0011214901460334659,1063.13427734375,23.89887046813965,8.585708811313449,0.41751296085578415
785.8345947265625,98.6872329711914,-7.238327980041504,0.1363828182220459,481.1883544921875,73.35311126708984,-6.705787658691406,0.1655515432357788,462.5782775878906,85.133544921875,-6.662962913513184,0.19986893236637115,34.3583984375,18,1.6652392148971558,1.0727406740188599,36.38439178466797,1076.9032366132426,2326.3860071471286,8.585615642547578,0.3679332010764032,0.2354658544063568,0.2348221093416214,52.36940002441406,0,7.054253101348877,0.0005165036418475211,98.41608428955078,9.991435050964355,8.585615642547586,0.36793320107639277
9482.33984375,264.1798400878906,-9.942288398742676,0.030256172642111778,2405.074951171875,76.61954498291016,-8.452821731567383,0.034597184509038925,7623.40869140625,283.82763671875,-9.70537281036377,0.04043293744325638,100.5077896118164,205,5.958262920379639,2.8774592876434326,85.20936584472656,1601.5599149301056,2419.9680596836943,8.59243338970048,0.3295258623480615,0.14365766942501068,0.14180254936218262,77.35157012939453,3,20.291229248046875,0.0014853972243145108,7615.154296875,35.749576568603516,8.59243338970048,0.3295258623480615
14493.8984375,174.89578247070312,-10.402962684631348,0.013104605488479137,9355.576171875,87.0615005493164,-9.9276762008667,0.010106143541634083,13826.2548828125,179.29200744628906,-10.351761817932129,0.014082708396017551,421.1130065917969,169,3.0970287322998047,2.299145460128784,51.13468551635742,1672.2578436575259,2354.5451633308912,8.58763823368709,0.3243531502907407,0.028491297736763954,0.027850855141878128,62.02206039428711,0,5.637825965881348,0.0004127047723159194,13101.677734375,18.582172393798828,8.58763823368709,0.3243531502907406
14251.3818359375,182.26568603515625,-10.384642601013184,0.01388921681791544,8658.1826171875,86.09535217285156,-9.84356689453125,0.010798981413245201,13347.240234375,185.01614379882812,-10.313478469848633,0.015053863637149334,371.79327392578125,168,3.3584070205688477,2.2778117656707764,60.530887603759766,624.6142724779926,2365.61062125705,8.588516208048976,0.4010471764073626,0.0320684090256691,0.030878454446792603,65.89511108398438,0,6.279881477355957,0.0004598541127052158,12731.642578125,20.150442123413086,8.588516208048976,0.4010471764073626
20681.13671875,212.8044891357422,-10.788935661315918,0.011174708604812622,11158.6708984375,89.71215057373047,-10.119030952453613,0.008731093257665634,19617.66796875,217.2745361328125,-10.731618881225586,0.012027940712869167,457.60638427734375,248,3.398916006088257,3.0891263484954834,-66.28974151611328,421.6965893468457,2386.1367670865366,8.590031599320529,0.4159050095460873,0.028293894603848457,0.02810714580118656,-6.193866729736328,0,5.641268730163574,0.00041310483356937766,18898.701171875,20.393495559692383,8.590031599320513,0.41590500954610626
834.8920288085938,102.20548248291016,-7.304075717926025,0.13294552266597748,450.0873107910156,73.35818481445312,-6.633242130279541,0.177003413438797,781.8865356445312,181.1620635986328,-7.232859134674072,0.25162473320961,44.08476257324219,11,1.9284390211105347,0.9746859073638916,-68.71302795410156,1642.4541082965181,2341.550131216059,8.586688762975077,0.3265346933066014,0.47205615043640137,0.4710130989551544,-39.83113479614258,3,8.200526237487793,0.0006003110902383924,984.1305541992188,11.570633888244629,8.586688762975085,0.3265346933065905
521.7857666015625,83.1397933959961,-6.793730735778809,0.1730400174856186,284.8009338378906,73.05191802978516,-6.136353492736816,0.2785608172416687,310.1064147949219,73.66636657714844,-6.228776931762695,0.2579813599586487,27.127275466918945,11,1.303777813911438,1.0295369625091553,-39.88425064086914,430.402866636821,2334.833481162896,8.586273903359768,0.41526915580186863,0.3694598376750946,0.3688834607601166,77.1374740600586,0,6.919660568237305,0.0005067251622676849,228.9259796142578,7.822667121887207,8.586273903359768,0.41526915580186863
3756.46044921875,133.30133056640625,-8.936946868896484,0.03853767365217209,2618.787353515625,76.82528686523438,-8.54525089263916,0.03185911849141121,3318.119384765625,136.5681610107422,-8.802229881286621,0.04469791799783707,119.09991455078125,72,2.5741348266601562,1.7028639316558838,-80.55139923095703,2035.399898048949,2359.8103117627397,8.587998255923853,0.2977794444837884,0.0854056254029274,0.08390311151742935,-70.59004974365234,17,6.541039943695068,0.0004787442449014634,267.9012756347656,15.444808959960938,8.587998255923859,0.2977794444837772
510.088623046875,77.16511535644531,-6.769114017486572,0.1642877608537674,366.5114440917969,73.2752685546875,-6.410218715667725,0.21711993217468262,326.8255920410156,87.37266540527344,-6.285789966583252,0.2903282940387726,32.24265670776367,12,1.2586396932601929,1.036128282546997,-12.565199851989746,611.4323096072607,2337.1150399844396,8.586430188219454,0.40201327871421627,0.2640434801578522,0.26355254650115967,55.182003021240234,0,6.819514274597168,0.0004993739421479404,412.1685485839844,7.551837921142578,8.586430188219445,0.40201327871422615
763.5943603515625,101.1373062133789,-7.207156658172607,0.14383961260318756,396.4570617675781,73.26824188232422,-6.495490550994873,0.20070095360279083,524.7053833007812,119.54939270019531,-6.799788951873779,0.2474353164434433,25.636886596679688,11,1.8720506429672241,0.7354940176010132,59.212528228759766,1969.0648194664461,2355.651176723215,8.587698477201872,0.30263319686932094,0.4812227785587311,0.4796050190925598,38.579193115234375,2,7.009178161621094,0.000513023987878114,448.0462646484375,11.232303619384766,8.58769847720186,0.30263319686934315
469.20172119140625,74.4072494506836,-6.678399085998535,0.17222075164318085,352.0793151855469,73.25104522705078,-6.366601467132568,0.22594521939754486,333.131103515625,94.86506652832031,-6.306538105010986,0.30925801396369934,35.425697326660156,11,1.9736262559890747,1.1153614521026611,65.36356353759766,1552.2974072431684,2350.069115636563,8.587318663223451,0.3331330313863761,0.5135273337364197,0.512829601764679,33.60537338256836,0,8.87936019897461,0.000650026137009263,-530.6021118164062,11.841757774353027,8.587318663223451,0.33313303138637607
377.0228271484375,63.71011734008789,-6.440918922424316,0.1835145801305771,405.7943420410156,73.2839126586914,-6.5207648277282715,0.19612477719783783,338.32891845703125,62.96757507324219,-6.323347568511963,0.20211924612522125,47.41587829589844,9,1.4211944341659546,0.6532798409461975,76.58972930908203,1350.9463528203996,2346.560709304279,8.587075214134627,0.3478712195559538,0.3056039810180664,0.30311909317970276,84.09283447265625,1,5.741583347320557,0.0004203523858450353,-13.3053560256958,8.527166366577148,8.58707521413462,0.3478712195559645
714.72314453125,95.48401641845703,-7.135344505310059,0.14508505165576935,465.8890686035156,73.29883575439453,-6.670706272125244,0.17086157202720642,531.6905517578125,172.07797241210938,-6.814147472381592,0.35147640109062195,33.902748107910156,16,2.148771286010742,1.0675582885742188,-0.9352192282676697,1638.8732194758122,2346.130427114286,8.587024383055905,0.3267966633452948,0.359336256980896,0.3586733937263489,9.478063583374023,3,9.06541633605957,0.0006636242032982409,1008.34326171875,12.892627716064453,8.587024383055898,0.3267966633453054
380.2020568847656,65.8270034790039,-6.45003604888916,0.18802666664123535,470.629150390625,73.39260864257812,-6.681696891784668,0.1693570613861084,682.9520874023438,108.20437622070312,-7.085975646972656,0.17206178605556488,49.243648529052734,9,1.4362025260925293,0.6524304151535034,6.837844371795654,1640.8585058224992,2343.9435458540142,8.586864121069292,0.32665141580981233,0.3923976719379425,0.390373170375824,-3.644531726837158,3,5.768464088439941,0.00042227411177009344,1191.8035888671875,8.617215156555176,8.586864121069299,0.32665141580980134
3532.29443359375,60.12938690185547,-8.870141983032227,0.018486713990569115,3001.1171875,77.48892211914062,-8.693207740783691,0.028040548786520958,5054.98388671875,114.90399932861328,-9.259299278259277,0.024685686454176903,383.6604309082031,21,2.7000298500061035,0.46189799904823303,62.937042236328125,847.0175629123902,2379.115278589735,8.58949147200233,0.3847624835000771,0.07680106908082962,0.07163262367248535,63.60698699951172,3,6.667256832122803,0.00048819385119713843,4774.79052734375,16.200180053710938,8.589491472002322,0.3847624835000871
35494.72265625,107.69395446777344,-11.375409126281738,0.0032950148452073336,34072.6015625,116.83025360107422,-11.331012725830078,0.003723744535818696,33107.0234375,97.49344635009766,-11.299799919128418,0.0031980490311980247,13000.884765625,15,0.5750473737716675,0.56846022605896,3.483384370803833,1715.75189100083,2357.962778871879,8.5878854786891,0.3211699584073854,0.003048206912353635,0.0022814618423581123,1.15278160572052,2,1.1989126205444336,8.77621496329084e-05,33471.40234375,3.450284242630005,8.5878854786891,0.32116995840738544
3661.453125,105.41515350341797,-8.909133911132812,0.03126651048660278,3037.643310546875,77.54685974121094,-8.706341743469238,0.027724087238311768,3506.49560546875,117.3301010131836,-8.862183570861816,0.03633841499686241,207.91549682617188,55,1.8608551025390625,1.7100838422775269,-78.94322967529297,1742.0327109778866,2374.346726010468,8.589083286648327,0.3192462739834934,0.05204113945364952,0.05194903910160065,89.38894653320312,0,5.003173351287842,0.0003662342205643654,3212.438232421875,11.165130615234375,8.58908328664832,0.31924627398350436
391.658447265625,69.48954010009766,-6.482268810272217,0.19268228113651276,257.82208251953125,73.0064926147461,-6.0283002853393555,0.30751848220825195,205.74871826171875,70.5792236328125,-5.7833428382873535,0.37253713607788086,28.989473342895508,9,1.4202162027359009,0.8442516922950745,-3.5601887702941895,718.172600551833,2357.6185625596295,8.58792522318907,0.3941969604028371,0.5020750164985657,0.5012908577919006,-87.2496566772461,0,6.535902500152588,0.00047859273036010563,-34.87403106689453,8.521297454833984,8.58792522318907,0.3941969604028371
836.2033081054688,104.77796936035156,-7.305779933929443,0.13607800006866455,428.335205078125,73.20716094970703,-6.579459190368652,0.18560926616191864,536.8934936523438,108.03828430175781,-6.82472038269043,0.2185341715812683,39.34966278076172,18,2.4094130992889404,1.1962065696716309,-82.1697006225586,78.28157261563797,2371.086291003564,8.58894934352995,0.4410532135143218,0.4467597007751465,0.4463549852371216,-66.77742004394531,0,9.113812446594238,0.0006674297037534416,454.0776672363281,14.456478118896484,8.58894934352995,0.44105321351432175
386.9781799316406,68.27013397216797,-6.469216346740723,0.1915905624628067,205.43333435058594,72.918212890625,-5.78167724609375,0.3854738771915436,214.10055541992188,72.78883361816406,-5.826544284820557,0.3692128360271454,31.838043212890625,9,1.526877999305725,0.8509520888328552,45.06293487548828,420.14796808747377,2362.304717431405,8.588286364920503,0.4160191844123761,0.36703163385391235,0.3646886348724365,-3.0878665447235107,0,6.806786060333252,0.0004984572296962142,-180.90660095214844,9.16126823425293,8.588286364920503,0.4160191844123761
437.9873046875,73.8563461303711,-6.603653907775879,0.18312858045101166,412.8391418457031,73.26709747314453,-6.539452075958252,0.19273382425308228,346.7445983886719,80.52861022949219,-6.350024223327637,0.2522146701812744,36.054874420166016,10,1.5867602825164795,1.0164763927459717,39.9935302734375,393.0940510623355,2363.071032927456,8.588344085468956,0.41800021936513376,0.3655329644680023,0.3635479807853699,48.800506591796875,0,7.591797828674316,0.0005559457931667566,-75.78760528564453,9.520561218261719,8.588344085468947,0.4180002193651433
2511.4765625,47.753684997558594,-8.499822616577148,0.02064940705895424,2756.084228515625,77.18075561523438,-8.600730895996094,0.03041209653019905,4648.93359375,79.27069091796875,-9.168383598327637,0.018517788499593735,483.5053405761719,13,1.6180107593536377,0.4325602352619171,64.11985778808594,842.6948607340306,2370.5466194621645,8.588864257884936,0.38507922694505914,0.032160911709070206,0.01437321212142706,71.7061996459961,3,4.953847408294678,0.00036273448495194316,4088.730712890625,9.708065032958984,8.588864257884936,0.38507922694505914
418.1872863769531,74.1007080078125,-6.553427219390869,0.19243380427360535,310.757080078125,73.29624938964844,-6.231052398681641,0.25614774227142334,190.64515686035156,66.73197174072266,-5.700564384460449,0.38013511896133423,26.25963592529297,9,1.6018989086151123,0.703794002532959,-65.43909454345703,1163.3825432775495,2373.2875718108367,8.589044578718196,0.36160089251961813,0.3385196328163147,0.3364422023296356,-67.82736206054688,0,6.3353729248046875,0.0004638512327801436,-49.15819549560547,9.611392974853516,8.589044578718196,0.3616008925196183
17353.39453125,221.45095825195312,-10.598461151123047,0.013858714140951633,8291.02734375,85.56941986083984,-9.796521186828613,0.011208307929337025,16505.712890625,226.88925170898438,-10.544085502624512,0.014928269200026989,341.2874755859375,249,4.351942539215088,2.6984612941741943,-34.635921478271484,808.5148319533828,2414.986503684237,8.592120722216285,0.3875805055046835,0.040972962975502014,0.04005758464336395,-29.418437957763672,0,6.709980010986328,0.0004913228913210332,14933.2998046875,26.111656188964844,8.592120722216293,0.38758050550467343
3522.683837890625,66.50365447998047,-8.86718463897705,0.020502256229519844,2526.810302734375,76.81464385986328,-8.506431579589844,0.03301423415541649,2654.3408203125,71.86026763916016,-8.559891700744629,0.029400991275906563,559.9529418945312,21,1.8554587364196777,0.5995346307754517,68.2952880859375,849.1124097872142,2383.497779829681,8.589812271327117,0.384608978827304,0.04021548107266426,0.037313513457775116,65.53826904296875,3,5.262101650238037,0.00038530395249836147,2210.447265625,11.132752418518066,8.589812271327116,0.3846089788273039
389.80535888671875,69.03402709960938,-6.477119445800781,0.19232919812202454,330.8431701660156,73.21539306640625,-6.299055576324463,0.24033114314079285,289.4024658203125,72.91592407226562,-6.1537556648254395,0.2736213505268097,30.232166290283203,9,1.241166114807129,1.0747500658035278,-51.50517272949219,873.0622230478716,2374.706748978161,8.58916700616347,0.3828557131212311,0.34698793292045593,0.3453974425792694,-47.6999397277832,0,6.897895336151123,0.0005050787585787475,150.3594970703125,7.446996688842773,8.58916700616347,0.3828557131212312
5512.220703125,174.28936767578125,-9.353316307067871,0.034337930381298065,2661.091064453125,76.92024230957031,-8.562649726867676,0.03139140456914902,4463.25537109375,162.74542236328125,-9.124129295349121,0.03959924355149269,102.6990966796875,99,3.2600677013397217,1.9249690771102905,12.26963996887207,150.02609261491185,2395.741284121173,8.590750891434174,0.4357985140701309,0.1051158756017685,0.10343842953443527,11.542220115661621,2,9.759294509887695,0.0007146906573325396,3024.098388671875,19.560405731201172,8.590750891434165,0.4357985140701399
879.1223754882812,92.77730560302734,-7.360123157501221,0.11460992693901062,652.9180297851562,73.66887664794922,-7.03714656829834,0.12253361195325851,820.9310913085938,107.8758773803711,-7.2857666015625,0.1427077203989029,62.13064956665039,21,1.9054442644119263,1.5037847757339478,-7.3953633308410645,490.6712254383912,2390.2078965969645,8.59032562421258,0.4108541884263151,0.2642580270767212,0.2635267972946167,42.23347473144531,0,8.40221881866455,0.0006152784917503595,155.49765014648438,11.432665824890137,8.590325624212571,0.41085418842632476
2793.67578125,179.1958770751953,-8.615440368652344,0.06965973973274231,1076.2965087890625,74.31568145751953,-7.579829692840576,0.07498569041490555,1153.7371826171875,269.18896484375,-7.655267238616943,0.2533845901489258,44.4913444519043,66,3.1683154106140137,2.2266030311584473,-67.93387603759766,1624.8337476482402,2410.6753219525676,8.591751369853368,0.32782269758633037,0.16396287083625793,0.16352853178977966,-52.20789337158203,3,15.768953323364258,0.0011543406872078776,4133.05517578125,19.009891510009766,8.591751369853375,0.32782269758631966
1684.40087890625,50.74217987060547,-8.066113471984863,0.03271549567580223,1869.7933349609375,75.64483642578125,-8.179484367370605,0.043935492634773254,1862.4678955078125,60.04437255859375,-8.175222396850586,0.035011712461709976,234.50621032714844,15,1.5501251220703125,0.5541377067565918,62.38609313964844,852.0248393414811,2389.413742427089,8.59024531372746,0.3843955697634377,0.05626172199845314,0.05240635946393013,63.77871322631836,3,5.519289016723633,0.0004041351203341037,1557.251708984375,9.300750732421875,8.59024531372745,0.38439556976344785
422.1650695800781,74.61932373046875,-6.563705921173096,0.19195473194122314,366.8182373046875,73.24713897705078,-6.411127090454102,0.21685507893562317,326.1835632324219,123.6622543334961,-6.283655166625977,0.4117228090763092,28.59232521057129,9,1.6325730085372925,0.6339475512504578,83.72771453857422,1010.3557620785342,2389.7619885942554,8.590260801899538,0.37280346891396443,0.29856035113334656,0.29833218455314636,0.05005751550197601,2,6.066729545593262,0.0004442005592864007,273.38421630859375,9.795437812805176,8.590260801899538,0.3728034689139644
1939.8096923828125,132.7754364013672,-8.21939754486084,0.07433415949344635,1174.27734375,74.59021759033203,-7.674426555633545,0.06898283213376999,1775.2100830078125,132.82315063476562,-8.123124122619629,0.081255704164505,48.09244918823242,46,2.5097711086273193,1.6756004095077515,-68.07320404052734,1243.8896160122622,2415.8490743379475,8.592155906379576,0.3557062302377009,0.21506205201148987,0.21423156559467316,-46.744140625,0,11.967695236206055,0.0008761972421780229,851.0149536132812,15.058626174926758,8.592155906379576,0.3557062302377009
426.3454895019531,75.13465118408203,-6.574404239654541,0.19138523936271667,398.78228759765625,73.38660430908203,-6.501839637756348,0.19985303282737732,362.7646789550781,83.74576568603516,-6.399062633514404,0.2507077157497406,28.028278350830078,9,1.0980918407440186,0.8002174496650696,-37.12867736816406,173.66225526949202,2394.9930737761915,8.590694731334718,0.43406768243958066,0.3912210166454315,0.3901256322860718,-8.729783058166504,0,5.583334445953369,0.00040887645445764065,240.68080139160156,6.588551044464111,8.590694731334727,0.4340676824395715
433.99639892578125,72.97734832763672,-6.593715190887451,0.18261303007602692,317.028564453125,73.16352081298828,-6.252746105194092,0.25062593817710876,305.4036560058594,63.73170471191406,-6.212185382843018,0.22662672400474548,31.493749618530273,10,1.77005934715271,0.575464129447937,-70.97251892089844,443.48541116923184,2405.608149322097,8.59145626345985,0.4143088803679055,0.3352058231830597,0.33347129821777344,-79.72026062011719,0,6.017936706542969,0.00044068435090593994,120.97078704833984,10.620355606079102,8.59145626345985,0.41430888036790536
1051.30126953125,98.85433959960938,-7.554317951202393,0.10211707651615143,759.9576416015625,73.90411376953125,-7.2019734382629395,0.10561097413301468,833.5079345703125,89.26589965820312,-7.302274227142334,0.11630695313215256,43.93950271606445,18,1.5848126411437988,1.2260041236877441,-82.93600463867188,1995.9188730078388,2410.7338076990013,8.591729476882465,0.3006671604437965,0.233860582113266,0.23202846944332123,74.78096008300781,2,8.292640686035156,0.0006069504888728261,627.1826782226562,9.508875846862793,8.591729476882465,0.30066716044379643
973.8408813476562,105.86239624023438,-7.471220016479492,0.11805476993322372,687.3294067382812,73.78318786621094,-7.092912197113037,0.11657953262329102,815.3017578125,101.35074615478516,-7.278295993804932,0.13500143587589264,39.6451416015625,23,1.9454336166381836,1.2711782455444336,-57.64512634277344,2022.3619447414478,2415.048128167934,8.592043438464437,0.2987322833354099,0.2787182927131653,0.2783367931842804,-34.87540054321289,0,9.41463851928711,0.0006890618242323399,113.42321014404297,11.672601699829102,8.592043438464437,0.2987322833354099
27687.0859375,158.40963745117188,-11.105692863464355,0.006213469430804253,23405.0703125,105.04532623291016,-10.923274993896484,0.0048741246573626995,26776.162109375,149.75299072265625,-11.069371223449707,0.006073751021176577,1536.793701171875,143,2.0716419219970703,1.9044770002365112,0.424730509519577,1411.525276317473,2432.165450402577,8.5933394600509,0.3434348062099078,0.009379926137626171,0.009252986870706081,-74.16421508789062,0,3.5607450008392334,0.00026067867293022573,27446.46484375,12.429851531982422,8.593339460050899,0.3434348062099077
15040.5625,130.62416076660156,-10.443160057067871,0.009431684389710426,13005.3203125,91.95763397216797,-10.285303115844727,0.007678856607526541,14608.7841796875,130.06185913085938,-10.411535263061523,0.009668647311627865,851.5123291015625,100,1.8582326173782349,1.7832680940628052,-82.41798400878906,485.59536348914924,2434.3218600012274,8.59355652217493,0.41122446970663595,0.014286051504313946,0.014162232168018818,-74.25221252441406,0,3.553032875061035,0.0002601795713417232,14536.2890625,11.149395942687988,8.593556522174921,0.4112244697066455
1334.143310546875,92.63815307617188,-7.813006401062012,0.0754079669713974,1123.7991943359375,74.53511810302734,-7.6267218589782715,0.07202811539173126,1173.6160888671875,90.89476013183594,-7.6738152503967285,0.08410903066396713,87.36847686767578,29,1.5877164602279663,1.2143372297286987,-68.8795394897461,1334.8752431703792,2424.254531618298,8.592765347817531,0.34904568353426624,0.11861509084701538,0.11802750825881958,80.2857894897461,0,4.7557244300842285,0.0003481720050331205,925.2661743164062,9.526298522949219,8.592765347817531,0.34904568353426624
1122.24755859375,116.74199676513672,-7.6252217292785645,0.11297133564949036,559.9275512695312,73.51351928710938,-6.8703293800354,0.14258216321468353,890.6256713867188,112.24324035644531,-7.374238014221191,0.1368657648563385,33.42226791381836,23,2.775526523590088,1.0061084032058716,35.177215576171875,1794.1986830584901,2423.6129006807387,8.592686826096603,0.31542763792204787,0.37393641471862793,0.37222209572792053,31.251550674438477,2,10.007532119750977,0.0007325307233259082,272.09844970703125,16.653160095214844,8.592686826096603,0.31542763792204787
3918.100341796875,170.3756561279297,-8.982688903808594,0.04722389578819275,1955.336181640625,75.75605010986328,-8.22805404663086,0.042075157165527344,3650.754150390625,156.86839294433594,-8.905956268310547,0.046664077788591385,78.43084716796875,81,2.642387628555298,2.267744541168213,-87.53871154785156,575.1184232357978,2443.7780510040106,8.594243577446893,0.40466897943676683,0.15378865599632263,0.15346205234527588,76.01325988769531,2,9.688197135925293,0.0007094284519553185,3058.203369140625,15.854326248168945,8.594243577446884,0.40466897943677654
386.54345703125,68.14366912841797,-6.467995643615723,0.19145072996616364,286.59564208984375,72.96871948242188,-6.143174171447754,0.2765011787414551,269.56365966796875,69.19029235839844,-6.076653480529785,0.2787491977214813,35.26853942871094,9,1.9582064151763916,0.5855622887611389,7.217434883117676,626.4098991125499,2416.657302342385,8.592254350213972,0.40091413124243547,0.5053507685661316,0.5032694339752197,0.7096166014671326,16,6.389881134033203,0.0004679035337176174,-530.8078002929688,11.749238967895508,8.592254350213972,0.4009141312424354
1388.1839599609375,113.42803955078125,-7.8561177253723145,0.08873669058084488,955.9989013671875,74.25780487060547,-7.451143264770508,0.08435571938753128,1036.836181640625,108.12167358398438,-7.539275169372559,0.11324849724769592,64.20894622802734,33,1.7308111190795898,1.654543161392212,8.378917694091797,1441.994783509668,2428.5718976380267,8.593074272395246,0.3412046301202632,0.17465458810329437,0.17400860786437988,-7.8465166091918945,0,6.965234279632568,0.0005099128466099501,825.3926391601562,10.384866714477539,8.593074272395253,0.34120463012025254
1213.083251953125,91.57261657714844,-7.709726333618164,0.0819794237613678,1006.3604736328125,74.34114837646484,-7.5068840980529785,0.08022422343492508,1048.758056640625,89.5618896484375,-7.551688194274902,0.09274227917194366,67.86685180664062,27,1.5468121767044067,1.245896339416504,68.15621948242188,1145.4846345091344,2430.673242424707,8.593247868993654,0.36290963740719395,0.13016362488269806,0.12961171567440033,-50.62531661987305,0,5.206271648406982,0.0003811802598647773,940.5264892578125,9.28087329864502,8.593247868993654,0.36290963740719395
417.1934814453125,73.96639251708984,-6.550843715667725,0.19254256784915924,143.88172912597656,72.90074920654297,-5.39501428604126,0.5502450466156006,96.34021759033203,37.24966812133789,-4.959518909454346,0.41989877820014954,34.02165222167969,4,1.25520920753479,0.19261948764324188,31.663469314575195,94.11592455656408,2462.714890385982,8.595658985219403,0.43989044725565407,0.2930624783039093,0.04351004585623741,31.498889923095703,2,2.867338180541992,0.0002099804551107809,29.63658905029297,7.53125524520874,8.595658985219394,0.43989044725566295
1151.0816650390625,98.90032196044922,-7.652765274047852,0.09330853819847107,886.2594604492188,74.02896118164062,-7.368902206420898,0.09071322530508041,882.2373046875,94.47002410888672,-7.363963603973389,0.11628894507884979,60.11225509643555,27,1.784478783607483,1.1974672079086304,21.471111297607422,338.8608855117582,2427.361696939835,8.593055583579122,0.42196942385897906,0.15224376320838928,0.15174753963947296,-4.664134502410889,0,6.385592937469482,0.00046761304838582873,647.4354858398438,10.706872940063477,8.593055583579115,0.4219694238589884
5602.34033203125,190.33889770507812,-9.37092399597168,0.036896731704473495,2319.9765625,76.42797088623047,-8.413708686828613,0.03577655926346779,4542.7080078125,189.04444885253906,-9.14328670501709,0.045193806290626526,87.73578643798828,122,4.163531303405762,2.0344579219818115,-59.7879638671875,1149.8328907116775,2472.870143322978,8.596337448532003,0.3625902239016013,0.13014617562294006,0.12802860140800476,-59.40163040161133,0,13.093634605407715,0.0009586481610313058,1611.6121826171875,24.98118782043457,8.596337448532003,0.3625902239016012
1228.259521484375,104.10220336914062,-7.723225116729736,0.0920448750257492,913.7598266601562,74.18783569335938,-7.402080059051514,0.08817195147275925,1126.4552001953125,101.7275161743164,-7.629284858703613,0.09807410091161728,54.752628326416016,25,1.7463229894638062,1.1580454111099243,-61.123497009277344,121.7738092037255,2448.3853358329457,8.59460795598518,0.43786558100444156,0.1885092407464981,0.18820607662200928,-41.36186981201172,2,6.281808376312256,0.0004600241663865745,902.7941284179688,10.477937698364258,8.59460795598518,0.43786558100444156
1909.2781982421875,112.7993392944336,-8.202173233032227,0.06416041404008865,1360.408203125,75.06430053710938,-7.834173202514648,0.059923067688941956,1349.33740234375,116.40718841552734,-7.825301170349121,0.09368909895420074,100.89581298828125,42,2.052171468734741,1.5718029737472534,-32.71052169799805,1773.1211492479013,2455.6367087114577,8.595033011703922,0.3169694139728466,0.09873830527067184,0.09824883192777634,-73.15949249267578,0,5.524858474731445,0.0004044095112476498,841.1162719726562,12.313028335571289,8.595033011703922,0.3169694139728466
630.0680541992188,91.79850006103516,-6.99846887588501,0.15822604298591614,311.1125793457031,73.2109146118164,-6.232294082641602,0.25555720925331116,443.61370849609375,120.77603149414062,-6.617512226104736,0.2956688702106476,24.108497619628906,12,2.0768184661865234,0.7886433601379395,-5.431476593017578,1463.5465256360726,2446.0844175599273,8.594355103507205,0.3396267280366748,0.7158037424087524,0.7143647074699402,-11.125282287597656,0,7.650828838348389,0.0005600975709967315,329.14483642578125,12.46091079711914,8.594355103507198,0.3396267280366854
2132.197509765625,148.12550354003906,-8.322068214416504,0.07544530928134918,1194.846923828125,74.9047622680664,-7.6932806968688965,0.06808117032051086,1773.0382080078125,229.0677032470703,-8.121795654296875,0.1403057873249054,61.33800506591797,51,2.0839426517486572,1.9662117958068848,-61.91676330566406,1610.8694729218057,2474.1965368179585,8.596403322119727,0.3288432954241066,0.17622584104537964,0.175711989402771,73.89584350585938,1,7.664368152618408,0.0005610532825812697,2752.932373046875,12.503656387329102,8.596403322119727,0.3288432954241066
2677.388671875,62.72921371459961,-8.569278717041016,0.025444166734814644,2584.17236328125,76.90640258789062,-8.530803680419922,0.03231996297836304,2847.75244140625,77.78656005859375,-8.636255264282227,0.029664166271686554,275.0412292480469,23,2.286975622177124,0.5790082812309265,-42.64439392089844,625.4730913889236,2471.4429730949505,8.596266404016898,0.40098107050585496,0.06435908377170563,0.060229551047086716,-41.04931640625,3,6.872334957122803,0.0005032256594859064,1805.27490234375,13.721853256225586,8.59626640401689,0.40098107050586457
4948.50439453125,148.22100830078125,-9.236185073852539,0.03252862021327019,3112.050048828125,77.7457504272461,-8.732616424560547,0.02713063172996044,4290.6376953125,152.9744873046875,-9.081304550170898,0.03871925547719002,144.8330535888672,92,2.8351759910583496,1.957999348640442,83.2630386352539,1565.471105182854,2490.826037409709,8.597624074279056,0.3321655933664163,0.07667580246925354,0.0752347782254219,86.3846206665039,0,6.923985958099365,0.0005068624159321189,3232.549072265625,17.01105499267578,8.597624074279056,0.3321655933664163
5933.90576171875,70.67586517333984,-9.433351516723633,0.012934817932546139,4221.98291015625,79.45527648925781,-9.063791275024414,0.02043789252638817,5670.6376953125,82.76362609863281,-9.384079933166504,0.01585029810667038,1057.0560302734375,28,3.290933609008789,0.4078940451145172,-41.730506896972656,616.4791034688656,2479.2933022233346,8.596841839767556,0.4016393877560784,0.0455889068543911,0.04169384390115738,-41.4396858215332,3,6.91982889175415,0.0005067033926025033,3406.406005859375,19.745601654052734,8.596841839767547,0.40163938775608804
8027.12548828125,187.20021057128906,-9.76140022277832,0.025326553732156754,3640.97509765625,78.55106353759766,-8.903044700622559,0.023429563269019127,7544.93896484375,197.9993896484375,-9.69413948059082,0.02849954552948475,127.34539031982422,148,3.438417673110962,2.6945879459381104,7.870145797729492,210.44153095862214,2491.4887936068626,8.597759436900745,0.4313711093598276,0.08709845691919327,0.08651486784219742,9.378217697143555,0,9.934277534484863,0.0007274837698787451,6639.5595703125,20.63050651550293,8.597759436900736,0.43137110935983664
2255.75048828125,124.0552749633789,-8.383227348327637,0.059724703431129456,1601.0296630859375,75.26249694824219,-8.010998725891113,0.05105157196521759,1825.5687255859375,114.18525695800781,-8.153495788574219,0.06792688369750977,67.01255798339844,46,1.8633133172988892,1.6557477712631226,19.223600387573242,800.6139492691428,2481.6493876914183,8.597002862931477,0.38815707571252106,0.12086518108844757,0.12055394798517227,29.566198348999023,2,6.164965629577637,0.00045140969450585544,1291.4273681640625,11.179880142211914,8.597002862931477,0.38815707571252106
441.7240295410156,76.8189697265625,-6.612877368927002,0.18886317312717438,107.46212768554688,72.83930206298828,-5.07813835144043,0.7361056804656982,205.0075225830078,90.73860931396484,-5.779424667358398,0.48067566752433777,25.42975425720215,9,2.6472365856170654,0.7576525807380676,-57.50965118408203,1297.8508546434853,2480.513962660771,8.596887307475766,0.3517545182927025,0.4414325952529907,0.44054484367370605,-58.14009475708008,3,8.47303295135498,0.0006203207885846496,-659.8823852539062,15.883419036865234,8.596887307475766,0.35175451829270243
524.356689453125,83.41299438476562,-6.79906702041626,0.17275743186473846,166.78936767578125,72.99688720703125,-5.555420875549316,0.47529780864715576,152.92625427246094,54.544681549072266,-5.461205005645752,0.3873469829559326,28.71017074584961,6,1.9687718152999878,0.3759930729866028,56.20734786987305,1220.7134557958152,2502.102242986259,8.598473226117681,0.3574006498931202,0.4504657983779907,0.0888376533985138,56.87892150878906,2,5.116949081420898,0.0003746268921531737,-400.735595703125,11.812630653381348,8.598473226117674,0.35740064989313053
2864.643798828125,126.3651351928711,-8.64267635345459,0.04790562018752098,1964.3983154296875,75.85379028320312,-8.233074188232422,0.041935086250305176,2481.388427734375,133.0816650390625,-8.486737251281738,0.05824428051710129,133.86062622070312,59,2.2306830883026123,1.8701786994934082,-65.34004974365234,385.2509668139302,2507.10646595693,8.598892738891777,0.41856988021715164,0.0963129922747612,0.09569896012544632,-40.68296813964844,0,6.5723772048950195,0.0004812789265997708,2236.76318359375,13.384098052978516,8.598892738891777,0.41856988021715164
126.65066528320312,37.93488311767578,-5.256518840789795,0.3252828121185303,177.7567138671875,72.92909240722656,-5.624565124511719,0.4455583989620209,123.46200561523438,55.432735443115234,-5.228833198547363,0.4875990152359009,28.378087997436523,3,0.8861533999443054,0.2133840173482895,29.54580307006836,1299.069088228643,2480.3137402916614,8.596872564861519,0.35166534693732227,0.40957018733024597,0.4090043604373932,39.7010612487793,3,2.514880657196045,0.00018411727796774358,103.85631561279297,5.316920280456543,8.596872564861512,0.35166534693733265
462.3165588378906,78.69033813476562,-6.662348747253418,0.18484674394130707,32.12233352661133,72.7408676147461,-3.7670178413391113,2.4592416286468506,52.25447082519531,42.383277893066406,-4.295308589935303,0.8808478713035583,21.863523483276367,5,1.560958743095398,0.2702699899673462,-40.570743560791016,29.905598647032672,2478.498009396792,8.596818568866537,0.4445919757717977,0.393801748752594,0.06321534514427185,-40.85295867919922,2,3.8353679180145264,0.0002808685530908406,-195.20965576171875,9.365752220153809,8.596818568866537,0.44459197577179765
508.44610595703125,76.59764099121094,-6.7656121253967285,0.1636064052581787,444.7083435058594,73.37776947021484,-6.620188236236572,0.1791921854019165,480.582275390625,76.73526000976562,-6.704419136047363,0.17340317368507385,34.289825439453125,12,1.5153627395629883,0.9283665418624878,83.56513214111328,467.870807784582,2495.701600634399,8.598052540393791,0.412520415283751,0.35338106751441956,0.3519352376461029,-72.93706512451172,0,7.08571195602417,0.0005188632057979703,353.3011169433594,9.09217643737793,8.5980525403938,0.41252041528374167
19303.849609375,285.5179443359375,-10.714109420776367,0.016062727198004723,5485.35595703125,81.4898452758789,-9.34801197052002,0.016133496537804604,17186.642578125,294.2475891113281,-10.587977409362793,0.018593095242977142,188.64703369140625,344,4.684850692749023,4.3519673347473145,-23.32155418395996,1549.0910258533763,2546.486112646425,8.601700553982113,0.3333632342071314,0.07224063575267792,0.0720876157283783,35.28746032714844,1,11.390949249267578,0.0008338564657606184,15746.6279296875,28.10910415649414,8.601700553982113,0.33336323420713143
633.1564331054688,84.78763580322266,-7.003777503967285,0.1454291045665741,393.6408386230469,73.3207778930664,-6.48775053024292,0.20228175818920135,378.5245056152344,92.68709564208984,-6.445234775543213,0.26592251658439636,35.51286315917969,15,1.4827353954315186,0.9432926774024963,-74.30577087402344,370.93881715016056,2501.2471738771997,8.59846451523228,0.41961808239196696,0.2361750453710556,0.2352837324142456,-71.00756072998047,0,7.064931869506836,0.0005173493991605937,351.2651672363281,8.896411895751953,8.598464515232271,0.4196180823919761
1692.5213623046875,105.21383666992188,-8.071335792541504,0.06751006096601486,1318.56103515625,74.82767486572266,-7.80025053024292,0.06162995100021362,1371.688720703125,102.53634643554688,-7.843138694763184,0.08118057250976562,83.46857452392578,37,1.7333016395568848,1.4590256214141846,-72.39855194091797,1356.8034275889936,2512.8341243986506,8.599249858777638,0.3474384146664154,0.11886300146579742,0.11827126145362854,87.64352416992188,0,5.180998802185059,0.00037929657264612615,1057.4349365234375,10.399809837341309,8.599249858777638,0.3474384146664154
20195.009765625,144.27610778808594,-10.763110160827637,0.007758542895317078,17330.552734375,97.6554183959961,-10.597030639648438,0.0061194696463644505,19685.873046875,141.60848999023438,-10.735386848449707,0.007812039460986853,1150.78857421875,121,1.9883686304092407,1.839637041091919,18.49815559387207,606.5560669954301,2525.8169617739904,8.600249358225874,0.4023645781286369,0.011533270590007305,0.011385763064026833,-65.39269256591797,0,3.4643547534942627,0.00025367466150783,19809.580078125,11.930212020874023,8.600249358225883,0.40236457812862736
1246.160888671875,122.42465209960938,-7.738935470581055,0.10669021308422089,618.4505004882812,73.66831970214844,-6.978262424468994,0.12936167418956757,753.28955078125,129.86968994140625,-7.192404747009277,0.18723011016845703,39.62141036987305,29,2.8657925128936768,1.4306577444076538,68.59183502197266,831.2207914368892,2526.5940471229715,8.600292094063906,0.3859148858368039,0.2783147692680359,0.2770881950855255,66.86021423339844,0,12.135758399963379,0.0008885862771421671,-552.9148559570312,17.19475555419922,8.600292094063905,0.3859148858368038
464.6612243652344,72.76138305664062,-6.667840957641602,0.17005692422389984,486.2854919433594,73.47596740722656,-6.717228412628174,0.16409064829349518,512.4400024414062,73.29104614257812,-6.774107456207275,0.15532369911670685,33.75177001953125,11,1.011380910873413,0.9407824873924255,84.78345489501953,1158.8051062408315,2504.7998191377237,8.598674872287651,0.3619325882252505,0.29390397667884827,0.29358619451522827,69.73676300048828,0,5.813484191894531,0.0004256289976183325,511.9281005859375,6.0682854652404785,8.59867487228766,0.36193258822524027
1077.1265869140625,114.15425872802734,-7.580667018890381,0.11509466916322708,670.4332275390625,73.58413696289062,-7.06588888168335,0.1191951185464859,805.8543701171875,115.37798309326172,-7.265641212463379,0.1554877609014511,44.99677276611328,25,2.2616217136383057,1.4372327327728271,-16.100900650024414,1002.9735239087506,2514.5650017791863,8.599400167785955,0.3733405672302448,0.3258289694786072,0.3249979317188263,-8.587912559509277,0,8.797928810119629,0.0006441610166803002,287.8177490234375,13.569730758666992,8.599400167785939,0.37334056723026493
320523.5625,353.0591125488281,-13.764650344848633,0.0011962371645495296,271382.71875,268.3211669921875,-13.583955764770508,0.0010737484553828835,312141.8125,309.76678466796875,-13.735879898071289,0.0010777368443086743,18253.96484375,395,2.208645820617676,2.14044451713562,-50.742183685302734,1544.8019098745422,2573.8128562289007,8.603701648395658,0.3336765675175967,0.002191656967625022,0.0021572017576545477,-70.70126342773438,0,3.5494496822357178,0.0002598306746222079,320045.8125,13.251874923706055,8.603701648395658,0.3336765675175968
1505.8026123046875,125.75992584228516,-7.944420337677002,0.09069932252168655,887.8460693359375,74.28623962402344,-7.37084436416626,0.09086581319570541,1153.274658203125,133.03712463378906,-7.654831886291504,0.1252765953540802,43.19366455078125,33,2.53802752494812,1.695062518119812,29.666906356811523,945.8960872945293,2524.476769820354,8.600129669995281,0.3775190571931593,0.25425270199775696,0.25356054306030273,56.09340286254883,2,12.432321548461914,0.0009102735202759504,169.4757843017578,15.228164672851562,8.600129669995281,0.37751905719315937
717.3191528320312,90.16863250732422,-7.139281272888184,0.1365126520395279,536.7393798828125,73.44615936279297,-6.824408531188965,0.14860568940639496,447.1405029296875,85.11124420166016,-6.626110076904297,0.20671536028385162,36.348121643066406,17,1.7170127630233765,1.012879729270935,-88.9564208984375,1511.8225976815938,2518.579560793785,8.59965988356917,0.3360915725105363,0.24729697406291962,0.24727299809455872,84.34947967529297,0,7.885734558105469,0.0005772745353169739,266.0029296875,10.30207633972168,8.599659883569164,0.33609157251054683
753.156494140625,86.28449249267578,-7.19221305847168,0.12441632151603699,658.4559326171875,73.73505401611328,-7.046316623687744,0.12161219865083694,792.6712646484375,105.38358306884766,-7.247732639312744,0.14438088238239288,34.972694396972656,18,1.9493778944015503,1.3777318000793457,13.744905471801758,1750.3245238628106,2518.1060992401526,8.599608418054622,0.3186363912844835,0.3342902958393097,0.3342783749103546,23.22928810119629,0,9.813395500183105,0.0007183197885751724,-219.98779296875,11.696267127990723,8.599608418054622,0.3186363912844835
3044.54296875,142.5264434814453,-8.708805084228516,0.05083972215652466,1926.6185302734375,75.68170928955078,-8.211989402770996,0.042660411447286606,2532.87890625,136.24493408203125,-8.50903606414795,0.05841653048992157,95.76825714111328,67,2.495288133621216,1.7927378416061401,78.11955261230469,1821.6041660442893,2538.315844855295,8.601082950457695,0.3134197942049841,0.11009161919355392,0.10934671759605408,69.21332550048828,0,6.6172194480896,0.00048434935160912573,1774.2835693359375,14.971729278564453,8.601082950457695,0.3134197942049841
717.3389282226562,90.17595672607422,-7.139310836791992,0.13651996850967407,568.5574340820312,73.44229125976562,-6.886935710906982,0.14028191566467285,518.1947021484375,97.28583526611328,-6.7862324714660645,0.20388555526733398,41.159156799316406,17,2.034166097640991,1.1572033166885376,-59.40005874633789,1029.3988490460192,2522.3564473786873,8.59996896827888,0.3714057450729703,0.3089594542980194,0.3079809546470642,82.95851135253906,0,8.705167770385742,0.00063736317679286,-48.86527633666992,12.204996109008789,8.59996896827888,0.3714057450729703
519.6447143554688,82.90662384033203,-6.789266109466553,0.17326568067073822,273.7314453125,73.23411560058594,-6.093311786651611,0.2905484735965729,711.2695922851562,195.05870056152344,-7.130085468292236,0.29782482981681824,27.599075317382812,11,2.4923739433288574,0.7681865096092224,27.0320987701416,1407.8796804777337,2519.247803506254,8.59971598313021,0.3436996018197507,0.5679948925971985,0.5653626918792725,64.98423767089844,19,8.277053833007812,0.0006059458828531206,658.6702270507812,14.954243659973145,8.59971598313021,0.34369960181975073
670.3699951171875,85.03266906738281,-7.065786361694336,0.13775299489498138,513.1240234375,73.43519592285156,-6.775555610656738,0.15542173385620117,498.4964599609375,83.31757354736328,-6.744155406951904,0.18151159584522247,36.94575881958008,16,1.5579112768173218,1.099335789680481,14.25621223449707,1801.0795256775205,2519.808899023862,8.599729450504064,0.3149221137314751,0.24401408433914185,0.24305853247642517,37.244224548339844,1,7.417267799377441,0.0005429161828942597,20.94499397277832,9.347467422485352,8.599729450504064,0.3149221137314751
1212.6585693359375,112.36009979248047,-7.709346294403076,0.10062441974878311,820.9108276367188,73.8635482788086,-7.285739898681641,0.09771562367677689,1214.3125,157.96444702148438,-7.710826396942139,0.14127285778522491,41.880680084228516,14,1.9594470262527466,0.8327212333679199,-6.091724395751953,1408.5849004797874,2519.728905121462,8.599751161111442,0.34364797100663524,0.2809232771396637,0.2805585563182831,-71.3510971069336,3,7.636220932006836,0.0005590302171185613,1410.5760498046875,11.756682395935059,8.599751161111435,0.34364797100664574
1669.0074462890625,106.73340606689453,-8.056145668029785,0.06944994628429413,1288.4293212890625,74.69391632080078,-7.77515172958374,0.06295851618051529,1536.481201171875,110.60202026367188,-7.966318130493164,0.07817459106445312,60.536956787109375,37,1.8107078075408936,1.5995979309082031,9.181239128112793,1058.174362177639,2537.8274824816176,8.601099932134924,0.3692986953404633,0.14797304570674896,0.1475226879119873,24.313352584838867,0,7.226413726806641,0.0005290874978527427,1183.9881591796875,10.864246368408203,8.60109993213493,0.3692986953404531
118840.484375,504.4157409667969,-12.687411308288574,0.004609502386301756,38357.0625,121.23809051513672,-11.459613800048828,0.0034326030872762203,113445.125,482.8074951171875,-12.636964797973633,0.004621872678399086,1514.01904296875,1380,7.9318389892578125,6.396430969238281,77.53961181640625,1244.4619531797046,2671.485307758575,8.610873938846323,0.3556581646657123,0.016308406367897987,0.016133461147546768,86.45348358154297,0,5.836145401000977,0.0004272600344847888,121355.65625,47.591033935546875,8.610873938846316,0.35565816466572236
974.0911254882812,105.9299545288086,-7.471498966217041,0.11809976398944855,682.5214233398438,73.57582092285156,-7.085290908813477,0.11707081645727158,801.7698974609375,117.17815399169922,-7.260124206542969,0.15871819853782654,40.09913635253906,23,2.1909215450286865,1.4917519092559814,43.24522399902344,1346.583029868431,2540.1905532605742,8.601253611694837,0.34818589426675317,0.32034027576446533,0.31919482350349426,47.56923294067383,0,10.313182830810547,0.0007550175650976598,-237.58184814453125,13.145528793334961,8.60125361169483,0.3481858942667636
2660.111572265625,142.91412353515625,-8.562249183654785,0.05834519863128662,1526.261474609375,75.05643463134766,-7.959072113037109,0.05340585112571716,2377.168212890625,151.0819549560547,-8.440150260925293,0.06902120262384415,64.80001831054688,58,2.805673599243164,1.9384031295776367,54.031925201416016,1488.8151930058434,2552.192891564588,8.602122604849018,0.3377747985747733,0.1774083822965622,0.17674344778060913,28.751781463623047,2,11.047330856323242,0.0008087199530564249,1093.6236572265625,16.834041595458984,8.602122604849018,0.3377747985747731
4147.38671875,139.14501953125,-9.04443645477295,0.03643535077571869,2806.666748046875,77.17977142333984,-8.620476722717285,0.029863622039556503,3713.120849609375,145.4680633544922,-8.924347877502441,0.04254596680402756,141.82261657714844,79,2.350080728530884,2.122410535812378,6.849234104156494,1226.3422046138517,2562.732109696325,8.602912291726383,0.35698712474639016,0.07620308548212051,0.07588127255439758,32.088279724121094,0,5.868343353271484,0.00042963065789081156,3119.78369140625,14.100484848022461,8.602912291726383,0.3569871247463901
713.4705810546875,82.2152099609375,-7.133440017700195,0.12514281272888184,564.6106567382812,73.6923828125,-6.879372596740723,0.14174357056617737,524.7915649414062,70.39154052734375,-6.799967288970947,0.14566776156425476,51.30323791503906,12,1.3164739608764648,0.8973174691200256,-55.09266662597656,776.935583609269,2546.6461496031275,8.601763907982804,0.3898889057286308,0.2402227222919464,0.2392924427986145,-39.491943359375,0,5.116392135620117,0.00037462785257957876,286.7955017089844,7.898843765258789,8.601763907982804,0.3898889057286307
439.51849365234375,74.16793823242188,-6.607442855834961,0.1832605004310608,224.35304260253906,72.95011138916016,-5.8773298263549805,0.35312119126319885,221.1165008544922,73.51769256591797,-5.861552715301514,0.36107760667800903,29.345205307006836,10,1.6662096977233887,0.8115755319595337,-28.64491844177246,711.8264244907562,2546.75410386627,8.601775945990974,0.39465606576733475,0.33005866408348083,0.3281908929347992,-4.712837219238281,0,6.945570945739746,0.0005085700540803373,-51.83452224731445,9.997258186340332,8.601775945990974,0.39465606576733475
1922.67041015625,150.9781036376953,-8.209762573242188,0.08527838438749313,755.048583984375,73.86754608154297,-7.194937229156494,0.1062450259923935,1299.539794921875,141.5729217529297,-7.784473896026611,0.11830972135066986,39.37543869018555,27,2.411667823791504,1.5378532409667969,-61.521690368652344,1847.4724655223745,2560.0652832059936,8.60267343297778,0.311526415915546,0.3410089612007141,0.33938103914260864,-27.816905975341797,2,11.435298919677734,0.0008369964780285954,1225.1121826171875,14.470006942749023,8.60267343297778,0.31152641591554603
453.24700927734375,77.91075897216797,-6.6408371925354,0.18667764961719513,130.42369079589844,73.05059051513672,-5.28839111328125,0.6082709431648254,73.89141082763672,58.993595123291016,-4.67148494720459,0.8670431971549988,24.890867233276367,9,1.7604331970214844,0.5189310908317566,6.043960094451904,317.7531286938805,2548.028693396754,8.601893597169216,0.42351115223147656,0.28496912121772766,0.2622185945510864,-0.49425455927848816,16,5.694644927978516,0.0004170052125118673,-242.90597534179688,10.562599182128906,8.601893597169225,0.4235111522314675
1018.9713745117188,94.12352752685547,-7.520404815673828,0.10031503438949585,826.6336669921875,74.01495361328125,-7.293282508850098,0.09723804891109467,864.6310424804688,91.6280517578125,-7.342077255249023,0.11508731544017792,58.60395050048828,24,1.637184500694275,1.2645998001098633,-85.96440124511719,792.424662322049,2562.753192553785,8.602942379374875,0.3887543936111922,0.19297140836715698,0.19248859584331512,-64.61595153808594,2,6.624686241149902,0.0004850632685702294,465.8884582519531,9.82310676574707,8.602942379374875,0.388754393611192
669.078857421875,83.52100372314453,-7.063693046569824,0.13556520640850067,491.04888916015625,73.48394012451172,-6.727811813354492,0.1625165194272995,504.8268737792969,93.41770935058594,-6.757856369018555,0.20096321403980255,36.1541748046875,16,1.9250576496124268,1.1160722970962524,-72.74639892578125,555.5361890450152,2561.113766972611,8.602837271396929,0.4060992876505745,0.3711014688014984,0.370240718126297,-81.8621597290039,0,8.771537780761719,0.0006422902806662023,103.35624694824219,11.550346374511719,8.602837271396929,0.4060992876505745
2274.09130859375,97.4599380493164,-8.392019271850586,0.046542324125766754,1915.97314453125,75.77525329589844,-8.205973625183105,0.04295045882463455,2141.560791015625,102.94709777832031,-8.326826095581055,0.052205171436071396,134.800048828125,41,1.6704460382461548,1.5186370611190796,1.4046450853347778,1755.2360397120904,2561.922630552645,8.602816102462128,0.31827607745471365,0.07349421828985214,0.07321497052907944,-54.79819107055664,0,3.931725263595581,0.0002877906081266701,1701.65380859375,10.022676467895508,8.602816102462128,0.3182760774547137
6178.99169921875,116.21939849853516,-9.477293968200684,0.020426353439688683,5198.8408203125,80.97870635986328,-9.289766311645508,0.016915861517190933,5960.2431640625,120.31063079833984,-9.438159942626953,0.02192147821187973,318.0507507324219,74,1.8606666326522827,1.752778172492981,-51.53009796142578,762.3562831913283,2576.6365097772036,8.603960924263083,0.39095552413441886,0.03240232914686203,0.03213534504175186,-84.18537902832031,0,3.736362934112549,0.0002735796442721039,5825.26904296875,11.163999557495117,8.603960924263083,0.390955524134419
12572.791015625,129.82872009277344,-10.248579025268555,0.01121421530842781,10661.6494140625,88.81600952148438,-10.069561004638672,0.009046834893524647,12257.9921875,131.06224060058594,-10.221048355102539,0.011611493304371834,764.4520874023438,99,1.953729510307312,1.772282361984253,-38.50647735595703,327.0713433875133,2581.9598390319625,8.604377835808812,0.4228277350383852,0.016979262232780457,0.01682952605187893,-60.68431854248047,3,3.463831663131714,0.0002536457031965256,12430.9306640625,11.722376823425293,8.604377835808812,0.42282773503838517
752.8119506835938,88.77867889404297,-7.191716194152832,0.1280713528394699,494.99658203125,73.40483856201172,-6.736505508422852,0.16104687750339508,464.0316162109375,81.99707794189453,-6.6663689613342285,0.1919025033712387,41.50764083862305,12,1.7528504133224487,0.930979311466217,-38.38704299926758,1132.769966970932,2563.7506177775076,8.602993155137158,0.3638370507346742,0.3063059151172638,0.30476275086402893,42.525516510009766,3,7.636679649353027,0.0005591092631220818,42.99576187133789,10.517102241516113,8.602993155137149,0.3638370507346843
604.9407958984375,85.80482482910156,-6.954282283782959,0.15403828024864197,378.030029296875,73.17999267578125,-6.4438157081604,0.21023057401180267,388.8050537109375,79.2803726196289,-6.474329948425293,0.22144384682178497,36.11918258666992,9,1.216564416885376,1.109275221824646,-42.902732849121094,776.3401453697659,2561.744624304315,8.602869554427715,0.389932079996338,0.3741602301597595,0.37331512570381165,31.94284439086914,0,6.9384307861328125,0.0005080378032289445,345.85638427734375,7.299386501312256,8.602869554427715,0.389932079996338
1228.6048583984375,90.3500747680664,-7.7235307693481445,0.07986309379339218,1054.150634765625,74.4201431274414,-7.557256698608398,0.0766686201095581,1148.5068359375,91.43628692626953,-7.650333881378174,0.0864599198102951,72.1348876953125,27,1.5597299337387085,1.2732551097869873,-21.127317428588867,839.0647488305035,2564.0942141858545,8.603037581692853,0.3853395525295278,0.14734572172164917,0.14666809141635895,-29.361543655395508,0,5.397988319396973,0.00039523906889371574,1148.0848388671875,9.358379364013672,8.603037581692861,0.38533955252951796
1471.55224609375,117.0504150390625,-7.919439315795898,0.08638276159763336,1072.4156494140625,74.42212677001953,-7.5759077072143555,0.07536482810974121,1203.2679443359375,110.23097229003906,-7.700905799865723,0.09948809444904327,53.983062744140625,35,1.9596681594848633,1.5313388109207153,31.393890380859375,327.3643450354503,2573.8755498100895,8.603785802951533,0.42280653677320046,0.18236902356147766,0.18184995651245117,39.31890106201172,3,7.4022979736328125,0.0005420484230853617,1131.775390625,11.75800895690918,8.603785802951533,0.42280653677320046
838.8065185546875,95.60671997070312,-7.309154510498047,0.1237817034125328,602.6394653320312,73.64192199707031,-6.950143814086914,0.1327080875635147,693.0795288085938,96.96714782714844,-7.10195779800415,0.1519397348165512,52.4107666015625,17,1.6576608419418335,1.393447756767273,-42.25003433227539,736.8426597607798,2571.708864941457,8.603601719013913,0.392823709648901,0.3089166283607483,0.3084948658943176,-77.92411041259766,2,6.440676689147949,0.00047159515088424087,275.7642517089844,9.945964813232422,8.603601719013913,0.39282370964890095
1937.9788818359375,125.21529388427734,-8.218372344970703,0.07016784697771072,1315.7685546875,74.82308197021484,-7.797948837280273,0.061756961047649384,1677.284912109375,122.02545928955078,-8.061516761779785,0.07900843024253845,71.38381958007812,45,2.033508539199829,1.772842288017273,-58.67770004272461,1459.738502417694,2583.905390267053,8.604446561775537,0.33990232374395135,0.18020854890346527,0.17986918985843658,66.03640747070312,0,7.524213790893555,0.0005508121685124934,1261.610595703125,12.201051712036133,8.604446561775537,0.33990232374395135
3274.16357421875,104.32178497314453,-8.787751197814941,0.03460225835442543,2790.354736328125,77.09937286376953,-8.614148139953613,0.030006909742951393,3071.788330078125,107.03419494628906,-8.718478202819824,0.03784086927771568,175.4127655029297,52,1.7554775476455688,1.561058521270752,-81.3899154663086,1424.4548574271664,2588.297530840103,8.60477060425946,0.3424848016434104,0.05584349483251572,0.05554771050810814,-32.06974792480469,0,4.099386692047119,0.0003001003060489893,2680.675537109375,10.532865524291992,8.60477060425946,0.3424848016434104
4405.59814453125,125.49285888671875,-9.11001205444336,0.030934561043977737,3310.933837890625,78.05964660644531,-8.79987621307373,0.02560388669371605,3686.82275390625,116.172119140625,-8.916630744934082,0.03421995788812637,190.54525756835938,61,1.929569125175476,1.6277345418930054,-83.42012023925781,767.5956824522444,2593.361294528716,8.605185275194584,0.3905714455421191,0.05079478770494461,0.05016866698861122,-64.61597442626953,0,4.252115726470947,0.00031134189339354634,3607.07373046875,11.577414512634277,8.605185275194584,0.3905714455421191
2515.097900390625,49.289249420166016,-8.501387596130371,0.02128271944820881,2472.767578125,76.67337799072266,-8.48295783996582,0.0336737222969532,2527.007568359375,61.39006042480469,-8.506516456604004,0.026382828131318092,485.5459289550781,14,2.0048716068267822,0.399575412273407,-24.27458381652832,1976.796219480895,2576.2431482636375,8.603848338594656,0.3020631877517841,0.04611468315124512,0.04223739728331566,-23.387435913085938,3,5.3269429206848145,0.0003898761060554534,1840.9879150390625,12.029230117797852,8.603848338594656,0.30206318775178426
12792.5205078125,210.3614044189453,-10.267390251159668,0.017858285456895828,6393.7294921875,82.79839324951172,-9.514385223388672,0.014063631184399128,12174.5458984375,220.2845458984375,-10.213631629943848,0.019649934023618698,301.0286560058594,208,3.9673845767974854,2.856628894805908,-64.24555969238281,818.7142575694198,2618.10615342596,8.606993921563696,0.38682805668309317,0.05027305707335472,0.04930458217859268,-65.5624008178711,0,6.213551998138428,0.0004549509030766785,11305.2216796875,23.80430793762207,8.606993921563696,0.38682805668309317
1545.7742919921875,45.19179153442383,-7.972865104675293,0.031749967485666275,1714.1763916015625,75.44711303710938,-8.085138320922852,0.04779879376292229,1692.2694091796875,51.178829193115234,-8.071173667907715,0.03284359350800514,404.837646484375,12,0.8609189987182617,0.616881251335144,-44.74747085571289,1971.2960134296068,2578.630773416936,8.604023548026039,0.3024655888878437,0.028607511892914772,0.027451355010271072,-45.18949890136719,3,1.9198015928268433,0.00014050962636247277,1651.14208984375,5.16551399230957,8.604023548026039,0.30246558888784364
1471.732177734375,39.3088264465332,-7.919571876525879,0.029006218537688255,1745.8304443359375,75.47088623046875,-8.105005264282227,0.046946931630373,1750.04833984375,48.15336608886719,-8.107625007629395,0.029881777241826057,422.4053039550781,9,0.8970088958740234,0.506976842880249,-27.90869903564453,1974.4352468386096,2577.1939002876284,8.603918119654857,0.30223592026363794,0.0295107401907444,0.026745367795228958,-17.681577682495117,3,3.2774786949157715,0.000239877263084054,1640.0509033203125,5.382053375244141,8.603918119654864,0.3022359202636271
502.0987243652344,72.87931060791016,-6.751972675323486,0.15763221681118011,481.7240295410156,73.41119384765625,-6.706995964050293,0.16549840569496155,407.3291015625,70.18607330322266,-6.5248637199401855,0.1871265172958374,46.17051696777344,8,1.316114902496338,0.46178263425827026,-73.8793716430664,1034.3161969025402,2582.3626634158627,8.604362525880443,0.371044198475833,0.3350137174129486,0.333411306142807,-59.046417236328125,2,4.626928329467773,0.000338763085892424,173.7508087158203,7.896689414978027,8.604362525880443,0.37104419847583303
23600.48828125,224.666015625,-10.932302474975586,0.01033823098987341,11425.037109375,89.95993041992188,-10.144643783569336,0.00855108629912138,22719.1484375,230.91419982910156,-10.890979766845703,0.011037949472665787,411.71527099609375,278,4.479276657104492,2.638291120529175,9.679363250732422,1340.9399874792377,2612.2982816050076,8.606533692683865,0.34859730086535573,0.030730953440070152,0.029830222949385643,9.786046028137207,0,7.5241379737854,0.0005508264293894172,21708.271484375,26.875659942626953,8.606533692683856,0.348597300865366
1548.4283447265625,128.20245361328125,-7.974727630615234,0.08991560339927673,912.03759765625,74.24153137207031,-7.400032043457031,0.08840238302946091,1138.5760498046875,126.9708251953125,-7.640904903411865,0.12110769003629684,47.75995635986328,37,2.2793333530426025,1.701277732849121,-47.826698303222656,986.1999972204372,2595.357580346603,8.605317233091188,0.3745664683994982,0.22804875671863556,0.22755390405654907,-13.150262832641602,0,11.019678115844727,0.000806820229627192,996.66748046875,13.676000595092773,8.605317233091188,0.3745664683994982
3507.1279296875,130.40907287597656,-8.86237907409668,0.04038183391094208,2478.664794921875,76.5458984375,-8.485544204711914,0.03353775292634964,3091.209716796875,128.8477783203125,-8.725320816040039,0.04526664316654205,142.2718505859375,68,2.2105822563171387,1.7952747344970703,-19.821826934814453,1524.6617449050077,2596.823921311954,8.605387866886831,0.3351501490397738,0.0789765790104866,0.07873260229825974,-31.494571685791016,0,5.6520819664001465,0.00041375088039785624,2469.650390625,13.263493537902832,8.60538786688683,0.3351501490397737
545.5939331054688,77.33460998535156,-6.842174053192139,0.15393386781215668,427.850830078125,73.37812042236328,-6.578230857849121,0.18625332415103912,427.3036193847656,75.96240997314453,-6.576841354370117,0.19305986166000366,37.20560073852539,13,1.3866137266159058,1.0548624992370605,-72.93167877197266,1332.4368880002064,2588.1244521709855,8.604764295388867,0.34922026840901266,0.25054749846458435,0.24992503225803375,44.70944595336914,0,7.226422309875488,0.0005290357512421906,134.20645141601562,8.319682121276855,8.604764295388867,0.34922026840901255
1692.9962158203125,101.2092514038086,-8.071640014648438,0.06492232531309128,1387.3463134765625,74.77243041992188,-7.855462074279785,0.05853106454014778,1516.3111572265625,106.22450256347656,-7.951971054077148,0.07607924938201904,100.88079071044922,36,1.8216216564178467,1.3956354856491089,-60.805076599121094,1274.9366650788772,2602.619334960205,8.605829548629082,0.3534289575587153,0.1043805405497551,0.10422562807798386,80.01171875,0,5.490402698516846,0.0004019508487544954,1412.3433837890625,10.929729461669922,8.605829548629082,0.35342895755871523
523.30615234375,83.6734619140625,-6.796889781951904,0.1736447811126709,185.64512634277344,72.94239044189453,-5.671709060668945,0.4267035722732544,118.27506256103516,93.47045135498047,-5.182232856750488,0.8582444190979004,22.918582916259766,10,1.9925156831741333,1.0677945613861084,-30.102380752563477,245.35625945648468,2595.8855967612626,8.605402555019324,0.4288109614933302,0.6150906682014465,0.6125921010971069,-2.4671528339385986,1,8.728479385375977,0.0006391650531440973,-280.1785583496094,11.955094337463379,8.605402555019324,0.4288109614933301
611.8221435546875,88.62158966064453,-6.966562747955322,0.15730559825897217,57.65464782714844,72.72633361816406,-4.402085781097412,1.3698947429656982,83.0978775024414,90.57327270507812,-4.798974990844727,1.1836954355239868,21.407167434692383,10,2.3158090114593506,0.8831173777580261,-24.118200302124023,1916.8592657446843,2596.8972183376413,8.605364895310961,0.30644842176460063,0.42655444145202637,0.16528259217739105,-24.358715057373047,0,8.556519508361816,0.0006262621027417481,-615.70947265625,13.894853591918945,8.605364895310961,0.30644842176460063
7151.98486328125,161.6709747314453,-9.636066436767578,0.024549083784222603,4473.08154296875,79.81660461425781,-9.126517295837402,0.01937832683324814,6683.44384765625,169.44203186035156,-9.562500953674316,0.02753281779587269,214.42291259765625,120,3.0984253883361816,2.1415178775787354,25.885406494140625,765.7418910300044,2627.2020985547456,8.607663393327504,0.39070624256758935,0.05425442382693291,0.05385291203856468,9.06782341003418,0,5.086277961730957,0.00037241686368361115,5573.61572265625,18.590553283691406,8.607663393327504,0.39070624256758935
1338.1697998046875,118.13606262207031,-7.816277980804443,0.09587405622005463,865.7733764648438,74.07994842529297,-7.343510627746582,0.09292364865541458,1075.726806640625,138.3783416748047,-7.579255104064941,0.13969986140727997,44.64894485473633,22,1.694071888923645,1.250799536705017,51.22417068481445,1474.5158515625224,2612.532273489972,8.606541513860927,0.338820094973024,0.2452881783246994,0.24446366727352142,-75.00914764404297,2,7.209143161773682,0.0005277409218251705,1022.7991333007812,10.16443157196045,8.606541513860927,0.33882009497302407
293.29901123046875,53.23147201538086,-6.168276309967041,0.19710049033164978,400.061279296875,73.33154296875,-6.505316257476807,0.19906464219093323,465.4455871582031,114.0988540649414,-6.66967248916626,0.26622092723846436,32.17310333251953,7,1.3805936574935913,0.5489131212234497,21.953176498413086,1573.7449973719456,2603.162675791262,8.605848493298787,0.3315576149281834,0.38940203189849854,0.38698893785476685,28.644250869750977,2,5.178494453430176,0.0003790751507040113,682.20947265625,8.283561706542969,8.605848493298787,0.33155761492818336
10817.0048828125,119.56668853759766,-10.085268020629883,0.012004193849861622,9491.2734375,87.2529296875,-9.94331169128418,0.00998355820775032,10630.505859375,122.0192642211914,-10.066385269165039,0.012465344741940498,659.2240600585938,84,1.7632133960723877,1.7232615947723389,-86.0595474243164,73.28778886011624,2626.805001552088,8.60767706274699,0.4414100316823583,0.01827680878341198,0.018100358545780182,-63.7410774230957,0,3.483416795730591,0.00025508529506623745,10634.666015625,10.579280853271484,8.60767706274699,0.4414100316823583
4963.4453125,160.12063598632812,-9.239458084106445,0.035034336149692535,2783.343017578125,77.33277130126953,-8.611416816711426,0.030173568055033684,4472.72412109375,169.38577270507812,-9.12643051147461,0.04112772271037102,138.09034729003906,96,3.2232296466827393,2.111910104751587,22.383075714111328,430.6103371768574,2634.7877566298926,8.608240035505794,0.41524449250308926,0.09051388502120972,0.0900280699133873,35.590145111083984,2,8.089509010314941,0.0005923524149693549,4289.0087890625,19.339378356933594,8.608240035505794,0.41524449250308926
21432.150390625,294.42669677734375,-10.827664375305176,0.014919052831828594,5621.07666015625,81.61727142333984,-9.37454891204834,0.015768572688102722,19824.099609375,295.87994384765625,-10.7429838180542,0.016208838671445847,174.72581481933594,354,4.7748637199401855,4.286653518676758,-64.59278106689453,370.4899990130803,2668.3931239970857,8.610704596124265,0.4196457102176353,0.07193879038095474,0.0716228187084198,-54.31904602050781,2,12.603394508361816,0.000922882289160043,19368.29296875,28.649181365966797,8.610704596124265,0.4196457102176353
1166.2230224609375,96.50518798828125,-7.666954040527344,0.08986672013998032,942.5875854492188,74.20732879638672,-7.43580436706543,0.08549778908491135,1358.055908203125,124.2625503540039,-7.83229398727417,0.0993693470954895,64.3277816772461,27,2.4343111515045166,1.211026668548584,85.85502624511719,1104.4613020633515,2636.1677973494634,8.608297554709896,0.3659076549644103,0.2501736283302307,0.24779829382896423,89.25860595703125,3,9.638023376464844,0.0007056297035887837,950.41015625,14.605867385864258,8.608297554709896,0.3659076549644103
1360.924072265625,108.25322723388672,-7.834584712982178,0.08638469129800797,1218.4527587890625,74.52235412597656,-7.714521884918213,0.06642135232686996,1811.765625,129.2546844482422,-8.145255088806152,0.07747723162174225,51.444549560546875,32,2.455325126647949,1.672387719154358,88.50874328613281,1102.109458800484,2635.9530782002626,8.608281991274346,0.3660798314726477,0.20786654949188232,0.20730839669704437,50.06221008300781,3,10.691849708557129,0.0007827842491678894,1037.476318359375,14.731950759887695,8.608281991274337,0.36607983147265777
3695.67724609375,153.2679901123047,-8.919235229492188,0.045038845390081406,2105.8173828125,76.05508422851562,-8.308551788330078,0.03922269493341446,3202.22802734375,143.21580505371094,-8.763630867004395,0.048570048063993454,87.86775970458984,70,2.5040760040283203,1.961140513420105,38.15326690673828,979.3017217102934,2641.5205488947,8.608697863944922,0.37507031705286353,0.12096745520830154,0.12049388140439987,24.95003890991211,2,8.321575164794922,0.0006092697149142623,2826.8671875,15.024456024169922,8.608697863944922,0.37507031705286337
6584.9951171875,112.17403411865234,-9.546388626098633,0.018499786034226418,5649.18212890625,81.65959930419922,-9.379963874816895,0.015698259696364403,6288.25048828125,115.76390838623047,-9.49632453918457,0.019992779940366745,409.56903076171875,71,1.8519396781921387,1.6326930522918701,-32.98310089111328,175.86843263881005,2648.9867905497504,8.609295340951354,0.4338975915061256,0.028087956830859184,0.027901846915483475,-64.00509643554688,0,3.468198299407959,0.0002539666020311415,6155.78271484375,11.111638069152832,8.609295340951354,0.43389759150612556
8179.6826171875,205.33578491210938,-9.781841278076172,0.027262018993496895,2958.319091796875,77.42098999023438,-8.6776123046875,0.028421271592378616,7489.9931640625,219.8125,-9.686203956604004,0.03187137469649315,124.17144775390625,163,6.099480152130127,1.8960694074630737,84.92570495605469,1034.7722651705774,2696.3448674600777,8.612708445004104,0.371007969520825,0.14096520841121674,0.13806627690792084,86.34520721435547,0,18.20963478088379,0.0013331922236829996,2019.17138671875,36.59688186645508,8.612708445004104,0.371007969520825
459.92120361328125,68.2169418334961,-6.656708717346191,0.16107890009880066,263.5103454589844,73.07352447509766,-6.051994323730469,0.3011564612388611,325.2220458984375,68.52789306640625,-6.280449867248535,0.22883224487304688,47.248504638671875,11,1.3250389099121094,0.8771331906318665,8.817950248718262,2026.1054775162752,2633.2040075967225,8.60801476072799,0.2984543669178883,0.2517947554588318,0.2515717148780823,-69.15676879882812,1,6.411861419677734,0.00046926390496082604,-11.713127136230469,7.950233459472656,8.60801476072799,0.29845436691788824
1101.760498046875,112.78022003173828,-7.605217933654785,0.11116691678762436,650.1552124023438,73.77811431884766,-7.032542705535889,0.1232367753982544,847.533203125,136.26405334472656,-7.320391654968262,0.17460408806800842,48.590579986572266,26,2.5733134746551514,1.7491586208343506,-76.6082992553711,1502.0514850086251,2654.2124606404077,8.609591235861336,0.3368038146048611,0.36617907881736755,0.3654566705226898,81.74290466308594,0,12.71754264831543,0.0009309615707024932,-116.22142028808594,15.43988037109375,8.609591235861336,0.3368038146048611
878.2252197265625,95.79743194580078,-7.359014987945557,0.11846165359020233,691.760498046875,73.70521545410156,-7.099889278411865,0.11571037024259567,802.8780517578125,99.77066040039062,-7.261623859405518,0.13495317101478577,49.15385818481445,21,1.82550048828125,1.3448131084442139,-52.43228530883789,1422.8014204746946,2646.146378925303,8.609006267574744,0.342604559106288,0.2787167727947235,0.27837660908699036,-64.92790985107422,0,7.4073944091796875,0.0005422598915174603,351.8067626953125,10.9530029296875,8.60900626757475,0.3426045591062776
21998.685546875,238.2891082763672,-10.85599136352539,0.01176351960748434,9804.537109375,87.78890228271484,-9.978568077087402,0.009723941795527935,20595.09375,244.81222534179688,-10.784409523010254,0.012909194454550743,324.4057312011719,285,3.81351375579834,3.5646936893463135,29.627920150756836,1764.2199192056653,2691.222197828016,8.612281846051044,0.3176161680699135,0.035664476454257965,0.03516537696123123,24.731124877929688,0,7.5220184326171875,0.000550570897758007,21021.58203125,22.88108253479004,8.612281846051044,0.3176161680699134
11226.9306640625,91.30096435546875,-10.125652313232422,0.008831696584820747,9115.904296875,86.64974975585938,-9.89949893951416,0.010322797112166882,11260.35546875,132.51963806152344,-10.128880500793457,0.01278079766780138,919.447265625,45,2.817936897277832,1.2907567024230957,36.253597259521484,1719.2289952891606,2654.1515676426507,8.609571136531535,0.32090931290192004,0.025048935785889626,0.02123781479895115,73.71981811523438,2,10.249420166015625,0.0007502230000682175,10173.9697265625,16.907621383666992,8.609571136531542,0.3209093129019094
1292.3636474609375,102.18585968017578,-7.778461933135986,0.08586890250444412,1152.0469970703125,74.49725341796875,-7.653675556182861,0.07022631913423538,1823.627685546875,169.0108642578125,-8.15234088897705,0.10064872354269028,58.93183135986328,30,2.293168544769287,1.3301808834075928,47.02791976928711,889.8830261674258,2654.4153057073727,8.609647959683784,0.38161651360286253,0.21466544270515442,0.21338509023189545,33.863182067871094,3,8.390933990478516,0.0006143606151454151,1761.6295166015625,13.759011268615723,8.609647959683784,0.3816165136028626
3200.78857421875,138.99256896972656,-8.763142585754395,0.04715898260474205,2015.8544921875,75.96477508544922,-8.261147499084473,0.04092445597052574,2794.26220703125,138.3889923095703,-8.615668296813965,0.053785376250743866,99.21693420410156,68,3.076873779296875,1.5022698640823364,38.36161422729492,776.0423720564402,2660.725890169883,8.610117481775491,0.38995116554048276,0.1123364269733429,0.11077490448951721,45.07577133178711,0,9.048303604125977,0.0006625090609304607,1543.00439453125,18.46124267578125,8.610117481775482,0.38995116554049225
159901.078125,275.62091064453125,-13.009628295898438,0.0018719342770054936,135408.53125,196.38772583007812,-12.82911491394043,0.0015750639140605927,155279.28125,238.00856018066406,-12.977784156799316,0.0016645961441099644,9103.9765625,311,2.1751341819763184,2.091370105743408,-31.028356552124023,791.1813515325607,2688.7275698737235,8.612166871821211,0.38884200063928986,0.003205816028639674,0.003146478207781911,-68.54369354248047,2,3.5830094814300537,0.0002623421896714717,159561.265625,13.05080509185791,8.61216687182122,0.3888420006392802
23502.1171875,303.64886474609375,-10.927767753601074,0.014031189493834972,7418.28955078125,84.15662384033203,-9.675759315490723,0.01232010405510664,21207.71875,302.0634765625,-10.816234588623047,0.015467997640371323,282.3393859863281,400,6.787604331970215,3.1570117473602295,-59.0342903137207,1770.152918164229,2721.162146610499,8.614473332227462,0.31718145635855677,0.05817596614360809,0.05710851773619652,-54.441104888916016,0,9.044142723083496,0.0006619757623411715,19241.314453125,40.725624084472656,8.614473332227462,0.31718145635855677
1099.3671875,84.6239013671875,-7.6028571128845215,0.08359496295452118,1122.8544921875,74.56170654296875,-7.6258087158203125,0.07211443781852722,1601.0943603515625,151.49142456054688,-8.011042594909668,0.10275452584028244,63.90061569213867,24,1.694402813911438,1.2174321413040161,24.560216903686523,888.0988142270633,2655.484340655901,8.60972635472497,0.38174711382193866,0.18607757985591888,0.18436305224895477,8.890860557556152,3,6.6053147315979,0.00048362271627411246,1643.7958984375,10.166417121887207,8.609726354724978,0.38174711382192894
1487.2611083984375,85.44900512695312,-7.930968284606934,0.06239497661590576,1348.7705078125,74.8492660522461,-7.824845314025879,0.06026696041226387,1363.705078125,89.99320983886719,-7.836801052093506,0.07166697829961777,89.19290924072266,29,1.4745416641235352,1.3021632432937622,89.75811004638672,1346.0583808736862,2659.1936855326035,8.609966924941434,0.34822159551534454,0.1077829897403717,0.10711456835269928,-65.24007415771484,0,4.756734848022461,0.00034822619636543095,980.7020874023438,8.847249984741211,8.609966924941434,0.3482215955153445
1886.4632568359375,43.564762115478516,-8.18912124633789,0.025079380720853806,1858.8502197265625,75.7379379272461,-8.173110961914062,0.044248539954423904,1881.494140625,54.59429931640625,-8.186257362365723,0.03151187673211098,420.01202392578125,11,0.9605952501296997,0.6105725169181824,-43.895179748535156,1709.7991072650516,2653.7543761280554,8.609542744916448,0.3215994169916276,0.02566205896437168,0.024692488834261894,-22.532329559326172,3,2.917179584503174,0.00021352848852984607,1752.052734375,5.763571739196777,8.609542744916448,0.3215994169916276
856.602783203125,104.98308563232422,-7.331948757171631,0.13309742510318756,270.699951171875,73.11432647705078,-6.081220626831055,0.2933216691017151,201.37686157226562,94.69415283203125,-5.760024070739746,0.5106736421585083,33.3560676574707,9,1.4574670791625977,0.7746264338493347,-70.46106719970703,69.34096335695583,2666.0800855861457,8.610553442805278,0.4416977237016397,0.294986367225647,0.2939642667770386,45.643245697021484,2,6.339881420135498,0.0004642556014005095,495.1201171875,8.744802474975586,8.610553442805278,0.44169772370163957
1042.8450927734375,116.10472106933594,-7.545549392700195,0.12090935558080673,289.4686584472656,73.03104400634766,-6.154004096984863,0.2739906907081604,347.93511962890625,124.10726165771484,-6.353745460510254,0.3873724639415741,35.38014602661133,7,1.0515105724334717,0.6493415832519531,50.18980407714844,615.4780742775135,2660.538451912697,8.610114074978405,0.40170738650342225,0.5433654189109802,0.5420748591423035,44.09322738647461,2,4.91044807434082,0.0003595514572225511,412.2550048828125,6.30906343460083,8.610114074978403,0.401707386503422
392.6322021484375,69.71715545654297,-6.484964847564697,0.19283397495746613,242.23501586914062,72.7787094116211,-5.960592269897461,0.32628512382507324,272.9830322265625,60.28360366821289,-6.090339183807373,0.23982439935207367,32.73294448852539,9,1.1713794469833374,0.7810714840888977,-4.9630818367004395,961.0260861742494,2654.8394362591253,8.60967431313347,0.376407957021005,0.29657337069511414,0.29628023505210876,57.275482177734375,1,5.699033737182617,0.0004172592598479241,110.1248550415039,7.028276443481445,8.609674313133462,0.37640795702101465
11790.4345703125,218.32969665527344,-10.178824424743652,0.020110035315155983,5371.44677734375,81.24034881591797,-9.325227737426758,0.01642518676817417,10742.3720703125,220.9130401611328,-10.077750205993652,0.02233320102095604,225.5398712158203,197,3.907632350921631,2.9280707836151123,27.165315628051758,812.952149907821,2695.5006788240507,8.61266139164243,0.3872478659333006,0.05985182896256447,0.05924607813358307,21.413911819458008,3,6.69800329208374,0.0004904136876575649,10076.890625,23.44579315185547,8.61266139164243,0.38724786593330046
6569.98974609375,116.14946746826172,-9.543911933898926,0.01919916644692421,5544.66650390625,81.50208282470703,-9.359688758850098,0.015963315963745117,6186.11083984375,124.39611053466797,-9.478544235229492,0.02183830551803112,360.7419128417969,75,1.9678491353988647,1.7519861459732056,-65.72049713134766,109.73669044827587,2686.9104023074947,8.612076436841217,0.43873896316324884,0.029053255915641785,0.02890763245522976,-59.05259704589844,0,3.695037364959717,0.0002705769438762218,6232.16650390625,11.80709457397461,8.612076436841226,0.4387389631632403
461.2204895019531,66.45572662353516,-6.65977144241333,0.1564781218767166,398.66571044921875,73.2433090209961,-6.501522064208984,0.19952112436294556,392.1047058105469,73.8031005859375,-6.4835052490234375,0.2044101059436798,40.21779251098633,11,1.239080786705017,1.0727170705795288,88.06989288330078,1310.4035622899542,2665.3073962356398,8.610417037987187,0.35083134395019777,0.2817702293395996,0.2815578877925873,68.69957733154297,0,6.207378387451172,0.0004544281982816756,205.8969268798828,7.434484481811523,8.610417037987187,0.35083134395019777
707.8052978515625,94.5125503540039,-7.124784469604492,0.1450125128030777,468.63787841796875,73.38927459716797,-6.677093505859375,0.17006894946098328,468.9132385253906,101.96380615234375,-6.677731037139893,0.23614750802516937,34.543521881103516,16,2.085359811782837,1.1375247240066528,76.57271575927734,1799.059066160059,2684.13981690855,8.611760759152766,0.3150668292056218,0.36203089356422424,0.3601692020893097,81.52389526367188,0,9.219581604003906,0.0006748144514858723,291.3384704589844,12.51215934753418,8.611760759152764,0.31506682920562185
694.3768310546875,92.30663299560547,-7.103988170623779,0.14436686038970947,512.4222412109375,73.46258544921875,-6.774069786071777,0.15569263696670532,604.2235107421875,118.75094604492188,-6.952993869781494,0.2134367972612381,41.4688720703125,16,1.6287529468536377,1.2915948629379272,29.37149429321289,955.7127970111252,2677.754631203034,8.611352555190315,0.37679636907010244,0.31293171644210815,0.3119961619377136,48.621681213378906,0,7.336578369140625,0.000537151237949729,564.5745849609375,9.772518157958984,8.611352555190315,0.37679636907010244
1509.5701904296875,120.17005920410156,-7.9471330642700195,0.08645155280828476,917.5230712890625,74.1940689086914,-7.4065423011779785,0.08781769126653671,1023.9658813476562,92.97689819335938,-7.525713920593262,0.09860964119434357,61.25193786621094,27,1.573176622390747,1.3109971284866333,-48.17034149169922,1444.225332486519,2684.6905099602213,8.611826807100634,0.3410356288567124,0.16272376477718353,0.16266241669654846,52.947731018066406,0,5.528605937957764,0.0004047159163746983,888.4075317382812,9.43906021118164,8.611826807100634,0.3410356288567124
423.0380859375,74.72933959960938,-6.565948486328125,0.1918410360813141,274.8542175292969,73.20734405517578,-6.0977559089660645,0.2892557978630066,300.3797302246094,75.06107330322266,-6.19417667388916,0.2713775932788849,24.794191360473633,9,1.2707358598709106,1.0692397356033325,77.20040893554688,1364.3495661259487,2684.4348448101046,8.611813724834246,0.34688217466121424,0.4803762435913086,0.47992709279060364,84.82359313964844,0,6.96232795715332,0.0005096846725791693,40.455013275146484,7.624415397644043,8.611813724834255,0.34688217466120397
855.7731323242188,107.05461120605469,-7.330896854400635,0.1358552873134613,306.83428955078125,72.97406768798828,-6.217259883880615,0.25828221440315247,-179.17697143554688,319.1690673828125,99.0,99.0,27.924304962158203,17,2.688596248626709,1.4942058324813843,-60.93302917480469,1250.516371803423,2693.9233498851327,8.612516386967421,0.3552144636833738,1.2480472326278687,1.1969610452651978,0.17122292518615723,17,12.0123929977417,0.0008794098976068199,3198.392822265625,16.131576538085938,8.612516386967421,0.3552144636833738
5025.35498046875,158.86915588378906,-9.252917289733887,0.0343322828412056,2821.918212890625,77.20407104492188,-8.626360893249512,0.029711566865444183,4539.35986328125,176.113525390625,-9.142486572265625,0.04213353618979454,102.01757049560547,99,2.8278329372406006,2.26719331741333,-4.970861911773682,1735.4324133972893,2706.6447393131034,8.613413074802187,0.3197225478131021,0.09600988775491714,0.09532765299081802,-0.821895956993103,0,8.5676908493042,0.000627113739028573,4763.07666015625,16.966997146606445,8.613413074802187,0.3197225478131021
676.5176391601562,87.98160552978516,-7.075697898864746,0.1412350833415985,440.450927734375,73.45638275146484,-6.609743595123291,0.18111808598041534,541.1690673828125,94.5813217163086,-6.833332538604736,0.1898026317358017,45.402748107910156,16,2.3685615062713623,0.8868943452835083,-73.8216323852539,1995.6082728328631,2700.272329523217,8.612927040808016,0.300684613826084,0.35892704129219055,0.3562358319759369,-62.788272857666016,1,8.672691345214844,0.000634726311545819,178.6100616455078,14.211368560791016,8.612927040808016,0.3006846138260842
425.7579040527344,75.06392669677734,-6.572906970977783,0.1914689689874649,141.75906372070312,72.89717102050781,-5.37887716293335,0.5584568977355957,140.62484741210938,74.09432983398438,-5.370155334472656,0.572206437587738,27.149404525756836,9,1.1782310009002686,1.13363516330719,-52.18349075317383,1209.720546820156,2699.6293401398434,8.612936989076692,0.3582006714342301,0.3014029264450073,0.3004450500011444,70.5655746459961,1,6.90244197845459,0.0005053250351920724,181.0502471923828,7.069386005401611,8.612936989076692,0.3582006714342302
1805.4716796875,140.9344940185547,-8.14147663116455,0.08477278053760529,955.47705078125,74.25694274902344,-7.450550556182861,0.08440081030130386,1148.9609375,225.49899291992188,-7.650763034820557,0.21314206719398499,54.54104232788086,43,2.5581016540527344,1.718822717666626,-22.31074333190918,1261.6705127845737,2718.414973480078,8.614308819656213,0.35439742232340654,0.17500576376914978,0.17413823306560516,-37.98323440551758,2,9.889766693115234,0.0007240102859213948,2583.6884765625,15.348609924316406,8.614308819656213,0.35439742232340643
912.7747192382812,102.32926940917969,-7.400908946990967,0.12174919247627258,338.23797607421875,73.17047882080078,-6.323055744171143,0.23493264615535736,245.5263671875,152.809326171875,-5.975245475769043,0.6758986115455627,23.81452751159668,9,1.3494787216186523,0.8170996308326721,68.46415710449219,1271.912805430631,2707.3839185556385,8.613500446244146,0.3536479255928846,0.3155563175678253,0.3141458034515381,1.0727397203445435,2,6.264581203460693,0.00045861711259931326,838.1260375976562,8.096872329711914,8.613500446244146,0.3536479255928846
1402.7005615234375,102.7552719116211,-7.867412567138672,0.07955527305603027,1105.6268310546875,74.67391967773438,-7.6090216636657715,0.07334832847118378,1256.3187255859375,107.3985366821289,-7.7477498054504395,0.09283854812383652,48.69404220581055,32,1.8680998086929321,1.4872422218322754,33.43427276611328,336.1389703261311,2713.575974435911,8.614015329997912,0.42215965053570265,0.17371591925621033,0.17325736582279205,54.047630310058594,0,8.445781707763672,0.0006184379453770816,634.5325927734375,11.208599090576172,8.614015329997901,0.4221596505357115
565.295166015625,86.42415618896484,-6.880688190460205,0.16603119671344757,373.4876708984375,73.25833892822266,-6.430690765380859,0.21301519870758057,396.8041076660156,82.53424072265625,-6.496440410614014,0.22588522732257843,27.84743881225586,12,1.667633295059204,0.9395395517349243,-41.017147064208984,712.1013536787526,2715.7385748604925,8.614149849078194,0.39463123151030993,0.39752668142318726,0.3960353434085846,-34.119632720947266,0,7.481574058532715,0.0005477953236550093,110.656005859375,10.005800247192383,8.614149849078194,0.39463123151030993
591.354736328125,82.07342529296875,-6.929620265960693,0.15072466433048248,414.35540771484375,73.26963806152344,-6.543432712554932,0.19203521311283112,382.3597412109375,72.35108184814453,-6.456180572509766,0.205495685338974,34.0509147644043,14,1.2759125232696533,1.0504904985427856,-53.67311477661133,970.0117938333343,2717.269001296547,8.614244872245079,0.3757485403414445,0.25221875309944153,0.251941442489624,-53.951866149902344,0,6.9145708084106445,0.0005062469863332808,177.08731079101562,7.65547513961792,8.614244872245079,0.3757485403414445
1801.6732177734375,121.8331527709961,-8.139189720153809,0.07343773543834686,1197.2471923828125,74.45918273925781,-7.695459365844727,0.06754050403833389,1450.83984375,123.08234405517578,-7.904048919677734,0.09213107079267502,55.22296142578125,42,1.9806052446365356,1.786483883857727,69.1617431640625,403.69708590989177,2728.4172132960784,8.615097895031209,0.4172123480082526,0.16415385901927948,0.16326113045215607,87.84174346923828,0,8.535812377929688,0.0006250212900340557,1126.897216796875,11.883631706237793,8.615097895031209,0.4172123480082526
29264.47265625,388.2627258300781,-11.165851593017578,0.014408368617296219,4789.9130859375,80.30317687988281,-9.20081901550293,0.018206855282187462,26839.740234375,390.552978515625,-11.071946144104004,0.01580270566046238,144.3027801513672,561,7.451763153076172,4.838277339935303,-41.130958557128906,1806.5810568350087,2788.517709534454,8.61940164488755,0.3145145728087613,0.10006370395421982,0.09873084723949432,-42.90257263183594,2,20.885841369628906,0.001528666471131146,21281.703125,44.71057891845703,8.619401644887535,0.31451457280878226
1046.89990234375,100.98677062988281,-7.549762725830078,0.10475847125053406,718.7545166015625,73.89234924316406,-7.141451358795166,0.11164741963148117,992.8082885742188,101.56585693359375,-7.49216365814209,0.11109951883554459,52.76027297973633,19,2.3019418716430664,1.0915218591690063,-44.643218994140625,1372.2733449100735,2732.4053930302157,8.615325367390795,0.3463011558471362,0.3429766297340393,0.3403641879558563,-35.363651275634766,2,9.490189552307129,0.0006947299116291106,76.10276794433594,13.811651229858398,8.615325367390788,0.3463011558471464
1279.6011962890625,96.96659851074219,-7.767686367034912,0.0822957381606102,1041.155029296875,74.31401062011719,-7.543788433074951,0.0775148943066597,1122.2247314453125,94.22679138183594,-7.625199794769287,0.09118520468473434,100.8504638671875,29,1.5464340448379517,1.3343665599822998,-6.268142223358154,806.0869186076831,2730.360023252755,8.6152143152836,0.38774958886184063,0.12704594433307648,0.1265328824520111,66.34001159667969,2,3.8667094707489014,0.0002831103338394314,1083.2720947265625,9.278604507446289,8.6152143152836,0.3877495888618405
1260.40185546875,108.69581604003906,-7.751272678375244,0.09365557134151459,947.2657470703125,74.15850830078125,-7.4411797523498535,0.08501958847045898,1002.8082275390625,102.60557556152344,-7.503044605255127,0.11111760884523392,55.86813735961914,30,1.7795482873916626,1.415935754776001,30.789108276367188,1666.3277845727791,2735.9519138859637,8.615563782770284,0.3247792182517779,0.1905311942100525,0.1901451051235199,17.392459869384766,0,7.225070476531982,0.000528851873241365,799.3870239257812,10.677289962768555,8.615563782770277,0.32477921825178835
1977.46923828125,121.44109344482422,-8.240274429321289,0.06669384241104126,1410.14599609375,74.89400482177734,-7.873160362243652,0.05767834559082985,1735.367919921875,119.03829956054688,-8.098479270935059,0.0744946300983429,74.79952239990234,45,1.9910062551498413,1.6726182699203491,-21.22783088684082,1471.422965561829,2741.2322435421765,8.615964543558828,0.3390437910052338,0.15075922012329102,0.15051715075969696,-74.6874008178711,0,6.5723066329956055,0.00048110762145370245,1468.3465576171875,11.946037292480469,8.615964543558828,0.33904379100523385
618.2951049804688,90.99686431884766,-6.977989673614502,0.15983079373836517,384.5024719238281,73.24818420410156,-6.462247848510742,0.20688430964946747,366.0331726074219,78.58031463623047,-6.408801078796387,0.2331434041261673,27.877185821533203,12,2.037165880203247,0.7294897437095642,19.565269470214844,1327.065819140552,2732.810269723724,8.615358205297282,0.34961021166131423,0.43429529666900635,0.4335624575614929,-32.035728454589844,0,7.284554958343506,0.0005332744913175702,-647.1456298828125,12.22299575805664,8.615358205297282,0.34961021166131423
13412.1396484375,257.1190490722656,-10.318745613098145,0.020819295197725296,4017.90625,79.19186401367188,-9.00999927520752,0.021404771134257317,12434.267578125,264.9544982910156,-10.236550331115723,0.023140935227274895,146.573974609375,262,6.619905471801758,2.5198090076446533,-85.97595977783203,1061.9116971706069,2813.483242626857,8.621283264217997,0.36901838130960757,0.10616204887628555,0.1040201336145401,84.80308532714844,0,17.942380905151367,0.0013135774061083794,7334.39599609375,39.71943283081055,8.621283264217988,0.3690183813096172
24397.00390625,210.83792114257812,-10.968340873718262,0.009385167621076107,11288.560546875,89.70306396484375,-10.131596565246582,0.008629756048321724,23756.20703125,228.50062561035156,-10.93944263458252,0.010445761494338512,384.82672119140625,253,4.1119704246521,2.7803027629852295,-28.0772647857666,1731.9373408670422,2778.1793141659014,8.61865039645357,0.3199770347767869,0.03180404752492905,0.03048514761030674,-30.1597900390625,3,9.023441314697266,0.0006604621885344386,22873.712890625,24.67182159423828,8.618650396453562,0.31997703477679734
1230.280517578125,128.22727966308594,-7.725010395050049,0.11318948864936829,353.3623962402344,73.16722106933594,-6.370551109313965,0.22486715018749237,515.6096801757812,91.73213958740234,-6.7808027267456055,0.19321030378341675,31.25617218017578,12,2.3926637172698975,0.8630148768424988,15.721964836120605,44.254552452647886,2779.4174328003287,8.618854511983962,0.4435309449290627,0.4220779240131378,0.42111024260520935,1.3265659809112549,2,8.598064422607422,0.0006296007777564228,-76.31352233886719,14.355981826782227,8.618854511983951,0.44353094492907086
916.0009765625,106.47349548339844,-7.404739856719971,0.12623372673988342,506.9573974609375,73.42487335205078,-6.7624287605285645,0.15729016065597534,587.9894409179688,95.74425506591797,-6.923423767089844,0.17683695256710052,42.55744552612305,21,1.9855778217315674,1.1014814376831055,-59.8297004699707,1879.091883688182,2744.544778943876,8.616176985091943,0.30920936668690385,0.3219849169254303,0.3214614987373352,71.80369567871094,2,8.500784873962402,0.0006221719086170197,339.9965515136719,11.913467407226562,8.616176985091936,0.30920936668691457
558.13818359375,67.67400360107422,-6.866854190826416,0.13167701661586761,550.30859375,73.49742889404297,-6.851515769958496,0.14504262804985046,738.190673828125,113.4715576171875,-7.170421600341797,0.16693533957004547,62.08314514160156,13,1.369585394859314,1.0846558809280396,39.98225021362305,513.0900505584567,2739.5000828712036,8.615902541433488,0.40920203486484347,0.2896394729614258,0.2891123294830322,-89.69649505615234,0,5.020403861999512,0.0003676030901260674,613.1094360351562,8.217512130737305,8.615902541433488,0.4092020348648435
446.9349670410156,77.32816314697266,-6.625610828399658,0.1878984421491623,306.51373291015625,73.08845520019531,-6.216125011444092,0.2589575946331024,290.5672607421875,95.36155700683594,-6.158116817474365,0.35641542077064514,31.288930892944336,9,1.9405467510223389,1.1745461225509644,-28.390966415405273,1876.266183656981,2742.531161942832,8.61602978550696,0.3094161650167448,0.5900474786758423,0.5882722735404968,-60.63816833496094,3,9.036191940307617,0.0006613596342504025,93.8135757446289,11.643280029296875,8.616029785506953,0.30941616501675534
4501.60302734375,60.11371994018555,-9.133418083190918,0.01450227852910757,4159.02294921875,79.17249298095703,-9.047478675842285,0.020673444494605064,4409.677734375,68.965576171875,-9.111017227172852,0.016984600573778152,853.675537109375,20,2.1192493438720703,0.4328724443912506,-24.924053192138672,765.226788984858,2744.1134717335085,8.61622405415313,0.39074081434872454,0.03518255800008774,0.030230842530727386,-25.362531661987305,0,5.706724166870117,0.0004178340604994446,3235.604736328125,12.715496063232422,8.616224054153138,0.3907408143487151
627.1088256835938,80.24747467041016,-6.993357181549072,0.13896910846233368,513.0346069335938,73.52071380615234,-6.77536678314209,0.15562984347343445,535.6038208007812,78.8451919555664,-6.822109222412109,0.15986794233322144,42.206600189208984,15,1.5494500398635864,0.9422827363014221,-56.63917541503906,438.92780194594104,2750.6134725067604,8.616721008541168,0.414632001322168,0.23602719604969025,0.23574621975421906,-16.305879592895508,0,6.126190185546875,0.0004485754470806569,179.88284301757812,9.296700477600098,8.616721008541177,0.414632001322159
2679.8671875,161.66641235351562,-8.570282936096191,0.06551434099674225,1383.334716796875,74.82193756103516,-7.852318286895752,0.05873967334628105,2108.141357421875,145.1930389404297,-8.309749603271484,0.07479557394981384,60.62965393066406,54,2.314195156097412,1.8442763090133667,75.22427368164062,729.5223666393321,2768.3584521254315,8.61800165363655,0.3933543107446256,0.1773638129234314,0.17699241638183594,48.15170669555664,2,8.491171836853027,0.0006217067129909992,1992.4908447265625,13.885170936584473,8.61800165363655,0.3933543107446257
376.6941223144531,63.30244827270508,-6.439971923828125,0.18249942362308502,302.3978271484375,73.19628143310547,-6.201446533203125,0.2628694772720337,309.70050048828125,72.95014190673828,-6.227355003356934,0.2558079659938812,44.6619758605957,9,1.3540011644363403,0.9555132985115051,45.52674865722656,1447.564326787741,2750.7388064500415,8.616662267366207,0.340789875636221,0.3274787366390228,0.32631993293762207,72.77891540527344,0,6.792118549346924,0.000497201457619667,-32.46997833251953,8.124007225036621,8.616662267366216,0.34078987563621077
5136.67919921875,187.5720977783203,-9.276705741882324,0.039656613022089005,2172.047119140625,76.07938385009766,-8.34217357635498,0.038038868457078934,4452.828125,195.265625,-9.121589660644531,0.047623321413993835,81.09011840820312,114,3.6776208877563477,2.470315456390381,35.89689636230469,610.676860202408,2779.1566450419245,8.618800066397892,0.4020556087508497,0.1437070369720459,0.14223141968250275,57.123924255371094,0,13.1077241897583,0.0009597434545867145,3118.98486328125,22.065725326538086,8.618800066397892,0.4020556087508496
2309.399658203125,111.828125,-8.408747673034668,0.05258740857243538,1799.39599609375,75.64136505126953,-8.137816429138184,0.045652274042367935,2273.20654296875,116.03052520751953,-8.391596794128418,0.055432338267564774,74.66969299316406,47,1.9698987007141113,1.6405086517333984,9.629874229431152,1422.8987213412859,2770.8175011766552,8.618134070673058,0.3425948319079608,0.11227497458457947,0.11167985945940018,17.45769500732422,0,6.683400630950928,0.0004892451106570661,1891.3055419921875,11.819392204284668,8.618134070673058,0.3425948319079608
6094.8408203125,150.20579528808594,-9.462406158447266,0.026764191687107086,3943.521240234375,79.28827667236328,-8.989710807800293,0.021835071966052055,5518.78466796875,160.9544677734375,-9.354608535766602,0.03167301416397095,140.10995483398438,103,2.519235610961914,2.3804006576538086,69.02821350097656,1390.9409320170714,2788.2081599920325,8.619409593149708,0.3449336143447901,0.06431740522384644,0.0640847235918045,-79.3949966430664,0,7.0259857177734375,0.0005143270827829838,5093.04150390625,15.115413665771484,8.619409593149708,0.34493361434479003
800.0275268554688,94.69769287109375,-7.257762432098389,0.12854769825935364,655.8515014648438,73.75916290283203,-7.042013645172119,0.12213504314422607,705.8453369140625,121.47528076171875,-7.121773719787598,0.18689951300621033,37.972068786621094,19,1.7775553464889526,1.1938226222991943,82.86971282958984,1162.7936505128775,2774.572441046897,8.618427363171518,0.3616341764358882,0.3043745160102844,0.3041355609893799,78.54116821289062,0,8.717092514038086,0.0006381727289408445,522.9136962890625,10.665331840515137,8.618427363171511,0.3616341764358981
1267.31640625,120.1768569946289,-7.7572126388549805,0.1029830202460289,713.243896484375,73.82635498046875,-7.1330952644348145,0.1124095544219017,835.9745483398438,121.1748046875,-7.305482864379883,0.15741607546806335,45.761985778808594,30,2.52107834815979,1.4337706565856934,-88.08956146240234,721.9066082877792,2787.428074992348,8.619398454043166,0.39391140487162984,0.25274235010147095,0.2519441843032837,88.24227905273438,2,11.392284393310547,0.0008341178763657808,777.6531982421875,15.126470565795898,8.619398454043157,0.39391140487163917
799.6453247070312,94.54261016845703,-7.257243633270264,0.12839852273464203,605.49560546875,73.47554779052734,-6.955277442932129,0.13178370893001556,656.83837890625,105.72232055664062,-7.043646335601807,0.1747986227273941,41.306095123291016,19,1.7221620082855225,1.5672197341918945,17.930068969726562,560.784963127586,2779.913427788125,8.618858700380857,0.4057086417999671,0.3378470540046692,0.33604055643081665,17.19043731689453,0,7.564408302307129,0.0005538691184483469,509.2485656738281,10.332971572875977,8.618858700380866,0.4057086417999581
929.4042358398438,108.33024597167969,-7.420511722564697,0.12658286094665527,435.2381896972656,73.4476547241211,-6.596817493438721,0.18326550722122192,610.3046875,101.10174560546875,-6.963866710662842,0.17990440130233765,34.26289367675781,13,2.5687015056610107,0.9946317076683044,47.4913215637207,970.5253339739205,2779.90532207603,8.61883102762367,0.3757094132044706,0.4205206036567688,0.4177094101905823,28.873394012451172,2,9.57016372680664,0.0007006644154898822,-625.596435546875,15.412208557128906,8.61883102762367,0.3757094132044706
8512.43359375,109.27207946777344,-9.82513427734375,0.013940722681581974,2641.556396484375,76.91629791259766,-8.554649353027344,0.03162192553281784,8116.013671875,137.8092498779297,-9.773357391357422,0.018440190702676773,414.6476135253906,46,8.618624687194824,0.4930843412876129,14.022550582885742,1554.8586595291076,2782.6066748696576,8.61898762102365,0.3329363075754246,0.10553204268217087,0.011348170228302479,13.583877563476562,18,12.356122016906738,0.0009044562466442585,-1709.9541015625,51.71174621582031,8.61898762102365,0.3329363075754246
2054.20458984375,125.04122161865234,-8.281609535217285,0.06610576808452606,1422.9248046875,75.02693176269531,-7.882955074310303,0.05726180970668793,1849.6683349609375,141.6801300048828,-8.16773509979248,0.08318497985601425,67.76753234863281,47,2.1226985454559326,1.7766501903533936,20.78437614440918,1742.8240649435068,2785.1354150143,8.619158831501066,0.3191802264197473,0.154551163315773,0.15344923734664917,29.791980743408203,3,7.719875335693359,0.0005650452803820372,1850.467041015625,12.736190795898438,8.619158831501066,0.3191802264197473
4622.865234375,101.29339599609375,-9.162278175354004,0.02379576861858368,4115.28369140625,79.2105712890625,-9.035999298095703,0.020903220400214195,4501.38525390625,109.14564514160156,-9.133365631103516,0.026332376524806023,285.843505859375,56,1.7368448972702026,1.5387942790985107,62.40044021606445,1505.5064693922145,2796.827839292365,8.620032378625087,0.3365480844530792,0.03706740587949753,0.03673892840743065,-67.72959899902344,0,3.605311870574951,0.00026391001301817596,4195.45947265625,10.421069145202637,8.62003237862508,0.3365480844530895
5122.51123046875,164.1902313232422,-9.273707389831543,0.034809213131666183,2811.37841796875,77.24163055419922,-8.622298240661621,0.029837466776371002,4796.31298828125,166.49923706054688,-9.202268600463867,0.03769940882921219,102.56785583496094,103,2.913879632949829,2.230794906616211,63.10169982910156,1094.3640512462182,2803.517592939837,8.62055137077772,0.3666428941572137,0.10381340980529785,0.10285545885562897,63.34092712402344,0,8.929612159729004,0.0006537400768138468,3905.982177734375,17.483278274536133,8.620551370777711,0.36664289415722345
478.33734130859375,76.74658203125,-6.69933557510376,0.17424269020557404,336.7613220214844,73.19667053222656,-6.318305492401123,0.23604725301265717,278.899658203125,61.159454345703125,-6.113619804382324,0.23814718425273895,37.62808609008789,8,1.1592833995819092,0.8348633050918579,-38.04082489013672,871.6715963221133,2784.511011599878,8.619174919431352,0.3829465057426751,0.35864874720573425,0.3564615249633789,-28.932809829711914,2,5.863958358764648,0.00042933091754093766,250.352294921875,6.955700397491455,8.619174919431352,0.38294650574267514
1808.3460693359375,102.97832489013672,-8.143203735351562,0.06184350699186325,1443.1385498046875,74.94815063476562,-7.898270130157471,0.056400470435619354,1498.804443359375,103.70526885986328,-7.939362525939941,0.075142502784729,104.27676391601562,38,1.71969473361969,1.5129635334014893,38.456031799316406,703.6749765894648,2791.8743863437735,8.619725215651435,0.3952461445488248,0.09769268333911896,0.09755492955446243,46.05550003051758,0,4.793329238891602,0.00035095802741125226,1113.7545166015625,10.318168640136719,8.619725215651426,0.39524614454883406
683.6007080078125,90.02212524414062,-7.087006092071533,0.1430133581161499,501.39501953125,73.5012435913086,-6.750450134277344,0.1592005342245102,579.64208984375,121.77899169921875,-6.907899856567383,0.22816145420074463,45.087547302246094,16,2.092078924179077,0.9622352719306946,-43.894874572753906,491.4635166859483,2786.439493726928,8.619341000942315,0.41078420752044664,0.4475545883178711,0.44523900747299194,-40.202972412109375,0,7.843336582183838,0.0005742987850680947,64.74371337890625,12.552473068237305,8.619341000942315,0.41078420752044664
428.5994567871094,71.57524871826172,-6.580129146575928,0.18135981261730194,388.66766357421875,73.28380584716797,-6.4739460945129395,0.20476676523685455,368.20233154296875,79.2484130859375,-6.415216445922852,0.2337404489517212,36.155487060546875,10,2.0599119663238525,0.7274782061576843,66.45503234863281,1682.5591862309655,2790.3615846471716,8.61954593735347,0.3235903685108414,0.4303624629974365,0.42916032671928406,74.46166229248047,0,7.315289497375488,0.0005354451714083552,-66.13011169433594,12.359472274780273,8.619545937353463,0.32359036851085177
496.4670104980469,79.96054077148438,-6.7397260665893555,0.17491020262241364,43.46049499511719,72.70233154296875,-4.095236778259277,1.8167011737823486,53.7371826171875,68.80569458007812,-4.325687408447266,1.3905266523361206,28.27559471130371,6,1.3981260061264038,0.8193061947822571,8.97635269165039,136.6520253249877,2779.716131621582,8.61887079685035,0.43676502348839935,1.0622179508209229,1.057647705078125,-67.51876068115234,2,6.386612415313721,0.0004676608368754387,-197.83506774902344,8.388755798339844,8.61887079685035,0.43676502348839924
2386.638671875,104.43387603759766,-8.444466590881348,0.04752088710665703,1895.7635498046875,75.71475219726562,-8.19446086883545,0.04337366670370102,2177.462158203125,112.25082397460938,-8.344876289367676,0.05598462000489235,132.14649963378906,45,1.9548232555389404,1.5520833730697632,-83.30453491210938,399.1189391153626,2808.9626483344346,8.62099609094372,0.41754518691534726,0.07906603813171387,0.07861950993537903,86.43122100830078,0,4.200356960296631,0.0003075584536418319,1986.7562255859375,11.728939056396484,8.62099609094372,0.4175451869153471
2426.710205078125,154.96994018554688,-8.462544441223145,0.06935206055641174,1260.99365234375,74.67684936523438,-7.751782417297363,0.0643136128783226,1901.6876220703125,129.74513244628906,-8.197848320007324,0.0740937739610672,58.66578674316406,36,2.226386308670044,1.7692029476165771,-48.86646270751953,674.4171478887879,2877.16952059611,8.625972453381626,0.3973860627877291,0.2021079808473587,0.20079992711544037,-66.74903869628906,3,9.197160720825195,0.0006733873742632568,1746.455810546875,13.358318328857422,8.625972453381626,0.3973860627877291
4389.04541015625,69.2118148803711,-9.105925559997559,0.01712537184357643,3388.8212890625,78.12853240966797,-8.825121879577637,0.02503749169409275,5223.34814453125,88.84735107421875,-9.294872283935547,0.01847248524427414,434.58929443359375,28,3.3883817195892334,0.4852598011493683,73.5941390991211,1354.780637995896,2820.3130573888534,8.621762687894805,0.34757973966473615,0.06467213481664658,0.05967648699879646,73.43859100341797,3,7.665833950042725,0.0005611689412035048,3145.80615234375,20.330289840698242,8.621762687894797,0.3475797396647461
19216.46484375,302.0891418457031,-10.709183692932129,0.017072277143597603,6032.4619140625,82.15808868408203,-9.451236724853516,0.014790591783821583,18815.240234375,358.36029052734375,-10.686274528503418,0.02068425714969635,214.60415649414062,369,5.243431091308594,4.524963855743408,37.16813659667969,1139.1698026906402,2933.7650175567155,8.63008420955869,0.3633600577283238,0.07608021795749664,0.07553674280643463,32.29213333129883,3,8.790291786193848,0.0006435102550312877,20599.333984375,31.460586547851562,8.630084209558689,0.3633600577283236
125001.2265625,650.261474609375,-12.74228572845459,0.005649416241794825,83.76995849609375,55.382530212402344,-4.80772066116333,0.7179832458496094,111810.1171875,492.080322265625,-12.62120246887207,0.004779524635523558,334.49298095703125,2006,539.6980590820312,0.013514343649148941,-4.0206501580541953e-05,922.735523799725,4094.0,8.715023636244512,0.379183714401059,2.564711809158325,9.440974827157333e-05,-8.69684008648619e-05,58,16.198383331298828,0.001185474218800664,-3571358.5,3238.1884765625,8.715023636244512,0.379183714401059
3470953.5,1592.4771728515625,-16.35112190246582,0.0004982579848729074,0.0,0.0,99.0,99.0,951455.9375,1006.8624877929688,-14.945971488952637,0.0011492414632812142,3489.428955078125,13611,1174.01123046875,1.011108636856079,-89.99729919433594,2.8449937026769225,2033.7666466814517,8.564247668575787,0.4465900690775619,0.5170869827270508,0.000578964245505631,-89.99736785888672,58,206.84475708007812,0.015148981474339962,-2632251.5,7044.0673828125,8.564247668575787,0.44659006907756177
3471519.0,1619.5867919921875,-16.351299285888672,0.0005066575249657035,0.0,0.0,99.0,99.0,960628.3125,959.293212890625,-14.956388473510742,0.001084490679204464,482.77520751953125,14090,1173.248291015625,0.7912852168083191,89.99657440185547,2044.1355491098916,2038.396633726676,8.56446401016434,0.29714750974730664,0.5233635902404785,0.0004546318668872118,89.9947280883789,58,182.92381286621094,0.013389106839895248,-2629687.75,7039.48974609375,8.56446401016434,0.29714750974730664
699.4923706054688,95.92192840576172,-7.111957550048828,0.14892402291297913,317.7156677246094,72.9636459350586,-6.255096435546875,0.24940074980258942,271.67645263671875,96.97378540039062,-6.085130214691162,0.3876432180404663,31.3643741607666,15,2.377446174621582,0.9489026069641113,31.98106575012207,1794.7193158818698,4038.039134597421,8.710853115797288,0.3153706913452884,0.36581915616989136,0.3646565079689026,57.18605041503906,0,8.989609718322754,0.000657721480820328,-347.0931396484375,14.264677047729492,8.710853115797288,0.3153706913452882
20631.685546875,261.4246520996094,-10.786336898803711,0.013760735280811787,6832.13671875,83.34622955322266,-9.58639144897461,0.013248271308839321,19450.4375,277.23095703125,-10.722323417663574,0.01547897420823574,217.51898193359375,327,6.3412861824035645,2.822927951812744,55.213409423828125,1801.0336026372142,4074.6181630714536,8.713528853577614,0.3149086412619985,0.0614834725856781,0.05960974469780922,53.05771255493164,16,13.317896842956543,0.0009743836126290262,11503.7314453125,38.0477180480957,8.713528853577605,0.3149086412620075
413.64886474609375,73.4703598022461,-6.541579723358154,0.1928901970386505,273.6626281738281,73.23400115966797,-6.093038558959961,0.2906210720539093,293.9704895019531,75.74628448486328,-6.170759201049805,0.2798255980014801,27.44170379638672,9,1.3336528539657593,0.874243438243866,65.06746673583984,380.3118322213449,4023.9344580232523,8.709938652056781,0.4188919415368538,0.32556620240211487,0.32511305809020996,69.42471313476562,0,6.444040775299072,0.0004716689873021096,256.2049255371094,8.001916885375977,8.709938652056781,0.4188919415368538
4376.357421875,122.8058090209961,-9.102782249450684,0.030474456027150154,3341.46630859375,78.10771942138672,-8.809843063354492,0.025385556742548943,4022.0556640625,130.53915405273438,-9.011119842529297,0.03524703159928322,145.46713256835938,71,2.1543002128601074,1.799185872077942,-49.37389373779297,615.7556135971225,4016.5146147228784,8.709377812934212,0.4016560430496407,0.06155707687139511,0.06129729375243187,-47.443763732910156,0,5.438604354858398,0.0003980614128522575,3698.017822265625,12.925801277160645,8.709377812934223,0.4016560430496332
1512.0841064453125,129.14630126953125,-7.948939800262451,0.09275468438863754,833.9609375,73.94204711914062,-7.302864074707031,0.09628876298666,1007.8240966796875,133.29673767089844,-7.508461952209473,0.14363643527030945,48.3436279296875,36,2.3176629543304443,1.650023102760315,34.07878112792969,1330.4165540025288,4011.5821446130844,8.708958618897489,0.34934605981844286,0.24536478519439697,0.24425971508026123,24.835214614868164,0,11.026237487792969,0.0008068794850260019,890.1901245117188,13.905977249145508,8.708958618897478,0.34934605981845135
1574.353271484375,116.27143859863281,-7.99275541305542,0.08020485937595367,1107.7982177734375,74.56502532958984,-7.611151695251465,0.07309779524803162,1216.3243408203125,115.81456756591797,-7.712623596191406,0.10340549796819687,67.54449462890625,37,2.120882987976074,1.5489150285720825,50.018856048583984,430.001599872729,4006.52374119845,8.708660776734801,0.4152545996280577,0.1681985855102539,0.16744495928287506,1.7686290740966797,0,8.333901405334473,0.0006099958554841578,1089.4630126953125,12.725297927856445,8.708660776734801,0.4152545996280577
884.9990844726562,99.83653259277344,-7.36735725402832,0.12251139432191849,574.8052368164062,73.62393951416016,-6.898801803588867,0.1391003429889679,601.162841796875,112.39340209960938,-6.947480201721191,0.2030385583639145,35.01688003540039,13,1.7100433111190796,0.9441157579421997,-15.081214904785156,1874.482926624007,4006.3327303557394,8.70852589130059,0.30953506345594417,0.29607081413269043,0.2945740222930908,26.95294952392578,2,7.595534324645996,0.0005557115655392408,697.7120361328125,10.260259628295898,8.70852589130059,0.30953506345594395
4019.896728515625,207.4844207763672,-9.010537147521973,0.05605320259928703,1349.01708984375,74.8216323852539,-7.825043678283691,0.0602337047457695,2497.305908203125,165.42819213867188,-8.49367904663086,0.07193952798843384,61.0005989074707,43,2.606975793838501,1.637189269065857,-2.2624258995056152,1299.5571677038686,3999.764499471583,8.70809652263443,0.35160460767929974,0.21183915436267853,0.2111191749572754,46.27306365966797,2,12.075953483581543,0.0008837086497806013,2242.669189453125,15.641855239868164,8.70809652263443,0.35160460767929963
1114.202880859375,115.38348388671875,-7.617410659790039,0.11246287822723389,637.5048828125,73.58614349365234,-7.011208534240723,0.12535519897937775,639.6319580078125,106.6902084350586,-7.014825344085693,0.181144118309021,47.8770751953125,26,1.8952502012252808,1.520188808441162,-45.48860168457031,19.651505561681034,4005.273775348369,8.708599014406674,0.44529643774420163,0.24506598711013794,0.24452726542949677,-0.48731133341789246,0,7.974864959716797,0.0005837453645654023,337.5881652832031,11.371500968933105,8.708599014406685,0.4452964377441952
480.8693542480469,77.27755737304688,-6.7050676345825195,0.17452438175678253,382.1060791015625,73.30142974853516,-6.455460071563721,0.2083331197500229,399.18218994140625,59.66769790649414,-6.502927780151367,0.16232968866825104,40.38254165649414,11,1.135910987854004,0.754298210144043,6.48866605758667,1544.9223379586836,4006.019421263136,8.70853286579948,0.33364850068229146,0.2593023478984833,0.2586512565612793,26.866100311279297,1,4.564602851867676,0.00033400440588593483,267.8974914550781,6.815465927124023,8.708532865799489,0.3336485006822827
775.7384643554688,101.91755676269531,-7.224288463592529,0.14268013834953308,350.3398742675781,73.1047592163086,-6.361224174499512,0.22661356627941132,421.17584228515625,80.64217376708984,-6.561158657073975,0.20793548226356506,26.635971069335938,15,1.9091166257858276,0.8034418225288391,-88.15850067138672,1320.7275588045286,4005.012566414002,8.708478732230558,0.350055200613912,0.32107362151145935,0.31937846541404724,-76.13961791992188,0,7.401795864105225,0.000541652727406472,245.5753631591797,11.454699516296387,8.708478732230558,0.3500552006139119
29546.3359375,358.6495361328125,-11.17625904083252,0.013182460330426693,6631.28857421875,83.04940795898438,-9.553995132446289,0.013600924983620644,28122.751953125,370.9919128417969,-11.122644424438477,0.014326379634439945,234.3450927734375,532,5.80975341796875,5.582021236419678,-37.55619430541992,1949.753108047066,3985.0860111708616,8.706964330463293,0.30402842565961324,0.07283879816532135,0.0727180764079094,66.52816772460938,0,11.12425708770752,0.0008138616103678942,24697.337890625,34.8585205078125,8.706964330463293,0.3040284256596133
460.557861328125,70.17149353027344,-6.658210277557373,0.1654650717973709,344.20672607421875,73.1231460571289,-6.342048645019531,0.23070941865444183,339.733642578125,74.42399597167969,-6.327846527099609,0.2379053682088852,39.92189407348633,11,1.7023659944534302,0.7900176048278809,23.339962005615234,355.6133803292589,3996.2221785530282,8.707912401723803,0.42070066031593045,0.27541807293891907,0.2745445966720581,22.231651306152344,0,6.926458835601807,0.0005069862818345428,15.697556495666504,10.21419620513916,8.707912401723803,0.4207006603159304
578.9996337890625,87.80072784423828,-6.90669584274292,0.16468334197998047,357.5361022949219,73.26020812988281,-6.383299827575684,0.22252461314201355,374.1087646484375,109.30221557617188,-6.432494640350342,0.31729331612586975,27.50265884399414,9,1.8838489055633545,0.6589664816856384,-84.06277465820312,894.1020098328272,3994.474409492476,8.707743000182518,0.3812809444809599,0.5217781066894531,0.5190848112106323,86.78144836425781,2,6.651710510253906,0.0004868243995588273,-99.2800521850586,11.303092956542969,8.707743000182518,0.38128094448096
456.6358337402344,78.20951843261719,-6.648924827575684,0.18600279092788696,130.46182250976562,72.87811279296875,-5.288708686828613,0.6066573858261108,130.22357177734375,68.17713165283203,-5.286724090576172,0.5685634613037109,30.15340232849121,9,1.418062448501587,0.6236031651496887,23.465341567993164,1333.9838366725432,3995.131291885181,8.70775454619082,0.34908512658999974,0.31973326206207275,0.31850937008857727,63.32632064819336,0,5.6013665199279785,0.0004098994832020253,173.35433959960938,8.50837516784668,8.707754546190811,0.34908512659000834
1803.9400634765625,131.01356506347656,-8.140555381774902,0.0788722038269043,1074.3646240234375,74.48170471191406,-7.577879428863525,0.07528834044933319,1279.424560546875,125.44552612304688,-7.767536640167236,0.10648056119680405,51.22810745239258,43,2.449533462524414,1.5680888891220093,56.59263610839844,1537.623310147963,3973.385166146166,8.706145614715744,0.3341828078178544,0.1935897022485733,0.19201283156871796,47.20998001098633,0,10.53526496887207,0.0007709049968980253,278.68695068359375,14.697200775146484,8.706145614715735,0.3341828078178632
8454.05078125,213.8809814453125,-9.817662239074707,0.027474964037537575,2971.337890625,77.4958267211914,-8.682379722595215,0.028324099257588387,6818.876953125,202.5303192138672,-9.584281921386719,0.032255738973617554,118.49121856689453,149,5.160810470581055,1.869126558303833,-5.2700653076171875,1618.9631635095357,3971.5513029788885,8.706004221694084,0.3282307819088036,0.11705046892166138,0.11442802846431732,-4.586670875549316,0,16.645801544189453,0.0012179989134892821,3681.021484375,30.964862823486328,8.706004221694075,0.3282307819088125
688.9076538085938,91.22855377197266,-7.095402717590332,0.14381347596645355,461.154052734375,73.40531921386719,-6.6596150398254395,0.17286670207977295,521.343505859375,88.83489227294922,-6.792809963226318,0.1850501447916031,33.41469955444336,16,1.5717312097549438,1.2474184036254883,9.56800651550293,2008.957024710481,3964.4495592571698,8.7054488855327,0.2996973582422331,0.30682361125946045,0.3061676025390625,-33.1146125793457,2,8.376605987548828,0.0006128284148871899,200.07427978515625,9.430387496948242,8.7054488855327,0.299697358242233
810.2844848632812,97.75364685058594,-7.2715935707092285,0.13101628422737122,468.1777038574219,73.61686706542969,-6.676026821136475,0.1707640439271927,500.14276123046875,85.80133056640625,-6.747735023498535,0.18630729615688324,36.29969024658203,15,1.5773587226867676,1.120836853981018,65.35087585449219,1563.194984645897,3962.163710040337,8.705322261249758,0.33231163762038973,0.3120001256465912,0.31107276678085327,35.437076568603516,2,7.490808010101318,0.0005481275147758424,176.86903381347656,9.464152336120605,8.70532226124975,0.3323116376203986
1046.3724365234375,105.50399017333984,-7.549215793609619,0.10949957370758057,719.065185546875,73.72229766845703,-7.141920566558838,0.11134236305952072,734.4511108398438,101.25261688232422,-7.164907455444336,0.14971771836280823,43.6600456237793,25,1.6966158151626587,1.4399391412734985,-74.51010131835938,391.59806326350446,3957.6226071969227,8.705084843164427,0.41806706472475924,0.22195717692375183,0.22103945910930634,57.88772201538086,0,7.345590114593506,0.0005376695189625025,575.8822631835938,10.179695129394531,8.705084843164427,0.4180670647247594
1964.9273681640625,141.82740783691406,-8.233366012573242,0.07838690280914307,1067.90869140625,74.41468048095703,-7.571335315704346,0.07567533105611801,1575.0089111328125,121.92236328125,-7.9932074546813965,0.08406789600849152,59.15980911254883,35,2.5605998039245605,1.3926786184310913,72.11714935302734,1978.7668647331182,3953.0957979974137,8.704621000078138,0.30190592184688536,0.24672441184520721,0.24519936740398407,61.445823669433594,2,10.308379173278809,0.0007541693630628288,716.7891845703125,15.363598823547363,8.704621000078138,0.30190592184688536
712.9993286132812,95.2501449584961,-7.132722854614258,0.1450795978307724,423.4317626953125,73.1415786743164,-6.566958427429199,0.18759043514728546,410.3269958496094,107.40686798095703,-6.532824993133545,0.2842704951763153,32.68122863769531,16,1.537238359451294,1.350316047668457,-24.03897476196289,1338.3185865919768,3955.0821850489024,8.704823599595334,0.34876823105187155,0.3103853166103363,0.31001824140548706,63.08833694458008,0,8.348128318786621,0.0006109109963290393,438.0797424316406,9.223430633544922,8.704823599595334,0.3487682310518716
646.3261108398438,88.43428802490234,-7.026129245758057,0.14859315752983093,544.184326171875,73.4871826171875,-6.839365005493164,0.14665450155735016,566.0609130859375,89.48489379882812,-6.882157802581787,0.17167869210243225,33.865196228027344,15,1.6114774942398071,1.0043115615844727,83.10172271728516,1226.0163021077872,3967.302800701808,8.70572736663764,0.3569871671130702,0.2873242497444153,0.28654956817626953,16.507400512695312,2,7.087673664093018,0.0005186881171539426,325.9900817871094,9.668865203857422,8.70572736663763,0.35698716711307865
763.818603515625,94.1463623046875,-7.207475662231445,0.1338576376438141,508.1572265625,73.54109191894531,-6.764995098114014,0.15716715157032013,504.12811279296875,82.05718231201172,-6.756352424621582,0.17676874995231628,33.257850646972656,18,1.4685555696487427,1.104637861251831,-32.191001892089844,362.33837921228235,3946.386522959049,8.704264679148611,0.42020938504332683,0.2449594885110855,0.24404023587703705,-38.76409912109375,0,7.613884449005127,0.0005573123344220221,297.28662109375,8.811333656311035,8.7042646791486,0.42020938504333377
807.9659423828125,97.1815185546875,-7.268482685089111,0.1306232362985611,527.919677734375,73.48851776123047,-6.806419849395752,0.15117552876472473,553.3388671875,96.789794921875,-6.857478141784668,0.18996265530586243,37.87991714477539,16,1.9319795370101929,1.172857403755188,-32.690364837646484,1139.686151718703,3938.2828983785375,8.703610969355413,0.36330601694388426,0.34908607602119446,0.34807828068733215,-27.651119232177734,2,8.262072563171387,0.0006046550115570426,97.48811340332031,11.591876983642578,8.703610969355404,0.36330601694389236
546.5095825195312,77.88101196289062,-6.843994617462158,0.15476174652576447,455.3192443847656,73.48126220703125,-6.645790100097656,0.17526307702064514,423.87200927734375,75.95685577392578,-6.568086624145508,0.19460861384868622,40.847503662109375,13,1.2905726432800293,1.1288371086120605,-70.10757446289062,695.839208841524,3938.972203054779,8.703696919727737,0.3957949118632353,0.25209400057792664,0.25133591890335083,-43.20691680908203,1,6.473184108734131,0.0004737896379083395,191.01214599609375,7.743435859680176,8.703696919727737,0.39579491186323523
7245.12060546875,189.6702880859375,-9.650114059448242,0.028430435806512833,3728.678466796875,78.63487243652344,-8.928887367248535,0.022902879863977432,6387.482421875,192.4337158203125,-9.513324737548828,0.032717589288949966,179.18124389648438,142,3.2335572242736816,2.7356083393096924,-25.211904525756836,229.83673712891834,3931.945241735219,8.703217391903182,0.4299102213779418,0.07225842773914337,0.07203346490859985,-62.762943267822266,0,6.52556848526001,0.00047766201896592975,6699.681640625,19.401344299316406,8.703217391903182,0.42991022137794177
2870.276123046875,137.8407440185547,-8.644808769226074,0.052153535187244415,1713.0389404296875,75.61194610595703,-8.084418296813965,0.04793503135442734,2284.498291015625,128.07566833496094,-8.396977424621582,0.06088434159755707,102.66400909423828,50,2.0959312915802,1.6422728300094604,-34.3549919128418,417.95818256533454,3931.1190432780436,8.703143211321652,0.4161378154761477,0.11596779525279999,0.1157049611210823,-47.14180374145508,2,6.321802139282227,0.0004627346061170101,2212.794189453125,12.57558822631836,8.703143211321652,0.4161378154761478
949.6212158203125,107.39166259765625,-7.443875789642334,0.1228145956993103,569.8173217773438,73.55858612060547,-6.889338970184326,0.1401933878660202,682.017578125,124.43779754638672,-7.084488868713379,0.19814658164978027,36.81462478637695,10,1.149775743484497,0.7755091786384583,84.77603149414062,1658.299627312597,3936.212806751506,8.703414941337204,0.32535261542271204,0.3497856855392456,0.34853625297546387,-23.042856216430664,2,5.196826934814453,0.00038025854155421257,617.1715087890625,6.898654460906982,8.703414941337213,0.3253526154227029
2664.505615234375,134.61148071289062,-8.564041137695312,0.05486498773097992,1668.358154296875,75.3724136352539,-8.055723190307617,0.04906287044286728,2188.572509765625,143.0780487060547,-8.350401878356934,0.07099731266498566,80.13566589355469,59,2.354556083679199,2.071317672729492,12.861122131347656,1849.8932796745087,3931.782347308135,8.703073452395838,0.3113342475597615,0.12343078851699829,0.12298803776502609,43.44700622558594,0,8.39350700378418,0.0006141157355159521,1940.846435546875,14.127336502075195,8.703073452395838,0.3113342475597615
381.26715087890625,66.30693817138672,-6.453073501586914,0.188868448138237,467.69390869140625,73.41627502441406,-6.6749043464660645,0.17047490179538727,468.3448181152344,100.40789031982422,-6.676414489746094,0.23282624781131744,34.17498779296875,9,1.8168100118637085,0.5587247014045715,83.26014709472656,7.616091258333142,3930.225187989881,8.703107178759481,0.44617952756385204,0.42074620723724365,0.418152779340744,85.18379974365234,16,6.007420063018799,0.0004397443262860179,-1010.49755859375,10.900859832763672,8.703107178759481,0.44617952756385204
3480.88232421875,153.6175537109375,-8.854223251342773,0.047927118837833405,2008.332763671875,76.2008285522461,-8.257089614868164,0.04120536893606186,2679.55908203125,165.2464599609375,-8.570158004760742,0.06697282940149307,97.98880004882812,77,3.286402702331543,2.0325915813446045,28.28541374206543,528.2786157495681,3922.354630865042,8.702493552829573,0.40806161985295286,0.10454213619232178,0.10452484339475632,-38.75431823730469,0,10.451757431030273,0.0007650214829482138,1656.1141357421875,19.718416213989258,8.702493552829573,0.40806161985295286
639.6704711914062,86.84896087646484,-7.014890670776367,0.14744774997234344,315.7145080566406,73.16130828857422,-6.248236179351807,0.251661479473114,303.3216857910156,84.90322875976562,-6.204758644104004,0.3039838969707489,37.08133316040039,15,2.207839250564575,0.7988376617431641,-48.077030181884766,95.30713005101663,3923.781755032691,8.702629471421487,0.43975959475448884,0.3076796233654022,0.3063541352748871,-16.00764274597168,0,7.941703796386719,0.0005813312600366771,-660.2108764648438,13.24703598022461,8.702629471421465,0.43975959475450216
11039.275390625,119.54459381103516,-10.107351303100586,0.011760321445763111,9736.7275390625,87.43029022216797,-9.97103214263916,0.00975166354328394,10802.966796875,122.19292449951172,-10.083857536315918,0.012283802963793278,675.2099609375,84,1.7924152612686157,1.6860262155532837,88.51266479492188,141.20424769940948,3917.809250364792,8.702189115396882,0.43639950492665314,0.017656637355685234,0.01744779571890831,-63.36998748779297,0,3.5436503887176514,0.0002593939134385437,10907.3505859375,10.754491806030273,8.702189115396871,0.43639950492665996
460.5987243652344,70.21773529052734,-6.65830659866333,0.16555942595005035,447.9332580566406,73.4974594116211,-6.62803316116333,0.17819225788116455,593.2653198242188,109.5484619140625,-6.933122634887695,0.20053359866142273,40.0012321472168,11,1.7125054597854614,0.712838888168335,0.4811169505119324,621.5663269914455,3921.569660209529,8.70242903992339,0.4012323558946489,0.5174626111984253,0.5146878957748413,-9.352227210998535,0,6.595519542694092,0.0004827538796234876,297.0452880859375,10.275032997131348,8.70242903992339,0.4012323558946489
1487793.0,683.6207275390625,-15.431356430053711,0.0004990022862330079,1247818.625,558.6936645507812,-15.240378379821777,0.0004862415371462703,1448693.75,616.1442260742188,-15.402441024780273,0.0004618868697434664,46949.01953125,855,2.475538730621338,2.35701060295105,-76.97321319580078,264.02715933032295,3899.972527175489,8.700874907352347,0.42740783243446245,0.0012153018033131957,0.0010938430204987526,-87.06966400146484,4,4.527874946594238,0.00033143613836728036,1480318.375,14.853232383728027,8.700874907352347,0.4274078324344624
1595.76806640625,102.6649169921875,-8.007424354553223,0.06986860930919647,1232.543212890625,74.57373809814453,-7.727005481719971,0.06570729613304138,1404.2861328125,103.08554077148438,-7.86863899230957,0.0797208622097969,83.66864013671875,35,1.7480038404464722,1.462220549583435,48.21107864379883,864.8236946485786,3910.0105233291183,8.701564210964317,0.38342532792311607,0.1242067739367485,0.12377309054136276,-84.18916320800781,0,5.977746963500977,0.00043751485645771027,1218.8079833984375,10.488022804260254,8.701564210964307,0.383425327923124
3049.68505859375,114.91706085205078,-8.710637092590332,0.04092223569750786,2264.656982421875,76.42134094238281,-8.387506484985352,0.03664730489253998,2761.8544921875,115.64350128173828,-8.603001594543457,0.045472651720047,148.703857421875,50,1.9234330654144287,1.6334902048110962,56.15459442138672,1218.8124288410895,3964.1677544082536,8.70549856096939,0.3575144423041524,0.07376742362976074,0.07367552816867828,55.675331115722656,1,5.3645339012146,0.0003925873024854809,2499.4716796875,11.540597915649414,8.70549856096939,0.35751444230415236
502.55621337890625,73.42839813232422,-6.7529616355896,0.15867526829242706,393.558837890625,73.52068328857422,-6.487524032592773,0.2028755396604538,401.7906494140625,88.07569885253906,-6.509999752044678,0.23805981874465942,45.24346923828125,12,1.278733730316162,0.8733205199241638,-84.42464447021484,511.0648703816963,3916.421656166604,8.702060636596645,0.40932191304823584,0.23582452535629272,0.23524720966815948,-64.14883422851562,0,4.897284984588623,0.0003584610822144896,390.556640625,7.672402381896973,8.702060636596636,0.4093219130482434
22935.22265625,149.51551818847656,-10.901257514953613,0.007079672068357468,19567.626953125,100.39069366455078,-10.728845596313477,0.005571666639298201,22343.373046875,142.79957580566406,-10.872871398925781,0.00694077555090189,1368.2314453125,129,1.93603515625,1.879607081413269,-76.70384216308594,1995.9062500717694,3902.7107329463206,8.700932831043996,0.3006521462047942,0.010634290985763073,0.01051473431289196,-57.18083953857422,0,3.4695277214050293,0.00025383589672856033,22612.78125,11.6162109375,8.700932831043987,0.3006521462048034
418.7522888183594,63.87820816040039,-6.5548930168151855,0.165662944316864,377.9046630859375,73.23710632324219,-6.443455696105957,0.2104644477367401,387.8466796875,68.6401596069336,-6.471650123596191,0.19219763576984406,47.16362762451172,10,1.1191072463989258,1.01258385181427,3.90358829498291,1212.508195875289,3905.3469183808274,8.701194722760663,0.3579764595812505,0.2828851342201233,0.28241854906082153,-66.14070129394531,0,4.535676002502441,0.0003319373354315758,235.38479614257812,6.714643478393555,8.701194722760663,0.3579764595812505
1337.879638671875,117.47505950927734,-7.816042423248291,0.09535828977823257,816.0226440429688,74.02568054199219,-7.279255390167236,0.09851673990488052,984.2070922851562,99.99386596679688,-7.482716083526611,0.11033586412668228,58.37666702270508,22,2.280940294265747,1.0729384422302246,-38.93451690673828,1355.1129721571772,3886.2872623121702,8.699787996880765,0.3475397504062243,0.2716268301010132,0.26978135108947754,-60.68709182739258,2,9.365344047546387,0.0006853624363429844,271.00506591796875,13.68564224243164,8.699787996880756,0.3475397504062329
1466.357666015625,93.46560668945312,-7.915599822998047,0.0692216157913208,1283.7330322265625,74.93860626220703,-7.771186828613281,0.06339583545923233,1322.059814453125,96.13824462890625,-7.803127765655518,0.07897232472896576,86.94156646728516,31,1.5930976867675781,1.3740524053573608,45.01872253417969,1492.5139514484863,3883.21071423359,8.699551109079009,0.33748444340481915,0.12238901108503342,0.12206237018108368,7.234611988067627,0,5.164421081542969,0.00037791821523569524,1201.692626953125,9.558586120605469,8.699551109079009,0.33748444340481926
466.6253662109375,73.54206085205078,-6.672420978546143,0.17115803062915802,384.9954833984375,73.4206771850586,-6.463639259338379,0.20710594952106476,377.1705017089844,70.8772201538086,-6.441344261169434,0.20407921075820923,45.07666778564453,11,1.3759442567825317,0.8746269941329956,32.94358444213867,1922.387388338054,3878.545042573347,8.69917142505098,0.3060306454772722,0.29012468457221985,0.2891707122325897,33.83518600463867,3,4.953773021697998,0.0003624405653681606,236.54884338378906,8.25566577911377,8.699171425050972,0.30603064547728154
393.7574462890625,69.97127532958984,-6.488071918487549,0.19298379123210907,260.9372253417969,73.15528869628906,-6.041340351104736,0.30446648597717285,210.07708740234375,85.38465881347656,-5.8059468269348145,0.44139862060546875,32.042266845703125,9,1.9503400325775146,0.603247880935669,3.006779670715332,1917.506484546522,3879.6136675039697,8.69925006477326,0.30638772774057377,0.4289717972278595,0.4255937337875366,20.06264877319336,3,6.47361946105957,0.0004736407718155533,75.06640625,11.70203971862793,8.69925006477326,0.30638772774057377
879.6947631835938,92.33704376220703,-7.360829830169678,0.11399184912443161,646.0253295898438,73.60037994384766,-7.025623798370361,0.12372581660747528,759.8634643554688,97.05178833007812,-7.201838970184326,0.13870681822299957,42.019752502441406,21,1.9808372259140015,1.2031294107437134,78.38925170898438,1974.2235224262563,3910.305608291538,8.701490553816885,0.30223835266993476,0.27035287022590637,0.26862186193466187,89.30081939697266,0,9.241166114807129,0.0006761024706065655,466.37261962890625,11.88502311706543,8.701490553816894,0.3022383526699254
441.3314514160156,74.52149200439453,-6.611912250518799,0.1833776831626892,230.89015197753906,73.07606506347656,-5.90851354598999,0.3437158763408661,248.77139282226562,78.3966293334961,-5.989500999450684,0.34223684668540955,26.808549880981445,10,1.4171963930130005,1.0553698539733887,-67.39016723632812,688.3517528442881,3873.6058692819956,8.698913700985793,0.39634415904142184,0.3588385581970215,0.358343243598938,-7.995334148406982,0,7.30820369720459,0.0005349200800992548,290.35601806640625,8.503178596496582,8.698913700985793,0.3963441590414216
546.6292724609375,71.3091049194336,-6.844232082366943,0.1416713148355484,436.42718505859375,73.30667114257812,-6.5997796058654785,0.1824154108762741,423.1986999511719,64.77351379394531,-6.566360950469971,0.16621987521648407,48.36815643310547,13,1.4084503650665283,0.7552185654640198,-64.66065216064453,1806.9380639177034,3868.8618104726097,8.698473385359456,0.314477241803274,0.1906384974718094,0.18976770341396332,-34.90721130371094,0,5.341559410095215,0.0003908339131157845,177.88600158691406,8.450702667236328,8.698473385359456,0.3144772418032739
390.6679992675781,69.24995422363281,-6.479519367218018,0.19250476360321045,268.53021240234375,73.11067199707031,-6.072483062744141,0.29567694664001465,280.3952331542969,90.26141357421875,-6.119426727294922,0.3495918810367584,27.894227981567383,9,1.2149325609207153,0.6821187138557434,-23.273822784423828,59.86295930092291,3868.629074453865,8.698595293526612,0.44235597654182934,0.296269953250885,0.294397234916687,-7.485793590545654,1,5.4196085929870605,0.00039672342245467007,400.3326416015625,7.289595603942871,8.698595293526601,0.4423559765418361
1218.19873046875,115.9643783569336,-7.714295387268066,0.10337994247674942,669.9136962890625,73.66876220703125,-7.065047264099121,0.1194247454404831,892.8207397460938,119.48918914794922,-7.37691068649292,0.14534302055835724,38.25169372558594,24,2.1217408180236816,1.6259944438934326,51.469451904296875,1242.1084007144864,3864.1276964619747,8.69817586610124,0.3558104719428091,0.3294224143028259,0.3278559744358063,78.2074966430664,2,10.828253746032715,0.0007924544042907655,298.146240234375,12.73044490814209,8.69817586610123,0.3558104719428177
1133.169677734375,118.3464584350586,-7.635737419128418,0.11342012882232666,473.92840576171875,73.34093475341797,-6.689281940460205,0.16805967688560486,789.3831176757812,106.86264038085938,-7.243219375610352,0.14701710641384125,34.16729736328125,15,3.455484628677368,0.8035721182823181,47.37125778198242,1302.097398846081,3857.858913785637,8.697712114877655,0.3514200357143029,0.4243384599685669,0.42160871624946594,36.84729766845703,2,9.979129791259766,0.0007302990416064858,-800.955322265625,20.732908248901367,8.697712114877655,0.35142003571430297
2150.651611328125,114.9795913696289,-8.331424713134766,0.05806046724319458,1585.5667724609375,75.20934295654297,-8.00046157836914,0.051513031125068665,1893.769775390625,116.53153991699219,-8.193318367004395,0.06682610511779785,86.50765991210938,46,1.8684656620025635,1.744308352470398,86.49150848388672,880.9133367350166,4072.594200831114,8.713460664561612,0.38224526123673735,0.1185072809457779,0.11811745166778564,-65.29402160644531,0,6.116799831390381,0.00044766446808353066,1527.067138671875,11.210794448852539,8.713460664561612,0.38224526123673713
763.35205078125,98.92662048339844,-7.206812381744385,0.14074018597602844,407.8685607910156,73.45896911621094,-6.526300430297852,0.19559352099895477,675.7274169921875,146.14462280273438,-7.074429035186768,0.234877347946167,39.93870162963867,17,1.9671369791030884,1.4261081218719482,-44.10629653930664,2017.512041952049,3847.878968123416,8.696918804470995,0.29907166667329826,0.501566469669342,0.5008137226104736,-67.18922424316406,2,10.030680656433105,0.0007338655414059758,535.9747924804688,11.80282211303711,8.696918804470995,0.29907166667329826
32149.861328125,162.4652099609375,-11.267948150634766,0.005487962160259485,27374.6484375,109.55482482910156,-11.093371391296387,0.004346230998635292,31282.083984375,151.3423614501953,-11.238239288330078,0.005254055373370647,1839.5787353515625,147,1.9738507270812988,1.9248892068862915,-48.2327995300293,1190.4323494625355,3843.038311540493,8.696636801582578,0.359592905007817,0.008411884307861328,0.008321013301610947,-64.72842407226562,0,3.537447929382324,0.00025889065000228584,31860.2578125,11.843104362487793,8.696636801582569,0.35959290500782537
564.7196044921875,84.69507598876953,-6.879581928253174,0.16287526488304138,184.4888916015625,72.85409545898438,-5.664925575256348,0.42885807156562805,225.76730346679688,75.635498046875,-5.884152412414551,0.36382660269737244,21.818944931030273,9,1.692878007888794,0.8561397194862366,27.9444522857666,91.84802294526558,3847.7552205651236,8.697065274494589,0.44001477589833177,0.7027255296707153,0.7008156776428223,56.90571975708008,0,7.193061351776123,0.0005265451036393642,105.7247085571289,10.157268524169922,8.697065274494578,0.4400147758983383
2708.853759765625,132.3873748779297,-8.581963539123535,0.05307510122656822,1793.5587158203125,75.63187408447266,-8.134288787841797,0.04579510912299156,2415.272705078125,136.90721130371094,-8.457415580749512,0.06155877560377121,71.14655303955078,59,2.222269296646118,2.053463935852051,24.114913940429688,1791.2605050239558,3840.8666050814336,8.69642629268809,0.31562442716550726,0.1297256499528885,0.1295323222875595,18.5872802734375,0,8.21084976196289,0.0006007853080518544,1554.174560546875,13.333616256713867,8.69642629268808,0.31562442716551653
1449.8707275390625,110.92356872558594,-7.903323173522949,0.08308533579111099,1103.9593505859375,74.4178466796875,-7.607382774353027,0.07320720702409744,1207.5137939453125,106.85285186767578,-7.704730033874512,0.0961000993847847,60.10927200317383,34,2.011777877807617,1.39937162399292,-59.82149124145508,1033.6448370610126,3840.377228956808,8.696454796512958,0.3710688602946481,0.17486044764518738,0.17378197610378265,-62.12315368652344,0,6.696134090423584,0.0004900842905044556,738.5032958984375,12.070667266845703,8.696454796512958,0.37106886029464803
9710.7880859375,92.91101837158203,-9.968135833740234,0.010390646755695343,8408.7138671875,85.66490173339844,-9.811823844909668,0.011063771322369576,9568.658203125,127.28417205810547,-9.952127456665039,0.014446185901761055,952.7125244140625,49,2.701148509979248,1.2543847560882568,59.01640319824219,355.1379284574447,3841.8781601748783,8.696616437910095,0.4207388077632215,0.020990930497646332,0.019099311903119087,-63.12046432495117,2,11.0283784866333,0.0008072734926827252,8452.0703125,16.206890106201172,8.696616437910095,0.42073880776322153
4053.07666015625,65.4889907836914,-9.019461631774902,0.017547421157360077,2496.791259765625,76.62979125976562,-8.49345588684082,0.0333307608962059,3871.76416015625,83.8864517211914,-8.969772338867188,0.023529503494501114,607.0094604492188,25,3.8798434734344482,0.3919971287250519,41.81245422363281,342.3753345282729,3827.988591411211,8.69560077709824,0.42167348375384334,0.0811251550912857,0.07683510333299637,41.50790023803711,3,7.370134353637695,0.0005394944455474615,1646.4678955078125,23.27906036376953,8.695600777098251,0.42167348375383606
1107.0404052734375,118.26891326904297,-7.610408782958984,0.11602109670639038,530.1006469726562,73.80555725097656,-6.810895919799805,0.15120305120944977,512.2530517578125,109.45750427246094,-6.773711204528809,0.2320549339056015,31.73856544494629,18,2.2816927433013916,1.2790429592132568,-45.616180419921875,1984.313336542957,3837.888406898426,8.696190847748564,0.30150036299981425,0.3273528218269348,0.32623282074928284,-50.616878509521484,0,10.231745719909668,0.0007485902169719338,-254.12879943847656,13.690156936645508,8.696190847748557,0.3015003629998237
466.2628173828125,78.31178283691406,-6.671576976776123,0.18240055441856384,203.57757568359375,72.88629913330078,-5.771824836730957,0.3888174891471863,260.35296630859375,70.67428588867188,-6.038906097412109,0.29480084776878357,32.84958267211914,10,1.6238818168640137,0.7780670523643494,-5.7044677734375,412.4174172463896,3841.002684261266,8.696548194634136,0.41654535299728274,0.44075408577919006,0.4380497932434082,-11.422122955322266,0,6.711306095123291,0.0004912610165774822,37.47854995727539,9.743290901184082,8.696548194634136,0.4165453529972828
414.1222229003906,73.53821563720703,-6.542821407318115,0.19284765422344208,124.79907989501953,72.98365020751953,-5.240528583526611,0.6351028084754944,94.7295913696289,78.1546630859375,-4.941214084625244,0.8959815502166748,35.228572845458984,9,1.7473467588424683,0.8901826739311218,-16.235187530517578,779.1551689384551,3837.3660368034434,8.696254471392779,0.38969758657447534,0.5278950333595276,0.5259513854980469,-1.9734529256820679,0,7.4541850090026855,0.0005456011276692152,-205.54742431640625,10.48408031463623,8.696254471392779,0.3896975865744752
1381.3616943359375,116.38321685791016,-7.850768566131592,0.0914982482790947,897.0106811523438,74.21663665771484,-7.381994247436523,0.0898531824350357,992.8053588867188,108.07159423828125,-7.492160320281982,0.11821627616882324,40.62511444091797,29,1.8273835182189941,1.5375878810882568,-5.739571571350098,872.0780959769676,3834.1291111556425,8.69601034604352,0.3828954645468368,0.19661392271518707,0.1962556391954422,-50.995704650878906,2,7.813677787780762,0.0005719018517993391,869.20947265625,10.964301109313965,8.696010346043511,0.38289546454684503
4367.990234375,103.62757110595703,-9.100704193115234,0.025764605030417442,3821.95751953125,78.80721282958984,-8.955714225769043,0.0223928801715374,4178.8251953125,107.32530212402344,-9.052635192871094,0.02789187617599964,272.0998840332031,57,1.6860183477401733,1.5548746585845947,7.986423969268799,348.0494961357827,3817.7418750673373,8.694850401155149,0.42125829994796005,0.039336662739515305,0.03929606080055237,-74.58030700683594,0,3.5626022815704346,0.00026078359223902225,3853.5341796875,10.116109848022461,8.69485040115516,0.4212582999479527
2513.724365234375,164.5983123779297,-8.500794410705566,0.07111112773418427,1165.587890625,74.63214111328125,-7.666362762451172,0.06953616440296173,1799.5933837890625,133.239990234375,-8.137935638427734,0.0804062932729721,50.050621032714844,50,2.484762668609619,1.7065232992172241,-27.554662704467773,1395.6446931096264,3806.9999112147257,8.693982401549842,0.34457418795429684,0.2168315201997757,0.2158101499080658,-23.972944259643555,2,12.342398643493652,0.0009032375528477132,1315.7589111328125,14.908576011657715,8.693982401549842,0.34457418795429673
1783.63134765625,80.9127197265625,-8.128262519836426,0.04926534369587898,1706.6072998046875,75.46258544921875,-8.080333709716797,0.04802063852548599,1706.53173828125,85.69591522216797,-8.080286026000977,0.05453503131866455,132.1772918701172,30,1.4021778106689453,1.209510326385498,-62.92401885986328,1010.6569137530606,3805.351812259847,8.693893333337071,0.3727519963193992,0.07352344691753387,0.07307613641023636,-79.22390747070312,0,3.5787415504455566,0.0002619297883938998,1599.76513671875,8.413066864013672,8.693893333337071,0.3727519963193991
14549.6875,129.89547729492188,-10.407134056091309,0.009695499204099178,12671.8857421875,91.80831909179688,-10.257102966308594,0.007868113927543163,14182.650390625,127.61952209472656,-10.379393577575684,0.009772136807441711,811.3014526367188,99,1.83418607711792,1.7666215896606445,-53.797515869140625,442.65131199061256,3800.536661280778,8.693584268294499,0.41433278348006697,0.01468634232878685,0.014534336514770985,-65.28121185302734,0,3.5320658683776855,0.00025854608975350857,14344.396484375,11.00511646270752,8.693584268294499,0.414332783480067
4385.96728515625,167.11337280273438,-9.10516357421875,0.04137858748435974,2274.2529296875,76.27189636230469,-8.392096519470215,0.03642131760716438,3321.454833984375,167.92442321777344,-8.80332088470459,0.05490543693304062,99.07420349121094,81,2.801565170288086,1.9551273584365845,67.07445526123047,61.67282068974059,2916.7293771490804,8.62890818988972,0.44225100885655316,0.10649742931127548,0.10521475225687027,60.751007080078125,0,8.648837089538574,0.000633294926956296,3803.447265625,16.809391021728516,8.62890818988971,0.4422510088565612
608.1564331054688,86.4583740234375,-6.960038185119629,0.1543908566236496,433.65838623046875,73.33064270019531,-6.592869281768799,0.18364012241363525,444.06982421875,117.6969985961914,-6.618628025054932,0.2878352403640747,37.221981048583984,14,2.4182538986206055,1.4068704843521118,-42.96569061279297,1965.6474646110928,2890.840700359116,8.626879991565954,0.30287383954058666,0.4562785029411316,0.454641193151474,-12.387907981872559,0,11.051054000854492,0.0008087648311629891,-93.78447723388672,14.509523391723633,8.626879991565954,0.30287383954058655
2625.259521484375,133.14804077148438,-8.547930717468262,0.05507980287075043,1660.6517333984375,75.33199310302734,-8.05069637298584,0.04926411807537079,2425.68408203125,130.64288330078125,-8.462085723876953,0.05848996341228485,89.98770141601562,58,2.708098888397217,1.4905043840408325,-11.304227828979492,1420.1214402866703,3745.023704900135,8.68944484734636,0.3427834748001771,0.14776325225830078,0.14592024683952332,-14.432682991027832,0,8.2582426071167,0.000604359433054924,1811.6214599609375,16.248592376708984,8.689444847346351,0.342783474800186
2182.310302734375,124.60454559326172,-8.347290992736816,0.062007926404476166,1403.5867919921875,74.9112548828125,-7.868098258972168,0.05796122923493385,1678.90380859375,176.2014617919922,-8.062564849853516,0.11397603154182434,116.26472473144531,45,2.11212158203125,1.710759162902832,-64.2372055053711,1136.4698835502388,3647.3658170073995,8.682320807120782,0.3635451349536299,0.10529517382383347,0.10504358261823654,78.22669982910156,3,4.817070484161377,0.00035256947739981115,2275.359619140625,12.6727294921875,8.682320807120773,0.36354513495363855
32025.1953125,158.89804077148438,-11.263729095458984,0.005388359539210796,27487.7734375,109.79643249511719,-11.097848892211914,0.0043378896079957485,31216.8671875,150.24559020996094,-11.235973358154297,0.005226876586675644,1903.4078369140625,139,1.9874225854873657,1.8785297870635986,61.67838668823242,983.9650718540912,2845.9254107016004,8.623663935898747,0.3747239298452599,0.008454089052975178,0.008347859606146812,-72.4958724975586,0,3.5247721672058105,0.0002580552245490253,32101.921875,11.924535751342773,8.623663935898747,0.37472392984526
3536.61962890625,164.39161682128906,-8.87147045135498,0.05048020929098129,1794.2437744140625,75.60523986816406,-8.134703636169434,0.04576150327920914,3065.20654296875,164.2606964111328,-8.71614933013916,0.058197420090436935,71.35289001464844,81,3.0074095726013184,2.1930882930755615,-13.57817554473877,1616.6639957609375,2880.7023045597266,8.626164594827262,0.32841121855826116,0.15479019284248352,0.15432778000831604,-8.82777214050293,0,11.801741600036621,0.0008638360304757953,2637.899169921875,18.044456481933594,8.626164594827262,0.3284112185582613
443.9706726074219,75.0098876953125,-6.6183857917785645,0.18348224461078644,206.3374786376953,72.91973876953125,-5.786445140838623,0.38379278779029846,103.43472290039062,105.57479095458984,-5.036665916442871,1.1084693670272827,28.68981170654297,10,2.9279258251190186,0.9360876679420471,84.16226959228516,922.1226926906284,2867.158326940165,8.625222776104737,0.37925088787247296,0.5029156804084778,0.5002518892288208,-29.93047332763672,2,9.914020538330078,0.0007258326513692737,-1419.834228515625,17.567554473876953,8.625222776104737,0.3792508878724729
464.7514953613281,72.80046081542969,-6.6680521965026855,0.17011521756649017,387.220703125,73.338623046875,-6.46989631652832,0.20568566024303436,413.0981750488281,77.30857849121094,-6.540132999420166,0.20323768258094788,31.55279541015625,11,1.384084939956665,1.0459628105163574,-55.859989166259766,1741.4547330958621,2836.1069891895027,8.622890474250456,0.31927956348485814,0.3973955810070038,0.395609050989151,-53.20437240600586,0,7.1889543533325195,0.0005261790356598794,219.37376403808594,8.304510116577148,8.622890474250463,0.3192795634848477
591.7332763671875,82.21757507324219,-6.930315017700195,0.15089279413223267,495.97393798828125,73.43505096435547,-6.738646984100342,0.1607956886291504,483.6408386230469,88.18988800048828,-6.711307525634766,0.198027566075325,36.31498336791992,14,2.094149589538574,0.8821614384651184,58.771095275878906,1082.0964756249657,2911.8951808727634,8.62848709235018,0.36753853015605636,0.31371915340423584,0.31210857629776,46.8770751953125,1,8.12935733795166,0.0005951386992819607,174.98287963867188,12.564897537231445,8.62848709235018,0.36753853015605636
2308.61083984375,139.05580139160156,-8.408376693725586,0.06541362404823303,1400.18505859375,74.93367767333984,-7.865463733673096,0.05811943858861923,1805.5479736328125,132.85122680664062,-8.141522407531738,0.07990728318691254,67.1111068725586,54,2.7747650146484375,1.5148133039474487,54.650062561035156,1198.1662394229497,3652.66350252986,8.682703621191122,0.35902922203079374,0.16299419105052948,0.16167905926704407,49.78837585449219,0,9.429817199707031,0.0006901700980961323,1143.7021484375,16.648590087890625,8.682703621191113,0.35902922203080245
837.3250732421875,94.57369995117188,-7.307235240936279,0.12266089022159576,444.1522521972656,73.31962585449219,-6.618829727172852,0.17927436530590057,399.4739990234375,85.0423583984375,-6.503721237182617,0.23119401931762695,41.21697998046875,12,2.5286412239074707,0.7082028985023499,87.26403045654297,140.2139472869777,2867.842216731383,8.625323651767316,0.4365013943921784,0.29059138894081116,0.28932228684425354,-12.215312957763672,2,8.002931594848633,0.000586002366617322,-103.51078033447266,15.171847343444824,8.625323651767316,0.4365013943921784
497.06805419921875,81.19641876220703,-6.741039752960205,0.17739887535572052,125.87454986572266,72.8415756225586,-5.249845027923584,0.6284506916999817,68.68034362792969,92.2751693725586,-4.592081069946289,1.4590904712677002,28.57460594177246,9,1.5620602369308472,1.3582513332366943,37.73442077636719,1537.3751720934843,3647.0780658459043,8.68226702455793,0.3342035209592349,0.3020954132080078,0.255128413438797,42.767757415771484,0,8.71623420715332,0.0006378697580657899,-488.486083984375,9.372361183166504,8.68226702455793,0.33420352095923483
4590.06298828125,177.6739959716797,-9.154546737670898,0.042037323117256165,2169.917724609375,76.2137222290039,-8.341108322143555,0.03814342990517616,4020.351318359375,169.36708068847656,-9.010660171508789,0.045750390738248825,89.88988494873047,92,3.27875018119812,2.086402416229248,22.531064987182617,1460.7114818318996,2873.0018406349336,8.62561242409712,0.3398252211662779,0.13853448629379272,0.13762855529785156,21.71617317199707,2,11.439878463745117,0.0008374006138183177,3012.108154296875,19.672500610351562,8.62561242409712,0.33982522116627784
3385.256103515625,133.3191680908203,-8.823978424072266,0.0427691750228405,2302.5439453125,76.48226928710938,-8.405519485473633,0.03607303649187088,3081.086669921875,140.1488037109375,-8.721759796142578,0.04939867556095123,98.79039001464844,68,2.3239564895629883,2.0089361667633057,81.20635223388672,826.1194781492476,2878.905361680959,8.626089388446001,0.3862791626723628,0.0974961593747139,0.09701863676309586,-88.7281723022461,0,7.18078088760376,0.0005257357261143625,2717.94189453125,13.94373893737793,8.626089388446001,0.38627916267236284
1893.428466796875,106.1076889038086,-8.193121910095215,0.06085941568017006,1412.5899658203125,75.00999450683594,-7.875040531158447,0.057667724788188934,1705.7337646484375,112.20142364501953,-8.079777717590332,0.07143597304821014,90.19142150878906,40,2.0506937503814697,1.4773869514465332,-88.00891876220703,1341.9642119043162,2845.4134305993693,8.623601273698869,0.3485173485631925,0.11019746959209442,0.10972731560468674,-80.47247314453125,0,6.703219890594482,0.0004907008842565119,1345.7081298828125,12.304162979125977,8.623601273698862,0.34851734856320243
599.2547607421875,88.50928497314453,-6.944028854370117,0.16040103137493134,530.0681762695312,73.49211883544922,-6.810829162597656,0.1505701243877411,501.39068603515625,65.72477722167969,-6.75044059753418,0.14235825836658478,35.07600784301758,9,1.2271028757095337,0.8308549523353577,71.03761291503906,921.4888551775429,2867.2016164935467,8.625225988963976,0.37929729037079246,0.3422966003417969,0.3410555124282837,-75.47998809814453,3,4.269186496734619,0.00031255881185643375,418.20452880859375,7.362617492675781,8.625225988963976,0.3792972903707925
2822.448974609375,148.4747772216797,-8.626564979553223,0.05712897330522537,1540.14599609375,75.24667358398438,-7.968904972076416,0.05305853113532066,2171.19677734375,130.80479431152344,-8.341748237609863,0.06542659550905228,65.70387268066406,51,2.0819015502929688,2.0025672912597656,5.144960880279541,823.2385804681805,2826.277061509208,8.622236240906037,0.38649138926217225,0.14822864532470703,0.14748884737491608,68.09380340576172,2,8.17263412475586,0.0005983620649203658,1514.3470458984375,12.491409301757812,8.622236240906046,0.38649138926216287
711.6618041992188,87.13076782226562,-7.1306843757629395,0.13296204805374146,518.7796630859375,73.47322845458984,-6.787457466125488,0.15380696952342987,461.9605712890625,83.26364135742188,-6.66151237487793,0.19574032723903656,50.13724899291992,17,1.739414095878601,0.9893972873687744,-20.615753173828125,1554.4661495080315,2872.691060613632,8.625582747290565,0.33296337200974724,0.2432062029838562,0.24147306382656097,-30.34444808959961,0,7.844132900238037,0.0005741714267060161,-172.70159912109375,10.436484336853027,8.625582747290565,0.33296337200974724
485.4333190917969,78.15310668945312,-6.7153239250183105,0.17484229803085327,311.0235900878906,73.09603881835938,-6.231983184814453,0.2552291750907898,264.8240966796875,74.30014038085938,-6.057393550872803,0.3046926259994507,43.53900146484375,11,1.3590548038482666,1.0458420515060425,31.315832138061523,1520.0074073971414,4072.4100375554804,8.713392855010836,0.33547131589726065,0.32012444734573364,0.3191852569580078,-84.81748962402344,0,6.399440765380859,0.000468257610918954,10.071993827819824,8.154329299926758,8.713392855010836,0.33547131589726054
1892.279296875,118.48661804199219,-8.192462921142578,0.06800077855587006,1296.4102783203125,74.73513793945312,-7.781856060028076,0.06260546296834946,1412.9730224609375,119.14591979980469,-7.875334739685059,0.09157462418079376,73.36373901367188,43,2.4222779273986816,1.4040589332580566,43.826026916503906,464.7908451293385,2849.773543830898,8.623980187203385,0.41273540376847223,0.1274409145116806,0.12708473205566406,72.54498291015625,0,8.602890014648438,0.0006299070664681494,787.2158813476562,14.53366756439209,8.623980187203385,0.41273540376847223
31023.927734375,240.5601043701172,-11.229242324829102,0.00842086412012577,12419.40625,91.21688842773438,-10.235252380371094,0.0079763513058424,30031.138671875,255.32508850097656,-11.193929672241211,0.009233184158802032,390.3805236816406,328,4.220345497131348,3.4017622470855713,-51.197933197021484,514.9147857385046,2879.4479302422756,8.626149742380926,0.40906448092476716,0.03067156672477722,0.02992740087211132,-52.49412155151367,0,9.339423179626465,0.0006838248227722943,29247.783203125,25.322072982788086,8.626149742380926,0.40906448092476716
400.8139343261719,71.39208221435547,-6.507357120513916,0.1934358924627304,165.0247802734375,72.96516418457031,-5.543872833251953,0.4801713228225708,139.1931610107422,70.46318817138672,-5.359044551849365,0.5497613549232483,40.71747589111328,9,2.4139723777770996,0.49436554312705994,41.938987731933594,350.35229073585015,3680.665026776739,8.684817085787444,0.4210928489862233,0.40265658497810364,0.08789681643247604,42.076873779296875,0,6.520346641540527,0.00047731364611536264,-1171.3448486328125,14.483834266662598,8.684817085787444,0.42109284898622323
2903.851806640625,122.66873168945312,-8.65743637084961,0.0458763912320137,2117.097412109375,76.01813507080078,-8.314352035522461,0.03899475559592247,2708.626953125,123.90983581542969,-8.581872940063477,0.04968055337667465,118.54756164550781,58,2.2428693771362305,1.6286354064941406,39.46013641357422,2001.7445420630097,3674.46298045329,8.684230718738286,0.3002256848060145,0.09484890103340149,0.09416823089122772,20.85706901550293,0,6.077427387237549,0.0004446661623660475,2476.58984375,13.457216262817383,8.684230718738286,0.3002256848060145
1977.564697265625,154.30224609375,-8.240326881408691,0.084736667573452,773.6178588867188,73.89844512939453,-7.221316337585449,0.10373818874359131,1325.8465576171875,137.8413848876953,-7.806232929229736,0.11290578544139862,42.28102493286133,23,2.503418207168579,1.8540892601013184,-14.104257583618164,127.93544950996336,3527.426451416478,8.673615395568575,0.43738108017246746,0.3342800736427307,0.33360791206359863,-25.568782806396484,3,12.91500473022461,0.0009454996325075626,1043.5654296875,15.020509719848633,8.673615395568575,0.43738108017246746
878.2279663085938,95.80242919921875,-7.359018325805664,0.11846746504306793,665.8213500976562,73.80421447753906,-7.058394432067871,0.12037970870733261,709.2459716796875,90.84370422363281,-7.126992225646973,0.13910020887851715,41.38655090332031,18,1.7538096904754639,1.1219499111175537,-37.044281005859375,907.6166192665204,2825.4583406354045,8.622170605242639,0.3803138918823544,0.2743932008743286,0.27371880412101746,-27.87163543701172,2,8.28219223022461,0.000606370682362467,576.5498046875,10.522857666015625,8.62217060524263,0.3803138918823638
36596.60546875,274.2260437011719,-11.408601760864258,0.008137625642120838,19262.53125,100.05828857421875,-10.711783409118652,0.005641174502670765,34152.3046875,254.84381103515625,-11.333550453186035,0.008103710599243641,908.5032958984375,377,4.2213616371154785,3.30415678024292,-36.15214157104492,1727.7018545068913,3663.656944279407,8.683464100032953,0.32027600930840294,0.01770099252462387,0.017174270004034042,-29.892356872558594,0,4.887714862823486,0.00035766290966421366,36527.89453125,25.328170776367188,8.683464100032944,0.32027600930841255
29635.427734375,279.038330078125,-11.17952823638916,0.010225451551377773,13262.8310546875,92.34674835205078,-10.30659008026123,0.007561626378446817,28176.361328125,277.316650390625,-11.124711990356445,0.010688601061701775,561.0653686523438,387,4.4059062004089355,3.775683879852295,-78.01377868652344,1950.5017760082703,3722.5086041180666,8.687751145409797,0.3039743352488169,0.028445390984416008,0.028023269027471542,-80.41419982910156,0,5.5962233543396,0.0004094612377230078,30388.365234375,26.435436248779297,8.687751145409797,0.3039743352488171
384.6496276855469,67.55734252929688,-6.462663173675537,0.19073793292045593,380.6223449707031,73.1843490600586,-6.451235771179199,0.2088111937046051,404.3680725097656,118.54383850097656,-6.516942024230957,0.31836986541748047,39.07667922973633,9,1.24271821975708,0.7612481713294983,-84.2763900756836,218.51595880761394,3596.238853177219,8.678646441466315,0.43074725965288096,0.32670870423316956,0.32585304975509644,79.60208129882812,3,4.817304611206055,0.0003526606597006321,437.4757080078125,7.4563093185424805,8.678646441466315,0.4307472596528808
1289.081787109375,96.08045959472656,-7.77570104598999,0.08094395697116852,1229.239501953125,74.59642791748047,-7.724091053009033,0.0659039318561554,1881.9388427734375,153.4381561279297,-8.186513900756836,0.08854370564222336,82.3196029663086,29,2.15828537940979,1.30332612991333,-55.251014709472656,673.06820071134,2880.0641494910315,8.626184484331606,0.397484752651179,0.20196332037448883,0.19992126524448395,-62.258975982666016,3,7.191399097442627,0.0005265314830467105,1754.4276123046875,12.949712753295898,8.626184484331615,0.39748475265116984
469.4227294921875,78.69772338867188,-6.678910255432129,0.18206559121608734,215.41061401367188,73.02128601074219,-5.833167552947998,0.3681393265724182,233.46014404296875,84.802001953125,-5.920531749725342,0.39447835087776184,33.44806671142578,10,1.7416777610778809,1.0548163652420044,-26.207260131835938,625.8777969202084,3628.242945036064,8.68096013281098,0.4009223673262691,0.47946590185165405,0.47878721356391907,35.551910400390625,0,8.10665225982666,0.0005934190121479332,54.48540115356445,10.450066566467285,8.68096013281097,0.4009223673262771
2132.182861328125,148.05128479003906,-8.322061538696289,0.07540802657604218,1101.978759765625,74.49911499023438,-7.605432987213135,0.07341887801885605,1320.2288818359375,119.48998260498047,-7.8016228675842285,0.09829062223434448,53.82289505004883,41,2.1683735847473145,1.5951290130615234,0.8750863671302795,1093.900481015912,3662.397538875631,8.683424335846711,0.36666084074161737,0.19139538705348969,0.19121144711971283,20.8099308013916,0,9.175814628601074,0.0006715983618050814,592.8704223632812,13.010241508483887,8.683424335846711,0.36666084074161737
4513.6669921875,102.95732116699219,-9.136323928833008,0.024771798402071,3992.692626953125,79.12619018554688,-9.003164291381836,0.021522078663110733,4561.13232421875,118.43010711669922,-9.14768123626709,0.028198063373565674,253.01527404785156,57,1.6967847347259521,1.5419158935546875,-72.25728607177734,1628.6310248138877,2834.740708022578,8.622798920394942,0.3275362232154179,0.039670489728450775,0.03935648128390312,-82.6633071899414,2,3.720089912414551,0.0002722961944527924,4747.3564453125,10.180707931518555,8.622798920394942,0.327536223215418
4497.93701171875,50.43613815307617,-9.132533073425293,0.012177503667771816,4766.07568359375,80.2143783569336,-9.195402145385742,0.01827768050134182,4803.06591796875,54.447975158691406,-9.20379638671875,0.012310991063714027,2428.2314453125,12,1.1393918991088867,0.3427296578884125,76.96510314941406,1353.0082077285474,2814.9803717578484,8.621372393148313,0.3477095833393431,0.006824074313044548,0.00650997506454587,-89.6846694946289,3,0.7391767501831055,5.4110725614009425e-05,4688.04541015625,6.83635139465332,8.621372393148313,0.3477095833393431
1672.4053955078125,131.50973510742188,-8.058353424072266,0.08539769798517227,1069.963134765625,74.33343505859375,-7.573421955108643,0.07544756680727005,1118.9344482421875,115.25690460205078,-7.622011661529541,0.11186446249485016,47.873531341552734,40,2.0358052253723145,1.5352815389633179,-76.94646453857422,1434.939004430567,3751.0162864452727,8.68988215344006,0.34169900943975895,0.19700545072555542,0.1962098777294159,75.91282653808594,0,8.819905281066895,0.0006454586982727051,1120.1751708984375,12.214831352233887,8.68988215344006,0.3416990094397589
466.273193359375,79.01148986816406,-6.671601295471191,0.18402618169784546,206.18789672851562,72.91948699951172,-5.78565788269043,0.38406988978385925,191.250732421875,81.58702850341797,-5.704007625579834,0.46328458189964294,22.727678298950195,9,1.5000452995300293,1.1400134563446045,-0.5361548662185669,564.2045114368053,3685.677786198519,8.685168578641392,0.4054362655574695,0.468168169260025,0.4663696587085724,59.929443359375,0,7.819051265716553,0.00057236198335886,-278.5726623535156,9.000271797180176,8.685168578641381,0.4054362655574772
1139.5928955078125,113.72895050048828,-7.641874313354492,0.10838049650192261,622.6262817382812,73.81754302978516,-6.985568523406982,0.1287543624639511,833.386962890625,142.64608764648438,-7.302116870880127,0.18588441610336304,41.17822265625,13,1.847153902053833,0.8505445122718811,-58.92542266845703,93.42027578922632,3755.7009718422732,8.690327353292307,0.43990205072707084,0.38765546679496765,0.38748279213905334,-83.83087921142578,2,7.4918742179870605,0.0005484363646246493,536.847412109375,11.082923889160156,8.690327353292307,0.43990205072707084
946.1231689453125,110.29981994628906,-7.439869403839111,0.1266067773103714,482.5999755859375,73.35547637939453,-6.708968162536621,0.16507261991500854,397.4019775390625,117.64823150634766,-6.498075008392334,0.3215031325817108,31.10443115234375,21,2.584038734436035,1.3239405155181885,-30.740192413330078,239.80582439676397,3766.586017825947,8.691113891553814,0.42918428350010357,0.3680904805660248,0.3667808771133423,-30.109106063842773,0,11.081902503967285,0.0008112249197438359,-185.44735717773438,15.504232406616211,8.691113891553803,0.42918428350011084
623.1473999023438,88.99117279052734,-6.986476898193359,0.15509077906608582,353.57391357421875,73.3680419921875,-6.3712005615234375,0.22534947097301483,333.6305236816406,89.16496276855469,-6.308164596557617,0.29024067521095276,43.53887176513672,14,1.8053171634674072,1.0799216032028198,-58.100093841552734,864.6661272791941,2815.176610413423,8.62142069623094,0.38345863053243695,0.4050106704235077,0.4027463495731354,-67.77594757080078,0,8.352895736694336,0.0006115552969276905,-357.64794921875,10.831903457641602,8.62142069623094,0.38345863053243695
4368.56689453125,186.22677612304688,-9.100847244262695,0.04629487916827202,1856.3336181640625,75.70614624023438,-8.171640396118164,0.04428992420434952,3716.187744140625,193.17881774902344,-8.925244331359863,0.056453604251146317,59.81392288208008,101,3.256943941116333,2.7649080753326416,-40.29466247558594,836.8810776207126,3772.064953561077,8.691470818652443,0.3854729575923784,0.15930339694023132,0.15863849222660065,-46.22490692138672,0,12.366558074951172,0.000905164866708219,2970.97900390625,19.541664123535156,8.691470818652443,0.3854729575923784
2602.20166015625,134.42494201660156,-8.538352012634277,0.0561007596552372,1556.864501953125,75.21821594238281,-7.980627059936523,0.052468907088041306,2333.53173828125,138.3586883544922,-8.420034408569336,0.06439061462879181,69.446044921875,58,3.0973737239837646,1.4679927825927734,-66.45377349853516,18.31021289530383,3663.2212672658334,8.683563161823578,0.4454037740142628,0.1553192138671875,0.15362896025180817,-61.43080520629883,16,10.851762771606445,0.0007944241515360773,452.23358154296875,18.58424186706543,8.683563161823578,0.4454037740142628
1718.3734130859375,136.37965393066406,-8.087794303894043,0.08619099110364914,950.6726684570312,74.27723693847656,-7.445077419281006,0.08485053479671478,1257.8995361328125,130.7483673095703,-7.749114990234375,0.11288081854581833,75.1274642944336,41,2.3758597373962402,1.7365797758102417,72.75411224365234,1224.679891001265,3697.245528943838,8.68596432650641,0.35708803342526385,0.25760960578918457,0.2566184401512146,66.00917053222656,0,7.793290138244629,0.0005703792558051646,622.7371215820312,14.255158424377441,8.68596432650641,0.35708803342526385
659.5770874023438,90.88542938232422,-7.048163890838623,0.14964373409748077,502.4170227050781,73.64554595947266,-6.752660751342773,0.15918861329555511,461.19708251953125,82.63011169433594,-6.659716606140137,0.1945725679397583,33.106258392333984,15,1.5989452600479126,1.0381847620010376,86.53755950927734,1228.7819258464897,3771.7538393520513,8.691416881904182,0.35678688646155554,0.29118049144744873,0.29024538397789,84.57903289794922,0,7.702783584594727,0.0005637404974550009,473.8984375,9.593671798706055,8.691416881904182,0.35678688646155554
9142.4091796875,182.36892700195312,-9.9026517868042,0.02166306972503662,5286.70556640625,81.21540832519531,-9.307962417602539,0.016683343797922134,8726.3505859375,191.19821166992188,-9.852081298828125,0.023794742301106453,263.1839904785156,153,2.991875410079956,2.8785862922668457,-66.53385162353516,747.3430578359449,3525.8227509397952,8.673454394500908,0.39203210897811935,0.05123075842857361,0.051165152341127396,62.24879837036133,0,5.143820285797119,0.00037653790786862373,8649.369140625,17.951251983642578,8.67345439450091,0.39203210897811946
519.2127075195312,79.59639739990234,-6.788363456726074,0.16648608446121216,396.99981689453125,73.24050903320312,-6.496975898742676,0.20035071671009064,372.13037109375,77.9195327758789,-6.4267377853393555,0.22739507257938385,31.519485473632812,12,1.9102251529693604,0.7749663591384888,-14.995952606201172,1213.8932709964126,3775.4393954188045,8.691687821538961,0.3578765625270554,0.35133448243141174,0.35036614537239075,-25.3327579498291,0,7.270362854003906,0.0005320950294844806,62.93377685546875,11.46135139465332,8.691687821538961,0.35787656252705546
1095.249755859375,110.93653106689453,-7.598783016204834,0.1099996343255043,620.1116333007812,73.6995620727539,-6.981174468994141,0.12906986474990845,723.0771484375,121.06019592285156,-7.147961616516113,0.1818220615386963,41.05343246459961,26,2.2510030269622803,1.5813164710998535,-57.902835845947266,453.44909655591454,2903.7930122977814,8.627936280422732,0.4135643315729605,0.30013924837112427,0.298944890499115,-8.592499732971191,3,11.30478572845459,0.000827730749733746,314.17169189453125,13.506017684936523,8.627936280422722,0.41356433157296923
859.9186401367188,101.76476287841797,-7.336143493652344,0.12851975858211517,441.87603759765625,73.40161895751953,-6.613251209259033,0.1803993582725525,651.373046875,111.51143646240234,-7.034574508666992,0.18591715395450592,32.27290725708008,14,3.1191976070404053,0.9660694599151611,-21.333473205566406,306.48761129437696,3767.4913238154077,8.691175430709611,0.42430228386696167,0.43566444516181946,0.4330647587776184,5.80221700668335,2,10.397687911987305,0.0007611314067617059,-681.8330078125,18.715185165405273,8.691175430709611,0.42430228386696167
585.349365234375,77.8343505859375,-6.9185380935668945,0.1444062441587448,518.8735961914062,73.41624450683594,-6.787653923034668,0.153659850358963,611.6454467773438,117.8719253540039,-6.966249465942383,0.2092861384153366,41.257164001464844,14,1.5719877481460571,1.1049505472183228,-26.232742309570312,1097.5800927046969,3747.0275618540168,8.689617910118313,0.3663903150444162,0.3184789717197418,0.3174400329589844,-23.497385025024414,0,7.880799293518066,0.0005767966504208744,464.90899658203125,9.431926727294922,8.689617910118304,0.36639031504442465
20966.921875,142.4653778076172,-10.803836822509766,0.007379118353128433,18091.966796875,98.52426147460938,-10.643714904785156,0.005914079956710339,20478.71484375,137.800537109375,-10.7782564163208,0.007307655178010464,1219.7994384765625,117,1.856689691543579,1.8515369892120361,-80.59976959228516,478.6388904270424,3630.0520181679367,8.681103239729472,0.41170179740160806,0.011142738163471222,0.011025235056877136,-69.79566955566406,0,3.4960503578186035,0.0002559228742029518,20756.25,11.140138626098633,8.681103239729472,0.41170179740160817
396.1957092285156,70.49298095703125,-6.494774341583252,0.193226158618927,203.4659423828125,73.00117492675781,-5.771229267120361,0.38964396715164185,89.69189453125,82.07545471191406,-4.881883144378662,0.9937792420387268,37.114627838134766,9,2.3140029907226562,0.724094033241272,-27.816967010498047,1987.6598797045756,3738.0394244702757,8.688884268274332,0.30125583744534157,0.39592352509498596,0.3939870595932007,-28.083797454833984,0,7.739090442657471,0.0005662367912009358,-277.2575988769531,13.884017944335938,8.688884268274332,0.3012558374453416
922.2636108398438,94.08383178710938,-7.412137508392334,0.11078724265098572,725.5256958007812,73.90361022949219,-7.151631832122803,0.11062230169773102,784.726806640625,90.3671875,-7.2367963790893555,0.1250610649585724,55.82177734375,22,1.6753807067871094,1.1577116250991821,-82.92855834960938,2036.3148485678569,3751.8027280135657,8.689886962591824,0.29769638107266083,0.21629218757152557,0.21529875695705414,-82.82009887695312,16,6.258998870849609,0.00045793215394951403,274.42181396484375,10.052284240722656,8.689886962591824,0.29769638107266083
410.86773681640625,73.06083679199219,-6.534255027770996,0.19311340153217316,287.499755859375,73.14257049560547,-6.1465935707092285,0.27628833055496216,208.61927795410156,59.273719787597656,-5.798386096954346,0.30855855345726013,36.22039031982422,9,1.6085985898971558,0.5302838087081909,70.21161651611328,124.79916873546946,3729.414082973247,8.688401098542867,0.4376053355499447,0.32698240876197815,0.3261697590351105,88.85429382324219,1,5.499765872955322,0.0004026079550385475,-116.84953308105469,9.651591300964355,8.688401098542867,0.4376053355499447
471.1461486816406,74.98121643066406,-6.682888984680176,0.17283299565315247,307.0341796875,73.17539978027344,-6.2179670333862305,0.25882619619369507,324.7705383300781,93.180419921875,-6.278941631317139,0.3115859627723694,40.10482406616211,11,2.108273983001709,1.0269547700881958,31.93273162841797,190.18912778064094,3733.4104237644533,8.688689085900183,0.4328177322250077,0.5956445336341858,0.5928998589515686,46.66817092895508,0,8.73475456237793,0.0006394184892997146,-469.46307373046875,12.649643898010254,8.688689085900172,0.43281773222501474
774.6026611328125,96.67906188964844,-7.2226972579956055,0.13554492592811584,560.1154174804688,73.45672607421875,-6.870693683624268,0.14242422580718994,658.873046875,103.214111328125,-7.047004222869873,0.1701246201992035,31.633474349975586,18,2.002084970474243,1.3100427389144897,-54.84296798706055,221.07995681466676,3597.0312971481308,8.678704272347147,0.4305595141980751,0.3360247015953064,0.33481183648109436,-25.593292236328125,3,9.69719123840332,0.0007099022041074932,519.6107788085938,12.012510299682617,8.678704272347147,0.4305595141980752
2791.345458984375,128.9224853515625,-8.614534378051758,0.05015854164958,1915.2999267578125,75.85719299316406,-8.205592155456543,0.04301201552152634,2535.17138671875,129.53668212890625,-8.510018348693848,0.05549006909132004,90.47135925292969,59,2.1488876342773438,1.8598204851150513,25.768558502197266,450.1819269777248,2896.803573320813,8.627424721476503,0.413803752141853,0.10861171782016754,0.1083383560180664,-2.380061388015747,2,6.405348300933838,0.00046899757580831647,2333.98193359375,12.893325805664062,8.627424721476503,0.413803752141853
1778.20703125,112.82831573486328,-8.124956130981445,0.06890735775232315,1341.586181640625,74.92152404785156,-7.819046497344971,0.06064819172024727,1466.8345947265625,110.04893493652344,-7.915952682495117,0.08147690445184708,71.73358917236328,40,1.8341515064239502,1.6158047914505005,44.335906982421875,397.15427580751,2913.016751651123,8.628615273864996,0.41768603212287764,0.13767145574092865,0.13722354173660278,32.44562530517578,0,6.26458215713501,0.0004586928116623312,981.8223266601562,11.00490951538086,8.628615273864988,0.41768603212288613
1650.2493896484375,121.0276870727539,-8.04387378692627,0.07964618504047394,1066.737548828125,74.4127426147461,-7.570143699645996,0.07575643807649612,1262.31787109375,118.99034881591797,-7.752922058105469,0.10237003117799759,53.69928741455078,39,2.193488121032715,1.5709630250930786,-11.775652885437012,704.0883022107605,3752.537252137749,8.69005174879704,0.3951943366119282,0.17704950273036957,0.175943985581398,-13.61108684539795,0,8.429872512817383,0.0006170435808598995,907.6127319335938,13.160928726196289,8.690051748797051,0.39519433661192027
1340.7630615234375,113.83110046386719,-7.818379878997803,0.09220165759325027,973.863037109375,74.2873764038086,-7.471244812011719,0.08284131437540054,1050.0994873046875,105.6834945678711,-7.553076267242432,0.10929657518863678,54.03268814086914,32,1.957221508026123,1.3738030195236206,-12.033174514770508,988.5824387939191,2914.053960198682,8.628651684241596,0.37438432956266876,0.19672837853431702,0.1959906369447708,15.24650764465332,0,7.727951526641846,0.0005657672882080078,595.3051147460938,11.743329048156738,8.628651684241596,0.37438432956266876
2150.98828125,122.45191192626953,-8.331595420837402,0.06182403489947319,1475.80078125,75.0296859741211,-7.922569274902344,0.055212222039699554,1672.950439453125,123.30402374267578,-8.058707237243652,0.08004311472177505,75.37541961669922,48,2.297990560531616,1.5999904870986938,26.191518783569336,1044.632237325991,3714.658530095899,8.687253130600592,0.37026638388824135,0.12423362582921982,0.1241198405623436,70.12364959716797,0,7.294393539428711,0.0005338913179002702,1121.1207275390625,13.787942886352539,8.687253130600592,0.3702663838882414
1969.089599609375,145.68215942382812,-8.235663414001465,0.08034719526767731,1052.074951171875,74.27560424804688,-7.555116653442383,0.07667067646980286,1530.431640625,139.53565979003906,-7.962034702301025,0.09901502728462219,48.86845397949219,47,2.463299512863159,1.9286222457885742,57.07727813720703,1154.5616473634493,3617.8919624978294,8.68016219333337,0.36222131682714237,0.2316652536392212,0.23114469647407532,-89.65239715576172,0,10.021330833435059,0.0007334809633903205,1169.0736083984375,14.779796600341797,8.68016219333337,0.3622213168271423
627.853515625,78.50597381591797,-6.994645595550537,0.13579200208187103,487.55072021484375,73.53517150878906,-6.7200493812561035,0.16379669308662415,455.4623107910156,99.34159851074219,-6.6461310386657715,0.23686915636062622,42.192813873291016,15,1.5744017362594604,1.510085105895996,18.774131774902344,814.6695727713928,3723.2214233837994,8.687897718080157,0.38709974374637696,0.3046722710132599,0.30389970541000366,50.12925720214844,0,9.229998588562012,0.000675600313115865,78.06500244140625,9.446410179138184,8.687897718080148,0.38709974374638534
1324.5653076171875,129.1377410888672,-7.805183410644531,0.10587894916534424,724.1400756835938,73.78765106201172,-7.149556636810303,0.11066006869077682,799.0238037109375,118.06721496582031,-7.256399154663086,0.1604720652103424,43.97489547729492,30,2.302447557449341,1.481103539466858,31.962560653686523,113.24890098776581,3636.4429206514205,8.681596577584745,0.43845344281924714,0.2638791799545288,0.2629930377006531,-4.535367488861084,0,10.553032875061035,0.0007725551258772612,283.18060302734375,13.814685821533203,8.681596577584735,0.4384534428192542
976.2633666992188,92.19927215576172,-7.473917484283447,0.10256290435791016,761.5693969726562,74.02027130126953,-7.204273700714111,0.10555310547351837,805.3262939453125,88.63723754882812,-7.26492977142334,0.11952923983335495,53.98372268676758,23,1.5634382963180542,1.1888025999069214,24.562559127807617,176.65267976828852,2918.7934285567358,8.629052209506979,0.43383160148369876,0.16854405403137207,0.16838383674621582,-28.660335540771484,0,6.331778526306152,0.0004636265803128481,483.1076354980469,9.380629539489746,8.629052209506987,0.4338316014836904
7897.89794921875,142.1689453125,-9.743779182434082,0.01954893209040165,5627.8095703125,81.55026245117188,-9.375848770141602,0.01573677733540535,7567.62646484375,150.79209899902344,-9.697399139404297,0.021639574319124222,293.7314758300781,106,2.582725763320923,2.004042625427246,-38.820072174072266,697.08655033056,3553.130638728872,8.675456959971307,0.3957107613463191,0.038950346410274506,0.038526974618434906,-45.80032730102539,0,4.683814525604248,0.0003428653290029615,7176.04833984375,15.496355056762695,8.675456959971315,0.39571076134631095
1005135.8125,573.2970581054688,-15.005561828613281,0.0006194193847477436,845105.0,461.59747314453125,-14.817276954650879,0.0005931745981797576,976428.0,511.6868896484375,-14.974100112915039,0.000569106952752918,46532.47265625,686,2.335358142852783,2.3078768253326416,71.90025329589844,326.3217165744963,3180.837878157271,8.648228943637386,0.4228649497535689,0.001264627673663199,0.0012228875420987606,-77.77302551269531,6,3.7242166996002197,0.00027266988763585687,1000054.375,14.0121488571167,8.648228943637386,0.4228649497535689
8037.021484375,233.86297607421875,-9.762738227844238,0.03160066157579422,2679.83349609375,76.92292022705078,-8.570269584655762,0.031172940507531166,6701.10791015625,236.84764099121094,-9.565366744995117,0.03838418051600456,97.46192169189453,178,4.105969429016113,3.2908034324645996,-1.0200668573379517,1189.1355931692326,3693.751489166291,8.68571147722037,0.3596896622943838,0.12709996104240417,0.12644848227500916,-9.218832015991211,2,13.226190567016602,0.0009680169750936329,4828.25439453125,24.63581657409668,8.68571147722037,0.3596896622943838
16673.17578125,132.33084106445312,-10.555046081542969,0.008619311265647411,14511.1826171875,94.06107330322266,-10.404256820678711,0.007039420772343874,16274.115234375,133.21127319335938,-10.528743743896484,0.008889419957995415,1006.1567993164062,102,1.8789162635803223,1.7735176086425781,-84.82919311523438,313.83485327615625,3725.0066011436006,8.688065277932674,0.42376536688243166,0.013256058096885681,0.01315075159072876,-76.8587646484375,0,3.5097556114196777,0.00025692462804727256,16412.94140625,11.273497581481934,8.688065277932674,0.4237653668824317
1099.302490234375,112.14451599121094,-7.602793216705322,0.11078747361898422,687.1517944335938,73.81132507324219,-7.092631816864014,0.11665413528680801,703.4573364257812,111.56884765625,-7.118094444274902,0.17224039137363434,51.69694900512695,26,2.0341029167175293,1.5044188499450684,-11.817951202392578,876.8753349300019,3724.40672523783,8.687979690104559,0.38254606221188,0.22539427876472473,0.22467659413814545,-46.541046142578125,0,9.389613151550293,0.0006872729281894863,387.798828125,12.204617500305176,8.687979690104559,0.38254606221188
2153.6083984375,40.61581802368164,-8.332917213439941,0.02048133686184883,2126.29248046875,76.143310546875,-8.31905746459961,0.038890060037374496,2161.17431640625,50.24694061279297,-8.336724281311035,0.025249317288398743,526.4495849609375,9,1.4561997652053833,0.32877957820892334,42.031673431396484,1863.5492755182534,3627.7781396245423,8.680826632043889,0.3103364956240533,0.03303644433617592,0.029288005083799362,39.50749969482422,3,4.093898773193359,0.0002995607501361519,1818.5693359375,8.737198829650879,8.680826632043889,0.31033649562405335
38715.01171875,269.00439453125,-11.469698905944824,0.007545878645032644,14661.4384765625,94.14590454101562,-10.415441513061523,0.00697356229647994,37638.3125,282.9673767089844,-11.439075469970703,0.008164620958268642,503.8589782714844,410,5.410579204559326,3.2280304431915283,57.41119384765625,1150.2637518187175,3753.543884723969,8.690090578145714,0.3625340556579384,0.028777703642845154,0.02774895541369915,52.59290313720703,0,9.174427032470703,0.0006714655319228768,34360.2265625,32.46347427368164,8.690090578145705,0.362534055657947
41725.90625,285.1336364746094,-11.55101490020752,0.007421172223985195,20399.91015625,101.48763275146484,-10.774070739746094,0.005402747541666031,39499.30078125,274.7588195800781,-11.491473197937012,0.007554262410849333,883.5426635742188,438,4.609467506408691,3.5304789543151855,68.72306823730469,1145.2448845102215,3667.6048973573475,8.683801383294174,0.3629025619135745,0.018354615196585655,0.017902521416544914,68.83673858642578,1,5.447678565979004,0.0003987210220657289,41467.86328125,27.65680503845215,8.683801383294174,0.3629025619135744
3189.513671875,136.70066833496094,-8.759310722351074,0.04654531553387642,2094.291015625,76.00885009765625,-8.302592277526855,0.03941458463668823,2805.416015625,134.16493225097656,-8.619993209838867,0.05193636566400528,102.73399353027344,67,2.257685422897339,1.9106037616729736,-4.83568811416626,736.7653210060815,3704.444419035808,8.686529331116093,0.3928030634986337,0.1006874367594719,0.10010454058647156,4.640183925628662,0,6.618786334991455,0.000484481337480247,2376.55810546875,13.546112060546875,8.686529331116093,0.3928030634986337
1718.8072509765625,136.5737762451172,-8.088068008422852,0.08629188686609268,1015.3562622070312,74.32779693603516,-7.516546249389648,0.07949917763471603,1293.871337890625,110.80640411376953,-7.779727935791016,0.09300442039966583,63.64938735961914,38,1.8678178787231445,1.5890674591064453,-16.376482009887695,1189.2184513804098,2890.210533787276,8.626891914094733,0.3596972927116497,0.21122358739376068,0.2102636694908142,-44.73921203613281,2,6.531510353088379,0.00047814971185289323,1088.3646240234375,11.206907272338867,8.626891914094742,0.3596972927116399
923.096923828125,107.49442291259766,-7.413118362426758,0.12646444141864777,565.8778076171875,73.46636962890625,-6.88180685043335,0.1409924030303955,939.2026977539062,131.64915466308594,-7.43189811706543,0.15222591161727905,37.26078796386719,18,1.899228572845459,1.5395904779434204,-24.234228134155273,739.4263385752173,3199.7041026072266,8.649582016249978,0.3926186079237653,0.4398631751537323,0.43944573402404785,15.590910911560059,2,10.241694450378418,0.0007497878395952284,655.1282958984375,11.395371437072754,8.649582016249958,0.3926186079237828
478.857421875,76.85869598388672,-6.7005157470703125,0.174307718873024,278.2145690917969,73.04083251953125,-6.110949516296387,0.28511208295822144,205.59310913085938,69.83177947998047,-5.7825212478637695,0.36887088418006897,33.88088607788086,11,1.3303221464157104,0.9183527231216431,-41.15850830078125,261.7226394809386,3699.0392074547603,8.686168254267727,0.42758131284117606,0.24707606434822083,0.2465423196554184,57.41307067871094,0,6.598154067993164,0.000483012234326452,197.93890380859375,7.981932640075684,8.686168254267727,0.42758131284117606
3092.882080078125,127.12946319580078,-8.725908279418945,0.04463881626725197,2206.077392578125,76.2995376586914,-8.359051704406738,0.037560466676950455,2762.95263671875,124.80716705322266,-8.603433609008789,0.04905642569065094,118.44835662841797,56,2.007211208343506,1.7782065868377686,-31.389995574951172,1835.1316059202918,3672.4844831459436,8.684100742140634,0.3124154235288355,0.09551602602005005,0.0954144299030304,-30.708486557006836,2,6.042069435119629,0.00044211247586645186,2684.1611328125,12.043267250061035,8.684100742140634,0.3124154235288355
4841.96240234375,151.67893981933594,-9.212553977966309,0.03401995077729225,2918.0927734375,77.65486907958984,-8.662747383117676,0.028900105506181717,4435.912109375,154.79495239257812,-9.117457389831543,0.03789690136909485,116.1257553100586,93,3.0088062286376953,1.8812617063522339,52.1170768737793,1800.1035431084917,3084.545681976072,8.641072531630227,0.3149841123046695,0.08961968123912811,0.08809046447277069,49.70820999145508,0,8.396700859069824,0.0006145224324427545,3712.02978515625,18.052837371826172,8.641072531630227,0.3149841123046694
17975.6171875,147.59095764160156,-10.636709213256836,0.008916732855141163,14945.2353515625,94.53800201416016,-10.436257362365723,0.006869632285088301,17329.1875,143.25697326660156,-10.596945762634277,0.008977747522294521,1039.9549560546875,128,2.076197862625122,1.9495279788970947,-34.3340950012207,311.1361323550741,3195.8134092893984,8.649326351415736,0.42397642153559834,0.013043147511780262,0.012952805496752262,-59.31563186645508,3,3.5183496475219727,0.0002575967228040099,18489.55078125,12.45718765258789,8.649326351415736,0.42397642153559834
742.4503784179688,98.70054626464844,-7.176668643951416,0.1443716585636139,307.850341796875,73.20543670654297,-6.22084903717041,0.25824594497680664,399.826416015625,130.34202575683594,-6.504678726196289,0.3540322482585907,28.589824676513672,12,1.9323949813842773,0.7811764478683472,-49.55330276489258,376.4849211310118,3541.894001573543,8.67465741711319,0.4191828695328685,0.806903600692749,0.8044039011001587,-34.39175033569336,0,7.342338562011719,0.0005375087494030595,101.60264587402344,11.594369888305664,8.674657417113199,0.4191828695328607
764.0046997070312,99.0075912475586,-7.207740306854248,0.14073505997657776,555.3280639648438,73.50582122802734,-6.8613739013671875,0.14374804496765137,640.6007080078125,97.44041442871094,-7.016468524932861,0.16518916189670563,34.34450149536133,17,1.9777328968048096,1.1565121412277222,-65.87700653076172,679.6889497724247,3676.9968369720696,8.684524657274418,0.396981964197064,0.3708416819572449,0.3691076636314392,82.36183166503906,0,9.052154541015625,0.0006626130198128521,245.3737030029297,11.866397857666016,8.684524657274418,0.39698196419706394
4128.27734375,110.48963928222656,-9.039422035217285,0.02906581573188305,3442.76171875,78.3741683959961,-8.842267036437988,0.024722693488001823,3883.936279296875,118.1697006225586,-8.973179817199707,0.033041812479496,223.20925903320312,61,1.8346501588821411,1.712801218032837,-26.840423583984375,1305.7960043423072,3576.6385017244847,8.677130789448688,0.3511525773095088,0.046485867351293564,0.04634353891015053,-84.32225799560547,0,3.8565168380737305,0.0002822562528308481,3743.31884765625,11.007901191711426,8.677130789448697,0.3511525773094998
2807.418212890625,52.61252212524414,-8.620767593383789,0.02035222202539444,2737.575927734375,77.2328109741211,-8.593415260314941,0.030638357624411583,2753.80908203125,62.68510055541992,-8.599834442138672,0.024720674380660057,417.05230712890625,16,1.4909321069717407,0.5522425174713135,41.78004455566406,1868.5551703659576,3631.3251243881145,8.681085764096395,0.30997021648216544,0.0284830704331398,0.02651103585958481,39.33803176879883,3,5.401716232299805,0.00039525580359622836,2344.688232421875,8.945592880249023,8.681085764096395,0.30997021648216544
391.1205749511719,69.36048889160156,-6.480776786804199,0.1925889253616333,173.75958251953125,72.95112609863281,-5.59987211227417,0.4559456408023834,172.44471740722656,65.10651397705078,-5.591624736785889,0.4100193679332733,33.390193939208984,9,1.3837000131607056,0.7843409776687622,-22.343246459960938,361.93341233915226,3584.108942185665,8.677748575696567,0.420247236847566,0.2910575270652771,0.28930309414863586,14.907411575317383,0,6.2144246101379395,0.00045493250945582986,-232.50558471679688,8.302200317382812,8.677748575696556,0.4202472368475736
936.4594116210938,89.5798110961914,-7.428722381591797,0.10388456284999847,760.2423706054688,73.93297576904297,-7.202380180358887,0.10561265051364899,733.90283203125,84.90894317626953,-7.164096355438232,0.12564484775066376,53.458980560302734,22,1.5179744958877563,1.1278350353240967,68.73258972167969,1154.053328307526,3528.040078143424,8.673585827738982,0.3622598410049814,0.18049053847789764,0.17921636998653412,62.123878479003906,0,5.886310577392578,0.00043084309436380863,495.3406066894531,9.107847213745117,8.67358582773898,0.36225984100498126
1684.96923828125,115.93623352050781,-8.066479682922363,0.07472346723079681,1460.12939453125,75.08787536621094,-7.910978317260742,0.05584808811545372,1916.748291015625,140.2501678466797,-8.206412315368652,0.07946357876062393,74.19642639160156,39,2.8731203079223633,1.651606559753418,-58.09360122680664,1620.013639438857,3614.467463611915,8.679873475430064,0.32815643669277145,0.15423475205898285,0.15332862734794617,-57.84722900390625,3,10.827980041503906,0.0007923940429463983,740.507080078125,17.23872184753418,8.679873475430073,0.32815643669276207
419.6740417480469,67.81672668457031,-6.55728006362915,0.1754908710718155,363.2796325683594,73.15520477294922,-6.4006028175354,0.2186925709247589,379.9490661621094,81.2276611328125,-6.449313640594482,0.2321712225675583,38.77341842651367,10,1.5078881978988647,1.0788984298706055,-80.59101104736328,1664.0442455803443,3572.491864259754,8.676797773617555,0.324934813260347,0.5152343511581421,0.514500081539154,-86.08922576904297,0,7.624849796295166,0.00055798573885113,8.92835521697998,9.04732894897461,8.676797773617555,0.32493481326034696
794.3485107421875,89.93614959716797,-7.250027656555176,0.12295693904161453,783.8671875,74.02896118164062,-7.2356061935424805,0.10256259143352509,1530.674072265625,157.8785858154297,-7.962206840515137,0.11201348900794983,43.011627197265625,19,1.9452191591262817,1.1578830480575562,-27.559812545776367,128.5656455772737,3525.5629403535636,8.673478937568959,0.43733498956379785,0.32861554622650146,0.3267234265804291,-50.87724304199219,3,8.982332229614258,0.0006575920851901174,1382.0318603515625,11.67131519317627,8.673478937568959,0.43733498956379785
1980.2562255859375,72.00885772705078,-8.241803169250488,0.03949065878987312,1666.3505859375,75.34129333496094,-8.054415702819824,0.04910169541835785,1678.572021484375,85.04118347167969,-8.062350273132324,0.055019818246364594,151.42262268066406,27,2.479112148284912,0.6912510991096497,56.5103759765625,1998.6117985834478,3047.820305341795,8.638368340012677,0.30045993547558597,0.08332706987857819,0.07954151928424835,56.685054779052734,3,7.782141208648682,0.0005694998544640839,1099.559814453125,14.874672889709473,8.638368340012677,0.300459935475586
973.4721069335938,114.18994903564453,-7.470808982849121,0.12738966941833496,416.8946838378906,73.35975646972656,-6.550065994262695,0.19110029935836792,766.9752197265625,162.5313262939453,-7.211953163146973,0.23013654351234436,27.88603401184082,10,1.6153823137283325,1.121080994606018,-75.4308090209961,404.57497409819456,3602.3507358301754,8.679080852091516,0.41712485091526613,0.6580124497413635,0.6570862531661987,-16.769412994384766,1,8.04825210571289,0.0005891721812076867,895.5703735351562,9.692294120788574,8.679080852091516,0.417124850915266
463.539794921875,77.96632385253906,-6.665217399597168,0.182662695646286,267.7957458496094,73.08073425292969,-6.069509029388428,0.29636645317077637,238.8841094970703,69.13574981689453,-5.945467948913574,0.31430062651634216,28.842185974121094,10,1.7816272974014282,0.6492021679878235,-47.051910400390625,985.9988225931534,3611.903218396216,8.679737050595751,0.37455989062198286,0.3913826644420624,0.3890068531036377,-49.319618225097656,0,6.417977333068848,0.0004697680124081671,-237.20574951171875,10.689764022827148,8.679737050595751,0.37455989062198297
669.358642578125,84.0113296508789,-7.064146995544434,0.1363040655851364,546.6454467773438,73.6339111328125,-6.844264507293701,0.146285742521286,554.4942016601562,87.69245910644531,-6.859742641448975,0.17174933850765228,42.85869216918945,16,1.5743824243545532,1.193228840827942,62.10384750366211,1980.2060989067445,3588.0469684693503,8.677908811647592,0.3018018241897016,0.2793959081172943,0.2789632976055145,65.57847595214844,0,8.19827651977539,0.0005998642300255597,158.3634796142578,9.446294784545898,8.677908811647592,0.3018018241897016
68320.078125,205.1290740966797,-12.086370468139648,0.003260683733969927,58215.03125,139.98001098632812,-11.912588119506836,0.0026113237254321575,66382.1875,181.38243103027344,-12.055129051208496,0.0029673820827156305,3729.731201171875,209,2.094066619873047,1.9647272825241089,-59.397945404052734,1893.6643820892673,3591.5150865853007,8.678170222529875,0.3081333596642827,0.005173844285309315,0.005082820076495409,-66.62008666992188,0,3.534054756164551,0.0002585951006039977,67960.40625,12.564399719238281,8.678170222529868,0.3081333596642923
1549.0311279296875,123.08528137207031,-7.9751505851745605,0.0862930491566658,894.1637573242188,73.98538970947266,-7.378542900085449,0.08985840529203415,1401.079345703125,144.59304809570312,-7.866157054901123,0.11207648366689682,45.763484954833984,37,2.759882688522339,1.852957010269165,53.96141052246094,1362.200537439349,3599.7101216271185,8.678814816106856,0.34702407849465844,0.3267764449119568,0.32475540041923523,73.02845764160156,1,13.558152198791504,0.000992287416011095,1069.5751953125,16.559295654296875,8.678814816106856,0.3470240784946583
619.6589965820312,88.46006774902344,-6.980381965637207,0.15503306686878204,152.5102081298828,73.03031921386719,-5.458247184753418,0.5200368165969849,109.7889633178711,84.62250518798828,-5.101396560668945,0.837060809135437,35.204071044921875,10,1.6058121919631958,1.1070553064346313,12.787287712097168,1611.9746014443226,3558.985281443757,8.675813660092478,0.32874523530654187,0.6522159576416016,0.6477625370025635,22.0245304107666,0,7.973448753356934,0.0005835103802382946,-338.9358215332031,9.634873390197754,8.675813660092485,0.32874523530653255
519.5301513671875,79.66714477539062,-6.789026737213135,0.1665322333574295,438.7895202636719,73.31063079833984,-6.605640411376953,0.18144313991069794,437.3716125488281,83.22732543945312,-6.602126598358154,0.2066546380519867,41.126346588134766,12,1.436540961265564,1.0837575197219849,21.285249710083008,368.7114565980073,3564.390942102802,8.67630474731813,0.41975145931063074,0.3261401951313019,0.32568079233169556,67.57616424560547,2,5.085688591003418,0.0003723044355865568,263.62957763671875,8.619245529174805,8.67630474731813,0.4197514593106306
17173.904296875,236.90853881835938,-10.587172508239746,0.014981023967266083,7733.86572265625,84.81456756591797,-9.720991134643555,0.01190977729856968,16380.822265625,243.33404541015625,-10.535839080810547,0.016132326796650887,308.9527282714844,270,4.015188694000244,3.4226770401000977,-50.33806228637695,1520.071311665731,3584.3204448191295,8.677675515084665,0.33547046699005684,0.045286692678928375,0.044823870062828064,-39.64505386352539,0,6.822274684906006,0.0004992794711142778,16367.87109375,24.09113311767578,8.677675515084674,0.33547046699004757
5769.46923828125,230.1790313720703,-9.402839660644531,0.04332711175084114,1757.662353515625,75.49015808105469,-8.11233901977539,0.046642810106277466,3965.560302734375,209.98500061035156,-8.99576187133789,0.057506050914525986,63.14625549316406,109,3.6903467178344727,2.8832571506500244,-73.091796875,237.10686755270737,3667.328604956359,8.68384885389787,0.4293843238045202,0.1797325611114502,0.17927752435207367,-55.26447677612305,2,14.714112281799316,0.0010771485976874828,1813.966552734375,22.142080307006836,8.68384885389787,0.4293843238045202
633.8500366210938,85.04865264892578,-7.0049662590026855,0.14571717381477356,494.1573486328125,73.46057891845703,-6.734663009643555,0.16144289076328278,874.7725830078125,116.80650329589844,-7.354737758636475,0.14501124620437622,43.697540283203125,15,2.6279237270355225,1.280731439590454,87.56578063964844,1625.5867639947237,3567.9887617703107,8.676471450132492,0.32774904063238663,0.6320139765739441,0.6303335428237915,-67.09197998046875,2,10.991360664367676,0.0008043596753850579,-277.48699951171875,15.767541885375977,8.676471450132492,0.32774904063238663
1050.3724365234375,107.75496673583984,-7.55335807800293,0.11140990257263184,722.8485717773438,73.7570571899414,-7.147618293762207,0.11081181466579437,810.6832275390625,120.71537780761719,-7.272128105163574,0.16171161830425262,44.78554153442383,25,2.2047863006591797,1.6075434684753418,6.488941669464111,1508.5488669214615,3558.900974223521,8.675816085156574,0.3363139767544619,0.295163094997406,0.2941027879714966,-20.15348243713379,0,11.280435562133789,0.0008255543652921915,200.69004821777344,13.228717803955078,8.675816085156574,0.3363139767544619
1275.9244384765625,97.33136749267578,-7.764562606811523,0.0828433558344841,966.2567749023438,74.16170501708984,-7.46273136138916,0.08335217833518982,1000.4795532226562,98.95934295654297,-7.500520706176758,0.10741833597421646,67.34791564941406,29,1.6703869104385376,1.3783143758773804,-13.4256010055542,234.0396463602911,3579.7591537644767,8.67743905118863,0.42961110176504613,0.13997095823287964,0.13975206017494202,54.431358337402344,0,6.218735218048096,0.0004552567843347788,575.5737915039062,10.022321701049805,8.67743905118863,0.42961110176504613
2414.245361328125,171.0143280029297,-8.456953048706055,0.07692737877368927,781.7265014648438,73.85514068603516,-7.23263692855835,0.10260197520256042,1299.55126953125,125.88264465332031,-7.784483432769775,0.10519673675298691,38.247066497802734,36,2.5510504245758057,1.5296152830123901,-47.80539321899414,1281.2004089544553,3535.3470244739005,8.674110610152571,0.352953306552866,0.31617486476898193,0.31446602940559387,-51.97249984741211,2,11.838316917419434,0.0008664580527693033,951.1602783203125,15.306303024291992,8.674110610152571,0.35295330655286594
4495.5234375,103.03626251220703,-9.131950378417969,0.024890845641493797,3943.474609375,79.04967498779297,-8.989697456359863,0.02176962047815323,4326.29052734375,109.42864227294922,-9.090289115905762,0.027469145134091377,250.91806030273438,57,1.7416939735412598,1.516622543334961,-56.37507247924805,1145.0867508925685,3572.5014198826907,8.676840766005954,0.36291549764756714,0.03898458182811737,0.03887179121375084,-70.85102081298828,0,3.6742751598358154,0.00026893214089795947,4347.5048828125,10.450163841247559,8.676840766005954,0.36291549764756714
27126.3828125,158.61648559570312,-11.083479881286621,0.006350183393806219,23000.14453125,104.7106704711914,-10.904326438903809,0.00494413310661912,26327.912109375,148.68055725097656,-11.051040649414062,0.006132923997938633,1558.5557861328125,144,1.9958264827728271,1.9471756219863892,-12.79272747039795,1368.128970506123,3588.3821222639385,8.677985256119051,0.34659032454619293,0.009437727741897106,0.00936818029731512,-78.5268783569336,0,3.498901128768921,0.0002560762222856283,26849.123046875,11.974958419799805,8.677985256119042,0.3465903245462021
719.9120483398438,91.04945373535156,-7.143198490142822,0.1373497098684311,468.0279541015625,73.4454116821289,-6.675679683685303,0.170420840382576,441.9093322753906,83.86187744140625,-6.613332748413086,0.20609204471111298,46.279205322265625,17,1.4966089725494385,1.1779073476791382,20.727115631103516,208.80686079467733,3757.1653037945844,8.690426526897626,0.4314540607936511,0.24455174803733826,0.24347145855426788,63.776065826416016,0,7.347212314605713,0.0005378393107093871,203.08384704589844,8.979654312133789,8.690426526897605,0.4314540607936652
1448.371337890625,90.48595428466797,-7.902199745178223,0.06784706562757492,1316.2042236328125,74.85183715820312,-7.798308372497559,0.06176024675369263,1519.4190673828125,98.00932312011719,-7.954194068908691,0.07005185633897781,77.3097152709961,30,1.450402855873108,1.4210498332977295,-53.09893798828125,820.2257358017882,3531.183760007677,8.673841405816816,0.3866964779837365,0.12457720190286636,0.12387128174304962,-53.71537399291992,2,5.601086616516113,0.0004100030637346208,1490.697998046875,8.702417373657227,8.673841405816816,0.3866964779837365
1170.666748046875,109.9726333618164,-7.671082973480225,0.10201902687549591,844.2833251953125,73.9875717163086,-7.316220760345459,0.09517007321119308,903.1334838867188,99.89412689208984,-7.389379978179932,0.12012069672346115,49.194313049316406,28,1.6183040142059326,1.4935944080352783,-0.6676574349403381,670.9850619232722,3611.222783991297,8.679711016662099,0.39762045253156847,0.20064859092235565,0.2004540115594864,55.11863327026367,0,6.515781402587891,0.0004769630031660199,653.4342041015625,9.709823608398438,8.679711016662099,0.3976204525315686
794.3336181640625,90.24325561523438,-7.250007152557373,0.12337911128997803,634.0712280273438,73.66590881347656,-7.005344867706299,0.12617065012454987,801.469482421875,94.3648452758789,-7.2597174644470215,0.12786540389060974,45.321495056152344,15,1.7640740871429443,1.1878384351730347,-54.31725311279297,205.2074152726334,3550.3340539775245,8.675287065929224,0.431722848179674,0.2920083701610565,0.2901076674461365,-31.583541870117188,2,8.661819458007812,0.0006341165280900896,525.6249389648438,10.584444046020508,8.675287065929224,0.431722848179674
385.2016296386719,67.7347412109375,-6.4642205238342285,0.1909647434949875,287.33245849609375,73.14228820800781,-6.145961761474609,0.276448130607605,289.3863525390625,62.03199768066406,-6.153695106506348,0.2327917367219925,32.098209381103516,9,1.1570799350738525,0.8217553496360779,56.965518951416016,1182.4439811284226,3531.482986840908,8.673835601146324,0.3601817090575962,0.311442494392395,0.3111917972564697,82.70533752441406,0,5.811460018157959,0.0004253604856785387,249.2540283203125,6.942479610443115,8.673835601146324,0.36018170905759617
447.0970764160156,75.55355834960938,-6.626004695892334,0.18351979553699493,272.1600341796875,73.0306396484375,-6.087060928344727,0.2914141118526459,199.50936889648438,84.13156127929688,-5.749908447265625,0.45795783400535583,37.04085922241211,10,1.709483027458191,1.0115214586257935,-23.86776351928711,1423.7357873224405,3206.0038418612266,8.64999277971653,0.3425257913799047,0.3869556784629822,0.38521987199783325,-55.50666427612305,0,7.8629655838012695,0.0005755266174674034,-173.41943359375,10.256897926330566,8.649992779716522,0.34252579137991435
5570.900390625,112.87340545654297,-9.364813804626465,0.022003717720508575,4724.02880859375,80.17607879638672,-9.185781478881836,0.018431559205055237,5241.3369140625,115.55805969238281,-9.298604965209961,0.023943519219756126,324.9771728515625,69,1.7715624570846558,1.678272008895874,83.11986541748047,888.1587951932243,3766.0841538380046,8.691029122448697,0.38171941195633674,0.03373396396636963,0.03352208063006401,-87.36127471923828,0,3.7860822677612305,0.00027711770962923765,4852.24267578125,10.629374504089355,8.691029122448697,0.38171941195633663
620.5084838867188,88.59208679199219,-6.981869220733643,0.15505187213420868,265.0222473144531,73.21949005126953,-6.058205604553223,0.30003657937049866,245.48919677734375,87.85723876953125,-5.975080966949463,0.3886646032333374,37.85084533691406,14,1.5984342098236084,1.1804739236831665,-74.49866485595703,1981.365443343451,3534.4465161034946,8.673986147844886,0.30171731753205167,0.3672483265399933,0.36610913276672363,-59.62860107421875,0,8.216525077819824,0.0006012091180309653,174.91146850585938,9.590604782104492,8.673986147844895,0.301717317532042
4150.822265625,128.5799102783203,-9.04533576965332,0.033640991896390915,3056.6103515625,77.52281188964844,-8.71310043334961,0.027543509379029274,3866.55908203125,135.90802001953125,-8.968311309814453,0.03817246854305267,149.76663208007812,73,2.1994974613189697,1.9452177286148071,48.770965576171875,156.9834568548414,3566.9171966578906,8.676504264634053,0.4352532064958637,0.06777534633874893,0.06763079762458801,17.177560806274414,0,5.047137260437012,0.00036949216155335307,3367.990478515625,13.196985244750977,8.676504264634042,0.4352532064958708
2099.381103515625,151.9720916748047,-8.305228233337402,0.07861445099115372,925.3961791992188,74.17884063720703,-7.41581916809082,0.08705268055200577,1169.929443359375,137.32077026367188,-7.670399188995361,0.1274695247411728,45.756446838378906,43,2.589022397994995,1.796874761581421,40.02276611328125,219.85011587499102,3556.890287285722,8.675765994635425,0.430650591856385,0.22039256989955902,0.2196488082408905,27.96380615234375,0,12.929770469665527,0.000946562213357538,940.5578002929688,15.534133911132812,8.675765994635425,0.4306505918563849
2986.671875,76.70609283447266,-8.687969207763672,0.02789152041077614,2070.7587890625,75.91551971435547,-8.290324211120605,0.03981354460120201,3088.34228515625,96.21460723876953,-8.724313735961914,0.03383338078856468,250.74176025390625,33,3.5175063610076904,0.5986896753311157,56.990909576416016,2008.9985546116861,3066.9163820529175,8.639765282161298,0.29969977934680164,0.10222289711236954,0.09783607721328735,58.036399841308594,3,8.683554649353027,0.0006354596116580069,1849.44091796875,21.105037689208984,8.63976528216129,0.29969977934681186
1380.7083740234375,116.89876556396484,-7.850255012512207,0.0919470489025116,987.8103637695312,74.4233169555664,-7.4866838455200195,0.08182109147310257,1151.7557373046875,116.64887237548828,-7.653400897979736,0.10998918861150742,56.759849548339844,33,2.0037155151367188,1.6662144660949707,-28.134763717651367,77.9867300315059,3577.6187482554906,8.677292970035065,0.44103681708123244,0.22580230236053467,0.2252700924873352,-4.9902191162109375,0,10.300747871398926,0.000754103297367692,803.730224609375,12.022293090820312,8.677292970035065,0.44103681708123244
1642.9547119140625,122.66851806640625,-8.039064407348633,0.08108440786600113,906.0645141601562,74.11848449707031,-7.392897605895996,0.08883768320083618,920.5186767578125,98.32791137695312,-7.410081386566162,0.11600428819656372,65.01251983642578,25,1.9609602689743042,1.1625654697418213,20.52195167541504,1565.9084979778759,3581.6454152531765,8.67747592468278,0.3321160861933101,0.1653895080089569,0.1652841866016388,43.9610481262207,0,8.721837043762207,0.0006382858846336603,800.06396484375,11.765761375427246,8.67747592468278,0.3321160861933101
47900.8515625,180.90309143066406,-11.700858116149902,0.004101404454559088,40826.65234375,123.80200958251953,-11.527359008789062,0.003293166868388653,46702.28125,165.30532836914062,-11.673345565795898,0.003843957558274269,2600.3173828125,171,2.0132150650024414,1.9298344850540161,-37.63697052001953,1701.4946404964462,3256.5218224215223,8.653668666689548,0.3221976809538096,0.0064617665484547615,0.006346205715090036,-72.79363250732422,0,3.5509252548217773,0.00025987703702412546,47536.17578125,12.079290390014648,8.653668666689557,0.32219768095379975
653.1185302734375,89.77562713623047,-7.037479877471924,0.1492781639099121,524.3731079101562,73.48258972167969,-6.799100875854492,0.15218570828437805,602.9424438476562,88.3560562133789,-6.950689792633057,0.15914401412010193,31.859451293945312,15,1.8766332864761353,1.0221606492996216,8.410415649414062,1724.0359398294836,3449.4798167362255,8.667789834626904,0.3205460834843601,0.37414395809173584,0.37299779057502747,6.54088830947876,0,8.28491497039795,0.0006062974571250379,94.43962860107422,11.25979995727539,8.667789834626904,0.3205460834843599
946.146484375,106.77515411376953,-7.439896106719971,0.12255799770355225,617.7608642578125,73.66716766357422,-6.97705078125,0.12950406968593597,641.8456420898438,98.51275634765625,-7.018576622009277,0.1666831523180008,34.35915756225586,22,1.8800380229949951,1.2806658744812012,21.565147399902344,1815.237747815622,3257.3754625169017,8.653721891432253,0.31387459083715946,0.3205946683883667,0.3187828063964844,33.88622283935547,0,9.28881549835205,0.0006797758978791535,504.14251708984375,11.280227661132812,8.653721891432253,0.31387459083715946
882.7477416992188,105.40074157714844,-7.364591598510742,0.1296692192554474,457.4335021972656,73.54188537597656,-6.650819778442383,0.17459693551063538,449.2386169433594,78.71039581298828,-6.631192684173584,0.1902763694524765,38.02019500732422,14,1.8681426048278809,0.8564651012420654,38.44620895385742,383.3519689915722,3747.8979067776772,8.689735823586238,0.4186753136456892,0.38376766443252563,0.3826168477535248,10.217923164367676,2,7.561100959777832,0.0005534851807169616,196.96713256835938,11.208855628967285,8.689735823586238,0.4186753136456891
1282.3885498046875,127.18572235107422,-7.770049095153809,0.1077081486582756,508.84716796875,73.42803192138672,-6.766468524932861,0.15671275556087494,757.4783935546875,120.66117095947266,-7.198425769805908,0.17299243807792664,36.159481048583984,23,2.573503255844116,1.3960716724395752,-54.2882080078125,857.6560122419195,3754.7324598336972,8.690200679854309,0.3839524633393836,0.4175496995449066,0.4152967631816864,-49.49462127685547,2,11.35766315460205,0.0008313199505209923,23.548879623413086,15.441019058227539,8.690200679854309,0.3839524633393836
718.4314575195312,95.97066497802734,-7.140963554382324,0.14507178962230682,345.1588134765625,73.23943328857422,-6.345047473907471,0.23043891787528992,337.7329406738281,99.72319030761719,-6.3214335441589355,0.32066574692726135,39.72007369995117,16,1.791612982749939,1.356605052947998,-64.70794677734375,99.51329081613657,3240.381632582071,8.652603142667731,0.4394702663643021,0.4436417520046234,0.4432877004146576,69.49976348876953,0,9.332964897155762,0.0006833238294348121,-136.86996459960938,10.749677658081055,8.65260314266772,0.43947026636430964
4732.32861328125,71.6580810546875,-9.187686920166016,0.016444478183984756,4068.203857421875,79.00477600097656,-9.023507118225098,0.0210901889950037,4539.70751953125,82.98464965820312,-9.142569541931152,0.019851792603731155,628.2715454101562,30,2.281568765640259,0.6283732056617737,74.10413360595703,1020.2439604829544,3544.1812617421547,8.674777628776567,0.3720542323564573,0.023066401481628418,0.02137306146323681,71.84891510009766,3,4.9875969886779785,0.0003650749276857823,3910.1259765625,13.689413070678711,8.674777628776567,0.37205423235645735
31518.314453125,275.8404541015625,-11.246407508850098,0.009504402056336403,9966.70703125,87.9441909790039,-9.996378898620605,0.00958264246582985,30034.828125,293.911376953125,-11.194063186645508,0.010627253912389278,322.7848205566406,406,5.115592002868652,3.8387389183044434,42.26213455200195,1460.0334451773763,3404.06966326378,8.664487796520575,0.33986640502109255,0.04096149280667305,0.04024328663945198,32.49893569946289,0,10.814031600952148,0.0007914723828434944,28012.92578125,30.693552017211914,8.664487796520575,0.3398664050210925
765.7650146484375,94.67445373535156,-7.210238933563232,0.13426633179187775,217.31549072265625,73.05322265625,-5.842726707458496,0.36507201194763184,225.55386352539062,80.3433609008789,-5.8831257820129395,0.3868383765220642,34.163143157958984,9,1.6484882831573486,0.9411337375640869,70.90377807617188,514.5519391549678,3505.642134072018,8.671994025246605,0.4090753043870436,0.366642564535141,0.36545559763908386,81.47482299804688,0,7.444484233856201,0.0005449802265502512,-28.985605239868164,9.89093017578125,8.671994025246594,0.40907530438705153
716.1905517578125,89.73092651367188,-7.137571334838867,0.1360640525817871,512.56640625,73.46282958984375,-6.7743754386901855,0.1556493639945984,511.834716796875,125.94666290283203,-6.772824287414551,0.26723095774650574,37.715789794921875,17,2.4279091358184814,1.5705194473266602,12.745199203491211,1996.024051799405,3164.4216535150626,8.646903324145812,0.3006479510620334,0.3186242878437042,0.31725451350212097,47.161556243896484,3,11.701974868774414,0.0008563273004256189,-111.46438598632812,14.567455291748047,8.646903324145812,0.30064795106203324
1546.8948974609375,126.20001983642578,-7.973651885986328,0.08859892189502716,828.5887451171875,73.96148681640625,-7.295847415924072,0.09693852812051773,1149.306396484375,124.89865112304688,-7.651089668273926,0.11801894754171371,41.75524139404297,29,2.2440996170043945,1.413362979888916,-40.016517639160156,794.6609790520537,3516.5949290058484,8.672775444000791,0.38856826427959573,0.2733788788318634,0.27219685912132263,-26.33742904663086,2,10.668641090393066,0.0007809594389982522,1151.5916748046875,13.464597702026367,8.6727754440008,0.38856826427958735
854.0018920898438,100.53681182861328,-7.328647136688232,0.12784864008426666,564.2655029296875,73.57782745361328,-6.878708839416504,0.141609787940979,523.0324096679688,93.44166564941406,-6.796321392059326,0.1940179020166397,56.91036605834961,20,1.4957973957061768,1.3732014894485474,31.46503257751465,1352.0001660298635,3548.8625113104754,8.67509414701318,0.3477712583461863,0.24090130627155304,0.24068482220172882,57.633243560791016,0,5.457634925842285,0.0003994384896941483,505.95697021484375,8.974784851074219,8.675094147013171,0.3477712583461952
423.575439453125,74.79640197753906,-6.56732702255249,0.19176959991455078,117.40957641601562,72.85608673095703,-5.174258708953857,0.6738948822021484,-30.604923248291016,78.67507934570312,99.0,99.0,28.51836585998535,9,1.7038660049438477,0.8919807076454163,-34.92337417602539,1873.149388270885,3548.9855151096403,8.675059586183739,0.30963462271461467,0.6663934588432312,0.6658710241317749,-88.80547332763672,0,7.3675127029418945,0.0005391105660237372,-484.7618713378906,10.223196029663086,8.675059586183732,0.3096346227146243
2804.113037109375,97.39326477050781,-8.619488716125488,0.03771926462650299,2419.279296875,76.61495208740234,-8.45921516418457,0.034391991794109344,2724.048095703125,108.58385467529297,-8.58803653717041,0.04328927397727966,150.076171875,45,1.9399069547653198,1.4285190105438232,-55.06285095214844,1822.4167117826778,3773.852587811028,8.69151976095671,0.3133451650693652,0.06386785209178925,0.06337893754243851,-59.213722229003906,0,4.048238277435303,0.00029621098656207323,2395.8515625,11.63944149017334,8.691519760956702,0.3133451650693745
512.474609375,77.89669036865234,-6.774180889129639,0.16507317125797272,297.0025634765625,73.18721771240234,-6.181900501251221,0.267611563205719,257.5431213378906,89.05998229980469,-6.027124881744385,0.3755454123020172,37.85426330566406,12,1.710866093635559,0.9318735003471375,-0.5714976787567139,460.3146134666542,3684.131000428307,8.685062916036479,0.4130421571160306,0.3081844747066498,0.30749455094337463,-49.975406646728516,0,7.547531604766846,0.0005524971056729555,232.81561279296875,10.265196800231934,8.68506291603647,0.41304215711603814
1399.6094970703125,127.32211303710938,-7.865017414093018,0.0987931415438652,892.185791015625,74.15206909179688,-7.376138210296631,0.09026052057743073,1049.0240478515625,138.7332305908203,-7.551963806152344,0.14362329244613647,46.558807373046875,33,2.051600694656372,1.7721929550170898,18.588394165039062,1130.6648904348938,3688.1703084886894,8.685307687895136,0.36396946365051625,0.2343255579471588,0.2335483431816101,83.90936279296875,2,11.42574691772461,0.0008362602675333619,1298.01318359375,12.30960464477539,8.685307687895127,0.36396946365052485
49353.12890625,183.92156982421875,-11.73328685760498,0.0040471358224749565,42258.62890625,125.14903259277344,-11.564788818359375,0.003216191427782178,47925.953125,166.21299743652344,-11.70142650604248,0.0037663793191313744,2800.523681640625,177,2.0515527725219727,1.9197224378585815,-45.599552154541016,135.5247255201298,3463.8298267133846,8.6689593216955,0.4368271519657638,0.006267096847295761,0.006179804913699627,-71.71721649169922,0,3.513497829437256,0.0002572261728346348,49061.5625,12.309316635131836,8.668959321695489,0.43682715196577115
12283.6923828125,124.41643524169922,-10.223321914672852,0.010999644175171852,10685.7587890625,88.94378662109375,-10.072013854980469,0.009039410389959812,12008.154296875,125.08843231201172,-10.198690414428711,0.011312815360724926,690.9517211914062,91,1.8233953714370728,1.7271411418914795,-68.63858032226562,1650.8099509481037,3498.3781996711004,8.671374745168244,0.3259039551135336,0.016869591549038887,0.016774045303463936,-51.004676818847656,0,3.5995471477508545,0.000263421970885247,11984.177734375,10.940372467041016,8.671374745168244,0.3259039551135336
173339.546875,472.25543212890625,-13.097244262695312,0.0029587559401988983,0.0,0.0,99.0,99.0,0.0,0.0,99.0,99.0,498.5420227050781,1311,235.3238983154297,1.0037790536880493,-0.0739382803440094,1763.2888719778875,1.1469954164631335,8.415274557298414,0.31777830071408314,0.7527759075164795,0.0044905757531523705,-0.12628144025802612,58,92.26805114746094,0.006755638401955366,0.0,1411.943359375,8.415274557298414,0.31777830071408314
1260.592041015625,99.01133728027344,-7.751436233520508,0.08529826253652573,986.224365234375,74.36428833007812,-7.484939098358154,0.08188766986131668,1182.7703857421875,105.83773040771484,-7.6822509765625,0.09717843681573868,60.27845764160156,29,1.7926056385040283,1.5147976875305176,-86.26046752929688,1332.7391321423245,3245.7751079795585,8.652911061700427,0.3491853441435857,0.18800586462020874,0.18745030462741852,-85.2763671875,0,7.649260997772217,0.0005598959978669882,1028.40869140625,10.755634307861328,8.652911061700427,0.34918534414358565
413.3407287597656,73.42591094970703,-6.540770530700684,0.19291721284389496,342.9035949707031,73.23564147949219,-6.337930202484131,0.23194248974323273,196.02999877929688,70.56229400634766,-5.730806350708008,0.39091289043426514,33.998252868652344,9,1.6435482501983643,0.7439867854118347,41.007896423339844,632.3088226660756,3505.3418048242947,8.671963608020864,0.40045411289139293,0.3609367609024048,0.3591899573802948,5.493764400482178,0,6.6010847091674805,0.0004832274280488491,-48.892730712890625,9.861289978027344,8.671963608020864,0.4004541128913929
739.00927734375,98.3462905883789,-7.171624660491943,0.14452332258224487,326.62384033203125,73.12227630615234,-6.285119533538818,0.24312612414360046,430.119384765625,123.34098815917969,-6.583972454071045,0.3114212453365326,27.396448135375977,9,1.8667136430740356,0.8239150047302246,-65.7802505493164,1336.8803637767032,3523.3030883141746,8.673224650714307,0.34887819925055913,0.5224934816360474,0.5211271047592163,44.499603271484375,2,7.411891460418701,0.000542476074770093,-10.361984252929688,11.200282096862793,8.673224650714307,0.3488781992505591
1358.0361328125,108.79993438720703,-7.832278251647949,0.08700558543205261,952.7818603515625,74.25247955322266,-7.447483539581299,0.08463447540998459,1061.642578125,111.02191162109375,-7.564945697784424,0.11356910318136215,67.45435333251953,32,1.9743999242782593,1.4848995208740234,13.208431243896484,1192.7191304094497,3421.9384599547375,8.66581673539856,0.3594312785230939,0.14682462811470032,0.14644001424312592,-42.554420471191406,1,6.409498691558838,0.0004691471694968641,1012.862548828125,11.846399307250977,8.66581673539855,0.35943127852310286
1560.194580078125,119.10167694091797,-7.982946872711182,0.08290275186300278,1010.62548828125,74.3199691772461,-7.511475563049316,0.07986290752887726,1175.5906982421875,116.67399597167969,-7.67564058303833,0.10778237879276276,54.25682067871094,37,2.084167242050171,1.6109445095062256,74.62456512451172,102.46968693813082,3351.5709457827,8.660743291662854,0.43925056520326045,0.19190311431884766,0.19098302721977234,-84.42755889892578,0,8.498355865478516,0.0006221958319656551,775.184814453125,12.505002975463867,8.660743291662833,0.4392505652032751
5529.3916015625,181.71112060546875,-9.356693267822266,0.035688966512680054,2452.718994140625,76.61383819580078,-8.474119186401367,0.03392260894179344,5021.0869140625,189.07810974121094,-9.251994132995605,0.04089529439806938,88.3185806274414,117,3.2490596771240234,2.6341259479522705,-10.40017032623291,1543.9365879876634,3507.6873503972192,8.672064920298512,0.3337247859623664,0.12540456652641296,0.12407224625349045,-13.447298049926758,0,10.575949668884277,0.0007739989086985588,4190.7392578125,19.49435806274414,8.672064920298512,0.3337247859623665
31517.013671875,161.2510528564453,-11.246362686157227,0.005556320771574974,26858.69140625,108.9742431640625,-11.072711944580078,0.004406246822327375,30805.21875,151.64784240722656,-11.22156047821045,0.0053461575880646706,1812.46337890625,145,1.980831503868103,1.8934541940689087,-22.049741744995117,1096.2973939826147,3476.7271019861564,8.669834481539372,0.3664882453102119,0.008516643196344376,0.008440028876066208,-64.47872161865234,0,3.572075843811035,0.000261463486822322,31344.7265625,11.884988784790039,8.669834481539372,0.3664882453102119
11548.8984375,209.47291564941406,-10.156351089477539,0.019697774201631546,4936.16455078125,80.47466278076172,-9.233473777770996,0.017705140635371208,10523.0625,211.322265625,-10.055355072021484,0.021808858960866928,204.6658935546875,184,4.392977237701416,2.3731205463409424,31.932363510131836,729.5349092673764,3470.8225229915033,8.669429750330082,0.39333692305070106,0.0675438642501831,0.06599920243024826,34.690216064453125,0,10.567830085754395,0.0007736024563200772,8325.458984375,26.357864379882812,8.669429750330082,0.39333692305070106
1088.932373046875,108.12513732910156,-7.592502117156982,0.10783396661281586,679.4689331054688,73.71318054199219,-7.080423831939697,0.11781629920005798,684.0120849609375,109.17082977294922,-7.0876593589782715,0.17332957684993744,40.03390884399414,26,1.8589905500411987,1.5453948974609375,37.8718376159668,81.8290055782827,3482.863911282554,8.67035629535367,0.44075812932231556,0.24745436012744904,0.24741241335868835,-61.63036346435547,0,8.781852722167969,0.0006429267232306302,367.71563720703125,11.153943061828613,8.67035629535367,0.44075812932231556
1488.20654296875,106.13127136230469,-7.931657791137695,0.07744795829057693,1121.595703125,74.53148651123047,-7.624590873718262,0.07216610759496689,1514.840087890625,114.7679672241211,-7.950916767120361,0.08227799832820892,65.42701721191406,34,2.505552291870117,1.272036075592041,79.24620056152344,785.6053575264455,3242.0149229060576,8.65267623120576,0.38923685456462703,0.21008974313735962,0.20797854661941528,-89.57215881347656,0,10.69466781616211,0.0007829316309653223,810.6962890625,15.033313751220703,8.65267623120576,0.3892368545646269
465.3476257324219,73.04991912841797,-6.669443607330322,0.17047946155071259,384.8993225097656,73.24884796142578,-6.463367938995361,0.20667287707328796,334.8813781738281,66.99720001220703,-6.312227725982666,0.21726785600185394,38.07563018798828,11,2.06044864654541,0.512519896030426,-21.16236114501953,1403.015950686124,3437.491735747826,8.666938633476322,0.3440389242096946,0.272584468126297,0.27167442440986633,-4.631934642791748,0,6.128953456878662,0.000448579085059464,-247.4496307373047,12.362691879272461,8.666938633476304,0.3440389242097132
2060.297119140625,97.4299087524414,-8.28482437133789,0.05135612562298775,1716.5289306640625,75.6453628540039,-8.086627960205078,0.04785871133208275,1823.88525390625,103.58479309082031,-8.152493476867676,0.0616777203977108,116.03307342529297,39,1.7487902641296387,1.3821347951889038,-15.669532775878906,917.549022211701,3202.535413832042,8.649776625105494,0.3795782602878261,0.08159025758504868,0.08131144195795059,-87.73582458496094,0,4.75685977935791,0.00034823123132809997,1973.87060546875,10.492741584777832,8.649776625105494,0.3795782602878261
2107.16455078125,91.47679138183594,-8.309246063232422,0.047145724296569824,1850.14501953125,75.75151062011719,-8.168014526367188,0.04446469992399216,1981.423583984375,97.51724243164062,-8.242443084716797,0.05344830080866814,129.97265625,37,1.5547451972961426,1.411994457244873,51.61109161376953,258.6778814634815,3430.889064432269,8.66653959469373,0.427811031879421,0.07290519773960114,0.07265160977840424,-46.169864654541016,0,4.071264266967773,0.00029805945814587176,1737.7098388671875,9.328471183776855,8.666539594693718,0.42781103187942865
1113.9268798828125,96.08563995361328,-7.6171417236328125,0.09367670863866806,880.2193603515625,74.10391998291016,-7.361477375030518,0.09142818301916122,877.0762939453125,95.01698303222656,-7.357593536376953,0.11765047907829285,51.108985900878906,26,1.8149274587631226,1.1903818845748901,-18.03533172607422,949.9893008566174,3476.5102984833634,8.669829748663608,0.3771981704991866,0.16949881613254547,0.16842114925384521,-32.24979019165039,0,6.945334434509277,0.0005083949654363096,192.41233825683594,10.889564514160156,8.669829748663608,0.3771981704991866
888.140869140625,100.85894775390625,-7.371204853057861,0.12332820147275925,582.6331787109375,73.60851287841797,-6.913487911224365,0.1372026950120926,577.2525634765625,85.91175842285156,-6.903414726257324,0.16162799298763275,48.02327346801758,18,1.4891663789749146,1.173783302307129,67.65190887451172,1839.0517058395249,3456.2761469568813,8.668277552918106,0.31213017144364874,0.2695920765399933,0.26899778842926025,76.9514389038086,2,6.254326343536377,0.0004576737992465496,392.29327392578125,8.934998512268066,8.668277552918106,0.3121301714436489
5730.38671875,205.5694580078125,-9.39546012878418,0.038958702236413956,2234.2744140625,76.31747436523438,-8.372840881347656,0.037095166742801666,4791.7685546875,197.87928771972656,-9.201239585876465,0.044847097247838974,92.03634643554688,130,3.5190861225128174,2.6812801361083984,-31.049148559570312,459.9864152135241,4068.780760388219,8.713214591618415,0.41305827480196905,0.1394517570734024,0.13853736221790314,-33.55559158325195,0,10.858132362365723,0.000794733758084476,3446.491943359375,21.114517211914062,8.713214591618415,0.41305827480196905
4298.2265625,89.00819396972656,-9.083223342895508,0.022489018738269806,2219.4091796875,76.2660140991211,-8.365593910217285,0.03731844201683998,2444.8505859375,100.7379150390625,-8.470630645751953,0.044747672975063324,557.7142333984375,40,1.7146676778793335,1.386194109916687,3.219174861907959,1771.3214060276446,3415.6029087078723,8.665306461001622,0.31708638685802965,0.06570274382829666,0.06551912426948547,-33.084930419921875,0,4.0198516845703125,0.0002941735147032887,2116.866455078125,10.288005828857422,8.665306461001622,0.3170863868580298
710.879150390625,86.05230712890625,-7.129489421844482,0.13146089017391205,605.375732421875,73.70345306396484,-6.955062389373779,0.1322186291217804,696.64111328125,94.78321838378906,-7.107522964477539,0.1477583944797516,45.982757568359375,17,1.6661489009857178,1.3394787311553955,-1.0413001775741577,2015.0057522560735,3312.2779584172267,8.657723621736668,0.2992578082488637,0.31945040822029114,0.3180951476097107,-8.341964721679688,0,8.234920501708984,0.0006025855545885861,311.68170166015625,9.996892929077148,8.657723621736668,0.2992578082488637
1730.6552734375,117.13733673095703,-8.095526695251465,0.07350461184978485,1056.5794677734375,74.36774444580078,-7.559755325317383,0.0764385238289833,1108.055419921875,95.8641586303711,-7.611403942108154,0.09395601600408554,83.54815673828125,30,1.7557499408721924,1.2490841150283813,-34.253211975097656,1140.3693263909731,3444.533763848422,8.667474668172847,0.36326277169205234,0.12753354012966156,0.12733353674411774,15.301608085632324,0,5.4832539558410645,0.00040135375456884503,676.0350952148438,10.534500122070312,8.667474668172847,0.3632627716920524
503.25146484375,74.03216552734375,-6.754462718963623,0.15975895524024963,670.6465454101562,73.812255859375,-7.066234111785889,0.11952661722898483,779.4940795898438,83.73121643066406,-7.229532241821289,0.11665528267621994,53.74425506591797,12,1.8233202695846558,0.8799288272857666,78.68242645263672,1120.3743717930183,3445.6838632578488,8.667560389227837,0.3647263467020677,0.2823579013347626,0.28186988830566406,-65.69001770019531,2,7.571564674377441,0.0005542134749703109,511.5265197753906,10.939921379089355,8.667560389227829,0.3647263467020766
538.2890625,84.78068542480469,-6.827538967132568,0.17104531824588776,328.0876159667969,73.21076965332031,-6.289974689483643,0.24233432114124298,293.4944763183594,60.32542037963867,-6.168999671936035,0.22321853041648865,30.258413314819336,11,1.5678008794784546,0.5588269233703613,-8.693705558776855,502.20808438280346,3215.1466223792813,8.650728956186027,0.4099859957243526,0.3491329252719879,0.34733253717422485,-15.406637191772461,0,5.574991703033447,0.0004081593651790172,111.14287567138672,9.406805038452148,8.650728956186036,0.4099859957243443
1689.83251953125,85.46046447753906,-8.069608688354492,0.054922640323638916,1515.28466796875,75.40108489990234,-7.951235771179199,0.05403973534703255,1554.0684814453125,93.67527770996094,-7.978675365447998,0.06546130776405334,106.00971221923828,31,1.6656434535980225,1.2058964967727661,-82.08616638183594,1580.1052019218582,3169.9013053831213,8.647337904635114,0.3310821589427895,0.08208361268043518,0.0818018913269043,-77.35027313232422,0,5.090327739715576,0.0003725665155798197,1380.2142333984375,9.993860244750977,8.647337904635114,0.3310821589427893
3516.88037109375,141.37625122070312,-8.86539363861084,0.043656475841999054,2216.0234375,76.20551300048828,-8.363935470581055,0.037345804274082184,3357.051025390625,152.2222900390625,-8.814894676208496,0.04924364015460014,106.40570831298828,73,2.799562692642212,1.9784587621688843,-47.48015594482422,1564.9864667385925,3716.2172067443507,8.687324495492895,0.3321823143707786,0.10616699606180191,0.105967216193676,-55.857051849365234,0,7.879700183868408,0.0005766315734945238,2876.41943359375,16.79737663269043,8.687324495492886,0.33218231437078793
493.07037353515625,79.44192504882812,-6.732272148132324,0.17497284710407257,124.3644790649414,72.83902740478516,-5.236741065979004,0.6360592842102051,164.18463134765625,77.59071350097656,-5.538331031799316,0.5132241249084473,33.379844665527344,11,2.215322971343994,0.654173731803894,85.38986206054688,854.8887585903121,3481.8358742577325,8.67022668601397,0.3841598694312887,0.33642491698265076,0.0893387719988823,85.25291442871094,0,7.19272518157959,0.0005265161162242293,-449.10760498046875,13.291937828063965,8.67022668601397,0.38415986943128877
431.6791687011719,72.41189575195312,-6.587902545928955,0.18217074871063232,412.8640441894531,73.32439422607422,-6.539517402648926,0.19287291169166565,413.6856384277344,84.44397735595703,-6.541676044464111,0.22168079018592834,30.736682891845703,10,1.768619418144226,0.7357568740844727,-40.36589050292969,649.1656837742403,3248.2226135685664,8.653140293905107,0.3992257091386451,0.4147101044654846,0.41321149468421936,-61.500267028808594,0,6.812009811401367,0.0004987053689546883,160.26934814453125,10.611716270446777,8.653140293905107,0.39922570913864514
668.9140625,82.84620666503906,-7.0634260177612305,0.1345030516386032,625.1302490234375,73.6509780883789,-6.989926338195801,0.1279492825269699,639.9075317382812,86.60916900634766,-7.015293121337891,0.14698617160320282,39.755123138427734,16,1.8615802526474,0.9924978613853455,-86.10124969482422,1607.9478976616276,3273.435340846783,8.65491418453162,0.32904314708582216,0.30135926604270935,0.3006119430065155,-75.68636322021484,0,8.129881858825684,0.0005950107588432729,266.7337951660156,11.16948127746582,8.654914184531611,0.3290431470858319
1105.6104736328125,118.10115814208984,-7.609005451202393,0.11600636690855026,598.7156982421875,73.66386413574219,-6.943051815032959,0.1336175948381424,844.2296752929688,105.44371795654297,-7.3161516189575195,0.13564066588878632,35.45424270629883,21,2.1664645671844482,1.2581729888916016,67.62060546875,1784.501361713455,3328.494712106614,8.658929853881144,0.31612286190024264,0.35325172543525696,0.35221514105796814,16.63807487487793,2,9.886702537536621,0.0007235254743136466,437.0090637207031,12.998786926269531,8.658929853881144,0.31612286190024264
10318.0029296875,133.26722717285156,-10.033988952636719,0.014026765711605549,8490.9267578125,85.85617065429688,-9.8223876953125,0.010981108993291855,9550.68359375,124.34814453125,-9.95008659362793,0.01413952000439167,539.3184814453125,84,1.8557976484298706,1.77340567111969,63.93506622314453,380.4996824521645,3412.70067556939,8.665199796671855,0.41889209577765435,0.02024516463279724,0.020105235278606415,-46.79585647583008,0,3.5966968536376953,0.00026331303524784744,9271.080078125,11.134785652160645,8.665199796671855,0.4188920957776543
670.4993896484375,94.39056396484375,-7.065996170043945,0.15288329124450684,443.4111633300781,73.40419006347656,-6.617016792297363,0.17978109419345856,425.46783447265625,78.00365447998047,-6.572166919708252,0.19910310208797455,32.183128356933594,14,1.97342050075531,0.7190213799476624,0.06084311008453369,799.1940544612762,3418.509401367257,8.665595326520247,0.3882383419837464,0.3958667814731598,0.3931819498538971,11.809882164001465,2,7.116468906402588,0.0005209511145949364,-199.59747314453125,11.840522766113281,8.665595326520238,0.3882383419837549
1489.998779296875,132.20448303222656,-7.93296480178833,0.0963585153222084,757.6453247070312,73.84346008300781,-7.198664665222168,0.1058463603258133,914.2194213867188,105.02703094482422,-7.402626037597656,0.12476146966218948,40.25970458984375,25,2.0752081871032715,1.2921593189239502,-41.92044448852539,2018.5246813040353,3437.928653990533,8.666919359212581,0.2989993932687648,0.2763347327709198,0.27512797713279724,-45.049827575683594,0,9.805642127990723,0.0007174944621510804,569.7384033203125,12.451249122619629,8.666919359212573,0.2989993932687746
1765.8587646484375,109.1437759399414,-8.117389678955078,0.06712322682142258,1387.624755859375,74.96906280517578,-7.855679988861084,0.05867321044206619,1665.9285888671875,135.8470001220703,-8.0541410446167,0.08855712413787842,81.22168731689453,39,1.7300364971160889,1.5571000576019287,52.456729888916016,1151.4761612417062,3422.508085545864,8.665861610195092,0.36245013102353085,0.12853199243545532,0.12807676196098328,22.1402530670166,0,5.441299915313721,0.0003982842608820647,1713.1400146484375,10.380218505859375,8.665861610195092,0.36245013102353085
543.578857421875,75.1496353149414,-6.838156223297119,0.1501392126083374,402.7002258300781,73.33596801757812,-6.512454509735107,0.1977720707654953,428.5672912597656,88.11306762695312,-6.580047607421875,0.223280668258667,41.476402282714844,13,1.4501992464065552,1.3097758293151855,80.14362335205078,1143.8726345266318,3536.407616079785,8.674199069287205,0.3630049063050557,0.3475858271121979,0.34718748927116394,-25.255001068115234,0,8.027959823608398,0.0005875994102098048,268.0376281738281,8.70119571685791,8.674199069287205,0.3630049063050558
1082.7452392578125,115.04947662353516,-7.586315631866455,0.11539531499147415,643.0297241210938,73.794677734375,-7.020577430725098,0.12463035434484482,857.6237182617188,114.06171417236328,-7.333241939544678,0.14443516731262207,38.26296615600586,25,2.5229299068450928,1.2632629871368408,-25.72784996032715,1657.467036679534,3422.145686919379,8.665794782221129,0.32541759948409466,0.3745265007019043,0.37342071533203125,-28.894466400146484,0,10.694618225097656,0.000782669463660568,180.9874267578125,15.137578964233398,8.66579478222112,0.32541759948410415
8745.7705078125,238.817626953125,-9.85449504852295,0.029655013233423233,2573.592529296875,76.86219024658203,-8.526349067687988,0.03243417292833328,7111.30908203125,237.723388671875,-9.629874229431152,0.0363038070499897,93.68476104736328,179,6.378976345062256,2.1187450885772705,9.456537246704102,1171.6434607441163,3415.3859281299115,8.665338738779026,0.360974051782124,0.16177305579185486,0.15877299010753632,8.772262573242188,0,20.187776565551758,0.0014776693424209952,1631.350830078125,38.27385711669922,8.665338738779017,0.360974051782133
4112.0048828125,124.1900634765625,-9.035134315490723,0.03279918432235718,3101.587890625,77.5941162109375,-8.728960037231445,0.02716905251145363,3674.0126953125,125.70147705078125,-8.912851333618164,0.03715605288743973,223.09133911132812,64,2.0502665042877197,1.793858528137207,-36.891056060791016,592.6396323456732,3394.769935351924,8.66387239439646,0.40336079353536236,0.05324290320277214,0.05305866152048111,-73.58525085449219,2,3.887765407562256,0.00028461305191740394,3660.501953125,12.301599502563477,8.66387239439646,0.40336079353536236
3616.825439453125,58.938228607177734,-8.895818710327148,0.017696987837553024,3678.06982421875,78.66246795654297,-8.914050102233887,0.023226162418723106,5319.19775390625,88.97989654541016,-9.314615249633789,0.0181666798889637,492.18060302734375,20,1.781197190284729,0.5648743510246277,-7.026740550994873,1788.8172401597526,3428.9573292740215,8.666282391144216,0.31580606026980995,0.043724216520786285,0.03919744864106178,-9.075277328491211,2,5.980530261993408,0.000437651266111061,4687.79052734375,10.687183380126953,8.666282391144216,0.31580606026980995
463.0091857910156,77.89753723144531,-6.663973808288574,0.1827106922864914,299.3818054199219,73.21987915039062,-6.190563678741455,0.265603244304657,208.138916015625,91.319091796875,-5.7958831787109375,0.47647279500961304,26.971797943115234,10,1.6419677734375,1.2386947870254517,-32.882266998291016,1934.0768964996148,3279.3266090487236,8.65531871637946,0.3051790927726182,0.39153093099594116,0.3902038633823395,-61.861595153808594,0,8.53282642364502,0.0006244137766771019,-139.58731079101562,9.851806640625,8.655318716379469,0.30517909277260824
3928.8408203125,139.6659393310547,-8.985661506652832,0.03860609605908394,2586.39453125,76.90995788574219,-8.531737327575684,0.03229368478059769,3388.216552734375,145.19317626953125,-8.824928283691406,0.046537693589925766,120.1207504272461,77,2.3402292728424072,2.14269757270813,-36.99897003173828,1382.4715821832367,3372.793348345889,8.66220469335548,0.34554343599563414,0.08364706486463547,0.08346204459667206,-49.61832809448242,0,6.930993556976318,0.0005072940257377923,3171.127197265625,14.041376113891602,8.66220469335548,0.3455434359956341
428.2898254394531,71.48444366455078,-6.579344272613525,0.18126067519187927,374.67706298828125,73.28897094726562,-6.434142589569092,0.2124277800321579,412.0599365234375,77.30693054199219,-6.53740119934082,0.20374542474746704,40.110137939453125,10,1.5053282976150513,0.987673282623291,-45.995201110839844,137.09102075790943,4073.038946602491,8.713550063729869,0.4366969041457129,0.3814656734466553,0.37957730889320374,-43.529720306396484,0,5.731270790100098,0.00041950345621444285,283.1054382324219,9.031970024108887,8.713550063729869,0.436696904145713
837.1915893554688,94.45406341552734,-7.307062149047852,0.12252525240182877,716.8894653320312,73.91763305664062,-7.138630390167236,0.11197619140148163,790.4222412109375,93.23188781738281,-7.244647979736328,0.12809588015079498,47.26451110839844,20,1.6832308769226074,1.256792664527893,-89.54499053955078,286.7278514368152,3332.254536399087,8.659316944706758,0.42575988445435725,0.2701740562915802,0.2696038484573364,-74.90438079833984,0,7.497717380523682,0.0005489265313372016,240.30645751953125,10.099385261535645,8.659316944706758,0.42575988445435725
572.2960205078125,85.01117706298828,-6.894052028656006,0.1613188534975052,177.13235473632812,72.78404235839844,-5.620744705200195,0.4462395906448364,192.65476989746094,69.0534896850586,-5.711949348449707,0.3892563283443451,23.42086410522461,9,1.7596789598464966,0.6583924293518066,74.75902557373047,1227.6739381072996,3379.5183473987418,8.662709014402184,0.356873396547749,0.337283194065094,0.1296195238828659,73.95890808105469,1,6.423374652862549,0.00047016344615258276,248.43167114257812,10.558073997497559,8.662709014402175,0.35687339654775835
6324.2880859375,157.07937622070312,-9.50252914428711,0.026973502710461617,3715.13916015625,78.80030822753906,-8.924938201904297,0.023034704849123955,5809.0751953125,162.47267150878906,-9.41026782989502,0.030374081805348396,156.72586059570312,107,3.470536947250366,1.7891852855682373,40.066959381103516,1499.2668578505848,3203.502476006757,8.649803820902616,0.33699783686047086,0.07126326858997345,0.06977932900190353,44.44496154785156,0,8.936310768127441,0.0006540719768963754,4806.39013671875,20.82322120666504,8.649803820902607,0.33699783686048057
25869.78125,286.2225341796875,-11.031981468200684,0.01201547309756279,7545.91064453125,84.56647491455078,-9.694278717041016,0.012170723639428616,24291.97265625,303.6619567871094,-10.96365737915039,0.01357555016875267,225.8448028564453,399,4.723020553588867,4.505468845367432,-9.465232849121094,1358.7873304696916,3216.6514530382874,8.650777189488856,0.3472792732455193,0.05388692021369934,0.053771357983350754,-30.49738883972168,0,10.868663787841797,0.0007955432520247996,22816.287109375,28.338123321533203,8.650777189488865,0.3472792732455098
629.1643676757812,82.8375473022461,-6.996910095214844,0.14298580586910248,451.5673828125,73.3892593383789,-6.636806488037109,0.17649799585342407,425.4326477050781,81.29647827148438,-6.57207727432251,0.20752514898777008,38.9641227722168,15,1.5577902793884277,1.0411126613616943,-63.698856353759766,1372.2209107114188,3380.2665661966275,8.662752508319,0.3462935762981181,0.2611956000328064,0.26101553440093994,-42.00721740722656,1,7.612968921661377,0.0005572100053541362,-70.25321960449219,9.346741676330566,8.662752508319,0.34629357629811813
1349.4969482421875,80.34110260009766,-7.825429916381836,0.06465404480695724,1244.3681640625,74.64946746826172,-7.737372398376465,0.0651489868760109,1292.8699951171875,85.71452331542969,-7.7788872718811035,0.07199948281049728,91.76931762695312,26,1.37595534324646,1.2662913799285889,-24.944677352905273,1923.9378164157297,3353.1007908483957,8.66071913787249,0.30592023292411236,0.10549546778202057,0.1047985702753067,-59.289405822753906,0,4.437864780426025,0.00032474801992066205,1059.2120361328125,8.255731582641602,8.66071913787249,0.30592023292411236
711.7469482421875,83.40383911132812,-7.130814075469971,0.1272595077753067,482.06793212890625,73.3831787109375,-6.707770824432373,0.16531722247600555,429.52679443359375,80.65489959716797,-6.582475662231445,0.20392492413520813,51.48187255859375,17,1.6320713758468628,0.9967963695526123,-83.23905181884766,250.45984903463543,3242.0258687028636,8.652713682181703,0.4284178439743137,0.20050521194934845,0.1981116682291031,-68.25505065917969,0,5.075546741485596,0.0003716052451636642,296.6068115234375,9.792428016662598,8.652713682181703,0.4284178439743137
2801.1953125,55.47840118408203,-8.618358612060547,0.021508513018488884,2581.7421875,76.68392944335938,-8.52978229522705,0.032256804406642914,2830.046875,70.69145965576172,-8.629484176635742,0.027127085253596306,424.90667724609375,18,2.3464183807373047,0.444540411233902,70.28746795654297,1017.1182668692874,3534.060999996972,8.674037122707338,0.3722832022725078,0.05176198109984398,0.04754307121038437,75.11762237548828,3,6.09077787399292,0.00044582574628293514,2323.616455078125,14.078510284423828,8.674037122707338,0.37228320227250783
2669.872802734375,53.9332389831543,-8.5662260055542,0.021937934681773186,2121.22412109375,75.99720764160156,-8.316466331481934,0.038908179849386215,2883.537841796875,68.52519226074219,-8.64981460571289,0.025808004662394524,296.3882751464844,17,2.8965494632720947,0.3604718744754791,72.1994857788086,1014.8689745842527,3526.3169089938438,8.673470468714099,0.37244798110038824,0.059727344661951065,0.00903099775314331,69.79554748535156,3,6.093874454498291,0.00044605383300222456,1406.9901123046875,17.379297256469727,8.673470468714099,0.3724479811003883
17525.775390625,213.59523010253906,-10.609192848205566,0.013235615566372871,8020.6259765625,85.25386810302734,-9.760520935058594,0.011543450877070427,16291.4755859375,219.7241668701172,-10.529901504516602,0.014646951109170914,284.1758117675781,224,4.426608562469482,2.4783902168273926,-19.380111694335938,786.8493050277464,3399.393154606225,8.664196893805464,0.3891424663258623,0.04273749515414238,0.04128959774971008,-26.73360824584961,0,8.89119815826416,0.0006508731748908758,14468.859375,26.559650421142578,8.664196893805464,0.38914246632586214
755.7028198242188,84.46055603027344,-7.195877552032471,0.12137597054243088,618.8422241210938,73.69744873046875,-6.978950023651123,0.12933090329170227,696.2147827148438,83.60884094238281,-7.106858253479004,0.13041837513446808,41.42128372192383,12,1.0062737464904785,0.9033937454223633,72.6866226196289,257.05428467637535,3308.6882033093902,8.657593653642333,0.42793317483688165,0.33477887511253357,0.33308839797973633,-61.94121551513672,2,4.225836277008057,0.00030938739655539393,547.8070678710938,6.037642478942871,8.657593653642333,0.42793317483688176
6152.0927734375,74.89251708984375,-9.472557067871094,0.013220423832535744,4291.10986328125,79.50941467285156,-9.08142375946045,0.020122352987527847,5993.8876953125,92.77870178222656,-9.444271087646484,0.016810068860650063,528.0585327148438,21,1.9641892910003662,0.574119508266449,-2.4699184894561768,825.1769122266787,3396.4145020146757,8.663976055902875,0.3863366380335456,0.04562276601791382,0.041057828813791275,-5.555673599243164,2,6.336147785186768,0.000463828764623031,5304.423828125,11.785135269165039,8.663976055902866,0.3863366380335542
34418.80078125,285.8210754394531,-11.341989517211914,0.009018376469612122,15765.2578125,95.70822143554688,-10.494253158569336,0.006592922378331423,32870.03515625,281.44757080078125,-11.292000770568848,0.009298805147409439,692.8302612304688,428,4.249701976776123,4.121872425079346,79.31604766845703,2020.0530111377916,3386.34772673223,8.66314422171059,0.29888795543042307,0.024133114144206047,0.023990649729967117,-83.39484405517578,16,5.244399547576904,0.00038374675204977393,33832.1875,25.498210906982422,8.66314422171059,0.298887955430423
776.2026977539062,96.99381256103516,-7.224937915802002,0.1357058882713318,570.80224609375,73.78807067871094,-6.891214370727539,0.1403881013393402,808.2259521484375,100.8232192993164,-7.268832206726074,0.13547451794147491,37.4849739074707,14,1.7538464069366455,1.391745686531067,-3.3132240772247314,1814.616931028735,3400.9978400278305,8.664233898271654,0.31391854207255127,0.47455093264579773,0.47351035475730896,25.28558921813965,2,9.353019714355469,0.000684445898514241,620.7080688476562,10.523078918457031,8.664233898271654,0.31391854207255127
9703.8193359375,183.43472290039062,-9.96735668182373,0.020529041066765785,5198.41259765625,81.18507385253906,-9.289676666259766,0.016960367560386658,8642.83984375,178.0738525390625,-9.841641426086426,0.02237553894519806,213.06683349609375,143,3.671494483947754,1.9988428354263306,80.56656646728516,1265.1471809421041,3275.933251144949,8.655123824565072,0.3541321923651306,0.054389990866184235,0.052828188985586166,81.41039276123047,0,8.157119750976562,0.0005970774218440056,8135.25048828125,22.028966903686523,8.65512382456508,0.35413219236512133
591.840576171875,87.60110473632812,-6.930511951446533,0.16074396669864655,205.06747436523438,73.00386810302734,-5.7797417640686035,0.38661518692970276,196.67819213867188,76.27900695800781,-5.734390735626221,0.4211905896663666,30.273174285888672,9,1.5898555517196655,0.8351521492004395,62.38603973388672,1282.7999812812948,3358.263733877913,8.66114896618203,0.3528387956721779,0.3849419355392456,0.38445955514907837,-26.980712890625,2,6.881751537322998,0.00050370889948681,-137.83786010742188,9.539133071899414,8.66114896618203,0.3528387956721779
1644.838623046875,108.5150375366211,-8.040307998657227,0.07164674252271652,1245.750244140625,74.73601531982422,-7.738577365875244,0.06515215337276459,1412.0013427734375,105.11028289794922,-7.8745880126953125,0.0808425322175026,77.11000061035156,37,1.8449434041976929,1.4453178644180298,-38.05567932128906,565.5295762736826,3253.37628504475,8.653523392803072,0.4053489294162245,0.1303781419992447,0.13024041056632996,-62.74569320678711,0,6.127553939819336,0.0004486035031732172,986.7454833984375,11.069660186767578,8.653523392803072,0.4053489294162245
5724.3369140625,59.91020202636719,-9.394312858581543,0.011365941725671291,5603.19775390625,81.59033966064453,-9.371089935302734,0.015813667327165604,5640.80908203125,68.11273193359375,-9.378353118896484,0.013113442808389664,1146.4888916015625,18,1.1268703937530518,0.6679890155792236,-16.758480072021484,115.484248107188,3338.911537865228,8.659815646298322,0.4382980043769544,0.011983956210315228,0.010604324750602245,-6.306768417358398,3,2.04760479927063,0.00014991304487921298,5489.1494140625,6.7612223625183105,8.659815646298311,0.4382980043769619
1841.5145263671875,139.90013122558594,-8.162938117980957,0.08250357955694199,1056.029296875,74.28214263916016,-7.559189796447754,0.07639031112194061,1285.7559814453125,124.19099426269531,-7.7728962898254395,0.10489659011363983,47.96929168701172,40,2.3224525451660156,1.6163091659545898,-39.99622344970703,379.67252996411077,3090.0141719919097,8.64157582524685,0.4189611056625891,0.22179512679576874,0.2207246869802475,-30.641637802124023,2,10.985943794250488,0.0008043543202802539,889.9285888671875,13.934715270996094,8.64157582524685,0.41896110566258915
897.6156616210938,108.96463012695312,-7.382726192474365,0.1318332552909851,612.9942016601562,73.71615600585938,-6.9686408042907715,0.13059788942337036,673.6790771484375,103.73863220214844,-7.071132659912109,0.16723118722438812,31.954538345336914,19,2.0670816898345947,1.2440369129180908,-60.638179779052734,1293.187348876756,3555.0988165008926,8.675555307521007,0.35207569807755623,0.31596389412879944,0.31540390849113464,-38.999481201171875,2,9.601397514343262,0.0007027285173535347,222.19261169433594,12.402490615844727,8.675555307521007,0.3520756980775562
4349.310546875,74.92725372314453,-9.096051216125488,0.01870894245803356,3133.4970703125,77.61763000488281,-8.740073204040527,0.026900533586740494,4868.0810546875,113.3235855102539,-9.21839427947998,0.025280889123678207,411.16790771484375,33,3.698732614517212,0.4738093614578247,67.43175506591797,2013.2430651196546,3075.946418218001,8.640425907936464,0.2993891342179114,0.0760294646024704,0.07133858650922775,69.09681701660156,3,7.916223049163818,0.0005793037707917392,6007.02294921875,22.19239616394043,8.640425907936462,0.2993891342179113
882.8075561523438,98.97827911376953,-7.3646650314331055,0.12175973504781723,604.1317138671875,73.53036499023438,-6.952828884124756,0.13217973709106445,543.0997314453125,89.45333862304688,-6.837198734283447,0.17887382209300995,39.71527099609375,21,1.6911544799804688,1.1665042638778687,80.07503509521484,17.400187171456555,3497.040660673925,8.671398368945093,0.4454751026234911,0.22012075781822205,0.21956971287727356,56.677955627441406,0,8.402667045593262,0.0006151669076643884,27.246740341186523,10.146926879882812,8.671398368945093,0.4454751026234912
491.344970703125,80.8270263671875,-6.728466510772705,0.17864872515201569,98.95459747314453,72.88253784179688,-4.988589763641357,0.7998661994934082,51.11285400390625,83.9144058227539,-4.27132511138916,1.7829378843307495,23.05585479736328,9,1.8478810787200928,0.9410144090652466,-9.862401008605957,1137.673011900826,3359.2947494012324,8.661235577190208,0.3634615428377313,0.5830568075180054,0.5798668265342712,-15.585071563720703,0,7.8851752281188965,0.0005771806463599205,-397.1441650390625,11.087285995483398,8.661235577190208,0.3634615428377313
875.2191162109375,104.33712005615234,-7.355291843414307,0.12946484982967377,541.1292724609375,73.68167877197266,-6.833252429962158,0.14787279069423676,568.836181640625,103.61429595947266,-6.887467861175537,0.197816401720047,32.526832580566406,15,2.6124329566955566,1.004699945449829,30.174068450927734,553.8110183863164,3398.0912335039593,8.664118265211917,0.40620348190448063,0.38661229610443115,0.38551273941993713,40.05390167236328,2,9.70071029663086,0.0007101679802872241,-318.026611328125,15.67459774017334,8.664118265211908,0.40620348190448885
8073.36181640625,76.21727752685547,-9.7676362991333,0.01025247760117054,4781.2119140625,80.31598663330078,-9.198844909667969,0.01824289746582508,6486.35888671875,83.33963012695312,-9.53000259399414,0.01395341195166111,750.4659423828125,18,1.9583810567855835,0.48352691531181335,64.00906372070312,2018.7024838568207,3086.862651552034,8.64122449360837,0.2989895848587847,0.027426348999142647,0.02391856536269188,62.406009674072266,3,5.799333095550537,0.00042438870877958834,6445.4287109375,11.750286102294922,8.641224493608362,0.298989584858795
699.3973388671875,95.91226959228516,-7.111809730529785,0.14892925322055817,435.6617431640625,73.30538940429688,-6.597873687744141,0.1827327162027359,444.5404357910156,81.32537078857422,-6.619778156280518,0.19867563247680664,32.540748596191406,15,1.4034417867660522,1.1362123489379883,-36.46929931640625,1096.5575768684841,3344.1685719415773,8.660131459945479,0.3664714363181707,0.3267385959625244,0.3254437744617462,-30.02385139465332,1,7.548241138458252,0.000552527082618326,244.83612060546875,8.420650482177734,8.660131459945479,0.3664714363181707
557.5057373046875,84.38249969482422,-6.865623474121094,0.16437390446662903,-59.96916961669922,72.57099151611328,99.0,99.0,-62.971038818359375,79.99744415283203,99.0,99.0,21.023054122924805,9,1.9943455457687378,0.7889728546142578,-27.43898582458496,1234.211164686083,3142.64631234103,8.645369202703653,0.3563988982593121,0.38288241624832153,0.15177518129348755,-27.28634262084961,0,7.497640132904053,0.0005488318274728954,-600.1300048828125,11.966073036193848,8.645369202703662,0.35639889825930254
856.6858520507812,101.11643981933594,-7.332054138183594,0.12818287312984467,503.9141845703125,73.50546264648438,-6.7558913230896,0.15841373801231384,586.2713623046875,124.34315490722656,-6.920246601104736,0.23033133149147034,33.759521484375,20,2.3809664249420166,1.5892467498779297,-8.716507911682129,390.16935419437743,3328.4981434947535,8.659034957476184,0.4181862404166659,0.43375474214553833,0.43136000633239746,-56.0208854675293,0,11.657018661499023,0.0008534271619282663,48.99412155151367,14.285799026489258,8.659034957476173,0.41818624041667385
2114.4248046875,101.26642608642578,-8.312980651855469,0.052011940628290176,1727.5928955078125,75.5245590209961,-8.093603134155273,0.04747627303004265,1803.8741455078125,101.5147476196289,-8.140515327453613,0.06111569330096245,124.69422149658203,41,1.7893092632293701,1.4061850309371948,58.63746643066406,296.6149992580564,3232.845200195404,8.652038497735482,0.42503863906626926,0.08026769012212753,0.08001592010259628,86.409912109375,0,4.502216339111328,0.00032962783006951213,1728.1385498046875,10.735855102539062,8.652038497735472,0.4250386390662772
3093.84326171875,48.78157424926758,-8.726245880126953,0.01712329499423504,2941.120361328125,77.39366912841797,-8.671281814575195,0.02857738360762596,3010.961181640625,56.15483856201172,-8.696763038635254,0.020254049450159073,587.1306762695312,13,1.553040862083435,0.39642664790153503,-10.770785331726074,110.80606794348401,3339.967680150611,8.659893272640332,0.43864050972469937,0.030097080394625664,0.02495208941400051,-4.491189956665039,3,4.657622814178467,0.0003410025965422392,2816.34765625,9.318244934082031,8.659893272640332,0.43864050972469937
2635.05810546875,110.46282196044922,-8.55197525024414,0.04552561044692993,2054.875,76.27588653564453,-8.281963348388672,0.04031175374984741,2397.19970703125,115.70938110351562,-8.449260711669922,0.05241965875029564,123.66419219970703,50,2.0088202953338623,1.5903866291046143,-37.366695404052734,1175.771855048107,3289.2837908320726,8.65610788437653,0.3606739560450592,0.08160525560379028,0.08119682222604752,-66.49989318847656,0,6.38065242767334,0.00046705667045898736,2118.103271484375,12.052921295166016,8.656107884376539,0.36067395604505
2875.080322265625,126.03213500976562,-8.646624565124512,0.04760593920946121,2085.538818359375,76.04989624023438,-8.298046112060547,0.039601366966962814,2485.10888671875,124.53314971923828,-8.488363265991211,0.054421357810497284,117.08561706542969,59,2.068063735961914,1.7860438823699951,-61.38984298706055,674.9227616444365,3544.932466425392,8.674858497260809,0.39733351811078144,0.09214010834693909,0.09176599234342575,-78.74991607666016,0,5.764945030212402,0.0004220095288474113,2346.282958984375,12.408382415771484,8.674858497260809,0.3973335181107813
1840.64013671875,139.23342895507812,-8.162422180175781,0.08214940875768661,837.560546875,74.06143951416016,-7.307540416717529,0.09602974355220795,1094.74072265625,118.81707000732422,-7.598278045654297,0.11786840111017227,44.448158264160156,33,2.7426161766052246,1.2340257167816162,-54.914955139160156,1417.2713738337275,3293.6131101463775,8.65640621808506,0.3429975969961994,0.26309075951576233,0.2613532841205597,-49.487640380859375,0,11.022133827209473,0.0008067421731539071,269.4952087402344,16.45569610595703,8.656406218085069,0.3429975969961899
1255.184326171875,115.17332458496094,-7.746768951416016,0.09964929521083832,674.5186767578125,73.67644500732422,-7.072484970092773,0.11862179636955261,1057.8675537109375,152.4326629638672,-7.561078071594238,0.1564863920211792,46.69647216796875,19,1.9093481302261353,1.2049556970596313,-64.15738677978516,522.0333478751959,4068.365953622421,8.71317951086639,0.4085160676899635,0.3300045132637024,0.3286610245704651,12.608245849609375,2,9.078807830810547,0.0006644931854680181,940.4657592773438,11.45608901977539,8.71317951086639,0.4085160676899635
1766.671142578125,65.79480743408203,-8.117889404296875,0.040445081889629364,1466.248779296875,75.09789276123047,-7.9155192375183105,0.05562242493033409,1852.227294921875,80.87228393554688,-8.169235229492188,0.04741713032126427,158.75149536132812,23,2.7325196266174316,0.5429632067680359,62.67970657348633,2003.1269520490152,3056.186178395027,8.638980336757992,0.3001294908747628,0.12463098019361496,0.12053806334733963,63.04109191894531,3,7.278531074523926,0.0005326432292349637,956.695556640625,16.395118713378906,8.638980336758,0.30012949087475244
747.9165649414062,100.05121612548828,-7.184632778167725,0.1452777236700058,330.34942626953125,73.1285400390625,-6.297433853149414,0.24040481448173523,288.448974609375,110.16230773925781,-6.150172710418701,0.4147571325302124,39.687931060791016,15,1.984750747680664,1.529130220413208,-36.293678283691406,1243.4791265391134,3215.153879637027,8.65067633196654,0.3557192292360899,0.5269504189491272,0.5250430703163147,-68.71849822998047,0,7.951606750488281,0.0005820487276650965,106.9794921875,11.908504486083984,8.65067633196654,0.3557192292360899
7384.27783203125,163.22084045410156,-9.670769691467285,0.02400476299226284,4294.68701171875,79.51494598388672,-9.082328796386719,0.02010699175298214,7041.76611328125,170.0106658935547,-9.619203567504883,0.026219500228762627,158.51531982421875,123,3.479830265045166,1.9418407678604126,80.23212432861328,737.1407867088828,3299.0142452031587,8.656852379551225,0.39278372834519265,0.06616431474685669,0.06487438827753067,77.84371185302734,0,8.191869735717773,0.0005997042753733695,5703.47802734375,20.878982543945312,8.656852379551216,0.3927837283452013
1899.667724609375,105.82514190673828,-8.196694374084473,0.06049800291657448,1486.7432861328125,75.13143920898438,-7.9305901527404785,0.054880183190107346,1531.9840087890625,106.24263763427734,-7.963135719299316,0.07531377673149109,101.58560943603516,40,1.9883944988250732,1.3747265338897705,-40.09630584716797,74.94584417209587,3289.2728686617556,8.656184186607184,0.44126767761970637,0.10081782937049866,0.09979797154664993,-50.768089294433594,0,6.028923034667969,0.00044140915269963443,1249.1021728515625,11.930366516113281,8.656184186607184,0.44126767761970637
990.6456909179688,89.49956512451172,-7.489795684814453,0.09811431914567947,891.0849609375,74.1219482421875,-7.374797821044922,0.09033530205488205,1011.021728515625,97.90670013427734,-7.511901378631592,0.10516754537820816,44.269989013671875,23,2.006439208984375,1.1888349056243896,-12.58527660369873,67.88369102383957,3262.2867554245713,8.654208922669058,0.4417855721057917,0.18890240788459778,0.18793219327926636,-25.96173095703125,3,9.241423606872559,0.0006766190635971725,691.5595092773438,12.03863525390625,8.654208922669058,0.4417855721057918
2508.74267578125,159.17674255371094,-8.498640060424805,0.06890541315078735,1258.4017333984375,74.61636352539062,-7.749548435211182,0.06439387798309326,1992.405029296875,160.86790466308594,-8.248443603515625,0.0876842513680458,53.923675537109375,60,2.6291251182556152,2.408370018005371,-51.94904327392578,1553.4692329888464,4064.691927440925,8.712825145914046,0.3330227685844433,0.20726771652698517,0.2066347450017929,-27.713228225708008,2,13.781851768493652,0.0010084310779348016,1385.289306640625,15.774750709533691,8.712825145914046,0.33302276858444324
8151.72802734375,250.36175537109375,-9.77812385559082,0.0333540141582489,2479.172607421875,76.65628051757812,-8.485767364501953,0.03357923403382301,6967.97265625,231.1595458984375,-9.607766151428223,0.03602759167551994,90.17778015136719,172,3.7526488304138184,3.406038761138916,-44.44978713989258,1433.1666717458656,2910.384055494817,8.628351192720247,0.34184057886354385,0.14532315731048584,0.14483539760112762,-29.386474609375,2,13.10004711151123,0.0009589259279891849,5264.8330078125,22.515892028808594,8.628351192720247,0.3418405788635437
795.2542724609375,91.98738098144531,-7.251265048980713,0.12561805546283722,525.4254760742188,73.51289367675781,-6.8012776374816895,0.15194353461265564,543.577392578125,129.26583862304688,-6.83815336227417,0.25825706124305725,41.4304313659668,19,1.974129557609558,1.054970622062683,-72.94337463378906,96.1544654118227,3292.4235566465863,8.656413480734209,0.4397146772525291,0.26165971159935,0.26002267003059387,-41.063377380371094,0,8.635175704956055,0.0006322247791104019,394.20269775390625,11.84477710723877,8.656413480734217,0.4397146772525216
554.9544677734375,84.26911163330078,-6.86064338684082,0.16490767896175385,118.78894805908203,72.8584213256836,-5.1869401931762695,0.6660909056663513,178.59852600097656,72.72884368896484,-5.62969446182251,0.4422406256198883,26.02825927734375,9,1.75072181224823,0.7449111342430115,-65.64486694335938,495.7407696265418,3094.455497721366,8.641893303829823,0.41046260410410784,0.3499220311641693,0.1414605677127838,-67.47528076171875,0,6.8195672035217285,0.0004992956528440118,-327.26971435546875,10.5043306350708,8.641893303829823,0.41046260410410784
378.6628112792969,59.19620895385742,-6.445631504058838,0.16977395117282867,704.3717651367188,73.75470733642578,-7.119504928588867,0.11371495574712753,871.8950805664062,118.14307403564453,-7.351160526275635,0.14715461432933807,39.7489013671875,9,1.4767364263534546,0.5143459439277649,43.15737533569336,1440.503416975239,2908.487577018063,8.628211812367924,0.3413036220255803,0.29560911655426025,0.293533593416214,-15.098041534423828,3,5.1845011711120605,0.0003795056545641273,1263.5863037109375,8.860418319702148,8.628211812367924,0.34130362202558034
457.7187194824219,77.18276977539062,-6.651496887207031,0.18312662839889526,246.89242553710938,73.01683044433594,-5.981269359588623,0.3211774528026581,254.45936584472656,90.22607421875,-6.0140461921691895,0.38507333397865295,34.775203704833984,10,2.085224151611328,0.9550026655197144,-57.528690338134766,810.5925714698453,2910.8748788126045,8.62843115016586,0.3874151500394954,0.5015342235565186,0.5011865496635437,38.711727142333984,0,8.442584037780762,0.0006181147182360291,-275.12945556640625,12.511344909667969,8.62843115016586,0.3874151500394953
627.294677734375,79.3056411743164,-6.993679046630859,0.1372973918914795,497.57464599609375,73.49485778808594,-6.742145538330078,0.16040892899036407,505.1687927246094,72.55947875976562,-6.758591175079346,0.15598666667938232,50.50905990600586,15,1.1720353364944458,1.1052545309066772,71.70191955566406,1153.9560147637878,3262.3637871327696,8.654138942761964,0.36227131916035094,0.21673254668712616,0.21616676449775696,42.20494079589844,1,5.455048084259033,0.0003993093268945813,389.7367858886719,7.032212257385254,8.654138942761957,0.3622713191603601
1141.495361328125,119.43629455566406,-7.643685340881348,0.11362973600625992,573.4193115234375,73.6501235961914,-6.896180629730225,0.13948611915111542,827.501953125,119.42195892333984,-7.294422626495361,0.15672741830348969,33.76372146606445,17,2.2830660343170166,1.530509114265442,-5.742313861846924,1496.5223345134718,3106.136705999938,8.642676730704668,0.3372001954831048,0.42542338371276855,0.4241020083427429,0.37504813075065613,2,11.200212478637695,0.0008197958813980222,-40.511905670166016,13.698396682739258,8.642676730704677,0.337200195483095
1169.1741943359375,96.10791015625,-7.669698238372803,0.08927086740732193,868.6925659179688,73.97142028808594,-7.347165107727051,0.09247570484876633,888.5457763671875,101.43955993652344,-7.371699333190918,0.12398163974285126,60.10492706298828,27,2.0420191287994385,1.200223445892334,-61.30521011352539,1957.1467469358467,3131.861323056121,8.644523262696406,0.3034927298932758,0.14557580649852753,0.14473998546600342,-53.1240234375,0,7.489800453186035,0.0005481043481267989,317.25543212890625,12.252115249633789,8.6445232626964,0.3034927298932861
1008.8204345703125,105.77069091796875,-7.50953483581543,0.11386264860630035,600.2395629882812,73.6379165649414,-6.945811748504639,0.13323143124580383,623.0457153320312,110.53511810302734,-6.986299991607666,0.19266827404499054,46.93866729736328,24,2.047814130783081,1.5128326416015625,-75.12171936035156,1876.0623137858865,2943.640654760876,8.630752126882419,0.3094279546865977,0.25486329197883606,0.25391846895217896,-73.19339752197266,0,8.14649772644043,0.0005962131544947624,-138.7927703857422,12.286884307861328,8.630752126882419,0.3094279546865977
25570.205078125,218.226806640625,-11.019335746765137,0.009268377907574177,15439.849609375,95.26724243164062,-10.471607208251953,0.006700857076793909,24811.158203125,221.61856079101562,-10.986618041992188,0.009700383991003036,745.3072509765625,270,3.6897659301757812,2.882967472076416,33.702598571777344,1119.2554391258857,2922.222733778891,8.629240582876735,0.36481810320730057,0.019188985228538513,0.018848707899451256,25.389039993286133,3,4.888708114624023,0.0003578905016183853,26518.912109375,22.138595581054688,8.629240582876735,0.3648181032073007
4696.09423828125,212.0454864501953,-9.179342269897461,0.049036793410778046,1622.8194580078125,75.3259506225586,-8.025675773620605,0.05040855333209038,3606.233642578125,178.1311798095703,-8.892634391784668,0.053643353283405304,62.09569549560547,83,3.7245066165924072,2.05631422996521,40.30023956298828,1990.8017809804376,3158.9207085490743,8.646501116570116,0.30103008669056347,0.20671100914478302,0.20446643233299255,51.70199966430664,2,14.888713836669922,0.0010895323939621449,2832.97314453125,22.3470401763916,8.646501116570107,0.30103008669057363
469.60394287109375,74.53067779541016,-6.6793293952941895,0.1723586767911911,297.3615417480469,73.0443344116211,-6.183211803436279,0.26676666736602783,302.0177917480469,76.44861602783203,-6.2000813484191895,0.274895042181015,44.525421142578125,11,2.010768413543701,0.7014583349227905,-74.2279052734375,189.3200311358686,3315.0155846593775,8.658061369404301,0.43289244797921755,0.3929387927055359,0.39175623655319214,73.71226501464844,0,7.095009803771973,0.0005194526165723801,-199.357666015625,12.064610481262207,8.658061369404301,0.43289244797921766
836.887451171875,94.1494369506836,-7.306667804718018,0.12217447906732559,583.29443359375,73.49551391601562,-6.914719581604004,0.13683676719665527,681.1361694335938,100.66812133789062,-7.083085060119629,0.16050472855567932,44.42899703979492,20,2.3096354007720947,1.0834715366363525,-57.004886627197266,1379.5897003281232,3200.682992285428,8.649606684039393,0.3457569619468858,0.3673345446586609,0.36443331837654114,-57.23025131225586,0,9.470808982849121,0.0006932239048182964,236.53317260742188,13.857812881469727,8.649606684039384,0.34575696194689526
2173.9892578125,149.4898681640625,-8.343143463134766,0.07467654347419739,966.2483520507812,74.21825408935547,-7.462721824645996,0.08341646939516068,1843.9844970703125,137.54212951660156,-8.164393424987793,0.08100434392690659,51.57221603393555,39,3.6323070526123047,1.2804839611053467,57.75648880004883,1718.4842455887006,3138.858319108018,8.645054661939444,0.3209559364622932,0.3106060028076172,0.3087579905986786,69.42548370361328,2,12.928323745727539,0.0009461930603720248,-294.0874938964844,21.793842315673828,8.64505466193945,0.3209559364622831
842.7222290039062,103.2863540649414,-7.314210891723633,0.133103147149086,489.5828857421875,73.45292663574219,-6.724565505981445,0.16293436288833618,523.471435546875,100.99609375,-6.797232627868652,0.20952768623828888,33.388912200927734,15,1.9598746299743652,1.2513211965560913,12.928982734680176,1687.1210698662362,4058.815886484446,8.712383144019947,0.3232432270333972,0.3560521602630615,0.354351282119751,9.511152267456055,2,9.375200271606445,0.0006859577842988074,-96.33161926269531,11.759247779846191,8.712383144019938,0.3232432270334061
4324.296875,137.86862182617188,-9.089788436889648,0.03462420031428337,2819.14306640625,77.1180648803711,-8.625292778015137,0.029707685112953186,3997.335205078125,146.4263153076172,-9.004426002502441,0.039781246334314346,111.71102905273438,80,2.6577341556549072,1.9079563617706299,75.97578430175781,45.71289993244822,2953.810558612738,8.631624367263049,0.4434184850731874,0.0877527967095375,0.08677264302968979,73.48030853271484,0,7.8261590003967285,0.0005730509874410927,2913.178955078125,15.946405410766602,8.631624367263049,0.44341848507318754
1182.3092041015625,115.95903778076172,-7.681827545166016,0.10651317983865738,595.0730590820312,73.60078430175781,-6.936425685882568,0.13432040810585022,897.2564086914062,130.81040954589844,-7.382291316986084,0.15832720696926117,43.246315002441406,16,1.3104238510131836,1.13835608959198,7.154425144195557,400.5828503060088,3132.9417360929115,8.644717377330956,0.4174289010686289,0.32440486550331116,0.3223057985305786,35.99612808227539,2,7.298488140106201,0.000534362334292382,830.8285522460938,7.862543106079102,8.644717377330956,0.41742890106862884
680.0496826171875,76.6541519165039,-7.0813517570495605,0.12241224944591522,629.6141967773438,73.77232360839844,-6.997686386108398,0.12724736332893372,694.1084594726562,117.51236724853516,-7.1035685539245605,0.18385949730873108,46.60093688964844,16,2.2197601795196533,0.8697015643119812,41.13017654418945,67.49830547054509,3259.564060328372,8.654009610898768,0.4418138712869784,0.2235974371433258,0.22190353274345398,43.76434326171875,3,8.311644554138184,0.0006085451459512115,418.396240234375,13.318561553955078,8.654009610898758,0.4418138712869858
3151.375,102.26142120361328,-8.74625015258789,0.03524046018719673,2686.881103515625,77.04319763183594,-8.573121070861816,0.031139789149165154,2973.437255859375,106.92115783691406,-8.683146476745605,0.039051227271556854,204.47149658203125,50,1.6566449403762817,1.6083593368530273,-65.99658203125,1522.5120304575203,2936.8753392374665,8.630283948481338,0.3353008873225641,0.054965730756521225,0.05484258756041527,-58.513423919677734,0,3.7300686836242676,0.0002730308042373508,2787.611572265625,9.93986988067627,8.630283948481345,0.3353008873225541
879.7958374023438,104.99581909179688,-7.360954761505127,0.12960445880889893,346.9915466308594,73.1565170288086,-6.350797176361084,0.2289622724056244,532.072265625,106.56617736816406,-6.814926624298096,0.2175096869468689,37.91636657714844,11,2.1684226989746094,0.808871865272522,25.566381454467773,1277.5956896058478,2971.12552721772,8.632809440489382,0.35322645913985234,0.4553022086620331,0.4529152512550354,27.185142517089844,2,7.919595241546631,0.0005797385820187628,492.28179931640625,13.010536193847656,8.632809440489375,0.35322645913986195
12416.8056640625,268.6113586425781,-10.235024452209473,0.023493316024541855,3687.4091796875,78.62371063232422,-8.916803359985352,0.02315591834485531,11072.892578125,272.914306640625,-10.110652923583984,0.026766713708639145,132.40029907226562,260,5.697184085845947,3.1204826831817627,-64.03562927246094,1130.0738073662578,3144.8278805183504,8.64553660895196,0.3640216660655592,0.10643216222524643,0.10531465709209442,-58.77117919921875,0,15.808399200439453,0.001157221500761807,7731.9921875,34.18310546875,8.64553660895196,0.36402166606555936
543.4970703125,74.74244689941406,-6.837993144989014,0.149348184466362,460.2991027832031,73.43246459960938,-6.657600402832031,0.17325183749198914,439.4639892578125,73.16851806640625,-6.607308387756348,0.1808134764432907,42.901275634765625,13,1.6052378416061401,0.7633641958236694,23.905242919921875,917.8179627585665,3214.738448230599,8.650669946370654,0.3795583196386169,0.22739723324775696,0.22568321228027344,10.224244117736816,0,6.608187198638916,0.00048375793267041445,557.1175537109375,9.631426811218262,8.650669946370654,0.37955831963861686
543.8501586914062,75.72093963623047,-6.838698387145996,0.1512051373720169,442.06109619140625,73.37333679199219,-6.613705635070801,0.18025436997413635,451.8995361328125,71.74166870117188,-6.637604713439941,0.172408789396286,42.79536819458008,13,1.2039666175842285,1.0598450899124146,-82.48566436767578,605.8718672499617,3253.360732919765,8.653519460658654,0.40239528908753636,0.25301891565322876,0.25223132967948914,-47.376487731933594,0,6.744864463806152,0.0004937933990731835,341.4725341796875,7.223799705505371,8.653519460658654,0.40239528908753636
11452.4755859375,137.3498992919922,-10.147248268127441,0.01302443165332079,9394.4873046875,87.04415130615234,-9.932182312011719,0.010062278248369694,10888.6630859375,142.11878967285156,-10.092436790466309,0.014174467884004116,621.1488037109375,109,2.3749661445617676,1.8713589906692505,-2.9042959213256836,303.2327685798262,3182.5484053373652,8.64835570010401,0.4245554671760059,0.01869245618581772,0.01854713261127472,-55.65526580810547,3,3.573310375213623,0.0002616219571791589,11747.8466796875,14.249796867370605,8.648355700104021,0.42455546717599796
790.4631958007812,99.40663146972656,-7.244704246520996,0.13657258450984955,571.3531494140625,73.38980865478516,-6.892261505126953,0.13949574530124664,758.739990234375,138.09640502929688,-7.20023250579834,0.1976601928472519,37.42168426513672,18,1.8258233070373535,1.2977854013442993,-11.914238929748535,915.0872760285802,3187.113417053152,8.648647805761962,0.3797587991474937,0.3931165337562561,0.3921337425708771,-12.807477951049805,0,8.9697847366333,0.0006566463853232563,863.3732299804688,10.954939842224121,8.64864780576196,0.3797587991474937
1724.3140869140625,103.41069793701172,-8.091541290283203,0.06512967497110367,1379.4722900390625,74.87165832519531,-7.849282264709473,0.058943282812833786,1440.9317626953125,97.91081237792969,-7.896608352661133,0.07379332184791565,91.26416015625,37,1.6687477827072144,1.3958349227905273,-9.388439178466797,496.0896363547517,4055.814997921397,8.712263010586701,0.41041553328813846,0.10153862833976746,0.10138845443725586,37.65456771850586,0,4.143397808074951,0.0003032652020920068,1146.362060546875,10.012486457824707,8.712263010586701,0.41041553328813846
504.49761962890625,68.55638122558594,-6.757147789001465,0.1475769728422165,491.9820556640625,73.4283676147461,-6.729873180389404,0.1620856076478958,499.4402160644531,74.68737030029297,-6.746208667755127,0.16240279376506805,46.61707305908203,12,1.4048060178756714,1.0065771341323853,-32.61325454711914,812.8381441536496,3067.50310375256,8.63989841450426,0.38724702900946223,0.28321927785873413,0.2816902995109558,-26.137815475463867,0,6.069173812866211,0.00044432919821701944,371.71319580078125,8.42883586883545,8.63989841450426,0.38724702900946206
419.03839111328125,63.58610153198242,-6.555634498596191,0.16479279100894928,470.7021789550781,73.33553314208984,-6.681865692138672,0.16919909417629242,432.48828125,71.7083969116211,-6.589935779571533,0.1800634264945984,42.16860580444336,10,1.4402611255645752,0.8854248523712158,89.03691101074219,93.38033051736521,3253.2583060858324,8.653546280285395,0.4399189489224253,0.2775989770889282,0.27652573585510254,-88.9391860961914,0,6.678450107574463,0.0004889687988907099,240.8816375732422,8.64156723022461,8.653546280285385,0.4399189489224329
3351.940185546875,43.6234016418457,-8.813241004943848,0.01413360983133316,3364.625244140625,78.03668975830078,-8.817341804504395,0.02518790028989315,3334.071533203125,48.9237060546875,-8.8074369430542,0.015935814008116722,1203.086181640625,9,0.8191198110580444,0.45000138878822327,62.842933654785156,276.22397344057225,3094.2008082956854,8.641889105927238,0.4265355373602705,0.013045760802924633,0.011708073318004608,52.237213134765625,0,1.7750407457351685,0.00012996439181733876,3332.83447265625,4.9147186279296875,8.641889105927238,0.42653553736027044
4882.451171875,77.17207336425781,-9.22159481048584,0.017165327444672585,2426.969482421875,76.572509765625,-8.462660789489746,0.03426402434706688,4736.376953125,95.04230499267578,-9.188615798950195,0.021792171522974968,469.1416320800781,25,3.162243127822876,0.5216231942176819,37.4635009765625,171.3817642008249,3197.7075794162165,8.649474172296648,0.4342092257769301,0.0671640932559967,0.014622178860008717,39.677852630615234,2,7.678175449371338,0.0005621687741950154,3898.036865234375,18.973459243774414,8.649474172296648,0.43420922577693
3067.689453125,108.72348022460938,-8.717028617858887,0.038489457219839096,2499.606201171875,76.7164077758789,-8.49467945098877,0.033330854028463364,2853.218017578125,113.4518814086914,-8.638337135314941,0.0431823804974556,140.70562744140625,53,2.0024633407592773,1.4771735668182373,-77.06082153320312,30.87169279148684,2996.5716539063437,8.634756335067053,0.4445038612482587,0.06735075265169144,0.06713464111089706,47.33776092529297,0,4.633444786071777,0.0003392689395695925,2484.3583984375,12.014780044555664,8.634756335067042,0.4445038612482666
599.2562255859375,84.49365997314453,-6.944031238555908,0.15312333405017853,454.38543701171875,73.42256927490234,-6.643560886383057,0.17548297345638275,346.130615234375,63.81022644042969,-6.348100185394287,0.20020738244056702,31.34613800048828,10,1.216837763786316,0.8220447301864624,25.12629508972168,1589.8944810211524,2989.7320104112687,8.634148305999469,0.330368503992093,0.278517484664917,0.2781747281551361,27.319427490234375,2,5.96285343170166,0.000436447182437405,245.0407257080078,7.301026344299316,8.634148305999469,0.330368503992093
401.9972229003906,71.60682678222656,-6.510557651519775,0.19344665110111237,161.17518615722656,72.81473541259766,-5.518245697021484,0.49062642455101013,123.68675994873047,130.08128356933594,-5.230808258056641,1.1421455144882202,30.426877975463867,9,1.6858476400375366,0.9291843771934509,-65.78802490234375,1889.8721876430502,3204.297443881268,8.649830759369857,0.30841418392030573,0.5536757707595825,0.5522396564483643,-71.09455108642578,1,7.480744361877441,0.000547447765711695,231.81492614746094,10.11508560180664,8.649830759369857,0.3084141839203057
1973.1319580078125,127.51847839355469,-8.237890243530273,0.07018540799617767,1309.926025390625,74.72929382324219,-7.793117046356201,0.06195465475320816,1585.3189697265625,126.16145324707031,-8.00029182434082,0.08642509579658508,57.3913688659668,46,2.395721673965454,1.6157726049423218,-73.11333465576172,1683.1172243888589,3262.948542280243,8.654140556994838,0.32354241605562073,0.16790451109409332,0.16670642793178558,-58.530887603759766,0,9.459153175354004,0.0006922790198586881,1123.608154296875,14.374330520629883,8.65414055699483,0.3235424160556305
3274.583251953125,93.1339111328125,-8.787890434265137,0.03088741935789585,2966.00634765625,77.51444244384766,-8.68043041229248,0.02838183008134365,3124.061767578125,100.5252456665039,-8.736799240112305,0.03494502604007721,199.11911010742188,45,1.5667335987091064,1.4707659482955933,58.209049224853516,26.163911608639825,3170.341378249978,8.647479843802765,0.4448431441804525,0.047620873898267746,0.04748987779021263,-76.52880859375,0,3.838852882385254,0.000281073764199391,3045.244384765625,9.400402069091797,8.647479843802765,0.44484314418045234
1474.40966796875,107.60377502441406,-7.921545505523682,0.07925727963447571,1079.6121826171875,74.5185317993164,-7.583169460296631,0.07495944201946259,1231.7821044921875,113.54408264160156,-7.726334571838379,0.10010607540607452,74.30323028564453,34,1.9329437017440796,1.6182279586791992,10.52023696899414,1143.4509059489326,2981.708102192814,8.633593890770745,0.3630456707520276,0.15580835938453674,0.15458273887634277,0.14189030230045319,0,6.709079265594482,0.0004911441938020289,871.107421875,11.597661972045898,8.633593890770745,0.3630456707520276
1847.2318115234375,142.48654174804688,-8.166303634643555,0.08376879245042801,915.1043701171875,74.16177368164062,-7.403676509857178,0.0880114808678627,1447.36376953125,136.03518676757812,-7.901444435119629,0.10207124054431915,46.321144104003906,37,2.5924265384674072,1.714942216873169,22.973690032958984,503.2978835061542,3267.1143590467095,8.654533422266821,0.40990491169933135,0.30461931228637695,0.3030087947845459,35.28313064575195,2,12.638976097106934,0.0009253169409930706,686.8062133789062,15.554559707641602,8.654533422266821,0.40990491169933135
414.83026123046875,73.63875579833984,-6.544676303863525,0.1927817165851593,144.0631866455078,72.9298324584961,-5.396382808685303,0.549771249294281,112.33175659179688,78.1823501586914,-5.126256465911865,0.7558506727218628,28.489858627319336,9,1.438063383102417,1.0729418992996216,35.66679000854492,566.6186352013179,3154.6897348966013,8.646298454065267,0.4052716094469122,0.5740007758140564,0.5734371542930603,-54.467933654785156,0,7.423905372619629,0.000543526082765311,-32.9907112121582,8.628379821777344,8.646298454065267,0.4052716094469122
662.540283203125,93.64537048339844,-7.053030490875244,0.15349839627742767,477.4421081542969,73.3182144165039,-6.697301864624023,0.16677117347717285,757.90771484375,120.22608947753906,-7.19904088973999,0.1722710132598877,34.09911346435547,14,2.448356866836548,1.4429606199264526,79.81640625,1502.9045089646868,3226.442132829659,8.651482705797688,0.336731273363002,0.5435383915901184,0.5422208905220032,62.31065368652344,2,11.26219654083252,0.0008243032498285174,503.6023254394531,14.690141677856445,8.651482705797681,0.3367312733630116
520.037109375,82.54520416259766,-6.790085792541504,0.17238017916679382,83.10279846191406,72.82698822021484,-4.799039363861084,0.9517140984535217,55.08197021484375,75.35752868652344,-4.3525238037109375,1.485754370689392,25.362668991088867,9,1.8225312232971191,0.7134900093078613,-75.73013305664062,1795.8744307853235,3216.2552703010047,8.650713690257945,0.31529191883611674,0.5072891116142273,0.5024790167808533,80.5697250366211,0,6.809586048126221,0.0004983503022231162,-677.5048217773438,10.935187339782715,8.650713690257945,0.3152919188361167
1441.70849609375,129.1709442138672,-7.897193431854248,0.09730097651481628,834.781494140625,73.88663482666016,-7.303932189941406,0.09612202644348145,1128.0357666015625,115.7208023071289,-7.630807399749756,0.11140851676464081,39.976226806640625,34,2.467395544052124,1.3651106357574463,-38.905635833740234,1894.4522421119698,3206.228546781086,8.649971729425154,0.30807904881155723,0.28069373965263367,0.27933362126350403,-56.577110290527344,2,10.995628356933594,0.0008046675939112902,385.61016845703125,14.804372787475586,8.649971729425145,0.3080790488115672
12903.4931640625,133.12515258789062,-10.276768684387207,0.011204246431589127,11041.95703125,89.2939453125,-10.10761547088623,0.008782249875366688,12491.4150390625,135.21768188476562,-10.24152946472168,0.011755785904824734,765.9197387695312,104,2.015082597732544,1.8316985368728638,35.819828033447266,1164.2944878878072,2988.7669750864966,8.634109177245126,0.3615197327987753,0.016246018931269646,0.01610950194299221,-71.72685241699219,0,3.552589178085327,0.00026006833650171757,12660.0078125,12.090496063232422,8.634109177245133,0.3615197327987656
13698.0927734375,199.39950561523438,-10.341650009155273,0.01580861397087574,6637.51220703125,83.15960693359375,-9.555013656616211,0.013606201857328415,12820.056640625,208.9216766357422,-10.26972484588623,0.01769796758890152,242.1199188232422,200,3.9361658096313477,2.5461716651916504,32.95201873779297,1980.7349164914006,3183.5129714723157,8.648301963050033,0.301766353152897,0.04850511625409126,0.0474267415702343,34.66477584838867,0,8.352922439575195,0.0006112523260526359,11790.4755859375,23.616994857788086,8.648301963050033,0.30176635315289707
514.3663330078125,78.41922760009766,-6.778181552886963,0.16556932032108307,357.1695861816406,73.25959014892578,-6.382185935974121,0.22275109589099884,373.1601867675781,70.12619018554688,-6.4297380447387695,0.20408673584461212,32.32809829711914,12,1.541990876197815,0.7715562582015991,-22.49382972717285,1408.7118345004296,3235.0158490035083,8.652117627778503,0.34362494684408434,0.28929972648620605,0.2882934808731079,-46.68468475341797,0,6.510245323181152,0.0004765134071931243,196.32127380371094,9.251945495605469,8.652117627778503,0.3436249468440843
3770.64794921875,91.91546630859375,-8.9410400390625,0.02647295594215393,3467.031005859375,78.19786834716797,-8.849894523620605,0.024494411423802376,3699.546875,102.25782012939453,-8.920371055603027,0.030017727985978127,226.84713745117188,46,1.6049062013626099,1.4647177457809448,-13.579900741577148,1327.704363250512,3211.126137456827,8.650375104950745,0.34955441779180796,0.041967615485191345,0.04187218099832535,-41.74603271484375,0,3.7131669521331787,0.0002717924362514168,3645.62744140625,9.629437446594238,8.650375104950736,0.34955441779181745
2560.106689453125,126.21342468261719,-8.520645141601562,0.05353986844420433,1791.874755859375,75.54586029052734,-8.133269309997559,0.045786015689373016,2210.846923828125,127.1827163696289,-8.361396789550781,0.06247399002313614,68.1773452758789,55,2.1494646072387695,1.829364538192749,52.3428955078125,1874.9844163117034,3213.612151286698,8.650513767429533,0.3095033978985784,0.13083910942077637,0.1304919272661209,58.96565246582031,0,8.029134750366211,0.0005875814822502434,1581.99853515625,12.896787643432617,8.65051376742954,0.30950339789856834
1046.4339599609375,101.34124755859375,-7.549279689788818,0.10517299920320511,715.8522338867188,73.85911560058594,-7.137058258056641,0.1120496541261673,893.9307861328125,106.98286437988281,-7.378259658813477,0.12996910512447357,56.782737731933594,25,2.0404906272888184,1.3540180921554565,-22.189682006835938,1692.3385932117387,2995.2674935179884,8.63454567121887,0.3228713067033041,0.2556171417236328,0.2542468011379242,-25.52285385131836,0,8.523889541625977,0.0006238739006221294,381.99810791015625,12.24294376373291,8.634545671218877,0.3228713067032941
409.6955261230469,72.88233184814453,-6.531153202056885,0.1931927651166916,197.82705688476562,72.96292114257812,-5.740714073181152,0.40054044127464294,185.0748291015625,69.79563903808594,-5.668368339538574,0.4095536172389984,35.89442443847656,9,1.320059895515442,0.939703106880188,44.45243835449219,693.4506092673707,3147.795747012184,8.64578502860127,0.39598581055429094,0.35377493500709534,0.35250693559646606,-42.519004821777344,0,6.649192810058594,0.00048679529572837055,43.558528900146484,7.9203596115112305,8.645785028601262,0.3959858105542997
486.509765625,80.5030746459961,-6.717729091644287,0.17970110476016998,149.55589294433594,72.88153839111328,-5.437008857727051,0.5292292237281799,133.75103759765625,175.4192352294922,-5.3157429695129395,1.4243276119232178,26.83164405822754,9,1.6453337669372559,0.7648612856864929,-3.3076798915863037,313.52316243020255,3161.589298602635,8.646820529682905,0.4238025840480314,0.43525031208992004,0.4334595799446106,-25.097562789916992,0,6.69776725769043,0.0004903830704279244,714.1563110351562,9.872002601623535,8.646820529682905,0.4238025840480314
1237.83984375,102.23633575439453,-7.731661319732666,0.08969549834728241,931.9550170898438,74.21798706054688,-7.423487186431885,0.08648564666509628,1010.8545532226562,104.6399917602539,-7.511721611022949,0.1124187782406807,67.4814682006836,29,1.8550297021865845,1.3891578912734985,39.97844314575195,418.60426801930595,3183.704700116743,8.648432693433243,0.4161080508178582,0.18199841678142548,0.18123841285705566,38.712223052978516,0,6.677720546722412,0.0004889043048024178,734.2329711914062,11.130178451538086,8.648432693433243,0.4161080508178582
585.4572143554688,76.65704345703125,-6.918737888336182,0.14219579100608826,391.4075927734375,73.34564208984375,-6.481573104858398,0.20350492000579834,450.11212158203125,65.6287841796875,-6.633301734924316,0.15834468603134155,45.61746597290039,11,1.190050721168518,0.9254164099693298,-25.68583869934082,565.1773114795991,4056.359812146249,8.712297593963719,0.40535791674813026,0.2545131742954254,0.25421595573425293,-69.17057800292969,2,6.157469749450684,0.00045067432802170515,315.15789794921875,7.1403045654296875,8.712297593963719,0.40535791674813015
3529.81591796875,143.4364471435547,-8.869379997253418,0.044130340218544006,2184.17041015625,76.26422882080078,-8.34821605682373,0.03791964054107666,3068.04931640625,150.25311279296875,-8.717155456542969,0.053185220807790756,82.2496566772461,74,2.395948886871338,2.2426533699035645,-32.29646301269531,1465.3712151871748,3170.853163288731,8.647416503626326,0.33947907321050513,0.11536204814910889,0.11501049995422363,63.29814529418945,0,8.757476806640625,0.0006409966736100614,2499.804931640625,14.375693321228027,8.647416503626326,0.33947907321050513
795.0337524414062,91.75509643554688,-7.2509636878967285,0.12533560395240784,570.2540283203125,73.58783721923828,-6.890171051025391,0.14014174044132233,540.640625,98.91808319091797,-6.832271575927734,0.19869953393936157,54.154415130615234,19,1.8045275211334229,1.2972263097763062,14.973143577575684,1279.281632843027,2955.9058829765004,8.631695091249204,0.35310334806306914,0.25324690341949463,0.25239020586013794,-4.6013264656066895,0,7.838552951812744,0.0005738074542023242,566.2047729492188,10.827165603637695,8.631695091249195,0.3531033480630789
1243458.125,634.8764038085938,-15.236577987670898,0.000554482510779053,1042782.875,511.58538818359375,-15.04548454284668,0.0005327875260263681,1207838.375,566.4152221679688,-15.205021858215332,0.0005092791980132461,48161.83984375,837,2.4873571395874023,2.354588270187378,-38.34061050415039,55.44238629500052,3093.1610775317167,8.641827069389457,0.44270167469084026,0.001211094669997692,0.0011383502278476954,-82.55203247070312,4,3.892918348312378,0.0002850379387382418,1236687.0,14.924142837524414,8.641827069389457,0.44270167469084026
591.7088623046875,87.58424377441406,-6.930270195007324,0.16074879467487335,368.88409423828125,73.30787658691406,-6.417224884033203,0.21581941843032837,376.34906005859375,76.56806182861328,-6.438977241516113,0.22094625234603882,33.0652961730957,13,2.031233310699463,0.7546301484107971,51.31599807739258,1386.5402793272058,3170.2343471421455,8.647377257000775,0.345248728838618,0.35410845279693604,0.3533586263656616,44.583255767822266,0,7.399277687072754,0.0005415998166427016,127.73871612548828,12.187399864196777,8.647377257000784,0.3452487288386084
795.1716918945312,91.90404510498047,-7.251152038574219,0.12551729381084442,446.3005065917969,73.40902709960938,-6.624068260192871,0.17862898111343384,511.43011474609375,76.78466796875,-6.771965980529785,0.16304896771907806,39.60825729370117,15,1.5969094038009644,0.8837106823921204,56.03407287597656,1088.4854137461698,3001.0227567176007,8.635011866737766,0.36706892563721655,0.31041887402534485,0.3089364171028137,32.667598724365234,2,7.0968780517578125,0.000519539462402463,157.05404663085938,9.581456184387207,8.635011866737758,0.36706892563722604
1241.458251953125,94.7029800415039,-7.734830379486084,0.08284405618906021,965.3500366210938,74.27328491210938,-7.461711883544922,0.08355599641799927,1024.4888916015625,98.98917388916016,-7.526268005371094,0.10493256151676178,68.82191467285156,28,1.8707635402679443,1.2983046770095825,-73.54029846191406,336.9046570283808,3611.354298842177,8.679744666507096,0.42207904571367494,0.15461614727973938,0.1542418748140335,-45.612823486328125,0,6.065014839172363,0.0004439925542101264,556.4544677734375,11.224580764770508,8.679744666507096,0.4220790457136749
453.0743103027344,77.89527893066406,-6.640423774719238,0.18671169877052307,107.24706268310547,72.72361755371094,-5.075963497161865,0.73641037940979,44.120731353759766,79.40736389160156,-4.111606597900391,1.9545550346374512,31.157730102539062,9,1.9867249727249146,0.7581024765968323,-39.7069091796875,1082.9317348224406,3170.83693773335,8.647444085245501,0.367472058990247,0.2725532054901123,0.2586536407470703,87.57930755615234,0,7.333988189697266,0.0005368732963688672,-532.3645629882812,11.920350074768066,8.647444085245501,0.367472058990247
2177.36962890625,110.63970184326172,-8.344830513000488,0.055183425545692444,1681.610595703125,75.50526428222656,-8.064313888549805,0.048762012273073196,1876.7802734375,108.10651397705078,-8.183533668518066,0.06255589425563812,114.08952331542969,42,1.7473127841949463,1.5150288343429565,-9.834712982177734,834.1354397587627,3143.5719625479574,8.64546597329456,0.3856861205379615,0.08989816159009933,0.0894918292760849,-17.44432830810547,2,4.248880863189697,0.0003110558318439871,1883.7828369140625,10.483877182006836,8.64546597329456,0.38568612053796153
719.3148803710938,96.08348846435547,-7.142297744750977,0.14506396651268005,340.0002746582031,73.08736419677734,-6.32869815826416,0.23344945907592773,288.530029296875,100.70967102050781,-6.150477409362793,0.379061758518219,32.639644622802734,12,2.1892361640930176,1.1301207542419434,41.681732177734375,1897.2499708963012,3182.9893264675648,8.648270508782222,0.3078746025147556,0.42975908517837524,0.4282223880290985,54.636234283447266,0,9.416759490966797,0.0006891286466270685,-350.7729187011719,13.135416984558105,8.648270508782222,0.3078746025147556
1007.7791748046875,97.449462890625,-7.508413314819336,0.10501319915056229,751.3707885742188,73.7477035522461,-7.189635753631592,0.1065918579697609,811.2180786132812,101.34578704833984,-7.272843837738037,0.1356744021177292,45.53759765625,24,1.8383461236953735,1.364324688911438,32.92440414428711,2023.2764299885216,4053.622840316607,8.711971834171488,0.29864985465658844,0.21383874118328094,0.2129947394132614,55.867637634277344,0,9.189996719360352,0.0006723102414980531,539.7786865234375,11.03007698059082,8.711971834171488,0.29864985465658844
1696.5928955078125,94.12525177001953,-8.073944091796875,0.0602501779794693,1391.5797119140625,74.94755554199219,-7.858770370483398,0.05848967283964157,1499.613037109375,97.9844741821289,-7.939948081970215,0.07095906138420105,111.94046020507812,34,1.738805890083313,1.3092458248138428,-54.515586853027344,466.8964545925912,3230.9980623654933,8.651891846744643,0.4125709957950242,0.09816715866327286,0.09801210463047028,84.31531524658203,0,4.991885662078857,0.0003654691972769797,1293.587158203125,10.432835578918457,8.651891846744633,0.4125709957950323
404.2492980957031,72.00049591064453,-6.516623020172119,0.19342653453350067,134.17530822753906,72.97069549560547,-5.319181442260742,0.5906166434288025,74.63389587402344,92.28309631347656,-4.682340145111084,1.3428140878677368,27.872352600097656,9,1.4053764343261719,0.7618948817253113,-68.36292266845703,1275.0895857499913,3539.072599088321,8.674383776866367,0.3534005191543131,0.29393404722213745,0.2923394739627838,-11.22543716430664,1,6.172107219696045,0.00045174284605309367,406.2862243652344,8.432258605957031,8.674383776866367,0.3534005191543131
1579.8572998046875,136.73721313476562,-7.99654483795166,0.09399368613958359,823.0140991210938,74.1788558959961,-7.28851842880249,0.09788196533918381,997.3158569335938,158.78961181640625,-7.497081756591797,0.17290963232517242,46.313011169433594,16,2.067284107208252,0.7571197152137756,76.37883758544922,1070.816961856431,3150.1654703584313,8.64593169197595,0.36835929804326223,0.2794819176197052,0.2792348265647888,-31.520891189575195,2,7.477656364440918,0.0005473952041938901,932.0656127929688,12.403704643249512,8.64593169197595,0.36835929804326223
712.3146362304688,97.15885925292969,-7.131679534912109,0.14812909066677094,391.7286682128906,73.34618377685547,-6.482463359832764,0.2033395916223526,568.4305419921875,109.04058074951172,-6.886693477630615,0.2083246111869812,31.94712257385254,15,1.8321239948272705,1.5684360265731812,6.361992359161377,1638.6247315728526,3105.9402028392233,8.642651345977367,0.32680047585334465,0.6277704834938049,0.6270686984062195,-6.330365180969238,0,10.152506828308105,0.000743068871088326,263.379150390625,10.992744445800781,8.642651345977367,0.32680047585334465
1274.191162109375,121.79264831542969,-7.763086318969727,0.10380452871322632,761.0140991210938,73.79222106933594,-7.203481674194336,0.10530468821525574,1051.55078125,130.15176391601562,-7.554575443267822,0.13441558182239532,35.751304626464844,30,2.7990593910217285,1.4840683937072754,63.69972610473633,198.25225311999563,2988.6559454686094,8.634166280172797,0.4322478786328395,0.3514918088912964,0.34940654039382935,69.14158630371094,0,12.21572494506836,0.0008944426663219929,48.79598617553711,16.794357299804688,8.634166280172797,0.43224787863283953
2511.9609375,122.01364135742188,-8.500032424926758,0.052750349044799805,1867.644775390625,75.7522201538086,-8.17823600769043,0.044048476964235306,2201.396484375,119.0789794921875,-8.356745719909668,0.05874442681670189,89.50164031982422,53,2.05207896232605,1.6766042709350586,-51.64302444458008,1936.6466162072777,3125.0819692077966,8.644028713820497,0.30499271784346715,0.10999475419521332,0.10931551456451416,-23.87430763244629,0,6.238380432128906,0.0004565304552670568,2141.182861328125,12.31247329711914,8.644028713820497,0.30499271784346715
2020.7908935546875,150.43258666992188,-8.263803482055664,0.08084447681903839,927.3192749023438,74.2103042602539,-7.4180731773376465,0.08690900355577469,1553.26123046875,131.42555236816406,-7.978111267089844,0.09188933670520782,46.72125244140625,28,2.31408429145813,1.792589545249939,-42.91975402832031,15.94044716179182,3602.3879085608196,8.67911027296744,0.44557898151728104,0.29327458143234253,0.29184821248054504,31.902286529541016,2,12.207176208496094,0.0008936678641475737,946.0097045898438,13.884506225585938,8.679110272967451,0.4455789815172741
419.4293518066406,63.25132369995117,-6.556646823883057,0.1637723594903946,382.7196960449219,73.30245971679688,-6.457201957702637,0.2080020308494568,436.3970031738281,66.39786529541016,-6.599704265594482,0.16523505747318268,40.74922180175781,10,1.334216833114624,0.8002623319625854,68.88680267333984,1945.2965296043892,3778.949932273233,8.691881718370741,0.3043549314036447,0.32021647691726685,0.3185025155544281,73.01556396484375,0,6.163266181945801,0.00045094298548065126,258.0638427734375,8.005300521850586,8.691881718370741,0.3043549314036449
1135.9840087890625,112.57809448242188,-7.638430595397949,0.1076245903968811,452.6006774902344,73.44815063476562,-6.639287948608398,0.1762363463640213,502.020263671875,88.21550750732422,-6.751802921295166,0.19083301723003387,40.48545455932617,15,1.7505053281784058,1.122239351272583,-51.44184112548828,999.817550808623,3045.0010224780995,8.638237864439503,0.37355895356532054,0.3163175582885742,0.31483790278434753,73.302001953125,2,8.384947776794434,0.0006138434982858598,162.53419494628906,10.503031730651855,8.638237864439503,0.37355895356532054
561.3226318359375,86.71311950683594,-6.8730316162109375,0.167765274643898,239.58621215820312,73.00452423095703,-5.948654651641846,0.33091601729393005,183.2786865234375,82.85110473632812,-5.657779693603516,0.4909261465072632,31.801000595092773,11,1.3362460136413574,1.2419202327728271,-71.10567474365234,820.1512490742734,3114.6100176011373,8.643346655945859,0.38671055559893813,0.4318075478076935,0.430551677942276,-31.448453903198242,0,7.7016377449035645,0.0005638349102810025,148.21934509277344,8.017476081848145,8.64334665594585,0.3867105555989469
1045.566650390625,102.26438903808594,-7.548379421234131,0.10621907562017441,762.6388549804688,73.82335662841797,-7.20579719543457,0.10512467473745346,804.149658203125,120.27336883544922,-7.263342380523682,0.1624285727739334,62.027069091796875,25,2.241349935531616,1.5784978866577148,21.285015106201172,946.314520108389,3120.2151573050596,8.643748081460577,0.37747414278935776,0.2599889039993286,0.25914493203163147,-24.56687355041504,0,11.2703275680542,0.0008250700193457305,173.2509765625,13.448099136352539,8.643748081460577,0.37747414278935776
521.8191528320312,80.15849304199219,-6.793799877166748,0.1668243110179901,345.6277770996094,73.15422058105469,-6.346521377563477,0.22985851764678955,361.1839599609375,81.19925689697266,-6.394320964813232,0.2441481500864029,36.04533004760742,12,1.756159782409668,0.9179410934448242,-67.78922271728516,1990.5982040040835,3019.579832400987,8.636301830442061,0.30104658735770246,0.4731633961200714,0.46948331594467163,-63.322593688964844,0,7.589772701263428,0.0005554283270612359,-68.9744644165039,10.536958694458008,8.636301830442068,0.30104658735769213
501.68768310546875,71.54351043701172,-6.7510833740234375,0.15486976504325867,509.88134765625,73.48689270019531,-6.768672943115234,0.15652026236057281,396.74249267578125,112.63623046875,-6.49627161026001,0.30831822752952576,36.539527893066406,12,1.6231465339660645,1.0394110679626465,-5.725586414337158,1419.4078763889106,3177.1551139071994,8.647881353631357,0.3428430044989897,0.2902688980102539,0.2892903685569763,-33.88751220703125,0,7.765964031219482,0.0005684322095476091,296.620361328125,9.738879203796387,8.647881353631357,0.3428430044989897
1254.5887451171875,114.4715347290039,-7.746253490447998,0.099089115858078,738.0248413085938,73.83920288085938,-7.170177459716797,0.10865403711795807,812.8143920898438,110.74600219726562,-7.2749786376953125,0.14796756207942963,48.603126525878906,18,1.996716856956482,1.2085529565811157,-9.08173656463623,689.0257617653525,4050.0482148392252,8.711826098076443,0.39629183576153887,0.23988598585128784,0.23932553827762604,-75.86360168457031,2,8.817187309265137,0.0006453283131122589,716.1268310546875,11.980300903320312,8.711826098076443,0.39629183576153887
669.694580078125,84.42062377929688,-7.06469202041626,0.1368994116783142,545.4656982421875,73.46076965332031,-6.841918468475342,0.1462574005126953,556.8267211914062,88.88399505615234,-6.86430025100708,0.17335377633571625,35.99224853515625,16,1.6298152208328247,1.191517949104309,-29.832931518554688,1546.985370054971,3034.3244049812206,8.63741595158743,0.3335081063457497,0.3006179630756378,0.2997550964355469,-20.8205623626709,0,8.336380958557129,0.0006101790349930525,117.90283203125,9.778891563415527,8.63741595158743,0.33350810634574957
434.0843200683594,72.99790954589844,-6.593935012817383,0.18262748420238495,339.5009765625,73.17259979248047,-6.3271026611328125,0.234065443277359,281.8963928222656,78.44856262207031,-6.125223636627197,0.3022214472293854,34.790279388427734,10,1.6126971244812012,0.882885217666626,-17.861921310424805,358.0215438734887,3119.1885954425106,8.643713260217325,0.4205455863530632,0.318183571100235,0.31724122166633606,62.92650604248047,0,7.128853797912598,0.0005219484446570277,138.9487762451172,9.676182746887207,8.643713260217325,0.42054558635306316
2644.254638671875,132.16867065429688,-8.555758476257324,0.05428190529346466,1656.3011474609375,75.35273742675781,-8.04784870147705,0.049407124519348145,2107.119384765625,130.7445526123047,-8.309223175048828,0.06738516688346863,83.11907958984375,58,2.675231695175171,1.5371668338775635,-39.75224685668945,554.57748413165,3034.957112890026,8.637533202855185,0.40615626626922524,0.12079194188117981,0.11963699758052826,-25.62428855895996,0,8.676198959350586,0.000635232834611088,1550.0958251953125,16.051389694213867,8.637533202855185,0.40615626626922513
922.7120361328125,100.28690338134766,-7.412665367126465,0.11803419888019562,614.6026611328125,73.69037628173828,-6.9714860916137695,0.13021054863929749,575.249755859375,91.81204223632812,-6.899641036987305,0.17332971096038818,57.13010025024414,22,1.7109192609786987,1.1103723049163818,-68.04530334472656,1139.522147832646,3062.3111549918417,8.639495095116974,0.36333163732379015,0.1950373649597168,0.19343627989292145,-56.74601364135742,0,6.507309436798096,0.00047636375529691577,437.4062194824219,10.265515327453613,8.639495095116967,0.36333163732379953
1785.58203125,112.27777862548828,-8.129449844360352,0.0682879090309143,1265.069091796875,74.76779174804688,-7.755285739898682,0.06418450176715851,1441.134521484375,117.40115356445312,-7.896761417388916,0.08847033232450485,88.66877746582031,40,2.0714099407196045,1.5872410535812378,60.10155487060547,1178.6654322585634,3031.657362804353,8.63724812822226,0.3604669034183116,0.1437089592218399,0.14324550330638885,-78.88945007324219,0,7.52182149887085,0.0005506284069269896,952.3526000976562,12.428459167480469,8.637248128222243,0.3604669034183307
4494.26611328125,135.3340301513672,-9.131647109985352,0.032702282071113586,3131.557861328125,77.77659606933594,-8.739400863647461,0.026972319930791855,4227.5283203125,141.52212524414062,-9.065216064453125,0.036355290561914444,144.38726806640625,80,2.4148998260498047,1.9265365600585938,3.2014031410217285,1447.7050952981929,3109.293414475262,8.642911544079888,0.3407730211963472,0.07537373155355453,0.07474785298109055,-8.203836441040039,0,6.4804558753967285,0.0004743429890368134,3505.012939453125,14.489398956298828,8.642911544079888,0.3407730211963472
410.2054748535156,72.96043395996094,-6.532503604888916,0.19315937161445618,236.06764221191406,73.02733612060547,-5.932590961456299,0.3359532356262207,217.1369171142578,59.291385650634766,-5.84183406829834,0.29654306173324585,33.945472717285156,9,1.1506447792053223,0.5363603234291077,18.496187210083008,360.43265751639433,3043.3160179758215,8.638158015971642,0.42037114401927705,0.2526645362377167,0.2507469654083252,23.309803009033203,0,4.182694435119629,0.0003062478790525347,162.2665252685547,6.903868675231934,8.638158015971642,0.420371144019277
1268.238525390625,98.13838958740234,-7.758002281188965,0.08403646945953369,1097.22216796875,74.32206726074219,-7.600736618041992,0.07356191426515579,1487.3751220703125,107.66272735595703,-7.931051254272461,0.07860943675041199,59.43075942993164,29,2.2004497051239014,1.2627114057540894,-65.33702850341797,1621.8363053373466,3614.226739558454,8.679855704114939,0.32802306136162046,0.17977654933929443,0.1785794347524643,-66.98735046386719,3,8.626554489135742,0.0006312927580438554,965.3787841796875,13.20269775390625,8.679855704114939,0.32802306136162046
981.605712890625,77.70222473144531,-7.479842662811279,0.08596589416265488,896.5897216796875,74.3853759765625,-7.381484508514404,0.0900997593998909,883.3448486328125,81.34376525878906,-7.365325927734375,0.10000548511743546,67.93939971923828,21,1.291682481765747,1.2444387674331665,-49.32516098022461,1248.3541727393363,2971.842035579755,8.632864022815582,0.35536687607387146,0.1318785399198532,0.1312074214220047,-78.16545104980469,0,4.976926326751709,0.0003643292875494808,691.0347900390625,7.750094890594482,8.632864022815582,0.3553668760738714
4549.43212890625,70.43898010253906,-9.144892692565918,0.016814567148685455,3315.282958984375,77.90505981445312,-8.801301956176758,0.025519661605358124,6212.732421875,86.03932189941406,-9.483206748962402,0.015039872378110886,581.47314453125,29,3.128415822982788,0.5263924598693848,-3.349928617477417,2005.9270264611914,3096.9617657853487,8.641964757957412,0.2999241569883504,0.08303095400333405,0.07786837965250015,-1.5288225412368774,2,7.671777248382568,0.0005614140536636114,6677.06787109375,18.77049446105957,8.641964757957412,0.29992415698835034
2328.739990234375,108.47457885742188,-8.417802810668945,0.0505867525935173,1884.4156494140625,75.77943420410156,-8.187941551208496,0.043672140687704086,2081.7626953125,109.303466796875,-8.296077728271484,0.05702069774270058,108.25541687011719,46,1.7689694166183472,1.586623191833496,69.69681549072266,501.2922338523717,3012.540817909727,8.635895509155295,0.4100582985041554,0.09238048642873764,0.09196992218494415,-36.25749969482422,0,5.206120014190674,0.00038117513759061694,1668.63232421875,10.613816261291504,8.635895509155285,0.41005829850416403
1316.6265869140625,106.88391876220703,-7.798656463623047,0.08816162496805191,1031.80712890625,74.58041381835938,-7.53399658203125,0.07849754393100739,1022.4074096679688,102.11666107177734,-7.524059772491455,0.1084682047367096,56.40943908691406,31,1.6360090970993042,1.548264980316162,87.4244155883789,263.00766707544506,3082.071264413808,8.64100187700874,0.4275035981723649,0.17993253469467163,0.17937207221984863,-42.60283279418945,0,7.350205898284912,0.0005381680093705654,744.2474975585938,9.816054344177246,8.64100187700874,0.4275035981723649
479.2309265136719,79.8070297241211,-6.701362133026123,0.18085317313671112,212.5343780517578,72.95895385742188,-5.818572998046875,0.37280285358428955,181.7113037109375,70.53733825683594,-5.648454666137695,0.42156732082366943,26.858963012695312,10,1.9870351552963257,0.6521360874176025,49.0401496887207,1240.3276252207227,3040.248633582309,8.637872581410383,0.35595308482970983,0.3119993209838867,0.31119826436042786,-86.69689178466797,0,6.7975592613220215,0.0004975986666977406,-156.31790161132812,11.922210693359375,8.637872581410392,0.35595308482970023
1295.0919189453125,101.81876373291016,-7.780751705169678,0.0853801742196083,1068.2904052734375,74.33067321777344,-7.571723461151123,0.07556288689374924,1479.55810546875,153.11538696289062,-7.92533016204834,0.11238714307546616,54.42794418334961,30,1.952635407447815,1.7423508167266846,0.06456508487462997,680.0702209093478,3068.6308375300205,8.639990128244838,0.39696734025645714,0.1870170533657074,0.18570302426815033,-0.20489619672298431,3,9.274234771728516,0.0006789947510696948,1551.5516357421875,11.715812683105469,8.639990128244838,0.39696734025645714
518.2229614257812,79.37142944335938,-6.786291599273682,0.16633260250091553,489.835205078125,73.48190307617188,-6.725124835968018,0.1629146933555603,665.6911010742188,128.1598663330078,-7.0581817626953125,0.2090783715248108,30.861072540283203,12,1.5935311317443848,1.1040269136428833,-30.53799057006836,437.9406227087907,3001.8673473761364,8.635118193604697,0.41469714403146446,0.5312995910644531,0.5303636789321899,-21.712373733520508,0,7.931703567504883,0.0005807417328469455,435.3253173828125,9.561186790466309,8.635118193604706,0.4146971440314559
1123.539794921875,74.61363220214844,-7.626471042633057,0.07212063670158386,1100.0042724609375,74.46768951416016,-7.603486061096191,0.07351963222026825,1109.9840087890625,77.73719787597656,-7.6132917404174805,0.07605748623609543,79.92153930664062,22,1.2716691493988037,1.1205744743347168,-40.23944854736328,517.4792721988559,3066.367880819594,8.639835427249938,0.4088716912719169,0.10849204659461975,0.10818375647068024,-46.0082893371582,0,4.0255656242370605,0.0002947335597127676,1017.7691650390625,7.630014896392822,8.639835427249947,0.40887169127190837
867.180908203125,103.07014465332031,-7.345274448394775,0.1290782243013382,546.8528442382812,73.52018737792969,-6.8446760177612305,0.14600440859794617,593.8984985351562,100.03852844238281,-6.9342803955078125,0.18292997777462006,32.020835876464844,20,1.8423537015914917,1.298017978668213,44.93083953857422,1533.4029170523102,2901.7196600414745,8.627709459667717,0.33450442406140124,0.3711839020252228,0.37030231952667236,36.9227180480957,0,9.25715160369873,0.00067760149249807,266.892822265625,11.054121971130371,8.627709459667717,0.33450442406140135
529.78076171875,83.96687316894531,-6.810240268707275,0.17212407290935516,293.3533935546875,72.98011016845703,-6.168478012084961,0.2701737880706787,283.100341796875,79.11626434326172,-6.1298508644104,0.3034975528717041,27.352581024169922,11,2.1543149948120117,0.7342482805252075,-12.999136924743652,966.1281358933493,3013.291385074538,8.635918745885908,0.37602594516788523,0.5917375087738037,0.5893460512161255,2.5306334495544434,0,7.517605304718018,0.0005503567517735064,-279.5501403808594,12.92588996887207,8.635918745885908,0.3760259451678852
923.123779296875,82.92340850830078,-7.413149833679199,0.09755443781614304,742.2637329101562,73.90306854248047,-7.176395416259766,0.10812697559595108,1296.3623046875,140.0802001953125,-7.781816005706787,0.11734921485185623,57.807769775390625,21,2.5640957355499268,1.0011539459228516,-7.466948509216309,681.9091582156088,3068.94210997936,8.64001279190231,0.3968326957835,0.2597939074039459,0.25738823413848877,-4.167657375335693,3,9.593000411987305,0.0007023318321444094,999.804931640625,15.384574890136719,8.6400127919023,0.3968326957835089
553.7562866210938,84.21532440185547,-6.858296871185303,0.16515901684761047,133.71896362304688,72.91239166259766,-5.3154826164245605,0.5921587944030762,114.6192398071289,78.18595123291016,-5.148143768310547,0.7408000826835632,26.661733627319336,9,1.4026288986206055,1.0983242988586426,46.843196868896484,91.85268393622748,2943.5921927767135,8.630873304821087,0.4400402442501414,0.3795918822288513,0.37665387988090515,-74.66398620605469,0,7.418035507202148,0.000543166184797883,241.8287353515625,8.415773391723633,8.630873304821097,0.4400402442501334
1079.0618896484375,92.97364807128906,-7.582615852355957,0.09357144683599472,864.9287719726562,74.10686492919922,-7.3424506187438965,0.09304819256067276,924.5570068359375,91.13465118408203,-7.414834022521973,0.10704827308654785,60.79246520996094,25,1.5547171831130981,1.2956103086471558,-56.951393127441406,204.97250396455576,3034.392882552112,8.637514690311562,0.43175443687743426,0.17020191252231598,0.1699388325214386,-8.223026275634766,0,6.398703575134277,0.0004685105523094535,870.6785888671875,9.328303337097168,8.637514690311562,0.43175443687743426
669.0845947265625,83.53398895263672,-7.063702583312988,0.13558511435985565,571.651611328125,73.56165313720703,-6.892828464508057,0.13974937796592712,563.086181640625,83.41283416748047,-6.876437187194824,0.16087472438812256,42.03982162475586,16,1.8217484951019287,0.9549155235290527,-20.581363677978516,1364.2721155749696,3634.4922489672545,8.681360267365573,0.34687205166798823,0.2840668261051178,0.28308239579200745,-19.412952423095703,0,7.886850833892822,0.0005772120202891529,-268.9413146972656,10.930490493774414,8.681360267365573,0.34687205166798823
2009.596435546875,146.52207946777344,-8.257772445678711,0.07918155938386917,972.1340942382812,74.14315032958984,-7.469315528869629,0.08282753080129623,1438.8204345703125,156.80665588378906,-7.895016670227051,0.11835530400276184,44.37417221069336,48,2.722485065460205,2.202742099761963,76.28569030761719,1330.2959233647914,3070.9063138393585,8.640110282929426,0.3493671346825325,0.26464933156967163,0.264506995677948,-61.6583366394043,0,12.563783645629883,0.000919665559194982,245.56954956054688,16.334911346435547,8.640110282929426,0.3493671346825324
540.9816284179688,83.42770385742188,-6.832956314086914,0.16747793555259705,358.67041015625,73.17613983154297,-6.3867387771606445,0.2215663343667984,552.8015747070312,114.6513900756836,-6.856423377990723,0.22523707151412964,27.7354736328125,12,2.0531485080718994,0.895393431186676,-22.20416259765625,1897.8505335969987,3049.152739060853,8.638473990016307,0.3078322711778956,0.47872576117515564,0.4769234359264374,-5.146331310272217,0,8.109375953674316,0.0005934741348028183,123.27125549316406,12.318891525268555,8.6384739900163,0.30783227117790574
2552.881103515625,158.52940368652344,-8.517576217651367,0.06743867695331573,1182.3995361328125,74.49102020263672,-7.681910514831543,0.06841786205768585,1969.474609375,167.8716583251953,-8.235876083374023,0.09256713092327118,49.814414978027344,41,2.4273529052734375,1.8321008682250977,4.280961990356445,1097.0878650651562,2896.0529718842486,8.627326171670482,0.36644143154243203,0.20017430186271667,0.1996515393257141,-11.748258590698242,2,12.640820503234863,0.0009254163596779108,2026.392578125,14.564117431640625,8.627326171670491,0.3664414315424224
2688.800048828125,158.77479553222656,-8.573896408081055,0.06412876397371292,1282.2373046875,74.7960205078125,-7.769920825958252,0.06334901601076126,1800.156005859375,137.88389587402344,-8.138275146484375,0.08318274468183517,70.87274169921875,57,2.876011848449707,1.5921993255615234,34.83551788330078,466.1245585131835,4043.235476951955,8.711344703362588,0.4126094118352727,0.1784498393535614,0.17704512178897858,34.92775344848633,2,9.675289154052734,0.0007081645308062434,615.7546997070312,17.256071090698242,8.711344703362588,0.41260941183527283
2511.591064453125,113.65251159667969,-8.499872207641602,0.049142803996801376,1880.91650390625,75.80143737792969,-8.18592357635498,0.043766092509031296,2286.80322265625,124.33721160888672,-8.398072242736816,0.05904758721590042,93.5526351928711,50,2.1096951961517334,1.7618820667266846,32.911617279052734,151.25581003810382,3027.4808728689472,8.637012003397707,0.4356879303351241,0.1055443286895752,0.10501085966825485,39.912879943847656,0,7.2501935958862305,0.0005308607942424715,2221.10791015625,12.658170700073242,8.637012003397707,0.4356879303351241
30484.728515625,155.33804321289062,-11.210206031799316,0.0055338237434625626,26385.904296875,108.42015075683594,-11.05342960357666,0.0044623930007219315,29790.0078125,146.5895233154297,-11.185176849365234,0.005343947093933821,1764.231201171875,133,1.8886065483093262,1.8758645057678223,-2.694434642791748,661.905814511019,3022.402441038997,8.636606794875618,0.39829838725013084,0.008591488935053349,0.008502742275595665,-65.02625274658203,0,3.531583786010742,0.00025856218417175114,30460.54296875,11.331639289855957,8.636606794875618,0.39829838725013067
18510.552734375,219.91339111328125,-10.668548583984375,0.012902150861918926,7691.55712890625,84.65412139892578,-9.715035438537598,0.011952635832130909,17860.046875,235.10389709472656,-10.629706382751465,0.01429575402289629,247.85400390625,252,4.458932399749756,2.8405966758728027,74.75773620605469,1660.1948274887625,2974.4088940202887,8.633021208135995,0.3252239407448523,0.047452155500650406,0.04618649557232857,75.46014404296875,0,10.047390937805176,0.0007353945402428508,15458.9169921875,26.75359344482422,8.633021208136002,0.3252239407448422
1055.30517578125,82.709716796875,-7.558444976806641,0.08511542528867722,893.55224609375,74.09772491455078,-7.377799987792969,0.09005643427371979,859.7781372070312,85.09101867675781,-7.335966110229492,0.10747987776994705,62.121856689453125,23,1.4775391817092896,1.1664294004440308,-5.119384765625,1774.0183527568788,3527.5410885751853,8.67349870205525,0.31688803689761363,0.13220380246639252,0.13189049065113068,-83.99263763427734,0,5.889451503753662,0.000430976040661335,716.5974731445312,8.865235328674316,8.67349870205525,0.3168880368976135
419.61199951171875,74.28985595703125,-6.557119846343994,0.192269966006279,394.9070129394531,73.17967987060547,-6.491237163543701,0.20124517381191254,385.84820556640625,106.88922119140625,-6.466041088104248,0.3008480966091156,33.296730041503906,9,1.5862714052200317,0.7215077877044678,-41.7822151184082,1450.2457415534523,3643.2578753970306,8.68199471248998,0.3405798943115565,0.433366984128952,0.4324941039085388,-18.60014533996582,1,6.383829593658447,0.00046719558304175735,417.9809875488281,9.51762866973877,8.68199471248998,0.3405798943115565
1464.953125,108.74983215332031,-7.914559364318848,0.0806184932589531,1082.170166015625,74.29716491699219,-7.585738658905029,0.07456010580062866,1162.4111328125,102.28508758544922,-7.6633992195129395,0.09556137770414352,63.72013854980469,34,1.9759783744812012,1.2825367450714111,78.0757827758789,1452.2191806262288,2996.811865928567,8.634676989251751,0.3404445365105771,0.1492781937122345,0.14834477007389069,-77.84164428710938,0,6.97393798828125,0.0005104785668663681,980.832763671875,11.855870246887207,8.634676989251743,0.3404445365105869
878.0689086914062,94.14576721191406,-7.358821392059326,0.11643995344638824,667.6626586914062,73.80728149414062,-7.061392784118652,0.12005271762609482,689.8015747070312,91.96531677246094,-7.096810340881348,0.1447870433330536,46.79310989379883,21,1.6162716150283813,1.2465834617614746,-17.012060165405273,789.2280764635493,2963.4099070435204,8.632279003357175,0.3889780320494514,0.2299211621284485,0.2293676882982254,-3.3452699184417725,0,7.465888023376465,0.0005466022412292659,568.3880004882812,9.697629928588867,8.632279003357173,0.38897803204945125
1045.9312744140625,74.06523132324219,-7.548758029937744,0.0769026055932045,1000.0756225585938,74.3025131225586,-7.500082015991211,0.08068642765283585,986.5474243164062,82.14071655273438,-7.485294818878174,0.09042121469974518,70.48722076416016,21,1.3872060775756836,1.1541862487792969,23.27509117126465,1601.940819653671,2902.2230824984285,8.627741187280648,0.32948835997115244,0.11985943466424942,0.11946942657232285,-35.848365783691406,0,4.805409908294678,0.0003517352160997689,763.7195434570312,8.323236465454102,8.627741187280655,0.3294883599711423
5546.95068359375,81.4806900024414,-9.360136032104492,0.01595255360007286,4301.33544921875,79.52522277832031,-9.08400821685791,0.0200785081833601,5306.13720703125,91.86276245117188,-9.311945915222168,0.018801428377628326,639.9489135742188,39,2.909201145172119,0.6206061840057373,39.94811248779297,744.1361478340451,2882.843606644189,8.626383255979723,0.3922813871155283,0.04427004233002663,0.03974775969982147,40.86528015136719,0,8.035913467407227,0.0005883542471565306,4182.00146484375,17.45520782470703,8.626383255979732,0.3922813871155192
228533.328125,315.603515625,-13.397374153137207,0.001499761245213449,193054.6875,229.65957641601562,-13.214200973510742,0.0012919151922687888,221667.953125,270.3297424316406,-13.364256858825684,0.001324404845945537,12392.099609375,360,2.2001633644104004,2.121361017227173,-55.79391098022461,1948.5416499673229,2951.793366053926,8.631343210626557,0.30412457557758477,0.0026315876748412848,0.002583457389846444,-66.45716094970703,0,3.5852432250976562,0.0002623820037115365,227937.375,13.200980186462402,8.631343210626557,0.30412457557758477
7776.50146484375,252.18936157226562,-9.726960182189941,0.03521861881017685,2112.97265625,76.14936065673828,-8.312234878540039,0.039138320833444595,5926.75634765625,220.1310577392578,-9.432043075561523,0.04033611714839935,66.96473693847656,146,3.9101269245147705,2.980938673019409,-46.91958999633789,1522.9235743018141,4036.9299698270765,8.710796549899598,0.335258113614132,0.16136138141155243,0.16015368700027466,-39.75587844848633,2,14.94603443145752,0.0010936390608549118,4536.4462890625,23.46076202392578,8.710796549899598,0.33525811361413205
