FLUX_ISOCOR,FLUXERR_ISOCOR,MAG_ISOCOR,MAGERR_ISOCOR,FLUX_APER,FLUXERR_APER,MAG_APER,MAGERR_APER,FLUX_AUTO,FLUXERR_AUTO,MAG_AUTO,MAGERR_AUTO,FLUX_MAX,ISOAREA_IMAGE,A_IMAGE,B_IMAGE,THETA_IMAGE,XWIN_IMAGE,YWIN_IMAGE,ra_deg,dec_deg,ERRAWIN_IMAGE,ERRBWIN_IMAGE,ERRTHETAWIN_IMAGE,FLAGS,FWHM_IMAGE,FWHM_WORLD,FLUX_GROWTH,FLUX_GROWTHSTEP,ra_deg_sextractor,dec_deg_sextractor
79338144.0,4790.03759765625,-19.74870491027832,6.556721200468019e-05,2707858.5,867.345458984375,-16.081565856933594,0.000347853172570467,78781872.0,4745.75439453125,-19.741065979003906,6.54197356197983e-05,54578.30078125,10738,55.945560455322266,4.110471725463867,89.96992492675781,1317.1311353488495,453.8228565913466,44.84021681738333,3.2757625033839615,0.0026602335274219513,0.0008577581611461937,89.64351654052734,4,91.03901672363281,0.006661479361355305,79283832.0,335.6733703613281,44.84021681738333,3.275762503383962
96104.1953125,447.154296875,-12.456855773925781,0.005052948836237192,25407.859375,106.42327117919922,-11.012420654296875,0.004548815544694662,89821.5078125,486.15447998046875,-12.383450508117676,0.005877921357750893,870.1487426757812,1288,9.639540672302246,6.657808780670166,-65.81035614013672,1474.576803501059,117.3151591675185,44.815561218245456,3.2642637131836154,0.022633051499724388,0.022117434069514275,63.69937515258789,3,7.4919562339782715,0.0005482907872647047,93574.4296875,57.837242126464844,44.815561218245456,3.2642637131836154
106315.328125,401.24237060546875,-12.566490173339844,0.004098649136722088,35440.6484375,118.74561309814453,-11.373754501342773,0.003638695692643523,106434.046875,410.3903503417969,-12.56770133972168,0.0041874186135828495,1376.9434814453125,1076,7.314530372619629,5.763169765472412,-24.628000259399414,1512.4287028030571,68.83453698047926,44.81200893413749,3.2614964266142303,0.016501229256391525,0.01597532071173191,-51.919837951660156,3,6.217114448547363,0.0004550055891741067,119155.765625,43.887184143066406,44.81200893413748,3.2614964266142237
53931.90234375,294.640380859375,-11.829614639282227,0.005933027248829603,23430.54296875,103.77599334716797,-10.924455642700195,0.004809991922229528,54357.35546875,301.597900390625,-11.838146209716797,0.006025593262165785,944.3680419921875,570,5.413670063018799,4.2392730712890625,77.914794921875,1516.2923904766828,47.83330585243728,44.810469835169435,3.2612150962651203,0.01836787536740303,0.01770922541618347,80.7109603881836,3,5.915383338928223,0.00043292701593600214,61987.9140625,32.48202133178711,44.810469835169435,3.26121509626512
4340.45166015625,161.070556640625,-9.09383773803711,0.040300559252500534,2039.8480224609375,69.79536437988281,-8.273994445800781,0.0371585376560688,3793.514892578125,161.839111328125,-8.947604179382324,0.04633098468184471,82.757080078125,105,3.264178514480591,2.332663059234619,-72.73785400390625,1454.1927631940544,34.91850753050877,44.8095220334134,3.2657617742498104,0.1291816085577011,0.12816742062568665,-69.23883056640625,0,10.698989868164062,0.0007830162066966295,2911.2705078125,19.585071563720703,44.8095220334134,3.265761774249811
12980.251953125,168.47488403320312,-10.283207893371582,0.014095544815063477,7630.95556640625,80.16246032714844,-9.70644760131836,0.011408327147364616,12664.8046875,175.95249938964844,-10.25649642944336,0.015087829902768135,310.2970275878906,182,3.1986498832702637,2.602626085281372,-83.93132781982422,229.47430458644777,23.657563093957016,44.808663387063014,3.355392469717992,0.03537405654788017,0.034710824489593506,-79.6374740600586,0,5.705504417419434,0.00041743446490727365,12762.2021484375,19.191898345947266,44.808663387063014,3.355392469717992
12964.3603515625,170.39320373535156,-10.281877517700195,0.014273516833782196,7226.2861328125,79.44062805175781,-9.64728832244873,0.011938707903027534,12609.783203125,179.53085327148438,-10.251769065856934,0.015461844392120838,257.1732177734375,185,3.1518943309783936,2.767399549484253,-11.50622844696045,976.657762517207,23.534526052973224,44.808676635352846,3.300715423546111,0.039699677377939224,0.03914763778448105,-37.745399475097656,0,6.701590538024902,0.0004904086817987263,12171.693359375,18.911365509033203,44.808676635352846,3.300715423546111
1063.8453369140625,95.27471160888672,-7.567196369171143,0.09725881367921829,794.0655517578125,67.3361587524414,-7.249640941619873,0.09209197759628296,928.9821166992188,99.33773803710938,-7.420018196105957,0.11612794548273087,51.05364990234375,28,2.1585819721221924,1.3473724126815796,26.607114791870117,478.05077780147167,11.364498515068457,44.80777056982006,3.3372050546943917,0.2394910305738449,0.2378881573677063,35.50731658935547,16,7.860532283782959,0.0005751459393650293,852.572998046875,12.951492309570312,44.80777056982007,3.3372050546943997
531.6057739257812,67.5464859008789,-6.813974380493164,0.13798850774765015,478.52716064453125,66.58282470703125,-6.699766635894775,0.1511072963476181,531.4212036132812,73.94170379638672,-6.813597202301025,0.15110553801059723,38.43243408203125,14,1.6230984926223755,0.9903333783149719,-22.463626861572266,1052.364546315517,7.076370245824154,44.80747232464186,3.2951757864998292,0.2672173082828522,0.26611992716789246,-37.939144134521484,16,6.822100639343262,0.0004992398899048567,171.69723510742188,9.738591194152832,44.807472324641864,3.2951757864998372
11782.798828125,72.5295639038086,-10.178121566772461,0.006684923078864813,11676.66015625,86.79397583007812,-10.168296813964844,0.008072364144027233,11661.5947265625,70.87457275390625,-10.166894912719727,0.006600279826670885,2960.8740234375,21,0.8922639489173889,0.6625526547431946,18.47418785095215,415.52183868324806,5.269079153840034,44.80732188313216,3.3417810228071745,0.007118170615285635,0.006364182569086552,5.58700704574585,16,3.364466667175293,0.0002461704716552049,11620.9853515625,5.353583812713623,44.807321883132154,3.3417810228071656
1115.403076171875,59.40332794189453,-7.618579387664795,0.05783740058541298,996.1006469726562,54.43244934082031,-7.495758056640625,0.059345047920942307,1130.5455322265625,62.582279205322266,-7.633220195770264,0.06011642515659332,144.19668579101562,20,2.197822332382202,0.6002562046051025,3.6574366092681885,1115.6918152899736,1.2673205596038346,44.80704812202474,3.2905412372488576,0.10213025659322739,0.08189211040735245,0.546136736869812,24,5.32688570022583,0.00038982738624326885,874.7548828125,13.186933517456055,44.80704812202474,3.2905412372488576
556.7582397460938,79.57469177246094,-6.864166736602783,0.15521658957004547,394.92169189453125,66.43502044677734,-6.491277694702148,0.18269047141075134,405.7642517089844,104.11087799072266,-6.520684242248535,0.2786455750465393,28.12286376953125,10,1.5426595211029053,0.8969188928604126,32.419925689697266,1566.7032425045784,19.01426981414889,44.80835865994922,3.257526930180965,0.39147427678108215,0.388775110244751,14.23098087310791,3,7.0265326499938965,0.0005142599111422896,280.0319519042969,9.255956649780273,44.80835865994922,3.2575269301809655
698.1010131835938,87.1164779663086,-7.109795570373535,0.13552264869213104,524.1900634765625,66.78034973144531,-6.798721790313721,0.1383533626794815,592.3665771484375,111.5136947631836,-6.931476593017578,0.20444075763225555,36.4737548828125,18,1.4400639533996582,1.3362953662872314,60.95453643798828,601.4859513358208,26.960567961493414,44.80891733023681,3.3281712722587398,0.3274023234844208,0.32716864347457886,-83.6836929321289,0,8.298238754272461,0.0006071890238672495,647.7078857421875,8.64038372039795,44.80891733023681,3.3281712722587398
15172.5029296875,215.6890106201172,-10.452643394470215,0.015438340604305267,5991.39453125,77.24176025390625,-9.443819999694824,0.014000838622450829,14543.259765625,224.5962371826172,-10.406654357910156,0.01677144691348076,198.87326049804688,267,5.159943103790283,2.705927610397339,-72.75965881347656,1787.963515292955,89.2876512728853,44.81351313546601,3.2413245932524024,0.05816446989774704,0.05663514882326126,-76.44154357910156,0,10.249213218688965,0.000750137900467962,12389.392578125,30.959659576416016,44.813513135466,3.2413245932523953
1632.7696533203125,110.1305160522461,-8.032312393188477,0.07325083762407303,1025.487060546875,67.73316192626953,-7.527325630187988,0.07173003256320953,1575.6011962890625,137.11244201660156,-7.993615627288818,0.09450621902942657,60.51734924316406,32,3.476052761077881,1.5783406496047974,81.62678527832031,158.93049510350826,150.74593663011058,44.81797432360954,3.3605424986241386,0.19264695048332214,0.1906733214855194,-76.592529296875,3,14.044495582580566,0.0010274738306179643,445.59783935546875,20.85631561279297,44.81797432360953,3.36054249862413
519.1259765625,77.04349517822266,-6.788181781768799,0.1611732840538025,415.7438659667969,66.55570220947266,-6.547064781188965,0.17385582625865936,387.4214782714844,69.47582244873047,-6.470459461212158,0.1947510540485382,30.990327835083008,13,1.905234456062317,0.7646853923797607,-51.41049575805664,519.3550080318752,41.616471039691696,44.80998893150466,3.334180085016132,0.35636115074157715,0.35471615195274353,-72.00114440917969,0,7.211988925933838,0.0005276925512589514,-68.27190399169922,11.43140697479248,44.80998893150466,3.3341800850161314
6756.138671875,175.8897247314453,-9.574246406555176,0.02827299013733864,3075.812744140625,71.88766479492188,-8.719900131225586,0.025381911545991898,6058.33154296875,173.4314727783203,-9.455883026123047,0.031088853254914284,104.07341766357422,139,3.4962124824523926,2.4701836109161377,-23.039602279663086,287.2991176595248,62.79582530752473,44.81153359778734,3.3511581532330688,0.09245653450489044,0.09155584126710892,-22.828914642333984,2,9.668416023254395,0.000707375758793205,5060.109375,20.977275848388672,44.81153359778734,3.351158153233069
12037.5751953125,278.0215759277344,-10.201347351074219,0.025082413107156754,3788.443359375,73.24392700195312,-8.946151733398438,0.020996198058128357,10942.359375,419.5562438964844,-10.097777366638184,0.04163983836770058,169.02903747558594,298,6.377011299133301,3.9163622856140137,-46.78496170043945,1504.109812762791,100.2734502972955,44.81431288112968,3.2621031231171296,0.10953100025653839,0.10876722633838654,-42.97160339355469,3,15.183855056762695,0.0011112289503216743,18992.4296875,38.26206970214844,44.81431288112969,3.2621031231171367
501.128173828125,77.64352416992188,-6.749872207641602,0.1682620793581009,181.16177368164062,66.0931167602539,-5.645166397094727,0.39620456099510193,178.64100646972656,72.69194030761719,-5.629952907562256,0.44191113114356995,25.009817123413086,10,1.4194363355636597,1.114829659461975,60.38957977294922,369.3536412277883,57.699552305929686,44.811162837063215,3.3451547277794003,0.489348441362381,0.4891092777252197,58.09333801269531,0,7.519109725952148,0.00055013841483742,37.98514938354492,8.516617774963379,44.811162837063215,3.3451547277794003
2598.531982421875,119.51530456542969,-8.536820411682129,0.04994882643222809,1759.723388671875,69.21406555175781,-8.113611221313477,0.042714934796094894,2348.02490234375,122.39208221435547,-8.426756858825684,0.05660834535956383,115.21134185791016,57,2.2834055423736572,1.6758135557174683,-10.600232124328613,911.33844200067,73.03346005138296,44.812302625995926,3.3054920329696627,0.10050798207521439,0.10024528205394745,-18.34507942199707,2,4.901027679443359,0.00035863451194018126,2260.271240234375,13.700433731079102,44.812302625995926,3.3054920329696627
421.28173828125,71.55659484863281,-6.561431407928467,0.18446198105812073,112.76567840576172,65.97605895996094,-5.130442142486572,0.6353883743286133,8.761064529418945,73.54473114013672,-2.3563921451568604,9.116423606872559,25.33927345275879,9,1.973876953125,0.8646577000617981,51.76472854614258,1561.9019285931279,75.99165096429998,44.812534463572376,3.257874384261694,0.32051730155944824,0.30272176861763,0.9095563888549805,0,7.811340808868408,0.0005716847954317927,-328.45989990234375,11.84326171875,44.812534463572376,3.257874384261694
1041.8973388671875,111.19557189941406,-7.544562339782715,0.1159023866057396,274.2277526855469,66.2095718383789,-6.095278263092041,0.26220396161079407,389.60430908203125,147.13064575195312,-6.476559162139893,0.41011837124824524,30.668415069580078,13,2.4849305152893066,0.8580055832862854,46.226253509521484,1146.348382946961,81.70208116252056,44.81294387470892,3.288291293806606,0.49363332986831665,0.49244973063468933,-26.64164161682129,0,8.737737655639648,0.0006394224474206567,397.84893798828125,14.90958309173584,44.81294387470892,3.288291293806606
1080.956787109375,114.16523742675781,-7.5845208168029785,0.11469787359237671,359.035400390625,66.38623809814453,-6.387843132019043,0.20080319046974182,224.75189208984375,100.51143646240234,-5.879258155822754,0.4856707453727722,39.17262649536133,16,2.481339693069458,1.2193145751953125,9.167288780212402,1825.548500901192,77.48825222744698,44.81264901808042,3.238573856906152,0.3876151740550995,0.38640326261520386,36.72941207885742,0,10.418764114379883,0.0007625568541698158,-32.938716888427734,14.888038635253906,44.81264901808042,3.2385738569061524
378.1504211425781,67.13995361328125,-6.444161415100098,0.19281741976737976,251.17759704589844,66.18741607666016,-5.99995231628418,0.2861701548099518,297.8894958496094,67.41448211669922,-6.185137748718262,0.2457694113254547,31.26388168334961,9,1.569085717201233,0.5475544333457947,11.527114868164062,193.6511811907761,76.2968814105358,44.81251980214646,3.3580088599220974,0.4907286465167999,0.48761436343193054,3.246628999710083,0,5.519867420196533,0.0004038405022583902,6.554807662963867,9.414514541625977,44.812519802146454,3.3580088599220885
2984.620361328125,102.67528533935547,-8.687222480773926,0.03735998272895813,2365.28759765625,70.4363784790039,-8.434709548950195,0.032340213656425476,2728.737060546875,107.54777526855469,-8.589903831481934,0.04280254244804382,150.8638916015625,57,1.9600584506988525,1.6446912288665771,12.340812683105469,90.66277645128245,95.70828385172456,44.8139386622335,3.3655421044102134,0.06122107431292534,0.061119209975004196,12.444293975830078,0,3.9853854179382324,0.0002915651130024344,2376.64453125,11.760351181030273,44.81393866223351,3.365542104410222
376.8122863769531,66.9582748413086,-6.44031286239624,0.19297854602336884,-216.1824493408203,65.71347045898438,99.0,99.0,8.8994140625,68.09201049804688,-2.373403549194336,8.30930233001709,29.787353515625,9,1.7746754884719849,0.8002704381942749,80.57141876220703,10.963622106222445,86.00190334914453,44.813224439437455,3.3713738243173803,0.24775509536266327,0.24568450450897217,-2.0768232345581055,16,7.119731903076172,0.0005208594957366586,-4299.38916015625,10.648053169250488,44.813224439437455,3.3713738243173803
1321.668701171875,120.19259643554688,-7.802806377410889,0.09876087307929993,685.1961059570312,67.03572845458984,-7.089537143707275,0.10624812543392181,811.4745483398438,106.2751235961914,-7.273187160491943,0.14222846925258636,39.600067138671875,29,2.0238122940063477,1.6295206546783447,28.304737091064453,1258.6007180141444,88.68527034468956,44.813458292725024,3.280074661621403,0.27453556656837463,0.2740415632724762,42.57578659057617,0,10.879593849182129,0.0007961807423271239,633.8643188476562,12.142873764038086,44.813458292725024,3.2800746616214034
907.2740478515625,103.41131591796875,-7.394346237182617,0.12378254532814026,470.0107421875,66.668212890625,-6.680269241333008,0.15404260158538818,494.8501281738281,105.4567642211914,-6.736184120178223,0.23143582046031952,29.766586303710938,22,2.679076671600342,1.2269946336746216,-63.425201416015625,1834.4794493228248,95.55293669933316,44.813973119138595,3.237918817048498,0.3506630063056946,0.3500382900238037,-33.45847702026367,3,10.861968994140625,0.0007949909777380526,196.5452880859375,16.074459075927734,44.81397311913861,3.2379188170485045
469.0442810058594,72.01959991455078,-6.678034782409668,0.16675032675266266,356.84161376953125,66.43336486816406,-6.381188869476318,0.2021811157464981,385.0369567871094,67.5927734375,-6.463756084442139,0.1906459927558899,26.794029235839844,12,1.3716987371444702,0.9944627285003662,46.00492477416992,174.73060611978096,83.67148671658458,44.81305957448459,3.3593925228736303,0.3105197250843048,0.30997464060783386,-82.89727020263672,1,6.9762444496154785,0.0005103868315927684,317.9272766113281,8.230192184448242,44.81305957448459,3.3593925228736303
1437.338134765625,128.1839599609375,-7.893897533416748,0.09685110300779343,620.7897338867188,66.9542007446289,-6.982361316680908,0.1171286404132843,877.3281860351562,125.9398193359375,-7.357905387878418,0.15589450299739838,34.48153305053711,24,2.0205018520355225,1.1999932527542114,-55.200321197509766,1830.4433482409104,93.24582757288788,44.813803964334355,3.2382144504725803,0.32454195618629456,0.324076771736145,19.879453659057617,3,9.32152271270752,0.0006822452996857464,711.333251953125,12.123010635375977,44.81380396433436,3.2382144504725865
3411.131103515625,102.23095703125,-8.832245826721191,0.03254721686244011,2783.110107421875,71.32312774658203,-8.611326217651367,0.0278310626745224,3145.00634765625,109.2655029296875,-8.744053840637207,0.037730395793914795,150.034423828125,60,1.9569674730300903,1.7238507270812988,0.23897814750671387,1059.346576621541,101.85719556676294,44.814418846854466,3.2946574372416975,0.05732709541916847,0.05717470869421959,-16.928998947143555,0,6.03008508682251,0.00044126491411589086,3209.0556640625,11.741805076599121,44.814418846854466,3.294657437241698
3407.131103515625,174.3598175048828,-8.830971717834473,0.055576011538505554,1293.6383056640625,68.30286407470703,-7.779532432556152,0.057339757680892944,2552.184326171875,148.5702667236328,-8.517279624938965,0.06321930140256882,61.55657958984375,71,3.0876591205596924,1.9594159126281738,-21.705780029296875,532.5284388233341,106.42331724997081,44.814738727243636,3.3332106413414055,0.20639543235301971,0.2050842046737671,-12.290486335754395,0,12.44568157196045,0.0009106161305680871,1950.6343994140625,18.525955200195312,44.81473872724363,3.3332106413413976
1364.51318359375,122.515380859375,-7.837444305419922,0.09750854969024658,627.6015014648438,67.04508972167969,-6.9942097663879395,0.11601465195417404,1022.612060546875,126.43885040283203,-7.524277210235596,0.13427633047103882,35.258296966552734,17,1.4438517093658447,1.3918169736862183,54.84479522705078,338.41817869835467,98.14434045807633,44.81412578180183,3.347414757594035,0.3505431115627289,0.3490186035633087,-53.86457824707031,2,8.481307029724121,0.0006205224781297147,1010.4429321289062,8.663110733032227,44.81412578180183,3.347414757594035
362.50421142578125,64.69991302490234,-6.398282527923584,0.1938297599554062,127.56835174560547,65.90294647216797,-5.264357566833496,0.5610373020172119,196.1875,67.84126281738281,-5.731678485870361,0.3755367398262024,34.99849319458008,9,2.5105948448181152,0.5356583595275879,33.857669830322266,203.9873287582771,98.92374160085419,44.81417832328866,3.357250603089249,0.41030582785606384,0.0891704261302948,35.2761344909668,0,6.92625617980957,0.0005067294114269316,-657.4967651367188,15.063569068908691,44.81417832328867,3.3572506030892586
686.59716796875,83.98907470703125,-7.091754913330078,0.1328466534614563,550.9595336914062,66.73289489746094,-6.852799415588379,0.13153766095638275,601.8206176757812,90.26138305664062,-6.948667526245117,0.1628788709640503,35.336551666259766,18,1.9621257781982422,1.2374297380447388,23.05814552307129,1027.2527191675529,105.85829985497874,44.81471126265107,3.2970060320092793,0.3087847828865051,0.30748462677001953,39.62198257446289,0,8.540617942810059,0.0006249728612601757,543.5464477539062,11.772754669189453,44.81471126265107,3.2970060320092798
369818.96875,396.02117919921875,-13.919973373413086,0.0011629447108134627,286864.53125,289.0623779296875,-13.64419174194336,0.0010943205561488867,358576.875,348.4840393066406,-13.886455535888672,0.0010554324835538864,16054.109375,575,2.6518609523773193,2.564492702484131,6.113236427307129,691.2333719478002,189.79417609720545,44.820853157081984,3.3215901600586637,0.0024761431850492954,0.0024303847458213568,-2.5073647499084473,0,4.049717426300049,0.0002963094157166779,368999.90625,15.911165237426758,44.82085315708198,3.321590160058656
1174.30126953125,101.84555053710938,-7.6744489669799805,0.09418730437755585,808.8612060546875,67.36650085449219,-7.2696852684021,0.09044817090034485,1192.4342041015625,109.54605865478516,-7.691086292266846,0.09976820647716522,43.61467361450195,27,2.2154922485351562,1.584314227104187,-2.8668782711029053,260.78939417299034,124.68915654402696,44.81606842888422,3.3530923466035754,0.28150779008865356,0.2807961702346802,-39.844268798828125,2,11.225578308105469,0.00082127790665254,594.303466796875,13.292953491210938,44.81606842888421,3.3530923466035665
382.586181640625,63.126216888427734,-6.456823348999023,0.1791885793209076,341.7535095214844,66.35027313232422,-6.334282398223877,0.21084319055080414,329.7634582519531,60.07944869995117,-6.295506477355957,0.1978578269481659,25.61907386779785,10,1.2413748502731323,0.8258072137832642,-60.20306396484375,1017.2865061230124,123.62315754385801,44.81601291940712,3.297734041871404,0.30063554644584656,0.2988571226596832,-88.9608154296875,0,6.037461280822754,0.00044179626274853945,76.62750244140625,7.448248863220215,44.81601291940712,3.297734041871404
19713.4609375,254.86651611328125,-10.736907005310059,0.014040407724678516,7166.3671875,79.31475830078125,-9.6382474899292,0.012019454501569271,18508.45703125,261.12640380859375,-10.668425559997559,0.01532182190567255,252.95904541015625,349,4.6861114501953125,4.052699089050293,-43.068931579589844,912.7764493478534,182.31910049755365,44.82031163512767,3.3053780179794905,0.05175156518816948,0.051368918269872665,-48.33935546875,0,7.951419830322266,0.0005818235222250223,17058.998046875,28.116668701171875,44.82031163512767,3.3053780179794905
532.6892700195312,73.46770477294922,-6.816184997558594,0.14977948367595673,370.6012268066406,66.48778533935547,-6.422266960144043,0.19483402371406555,331.9105224609375,89.84745025634766,-6.302552700042725,0.293977826833725,32.394649505615234,14,1.6524113416671753,0.7647880911827087,-83.2324447631836,1360.3387631415924,132.4798601485227,44.816670147531596,3.2726246123441003,0.280509352684021,0.2773975729942322,-80.79670715332031,0,6.226191520690918,0.0004556426138151437,114.65845489501953,9.914467811584473,44.816670147531596,3.2726246123441003
552.6266479492188,78.85114288330078,-6.856079578399658,0.15495514869689941,326.1834716796875,66.39545440673828,-6.283654689788818,0.22105799615383148,239.68516540527344,56.93325424194336,-5.949102878570557,0.25796136260032654,29.669435501098633,9,2.0847630500793457,0.4379355013370514,-75.32546997070312,1131.4985013990993,136.10088415702876,44.81693020994896,3.289373984192894,0.4122404456138611,0.41074785590171814,6.260067939758301,2,5.692898750305176,0.00041659243288449943,-244.10400390625,12.508578300476074,44.81693020994894,3.2893739841928866
9648.4404296875,171.34030151367188,-9.961142539978027,0.01928555965423584,5399.45654296875,76.26610565185547,-9.330875396728516,0.015339505858719349,9599.2177734375,185.71253967285156,-9.955589294433594,0.021010443568229675,219.26173400878906,169,3.490342140197754,2.7297682762145996,-6.774296760559082,271.98627168703626,164.64198428583185,44.81899658825661,3.352269559979511,0.05101358890533447,0.05072169378399849,13.135883331298828,3,5.995306968688965,0.0004386190266814083,9754.236328125,20.942052841186523,44.81899658825661,3.3522695599795114
1002.30615234375,81.24441528320312,-7.502501010894775,0.0880284309387207,840.3929443359375,67.30372619628906,-7.311205863952637,0.0869734138250351,855.7376708984375,82.72965240478516,-7.3308515548706055,0.10499058663845062,67.45932006835938,25,1.680830478668213,1.211903691291809,-80.35819244384766,27.783725009803483,139.41791204416262,44.81713942472228,3.3701383872168917,0.1515612006187439,0.15132077038288116,85.79967498779297,0,5.671187877655029,0.0004148817097302526,789.8906860351562,10.084982872009277,44.81713942472228,3.3701383872168917
4417.53662109375,178.9290771484375,-9.112950325012207,0.04398763179779053,1836.8231201171875,69.34298706054688,-8.160168647766113,0.040998224169015884,3596.182861328125,175.1731719970703,-8.889604568481445,0.05289999768137932,62.439659118652344,110,3.5594286918640137,2.506788492202759,2.613172769546509,1949.217634272102,153.67783214363382,44.81823486603071,3.229514974536365,0.14847660064697266,0.14714239537715912,2.793523073196411,2,12.226189613342285,0.0008948394097387791,3565.91259765625,21.356571197509766,44.81823486603072,3.229514974536371
5121.9619140625,171.1383819580078,-9.273591041564941,0.03628614917397499,2340.119384765625,70.46012115478516,-8.423094749450684,0.03269905596971512,4446.43408203125,179.46511840820312,-9.12002944946289,0.043832678347826004,80.37954711914062,122,3.202221393585205,2.7890803813934326,18.381681442260742,286.3025672751691,163.3094112430859,44.81889942858243,3.3512222053988387,0.11359862238168716,0.11295520514249802,-0.16547344624996185,3,11.063136100769043,0.0008093869546428323,4421.45849609375,19.213329315185547,44.81889942858243,3.3512222053988387
643.6585693359375,79.00879669189453,-7.021638870239258,0.13330601155757904,493.88043212890625,66.66616821289062,-6.7340545654296875,0.1465930938720703,472.6143798828125,65.8447036743164,-6.686267375946045,0.15130168199539185,30.723608016967773,9,1.6073980331420898,0.8445440530776978,-83.32138061523438,1831.114612431191,143.39848128905953,44.81747955666194,3.238161915210043,0.31274619698524475,0.31175026297569275,50.75517272949219,2,6.959214687347412,0.000509337056428194,9.184840202331543,9.644388198852539,44.81747955666193,3.238161915210037
366.6438293457031,65.42408752441406,-6.410611152648926,0.19378632307052612,263.23321533203125,66.21256256103516,-6.050851821899414,0.27316781878471375,289.12164306640625,83.85078430175781,-6.152701377868652,0.31496068835258484,25.521190643310547,9,1.9368641376495361,1.0975254774093628,-47.68224334716797,1990.1895416300167,145.1398804600821,44.8176098002403,3.226515934147822,0.3562750220298767,0.3553958833217621,-33.30598068237305,3,8.724679946899414,0.0006385701708495617,-426.9175720214844,11.621185302734375,44.81760980024031,3.226515934147828
579.4312744140625,78.9569320678711,-6.907505035400391,0.14798516035079956,366.9969482421875,66.42864227294922,-6.411655902862549,0.19657248258590698,313.1921081542969,89.81867218017578,-6.239527225494385,0.3114480674266815,27.98275375366211,15,2.1422696113586426,1.1045067310333252,29.83658218383789,1989.2514295056696,147.33801040112988,44.81777087950407,3.2265844704828903,0.31305909156799316,0.3100051283836365,24.697555541992188,3,9.20785140991211,0.0006739332457073033,-119.8413314819336,12.853617668151855,44.81777087950407,3.2265844704828903
1470.83837890625,91.5859603881836,-7.918912410736084,0.06762290000915527,1432.25830078125,68.58257293701172,-7.8900532722473145,0.05200226232409477,1847.7314453125,109.19657135009766,-8.166597366333008,0.06418003886938095,68.40251922607422,35,1.9095304012298584,1.6552753448486328,-53.38187789916992,158.5803046866979,153.36713314776534,44.8181663919186,3.3605678827574006,0.14186769723892212,0.14090393483638763,-59.18144607543945,3,6.936465263366699,0.0005074605578556657,1714.6181640625,11.457181930541992,44.8181663919186,3.3605678827574006
396.6976013183594,69.32088470458984,-6.496149063110352,0.18977296352386475,106.04116821289062,65.85781860351562,-5.063686370849609,0.674470067024231,79.86751556396484,73.67813110351562,-4.75592565536499,1.0018397569656372,25.86753273010254,9,2.1996681690216064,0.7182700634002686,-10.423208236694336,841.3739625861534,142.89644569166123,44.817420671427996,3.3106066997432677,0.37573787569999695,0.12325887382030487,-10.918636322021484,16,7.51317834854126,0.0005497541860677302,-293.6435241699219,13.198009490966797,44.817420671428,3.310606699743276
505.799560546875,74.42962646484375,-6.759946346282959,0.15980751812458038,322.86474609375,66.41439819335938,-6.272551536560059,0.22339396178722382,315.88751220703125,72.95222473144531,-6.248831272125244,0.2508048415184021,32.205421447753906,13,1.4336122274398804,1.0730122327804565,13.08272647857666,1760.4402324397852,153.78235072767026,44.81823930921487,3.243335073450413,0.3238542973995209,0.32258138060569763,-14.931951522827148,0,7.412548065185547,0.0005425057024694979,144.63467407226562,8.601673126220703,44.81823930921486,3.2433350734504067
6024.28369140625,160.5516815185547,-9.449763298034668,0.028942715376615524,2721.83447265625,71.10789489746094,-8.587154388427734,0.028371738269925117,5783.22412109375,167.1613006591797,-9.405425071716309,0.03139030560851097,94.39237213134766,127,3.9226300716400146,2.0536606311798096,81.60001373291016,1461.7124503375637,192.54598266408098,44.82107427242153,3.2651998687870045,0.1095479279756546,0.10673123598098755,82.94152069091797,0,12.294570922851562,0.0008997355471365154,3658.698974609375,23.53577995300293,44.82107427242153,3.2651998687870045
2095.4599609375,132.14306640625,-8.30319881439209,0.06848490238189697,1166.9039306640625,68.0208969116211,-7.667587757110596,0.06330486387014389,1751.685302734375,138.84356689453125,-8.108640670776367,0.08607945591211319,53.30979537963867,55,2.6529541015625,1.9245929718017578,-74.551025390625,556.9287009220653,175.5685468534901,44.81980661736746,3.331419268391699,0.20545412600040436,0.204374760389328,-82.79595184326172,0,10.803462982177734,0.0007904436788521707,1591.7060546875,15.917724609375,44.81980661736746,3.3314192683916994
811.409912109375,97.14692687988281,-7.273100852966309,0.13002252578735352,449.3274841308594,66.65110778808594,-6.631407260894775,0.16109208762645721,510.27154541015625,94.76280975341797,-6.769503593444824,0.20168165862560272,34.144866943359375,20,2.589254379272461,1.0067912340164185,-80.57332611083984,1248.6293859199302,174.46525159153344,44.819744520156455,3.2807980022238747,0.384444922208786,0.38315027952194214,-69.57909393310547,2,9.667451858520508,0.0007074495078995824,186.54869079589844,15.535526275634766,44.81974452015644,3.280798002223867
523.6600341796875,77.76616668701172,-6.797623634338379,0.16127650439739227,368.3603515625,66.43147277832031,-6.415682315826416,0.19585327804088593,388.7149658203125,99.8809585571289,-6.474078178405762,0.27904951572418213,34.32455062866211,13,1.6473028659820557,0.8242321610450745,-64.19381713867188,1267.960694495635,164.57990461238293,44.81902052860485,3.2793838299535487,0.2839541733264923,0.28348782658576965,-58.94990921020508,0,6.575413703918457,0.00048118276754394174,144.7946319580078,9.883817672729492,44.81902052860484,3.2793838299535416
1700.6700439453125,108.45868682861328,-8.076550483703613,0.0692586600780487,1158.1387939453125,68.05355834960938,-7.6594014167785645,0.06381460279226303,1461.3946533203125,108.3114242553711,-7.911918640136719,0.08048900961875916,64.82825469970703,43,2.112636089324951,1.6258491277694702,47.361732482910156,1255.6412677960845,177.427790425179,44.819961789505804,3.2802845537661285,0.1485026329755783,0.14820165932178497,26.797863006591797,3,7.158458709716797,0.0005238452577032149,1176.12939453125,12.675816535949707,44.81996178950579,3.2802845537661214
1228.996826171875,113.96997833251953,-7.723876953125,0.10070928931236267,639.0570068359375,66.8636474609375,-7.013848781585693,0.11362667381763458,753.8927001953125,118.425537109375,-7.193274021148682,0.17059475183486938,38.00429153442383,28,2.6471028327941895,1.2577126026153564,16.48626136779785,539.9811960948841,167.3895304974254,44.819206721876526,3.3326600888439697,0.2508816421031952,0.24980181455612183,47.3159065246582,3,10.931565284729004,0.0007998151704668999,781.6124267578125,15.882616996765137,44.819206721876526,3.3326600888439692
642.9113159179688,76.72682189941406,-7.0203776359558105,0.12960626184940338,559.9566040039062,66.9312515258789,-6.870385646820068,0.12980888783931732,638.7769165039062,91.73207092285156,-7.013372898101807,0.15595589578151703,35.27936935424805,14,1.3439903259277344,0.840122640132904,-15.910720825195312,331.3300024606323,166.37650508591437,44.81912571496442,3.347927395088278,0.2610201835632324,0.26025834679603577,-17.633075714111328,2,4.90631103515625,0.0003589533444028348,526.3849487304688,8.063941955566406,44.81912571496442,3.347927395088279
567.3941040039062,73.4969253540039,-6.884712219238281,0.14067411422729492,549.0912475585938,66.90882873535156,-6.849111080169678,0.1323331743478775,737.4747314453125,125.78636169433594,-7.169367790222168,0.18523208796977997,39.907310485839844,15,2.085780382156372,1.2193087339401245,84.13031768798828,541.785076120681,170.0690876189424,44.81940313943687,3.3325278620194494,0.3050537109375,0.3033982217311859,45.40258026123047,3,9.548102378845215,0.0006985925137996674,1052.003173828125,12.51468276977539,44.819403139436865,3.332527862019441
1779.8963623046875,93.67520904541016,-8.12598705291748,0.057155732065439224,1430.8349609375,68.57970428466797,-7.888973712921143,0.05205181986093521,1614.268798828125,97.6850814819336,-8.019939422607422,0.0657176822423935,84.04883575439453,40,1.689793348312378,1.6184122562408447,-75.48401641845703,1690.9835859605478,183.36252745593296,44.82040583107748,3.2484175970271427,0.10538013279438019,0.10490307211875916,-18.836071014404297,0,5.4736809730529785,0.0004005941445939243,1464.3751220703125,10.13875961303711,44.82040583107749,3.248417597027149
47689.3203125,187.580078125,-11.696052551269531,0.004271647427231073,37638.8671875,121.2469711303711,-11.439091682434082,0.0034983574878424406,46419.32421875,174.88702392578125,-11.666747093200684,0.004091557115316391,2160.02685546875,217,2.3852035999298096,2.2148654460906982,1.3683991432189941,469.039919771974,213.14710740791716,44.82255758886393,3.33784709433601,0.007750798016786575,0.007649310864508152,-3.26027250289917,0,4.0114426612854,0.00029348902171477675,47475.5859375,14.311222076416016,44.8225575888639,3.337847094335985
3062.75,169.15707397460938,-8.715278625488281,0.05998027324676514,1173.1783447265625,68.15966033935547,-7.673409938812256,0.06309474259614944,2020.328857421875,151.5124053955078,-8.263555526733398,0.0814434140920639,45.90188217163086,60,2.944521188735962,2.309272289276123,-16.616086959838867,1204.8943670217764,200.71459778644956,44.82166712723359,3.2839970558694924,0.23123234510421753,0.2304493933916092,-58.949745178222656,2,15.217706680297852,0.0011135849636048079,1325.3299560546875,17.66712760925293,44.82166712723359,3.2839970558694924
416.0115966796875,61.68766403198242,-6.547763824462891,0.1610359102487564,373.94036865234375,66.33966827392578,-6.432005882263184,0.19266408681869507,472.66461181640625,99.9969711303711,-6.68638277053833,0.2297542691230774,34.23838806152344,11,1.5793126821517944,0.7212956547737122,19.249862670898438,1962.9893546871162,176.2647547943353,44.819890391701826,3.228505236591533,0.30997025966644287,0.3075040876865387,28.597423553466797,0,6.368692398071289,0.0004661240382120013,530.3158569335938,9.475875854492188,44.819890391701826,3.228505236591533
416.5115051269531,63.586181640625,-6.549067497253418,0.16579276323318481,289.0291748046875,66.24044036865234,-6.1523542404174805,0.24889223277568817,286.54473876953125,62.089054107666016,-6.142981052398682,0.23531652987003326,44.59746170043945,11,1.5285402536392212,0.7537794709205627,45.20004653930664,85.7516042980994,179.98932707824454,44.820114597907484,3.3658937381506577,0.2610424757003784,0.25965866446495056,37.75795364379883,0,6.405459403991699,0.00046859856229275465,-213.8187255859375,9.171241760253906,44.82011459790749,3.3658937381506666
2576.834228515625,137.03607177734375,-8.527716636657715,0.05775349214673042,1419.0430908203125,68.63101959228516,-7.879989147186279,0.05252362787723541,2359.056640625,135.0699005126953,-8.431845664978027,0.06217990070581436,61.34840774536133,66,2.7829806804656982,1.9189361333847046,23.900379180908203,1945.928094821785,200.17039492730115,44.821642039346536,3.2297527020206025,0.17795613408088684,0.17686447501182556,17.935848236083984,0,10.433659553527832,0.0007636285736225545,1574.8758544921875,16.69788360595703,44.82164203934655,3.2297527020206087
3147.543212890625,125.12297058105469,-8.744929313659668,0.04317130520939827,2031.166259765625,69.77818298339844,-8.269363403320312,0.03730817511677742,2889.353271484375,123.34974670410156,-8.65200138092041,0.04636256396770477,90.56118774414062,65,2.469453811645508,1.7933987379074097,-5.605311870574951,1641.1899182507038,202.64020754734318,44.82181763498477,3.252061296178383,0.10213068127632141,0.10103480517864227,-3.0512373447418213,2,7.807103157043457,0.0005713562131859362,2533.296630859375,14.816722869873047,44.821817634984754,3.252061296178377
380263.1875,406.04119873046875,-13.950210571289062,0.0011596198892220855,291839.53125,291.41192626953125,-13.662859916687012,0.0010844087228178978,367623.71875,354.2381286621094,-13.913508415222168,0.0010464575607329607,16298.4658203125,608,2.723965644836426,2.699766159057617,-53.108280181884766,430.3689277500317,275.8771805530485,44.82715302297008,3.3406711468304646,0.002457007300108671,0.0024158277083188295,-6.533930778503418,0,4.074367046356201,0.0002980823628604412,379073.71875,16.343793869018555,44.827153022970066,3.3406711468304557
5778.80908203125,81.0408935546875,-9.404596328735352,0.015229852870106697,4539.33984375,74.6463623046875,-9.142481803894043,0.017858533188700676,5298.71435546875,100.65277862548828,-9.310426712036133,0.02062932774424553,820.6697998046875,41,2.820009469985962,0.9320902228355408,-42.08794403076172,1788.5521298384447,208.46763613449676,44.82224741976005,3.241273324977877,0.04283411055803299,0.036273255944252014,-44.76165008544922,0,9.70775318145752,0.0007104745600372553,4386.8447265625,16.92005729675293,44.822247419760046,3.241273324977871
1721.73095703125,133.92967224121094,-8.089913368225098,0.08447755873203278,660.7113647460938,66.98526763916016,-7.050029277801514,0.11010254919528961,844.1555786132812,114.85372924804688,-7.316056251525879,0.14775848388671875,39.590850830078125,28,2.1834378242492676,1.819047451019287,40.64665985107422,1838.2566986138404,208.75794531618237,44.82226956635686,3.2376345965001887,0.2746383547782898,0.27395710349082947,13.563570976257324,2,11.943877220153809,0.0008741370402276516,574.0648193359375,13.100626945495605,44.82226956635686,3.2376345965001887
2222.890625,95.68264770507812,-8.367295265197754,0.04674604907631874,1807.6710205078125,69.3096694946289,-8.14279842376709,0.041639380156993866,2027.04931640625,99.1363754272461,-8.267160415649414,0.05311271920800209,116.9097671508789,46,1.7695237398147583,1.6182199716567993,-83.12681579589844,892.3551648830337,210.82097819466446,44.822399745328184,3.3068702040864197,0.08431585878133774,0.08419457823038101,44.63253402709961,0,4.922393321990967,0.0003601767821237445,2141.20703125,10.617142677307129,44.82239974532818,3.3068702040864126
411.53118896484375,69.59407806396484,-6.536006927490234,0.1836535632610321,234.92620849609375,66.04963684082031,-5.927328586578369,0.30532950162887573,237.63648986816406,66.65023040771484,-5.939782619476318,0.3045918941497803,29.24549674987793,7,1.912458062171936,0.7194962501525879,75.66458892822266,54.21876914284506,209.8686009466223,44.82230290418542,3.368197923892917,0.37161436676979065,0.1424206644296646,75.28978729248047,2,7.0069260597229,0.0005125891766510904,-124.9196548461914,11.474748611450195,44.82230290418542,3.3681979238929167
378.90106201171875,67.2401351928711,-6.446314334869385,0.19272257387638092,286.21002197265625,66.23456573486328,-6.141712188720703,0.2513215243816376,333.36688232421875,72.98530578613281,-6.307306289672852,0.2377621978521347,26.706480026245117,9,1.6824355125427246,0.9151861071586609,-74.60139465332031,1748.3909443547252,205.4101670746579,44.8220226347151,3.2442135641973096,0.5452014803886414,0.5443361401557922,-80.6220932006836,0,7.416092395782471,0.0005427520954981446,50.013824462890625,10.094613075256348,44.82202263471509,3.2442135641973024
2371.0849609375,157.01870727539062,-8.43736743927002,0.07191742211580276,796.1813354492188,67.26399230957031,-7.252530097961426,0.09174881875514984,1652.4732666015625,123.00799560546875,-8.04533576965332,0.08084045350551605,36.61117172241211,24,3.1590776443481445,1.3989986181259155,-45.20061111450195,1302.8133673911593,229.03995720789382,44.823745157366446,3.2768279200177215,0.32084959745407104,0.31927981972694397,-32.295291900634766,2,12.601395606994629,0.0009221424115821719,654.356201171875,18.954465866088867,44.82374515736644,3.2768279200177144
458.3245849609375,73.74468231201172,-6.652933120727539,0.17473800480365753,394.2226867675781,66.51103210449219,-6.489354133605957,0.18322379887104034,337.5679016113281,61.50876235961914,-6.3209028244018555,0.19788171350955963,25.699270248413086,11,1.5373623371124268,0.6651269197463989,73.64984130859375,1614.4298093535776,220.1553364796112,44.823100681675996,3.254018940426468,0.3327157199382782,0.3307706117630005,71.70323181152344,0,6.029709815979004,0.00044127347064204514,156.09353637695312,9.224174499511719,44.823100681675996,3.2540189404264686
952.431396484375,98.5997543334961,-7.447084426879883,0.11242734640836716,624.08447265625,66.90971374511719,-6.9881086349487305,0.11643287539482117,701.54931640625,96.38604736328125,-7.115145683288574,0.14920583367347717,38.91058349609375,25,1.9405158758163452,1.4180572032928467,-17.168073654174805,359.69902232164515,219.86796465536577,44.823046477566436,3.3458469495332364,0.2536197602748871,0.2530871629714966,-46.98128890991211,0,9.175345420837402,0.000671273679472506,282.1090393066406,11.643095016479492,44.82304647756642,3.345846949533228
579.3245849609375,82.73065948486328,-6.907304763793945,0.15508662164211273,307.49005126953125,66.22711181640625,-6.219577789306641,0.23390233516693115,323.7807312011719,76.97349548339844,-6.275627613067627,0.2581784725189209,23.63853645324707,14,2.177885055541992,0.8079960942268372,49.161476135253906,295.15174595906353,226.40882376165393,44.823523577803996,3.350569106008542,0.393013060092926,0.39105483889579773,49.25444412231445,0,7.932661056518555,0.0005803464446216822,-17.80415153503418,13.067310333251953,44.823523577804,3.350569106008551
1437.054443359375,116.47993469238281,-7.893682956695557,0.08802533894777298,874.8593139648438,67.42533874511719,-7.3548455238342285,0.08369793742895126,1280.80126953125,111.98054504394531,-7.768704414367676,0.09494905918836594,42.276161193847656,38,2.049182891845703,1.8230608701705933,-26.195350646972656,1763.928484827192,234.8526681550534,44.82418055573887,3.2430740769958883,0.2435859590768814,0.24277199804782867,-19.9697322845459,0,10.179404258728027,0.0007449809927493334,1202.4647216796875,12.295097351074219,44.82418055573887,3.243074076995888
411.0581359863281,69.52454376220703,-6.5347580909729,0.1836812049150467,340.5035400390625,66.3993911743164,-6.330304145812988,0.2117738425731659,442.43780517578125,110.55433654785156,-6.614630699157715,0.2713647186756134,24.025657653808594,6,0.9980900287628174,0.722842812538147,-18.643787384033203,1905.2298150794006,222.01026131462092,44.82324187974244,3.2327307239179492,0.43759071826934814,0.4367974102497101,4.149673938751221,3,5.050371170043945,0.00036962502053938806,511.6505432128906,5.988540172576904,44.823241879742454,3.232730723917955
353.96795654296875,62.91914749145508,-6.372409820556641,0.1930406242609024,322.5825500488281,66.31035614013672,-6.271602153778076,0.22323913872241974,311.5941162109375,126.34090423583984,-6.233973026275635,0.4403363764286041,25.752779006958008,9,1.3359553813934326,0.6458706259727478,-47.579158782958984,1774.4606457383136,238.24923199589423,44.82442965408801,3.242302829806612,0.4278806447982788,0.4271189272403717,-54.051795959472656,2,5.531915664672852,0.00040485436329618096,491.89178466796875,8.015731811523438,44.82442965408801,3.2423028298066114
2530.3310546875,142.1459503173828,-8.507943153381348,0.0610080249607563,1329.7047119140625,68.62630462646484,-7.809388160705566,0.05604865401983261,2045.8187255859375,146.9353485107422,-8.277168273925781,0.07799898833036423,57.37569046020508,66,2.985811471939087,2.1512279510498047,-4.337167263031006,1030.5407268096242,256.61461840915933,44.82575919884382,3.2967534135718943,0.17826798558235168,0.1776290237903595,-0.6402114033699036,0,12.071554183959961,0.0008833028841763735,1225.1685791015625,17.91486930847168,44.8257591988438,3.2967534135718792
1820.04541015625,134.01275634765625,-8.150205612182617,0.07996385544538498,991.0589599609375,67.78964233398438,-7.490248680114746,0.07428372651338577,1416.963134765625,120.27137756347656,-7.878396511077881,0.09217933565378189,45.07756042480469,44,2.343967914581299,1.8503086566925049,-7.301522254943848,715.0368903087007,259.62396551112874,44.825970957139255,3.3198423775247092,0.2502971291542053,0.24917587637901306,6.349740028381348,2,10.346015930175781,0.0007569805602543056,749.507080078125,14.063807487487793,44.82597095713925,3.3198423775247017
2135.646240234375,132.90802001953125,-8.323822975158691,0.06758521497249603,1153.0771484375,68.09371948242188,-7.654645919799805,0.06413254886865616,1534.629638671875,124.26455688476562,-7.965008735656738,0.0879373773932457,43.83195877075195,49,2.2508249282836914,2.0309958457946777,9.741565704345703,87.08785248246551,261.246803598862,44.82606890180815,3.365788477107921,0.1928190141916275,0.1923566311597824,4.897510051727295,2,10.634090423583984,0.0007779248408041894,1093.222412109375,13.504949569702148,44.82606890180816,3.36578847710793
1292.4248046875,114.0777587890625,-7.778513431549072,0.09585737437009811,718.5276489257812,67.1810531616211,-7.141108512878418,0.10153906047344208,853.7688598632812,107.53385925292969,-7.32835054397583,0.13678382337093353,40.413883209228516,28,2.1267647743225098,1.6224074363708496,32.75211715698242,706.5856025858815,307.32786289134356,44.829466303309665,3.320456759911864,0.27403199672698975,0.2729431390762329,8.4527006149292,0,11.129554748535156,0.0008142921142280102,352.00567626953125,12.760588645935059,44.829466303309644,3.320456759911848
467.0422668457031,71.5466537475586,-6.6733903884887695,0.166365385055542,291.2199401855469,66.27091217041016,-6.160552978515625,0.2471335232257843,336.8059387207031,82.38128662109375,-6.3184494972229,0.26563093066215515,32.09300231933594,12,2.0955018997192383,0.9370629787445068,21.57767677307129,1846.048241521905,258.2582409148868,44.825897216252805,3.237060792035643,0.4626729488372803,0.4604600667953491,-1.909254550933838,0,8.38308048248291,0.0006135216099210083,-5.22429084777832,12.57301139831543,44.82589721625279,3.2370607920356367
8517.3173828125,66.99516296386719,-9.825757026672363,0.008542213588953018,8323.57421875,81.34696960449219,-9.800774574279785,0.010613566264510155,8398.671875,66.177001953125,-9.810526847839355,0.008557094261050224,2663.118896484375,22,1.3362822532653809,0.4907970726490021,-57.37930679321289,44.90584945857498,273.0375933926705,44.82693127720592,3.368873364192493,0.008258174173533916,0.007493858225643635,-58.53446578979492,0,2.5156824588775635,0.00018402883142698556,8249.283203125,8.017693519592285,44.82693127720594,3.3688733641925013
1437.0908203125,114.72254180908203,-7.893710613250732,0.08669506013393402,943.0186767578125,67.51398468017578,-7.436300754547119,0.07775051146745682,1234.90478515625,113.82462310791016,-7.72908353805542,0.10009965300559998,53.55929946899414,38,2.2991878986358643,1.6574233770370483,-0.24707379937171936,1760.7707049194685,271.1194995729901,44.82683819286579,3.243302694947084,0.22447100281715393,0.22392813861370087,1.0513182878494263,0,9.001011848449707,0.0006587301613762975,832.2103271484375,13.795127868652344,44.82683819286579,3.243302694947084
3545.02392578125,171.54061889648438,-8.874048233032227,0.05255059525370598,1411.13037109375,68.61509704589844,-7.873917579650879,0.05280589312314987,3314.501220703125,179.07179260253906,-8.801045417785645,0.05867307260632515,51.30250549316406,93,3.116244077682495,3.029122829437256,-58.337642669677734,1717.418345439959,293.0073661955497,44.8284413443543,3.246474704643388,0.2052847146987915,0.20527862012386322,-48.005165100097656,3,17.297739028930664,0.001265894970856607,3312.68701171875,18.697463989257812,44.8284413443543,3.2464747046433886
2539.0439453125,116.58131408691406,-8.511675834655762,0.04986416548490524,1793.457763671875,69.25656127929688,-8.134227752685547,0.041937217116355896,2150.1796875,116.41356658935547,-8.33118724822998,0.05879747495055199,86.42738342285156,59,2.0018253326416016,1.9333661794662476,-1.3347352743148804,394.63393404725247,281.653089610663,44.827575065838396,3.343285322944955,0.09369820356369019,0.0933542549610138,-57.71818923950195,0,5.709888935089111,0.00041773286648094654,2209.918701171875,12.01095199584961,44.827575065838396,3.343285322944955
3327.338134765625,124.5824966430664,-8.805242538452148,0.04066210985183716,2216.155517578125,70.11888885498047,-8.36400032043457,0.03436090424656868,3148.713134765625,130.39599609375,-8.745332717895508,0.0449739433825016,105.1075210571289,73,2.5351967811584473,1.9667422771453857,-4.682323932647705,1708.956596545963,289.2636647084654,44.82816684818593,3.247094398518942,0.08965740352869034,0.08872413635253906,6.324310779571533,3,7.432289123535156,0.0005439147353172302,3086.59716796875,15.211180686950684,44.82816684818593,3.247094398518942
1227.5478515625,113.66439056396484,-7.722596168518066,0.10055781155824661,480.78240966796875,66.5875015258789,-6.704871654510498,0.1504090428352356,580.658935546875,83.30574798583984,-6.9098029136657715,0.1558058261871338,35.02705001831055,15,1.8292142152786255,1.1076264381408691,-31.088979721069336,333.6248743740984,272.15927687356304,44.826877332537244,3.347750055094568,0.3149842321872711,0.31340429186820984,11.902347564697266,2,7.6281514167785645,0.0005580647848546505,136.06541442871094,10.975285530090332,44.82687733253724,3.34775005509456
803.3341064453125,91.44995880126953,-7.262240409851074,0.12362807989120483,547.1126708984375,66.87908935546875,-6.845191955566406,0.1327527016401291,532.1981201171875,87.74284362792969,-6.815183162689209,0.17904746532440186,41.69768524169922,21,1.768061637878418,1.3500105142593384,-46.13227844238281,84.79169501271792,278.91441816326534,44.82736339674426,3.3659548184440866,0.24630817770957947,0.24548478424549103,-34.16124725341797,0,6.710649490356445,0.0004909062408842146,190.4813995361328,10.608369827270508,44.82736339674425,3.365954818444078
443201.0625,427.8520202636719,-14.116501808166504,0.0010483893565833569,343450.125,314.93914794921875,-13.839658737182617,0.0009958473965525627,429794.6875,376.44793701171875,-14.083152770996094,0.0009512040996924043,19181.185546875,639,2.7119996547698975,2.577761173248291,-1.328771710395813,693.8931686695362,353.78955618465113,44.832870394322455,3.3213815547837933,0.0022572828456759453,0.0022166201379150152,-5.7267866134643555,0,4.078130722045898,0.00029836929752491415,441888.0625,16.271997451782227,44.832870394322434,3.3213815547837773
1486.127197265625,103.69454193115234,-7.930140018463135,0.07577566057443619,895.700439453125,67.56969451904297,-7.380406856536865,0.08192548155784607,456.6451721191406,103.35132598876953,-6.648947238922119,0.24579158425331116,53.18695068359375,38,2.081106185913086,1.513603687286377,78.48526763916016,2035.6211418573243,289.9423842824797,44.82822216485476,3.223180238453964,0.12319435924291611,0.12246506661176682,-34.30223846435547,16,8.533343315124512,0.000624534790404141,-4105.26953125,12.486637115478516,44.82822216485476,3.223180238453964
12286.4892578125,163.73594665527344,-10.223569869995117,0.014472583308815956,7326.44677734375,79.59300231933594,-9.662233352661133,0.011798080056905746,12090.8076171875,172.0445098876953,-10.206138610839844,0.015453089959919453,295.69622802734375,172,2.932729482650757,2.695760726928711,-29.169429779052734,1722.6056033629684,318.3747393590524,44.83030034232704,3.246093168438666,0.03690522164106369,0.03650274872779846,-16.276885986328125,3,5.747823238372803,0.0004206372541375458,12388.4365234375,17.596376419067383,44.83030034232704,3.2460931684386662
2305.060302734375,48.60780334472656,-8.406705856323242,0.022900952026247978,2234.743896484375,70.13101959228516,-8.373069763183594,0.03408099338412285,2240.667724609375,55.745513916015625,-8.375943183898926,0.02701856568455696,388.06268310546875,16,1.2162553071975708,0.6124348640441895,-13.051182746887207,505.6608789571743,284.1444542252839,44.82776127431168,3.3351612695546486,0.028960630297660828,0.026611804962158203,-12.514589309692383,0,3.2554876804351807,0.0002381768572377041,2096.412109375,7.297532081604004,44.827761274311676,3.33516126955464
1577.566650390625,111.07209014892578,-7.994969367980957,0.07646224647760391,1086.6680908203125,68.00938415527344,-7.590242385864258,0.06796757131814957,1334.0789794921875,106.14668273925781,-7.812953948974609,0.08640815317630768,65.10943603515625,41,2.0351028442382812,1.588664174079895,17.776132583618164,1770.2704499666604,298.3225992538068,44.82883181521403,3.242605351409196,0.17046098411083221,0.16982600092887878,33.78208541870117,0,6.918924808502197,0.0005063500721007586,924.5211791992188,12.210617065429688,44.82883181521403,3.2426053514091957
1424.2855224609375,105.41061401367188,-7.883992671966553,0.08037428557872772,974.8269653320312,67.62979125976562,-7.472318649291992,0.075342558324337,1147.3963623046875,103.85795593261719,-7.6492838859558105,0.09830059111118317,50.59463882446289,37,2.1795527935028076,1.4594833850860596,50.11353302001953,1746.1152744800213,301.2319031768021,44.829044566808534,3.2443734032665232,0.1590617299079895,0.1584988236427307,47.226715087890625,0,8.86717700958252,0.0006489256047643721,873.395751953125,13.077316284179688,44.829044566808534,3.2443734032665232
1026.7674560546875,107.51778411865234,-7.528680324554443,0.11372031271457672,504.3353576660156,66.7649917602539,-6.75679874420166,0.14376699924468994,682.6732788085938,133.02264404296875,-7.085532188415527,0.21161307394504547,31.813982009887695,23,1.6034049987792969,1.4383434057235718,74.8520278930664,1469.5636501540894,297.5611376745598,44.828770095014505,3.264617375935343,0.31948959827423096,0.31774672865867615,-41.807823181152344,2,9.089852333068848,0.000665182713419199,803.3838500976562,9.620429992675781,44.8287700950145,3.2646173759353365
600.78955078125,83.03231048583984,-6.946805953979492,0.15009097754955292,436.8031311035156,66.52202606201172,-6.600714206695557,0.16539011895656586,748.35400390625,124.42648315429688,-7.185267925262451,0.18056583404541016,27.73162269592285,11,1.8891716003417969,0.6464291214942932,-57.2996940612793,316.0097642066233,296.6782790804867,44.828673355620865,3.3490366756598866,0.5197200179100037,0.5187488794326782,-66.78944396972656,2,6.596817970275879,0.0004826074291486293,458.40093994140625,11.335029602050781,44.82867335562086,3.3490366756598866
873.6512451171875,99.58301544189453,-7.3533453941345215,0.12378755956888199,280.4056091308594,66.196533203125,-6.119466781616211,0.25637659430503845,265.2016906738281,85.33343505859375,-6.058940887451172,0.3494401276111603,33.10894012451172,14,2.4538300037384033,0.8886781334877014,6.647092819213867,1385.9183349659784,290.5032220474737,44.828251081025535,3.270740416850865,0.3646186292171478,0.3624820411205292,60.896392822265625,16,8.837367057800293,0.0006466954364441335,-560.088134765625,14.722980499267578,44.828251081025535,3.270740416850865
1247.3096923828125,95.68618774414062,-7.739935874938965,0.08331146836280823,897.6239013671875,67.49738311767578,-7.3827362060546875,0.08166244626045227,993.58447265625,105.70274353027344,-7.493011951446533,0.11553439497947693,62.68769454956055,32,2.0488126277923584,1.5913610458374023,31.59132194519043,167.32473991672651,305.76983138396514,44.82933423868286,3.3599141796913434,0.1576005220413208,0.15674257278442383,-25.06186294555664,0,8.786338806152344,0.0006427581538446248,560.418212890625,12.292875289916992,44.82933423868286,3.3599141796913434
117.99028015136719,36.326786041259766,-5.179615497589111,0.3343571126461029,31.768421173095703,65.78020477294922,-3.7549891471862793,2.2486891746520996,13.262771606445312,35.929141998291016,-2.8065857887268066,2.94199800491333,26.658945083618164,3,0.8447818756103516,0.44123855233192444,85.92462158203125,680.1178965679243,290.8523031033477,44.82825824154456,3.322394985404619,0.22012391686439514,0.12572887539863586,88.72171020507812,2,3.597191572189331,0.00026318812160752714,69.71640014648438,5.068691253662109,44.828258241544546,3.322394985404611
799.9268798828125,81.70843505859375,-7.257625579833984,0.11092934012413025,637.8198852539062,67.14286804199219,-7.011744976043701,0.1143224909901619,675.9450073242188,86.98780822753906,-7.0747785568237305,0.13975805044174194,47.66427230834961,21,1.673922061920166,1.3329626321792603,4.714057922363281,1206.7714462308102,302.1907576181362,44.82910337994395,3.283851757815015,0.20841668546199799,0.20804409682750702,-7.826406955718994,0,7.9600324630737305,0.0005824675317853689,707.3839721679688,10.043532371520996,44.829103379943945,3.283851757815008
876.8701171875,94.79161071777344,-7.357337951660156,0.11739901453256607,463.754150390625,66.60372924804688,-6.665719509124756,0.15596981346607208,687.1689453125,122.62124633789062,-7.092658996582031,0.19379030168056488,34.87244415283203,17,2.133754253387451,1.17536461353302,-41.16403579711914,869.3498954353524,305.31944450300983,44.82932384743212,3.3085459879193757,0.4322640597820282,0.4305155873298645,-31.19605255126953,3,9.48129653930664,0.0006937267608009279,345.26568603515625,12.802525520324707,44.82932384743212,3.308545987919376
6641.705078125,154.43934631347656,-9.555699348449707,0.025252722203731537,3879.930419921875,73.29924774169922,-8.972060203552246,0.02051660045981407,6219.77685546875,166.23599243164062,-9.484436988830566,0.029025524854660034,165.74623107910156,128,3.1464221477508545,2.4606049060821533,54.893524169921875,1072.8191385343969,336.0425178182497,44.831580594616106,3.293652803910513,0.06339957565069199,0.06312476843595505,23.20368766784668,0,6.101138591766357,0.00044642447028309107,5071.00634765625,18.87853240966797,44.831580594616106,3.293652803910513
1876.146240234375,116.65056610107422,-8.18316650390625,0.06752272695302963,1215.3514404296875,68.11919403076172,-7.71175479888916,0.06086917966604233,1405.8795166015625,105.42921447753906,-7.869870185852051,0.08144092559814453,74.39754486083984,43,1.9572383165359497,1.6102607250213623,20.546167373657227,279.6917212162088,310.6432966858268,44.82969536135779,3.3516926257953834,0.14556506276130676,0.14468072354793549,34.27769470214844,0,6.681519508361816,0.0004887959803454578,1042.126953125,11.743430137634277,44.82969536135779,3.3516926257953834
835.1304931640625,84.79155731201172,-7.304385662078857,0.11026256531476974,566.7243041992188,66.91957092285156,-6.883429527282715,0.12823635339736938,519.3479614257812,80.58432006835938,-6.788646221160889,0.16850854456424713,49.921783447265625,22,1.5423557758331299,1.2502641677856445,-23.077360153198242,1044.3215132021592,304.73178596726376,44.829285508365714,3.2957409694115025,0.18396000564098358,0.1829591989517212,-51.40858459472656,0,5.657697677612305,0.0004139798984397203,36.08164978027344,9.254135131835938,44.829285508365714,3.295740969411503
4559.36572265625,108.61998748779297,-9.147260665893555,0.025872306898236275,3573.48388671875,72.81391906738281,-8.882729530334473,0.022128520533442497,4500.96630859375,120.60140228271484,-9.133264541625977,0.029098890721797943,184.22267150878906,72,2.0751819610595703,1.9537206888198853,-22.313796997070312,1712.9777420819617,316.92395181041366,44.830193850485045,3.246798059526471,0.05190308019518852,0.05150822550058365,4.967464923858643,3,5.215300559997559,0.0003816655953414738,4602.3955078125,12.451091766357422,44.83019385048504,3.2467980595264647
832.3222045898438,89.21390533447266,-7.300728797912598,0.11640480160713196,617.1376953125,66.94666290283203,-6.975955009460449,0.11780852824449539,632.38525390625,112.71116638183594,-7.0024542808532715,0.19355973601341248,45.24797058105469,22,1.690772533416748,1.3782262802124023,87.86260986328125,865.6708953797938,310.78021286443834,44.82972389064698,3.308814766597112,0.24055951833724976,0.24029572308063507,57.00233459472656,3,8.46487045288086,0.0006193548324517906,735.442138671875,10.144635200500488,44.82972389064698,3.3088147665971115
654.5704956054688,83.52346801757812,-7.039891242980957,0.1385740488767624,372.52459716796875,66.38844299316406,-6.427887439727783,0.19353850185871124,671.8579711914062,131.71473693847656,-7.0681939125061035,0.2129054218530655,30.85455894470215,17,2.5437521934509277,2.035463333129883,59.445831298828125,1393.5943593214286,319.9149069697957,44.830406494618096,3.270176331748904,0.5823794007301331,0.5791205763816833,9.207060813903809,2,13.642654418945312,0.0009983236668631434,134.05859375,15.262513160705566,44.83040649461811,3.270176331748911
1512.5142822265625,118.1910629272461,-7.949248790740967,0.08486233651638031,886.1290283203125,67.55012512207031,-7.3687424659729,0.08278641104698181,1447.808349609375,159.82485961914062,-7.901777744293213,0.11988451331853867,53.25787353515625,26,2.0000576972961426,1.4333897829055786,-23.26287078857422,2025.9685134564136,344.7204978145031,44.83223610770401,3.2238832329838796,0.2853494882583618,0.2846488058567047,-11.723307609558105,2,7.15310001373291,0.0005235055577941239,1295.147216796875,12.000346183776855,44.83223610770401,3.223883232983879
4952.267578125,149.43690490722656,-9.23701000213623,0.032770540565252304,2813.044677734375,71.35701751708984,-8.622941970825195,0.027547989040613174,4602.330078125,154.682373046875,-9.15744400024414,0.036500003188848495,113.92980194091797,100,3.020082473754883,2.2842257022857666,-9.413985252380371,917.2011302959437,340.58951054121934,44.83190962699005,3.3050412177598214,0.09097322821617126,0.09002134203910828,-12.988579750061035,2,8.263946533203125,0.0006046545458957553,3700.686767578125,18.120494842529297,44.83190962699005,3.3050412177598214
1537.9305419921875,109.89798736572266,-7.967341899871826,0.0776037722826004,1000.2789916992188,67.7831039428711,-7.500302791595459,0.0735919252038002,1270.46875,112.3503646850586,-7.7599101066589355,0.09603738784790039,56.43703842163086,40,2.612654685974121,1.4123876094818115,-32.33751678466797,856.2834415538625,324.99718958635646,44.830765390980844,3.3095005611713333,0.18815532326698303,0.1865769326686859,-31.82695770263672,2,11.510993957519531,0.0008422259707003832,481.9115905761719,15.675928115844727,44.83076539098085,3.3095005611713413
3147.87158203125,149.0343475341797,-8.74504280090332,0.05141610652208328,1595.10302734375,68.9843978881836,-8.00697135925293,0.046966906636953354,2687.688720703125,150.9870147705078,-8.573447227478027,0.0610085166990757,60.4740104675293,80,2.8914642333984375,2.3109965324401855,3.900763750076294,799.6489492992212,338.91026262873993,44.8317832564654,3.3136438924236855,0.16087231040000916,0.1599893569946289,-11.680540084838867,0,12.014132499694824,0.0008790218271315098,2034.53369140625,17.348785400390625,44.8317832564654,3.3136438924236855
378.9195861816406,60.928489685058594,-6.4463677406311035,0.17462369799613953,483.73760986328125,66.82518768310547,-6.711524486541748,0.15002380311489105,764.9608154296875,118.07560729980469,-7.209097862243652,0.1676296442747116,33.330135345458984,10,1.367976427078247,1.213269829750061,-28.3922119140625,1394.8128802460533,320.3315860169698,44.830437054936716,3.2700871105079052,0.44856396317481995,0.44702646136283875,-23.890512466430664,3,7.702136993408203,0.0005636165151372552,658.0261840820312,8.20785903930664,44.830437054936716,3.2700871105079052
4038.210205078125,139.73133850097656,-9.015472412109375,0.03757809102535248,2417.0927734375,70.53787994384766,-8.458232879638672,0.03169267252087593,3556.7783203125,142.14501953125,-8.877641677856445,0.04340149462223053,95.1897964477539,90,2.6453914642333984,2.173980474472046,-82.5162124633789,1279.413128415178,345.19759537038954,44.83225653156281,3.278531672018662,0.09414900839328766,0.09395352751016617,-74.81227111816406,0,7.809786796569824,0.0005714732687920332,3114.320068359375,15.87234878540039,44.83225653156281,3.278531672018662
5497.18115234375,62.789093017578125,-9.350350379943848,0.012404349632561207,4769.83251953125,74.88847351074219,-9.196257591247559,0.01705067977309227,5413.9931640625,74.35562896728516,-9.333794593811035,0.01491509284824133,510.4065246582031,24,2.5368175506591797,0.4776277542114258,-14.364871978759766,795.7166405758146,322.20354593538104,44.83055895348751,3.3139330681210284,0.03506600111722946,0.029525987803936005,-16.366701126098633,16,6.570647239685059,0.00048074842197820544,4913.208984375,15.220905303955078,44.83055895348752,3.313933068121036
484.475341796875,76.60164642333984,-6.713179111480713,0.17171026766300201,371.73699951171875,66.46432495117188,-6.425589561462402,0.19417022168636322,340.5758056640625,73.58438873291016,-6.3305344581604,0.23463982343673706,26.06374740600586,11,2.153808355331421,0.7433272004127502,59.59952163696289,284.4353114951654,333.2415380037538,44.8313513713993,3.3513434998438125,0.47716525197029114,0.4766865670681,-60.40874481201172,2,7.563449859619141,0.0005533107905648649,-221.8907928466797,12.922849655151367,44.8313513713993,3.3513434998438125
925.37890625,99.51799011230469,-7.415799140930176,0.11679165810346603,605.744873046875,66.94879913330078,-6.955724239349365,0.12002807855606079,800.519775390625,117.0223159790039,-7.258430004119873,0.1587546467781067,35.87730026245117,21,2.4660706520080566,1.1467589139938354,-68.26776885986328,78.71064799611585,339.0797428030668,44.83177163068918,3.366394062882966,0.36690887808799744,0.36570096015930176,-83.23640441894531,2,10.071271896362305,0.0007367284270003438,567.7872924804688,14.79642391204834,44.83177163068918,3.366394062882966
530.4458618164062,72.05603790283203,-6.811602592468262,0.14752279222011566,448.39105224609375,66.59764099121094,-6.6291422843933105,0.16129903495311737,436.8836669921875,90.00865936279297,-6.600914478302002,0.22374241054058075,40.36050796508789,14,1.4979193210601807,1.08333420753479,4.993513107299805,1970.378028901701,338.4559696977406,44.83177617308975,3.227953389848839,0.2705579400062561,0.2697106897830963,43.351680755615234,0,5.937439918518066,0.00043453252874314785,468.79974365234375,8.987516403198242,44.83177617308973,3.227953389848827
582.2625122070312,79.64521026611328,-6.912796974182129,0.14854931831359863,358.3220520019531,66.48809051513672,-6.385684013366699,0.20151163637638092,305.75726318359375,77.49681854248047,-6.213441848754883,0.27525606751441956,32.47483444213867,15,1.839468002319336,0.9763386845588684,-11.295973777770996,1931.9679235251128,348.44322103759345,44.83250738932245,3.2307646329449557,0.3080753684043884,0.30613693594932556,0.4565737247467041,0,8.0145263671875,0.0005865374696440995,-153.9102783203125,11.036808013916016,44.83250738932245,3.2307646329449557
2808.219482421875,155.7378692626953,-8.621077537536621,0.06022724509239197,1288.1024169921875,68.34191131591797,-7.774876117706299,0.057619109749794006,2361.013916015625,150.97239685058594,-8.432745933532715,0.06944305449724197,58.55474853515625,74,2.753890037536621,2.434044599533081,14.043722152709961,2023.679305921891,366.4821360454225,44.83383070768159,3.2240493527125347,0.20146049559116364,0.2010861188173294,-42.39964294433594,0,12.008757591247559,0.000878862221725285,392.69769287109375,16.523340225219727,44.83383070768159,3.2240493527125347
491.94525146484375,68.76260375976562,-6.72979211807251,0.15179775655269623,159.22793579101562,65.9692611694336,-5.5050482749938965,0.44993749260902405,194.63418579101562,70.32262420654297,-5.723047733306885,0.3923790156841278,36.441619873046875,9,1.6842920780181885,0.8996707201004028,-66.23765563964844,744.6202022003866,355.41290688772597,44.83299086453743,3.317669386223155,0.5797224044799805,0.5753746628761292,-43.95890808105469,0,7.356479167938232,0.0005382305243983865,40.366455078125,10.105752944946289,44.83299086453743,3.3176693862231548
355.3082275390625,63.23257827758789,-6.3765130043029785,0.19327044486999512,245.0577392578125,66.09678649902344,-5.973171234130859,0.29291510581970215,266.8906555175781,57.74708557128906,-6.065833568572998,0.2349776327610016,26.494482040405273,9,1.740987777709961,0.5715519189834595,43.434242248535156,2002.5245811149218,353.03250299207707,44.83284482348771,3.2255989864113133,0.40746933221817017,0.40466517210006714,26.811935424804688,0,5.947026252746582,0.00043523430940695107,-7.8989129066467285,10.445926666259766,44.83284482348771,3.2255989864113133
30725.849609375,167.93336486816406,-11.218759536743164,0.005935576744377613,24131.423828125,104.75373840332031,-10.956457138061523,0.004714291077107191,29814.388671875,159.9059600830078,-11.186064720153809,0.005824632942676544,1375.438720703125,187,2.3424298763275146,2.224442481994629,-16.154333114624023,563.9418745117353,390.5086615835511,44.83555685155333,3.3308873736315525,0.010414231568574905,0.010276678949594498,2.9828591346740723,0,3.9869894981384277,0.0002916869998443872,30230.904296875,14.05457878112793,44.83555685155333,3.3308873736315525
654.9072875976562,83.61124420166016,-7.040449619293213,0.13864834606647491,524.8338012695312,66.96134185791016,-6.800054550170898,0.13855817914009094,761.533447265625,95.12828826904297,-7.204222679138184,0.1356595903635025,33.16188049316406,17,2.1617937088012695,1.2228479385375977,63.181251525878906,519.1814595050964,373.69857490264934,44.834323701865465,3.3341640392276086,0.451523095369339,0.44992494583129883,82.19047546386719,0,9.735636711120605,0.0007122526876628399,534.3406372070312,12.970762252807617,44.83432370186547,3.3341640392276166
2000.859619140625,45.445152282714844,-8.25304126739502,0.024666115641593933,1921.983154296875,69.56175231933594,-8.209373474121094,0.03930526599287987,1924.13818359375,46.49702453613281,-8.210590362548828,0.026243317872285843,860.869140625,14,0.874165415763855,0.5693978667259216,81.16544342041016,329.9966984498549,369.964116359611,44.83404370150799,3.34800664901276,0.012893571518361568,0.012761615216732025,89.32547760009766,0,1.2798233032226562,9.36263968469575e-05,1897.3555908203125,5.244992256164551,44.83404370150799,3.34800664901276
2137.765625,100.09552001953125,-8.32490062713623,0.05084922909736633,1695.49853515625,69.33377838134766,-8.073243141174316,0.04440964385867119,1936.08203125,101.99807739257812,-8.21730899810791,0.0572134405374527,108.1751480102539,47,1.9313298463821411,1.5220305919647217,68.4354019165039,1184.0563430747177,384.37500175205514,44.835124973106204,3.285507745336689,0.09329429268836975,0.09304314851760864,-0.6514159440994263,0,5.058014392852783,0.0003701009845826775,1512.7620849609375,11.587979316711426,44.835124973106204,3.285507745336689
1523.376708984375,112.84400177001953,-7.9570183753967285,0.08044535666704178,989.2398071289062,67.76061248779297,-7.488254070281982,0.07438845932483673,1291.8321533203125,112.37662506103516,-7.77801513671875,0.09447126090526581,47.109466552734375,40,2.3171017169952393,1.593396782875061,-79.41365051269531,1828.7010503423933,385.10145085118165,44.83519181668114,3.238321829319022,0.2084740698337555,0.2070922702550888,77.17672729492188,0,10.541125297546387,0.0007714168168604374,630.4825439453125,13.902610778808594,44.83519181668114,3.238321829319022
652.96484375,83.08625030517578,-7.037224292755127,0.13818763196468353,454.7339782714844,66.55924224853516,-6.644393444061279,0.15895742177963257,610.4332275390625,97.14286041259766,-6.964095592498779,0.17282339930534363,34.63833236694336,17,2.156289577484131,1.2699583768844604,-3.969987154006958,1768.211653106987,374.2814259264222,44.834397881787524,3.2427506606071645,0.4376898407936096,0.4359089434146881,11.593822479248047,0,9.909663200378418,0.000725199468433857,215.51255798339844,12.937737464904785,44.83439788178752,3.2427506606071588
1664.1820068359375,123.18865966796875,-8.05300235748291,0.08038957417011261,803.0609130859375,67.30361938476562,-7.261871337890625,0.09101642668247223,908.298828125,96.68183898925781,-7.395571708679199,0.11559684574604034,42.935791015625,28,2.0526680946350098,1.3546497821807861,1.0393718481063843,1092.7811360510793,376.9219613544539,44.834576558202734,3.2921885455566584,0.2171892523765564,0.21657995879650116,1.5637749433517456,0,8.641357421875,0.0006322866538539529,612.5449829101562,12.316008567810059,44.834576558202734,3.2921885455566584
579.7435302734375,83.879150390625,-6.908089637756348,0.15712596476078033,302.27947998046875,66.26805877685547,-6.201021671295166,0.23808136582374573,414.2808532714844,99.91630554199219,-6.543237209320068,0.26192161440849304,26.238073348999023,6,1.0429481267929077,0.5197111964225769,82.44780731201172,642.9784228115406,386.35378678893983,44.83525490946891,3.325104408516684,0.518319308757782,0.5163551568984985,-88.29670715332031,2,4.363460540771484,0.00031923639471642673,397.64691162109375,6.257688522338867,44.83525490946891,3.325104408516684
527.4309692382812,78.3244400024414,-6.805414199829102,0.16127294301986694,339.5354919433594,66.4232177734375,-6.327212810516357,0.21245382726192474,348.5577697753906,70.624267578125,-6.355687141418457,0.22004373371601105,30.752944946289062,13,1.6781153678894043,0.878957211971283,52.707698822021484,1030.6099502008522,376.9525805580729,44.83457718226823,3.2967385715993913,0.44454875588417053,0.44317883253097534,77.64871215820312,0,7.25704288482666,0.0005309885600581765,-97.81733703613281,10.068692207336426,44.83457718226823,3.2967385715993913
2283.7041015625,138.5000457763672,-8.396599769592285,0.0658627599477768,1186.938232421875,68.06156158447266,-7.686070442199707,0.062273550778627396,1935.677978515625,135.9051055908203,-8.217082977294922,0.07624870538711548,48.46881103515625,60,2.838616371154785,1.9137569665908813,4.065195083618164,995.0384569916322,388.0792729911624,44.83539152972563,3.299340923579514,0.2154826670885086,0.21402564644813538,9.955244064331055,0,13.055073738098145,0.0009552107658237219,1298.434326171875,17.03169822692871,44.83539152972563,3.2993409235795146
794.0760498046875,86.31178283691406,-7.249655246734619,0.11804234236478806,784.7329711914062,67.3425064086914,-7.236804962158203,0.09319598972797394,1302.816162109375,132.6984100341797,-7.787208080291748,0.1106145903468132,37.612457275390625,21,1.9077939987182617,1.0808809995651245,6.537581443786621,1111.556230498292,376.9112488888784,44.83457625359623,3.2908144619762947,0.28781527280807495,0.2875128984451294,47.36497116088867,2,8.592181205749512,0.0006286913994699717,1182.9417724609375,11.44676399230957,44.83457625359623,3.290814461976295
4713.71240234375,121.48523712158203,-9.1834077835083,0.027989184483885765,3374.316162109375,72.4588623046875,-8.820464134216309,0.023320376873016357,4478.26416015625,129.1658935546875,-9.127774238586426,0.03132333233952522,172.71890258789062,84,2.3226735591888428,2.021862268447876,0.12985782325267792,880.2915763948796,398.4185076599479,44.836145954907956,3.3077374617871023,0.05737056955695152,0.0571521557867527,-21.563426971435547,0,4.958673477172852,0.00036280331551097333,3990.723388671875,13.936040878295898,44.836145954907956,3.3077374617871023
416.9731140136719,64.05042266845703,-6.550270080566406,0.16681833565235138,369.32159423828125,66.51093292236328,-6.418511867523193,0.19557717442512512,514.2197875976562,98.7594223022461,-6.777872085571289,0.20857371389865875,33.7979621887207,11,2.5403220653533936,0.8020296692848206,-53.7825927734375,745.6140687855124,387.0460594622167,44.83530875706839,3.317593942050315,0.5671592354774475,0.5655680894851685,-75.43528747558594,3,8.540249824523926,0.0006248326972126961,-159.73104858398438,15.241931915283203,44.835308757068404,3.317593942050323
419.987548828125,65.84146118164062,-6.558091163635254,0.1702522486448288,393.5591125488281,66.48384094238281,-6.48752498626709,0.18345770239830017,395.5856018066406,97.27902221679688,-6.493101119995117,0.2670598030090332,31.636573791503906,11,1.904740810394287,0.6627208590507507,-54.049095153808594,744.4295998979975,386.54724650207976,44.835272172466695,3.3176806606514124,0.36907050013542175,0.3682765066623688,-74.26789855957031,3,6.708143711090088,0.0004907894181087613,139.25079345703125,11.428444862365723,44.835272172466695,3.317680660651412
485.2127685546875,75.0021743774414,-6.71483039855957,0.16786937415599823,287.81610107421875,66.2638168334961,-6.147787570953369,0.25002947449684143,307.3696594238281,93.09402465820312,-6.219152450561523,0.32892027497291565,26.9650821685791,12,1.5766103267669678,1.1453351974487305,60.12797546386719,1072.5026776417124,385.6096342553841,44.83521261590183,3.293671937447638,0.42314594984054565,0.4220808744430542,-67.331298828125,0,8.036539077758789,0.0005880272947251797,275.1749267578125,9.459661483764648,44.83521261590183,3.293671937447638
654.5866088867188,71.40607452392578,-7.039917945861816,0.11846712976694107,598.1441650390625,66.85614776611328,-6.942014694213867,0.12138508260250092,609.2852783203125,72.91947937011719,-6.962051868438721,0.12997286021709442,49.56551742553711,17,1.349895715713501,1.1075520515441895,1.7796863317489624,1952.5832521435743,387.6831925135222,44.83538310498102,3.229252729622197,0.19794951379299164,0.19728997349739075,3.8721559047698975,0,4.641801357269287,0.00033970296499319375,675.9336547851562,8.099374771118164,44.83538310498103,3.2292527296222033
2029.235107421875,127.81993865966797,-8.268330574035645,0.06840629130601883,1048.1668701171875,67.9816665649414,-7.5510759353637695,0.07043543457984924,1840.5267333984375,119.68604278564453,-8.162355422973633,0.0706205666065216,63.000267028808594,34,2.2499825954437256,1.8523672819137573,39.02437973022461,1471.7235559309402,398.0807597983711,44.83613589349822,3.2644516874062917,0.2367694079875946,0.23511968553066254,-11.5494966506958,2,12.236064910888672,0.0008953818469308317,1439.37353515625,13.499895095825195,44.836135893498216,3.2644516874062854
643.5202026367188,86.13721466064453,-7.0214056968688965,0.14536453783512115,481.2520446777344,66.71722412109375,-6.705931663513184,0.15055501461029053,507.4343566894531,73.89688873291016,-6.763449668884277,0.1581525206565857,34.90548324584961,16,1.5376430749893188,1.020000696182251,-69.0450668334961,1895.3783860374417,392.39057870964666,44.83572708737589,3.233440182737763,0.3108074367046356,0.30917176604270935,-77.77447509765625,0,7.485401630401611,0.0005477999802678823,173.1883544921875,9.225858688354492,44.83572708737591,3.233440182737769
718.4227905273438,81.60284423828125,-7.1409502029418945,0.12335450947284698,517.7743530273438,66.76708221435547,-6.785351276397705,0.14003987610340118,651.6605224609375,89.38261413574219,-7.035053730010986,0.14895719289779663,38.486366271972656,19,1.4918168783187866,1.171966791152954,4.428694725036621,1024.6397404158738,393.42724472128543,44.83578418417221,3.297174144246174,0.27049344778060913,0.26976847648620605,46.36433410644531,0,7.906805515289307,0.0005785262328572571,641.5158081054688,8.95090103149414,44.83578418417221,3.297174144246174
799.9666137695312,98.12548828125,-7.257679462432861,0.1332109123468399,234.447998046875,66.15249633789062,-5.925116539001465,0.3064287602901459,235.9014892578125,136.38699340820312,-5.931826591491699,0.627873420715332,23.8818359375,11,1.8809747695922852,0.662899911403656,13.768515586853027,1260.0345877996074,402.78756214086644,44.836475979101635,3.279945474647586,0.33201220631599426,0.32966509461402893,5.208077907562256,1,6.66660737991333,0.00048780872020870447,1288.2196044921875,11.285848617553711,44.836475979101635,3.279945474647586
1704.2906494140625,88.12596893310547,-8.078859329223633,0.056155212223529816,1508.1971435546875,68.68536376953125,-7.946145057678223,0.04945793002843857,1598.170654296875,92.70357513427734,-8.009057998657227,0.0629945769906044,77.60421752929688,37,1.6145960092544556,1.5172861814498901,-21.48729705810547,1525.24926911944,414.1448716449186,44.83731411431311,3.2605325871467654,0.10972891002893448,0.10943925380706787,-30.115554809570312,0,5.517261028289795,0.00040373115916736424,1546.5467529296875,9.687576293945312,44.837314114313116,3.260532587146772
9314.8408203125,73.62130737304688,-9.922938346862793,0.008583371527493,8898.53125,82.2547378540039,-9.873295783996582,0.010038582608103752,9192.8779296875,83.6756362915039,-9.908628463745117,0.009885015897452831,1091.7052001953125,29,2.245763063430786,0.5907595753669739,40.78017807006836,842.432118622907,423.9546449286637,44.83801595651348,3.3105058380374572,0.020771589130163193,0.016296952962875366,33.04908752441406,0,6.878961563110352,0.0005032920162193477,8432.388671875,13.474578857421875,44.83801595651348,3.310505838037457
1021.9195556640625,99.27279663085938,-7.5235419273376465,0.10549779236316681,680.8556518554688,67.0523910522461,-7.082637786865234,0.10695203393697739,860.6557006835938,122.81648254394531,-7.337073802947998,0.1549733579158783,51.911617279052734,18,1.405666470527649,1.2188807725906372,-47.76605987548828,1135.359313169689,422.3595567039472,44.837907010720066,3.2890687070410647,0.2651771605014801,0.2641375660896301,85.30020904541016,2,4.906721591949463,0.0003590210108086467,923.4954223632812,8.433999061584473,44.837907010720066,3.2890687070410642
536.9762573242188,75.15715789794922,-6.824887752532959,0.1520005315542221,349.0782775878906,66.44306182861328,-6.357306957244873,0.2067076712846756,367.2578430175781,71.86504364013672,-6.41242790222168,0.21250855922698975,31.408294677734375,14,1.3636587858200073,1.1117688417434692,-85.01517486572266,20.18362242130889,414.11926591385145,44.83726747179944,3.3706685824451883,0.261740505695343,0.25993290543556213,-79.33450317382812,0,5.709040641784668,0.00041760559543035924,247.91590881347656,8.181952476501465,44.83726747179945,3.3706685824451967
5143.0830078125,69.32762908935547,-9.278059005737305,0.014639041386544704,2933.764892578125,71.63821411132812,-8.668562889099121,0.02651851996779442,5007.22998046875,98.52515411376953,-9.248993873596191,0.021368764340877533,850.1571044921875,32,4.784632682800293,0.52378249168396,37.436771392822266,1412.6383569752427,424.7611939562879,44.83808957868226,3.268774368522036,0.07439688593149185,0.0685114860534668,30.243392944335938,19,9.477812767028809,0.0006935280980542302,1798.4400634765625,28.707796096801758,44.83808957868226,3.268774368522036
680.7318115234375,88.37161254882812,-7.08243989944458,0.14098294079303741,379.2740783691406,66.35076904296875,-6.447382926940918,0.189986452460289,385.7301025390625,95.48414611816406,-6.4657087326049805,0.268829882144928,31.30057716369629,17,1.9669406414031982,1.2362574338912964,-19.069576263427734,1219.793089595011,422.334388002931,44.83790726640965,3.2828891794228645,0.32262882590293884,0.32133597135543823,31.397851943969727,0,9.335155487060547,0.0006830599159002304,371.3422546386719,11.801643371582031,44.837907266409665,3.282889179422871
1286.75048828125,111.31036376953125,-7.773736000061035,0.09394443780183792,832.0670776367188,67.43950653076172,-7.300395965576172,0.08802091330289841,1043.188720703125,114.71939086914062,-7.545907020568848,0.11942734569311142,38.69377899169922,34,2.1849026679992676,1.7541121244430542,-50.293704986572266,1174.1052530071618,433.7690724005559,44.83874398571277,3.286232075631309,0.27536308765411377,0.274543821811676,-49.893714904785156,0,10.067227363586426,0.0007366146892309189,462.57269287109375,13.109416007995605,44.83874398571277,3.286232075631309
555.6359252929688,81.69257354736328,-6.86197566986084,0.15966954827308655,298.8678894042969,66.31273651123047,-6.1886982917785645,0.24096143245697021,362.6784362792969,124.68782806396484,-6.398804187774658,0.37336376309394836,25.050777435302734,13,1.898163914680481,1.1229948997497559,60.49835205078125,1968.787336198812,429.6756252074547,44.838460359609044,3.2280635665975494,0.5048604011535645,0.5024270415306091,58.29619598388672,0,8.736797332763672,0.0006393797229975462,320.41558837890625,11.388983726501465,44.838460359609044,3.2280635665975494
384.55792236328125,63.89102554321289,-6.462404251098633,0.18042965233325958,308.8731689453125,66.46281433105469,-6.224450588226318,0.23368366062641144,347.319580078125,112.361328125,-6.351823329925537,0.35133177042007446,26.71286392211914,10,1.3573232889175415,0.9840860366821289,38.102783203125,906.7136551196021,427.506321965606,44.838278019939054,3.3058014254945114,0.35947588086128235,0.3569416403770447,40.65266418457031,0,6.902543067932129,0.0005050248000770807,337.12884521484375,8.143939971923828,44.838278019939054,3.305801425494511
3329.20849609375,60.49498748779297,-8.805852890014648,0.01973368600010872,2599.8759765625,70.82218170166016,-8.537381172180176,0.029583292081952095,3378.711181640625,67.99505615234375,-8.821877479553223,0.021855264902114868,427.72235107421875,21,2.823350191116333,0.41439002752304077,-79.61309051513672,1426.7047672266906,444.1217949737409,44.839508493878355,3.2677432961287165,0.05947579815983772,0.053677141666412354,-79.65062713623047,3,6.455303192138672,0.00047235703095793724,2746.401611328125,16.940101623535156,44.839508493878355,3.2677432961287165
876.060302734375,99.90543365478516,-7.356335163116455,0.12384684383869171,526.3709106445312,66.7591552734375,-6.803229808807373,0.13773642480373383,549.322265625,99.67322540283203,-6.849567890167236,0.19705213606357574,34.9591178894043,22,1.8916724920272827,1.577214241027832,19.262916564941406,761.5886519464957,437.4395139807782,44.839001633253616,3.3164206251865362,0.2778739929199219,0.2759133577346802,-4.491730213165283,0,7.911549091339111,0.0005788254202343524,311.6468811035156,11.350034713745117,44.839001633253616,3.316420625186536
2174.75244140625,44.35493469238281,-8.343524932861328,0.022149398922920227,1995.7891845703125,69.58491516113281,-8.250287055969238,0.0378643274307251,2142.46533203125,57.774436950683594,-8.327284812927246,0.02928544022142887,465.0823974609375,13,1.817481517791748,0.4140174090862274,-89.30142974853516,1428.1461882414123,438.524782732535,44.839098419217144,3.2676382254602983,0.03592860698699951,0.03135298192501068,-80.28916931152344,3,5.065857887268066,0.0003706876013893634,1516.6153564453125,10.904889106750488,44.839098419217144,3.2676382254602983
1856.1126708984375,40.83562088012695,-8.171510696411133,0.02389266900718212,1717.2855224609375,69.10449981689453,-8.087106704711914,0.04370122775435448,1877.7044677734375,49.05706787109375,-8.184067726135254,0.028372928500175476,406.1374816894531,11,1.8786832094192505,0.34654179215431213,39.57318878173828,1423.9684284100795,433.2666711069501,44.8387130511517,3.2679444187502895,0.05053022876381874,0.045414965599775314,35.41314697265625,3,4.792530536651611,0.00035068762372247875,1303.5523681640625,11.272099494934082,44.8387130511517,3.2679444187502895
3036.62646484375,189.72560119628906,-8.705978393554688,0.06785227358341217,844.8030395507812,67.33826446533203,-7.316888809204102,0.08656379580497742,1462.5379638671875,175.4503631591797,-7.9127678871154785,0.1302797645330429,42.27957534790039,32,2.3756370544433594,1.5716660022735596,48.73542404174805,1227.4233893297856,481.6190810023103,44.84225132211338,3.2823259656556476,0.25930505990982056,0.2582758665084839,-6.068682670593262,2,11.579095840454102,0.0008472310728393495,1477.94873046875,14.253822326660156,44.84225132211337,3.282325965655641
346.74566650390625,60.8467903137207,-6.350027561187744,0.19057084619998932,245.4476318359375,66.25321960449219,-5.9748969078063965,0.2931419312953949,225.7371368408203,52.17898941040039,-5.884007453918457,0.2510281801223755,31.700008392333984,9,1.0604008436203003,0.669671356678009,88.0113754272461,1613.712496665016,430.4344872704401,44.83850952563812,3.254056053499493,0.28845250606536865,0.2868523597717285,83.04515075683594,0,5.009738445281982,0.0003665973199531436,208.00933837890625,6.362404823303223,44.83850952563811,3.2540560534994865
2096.439208984375,131.9356231689453,-8.303705215454102,0.06834544986486435,1154.6678466796875,68.02128601074219,-7.656142711639404,0.06397607922554016,1853.5670166015625,151.36033630371094,-8.170021057128906,0.08868162333965302,52.490325927734375,55,2.842221736907959,1.9963011741638184,56.76792907714844,585.0982583244258,460.15195222968083,44.84066029496392,3.3293331355623024,0.21762536466121674,0.21693338453769684,20.22297477722168,3,14.283110618591309,0.0010449253022670746,1623.511474609375,17.053329467773438,44.84066029496392,3.3293331355623024
4399.59912109375,86.01408386230469,-9.108532905578613,0.021231774240732193,2630.234130859375,70.97814178466797,-8.549985885620117,0.029306236654520035,4528.47705078125,116.28630828857422,-9.139880180358887,0.027887284755706787,297.26220703125,37,4.195881366729736,0.6808754801750183,-70.48751068115234,1424.9938098548926,456.371844346219,44.84040604146301,3.267867578987644,0.08160287886857986,0.07482994347810745,-70.76746368408203,3,10.12282657623291,0.0007407195516861975,5892.671875,25.175289154052734,44.84040604146301,3.2678675789876444
341.22607421875,54.576416015625,-6.332605361938477,0.17369712889194489,286.4215393066406,66.18315887451172,-6.142514228820801,0.2509410083293915,266.37579345703125,63.412235260009766,-6.063736915588379,0.25852832198143005,32.89192199707031,9,1.2368621826171875,0.9441617727279663,0.44291579723358154,1679.607470802686,438.00948145900077,44.8390658664211,3.2492320142571978,0.34550032019615173,0.34406450390815735,62.933990478515625,0,6.449241638183594,0.0004719409625977278,245.1695556640625,7.421173095703125,44.8390658664211,3.2492320142571973
12801.494140625,236.35093688964844,-10.26815128326416,0.02005055919289589,106.62787628173828,65.98922729492188,-5.069676876068115,0.6720972061157227,-884.1246337890625,263.4864807128906,99.0,99.0,25.060375213623047,14,1.987198829650879,1.4618037939071655,-55.06267547607422,1386.5532132295705,473.71070770171184,44.841675620723606,3.2706798146247764,0.7496370673179626,0.7490345239639282,-80.33504486083984,17,10.20796012878418,0.0007469446281902492,1976.4488525390625,11.923192977905273,44.841675620723606,3.2706798146247764
689.1357421875,84.84347534179688,-7.095761775970459,0.13370372354984283,489.9030456542969,66.7608413696289,-6.72527551651001,0.14799310266971588,530.79736328125,107.5180892944336,-6.812321662902832,0.21997970342636108,32.789703369140625,18,1.7240300178527832,1.3128520250320435,74.20364379882812,532.8088258559865,448.3570979715583,44.83979440749922,3.3331602476087774,0.32180696725845337,0.3209278881549835,-81.3526382446289,0,9.004495620727539,0.0006587455864064395,404.94677734375,10.3441801071167,44.83979440749921,3.3331602476087694
1649.88525390625,48.25422668457031,-8.043634414672852,0.0317622646689415,1962.5677490234375,69.56830596923828,-8.232061386108398,0.03849608823657036,2730.228759765625,87.28917694091797,-8.590497970581055,0.03472091630101204,278.5144348144531,16,1.321755051612854,0.6437417268753052,8.272565841674805,697.5791222778803,444.273718428608,44.839500439897755,3.3211039699051947,0.06397803872823715,0.058351557701826096,13.242304801940918,2,4.661664009094238,0.00034105044323951006,2594.832275390625,7.930530548095703,44.839500439897755,3.3211039699051947
3369.802001953125,51.73190689086914,-8.819010734558105,0.016671855002641678,3178.080322265625,72.06005096435547,-8.755412101745605,0.024624053388834,3528.019287109375,78.798828125,-8.868827819824219,0.024255968630313873,525.7034912109375,17,1.5016052722930908,0.5364541411399841,9.942111015319824,708.5457027714546,446.48780523070053,44.83966300078324,3.3203012982009272,0.024409780278801918,0.022026950493454933,12.452751159667969,3,5.341958522796631,0.00039082212606444955,4175.3212890625,9.009632110595703,44.83966300078324,3.320301298200928
2499.77490234375,50.17292404174805,-8.494751930236816,0.02179708145558834,2286.9970703125,70.16049194335938,-8.398163795471191,0.03331630676984787,7049.4326171875,110.6573715209961,-9.62038516998291,0.01704731583595276,336.1251525878906,17,2.1382110118865967,0.438510000705719,7.340176105499268,717.99572902127,448.2017008203212,44.83978886525093,3.3196096416797394,0.04353916645050049,0.012307241559028625,7.480170726776123,19,5.770352840423584,0.00042216433212161064,6701.23583984375,12.829265594482422,44.83978886525093,3.31960964167974
5115.5859375,69.2944564819336,-9.272238731384277,0.014710686169564724,2850.310546875,71.26071166992188,-8.63723087310791,0.02715112268924713,4114.91259765625,80.88877868652344,-9.035901069641113,0.0213480144739151,546.754150390625,11,1.3277242183685303,0.5175414085388184,1.5030831098556519,704.4376022609949,445.8601171978533,44.839616884796065,3.320601963126471,0.06679558753967285,0.061411648988723755,14.269791603088379,3,4.656595230102539,0.00034068006789311767,3758.841796875,7.966345310211182,44.83961688479605,3.320601963126463
522.6552124023438,79.65511322021484,-6.795538425445557,0.16551150381565094,355.20623779296875,66.45579528808594,-6.376201629638672,0.20318053662776947,315.32086181640625,81.8225326538086,-6.24688196182251,0.2818058729171753,22.24536895751953,11,2.3412086963653564,0.8134540915489197,63.45382308959961,1075.6273847826321,461.8693768163238,44.84080041206039,3.2934369977386746,0.4858722686767578,0.48329564929008484,58.7527961730957,0,8.254941940307617,0.0006039895233698189,169.21310424804688,14.047252655029297,44.84080041206039,3.293436997738675
1470.8131103515625,126.13174438476562,-7.918893814086914,0.09313152730464935,705.1400146484375,67.0768051147461,-7.120688438415527,0.10330631583929062,995.4927978515625,114.2871322631836,-7.495095252990723,0.12467777729034424,38.855865478515625,23,2.003351926803589,1.2178024053573608,23.343257904052734,2023.6602204730514,459.5098218745304,44.840647286432244,3.224044393921808,0.292899489402771,0.2921248972415924,78.82140350341797,2,9.350666999816895,0.0006843035225756466,792.8643798828125,12.020111083984375,44.840647286432244,3.2240443939218086
4852.787109375,181.2781524658203,-9.214978218078613,0.040568042546510696,1845.32568359375,69.38465881347656,-8.165182113647461,0.040833842009305954,4328.5302734375,172.5465545654297,-9.090850830078125,0.04329080507159233,57.87255096435547,109,4.0194783210754395,2.135754346847534,-84.88523864746094,1121.1198019446135,496.2491189061635,44.8433205875077,3.290104799428841,0.17361022531986237,0.1715855896472931,-89.22947692871094,2,14.716745376586914,0.0010767768835648894,2881.718017578125,24.116870880126953,44.8433205875077,3.290104799428841
1343.971435546875,119.144287109375,-7.820975303649902,0.09627488255500793,753.5401000976562,67.17638397216797,-7.192765712738037,0.09681443125009537,913.9800415039062,113.81220245361328,-7.402341842651367,0.13523277640342712,48.98191452026367,35,2.08359956741333,1.8522765636444092,-52.961036682128906,1754.8547931998519,471.67577427872476,44.84153410260545,3.2437213758418433,0.2692911922931671,0.26868757605552673,-18.40473175048828,0,8.488551139831543,0.0006211743457242846,321.49969482421875,12.50159740447998,44.841534102605465,3.2437213758418495
1402.6002197265625,117.49591827392578,-7.867334842681885,0.09097429364919662,768.2899780273438,67.10447692871094,-7.213812828063965,0.09485410153865814,1008.3869018554688,110.09602355957031,-7.509068012237549,0.11856985092163086,44.95381164550781,33,2.214543581008911,1.6093240976333618,9.299787521362305,655.8598544176604,474.44169659376644,44.841709524115664,3.324154078339314,0.24394255876541138,0.24197183549404144,-17.536954879760742,2,11.19702434539795,0.000819163047708571,578.1184692382812,13.287261962890625,44.84170952411567,3.3241540783393217
554.6634521484375,81.5937728881836,-6.860074043273926,0.15975603461265564,339.9784240722656,66.32070922851562,-6.3286285400390625,0.21184958517551422,310.8451232910156,57.852108001708984,-6.231359958648682,0.20211797952651978,23.45359992980957,9,1.5349037647247314,0.6200782060623169,73.57192993164062,835.5551404089077,463.00589962989375,44.84087705730189,3.3110057441223355,0.3641549050807953,0.3629491627216339,59.74718475341797,2,5.814323902130127,0.0004253914812579751,429.8516540527344,9.209423065185547,44.84087705730189,3.3110057441223355
718.8685302734375,80.568359375,-7.141623497009277,0.12171521782875061,621.8929443359375,66.93083953857422,-6.984289169311523,0.11688007414340973,945.3167114257812,126.01435089111328,-7.438943386077881,0.14476796984672546,42.99922180175781,19,1.5819751024246216,1.2060481309890747,14.724982261657715,579.5619359168433,463.07346865677727,44.84087417186459,3.3297379744394227,0.3051436245441437,0.3046432435512543,-34.71387481689453,3,6.522114276885986,0.0004771440871991217,913.2763671875,9.491850852966309,44.84087417186459,3.329737974439422
7140.63427734375,155.96636962890625,-9.634342193603516,0.023720508441329002,193.62698364257812,66.11915588378906,-5.717414855957031,0.3708440065383911,-652.43310546875,196.94879150390625,99.0,99.0,23.471487045288086,15,1.762218713760376,1.2442866563796997,54.192787170410156,1383.770854191591,475.8309924858471,44.84183091256252,3.2708832962095093,0.6454667448997498,0.6445900201797485,-27.601152420043945,19,8.861886978149414,0.0006484428304247558,1953.7886962890625,10.573312759399414,44.841830912562514,3.2708832962095022
959.9334106445312,85.42168426513672,-7.455602645874023,0.09663998335599899,23.280458450317383,65.73628234863281,-3.4174787998199463,3.0665030479431152,-331.43841552734375,127.35470581054688,99.0,99.0,20.645750045776367,9,1.8079259395599365,0.5494255423545837,71.95680236816406,1389.6383706809786,475.07771427241744,44.8417758521686,3.2704538971439474,0.743800163269043,0.7402299642562866,-4.880443096160889,17,5.941738128662109,0.00043477010331116617,1653.5377197265625,10.847555160522461,44.8417758521686,3.270453897143947
7682.1962890625,183.7246551513672,-9.713713645935059,0.025972386822104454,4031.705078125,73.72447204589844,-9.013721466064453,0.019858786836266518,6059.431640625,221.2652130126953,-9.456079483032227,0.039656199514865875,168.88021850585938,164,3.1277642250061035,2.9794082641601562,17.533660888671875,1423.9542131539508,501.0659039481859,44.84368078253166,3.267940192602753,0.05527504161000252,0.0549907423555851,48.00568389892578,1,6.100394248962402,0.00044637653627432883,8783.6455078125,18.766586303710938,44.84368078253165,3.267940192602747
833.9735107421875,85.40813446044922,-7.302880764007568,0.11121844500303268,654.9500732421875,67.05022430419922,-7.040520668029785,0.11117877066135406,634.3916625976562,94.49051666259766,-7.005893707275391,0.16175606846809387,44.40664291381836,22,2.1788578033447266,1.2085901498794556,-58.62921905517578,1874.3018687845263,484.2799490186021,44.8424597733351,3.234976598511634,0.2419809252023697,0.24134519696235657,-44.287025451660156,0,9.7167387008667,0.0007110643782652915,-74.21501159667969,13.07314682006836,44.842459773335094,3.2349765985116283
1048.2796630859375,112.79232025146484,-7.551192760467529,0.11685093492269516,345.2294616699219,66.35751342773438,-6.345269680023193,0.20874306559562683,-67.09576416015625,199.3308868408203,99.0,99.0,29.448020935058594,22,1.981385588645935,1.49129319190979,-86.89734649658203,1433.1994787704032,487.9763957792037,44.8427219201122,3.2672645219688685,0.3425350487232208,0.3423191010951996,22.196617126464844,3,9.363777160644531,0.0006851690704934299,1484.220458984375,11.888313293457031,44.84272192011218,3.2672645219688614
401.1226501464844,69.76823425292969,-6.508193016052246,0.18889060616493225,243.64413452148438,66.32713317871094,-5.96688985824585,0.29564130306243896,209.99415588378906,90.13714599609375,-5.80551815032959,0.46615079045295715,27.630279541015625,9,1.618992567062378,0.8808950781822205,6.130048751831055,1604.7172947537251,476.19000269870673,44.84186195478265,3.254711062369673,0.5546760559082031,0.5535232424736023,31.300554275512695,0,7.134757041931152,0.000522088841535151,-83.97557830810547,9.71395492553711,44.84186195478265,3.254711062369673
559.6074829101562,78.5633316040039,-6.869709014892578,0.1524636149406433,105.00751495361328,65.85565185546875,-5.053050994873047,0.6810868382453918,-104.20068359375,147.63894653320312,99.0,99.0,24.540225982666016,9,1.509278655052185,0.8245620727539062,23.268627166748047,1427.5162697290116,482.7679652153782,44.84234017034368,3.267680900821273,1.3571391105651855,1.3350584506988525,-0.08875257521867752,17,6.660105228424072,0.00048733592848293483,900.1359252929688,9.055671691894531,44.84234017034368,3.267680900821273
413.3182067871094,69.85161590576172,-6.540711402893066,0.18353620171546936,290.778076171875,66.32176971435547,-6.158904075622559,0.24769900739192963,275.8508605957031,59.23540115356445,-6.101686000823975,0.2332044392824173,26.675954818725586,10,1.7793817520141602,0.5749112367630005,69.25853729248047,1584.9870051941775,492.13638622378426,44.84302995798806,3.2561540674558747,0.36639636754989624,0.3642832934856415,65.99459838867188,0,6.031041145324707,0.00044131913455203176,87.4263916015625,10.676290512084961,44.84302995798806,3.2561540674558747
2140.2421875,84.8434829711914,-8.326157569885254,0.04305121302604675,-57.83094787597656,65.60891723632812,99.0,99.0,-550.53662109375,145.884765625,99.0,99.0,17.793989181518555,9,1.5321944952011108,0.798172116279602,-28.78311538696289,1275.0085854090973,490.159971706274,44.84287826456328,3.2788425715010403,1.2607817649841309,1.2567358016967773,11.511815071105957,17,6.601567268371582,0.00048303327639587224,540.2266845703125,9.193166732788086,44.84287826456327,3.2788425715010328
4253.65283203125,190.88714599609375,-9.071905136108398,0.04873539134860039,1361.9095458984375,68.51595306396484,-7.8353705406188965,0.054635290056467056,2897.26611328125,207.83010864257812,-8.6549711227417,0.07790223509073257,47.20470428466797,93,4.346571445465088,2.0549919605255127,76.3394775390625,1358.8152164748751,526.4746802747796,44.84554098001026,3.272705848409193,0.19742657244205475,0.19455040991306305,82.97422790527344,3,17.928876876831055,0.001311854342930019,2569.3916015625,26.079429626464844,44.84554098001025,3.2727058484091858
2915.741455078125,168.303955078125,-8.661872863769531,0.06268665939569473,1076.0224609375,67.8614273071289,-7.579553127288818,0.06849067658185959,1918.3289794921875,194.3553466796875,-8.207307815551758,0.11002800613641739,50.466880798339844,60,2.972789764404297,1.9133362770080566,52.817405700683594,1464.3821905830805,508.0640893796618,44.84419442848293,3.264980582724365,0.21988986432552338,0.2182241827249527,37.935081481933594,2,13.734219551086426,0.0010049629490822554,2164.6396484375,17.83673858642578,44.84419442848293,3.2649805827243656
1408.890869140625,108.59297943115234,-7.872193336486816,0.08370554447174072,870.4472045898438,67.33988189697266,-7.349356174468994,0.08401556313037872,957.0056762695312,115.73323822021484,-7.452286243438721,0.1313328593969345,63.50484848022461,37,2.270864486694336,1.747528314590454,79.7100830078125,330.64104075269216,509.4751165895026,44.84426543336329,3.3479466164379152,0.1783795803785324,0.17781934142112732,74.54888153076172,0,9.30223274230957,0.0006804739241488278,752.9019165039062,13.625186920166016,44.8442654333633,3.347946616437923
1893.1849365234375,115.0423812866211,-8.19298267364502,0.06599251180887222,1287.12109375,68.36504364013672,-7.774048328399658,0.05768255516886711,1658.5030517578125,108.16650390625,-8.049290657043457,0.07082822173833847,61.04744338989258,48,1.9303903579711914,1.790292501449585,39.67811965942383,658.6597127191603,508.42149708898677,44.84419922424442,3.3239461895879954,0.14598888158798218,0.1455896496772766,-68.91764831542969,0,7.0014777183532715,0.0005122144939377904,1610.99462890625,11.582342147827148,44.84419922424442,3.3239461895879954
2016.41015625,118.17229461669922,-8.261446952819824,0.06364534050226212,1350.7109375,68.49337768554688,-7.826406002044678,0.055070117115974426,1757.282470703125,118.87020111083984,-8.112104415893555,0.07346174865961075,52.96181869506836,51,2.1383650302886963,1.915432095527649,-83.44381713867188,790.0224542525422,518.0527378850048,44.84490889588987,3.314332935354494,0.16217392683029175,0.16182105243206024,-30.33586311340332,0,8.073862075805664,0.0005906855803914368,1191.248779296875,12.830190658569336,44.844908895889866,3.314332935354486
2238.907470703125,149.17430114746094,-8.375090599060059,0.07235819101333618,907.0259399414062,67.56744384765625,-7.394049167633057,0.08089982718229294,1814.857666015625,134.51231384277344,-8.147106170654297,0.08049136400222778,42.66475296020508,34,2.6354665756225586,1.7651968002319336,29.17070770263672,1529.5713445617555,528.6415430408946,44.84570352041525,3.260207498249488,0.30500420928001404,0.30356061458587646,24.246257781982422,2,12.929726600646973,0.0009461020235903561,1439.0546875,15.812799453735352,44.84570352041525,3.260207498249488
396.35662841796875,69.28543090820312,-6.49521541595459,0.18983907997608185,244.54917907714844,66.22543334960938,-5.9709153175354,0.294095516204834,330.6241149902344,107.65995025634766,-6.298336505889893,0.35363030433654785,22.158727645874023,9,1.59958016872406,0.7489761710166931,25.835704803466797,697.7192536449265,507.2907054967887,44.844117592190116,3.321088173353487,0.6458074450492859,0.6436473727226257,18.347021102905273,0,6.5332207679748535,0.00047796277794986963,210.10531616210938,9.597480773925781,44.844117592190116,3.321088173353487
90855.296875,497.4047546386719,-12.395875930786133,0.005945515353232622,11198.9345703125,86.01051330566406,-10.122941970825195,0.008340740576386452,88096.8515625,526.1217041015625,-12.362401008605957,0.006485681980848312,333.39947509765625,1453,10.114012718200684,7.55990743637085,-29.45139503479004,488.745657716998,646.1544550658716,44.85428439915193,3.3363661655006807,0.053668927401304245,0.052663322538137436,-38.89289474487305,0,18.840164184570312,0.0013781721936538815,77292.03125,60.68407440185547,44.85428439915193,3.33636616550068
1931.2025146484375,136.97109985351562,-8.214569091796875,0.07702486217021942,1024.3878173828125,67.78158569335938,-7.526161193847656,0.07185833156108856,1653.826904296875,130.4580078125,-8.046225547790527,0.08566640317440033,39.04159164428711,51,2.375354528427124,2.043539524078369,-74.23760223388672,670.8991706511786,528.8954757614193,44.8456996594266,3.323048771910264,0.25411850214004517,0.2536383271217346,-76.99846649169922,0,13.208292961120605,0.000966288149356842,1266.8292236328125,14.252126693725586,44.8456996594266,3.323048771910264
469.54840087890625,74.74493408203125,-6.679201126098633,0.17287461459636688,137.2951202392578,65.89728546142578,-5.344137668609619,0.5212454199790955,125.33430480957031,83.58058166503906,-5.245174884796143,0.7242112159729004,22.000303268432617,9,1.6551766395568848,1.220452904701233,0.4141775071620941,1788.0170515548825,520.1123866965936,44.8450836934151,3.241290310221021,0.8835195899009705,0.8811496496200562,-43.0011100769043,0,8.503561973571777,0.000622264517005533,-364.1295166015625,9.931059837341309,44.8450836934151,3.241290310221021
614.578857421875,80.61241912841797,-6.971444129943848,0.14244727790355682,493.86004638671875,66.76902770996094,-6.734009742736816,0.14682534337043762,742.8308715820312,135.32313537597656,-7.177224636077881,0.19783900678157806,32.95847702026367,11,1.6491574048995972,1.2044546604156494,84.97055053710938,1656.3470010171907,528.556594387621,44.84569988926666,3.2509279310587895,0.4567844867706299,0.45570942759513855,24.66189193725586,2,8.431777000427246,0.0006169922417029738,545.6769409179688,9.894944190979004,44.84569988926666,3.2509279310587895
7935.1015625,143.88555908203125,-9.748881340026855,0.01969221420586109,5120.35693359375,75.69102478027344,-9.273250579833984,0.016053656116127968,7661.76025390625,150.42037963867188,-9.710821151733398,0.021321019157767296,210.28607177734375,126,2.703139066696167,2.3222098350524902,-27.09781265258789,533.7452277012496,566.5199215362314,44.84845176978128,3.333081021659979,0.046473536640405655,0.046197157353162766,-50.06059265136719,0,5.6274733543396,0.0004116720810998231,7220.57470703125,16.218833923339844,44.84845176978127,3.3330810216599716
7129.5166015625,58.40605545043945,-9.632650375366211,0.00889667309820652,6992.8876953125,79.0772476196289,-9.611640930175781,0.012280748225748539,7064.83447265625,61.266029357910156,-9.62275505065918,0.009417759254574776,1441.109130859375,15,1.2742112874984741,0.4450015127658844,21.465579986572266,1260.7994875674904,543.8172411054388,44.84680930996491,3.2798781977720854,0.012317980639636517,0.009389985352754593,17.652175903320312,0,3.209876775741577,0.00023485948622692376,6852.89111328125,7.645267486572266,44.8468093099649,3.2798781977720783
536.8921508789062,79.59049224853516,-6.8247175216674805,0.1609918773174286,337.4048767089844,66.3670883178711,-6.320378303527832,0.21361476182937622,361.54815673828125,67.54476165771484,-6.395415306091309,0.20288752019405365,27.675851821899414,13,1.2947007417678833,1.0342344045639038,51.325172424316406,809.5396407219065,548.8467122275773,44.84716563217098,3.312902050140107,0.3231429159641266,0.32176288962364197,53.519344329833984,0,6.911156177520752,0.0005056178197264671,133.97372436523438,7.768204689025879,44.84716563217096,3.3129020501400994
378.2698059082031,67.15596771240234,-6.444504261016846,0.1928025484085083,285.5466613769531,66.33675384521484,-6.139192581176758,0.25229400396347046,286.78076171875,99.73991394042969,-6.1438751220703125,0.3777015805244446,29.292461395263672,9,1.3244575262069702,0.7692694067955017,73.91625213623047,1415.7907657734897,554.8480751995585,44.8476211338025,3.268533474127138,0.33568310737609863,0.3344033360481262,61.49110794067383,0,6.018712043762207,0.00044038923806510866,455.35650634765625,7.946744918823242,44.84762113380249,3.2685334741271315
23600.056640625,154.37008666992188,-10.932282447814941,0.007103623356670141,18764.607421875,97.4920425415039,-10.683348655700684,0.005642343312501907,22877.16796875,150.12716674804688,-10.898505210876465,0.007126673124730587,1038.2672119140625,161,2.279278516769409,2.1632556915283203,-64.97860717773438,1306.5599745075244,588.8836602111943,44.85011226055057,3.276525405152904,0.012329798191785812,0.012202426791191101,4.13358736038208,0,4.067921161651611,0.00029763823840767145,23566.138671875,13.675670623779297,44.85011226055057,3.2765254051529036
1075.8765869140625,106.71978759765625,-7.579406261444092,0.10772396624088287,649.9610595703125,67.01434326171875,-7.0322184562683105,0.11197221279144287,812.8759765625,117.03689575195312,-7.275060653686523,0.1563609540462494,38.935791015625,28,2.0839922428131104,1.51771879196167,-5.806089878082275,1423.9314631784675,562.2373709917138,44.84816270829497,3.267937056371808,0.26391860842704773,0.2625204622745514,-11.292594909667969,0,8.968875885009766,0.0006562519120052457,933.3756713867188,12.50395393371582,44.84816270829497,3.267937056371808
822.54541015625,99.60670471191406,-7.287899494171143,0.1315099149942398,417.592041015625,66.55953979492188,-6.551880359649658,0.17309634387493134,821.0158081054688,125.5367202758789,-7.285878658294678,0.166053906083107,30.135169982910156,19,2.7789528369903564,1.6861906051635742,-31.830055236816406,733.6334963465198,563.0841269687063,44.848206442852174,3.318455245834683,0.5141356587409973,0.5115944147109985,-35.860660552978516,2,12.97665023803711,0.000949342327658087,-30.024375915527344,16.673717498779297,44.848206442852174,3.318455245834683
833.8486328125,90.51954650878906,-7.302718162536621,0.11789217591285706,556.1946411132812,66.76943969726562,-6.863067150115967,0.13037091493606567,817.9896240234375,135.7163543701172,-7.281869411468506,0.18018317222595215,41.142852783203125,22,3.0381810665130615,0.9240788221359253,-52.711727142333984,2004.0740417665877,569.9757685041052,44.84874081714162,3.225470545688638,0.28267285227775574,0.28095367550849915,-37.008724212646484,3,10.034576416015625,0.0007343164179474115,175.2351837158203,18.22908592224121,44.84874081714162,3.225470545688638
569.2705078125,70.0949478149414,-6.888296604156494,0.13372045755386353,470.6564025878906,66.56649780273438,-6.681759834289551,0.15359658002853394,631.1710205078125,121.14965057373047,-7.000367641448975,0.20845146477222443,34.9249153137207,15,2.226062536239624,1.3125674724578857,-73.63497161865234,2001.9837370579237,568.4064570090834,44.84862580409624,3.2256236788213943,0.36175864934921265,0.35822686553001404,-70.81071472167969,3,10.237862586975098,0.0007491926080547273,411.87469482421875,13.356374740600586,44.84862580409622,3.225623678821389
492.8581237792969,69.68738555908203,-6.731804847717285,0.15355433523654938,569.6019287109375,66.87419891357422,-6.888928413391113,0.12750199437141418,694.4743041992188,97.70243072509766,-7.104140281677246,0.15278440713882446,30.20142936706543,7,1.2231674194335938,0.4490821063518524,23.581640243530273,734.1240669220944,561.7052022597688,44.848105431637904,3.3184194710192862,0.402665376663208,0.400772362947464,28.28590965270996,3,4.393382549285889,0.00032141065457835793,795.4952392578125,7.3390045166015625,44.84810543163791,3.3184194710192942
354.9700012207031,63.154945373535156,-6.375479221343994,0.19321708381175995,237.5411834716797,66.05509948730469,-5.939347267150879,0.3019932806491852,222.24798583984375,71.58583068847656,-5.86709451675415,0.34979939460754395,27.20257568359375,9,4.995109558105469,0.29336801171302795,17.120134353637695,2007.5082323545992,567.6754502597687,44.84857233361112,3.225219304376538,0.4565408229827881,0.45271041989326477,23.872060775756836,19,7.233199119567871,0.0005293164867907763,-2712.4169921875,29.970657348632812,44.84857233361112,3.225219304376538
552.1138916015625,81.93714141845703,-6.855071544647217,0.161169171333313,254.22802734375,66.24561309814453,-6.013058662414551,0.28298506140708923,244.7510986328125,74.56423950195312,-5.971811771392822,0.33085352182388306,26.187131881713867,12,2.2894251346588135,0.7056195735931396,17.675167083740234,81.96794928447972,565.2781810746376,44.848344440280435,3.3661340826389714,0.43928271532058716,0.4372469484806061,10.112465858459473,16,7.597870349884033,0.000555746431928128,-293.3189392089844,13.736551284790039,44.848344440280435,3.3661340826389714
606.1928100585938,73.08521270751953,-6.956526756286621,0.13093283772468567,502.32196044921875,66.78652954101562,-6.752455234527588,0.144389808177948,609.8919677734375,121.83182525634766,-6.963132381439209,0.2169390171766281,36.86472702026367,16,1.7490074634552002,1.136155605316162,-48.22758865356445,2006.586502430737,571.8652968903091,44.84887929824055,3.2252864856634473,0.25019294023513794,0.24915482103824615,-87.67938995361328,3,8.433506965637207,0.0006171520799398422,707.00341796875,10.49404525756836,44.848879298240554,3.2252864856634527
643.4780883789062,86.1313247680664,-7.021334171295166,0.14536410570144653,415.1651916503906,66.6060562133789,-6.5455522537231445,0.17422987520694733,573.3706665039062,92.56532287597656,-6.896088600158691,0.17532452940940857,31.14092254638672,16,2.7400221824645996,0.9022142291069031,76.91792297363281,1241.1895892018968,591.1470816957218,44.85027650513098,3.281309547375098,0.4578106701374054,0.45739346742630005,-74.70258331298828,3,9.412903785705566,0.000688704545609653,-574.6840209960938,16.44013214111328,44.85027650513098,3.281309547375098
1654.0352783203125,132.5616455078125,-8.046361923217773,0.08703680336475372,753.508056640625,67.22740173339844,-7.19271993637085,0.09689206629991531,1614.9942626953125,115.40571594238281,-8.020427703857422,0.07760436832904816,37.31415939331055,26,2.4456095695495605,1.570854663848877,80.50910949707031,1349.2976429206713,596.2116900416264,44.850650159772655,3.273396873568928,0.3475759029388428,0.34567636251449585,89.2948226928711,2,11.726459503173828,0.0008579985005781054,1006.4573974609375,14.673657417297363,44.850650159772655,3.2733968735689283
20676.5390625,235.82208251953125,-10.788694381713867,0.01238615345209837,8446.513671875,81.47119903564453,-9.816693305969238,0.010475059039890766,20128.1171875,242.9464569091797,-10.75950813293457,0.01310802437365055,278.8304138183594,323,5.58058500289917,2.901165246963501,70.6242904663086,1866.3324186046075,671.4386416133776,44.85617217593418,3.2355464129145273,0.043487537652254105,0.04193665459752083,70.86670684814453,0,8.788464546203613,0.0006430823705159128,17949.7421875,33.4835090637207,44.85617217593418,3.2355464129145273
834.7787475585938,84.9651107788086,-7.303928375244141,0.11053480952978134,652.5706787109375,67.0709228515625,-7.036568641662598,0.11161859333515167,699.735107421875,93.21511840820312,-7.112334251403809,0.14467135071754456,37.58835220336914,22,1.733453392982483,1.474223256111145,0.5099307894706726,1782.4559389906763,591.1400793787657,44.85028763744141,3.241692168190681,0.25422099232673645,0.2533421814441681,14.002674102783203,1,9.57126522064209,0.0007003743085078895,158.95999145507812,10.400720596313477,44.85028763744141,3.241692168190681
349.5599060058594,61.75284194946289,-6.358804225921631,0.19185148179531097,429.3306884765625,66.42904663085938,-6.581979751586914,0.16803351044654846,399.2481384277344,88.99175262451172,-6.503107070922852,0.2420676052570343,35.921695709228516,9,2.2348766326904297,0.4315735697746277,52.890419006347656,1242.2924233375763,590.4640884003853,44.850226492765565,3.281228890001127,0.3783266246318817,0.3767867088317871,69.15543365478516,3,5.853717803955078,0.00042829313315451145,-27.456483840942383,13.409259796142578,44.850226492765565,3.2812288900011275
622.0508422851562,86.86370849609375,-6.984564781188965,0.15164996683597565,278.32244873046875,66.14031219482422,-6.11137056350708,0.25807613134384155,238.47042846679688,64.69184875488281,-5.943586349487305,0.2946082055568695,29.68589210510254,14,1.4786571264266968,0.8871861696243286,18.686403274536133,1079.333709421329,587.76693688618,44.8500247160534,3.2931552621055618,0.2881404161453247,0.286372572183609,29.991695404052734,0,6.839916229248047,0.0005004311096854508,70.41559600830078,8.871942520141602,44.8500247160534,3.2931552621055613
1683.51611328125,116.67430877685547,-8.065543174743652,0.0752640813589096,1070.3924560546875,67.9005355834961,-7.57385778427124,0.06889060139656067,1474.5565185546875,124.54277801513672,-7.921653747558594,0.09172483533620834,51.984527587890625,44,2.166872501373291,1.6452791690826416,-6.824764728546143,728.3949512908808,599.6895779826581,44.85088813062802,3.3188353135895836,0.18885356187820435,0.1878928244113922,-8.929526329040527,0,7.956623554229736,0.000582079985179007,1513.9017333984375,13.001235008239746,44.85088813062802,3.318835313589583
10820.2119140625,199.27984619140625,-10.085589408874512,0.020001264289021492,4642.50341796875,74.72222900390625,-9.16688060760498,0.017479436472058296,10055.6494140625,207.21817016601562,-10.006025314331055,0.022379353642463684,147.2788848876953,211,3.624800443649292,3.3538990020751953,-66.3099594116211,916.5247924248907,639.3338418777839,44.853798172828206,3.305065281638118,0.06683701276779175,0.06669105589389801,-23.030590057373047,0,9.080880165100098,0.0006643472006544471,9333.9228515625,21.748802185058594,44.85379817282819,3.305065281638111
835.0599365234375,99.60175323486328,-7.304294109344482,0.1295326203107834,649.2777709960938,67.012939453125,-7.031076431274414,0.11208769679069519,1135.345703125,166.657470703125,-7.637820243835449,0.15941400825977325,30.735675811767578,20,1.6803076267242432,1.4204117059707642,-66.79651641845703,1578.3633220367362,601.2337712407563,44.85102315844416,3.256630562456505,0.36741235852241516,0.36682653427124023,7.018853664398193,2,7.832146167755127,0.00057308777468279,1177.972900390625,10.081846237182617,44.85102315844416,3.256630562456505
438.1694030761719,70.66971588134766,-6.604104995727539,0.1751544326543808,309.5483703613281,66.33497619628906,-6.226821422576904,0.23272544145584106,288.8636779785156,72.90104675292969,-6.151732444763184,0.27407577633857727,26.950252532958984,11,2.1953718662261963,0.6947738528251648,83.66195678710938,1655.652538297085,606.3674921549662,44.8514008533757,3.250972885143788,0.564603865146637,0.5631479024887085,86.86911010742188,0,7.380883693695068,0.0005400761729106307,-220.91220092773438,13.172231674194336,44.85140085337569,3.2509728851437827
555.0015258789062,81.62822723388672,-6.8607354164123535,0.15972614288330078,322.42718505859375,66.38764190673828,-6.271079063415527,0.22360700368881226,339.0372619628906,82.90421295166016,-6.325618743896484,0.26555776596069336,27.712310791015625,10,1.5410704612731934,1.0864179134368896,35.07679748535156,173.07874739648923,595.560385404644,44.8505664584611,3.359465784524142,0.4880806505680084,0.4872460663318634,-70.48588562011719,2,7.736041069030762,0.0005658605368807912,153.43798828125,9.24642276763916,44.85056645846109,3.3594657845241254
556.277099609375,80.41785430908203,-6.863227844238281,0.1569969207048416,259.3114929199219,66.20438385009766,-6.034554481506348,0.2772648334503174,221.2307891845703,83.7388916015625,-5.862113952636719,0.4110659062862396,23.998777389526367,10,1.2390002012252808,1.0053225755691528,18.807886123657227,86.51947973724624,595.3619704309507,44.85054857001274,3.365798173441107,0.38976597785949707,0.387992262840271,56.645389556884766,0,6.475180625915527,0.0004736222617793828,175.98068237304688,7.4340009689331055,44.85054857001274,3.365798173441107
5752.34130859375,166.46566772460938,-9.399611473083496,0.03142750263214111,2709.009521484375,71.25180053710938,-8.582026481628418,0.028563745319843292,5011.474609375,168.31651306152344,-9.249914169311523,0.03647464141249657,92.50682830810547,121,3.3277575969696045,2.4374806880950928,-75.1100845336914,1917.0385882068965,628.7142152984076,44.853042910556226,3.231837734664632,0.10231394320726395,0.10128852725028992,-62.24644470214844,2,10.129068374633789,0.0007411999395117164,4006.547119140625,19.96654510498047,44.853042910556226,3.231837734664632
690.4352416992188,89.6571044921875,-7.09780740737915,0.14102353155612946,394.9884338378906,66.4351577758789,-6.491460800170898,0.18265999853610992,424.3534851074219,127.4779052734375,-6.569319248199463,0.32623982429504395,24.466411590576172,14,2.291381359100342,0.8999871611595154,-16.89629554748535,381.93149695383755,609.947608686273,44.85162815823384,3.3441846019746477,0.3812883496284485,0.38024139404296875,-24.124696731567383,3,8.592423439025879,0.0006285336567088962,353.6589660644531,13.74828815460205,44.85162815823384,3.3441846019746477
169683.1875,498.52313232421875,-13.0740966796875,0.0031906291842460632,40030.1171875,123.88539123535156,-11.505967140197754,0.00336095760576427,159125.09375,485.18829345703125,-13.00434684753418,0.0033113223034888506,1356.205078125,1669,8.292302131652832,6.988680362701416,81.44851684570312,2019.4192211484549,756.3264426369044,44.86239368676544,3.224333906628199,0.01565883494913578,0.015329169109463692,80.014892578125,16,8.692281723022461,0.0006360408151522279,142045.859375,49.753814697265625,44.86239368676544,3.224333906628199
402.9082946777344,69.94239807128906,-6.5130157470703125,0.18852290511131287,304.6531982421875,66.40237426757812,-6.209514141082764,0.23670513927936554,424.70501708984375,111.69068908691406,-6.570218563079834,0.28560078144073486,23.4630126953125,9,1.6117472648620605,0.5678277015686035,31.479021072387695,382.47545315315307,607.532238204406,44.851451225579744,3.344145031568994,0.4519718885421753,0.45007044076919556,30.435354232788086,18,5.6998677253723145,0.0004169445892330259,501.4460144042969,9.670483589172363,44.85145122557973,3.3441450315689862
16335.205078125,209.81204223632812,-10.532811164855957,0.01394876092672348,7214.2451171875,79.4844970703125,-9.645477294921875,0.011965238489210606,15750.8134765625,219.74609375,-10.493257522583008,0.015151233412325382,246.5487823486328,265,3.6954026222229004,3.5934195518493652,60.97245407104492,1216.8456088331566,662.0812145804076,44.85547277154403,3.2830853406526783,0.04555213823914528,0.0450056716799736,57.855712890625,0,7.364179611206055,0.0005387886194512248,15264.0400390625,22.17241668701172,44.85547277154403,3.283085340652678
6169.49658203125,169.1432342529297,-9.475624084472656,0.029773831367492676,2875.323974609375,71.38134002685547,-8.646717071533203,0.02696048654615879,5377.2421875,173.13626098632812,-9.326398849487305,0.03496699035167694,103.48440551757812,135,3.9172911643981934,2.1841468811035156,-77.76227569580078,1465.5791134872713,654.5358030973786,44.85492585919533,3.264881475869097,0.09377111494541168,0.09220734983682632,-73.48362731933594,0,10.5463285446167,0.0007716512773185968,4377.60302734375,23.503746032714844,44.85492585919533,3.264881475869097
16132.8486328125,89.02709197998047,-10.519277572631836,0.005992954131215811,12517.3359375,88.19937133789062,-10.243780136108398,0.007652148604393005,17371.884765625,103.12034606933594,-10.599617004394531,0.006446548271924257,2040.151611328125,29,2.4713242053985596,0.71712726354599,62.98186492919922,365.3204059120115,666.479320405143,44.85576904432945,3.3453945657560586,0.009584235027432442,0.008833090774714947,46.86634063720703,3,3.8663108348846436,0.0002828120195772499,18205.546875,14.827945709228516,44.85576904432944,3.3453945657560507
412.405517578125,69.72108459472656,-6.538311004638672,0.18359865248203278,302.40985107421875,66.32011413574219,-6.2014899253845215,0.23816564679145813,384.42181396484375,111.25586700439453,-6.462019920349121,0.3143002390861511,30.724252700805664,10,1.2634978294372559,0.8909639120101929,58.11691665649414,2004.0158729173038,625.9016377145343,44.85283828837346,3.2254708477291354,0.44735050201416016,0.4463304579257965,-25.881505966186523,1,5.665035247802734,0.00041454980964772403,354.6017761230469,7.580986976623535,44.85283828837347,3.2254708477291407
1611.331298828125,113.19598388671875,-8.017962455749512,0.07629147171974182,1091.6328125,67.9437255859375,-7.595191478729248,0.06759314239025116,1327.0045166015625,111.2689208984375,-7.807180881500244,0.09106076508760452,49.77500534057617,42,2.203737497329712,1.6791671514511108,-37.03453063964844,1153.0914413323512,642.5844376344452,44.85404277287578,3.2877528047511184,0.1868792325258255,0.18676619231700897,-48.46289825439453,0,11.313604354858398,0.0008277364540845156,1210.4940185546875,13.22242546081543,44.85404277287579,3.2877528047511264
1872.8309326171875,123.49273681640625,-8.181246757507324,0.07160983234643936,1135.0240478515625,68.20823669433594,-7.637512683868408,0.06526218354701996,1371.544677734375,121.99073028564453,-7.843024730682373,0.0965932309627533,57.073829650878906,49,2.2610490322113037,1.9245400428771973,-4.707367420196533,1761.3270830693432,649.8025067176807,44.85458513567503,3.2432344260532,0.17026154696941376,0.1690957397222519,-7.2316508293151855,0,9.116911888122559,0.0006671078153885901,1503.0394287109375,13.566293716430664,44.85458513567503,3.2432344260532
1459.9859619140625,124.30004119873047,-7.910871505737305,0.09245968610048294,514.7125244140625,66.78645324707031,-6.778911590576172,0.14091378450393677,1307.944091796875,156.1721649169922,-7.791472911834717,0.12967142462730408,47.059085845947266,12,2.510239362716675,0.5174866318702698,-56.345909118652344,684.9788940305607,648.5288103275587,44.85446481154068,3.322007785090663,0.5398336052894592,0.5375054478645325,-61.723480224609375,3,6.806031703948975,0.0004978910437785089,1206.497802734375,15.06143569946289,44.85446481154068,3.3220077850906633
595.8694458007812,79.6651840209961,-6.937877655029297,0.14519353210926056,167.38128662109375,65.90824890136719,-5.559267044067383,0.4276246130466461,154.4593048095703,72.05291748046875,-5.4720354080200195,0.5066024661064148,18.606950759887695,9,2.108961582183838,0.7223644852638245,-30.41044807434082,893.4309200940745,638.4372672651373,44.85373182132061,3.3067553155263774,0.5312523245811462,0.5296828150749207,-10.69956111907959,0,7.376370429992676,0.0005396442720666528,-96.39297485351562,12.653769493103027,44.8537318213206,3.3067553155263703
593.12548828125,84.25183868408203,-6.93286657333374,0.15426330268383026,433.0769958496094,66.46266174316406,-6.5914130210876465,0.166664257645607,511.1178283691406,92.4723892211914,-6.771302700042725,0.1964811384677887,24.82329750061035,14,1.643397569656372,1.4728939533233643,79.07740783691406,948.7873528872118,645.6266702221673,44.85426011684807,3.3027038134728133,0.4017829895019531,0.39987266063690186,80.59442901611328,2,9.313712120056152,0.0006813840591348708,394.37054443359375,9.86038589477539,44.85426011684807,3.3027038134728133
2081.451904296875,136.71353149414062,-8.295915603637695,0.07133045047521591,1102.6717529296875,67.9661636352539,-7.606115818023682,0.06693855673074722,1499.146728515625,132.57933044433594,-7.939610481262207,0.09604206681251526,49.64373779296875,55,2.5689895153045654,2.0195765495300293,-37.82872009277344,838.4456647866767,659.9374446897359,44.855305331020666,3.310777050628516,0.1946563720703125,0.1936836540699005,-29.6422061920166,0,10.581058502197266,0.0007740770815871656,885.447021484375,15.413936614990234,44.855305331020666,3.310777050628516
430.1818542480469,69.00674438476562,-6.58413028717041,0.17420847713947296,341.88909912109375,66.27291107177734,-6.334712982177734,0.21051381528377533,328.8697204589844,69.97522735595703,-6.292559623718262,0.2310735583305359,35.10487365722656,11,1.4560478925704956,0.9908608198165894,-88.50995635986328,360.49546012138626,648.8357851063397,44.85447633271113,3.345749248584918,0.2954191267490387,0.2935967743396759,70.79508209228516,0,7.17650842666626,0.0005249486421234906,100.4706802368164,8.736287117004395,44.85447633271113,3.345749248584918
458.4289855957031,68.87947082519531,-6.653180122375488,0.16317272186279297,576.2542114257812,67.06731414794922,-6.9015350341796875,0.12639404833316803,1334.786376953125,150.0306854248047,-7.8135294914245605,0.12206696718931198,35.976505279541016,12,2.5008645057678223,0.5589228868484497,-41.80891799926758,685.4950395717328,648.8978437011505,44.854491863426034,3.3219699845036574,0.5232148766517639,0.5206230878829956,-60.5715217590332,3,7.062729835510254,0.000516669824719429,1259.3291015625,15.005187034606934,44.854491863426034,3.3219699845036574
3042.497802734375,121.68579864501953,-8.708075523376465,0.04343496263027191,2055.5498046875,69.92467498779297,-8.282320022583008,0.03694301098585129,2804.870849609375,122.55689239501953,-8.619782447814941,0.04745201766490936,86.09614562988281,68,2.3614251613616943,1.8440719842910767,8.495129585266113,998.6932171218724,660.0976985394683,44.855321684627356,3.299050485693254,0.10645521432161331,0.10532929003238678,18.655988693237305,0,6.952603816986084,0.0005086506134830415,2244.23193359375,14.168550491333008,44.855321684627356,3.2990504856932534
1594.3936767578125,108.75067901611328,-8.006488800048828,0.07407407462596893,1122.201904296875,68.03106689453125,-7.625177383422852,0.06583639979362488,1194.9564208984375,100.9896011352539,-7.693380355834961,0.09178134799003601,63.00291442871094,41,1.7781444787979126,1.6667859554290771,6.327784538269043,549.9163210900726,661.9310284001009,44.85544225280417,3.3318890328579216,0.14942410588264465,0.14894384145736694,14.982748031616211,0,6.680291652679443,0.0004886731039732695,820.1823120117188,10.668867111206055,44.85544225280417,3.3318890328579216
1671.48681640625,111.45280456542969,-8.057757377624512,0.07241322100162506,1208.1878662109375,68.20539855957031,-7.705336093902588,0.06130756810307503,1429.835205078125,109.45362091064453,-7.888215065002441,0.08313310146331787,46.30926513671875,43,2.087217092514038,1.6946020126342773,-0.32795560359954834,1936.7615142822344,659.0211279501568,44.85526364765434,3.230391761707056,0.18610766530036926,0.18526674807071686,5.270711421966553,2,9.761853218078613,0.0007143225520849228,672.8772583007812,12.52330207824707,44.855263647654326,3.2303917617070503
4202.63720703125,136.34620666503906,-9.058804512023926,0.035233110189437866,2681.62646484375,71.10221099853516,-8.570995330810547,0.02879483997821808,3573.00634765625,153.7606201171875,-8.882584571838379,0.04673488438129425,112.63544464111328,90,2.6609578132629395,2.237961769104004,60.9907112121582,474.87900486135163,690.4577932775651,44.857529520678895,3.337376579630864,0.07629916816949844,0.07600519061088562,-21.243179321289062,3,6.884743690490723,0.0005036133225075901,4035.431396484375,15.965746879577637,44.85752952067889,3.3373765796308557
2170.2255859375,123.06768035888672,-8.341261863708496,0.06158415228128433,1353.8387451171875,68.3742904663086,-7.828917503356934,0.0548473596572876,1793.8096923828125,121.76510620117188,-8.134441375732422,0.07371847331523895,56.2913932800293,55,2.392439365386963,1.7968133687973022,-78.26051330566406,296.89504484217923,674.9460411367246,44.85638680352041,3.3503998439106537,0.15956327319145203,0.15879639983177185,-74.15677642822266,0,8.962157249450684,0.0006555473082698882,1284.6075439453125,14.354636192321777,44.85638680352042,3.3503998439106617
830.0094604492188,99.11883544921875,-7.297707557678223,0.12968894839286804,437.0904541015625,66.62574768066406,-6.601428508758545,0.16553910076618195,418.4263610839844,83.03636169433594,-6.554047584533691,0.21551579236984253,27.394439697265625,20,1.5395796298980713,1.3556722402572632,47.29338073730469,1237.1325370463792,667.3014006179569,44.85585571822931,3.281600194029136,0.29328054189682007,0.2918986976146698,50.831298828125,0,8.644597053527832,0.0006324700661934912,167.4588165283203,9.237478256225586,44.85585571822931,3.281600194029136
8448.8837890625,146.6930694580078,-9.816998481750488,0.018855588510632515,5344.7412109375,76.09933471679688,-9.319816589355469,0.015462652780115604,8116.98876953125,156.14907836914062,-9.773487091064453,0.02089172601699829,229.02749633789062,132,2.9241943359375,2.288389205932617,-76.12271118164062,1491.8007369050586,696.2310591912549,44.857981103826695,3.2629589520377507,0.04556341841816902,0.04495178908109665,-78.02049255371094,2,5.758815288543701,0.0004213548090774566,7493.912109375,17.545166015625,44.85798110382668,3.2629589520377444
1103.388916015625,105.7247314453125,-7.606821537017822,0.10405855625867844,641.97607421875,66.9722671508789,-7.018796920776367,0.11329375207424164,872.4835205078125,179.82260131835938,-7.351892948150635,0.2238292694091797,34.760902404785156,29,2.8648507595062256,1.5307223796844482,72.18115234375,465.1290935733838,687.1175736717337,44.85728448620081,3.3380902463088518,0.25163108110427856,0.25019925832748413,72.51512145996094,3,12.552312850952148,0.0009181901114061475,1637.90771484375,17.189104080200195,44.8572844862008,3.338090246308843
4674.53662109375,53.59786605834961,-9.174345970153809,0.012451989576220512,5103.6064453125,75.68313598632812,-9.269693374633789,0.016104668378829956,10784.2978515625,126.58112335205078,-10.081979751586914,0.012746968306601048,661.9656982421875,16,2.5236382484436035,0.47265908122062683,59.59348678588867,367.59711287211945,670.1291157071256,44.856036502851936,3.3452276489687005,0.031059393659234047,0.006292212288826704,58.56743621826172,3,6.518787384033203,0.0004768342769239098,10073.66015625,15.141829490661621,44.85603650285193,3.3452276489686925
354.0901184082031,62.94837951660156,-6.372784614562988,0.1930636763572693,406.72412109375,66.45954895019531,-6.523249626159668,0.1774546205997467,693.1192626953125,133.677001953125,-7.102019786834717,0.20944912731647491,29.97848892211914,9,1.3805999755859375,1.0135430097579956,-38.43103790283203,1536.3464669598018,667.5601223334535,44.855881593272,3.259700798964391,0.6244617700576782,0.623412013053894,-87.83712768554688,2,5.687143802642822,0.00041611981578171253,518.7996215820312,8.283599853515625,44.855881593272,3.259700798964391
849.3526000976562,80.77375793457031,-7.322720050811768,0.10327901691198349,733.8226928710938,67.23802185058594,-7.16397762298584,0.09950698912143707,908.7500610351562,108.00247192382812,-7.396111011505127,0.12906815111637115,45.69181823730469,22,1.7501503229141235,1.302886724472046,63.075950622558594,1399.1999046254653,683.9985878499715,44.857082859186754,3.2697374641237866,0.236384779214859,0.23469363152980804,47.02687454223633,0,7.1533942222595215,0.0005233838455751538,816.8153686523438,10.50090217590332,44.85708285918675,3.2697374641237795
2478.31396484375,53.96554183959961,-8.485390663146973,0.023647760972380638,2437.0791015625,70.62561798095703,-8.467174530029297,0.0314718633890152,2458.3056640625,62.08224105834961,-8.476590156555176,0.02742592804133892,334.6292724609375,20,1.6414207220077515,0.607464075088501,58.52150344848633,372.0777243486671,678.2841188223842,44.85663408095779,3.344899059948894,0.03339562937617302,0.03026089258491993,63.0344352722168,3,5.953201770782471,0.00043546201777644455,2191.048095703125,9.84852409362793,44.85663408095779,3.344899059948894
380.2386169433594,67.41568756103516,-6.450140476226807,0.1925460249185562,213.9486846923828,66.23936462402344,-5.825774192810059,0.33622992038726807,152.85675048828125,95.146728515625,-5.460711479187012,0.6759881377220154,34.06666946411133,9,1.822338342666626,0.536906361579895,-69.08220672607422,467.84071807780884,684.1397934470773,44.85706643500117,3.337892130602216,0.26629868149757385,0.2643115818500519,11.590415954589844,3,5.896388530731201,0.00043131638085469604,952.1718139648438,10.934030532836914,44.85706643500117,3.3378921306022162
671.7813110351562,87.01103210449219,-7.068069934844971,0.14066182076931,415.3411560058594,66.6064224243164,-6.5460124015808105,0.1741570085287094,362.9628601074219,95.8996810913086,-6.399655342102051,0.28693583607673645,34.94981384277344,7,1.1238622665405273,0.6364150643348694,35.43143081665039,54.838389025187844,681.7223908244248,44.85687387610759,3.3681072435938195,0.3256000280380249,0.32476285099983215,35.380367279052734,2,5.028131484985352,0.000367763132089749,465.06781005859375,6.743173599243164,44.85687387610757,3.368107243593803
2848.071533203125,110.31299591064453,-8.636377334594727,0.04206351935863495,2100.138671875,69.98816680908203,-8.305620193481445,0.03619149327278137,2834.1533203125,141.7442169189453,-8.631058692932129,0.05431400611996651,104.7950439453125,60,2.3062474727630615,1.839355707168579,29.837610244750977,1681.4709820342691,710.2214663089687,44.85901000710914,3.249075117796392,0.09567670524120331,0.09516721963882446,7.940961837768555,0,5.990435600280762,0.00043831701623275876,2905.436767578125,13.837484359741211,44.85901000710914,3.2490751177963926
425.7198791503906,71.45186614990234,-6.57280969619751,0.1822717934846878,304.897216796875,66.42871856689453,-6.210383415222168,0.236609548330307,317.0688171386719,78.06854248046875,-6.2528839111328125,0.26739442348480225,23.855939865112305,10,1.3249608278274536,1.1589738130569458,80.98692321777344,1602.6511908611797,692.8242912255822,44.857733882241966,3.2548457142196434,0.4969176650047302,0.4947754442691803,-19.68992805480957,2,7.406009197235107,0.0005418891669251025,299.114990234375,7.949765205383301,44.857733882241966,3.254845714219644
1461.2235107421875,96.11100006103516,-7.911791801452637,0.07143092155456543,1085.7127685546875,67.88114166259766,-7.589287281036377,0.06789910048246384,1183.4537353515625,97.9541244506836,-7.682878017425537,0.08988790959119797,71.59271240234375,36,1.7288342714309692,1.607292652130127,49.04000473022461,174.94056892692842,705.2316799632213,44.85860080439183,3.359318876898625,0.12114317715167999,0.12038475275039673,-11.891587257385254,0,5.762075901031494,0.00042145446059294045,889.0196533203125,10.373005867004395,44.85860080439183,3.359318876898625
907.80419921875,92.92688751220703,-7.394980430603027,0.1111678034067154,695.6409301757812,67.31270599365234,-7.105962753295898,0.10508525371551514,864.5908203125,91.13459014892578,-7.342026710510254,0.11447283625602722,36.82405090332031,24,1.7159531116485596,1.3551417589187622,29.195335388183594,1816.6364927000595,697.521540531541,44.85808216769006,3.2391822406547606,0.28194499015808105,0.28177347779273987,-25.80532455444336,0,9.127665519714355,0.0006678887293674052,693.0317993164062,10.295719146728516,44.85808216769006,3.23918224065476
5516.0263671875,74.09212493896484,-9.354065895080566,0.014587321318686008,2742.721923828125,71.22078704833984,-8.595454216003418,0.028200369328260422,5392.64892578125,89.50714111328125,-9.32950496673584,0.018025418743491173,493.5729064941406,37,4.429195880889893,0.45031657814979553,-81.75475311279297,1258.2026043965427,735.1175803801299,44.8608244519098,3.2800525239915403,0.06184651702642441,0.00848295446485281,-80.64144134521484,0,8.449295043945312,0.0006181661156006157,2011.872314453125,26.575176239013672,44.8608244519098,3.2800525239915403
406.2210693359375,70.25653076171875,-6.521905899047852,0.1878252923488617,82.88866424560547,65.78316497802734,-4.796237945556641,0.8618853092193604,65.3036880493164,68.83252716064453,-4.537344455718994,1.1446845531463623,21.950895309448242,9,1.6175310611724854,0.851219654083252,-18.658876419067383,1149.6084708245833,704.5595100811026,44.858583035047864,3.2880024804263424,0.4236365556716919,0.4229446053504944,45.56898498535156,0,7.009157657623291,0.0005127970944158733,-315.50592041015625,9.70518684387207,44.858583035047864,3.288002480426343
533.0745239257812,66.80682373046875,-6.816969871520996,0.13610143959522247,417.499267578125,66.50775146484375,-6.551639556884766,0.17300009727478027,466.5660095214844,74.97395324707031,-6.672282695770264,0.17451274394989014,48.58038330078125,14,1.4599367380142212,0.9501600861549377,18.855274200439453,970.6854309261491,709.1557181773888,44.858914884339704,3.3010958137618998,0.22673794627189636,0.22643828392028809,10.34233570098877,0,7.035587787628174,0.0005147078773006797,487.9655456542969,8.759620666503906,44.858914884339704,3.3010958137618998
382.0444030761719,62.88731002807617,-6.455284595489502,0.17876356840133667,384.6276550292969,66.41361999511719,-6.462601184844971,0.18751952052116394,309.393798828125,71.75375366210938,-6.226278781890869,0.251862108707428,30.25039291381836,10,1.7189550399780273,0.6840353012084961,32.17246627807617,790.1599139305738,707.6400538636442,44.85879853313876,3.3143060858861104,0.3632485270500183,0.3605690896511078,41.8349609375,0,6.4716362953186035,0.000473429769044742,235.65602111816406,10.313730239868164,44.85879853313876,3.31430608588611
17721.203125,263.0501708984375,-10.621232986450195,0.01612037792801857,4326.04345703125,74.15817260742188,-9.090227127075195,0.01861649565398693,15911.7822265625,263.6842041015625,-10.504297256469727,0.017996791750192642,132.46470642089844,321,5.028061389923096,3.9009132385253906,-53.05697250366211,1843.9889876743703,765.6031948838163,44.86307030336082,3.2371749523477242,0.08126167953014374,0.08024085313081741,-50.99087905883789,0,14.80148696899414,0.0010830276878550649,14051.359375,30.16836929321289,44.86307030336082,3.2371749523477242
417.1556396484375,60.25492858886719,-6.550745487213135,0.15686435997486115,455.6867980957031,66.6127700805664,-6.646666049957275,0.15875262022018433,542.8436889648438,97.48785400390625,-6.836687088012695,0.19503185153007507,34.97513198852539,11,1.4396461248397827,0.7121455669403076,55.922767639160156,917.0731977623308,713.0966515718824,44.859202055081546,3.3050186863533777,0.3700099289417267,0.368482381105423,51.15015411376953,0,6.037763595581055,0.0004417027812451124,375.9994812011719,8.637876510620117,44.85920205508153,3.305018686353371
683.11474609375,76.79061126708984,-7.086234092712402,0.12207993865013123,505.3859558105469,66.76716613769531,-6.759057998657227,0.1434728056192398,466.4852294921875,83.63089752197266,-6.672094821929932,0.19469673931598663,39.40195846557617,18,1.4734641313552856,1.4084385633468628,32.42158508300781,1295.1950298161607,718.5248947734034,44.859609800849945,3.2773465728511777,0.2547968924045563,0.2536492645740509,10.801485061645508,0,8.619791984558105,0.0006306500872597098,161.2896270751953,8.840785026550293,44.859609800849945,3.2773465728511777
1027.4234619140625,107.60511016845703,-7.529373645782471,0.11374000459909439,512.2880249023438,66.7557373046875,-6.773785591125488,0.1415155678987503,512.2484741210938,114.45393371582031,-6.7737016677856445,0.24264976382255554,29.05394744873047,17,1.8845288753509521,1.1064790487289429,77.03731536865234,1679.3934119914152,725.1376500211535,44.86010272741498,3.249226039171077,0.3154447674751282,0.3149983584880829,10.33238410949707,2,8.640481948852539,0.0006322153494693339,538.2245483398438,11.307172775268555,44.86010272741498,3.249226039171077
599.5460205078125,84.88965606689453,-6.94455623626709,0.15376661717891693,249.96405029296875,66.18488311767578,-5.994693756103516,0.2875484824180603,237.4853057861328,67.29061889648438,-5.939091682434082,0.3077142536640167,28.448686599731445,14,1.3370656967163086,1.0678484439849854,-17.166301727294922,1694.5627982678895,717.8257150722377,44.85956735476052,3.248116260041222,0.2954079806804657,0.2943877577781677,22.392000198364258,0,7.138850212097168,0.0005223456537351012,224.08273315429688,8.022394180297852,44.8595673547605,3.24811626004121
1470.5296630859375,45.11867904663086,-7.918684482574463,0.03332056850194931,1358.260986328125,68.45848083496094,-7.832458019256592,0.054736096411943436,1416.45166015625,44.96381378173828,-7.878004550933838,0.0344739630818367,300.3477478027344,14,0.7781041264533997,0.6593618988990784,-64.16578674316406,811.5578675400866,717.6069071978951,44.85952933619768,3.3127394210512033,0.02813398838043213,0.02741439826786518,-34.8812141418457,0,1.9577909708023071,0.00014322152128443122,1266.78369140625,4.6686248779296875,44.859529336197674,3.3127394210511962
567.2714233398438,81.17945861816406,-6.884477138519287,0.15541218221187592,322.72088623046875,66.38825225830078,-6.272067546844482,0.22340556979179382,291.2994384765625,89.78500366210938,-6.160849094390869,0.33472949266433716,25.610488891601562,14,1.7878344058990479,1.3763419389724731,-72.77005767822266,1896.6274484723879,724.6767574203835,44.86007300061085,3.233324855500689,0.418451726436615,0.4171496033668518,-50.26926803588867,0,9.391022682189941,0.0006871625664643943,-237.2073211669922,10.727006912231445,44.86007300061085,3.2333248555006886
748.888671875,91.68341064453125,-7.1860432624816895,0.13295458257198334,421.9164733886719,66.56851196289062,-6.563066005706787,0.1713452935218811,391.3683166503906,106.5363540649414,-6.481464385986328,0.29562556743621826,36.640010833740234,19,2.532792568206787,1.3450546264648438,-64.10420227050781,898.2590320755647,732.5112772276515,44.86062378040747,3.306393725743916,0.414458692073822,0.4125959873199463,-28.38446617126465,0,11.058510780334473,0.00080899428576231,-599.254150390625,15.196755409240723,44.86062378040747,3.306393725743916
10872.8154296875,230.027099609375,-10.09085464477539,0.02297559753060341,3442.840087890625,72.44734191894531,-8.842291831970215,0.022852590307593346,9827.4912109375,237.56109619140625,-9.981106758117676,0.026252005249261856,105.00779724121094,243,4.0995659828186035,3.9821345806121826,-88.65266418457031,1172.4699143093324,776.1496978488567,44.86382817545152,3.286323330334993,0.09873245656490326,0.09821567684412003,-58.34962463378906,3,13.328367233276367,0.000975092698354274,9942.2783203125,24.597396850585938,44.86382817545154,3.2863233303349992
661.643310546875,89.64521026611328,-7.051559925079346,0.1471407562494278,260.2117614746094,66.18032836914062,-6.0383172035217285,0.2762052118778229,304.1048583984375,81.27738189697266,-6.207558631896973,0.2902526259422302,22.0570011138916,14,2.287743091583252,0.8569363355636597,38.44105529785156,1910.8411780525678,739.2073746676584,44.86113775565822,3.2322833216256086,0.5652100443840027,0.5619844198226929,29.598777770996094,0,8.376269340515137,0.0006129086250439286,-305.0351257324219,13.726458549499512,44.86113775565822,3.2322833216256086
4358.48828125,117.23467254638672,-9.098340034484863,0.029211241751909256,3243.58935546875,72.16171264648438,-8.777565002441406,0.02416077069938183,3909.939453125,131.1997528076172,-8.980424880981445,0.03644121065735817,192.0131072998047,78,2.683607339859009,1.83123779296875,50.63434600830078,806.3396045024347,760.2623540306768,44.86265397598916,3.313117420441401,0.05246667563915253,0.0520128533244133,12.919676780700684,0,4.735028266906738,0.00034638275974430144,3491.09423828125,16.10164451599121,44.86265397598916,3.313117420441401
6018.01220703125,188.55340576171875,-9.44863224029541,0.034026019275188446,2420.580078125,70.54470825195312,-8.459798812866211,0.03165007755160332,5716.89990234375,198.55459594726562,-9.392901420593262,0.037718046456575394,83.28886413574219,145,3.7425990104675293,3.0376713275909424,73.48782348632812,1032.4062085068404,766.7812560166694,44.86313811553239,3.2965741332021294,0.1293839067220688,0.12847785651683807,71.49937438964844,2,12.266356468200684,0.0008973709191195667,4836.3388671875,22.45559310913086,44.86313811553239,3.2965741332021294
3389.70166015625,157.88697814941406,-8.825403213500977,0.05058417469263077,1548.573486328125,68.89118194580078,-7.97482967376709,0.04831273853778839,2962.692626953125,158.44322204589844,-8.679216384887695,0.05807870253920555,57.82225799560547,87,3.9093360900878906,1.886343240737915,-83.02195739746094,1390.3046870517717,778.4728839612895,44.864003737939825,3.270380803199266,0.17400847375392914,0.1725400686264038,-84.01788330078125,2,15.046870231628418,0.0011008699657395482,701.042724609375,23.456016540527344,44.8640037379398,3.270380803199253
3359.231201171875,125.75330352783203,-8.81559944152832,0.04065456613898277,2242.679931640625,70.24444580078125,-8.376917839050293,0.034015316516160965,2983.84033203125,132.5076904296875,-8.686939239501953,0.04822756350040436,124.06758880615234,74,2.549565076828003,1.9898706674575806,-34.807289123535156,67.83752123943752,770.0211446560081,44.86334261103016,3.3671474713089022,0.08200573176145554,0.08157362043857574,49.378971099853516,0,7.435321807861328,0.0005438100197352469,2737.766845703125,15.29738998413086,44.86334261103016,3.3671474713089022
438.69256591796875,70.76628112792969,-6.605400562286377,0.17518459260463715,255.22276306152344,66.27359008789062,-6.017298698425293,0.28200116753578186,237.9635467529297,78.4771499633789,-5.9412760734558105,0.35814806818962097,32.44537353515625,11,1.8851265907287598,0.9631825089454651,85.144287109375,100.47877345166023,750.0887175630799,44.86188383150867,3.3647616715306756,0.5173472166061401,0.5147267580032349,-74.01365661621094,0,8.058874130249023,0.0005894260248169303,5.185919761657715,11.310759544372559,44.861883831508656,3.364761671530668
529.3610229492188,70.28241729736328,-6.809380054473877,0.14418648183345795,451.1416015625,66.68061065673828,-6.635782241821289,0.16051532328128815,461.8003234863281,70.23709869384766,-6.661135673522949,0.16517417132854462,41.49872589111328,14,1.2832961082458496,1.1577222347259521,-18.248842239379883,1759.8654501267197,748.3018660621884,44.861801281200165,3.2433339700589934,0.28468045592308044,0.2843807339668274,-86.98846435546875,0,6.054386138916016,0.00044299635919742286,458.69415283203125,7.699776649475098,44.86180128120014,3.2433339700589814
1480.507568359375,104.35291290283203,-7.926026344299316,0.07654622197151184,1104.4219970703125,68.12105560302734,-7.607837677001953,0.06698478013277054,1005.948486328125,99.01226806640625,-7.506439208984375,0.10689148306846619,68.19900512695312,38,1.7669315338134766,1.6215401887893677,73.4179916381836,1580.620788957266,762.9617924679476,44.86287166047384,3.256452700780001,0.1364447921514511,0.1358477771282196,75.30906677246094,0,5.9558820724487305,0.0004357696743682027,700.9085693359375,10.60158920288086,44.86287166047384,3.256452700780001
7604.56494140625,189.82264709472656,-9.702686309814453,0.02710837498307228,3044.519775390625,71.82752227783203,-8.708797454833984,0.02562134526669979,6561.6103515625,193.4580841064453,-9.542526245117188,0.032018888741731644,114.33982849121094,168,5.724478721618652,1.8682533502578735,9.881933212280273,994.6366355755625,773.9667617204302,44.86366344024754,3.2993374308572574,0.10365250706672668,0.10105739533901215,7.909641742706299,16,15.673697471618652,0.001146628288552165,2942.5751953125,34.34687042236328,44.86366344024754,3.299337430857257
383.2911376953125,67.80297088623047,-6.458821773529053,0.19210991263389587,385.6913146972656,66.31238555908203,-6.465599536895752,0.18671731650829315,182.98802185058594,63.905357360839844,-5.656056880950928,0.3792664408683777,24.808452606201172,5,1.4507012367248535,0.3680984377861023,-83.28282165527344,682.775399763316,758.4524902521356,44.86251751490029,3.3221589795149002,0.34135350584983826,0.3409382402896881,55.830108642578125,2,4.330170631408691,0.00031675660284236073,95.69294738769531,8.704207420349121,44.862517514900276,3.3221589795148923
49473.35546875,193.07884216308594,-11.735928535461426,0.0042383139953017235,38781.1015625,122.56912994384766,-11.471549987792969,0.0034323439467698336,48120.046875,178.64320373535156,-11.705815315246582,0.004031719174236059,2232.291259765625,232,2.3809635639190674,2.3351876735687256,24.58736801147461,468.99424248106175,800.8187741531309,44.865613805082056,3.3377966635934655,0.007653134409338236,0.007576277479529381,-5.146585464477539,0,4.046765327453613,0.0002960037090815604,49625.83984375,14.285781860351562,44.865613805082056,3.3377966635934655
5764.5615234375,140.2624969482422,-9.401915550231934,0.02642439864575863,3575.111083984375,72.79342651367188,-8.883223533630371,0.022112226113677025,5838.14892578125,171.26333618164062,-9.415687561035156,0.031858041882514954,153.7350311279297,108,2.759779930114746,2.360119104385376,56.292354583740234,1157.1507109388829,786.7742701232161,44.86460608867678,3.2874435187657207,0.06837358325719833,0.06776060909032822,54.77720642089844,3,6.621548652648926,0.00048442339175380766,6251.9951171875,16.558679580688477,44.86460608867678,3.2874435187657207
1255.317626953125,112.69490051269531,-7.746883869171143,0.09749457985162735,798.9273071289062,67.2951431274414,-7.25626802444458,0.09147580713033676,936.6707153320312,107.24091339111328,-7.428967475891113,0.12433785945177078,38.689903259277344,33,2.254621744155884,1.499098300933838,8.319507598876953,873.993243481359,770.9600761485984,44.863439685684966,3.308165962620451,0.26990818977355957,0.26848822832107544,-7.109130382537842,0,11.014676094055176,0.0008057694649323821,372.41839599609375,13.527730941772461,44.86343968568496,3.308165962620443
361.2232971191406,64.46048736572266,-6.394439220428467,0.1937972754240036,259.91278076171875,66.25746154785156,-6.037068843841553,0.27684521675109863,234.13389587402344,66.64297485351562,-5.923660755157471,0.30911487340927124,27.580167770385742,9,2.103747844696045,0.6060738563537598,54.9205322265625,1290.9870070441023,767.7816316943918,44.86321815359873,3.2776504502693786,0.4083617627620697,0.4061098098754883,43.338165283203125,0,6.742215156555176,0.0004932703450322151,-102.67000579833984,12.62248706817627,44.86321815359872,3.277650450269372
357.4480895996094,63.70313262939453,-6.383032321929932,0.19354307651519775,178.79714965820312,65.98420715332031,-5.630901336669922,0.400782972574234,236.74334716796875,47.92292785644531,-5.935694694519043,0.21983426809310913,30.20553207397461,9,1.1038283109664917,0.6010257005691528,-66.60791778564453,1921.3785502877683,762.5281649237589,44.86284639113515,3.2315102518348247,0.293392151594162,0.2916407287120819,-75.48680877685547,0,4.8388800621032715,0.0003540678007993847,176.69082641601562,6.622969627380371,44.862846391135164,3.2315102518348304
517.2785034179688,78.5536880493164,-6.784311294555664,0.16491948068141937,131.3305206298828,65.91083526611328,-5.295914173126221,0.5450307130813599,147.28765869140625,60.37345504760742,-5.420415878295898,0.44515320658683777,20.441078186035156,10,1.940773844718933,0.5786898732185364,-65.23265838623047,627.642211034857,776.0982101509686,44.86380835171537,3.3261913898839173,0.749147355556488,0.7472734451293945,34.754085540771484,0,6.323127746582031,0.0004625340807251632,-208.7069854736328,11.64464282989502,44.86380835171537,3.3261913898839177
35012.3515625,258.4894104003906,-11.360552787780762,0.008017728105187416,9257.759765625,82.89710998535156,-9.916264533996582,0.009724410250782967,33632.8828125,277.0219421386719,-11.316909790039062,0.008944991044700146,266.1955261230469,430,7.057804107666016,2.8933866024017334,-29.713844299316406,512.7053874048684,826.5298832209729,44.86749872262396,3.3345961303694054,0.04504883289337158,0.041826553642749786,-31.456153869628906,0,19.758811950683594,0.0014452748000621796,29850.509765625,42.346824645996094,44.867498722623964,3.334596130369413
2609.918701171875,99.87823486328125,-8.5415678024292,0.04155982285737991,2109.865234375,69.93376922607422,-8.310636520385742,0.03599664941430092,2267.881591796875,103.2806167602539,-8.389050483703613,0.04945705831050873,120.45369720458984,52,1.8727575540542603,1.6026058197021484,-77.05661010742188,1047.9558893548624,791.420873277709,44.8649435381027,3.295434070170443,0.06985430419445038,0.06942625343799591,8.592135429382324,0,4.780867576599121,0.00034975202288478613,2193.685791015625,11.23654556274414,44.8649435381027,3.2954340701704434
1178.7313232421875,109.05147552490234,-7.678536891937256,0.1004723459482193,714.5070190429688,67.0960922241211,-7.135016441345215,0.10198130458593369,715.8902587890625,91.3797378540039,-7.137115955352783,0.13862235844135284,37.96226119995117,27,1.8349716663360596,1.3272958993911743,-3.6276369094848633,582.1114087790353,780.9143437601762,44.86415963668229,3.3295223159201717,0.23360306024551392,0.23303315043449402,-29.853975296020508,0,9.342690467834473,0.0006834038067609072,276.2428283691406,11.009830474853516,44.86415963668229,3.3295223159201717
502.39117431640625,77.31375885009766,-6.752604961395264,0.16712622344493866,473.8549499511719,66.65042877197266,-6.689113616943359,0.15275216102600098,629.0042724609375,126.68739318847656,-6.996634006500244,0.2187306433916092,28.300769805908203,12,1.6422104835510254,0.9286855459213257,-62.64232635498047,1691.6797924141435,782.0850232522737,44.86427484648517,3.248322322957491,0.3866911232471466,0.38587528467178345,78.22552490234375,2,7.380419731140137,0.0005400061490945518,557.6743774414062,9.853262901306152,44.86427484648517,3.2483223229574905
594.9024658203125,82.10047149658203,-6.936114311218262,0.14987517893314362,527.692138671875,66.81328582763672,-6.8059515953063965,0.13750296831130981,650.815673828125,121.87820434570312,-7.033645153045654,0.20337514579296112,37.962486267089844,15,2.0146918296813965,0.8610901236534119,-58.49535369873047,952.9641810572653,788.5309737397474,44.86472915852869,3.302385629882834,0.38576582074165344,0.3846821188926697,-45.313934326171875,2,7.875910758972168,0.0005761621869169176,365.6739196777344,12.088150978088379,44.86472915852869,3.302385629882834
2419.92578125,149.9671173095703,-8.459505081176758,0.06730135530233383,1097.4898681640625,67.90509796142578,-7.601001262664795,0.06719418615102768,1528.04736328125,119.68397521972656,-7.960341930389404,0.085060715675354,65.23789978027344,49,2.30818772315979,1.8206177949905396,66.05130767822266,1746.1266903489418,806.1189717266221,44.86603655176743,3.2443351747652125,0.17615123093128204,0.1759663075208664,82.33148956298828,3,8.122440338134766,0.0005942984716966748,2273.190673828125,13.849126815795898,44.86603655176743,3.2443351747652125
341.03350830078125,57.80805587768555,-6.3319926261901855,0.1840861588716507,449.1694030761719,66.72798919677734,-6.631025314331055,0.16133466362953186,574.9183959960938,97.97222900390625,-6.899015426635742,0.18506598472595215,36.85887908935547,9,0.9894855618476868,0.8215027451515198,32.54378128051758,594.7259508027771,786.2748805928693,44.86455273928159,3.3285988450487913,0.36811563372612,0.36585718393325806,18.289236068725586,2,4.04290771484375,0.00029573289793916047,625.7508544921875,5.93691349029541,44.86455273928159,3.328598845048791
1913.994140625,141.35523986816406,-8.204851150512695,0.08020494133234024,745.3204956054688,67.26162719726562,-7.1808576583862305,0.09800633788108826,1789.0848388671875,169.74522399902344,-8.131577491760254,0.1030377671122551,39.34182357788086,41,3.233466148376465,1.3606982231140137,89.57222747802734,1738.9146020440082,809.5054944669055,44.86628449614236,3.244862811224257,0.3797386884689331,0.37693679332733154,-65.26451873779297,3,12.57308578491211,0.0009199383202940226,1785.0238037109375,19.40079689025879,44.86628449614237,3.2448628112242632
1115.522216796875,108.86566162109375,-7.6186957359313965,0.10598453879356384,741.2498168945312,67.2532730102539,-7.1749114990234375,0.0985323041677475,940.2107543945312,108.83407592773438,-7.43306303024292,0.1257099062204361,40.8968391418457,29,2.4542582035064697,1.4315634965896606,15.657629013061523,1987.1035962912104,798.6792610706614,44.86549583164827,3.2266964146843757,0.25429800152778625,0.25378718972206116,-28.987823486328125,2,11.2310209274292,0.0008217878057621419,-29.28173065185547,14.725549697875977,44.86549583164827,3.2266964146843757
415.9586181640625,62.544315338134766,-6.547625541687012,0.1632929891347885,366.2079162597656,66.5302734375,-6.4093194007873535,0.19729740917682648,346.8782653808594,61.5296630859375,-6.350442886352539,0.1926359236240387,30.322874069213867,11,1.138041377067566,1.024753212928772,-40.854122161865234,1640.4168981771693,792.669228650069,44.865049182201,3.2520736706856352,0.2953927516937256,0.29492172598838806,31.02065086364746,0,6.444807529449463,0.000471542589366436,248.43557739257812,6.828248023986816,44.86504918220101,3.2520736706856415
568.88671875,70.33708190917969,-6.887564659118652,0.13427290320396423,493.4903869628906,66.76826477050781,-6.73319673538208,0.1469336301088333,540.3554077148438,85.77759552001953,-6.831698894500732,0.17239481210708618,39.72249984741211,15,1.6729670763015747,1.282812476158142,-79.51716613769531,1058.5799143891736,799.4253358784572,44.865530197602055,3.2946559126873503,0.3244640827178955,0.3220812976360321,-83.89180755615234,0,7.738348960876465,0.0005661107716150582,415.45751953125,10.037802696228027,44.865530197602055,3.2946559126873503
5449.37158203125,161.6244354248047,-9.340866088867188,0.03220997750759125,2822.435546875,71.2548599243164,-8.62656021118164,0.027417020872235298,4699.1708984375,147.093017578125,-9.180052757263184,0.03399387374520302,132.21353149414062,93,2.617246627807617,2.355026960372925,18.007640838623047,56.85183477043618,825.5713345064594,44.86741123635986,3.367945465661673,0.0854422003030777,0.08495624363422394,22.73464012145996,2,8.109068870544434,0.0005930717452429235,4086.288818359375,15.703479766845703,44.86741123635985,3.3679454656616654
1165.232421875,93.22602081298828,-7.666031360626221,0.0868869200348854,843.3512573242188,67.43716430664062,-7.31502103805542,0.08684016764163971,843.0574951171875,88.71575164794922,-7.314642906188965,0.1142808273434639,56.943058013916016,30,1.8288284540176392,1.2802376747131348,-33.061668395996094,2008.578996772339,804.4336206243482,44.86591772595577,3.2251239462598744,0.14479319751262665,0.1440635770559311,-71.62153625488281,0,5.9962334632873535,0.000438752758782357,573.5442504882812,10.972970962524414,44.86591772595577,3.225123946259874
465.2500915527344,71.09062957763672,-6.669216156005859,0.1659417748451233,361.1622314453125,66.39066314697266,-6.394255638122559,0.19963400065898895,344.8424987792969,62.904441833496094,-6.344051837921143,0.1981026828289032,28.502300262451172,12,1.6868151426315308,0.711027979850769,41.87063980102539,1615.7294053279188,798.3562228385638,44.86546528364694,3.2538801919661324,0.34312179684638977,0.34073737263679504,41.68971633911133,0,6.5368757247924805,0.00047827520756982267,41.08285903930664,10.120890617370605,44.86546528364694,3.2538801919661324
3138.620849609375,171.8438262939453,-8.741847038269043,0.059459999203681946,1146.1826171875,68.0797348022461,-7.648134708404541,0.06450507044792175,2523.29931640625,172.09576416015625,-8.504921913146973,0.0740681067109108,49.12752151489258,39,2.155039072036743,1.5882188081741333,39.24448776245117,216.40347474329164,820.2168874145208,44.867025396329296,3.356274233539347,0.2522628605365753,0.2514505088329315,45.71971893310547,2,8.89130687713623,0.0006503124022856355,2488.363037109375,12.930234909057617,44.86702539632928,3.3562742335393385
824.552001953125,95.89241027832031,-7.2905449867248535,0.12629786133766174,485.9914245605469,66.64982604980469,-6.71657133102417,0.1489361822605133,567.222412109375,99.6980209350586,-6.884383678436279,0.19088111817836761,29.12811279296875,21,2.1933488845825195,1.3567928075790405,49.02817153930664,1923.3752950262422,811.4928188881137,44.86643343665182,3.2313604571409846,0.4482562839984894,0.44726964831352234,81.48848724365234,0,10.332590103149414,0.0007560349768027663,-91.07328033447266,13.160093307495117,44.86643343665182,3.2313604571409846
43404.3203125,313.716796875,-11.593832015991211,0.007849367335438728,8406.6923828125,81.40367126464844,-9.811562538146973,0.010515953414142132,35917.0390625,348.295654296875,-11.388251304626465,0.010531187988817692,252.488037109375,625,6.397773742675781,5.293553829193115,-24.663965225219727,21.169426639995887,872.2047639947817,44.870825558569905,3.3705508706460243,0.044692374765872955,0.04409940913319588,22.45431900024414,16,15.871177673339844,0.001160734216682613,18548.1328125,38.38664245605469,44.870825558569905,3.370550870646024
5434.39306640625,104.06941223144531,-9.33787727355957,0.020797057077288628,4557.7353515625,74.61141204833984,-9.146872520446777,0.017778126522898674,5424.37255859375,113.25186920166016,-9.3358736038208,0.022673871368169785,244.84515380859375,71,1.9195761680603027,1.772901177406311,-42.50350570678711,172.89472839076586,824.6000992978882,44.867344764867745,3.3594566899018425,0.038624025881290436,0.03853244706988335,-28.333574295043945,3,4.376823425292969,0.00032011751318350434,5154.4716796875,11.517457008361816,44.86734476486774,3.3594566899018345
353.5973205566406,62.82958984375,-6.371272563934326,0.19296790659427643,249.51820373535156,66.15801239013672,-5.99275541305542,0.28794533014297485,299.086669921875,72.32959747314453,-6.189492702484131,0.26263269782066345,33.216529846191406,9,1.7470594644546509,0.6709297299385071,-16.48333740234375,885.5841937371691,806.0975743850399,44.8660140174722,3.307314645286812,0.6339046359062195,0.6313661932945251,-56.7155876159668,2,6.4614033699035645,0.00047267344780266285,155.7574462890625,10.482357025146484,44.866014017472196,3.3073146452868047
2754.2490234375,104.64606475830078,-8.600008010864258,0.041261930018663406,2122.173583984375,70.0316390991211,-8.3169527053833,0.03583795204758644,2576.05517578125,109.33174896240234,-8.527387619018555,0.046091511845588684,125.32392883300781,56,2.0666565895080566,1.6657257080078125,18.157180786132812,163.40146974749382,819.8235056977428,44.866994505109254,3.3601516431575615,0.08301965147256851,0.08246876299381256,4.149312496185303,3,5.380082607269287,0.00039349484723061323,2429.660400390625,12.39993953704834,44.866994505109254,3.3601516431575615
949.6873779296875,90.09746551513672,-7.443951606750488,0.1030295342206955,701.0895385742188,67.09405517578125,-7.114433765411377,0.10392986983060837,766.8284912109375,96.92325592041016,-7.211745738983154,0.1372649222612381,42.13847351074219,25,2.191298723220825,1.2896760702133179,-45.85182189941406,1540.124767133129,822.1298866053788,44.86720523750578,3.2594119732922424,0.19683265686035156,0.19631801545619965,-25.679096221923828,0,9.98762321472168,0.0007307322230190039,652.302978515625,13.14779281616211,44.86720523750577,3.2594119732922358
346.302001953125,60.6865234375,-6.348637580871582,0.19031240046024323,383.86785888671875,66.4895248413086,-6.46045446395874,0.18810541927814484,442.9102783203125,94.66458129882812,-6.615789413452148,0.23211413621902466,32.27634048461914,9,0.9718132615089417,0.7604600191116333,-84.87986755371094,1871.1081708763,811.7211660350871,44.86644925282192,3.2351863823081857,0.3979603052139282,0.3963771164417267,47.5935173034668,2,5.11265230178833,0.0003740884712897241,345.8768005371094,5.8308796882629395,44.86644925282192,3.2351863823081857
351.84136962890625,62.38608169555664,-6.3658671379089355,0.1925620138645172,485.9879150390625,66.70130157470703,-6.716563701629639,0.14905229210853577,960.3903198242188,151.1121368408203,-7.456119537353516,0.1708761304616928,27.27086639404297,9,2.614985466003418,0.6887086629867554,54.022789001464844,214.60408061706448,819.5680353088793,44.86697779791967,3.3564059344286816,0.311601459980011,0.31068599224090576,-59.6094856262207,3,8.02580451965332,0.0005870085442438722,1169.013427734375,15.689912796020508,44.86697779791967,3.3564059344286816
2294.54052734375,107.4287338256836,-8.401739120483398,0.050845738500356674,1734.0301513671875,69.18759155273438,-8.097641944885254,0.043331265449523926,2135.316650390625,110.72837829589844,-8.32365608215332,0.056315310299396515,76.51600646972656,52,1.981040596961975,1.8007582426071167,86.835205078125,886.5040416516185,827.5274152073222,44.86758385371527,3.3072454076168705,0.11590444296598434,0.11562824994325638,55.7957649230957,0,6.910911560058594,0.0005055515212006867,1673.9105224609375,11.88624382019043,44.86758385371527,3.3072454076168705
4488.8388671875,51.13275909423828,-9.130334854125977,0.012370721437036991,4531.37646484375,74.60862731933594,-9.140575408935547,0.0178808756172657,4469.54150390625,52.718379974365234,-9.125657081604004,0.012809403240680695,1033.214599609375,14,1.1342049837112427,0.42807283997535706,-48.42395782470703,156.07812553694527,819.4189738902882,44.86696458325252,3.360687417769173,0.014536689966917038,0.012031235732138157,-53.69430923461914,0,3.488403797149658,0.00025513849686831236,4492.32177734375,6.805230140686035,44.866964583252525,3.360687417769181
988.0440673828125,99.64570617675781,-7.486940860748291,0.10952470451593399,537.6087646484375,66.88512420654297,-6.826165676116943,0.1351117193698883,736.0159301757812,95.54139709472656,-7.167218208312988,0.14097243547439575,44.416141510009766,16,2.1413824558258057,1.2600502967834473,-66.84505462646484,1572.8683080030444,825.3780016145595,44.86744387993508,3.2570151622570096,0.3745124340057373,0.37222927808761597,-37.98109817504883,2,9.83637809753418,0.0007196702645160258,205.0107879638672,12.848295211791992,44.86744387993508,3.2570151622570096
870.3447875976562,91.44136810302734,-7.349228382110596,0.11409883201122284,686.4052124023438,67.03822326660156,-7.091451644897461,0.10606490820646286,1130.2960205078125,138.22410583496094,-7.6329803466796875,0.13280713558197021,49.34404373168945,23,1.872007131576538,1.2724114656448364,72.54612731933594,957.1967544018391,829.7376235093676,44.86774783295302,3.3020722426461933,0.3081825077533722,0.3076200485229492,-89.37443542480469,2,7.016860485076904,0.0005133104859851301,1283.9134521484375,11.23204231262207,44.86774783295302,3.3020722426461933
25364.25390625,286.0179748535156,-11.010555267333984,0.012246191501617432,8192.9453125,81.12489318847656,-9.783599853515625,0.010753353126347065,24578.412109375,307.67584228515625,-10.976384162902832,0.013594692572951317,362.0057067871094,460,6.126880645751953,4.35321044921875,-50.45451736450195,809.8988747118361,892.6956525593928,44.87235517763538,3.312844898053679,0.048343125730752945,0.047823239117860794,-89.23906707763672,0,10.307430267333984,0.0007539805374108255,24008.556640625,36.76128387451172,44.87235517763536,3.3128448980536724
384030.84375,402.0892028808594,-13.960915565490723,0.0011370672145858407,298242.78125,294.4075927734375,-13.68642520904541,0.001072034821845591,372345.96875,353.7774658203125,-13.927366256713867,0.00103184231556952,16228.048828125,570,2.6374101638793945,2.5599801540374756,6.679379463195801,1255.5690185650467,893.2308262060611,44.87240692234067,3.280231897878322,0.002418432617560029,0.0023812761064618826,1.101104497909546,0,4.038573265075684,0.0002954498340841383,383135.9375,15.824460983276367,44.87240692234067,3.2802318978783216
2273.87255859375,116.55923461914062,-8.391915321350098,0.05566861107945442,1606.798583984375,69.18168640136719,-8.014904022216797,0.04675838723778725,1825.33837890625,112.2685775756836,-8.153358459472656,0.06679511070251465,66.26229858398438,55,2.042137384414673,1.8248107433319092,67.10131072998047,26.458941740401354,838.7858475919015,44.868377926183356,3.3701673759635784,0.11795854568481445,0.11719919741153717,37.87345504760742,0,6.846865653991699,0.000500751193612814,1120.0079345703125,12.252824783325195,44.868377926183356,3.3701673759635784
947.27392578125,91.29511260986328,-7.441188812255859,0.10466507077217102,699.8707275390625,67.16824340820312,-7.112544536590576,0.10422597825527191,736.6357421875,87.08411407470703,-7.1681318283081055,0.1283854991197586,36.73866271972656,25,1.5327860116958618,1.4252573251724243,-82.86245727539062,418.05679566874466,834.924925359128,44.868110315639996,3.3415200880686995,0.20502854883670807,0.2044048309326172,70.69158935546875,0,7.81622838973999,0.0005717082531191409,549.2947387695312,9.19671630859375,44.868110315639996,3.3415200880686995
1177.381591796875,108.54904174804688,-7.677293300628662,0.10012409090995789,754.802734375,67.1789779663086,-7.194583415985107,0.09665621817111969,1111.8319091796875,151.81678771972656,-7.615097999572754,0.1482895314693451,43.306610107421875,31,2.2482683658599854,1.361984133720398,8.002533912658691,968.8632946136055,834.7590943190725,44.86811600690341,3.3012180796800337,0.27163636684417725,0.27002930641174316,6.150587558746338,3,7.807819366455078,0.0005711724516004324,1196.0128173828125,13.48961067199707,44.8681160069034,3.3012180796800266
299.4683837890625,59.98440933227539,-6.190877437591553,0.2175290286540985,333.4672546386719,66.15165710449219,-6.307632923126221,0.21543554961681366,238.853271484375,53.02910232543945,-5.9453277587890625,0.2411087155342102,23.070539474487305,7,1.1937503814697266,0.695672869682312,-9.666393280029297,1823.309780627437,824.501672084596,44.867384635122356,3.2386841869727085,0.34352269768714905,0.34246405959129333,-63.459468841552734,2,5.425362586975098,0.000396962946979329,205.0886688232422,7.162502288818359,44.86738463512235,3.2386841869727023
154850.203125,279.17669677734375,-12.97477912902832,0.0019579301588237286,121167.0859375,194.37747192382812,-12.70846176147461,0.0017421722877770662,150413.15625,247.7284393310547,-12.943214416503906,0.0017886273562908173,6634.48486328125,364,2.4845874309539795,2.4131243228912354,-9.862504959106445,85.29880571240896,884.7013338444284,44.87174354745564,3.365858501814998,0.00392628088593483,0.0038754071574658155,-3.7664084434509277,0,4.051130294799805,0.00029628208721987903,155042.59375,14.907524108886719,44.87174354745564,3.365858501814998
2772.658203125,116.23208618164062,-8.607240676879883,0.04552600160241127,1981.7919921875,69.80343627929688,-8.242645263671875,0.03825150802731514,2612.170654296875,117.6917953491211,-8.54250431060791,0.04892991483211517,97.78416442871094,62,2.051457405090332,1.9149607419967651,-32.97124099731445,561.8915690574711,850.6286888159575,44.86926567944433,3.3309951372759854,0.09495487809181213,0.09464729577302933,-10.708948135375977,0,5.862232685089111,0.0004287989577278495,2398.313720703125,12.308744430541992,44.86926567944433,3.3309951372759854
486.04742431640625,76.74860382080078,-6.716696739196777,0.17148323357105255,319.1241455078125,66.35491180419922,-6.259899139404297,0.22581002116203308,272.65057373046875,74.03861236572266,-6.089015960693359,0.2949046790599823,23.800880432128906,11,1.9970349073410034,0.810007631778717,-14.773272514343262,378.75447121559347,835.1859124154097,44.86812800426889,3.344395457917372,0.5601828098297119,0.5584285855293274,8.124138832092285,0,7.602968215942383,0.0005561040015891194,-295.6730041503906,11.982209205627441,44.86812800426889,3.3443954579173725
945.48681640625,94.59779357910156,-7.439138889312744,0.10865641385316849,629.5299682617188,66.99784851074219,-6.9975409507751465,0.11557775735855103,760.1028442382812,94.21976470947266,-7.202180862426758,0.13461686670780182,38.39384078979492,25,1.927303433418274,1.3705265522003174,16.254398345947266,277.9179840137404,840.0683405805224,44.86848187763606,3.3517720661510317,0.24377869069576263,0.24315118789672852,10.694753646850586,0,7.88695764541626,0.0005768588162027299,196.0547637939453,11.563820838928223,44.86848187763605,3.3517720661510237
618.916259765625,81.75581359863281,-6.979079723358154,0.14345529675483704,493.5789489746094,66.66554260253906,-6.733391761779785,0.1466812640428543,423.8154602050781,76.5946044921875,-6.567942142486572,0.19626876711845398,48.38519287109375,16,1.7056881189346313,1.012003779411316,-58.68031692504883,801.500475056516,845.361844722854,44.868887683991005,3.3134637707758983,0.25360941886901855,0.25257495045661926,-76.78202819824219,0,6.18387508392334,0.0004523539973888546,85.5394058227539,10.234128952026367,44.86888768399099,3.3134637707758903
1969.7677001953125,131.91847229003906,-8.236037254333496,0.0727311447262764,1063.2672119140625,67.93659210205078,-7.566606044769287,0.06938908249139786,1272.24560546875,115.36734008789062,-7.761427402496338,0.09847857058048248,47.413997650146484,42,2.263514518737793,1.7031038999557495,-2.2657504081726074,339.8442255296005,851.1074354561925,44.86929281747341,3.347240562623808,0.1762019246816635,0.17592968046665192,81.57653045654297,0,10.16882038116455,0.0007437652675434947,1228.6181640625,13.581087112426758,44.86929281747341,3.347240562623808
1250.24658203125,117.53216552734375,-7.742489337921143,0.10209180414676666,517.1721801757812,66.76583862304688,-6.784087657928467,0.14020031690597534,1051.0875244140625,152.0439910888672,-7.5540971755981445,0.15709422528743744,41.120784759521484,25,2.511780023574829,2.0315005779266357,-65.29933166503906,658.4063002522779,862.0463605560391,44.870105269534854,3.3239324071547878,0.5646024942398071,0.5608252286911011,59.17658615112305,3,13.543176651000977,0.00099064945243299,834.6211547851562,15.070680618286133,44.870105269534854,3.3239324071547873
769.2174682617188,90.38101959228516,-7.215122699737549,0.12760213017463684,485.52789306640625,66.59734344482422,-6.715535640716553,0.14896097779273987,530.188720703125,100.07638549804688,-6.8110761642456055,0.20498917996883392,36.65067672729492,9,1.2466598749160767,0.6151926517486572,88.27452850341797,1166.0127302223068,848.7466779783662,44.869146064240475,3.286789652585728,0.2873955965042114,0.28697729110717773,-68.0700912475586,2,5.210099220275879,0.0003811545902863145,664.8406982421875,7.479959487915039,44.86914606424049,3.2867896525857345
1247.791259765625,107.99958038330078,-7.740355014801025,0.09399612247943878,765.828857421875,67.43111419677734,-7.210329532623291,0.09562212973833084,831.6333618164062,105.08340454101562,-7.299829959869385,0.13722462952136993,54.965633392333984,33,2.0180771350860596,1.6159117221832275,43.19723129272461,1871.115016502884,854.8740914728126,44.869610416568804,3.235182623511538,0.1954343169927597,0.19429290294647217,55.682647705078125,0,8.823204040527344,0.000645574415102601,596.5773315429688,12.108463287353516,44.869610416568804,3.235182623511538
634.2737426757812,84.74614715576172,-7.005692005157471,0.1451018899679184,448.9685363769531,66.54727935791016,-6.630539894104004,0.16096973419189453,663.280029296875,116.86023712158203,-7.054242134094238,0.19133731722831726,28.34951400756836,16,1.8147797584533691,1.3366100788116455,-7.976411819458008,85.83194610599662,850.6232567652589,44.86924744126928,3.3658229789161345,0.382301926612854,0.3803693354129791,-46.302127838134766,0,9.323579788208008,0.0006818952388130128,719.66943359375,10.888678550720215,44.86924744126928,3.3658229789161345
2130.303466796875,156.66757202148438,-8.321104049682617,0.07986702024936676,754.6644897460938,67.17869567871094,-7.194384574890137,0.09667351096868515,1090.3648681640625,125.14884185791016,-7.593929767608643,0.12464785575866699,46.96678924560547,24,2.709141254425049,1.6948851346969604,-2.1404573917388916,61.864228895337156,850.5436496920574,44.86924062804706,3.3675762576366215,0.26442983746528625,0.2633296549320221,30.340044021606445,2,9.642765045166016,0.0007052348228171468,709.084716796875,16.25484848022461,44.86924062804706,3.3675762576366215
431.5302429199219,69.31735229492188,-6.587528228759766,0.17444580793380737,315.2996826171875,66.1915512084961,-6.246809005737305,0.22798636555671692,331.9266662597656,72.39227294921875,-6.302605152130127,0.23685355484485626,31.614110946655273,11,1.7865581512451172,0.90020751953125,-22.72503662109375,514.551876098627,849.6863732311003,44.869195020374214,3.334458819764082,0.3783770203590393,0.37748774886131287,-5.216400146484375,0,7.580796241760254,0.0005544985178858042,173.5433807373047,10.719348907470703,44.869195020374214,3.334458819764082
4132.44091796875,99.62474822998047,-9.04051685333252,0.026181252673268318,3455.5576171875,72.68441772460938,-8.846295356750488,0.02284299209713936,3870.16845703125,108.21353149414062,-8.969325065612793,0.030365576967597008,197.173828125,62,2.0269479751586914,1.609981656074524,-54.45619583129883,557.5786997094134,869.916689103098,44.87067837897042,3.3313088514579814,0.04781148582696915,0.047615256160497665,-69.30558776855469,0,4.561651706695557,0.0003336636000312865,3435.865234375,12.161687850952148,44.87067837897041,3.3313088514579743
951.1139526367188,98.13184356689453,-7.445581436157227,0.11204880475997925,608.2420043945312,66.95394897460938,-6.960190773010254,0.11954451352357864,686.1008911132812,102.82627868652344,-7.090970039367676,0.16275934875011444,41.15615463256836,25,2.4580814838409424,1.2805469036102295,37.74460983276367,1145.4109315468845,866.0929598987885,44.87041617572567,3.288295812444677,0.3022516667842865,0.2991984486579895,24.27227783203125,0,10.627958297729492,0.0007774987607263029,-186.7021026611328,14.748489379882812,44.87041617572567,3.2882958124446766
1348.867919921875,83.79436492919922,-7.824923515319824,0.06746448576450348,1148.1787109375,68.00811004638672,-7.650023937225342,0.06432518362998962,1188.59375,120.00885772705078,-7.6875834465026855,0.10965026170015335,62.73932647705078,31,1.70851469039917,1.362671971321106,53.9287223815918,654.2628006732589,867.5691304697544,44.870509677256244,3.3242350587233687,0.11771334707736969,0.11747722327709198,43.56208038330078,1,6.346117973327637,0.00046420085709542036,1506.84033203125,10.25108814239502,44.87050967725624,3.324235058723361
1484.3216552734375,122.73882293701172,-7.9288201332092285,0.08980153501033783,726.7296142578125,67.19791412353516,-7.153432369232178,0.10041826963424683,1058.5369873046875,109.37712097167969,-7.561765193939209,0.1122148334980011,40.642066955566406,23,1.8956077098846436,1.6200625896453857,45.51771926879883,1234.2874395671538,871.6388938756081,44.87082474162775,3.2817911945234233,0.26947757601737976,0.26816046237945557,58.253692626953125,2,8.791683197021484,0.0006431756773963571,1078.4471435546875,11.373645782470703,44.870824741627736,3.281791194523417
412.9814453125,69.8036880493164,-6.539826393127441,0.1835598349571228,210.03456115722656,65.9715576171875,-5.805727005004883,0.34111106395721436,199.93418884277344,58.32707595825195,-5.752217769622803,0.31682026386260986,34.877254486083984,10,1.6165988445281982,0.6614828109741211,-28.43157386779785,1072.5885164071092,860.5338079297229,44.870006986181636,3.2936254259352578,0.32576486468315125,0.3249431848526001,-56.04174041748047,0,5.716975688934326,0.0004182248958386481,-114.8421859741211,9.699592590332031,44.87000698618164,3.2936254259352644
509.0332336425781,75.15505981445312,-6.766865253448486,0.16034001111984253,342.380615234375,66.2998275756836,-6.336272716522217,0.21029698848724365,317.45391845703125,68.71497344970703,-6.254201889038086,0.2350717931985855,35.352317810058594,13,2.097097873687744,0.6971302628517151,-54.30683898925781,1384.0101890829415,875.8264165782749,44.87113516477591,3.270833425183834,0.3168654441833496,0.3141351640224457,-37.83454132080078,0,7.224585056304932,0.0005285479128360748,-513.6436157226562,12.582587242126465,44.87113516477591,3.2708334251838336
1479.96044921875,113.07827758789062,-7.925625324249268,0.08297722041606903,977.3796997070312,67.63500213623047,-7.475158214569092,0.07515157014131546,1209.4693603515625,113.037109375,-7.70648717880249,0.10149765014648438,52.742889404296875,39,1.9944242238998413,1.884520411491394,-47.070926666259766,1025.883007041145,883.672730070017,44.8717006429973,3.297041202387629,0.20753617584705353,0.20672805607318878,72.39791107177734,0,9.116535186767578,0.0006669054855592549,706.440673828125,11.966545104980469,44.8717006429973,3.2970412023876285
583.8842163085938,80.00940704345703,-6.915816783905029,0.1488141268491745,414.0064697265625,66.42302703857422,-6.54251766204834,0.17423738539218903,427.90234375,78.81069946289062,-6.578361511230469,0.20001858472824097,26.198518753051758,10,0.9553743004798889,0.751079261302948,-4.8421454429626465,230.03280397182021,870.672212672632,44.87072173329943,3.3552721343776803,0.2979941666126251,0.2964717447757721,-74.30217742919922,2,4.7647905349731445,0.0003484920598566532,405.0896301269531,5.732245922088623,44.87072173329943,3.3552721343776803
407.4474182128906,68.97338104248047,-6.525178909301758,0.18383990228176117,226.25350952148438,66.13538360595703,-5.886488437652588,0.31744495034217834,284.05096435546875,62.08350372314453,-6.133490562438965,0.23736122250556946,31.137657165527344,10,1.1741288900375366,0.9698638319969177,-19.598230361938477,1089.2570941484823,873.0041810175204,44.87092091967595,3.2924045412366785,0.3598789572715759,0.3587210178375244,-62.63650894165039,0,5.1293110847473145,0.0003752337652258575,76.5755844116211,7.044773101806641,44.870920919675946,3.2924045412366714
687.2647705078125,84.2290267944336,-7.092810153961182,0.13309676945209503,508.91998291015625,66.64583587646484,-6.766623497009277,0.14221759140491486,428.66168212890625,85.09481811523438,-6.580286502838135,0.2155848741531372,41.069801330566406,18,1.8567402362823486,1.146597146987915,51.84653854370117,247.3855825439644,881.1989574278152,44.87149346697819,3.354001625059156,0.24478213489055634,0.2440645843744278,-11.888489723205566,0,8.048358917236328,0.0005886489525437355,291.67333984375,11.14044189453125,44.87149346697819,3.3540016250591558
944.1893920898438,81.65166473388672,-7.437647819519043,0.0939151719212532,797.4537353515625,67.52127838134766,-7.254263877868652,0.09195280075073242,832.916748046875,77.32872772216797,-7.301504135131836,0.10082519799470901,47.01190948486328,24,1.438044786453247,1.2038030624389648,15.6148042678833,844.4602979624351,882.6452361382749,44.87162005040611,3.310316891680792,0.16045153141021729,0.15940912067890167,14.618256568908691,0,5.63530969619751,0.0004122241516597569,498.98822021484375,8.62826919555664,44.87162005040611,3.310316891680792
346.2982482910156,60.685142517089844,-6.348625659942627,0.19031013548374176,195.1487274169922,66.1223373413086,-5.725914478302002,0.3679698705673218,182.33197021484375,65.88748931884766,-5.652156829833984,0.39243701100349426,32.146339416503906,9,1.8346035480499268,0.7270530462265015,59.424503326416016,1734.847355941466,892.8004628651273,44.87238609886751,3.245154038133257,0.46380743384361267,0.4599854648113251,60.15444564819336,0,6.897662162780762,0.0005046647856943309,-44.705718994140625,11.007621765136719,44.87238609886751,3.245154038133257
791.1683349609375,94.50247955322266,-7.245672225952148,0.12971916794776917,516.4052734375,66.68708801269531,-6.782476425170898,0.14024290442466736,653.4087524414062,97.64436340332031,-7.037962436676025,0.16229011118412018,27.905006408691406,20,2.1961922645568848,1.2882442474365234,-49.80662155151367,401.39704198172785,900.6733475460017,44.87292571757902,3.342732518683253,0.37588587403297424,0.37414661049842834,-53.9431037902832,0,10.073497772216797,0.000736790185328573,4.2060651779174805,13.177153587341309,44.87292571757902,3.3427325186832526
1588.2130126953125,122.230712890625,-8.00227165222168,0.08357981592416763,936.0696411132812,67.47433471679688,-7.42827033996582,0.0782817080616951,1331.2723388671875,113.18582916259766,-7.810667037963867,0.09233257919549942,44.12699508666992,42,2.090961456298828,1.8422119617462158,72.87024688720703,1201.7107032028193,904.5978079425357,44.87323817971762,3.2841723957108115,0.2339695692062378,0.23324421048164368,66.99603271484375,0,11.209856033325195,0.0008200652082450688,1060.25341796875,12.545768737792969,44.87323817971762,3.284172395710812
359.62530517578125,64.14999389648438,-6.389625549316406,0.1937207728624344,323.49237060546875,66.338134765625,-6.274660110473633,0.22270452976226807,311.6719970703125,76.39213562011719,-6.234244346618652,0.2661832273006439,27.579757690429688,9,1.6316560506820679,1.0801548957824707,88.25818634033203,1435.4750469048383,901.2572595016239,44.87299921543661,3.2670647518664535,0.4573613703250885,0.455776572227478,-48.92252731323242,0,7.938835144042969,0.0005808023852296174,96.83934783935547,9.789936065673828,44.87299921543661,3.267064751866453
1631.0596923828125,100.80671691894531,-8.031174659729004,0.06711961328983307,1217.3956298828125,68.09813690185547,-7.713579177856445,0.06074818968772888,1281.511962890625,100.25554656982422,-7.769306659698486,0.0849602073431015,68.53343200683594,40,1.8460532426834106,1.572264313697815,75.43218994140625,1322.7391186066684,913.8891744242868,44.87392182994236,3.2753143776305427,0.12432041764259338,0.12419025599956512,-6.957139492034912,0,6.241366863250732,0.0004566025163512677,725.8223266601562,11.076319694519043,44.87392182994237,3.2753143776305484
706.236572265625,71.00262451171875,-7.12237548828125,0.10918274521827698,693.2903442382812,67.15471649169922,-7.102287769317627,0.10519405454397202,733.3578491210938,78.80152893066406,-7.163290023803711,0.11669399589300156,48.11164474487305,18,1.602264642715454,1.1615809202194214,52.49187088012695,1993.3316698420372,907.9687460186443,44.87350183166369,3.2262324368742146,0.2228740155696869,0.22238165140151978,-74.41343688964844,0,8.159852981567383,0.0005970392376184464,342.02716064453125,9.613588333129883,44.87350183166369,3.2262324368742146
838.669677734375,92.68190002441406,-7.308977127075195,0.12001452594995499,545.2892456054688,66.74687194824219,-6.841567516326904,0.13293330371379852,684.533447265625,91.33232879638672,-7.088486671447754,0.14489710330963135,49.00230026245117,22,1.8468067646026611,1.30377197265625,85.50957489013672,1618.8895715723684,917.1344810920109,44.87416626148251,3.253639429601247,0.27734506130218506,0.2759042978286743,82.71166229248047,2,7.212342739105225,0.0005276697338558733,592.3494873046875,11.080841064453125,44.8741662614825,3.253639429601242
1099.2906494140625,98.0788345336914,-7.602781295776367,0.09689304232597351,711.235595703125,67.11493682861328,-7.130033493041992,0.10247915238142014,834.287841796875,107.50883483886719,-7.303289890289307,0.13994522392749786,42.267181396484375,29,2.178265333175659,1.5615755319595337,6.0691423416137695,2026.228370300796,917.0785249428184,44.874169668085464,3.2238236961144437,0.2251509577035904,0.22380401194095612,-24.47222137451172,0,11.050003051757812,0.0008085074368864298,-656.8150024414062,13.069591522216797,44.874169668085464,3.2238236961144437
1928.8568115234375,132.72625732421875,-8.213250160217285,0.0747285708785057,932.6232299804688,67.51813507080078,-7.424265384674072,0.0786219984292984,1316.9842529296875,102.00115966796875,-7.798951625823975,0.0841113030910492,45.156166076660156,34,2.156534194946289,1.373810052871704,60.988807678222656,1706.2240946027987,936.4897536290393,44.87558581512732,3.2472456502782916,0.24915450811386108,0.24678273499011993,75.54808044433594,2,9.603717803955078,0.0007026343955658376,995.2822875976562,12.939205169677734,44.87558581512732,3.2472456502782916
17852.783203125,180.3260955810547,-10.629264831542969,0.010969390161335468,10149.525390625,84.39004516601562,-10.016114234924316,0.00902974046766758,17314.921875,188.88182067871094,-10.596051216125488,0.011846756562590599,405.388916015625,217,3.433476209640503,2.722153902053833,18.207271575927734,1995.1718694985284,954.4197714849236,44.87690441476761,3.2260942633223384,0.028685130178928375,0.02815745212137699,1.8703856468200684,2,5.9101243019104,0.00043242276296950877,17814.462890625,20.60085678100586,44.87690441476761,3.2260942633223384
575.80126953125,83.55175018310547,-6.900681495666504,0.15758423507213593,300.46124267578125,66.21244812011719,-6.1944708824157715,0.23932112753391266,272.4721984863281,103.52024841308594,-6.088305473327637,0.4126035273075104,27.452213287353516,13,1.900197982788086,1.1419312953948975,-1.4297057390213013,363.50621955050786,920.6233661825506,44.874385594737205,3.345502624356623,0.424211710691452,0.4233260154724121,-46.52207565307617,1,8.81537914276123,0.0006447574705816805,320.4373474121094,11.401187896728516,44.874385594737205,3.345502624356623
491.5470886230469,67.66220092773438,-6.728912830352783,0.14948953688144684,370.65484619140625,66.46207427978516,-6.42242431640625,0.19473052024841309,421.6611328125,70.15812683105469,-6.562408924102783,0.18069420754909515,32.66571044921875,13,1.4624418020248413,0.9983142614364624,-28.195457458496094,537.7039466117651,921.7743899060606,44.87447618278524,3.332757998259575,0.29369208216667175,0.29299288988113403,-16.13669204711914,0,7.21966028213501,0.0005280702607706189,98.05366516113281,8.774650573730469,44.87447618278522,3.3327579982595674
15933.2412109375,134.52972412109375,-10.505760192871094,0.009169463999569416,12823.20703125,88.6383056640625,-10.269991874694824,0.007506796158850193,15626.2939453125,136.5556182861328,-10.484640121459961,0.00949037540704012,689.2540893554688,124,2.132215738296509,2.0238699913024902,20.435426712036133,1775.5912750230195,947.2463111629976,44.8763750752713,3.2421675312440272,0.016648506745696068,0.01650170236825943,6.26314640045166,0,4.07990026473999,0.0002984996826853603,15884.0146484375,12.793294906616211,44.8763750752713,3.242167531244027
345.75787353515625,60.481475830078125,-6.346930027008057,0.18996785581111908,296.1725158691406,66.22942352294922,-6.17886209487915,0.24284884333610535,221.83013916015625,62.6337890625,-5.86505126953125,0.3066323399543762,25.71708869934082,9,1.844382643699646,0.6387404203414917,-50.765926361083984,255.12172778601868,927.8382199503143,44.87490993054756,3.3534310051371574,0.3872528076171875,0.38617390394210815,-26.2020320892334,0,6.477914333343506,0.000473780237371102,-337.58636474609375,11.066295623779297,44.87490993054756,3.353431005137157
354.9598693847656,63.15261459350586,-6.375448226928711,0.193215474486351,321.09393310546875,66.2813720703125,-6.266580104827881,0.2241760492324829,314.61761474609375,70.557861328125,-6.244457721710205,0.2435522824525833,27.929073333740234,9,1.8737393617630005,0.7677313089370728,-35.992584228515625,698.7278729252876,925.5516241773443,44.87475829012086,3.320976191033785,0.4771164357662201,0.47273826599121094,-38.580745697021484,0,7.165923118591309,0.0005241603939794004,88.72923278808594,11.242436408996582,44.87475829012085,3.320976191033778
1651.63037109375,114.21067810058594,-8.044781684875488,0.07509718835353851,1092.633056640625,68.09715270996094,-7.596185684204102,0.06768375635147095,1449.584228515625,111.42095947265625,-7.903108596801758,0.08347439020872116,50.5478630065918,43,2.1225883960723877,1.717435359954834,47.99013137817383,1295.8479389014822,937.268688122442,44.87563370516779,3.2772803890538333,0.1820947825908661,0.18131068348884583,-86.93788146972656,0,8.00259017944336,0.0005854397895745933,939.9430541992188,12.735530853271484,44.875633705167786,3.2772803890538267
105968.6015625,252.53756713867188,-12.562943458557129,0.002588085364550352,82103.171875,164.22137451171875,-12.285900115966797,0.0021721988450735807,102476.625,220.94178771972656,-12.526561737060547,0.002341439248993993,4411.6396484375,341,2.515730142593384,2.4591355323791504,11.000518798828125,1516.6740083439308,988.5397586808823,44.87939441113818,3.2611147478394886,0.00486016133800149,0.004799408372491598,5.2185187339782715,0,4.025271892547607,0.00029448169516399503,105711.8203125,15.094381332397461,44.87939441113818,3.2611147478394886
1933.1309814453125,116.19072723388672,-8.215653419494629,0.06527397036552429,1254.9190673828125,68.40039825439453,-7.746539115905762,0.05919332802295685,1699.166748046875,131.4886474609375,-8.075590133666992,0.08403923362493515,67.56395721435547,37,1.9488193988800049,1.4281283617019653,45.35868453979492,2005.5869953111555,952.1026791437844,44.87673485983967,3.2253320502840634,0.14235611259937286,0.14164164662361145,22.290754318237305,3,7.65791654586792,0.0005603042081929743,1959.1968994140625,11.692916870117188,44.87673485983967,3.2253320502840634
7235.291015625,122.09892272949219,-9.648639678955078,0.018326757475733757,5602.2373046875,76.49793243408203,-9.370903968811035,0.014829210005700588,6849.05126953125,123.26097106933594,-9.589076042175293,0.01954451948404312,302.8878173828125,88,2.1166083812713623,1.9082438945770264,37.014732360839844,447.761516836796,949.2298270897958,44.87648399529879,3.3393357108697415,0.0322834812104702,0.03218545392155647,-14.541764259338379,0,4.1447319984436035,0.00030314919422380626,7005.3837890625,12.699649810791016,44.87648399529879,3.339335710869741
1523.2762451171875,112.87010955810547,-7.956946849822998,0.0804692804813385,943.8624877929688,67.7187728881836,-7.437271595001221,0.07791662961244583,1217.1326904296875,128.66781616210938,-7.713345050811768,0.11480527371168137,47.9598503112793,36,2.0630221366882324,1.733400583267212,-13.904191970825195,54.18719259747685,940.3378395345369,44.87581736454299,3.3681286011051457,0.2148861587047577,0.21367982029914856,-1.5629397630691528,2,10.291179656982422,0.0007526284898631275,1292.9464111328125,12.378132820129395,44.87581736454299,3.3681286011051457
23436.91015625,155.95486450195312,-10.924751281738281,0.007226506248116493,18436.591796875,96.95549011230469,-10.664201736450195,0.005711123812943697,22695.53125,151.3838653564453,-10.889850616455078,0.007243843749165535,1046.8524169921875,165,2.335766315460205,2.149066209793091,-3.358175039291382,681.1591511826059,966.0192597460125,44.877721830271796,3.322257822316096,0.012650874443352222,0.012559326365590096,-6.462420463562012,0,4.054130554199219,0.00029653817182406783,23133.443359375,14.01459789276123,44.877721830271796,3.322257822316096
2307.003662109375,147.78663635253906,-8.407620429992676,0.06956914812326431,1113.3458251953125,67.93733978271484,-7.616575241088867,0.0662686750292778,1579.77197265625,119.74365234375,-7.996486186981201,0.08231669664382935,51.681312561035156,43,3.0674986839294434,1.3714940547943115,-18.980947494506836,1379.3216040732898,946.0307251401466,44.87627754911885,3.271170674794249,0.20591750741004944,0.204344242811203,3.5999796390533447,2,12.293754577636719,0.0008993786759674549,457.1973571777344,18.404991149902344,44.87627754911884,3.2711706747942424
3962.42138671875,156.68252563476562,-8.994901657104492,0.04294273629784584,1918.7391357421875,69.6292953491211,-8.207539558410645,0.039409950375556946,3283.590576171875,155.16856384277344,-8.790872573852539,0.051319755613803864,70.29178619384766,97,2.9842135906219482,2.3498358726501465,21.11788558959961,83.19330108710629,960.9249223900487,44.87732643953271,3.366004679210275,0.12761038541793823,0.12704932689666748,22.847875595092773,0,10.564865112304688,0.0007726437179371715,2541.351806640625,17.90528106689453,44.877326439532716,3.3660046792102745
473.8331298828125,74.9766845703125,-6.689063549041748,0.1718425154685974,204.80343627929688,66.34976196289062,-5.778343200683594,0.35182926058769226,185.2841796875,63.91032028198242,-5.669595718383789,0.37459543347358704,23.892059326171875,9,2.5062191486358643,0.47445839643478394,38.29339599609375,2023.262396854403,944.1357063683997,44.87615156910219,3.22403879933045,0.55588299036026,0.5532289743423462,51.707763671875,0,6.508484840393066,0.0004762073513120413,-1302.8919677734375,15.037315368652344,44.87615156910219,3.22403879933045
2437.34912109375,131.3826904296875,-8.467294692993164,0.05853966623544693,1428.1312255859375,68.52418518066406,-7.88692045211792,0.05210814252495766,2025.036376953125,129.8629150390625,-8.266081809997559,0.06964375078678131,67.5165023803711,62,2.452393054962158,1.992757797241211,-62.55033493041992,867.5102879341774,964.8854366301867,44.87764470852028,3.3086227174330496,0.14642468094825745,0.14574392139911652,-52.29922866821289,0,8.62753677368164,0.0006310879252851009,1895.2149658203125,14.71435832977295,44.877644708520265,3.308622717433042
410.4559326171875,70.6422119140625,-6.533166408538818,0.18690787255764008,251.11630249023438,66.21321105957031,-5.999687194824219,0.2863515615463257,306.12103271484375,101.0487060546875,-6.214733123779297,0.3584820628166199,21.696277618408203,9,1.9449687004089355,0.6673160195350647,-63.58625030517578,1464.3559873466463,954.9153182813719,44.876930317893354,3.2649465743296546,0.8721548318862915,0.8685227036476135,-55.827476501464844,0,6.803101539611816,0.0004977043136022985,-27.190330505371094,11.669812202453613,44.87693031789334,3.264946574329649
1658.5181884765625,113.15093231201172,-8.049300193786621,0.07409138977527618,1141.8448486328125,68.121337890625,-7.644017696380615,0.06478969007730484,1415.329833984375,108.25267028808594,-7.8771443367004395,0.08306360244750977,53.11846923828125,43,2.1414153575897217,1.6187937259674072,-7.7954864501953125,25.73313219035456,959.989598012369,44.877255526980846,3.370207943989457,0.17858608067035675,0.17783448100090027,-5.01574182510376,0,9.348867416381836,0.0006837030523456633,623.7685546875,12.848491668701172,44.87725552698085,3.3702079439894654
583.187255859375,84.15695190429688,-6.914520263671875,0.15671543776988983,265.7973327636719,66.11415100097656,-6.061376571655273,0.2701305150985718,284.983154296875,71.1058578491211,-6.13704776763916,0.2709667682647705,23.86665916442871,13,1.368255853652954,1.0622179508209229,-56.11917495727539,1343.9886939890766,957.5002278118153,44.877116821023805,3.2737555368944795,0.3517916202545166,0.3502442240715027,-55.126617431640625,0,7.203190803527832,0.0005269598332233727,76.41728210449219,8.209535598754883,44.8771168210238,3.273755536894473
15456.990234375,299.3702697753906,-10.47281265258789,0.021033598110079765,3310.392578125,72.33692169189453,-8.799698829650879,0.02373068779706955,13583.1728515625,298.5611267089844,-10.332503318786621,0.023870518431067467,117.5616226196289,348,6.188289165496826,4.167891502380371,9.351696968078613,1122.6505021368337,1010.6219077708117,44.881002090235924,3.289948693960957,0.12363346666097641,0.12207116931676865,14.358220100402832,2,17.727802276611328,0.0012968082446604967,9753.6689453125,37.12973403930664,44.881002090235924,3.289948693960958
8945.693359375,121.4864501953125,-9.879034996032715,0.014748357236385345,7195.71337890625,79.34420776367188,-9.642684936523438,0.011974881403148174,8702.1572265625,124.6333999633789,-9.849067687988281,0.015553830191493034,378.7593078613281,100,2.1265757083892822,1.8851723670959473,2.1417737007141113,149.30811661323773,980.5287826230802,44.87876499314743,3.361166298346165,0.02602459490299225,0.025874296203255653,-8.83737850189209,0,4.094856262207031,0.00029947346774861217,8349.8916015625,12.759454727172852,44.87876499314743,3.361166298346165
1059.4959716796875,97.69124603271484,-7.562748432159424,0.10013505816459656,781.8519897460938,67.33660125732422,-7.232811450958252,0.09353119134902954,879.7013549804688,99.70050048828125,-7.360837936401367,0.1230812519788742,35.585758209228516,28,2.28926157951355,1.274182677268982,69.62660217285156,1325.6372477136697,969.5089695920989,44.877995986365114,3.2750975453574642,0.2634279429912567,0.26184773445129395,74.79853057861328,0,10.229199409484863,0.0007483248482458293,234.35838317871094,13.73556900024414,44.877995986365114,3.2750975453574642
18422.68359375,145.4180145263672,-10.663382530212402,0.008572256192564964,14610.0546875,91.36117553710938,-10.411629676818848,0.006791092921048403,17842.466796875,146.01080322265625,-10.628637313842773,0.008887097239494324,816.6229248046875,145,2.423018217086792,2.0687198638916016,-21.53237533569336,744.5687339697132,991.124489167503,44.87956273954778,3.3176159173667794,0.014773906208574772,0.014623621478676796,2.592311382293701,3,3.9860646724700928,0.00029156103846617043,18335.58203125,14.538108825683594,44.87956273954778,3.317615917366779
2910.77392578125,133.5493927001953,-8.66002082824707,0.04982683062553406,1715.408935546875,69.2248306274414,-8.085919380187988,0.043825212866067886,2426.853515625,133.54222106933594,-8.46260929107666,0.05975921079516411,63.88319396972656,71,2.66812801361084,1.9556149244308472,40.52901840209961,1306.6685685009825,985.3784178656256,44.87915790863293,3.276484376144571,0.1281404048204422,0.12749290466308594,29.179141998291016,0,8.689608573913574,0.0006356879603117704,1864.4183349609375,16.00876808166504,44.87915790863292,3.2764843761445643
2156.998046875,143.99020385742188,-8.334624290466309,0.07249582558870316,964.0404663085938,67.78523254394531,-7.460237979888916,0.07636065781116486,2012.947021484375,146.31912231445312,-8.259580612182617,0.0789402648806572,37.59355163574219,57,2.8894221782684326,2.1614534854888916,32.97123336791992,226.34059400646458,983.6918155720462,44.878999748506196,3.355530830860256,0.295514315366745,0.2939857840538025,31.324235916137695,0,14.986763954162598,0.0010960643412545323,1236.7779541015625,17.336532592773438,44.878999748506196,3.355530830860256
652.2838134765625,82.89025115966797,-7.036091327667236,0.1380055844783783,437.8577880859375,66.60157012939453,-6.60333251953125,0.16518904268741608,478.64532470703125,81.57341766357422,-6.7000346183776855,0.18508219718933105,30.50580596923828,17,1.6560865640640259,1.2025091648101807,78.76292419433594,1430.5122836021674,974.2377655057486,44.87834486887942,3.267421870966754,0.29008564352989197,0.28830093145370483,72.49227142333984,0,7.9242939949035645,0.0005797198391519487,397.1298522949219,9.936519622802734,44.87834486887942,3.267421870966754
7949.6318359375,116.85376739501953,-9.75086784362793,0.01596340537071228,6424.42724609375,77.96814727783203,-9.519585609436035,0.013179915957152843,7737.33154296875,124.25224304199219,-9.721478462219238,0.01743985526263714,364.79827880859375,92,2.208946943283081,1.8135133981704712,-14.557430267333984,1398.1192740775573,988.1760133803831,44.879365044810875,3.269791401431129,0.028138745576143265,0.027922064065933228,-7.512418746948242,0,4.021744728088379,0.0002942161518149078,7355.3515625,13.253681182861328,44.87936504481086,3.2697914014311222
360.0925598144531,64.24221801757812,-6.391035556793213,0.19374755024909973,152.30419921875,66.05877685546875,-5.456779479980469,0.4710298776626587,154.94552612304688,60.390968322753906,-5.475447654724121,0.4232751429080963,33.355682373046875,9,1.8334122896194458,0.5566979646682739,-10.003165245056152,1568.350268842021,967.0679768652257,44.87782278652642,3.257334386986197,0.49430176615715027,0.4899011552333832,-2.772717237472534,16,6.024075984954834,0.00044071950833313167,160.41690063476562,11.000473976135254,44.877822786526416,3.257334386986191
1112.2821044921875,94.12393188476562,-7.615537166595459,0.09189987927675247,996.0086669921875,67.6983871459961,-7.495657920837402,0.07381507009267807,1167.2972412109375,103.4705581665039,-7.6679534912109375,0.09626428037881851,61.14888000488281,29,2.3783040046691895,1.3260140419006348,89.1694564819336,1335.9342235511906,987.6889279804803,44.8793278682887,3.2743424203367777,0.18941578269004822,0.18827056884765625,-88.91693878173828,3,7.9738078117370605,0.0005833268514834344,718.138427734375,14.269824028015137,44.8793278682887,3.2743424203367777
1443.446533203125,111.10584259033203,-7.898501873016357,0.0835922509431839,902.87060546875,67.55895233154297,-7.389063835144043,0.08126194030046463,965.2586059570312,110.81901550292969,-7.461609363555908,0.12468104064464569,54.965702056884766,38,2.0969371795654297,1.751574993133545,-22.637779235839844,715.5837734769227,989.6272030570334,44.87945212941542,3.31973682775635,0.14929349720478058,0.14813300967216492,20.877788543701172,0,8.303323745727539,0.0006073433323763311,978.5728759765625,12.581623077392578,44.87945212941541,3.3197368277563424
601.1505126953125,62.961483001708984,-6.947458267211914,0.11374218016862869,610.3115844726562,66.90693664550781,-6.963879108428955,0.11905547231435776,839.7908935546875,90.1500473022461,-7.310427665710449,0.11658015102148056,47.370079040527344,15,1.638413906097412,0.8821513056755066,82.22370147705078,1333.9832944997875,987.5860510921993,44.87932028507437,3.274485205226677,0.23272746801376343,0.23079366981983185,81.56230926513672,3,7.183004856109619,0.0005254750140011311,832.9134521484375,9.830483436584473,44.87932028507436,3.2744852052266706
2577.72705078125,150.15904235839844,-8.528092384338379,0.0632622167468071,1228.3360595703125,68.24618530273438,-7.723292827606201,0.060338009148836136,2033.13818359375,128.54318237304688,-8.270417213439941,0.06866129487752914,51.89249801635742,57,2.3949453830718994,2.0367541313171387,-68.19245910644531,523.388581767264,998.7193659143675,44.88011153548846,3.3337978807672637,0.2088402360677719,0.20858509838581085,-89.07854461669922,0,10.049291610717773,0.0007350129308179021,1912.9609375,14.369672775268555,44.88011153548844,3.333797880767248
810.37841796875,93.24170684814453,-7.271719455718994,0.12495458126068115,527.3416748046875,66.78687286376953,-6.805230140686035,0.13753993809223175,575.0413818359375,82.25973510742188,-6.899247646331787,0.1553524285554886,35.562599182128906,21,1.6823891401290894,1.2321419715881348,60.08029556274414,40.03308606442558,989.563728107766,44.87942220186957,3.369158838442896,0.3000674843788147,0.29924488067626953,62.258056640625,0,7.650190353393555,0.0005594705580733716,225.66201782226562,10.094334602355957,44.87942220186957,3.369158838442896
882.3861083984375,100.70846557617188,-7.364146709442139,0.12394732236862183,463.7029724121094,66.60362243652344,-6.665599822998047,0.15598678588867188,696.3252563476562,139.64573669433594,-7.107030391693115,0.21779371798038483,33.2231330871582,13,1.6928343772888184,1.0674819946289062,66.42279815673828,1455.981648674813,987.8193001341842,44.8793402677226,3.2655567210148555,0.3869074583053589,0.38673776388168335,84.55567169189453,2,7.735685348510742,0.0005659218295477331,764.5228271484375,10.15700626373291,44.87934026772258,3.2655567210148497
569.3336181640625,75.29115295410156,-6.8884172439575195,0.14361736178398132,450.920166015625,66.57711791992188,-6.635249137878418,0.16034488379955292,548.0950317382812,98.8067855834961,-6.847139835357666,0.1957765817642212,33.95994567871094,15,1.6014974117279053,1.2173824310302734,9.295526504516602,96.20477151236524,986.712104514849,44.87921569463598,3.365050218407609,0.3876294493675232,0.38682082295417786,-15.43006420135498,0,8.352967262268066,0.0006108759553171694,528.5590209960938,9.608983993530273,44.87921569463598,3.365050218407609
5987.73974609375,153.369140625,-9.443157196044922,0.0278166551142931,3414.32763671875,72.53507995605469,-8.833263397216797,0.02307133562862873,5594.11083984375,149.94752502441406,-9.369327545166016,0.02910972200334072,138.06117248535156,112,2.885863780975342,2.21803879737854,62.043582916259766,1741.0503169589315,1020.6222287521297,44.88174901889262,3.2446899212039506,0.07401721924543381,0.07328392565250397,54.726478576660156,0,7.0329670906066895,0.0005145362811163068,4628.06396484375,17.315181732177734,44.881749018892606,3.2446899212039453
718.6021728515625,82.5382080078125,-7.141221523284912,0.12473729997873306,581.6972045898438,66.79647827148438,-6.911742687225342,0.1247057244181633,767.4830322265625,93.31543731689453,-7.212671756744385,0.13204273581504822,40.00216293334961,19,1.880704641342163,1.3495336771011353,-29.512500762939453,1254.800567993729,991.5292315496938,44.879607126774744,3.2802796629384328,0.34580138325691223,0.3446924090385437,-25.611862182617188,0,8.828204154968262,0.0006458174902945757,498.34033203125,11.28422737121582,44.879607126774744,3.280279662938433
2149.39697265625,113.35865020751953,-8.330791473388672,0.05727536231279373,1504.07080078125,68.876708984375,-7.943170547485352,0.049731768667697906,1986.444091796875,129.15914916992188,-8.245190620422363,0.07061202079057693,86.20001983642578,52,2.3446249961853027,1.6821413040161133,74.5368881225586,746.7694105864201,1001.3694552403758,44.880313197688814,3.317453929952768,0.11802874505519867,0.11776825040578842,52.12643814086914,3,7.845991611480713,0.0005738936015404761,1758.439208984375,14.067749977111816,44.880313197688814,3.3174539299527677
466.5751647949219,71.43104553222656,-6.672304153442383,0.16626285016536713,354.6783752441406,66.68673706054688,-6.374586582183838,0.20419004559516907,426.3409423828125,111.69271087646484,-6.574392795562744,0.2845100462436676,30.444780349731445,12,1.6558536291122437,1.1353815793991089,57.27322769165039,1285.0429033469898,988.8255439939975,44.879409858055105,3.2780667031579025,0.3530213534832001,0.3520844876766205,-19.675676345825195,2,8.201412200927734,0.0005999701097607613,362.1801452636719,9.935121536254883,44.87940985805511,3.2780667031579087
422.9178466796875,66.97689819335938,-6.565639972686768,0.17198827862739563,337.0712585449219,66.36639404296875,-6.319304466247559,0.21382394433021545,324.2109069824219,66.18421173095703,-6.277069091796875,0.22169536352157593,32.35682678222656,11,1.8311207294464111,0.6051308512687683,83.91986846923828,96.85188444695095,996.3105917609366,44.87991873041561,3.365001886411367,0.33794838190078735,0.3356897532939911,-88.05198669433594,1,6.280121803283691,0.00045928102917969227,-13.918387413024902,10.986724853515625,44.87991873041561,3.3650018864113664
369.78533935546875,65.93075561523438,-6.41987419128418,0.19362801313400269,255.4957275390625,66.24826049804688,-6.018459320068359,0.2815922200679779,260.1340637207031,62.71818923950195,-6.03799295425415,0.261834055185318,32.773292541503906,9,1.6922388076782227,0.6842625141143799,-37.87607192993164,1348.9439269829638,992.9932324694736,44.87971670812271,3.2733898676031576,0.42729082703590393,0.4257737100124359,-51.28936004638672,0,6.421624660491943,0.00046977648162283003,78.5752944946289,10.153432846069336,44.87971670812271,3.2733898676031576
1210.0948486328125,106.76335906982422,-7.707048416137695,0.09581480920314789,691.2103271484375,67.15043640136719,-7.099025726318359,0.10550388693809509,983.9551391601562,131.06307983398438,-7.482438087463379,0.1446554809808731,51.49230194091797,18,1.6380729675292969,1.10651695728302,76.64520263671875,1457.246667465595,996.6038296900292,44.87998373474178,3.2654634028135137,0.2664666175842285,0.26547959446907043,-54.222599029541016,2,5.439938068389893,0.00039796947385184467,942.113037109375,9.828437805175781,44.87998373474178,3.265463402813514
19763166.0,2428.380859375,-18.239641189575195,0.000133441251819022,2640059.25,856.4598388671875,-16.054033279418945,0.0003523085033521056,19519960.0,2357.7861328125,-18.226198196411133,0.00013117627531755716,53757.5,4604,14.452009201049805,3.5096638202667236,89.18775177001953,1158.2146465152766,1251.2424492149694,44.898625950296115,3.2873244907920163,0.0015455998945981264,0.0009061131859198213,89.6340560913086,0,42.75131607055664,0.003127006348222494,19753386.0,86.71205139160156,44.898625950296115,3.287324490792016
2544.795654296875,101.08625793457031,-8.514132499694824,0.04313889518380165,1984.66064453125,69.68608093261719,-8.244215965270996,0.03813200071454048,2188.141357421875,100.6477279663086,-8.350188255310059,0.049952637404203415,118.00305938720703,47,1.8106253147125244,1.5990055799484253,8.98575210571289,773.1373018471191,1006.0330389374534,44.88065562543751,3.315524190550158,0.07855751365423203,0.07827887684106827,64.52426147460938,0,4.7208571434021,0.0003453077806625515,1883.2037353515625,10.863752365112305,44.88065562543751,3.3155241905501573
569.7244873046875,75.52104187011719,-6.889162063598633,0.14395703375339508,431.52374267578125,66.58843994140625,-6.5875115394592285,0.16758067905902863,383.9004211425781,81.41285705566406,-6.460546493530273,0.23030546307563782,35.065608978271484,15,2.1100659370422363,0.9369755387306213,81.59723663330078,1605.2771022048325,1008.3976906220622,44.88085085945138,3.2546283428706366,0.3310938775539398,0.33030861616134644,76.68494415283203,0,8.411972045898438,0.000615411379840225,105.16048431396484,12.660395622253418,44.88085085945139,3.2546283428706424
658.0137939453125,84.36823272705078,-7.045587539672852,0.13924312591552734,368.68902587890625,66.58699035644531,-6.416650295257568,0.19613677263259888,378.6112365722656,81.40388488769531,-6.445483684539795,0.23349708318710327,35.85026168823242,17,2.2291297912597656,0.8650025725364685,-46.575435638427734,1352.9257681974427,1004.6536456040603,44.88057088572149,3.273097464603975,0.2981760501861572,0.2957497537136078,-50.72433853149414,3,8.306600570678711,0.0006076704012230039,1.0808753967285156,13.374778747558594,44.880570885721504,3.2730974646039814
352.0962829589844,62.45258331298828,-6.3666534423828125,0.19262772798538208,233.84884643554688,66.04737854003906,-5.922338008880615,0.30672571063041687,216.07342529296875,63.9768180847168,-5.836503505706787,0.3215519189834595,33.2877082824707,9,1.5218870639801025,0.7822065353393555,-69.94679260253906,1351.3516888626345,1002.6419895372873,44.88042350176179,3.2732128337427753,0.3466578722000122,0.3443969190120697,-58.481021881103516,3,6.512175559997559,0.0004763991746585816,183.48191833496094,9.131322860717773,44.88042350176177,3.273212833742763
9232.3017578125,190.87535095214844,-9.913274765014648,0.022452756762504578,4111.365234375,73.75728607177734,-9.034965515136719,0.019482679665088654,8397.83984375,199.98199462890625,-9.810419082641602,0.02586146630346775,146.97434997558594,187,3.7662806510925293,3.0061352252960205,42.75187301635742,450.74320464118364,1051.329613415473,44.883962200694164,3.339107479822068,0.07186414301395416,0.07127075642347336,27.61231231689453,0,8.035510063171387,0.0005876992945559323,7347.515625,22.59768295288086,44.88396220069418,3.3391074798220752
2801.242431640625,158.18898010253906,-8.618376731872559,0.06132751330733299,1223.8944091796875,68.41303253173828,-7.719359874725342,0.0607050359249115,1835.1575927734375,145.2677764892578,-8.159183502197266,0.08596580475568771,61.38574981689453,56,2.9919750690460205,1.8070558309555054,-89.49207305908203,786.9967665142487,1033.4353777016277,44.882663110646284,3.314507526417107,0.17571228742599487,0.1751316785812378,-89.48565673828125,2,12.52803897857666,0.0009163577924482524,1468.702392578125,17.95185089111328,44.88266311064628,3.3145075264170996
344.4631042480469,59.94729232788086,-6.3428568840026855,0.1889977753162384,185.4979705810547,66.05022430419922,-5.6708478927612305,0.3866918087005615,150.58103942871094,58.21009826660156,-5.444425582885742,0.41981491446495056,32.77346420288086,6,0.9907428622245789,0.7755052447319031,-30.759706497192383,491.2801312694291,1017.4530732012205,44.88148250220093,3.3361451464424148,0.26492273807525635,0.26208364963531494,46.268619537353516,2,4.181011199951172,0.0003057974099647254,124.50080871582031,5.944457054138184,44.881482502200925,3.3361451464424072
2509.491455078125,145.8304901123047,-8.498964309692383,0.06310916692018509,1262.383056640625,68.23963165283203,-7.7529778480529785,0.05870503932237625,2014.241943359375,131.49325561523438,-8.260278701782227,0.07089599221944809,57.560970306396484,63,2.5244858264923096,2.0138158798217773,-8.323561668395996,1615.6216473124566,1023.0481590301699,44.8819241639503,3.2538700296908343,0.19082991778850555,0.19070497155189514,14.204976081848145,0,9.32839584350586,0.0006824528682045639,1409.04296875,15.146915435791016,44.881924163950295,3.2538700296908276
2333.0927734375,155.7914276123047,-8.419830322265625,0.0725172609090805,909.779296875,67.52225494384766,-7.397340297698975,0.0806010439991951,1634.6622314453125,151.72711181640625,-8.033570289611816,0.10080103576183319,41.18635177612305,58,3.0541234016418457,2.2165606021881104,-84.28469848632812,419.6701410857975,1041.192263238946,44.883218588319764,3.3413817636815337,0.26457178592681885,0.2643127143383026,80.68498992919922,2,13.849281311035156,0.0010129018919542432,704.99462890625,18.32474136352539,44.883218588319764,3.3413817636815333
606.16845703125,85.50939178466797,-6.956483364105225,0.1531970202922821,285.5953369140625,66.28508758544922,-6.139377593994141,0.2520545721054077,321.69488525390625,75.84662628173828,-6.26861047744751,0.256048321723938,23.237058639526367,10,1.652121901512146,1.0447479486465454,-56.9237060546875,1209.9480488646063,1020.9545392230663,44.881761238807684,3.283559435358434,0.536074161529541,0.5337364673614502,-43.84531021118164,2,7.8557939529418945,0.0005746695096604526,-231.35012817382812,9.912731170654297,44.88176123880768,3.283559435358428
1317.5465087890625,122.72539520263672,-7.799415111541748,0.10115755349397659,601.3574829101562,66.78573608398438,-6.947831630706787,0.12060930579900742,1129.308349609375,166.90972900390625,-7.632031440734863,0.16050882637500763,35.351966857910156,19,1.7779734134674072,1.4254090785980225,85.70016479492188,1569.1561821982955,1047.0463062019105,44.88368091321231,3.257268826766359,0.47276797890663147,0.4722956120967865,71.16791534423828,2,9.531344413757324,0.0006972867413423955,1096.7674560546875,10.667840957641602,44.88368091321231,3.257268826766359
2286.916015625,126.51412200927734,-8.398125648498535,0.06007843464612961,1431.94970703125,68.55692291259766,-7.889819145202637,0.051994018256664276,2099.76123046875,122.11162567138672,-8.305424690246582,0.06315633654594421,55.756771087646484,58,2.1712565422058105,2.014984369277954,-7.095480442047119,121.76790713491259,1031.6890326086616,44.88251090192996,3.363175601638759,0.1592084914445877,0.1589379757642746,-5.978346347808838,0,8.387797355651855,0.0006134160212241113,2073.600341796875,13.027539253234863,44.882510901929955,3.363175601638751
1021.0708618164062,96.74496459960938,-7.522639751434326,0.10289690643548965,611.5285034179688,67.01197052001953,-6.966041564941406,0.11900509148836136,778.9158325195312,122.72453308105469,-7.228726387023926,0.17110814154148102,41.931976318359375,15,1.4691160917282104,0.9675552248954773,84.82290649414062,974.9898756287965,1021.3059335521554,44.881780457755674,3.3007529365386836,0.2520856261253357,0.25072500109672546,-35.20258712768555,2,7.122846603393555,0.0005210238159634173,625.7689819335938,8.814696311950684,44.88178045775565,3.30075293653867
1691.8717041015625,104.71026611328125,-8.070919036865234,0.06721275299787521,1250.7423095703125,68.41705322265625,-7.742919445037842,0.05940546095371246,1286.8424072265625,98.53620147705078,-7.773813247680664,0.08315727859735489,83.79965209960938,42,1.9423168897628784,1.458842158317566,-75.01344299316406,20.995147908622055,1032.5422799011517,44.88256915681543,3.3705469114439026,0.11730179935693741,0.11710261553525925,-21.466625213623047,0,5.671526908874512,0.00041475804755464196,869.8465576171875,11.653901100158691,44.88256915681544,3.3705469114439106
11301.83203125,224.55702209472656,-10.132872581481934,0.021577822044491768,3860.140625,73.238525390625,-8.966507911682129,0.020604699850082397,10402.525390625,235.1741180419922,-10.0428466796875,0.024551643058657646,135.8180694580078,243,4.903878211975098,3.210489273071289,-6.050818920135498,860.8531077295594,1067.0362749935741,44.885126436055444,3.309100332076807,0.0912085548043251,0.089879110455513,-8.70322036743164,0,13.396570205688477,0.0009798894170671701,8540.1611328125,29.423269271850586,44.88512643605545,3.3091003320768135
2685.649658203125,171.57887268066406,-8.572623252868652,0.06938159465789795,833.9185180664062,67.3159408569336,-7.302809238433838,0.08766457438468933,1749.509765625,150.69696044921875,-8.107291221618652,0.09354443103075027,36.33928680419922,47,3.4615349769592285,1.9787546396255493,-57.65195846557617,615.7667825670618,1054.0191107192009,44.884165037593306,3.3270338259317795,0.3105984032154083,0.30956652760505676,-34.24871063232422,2,15.696481704711914,0.0011480530956760049,958.5169067382812,20.769210815429688,44.884165037593306,3.3270338259317795
8622.142578125,140.48004150390625,-9.839037895202637,0.017694132402539253,6207.10205078125,77.6485824584961,-9.482222557067871,0.013585464097559452,8109.89892578125,147.6688690185547,-9.772538185119629,0.01977440156042576,365.9658508300781,117,3.0632717609405518,1.931515097618103,-25.091766357421875,1340.0747978166405,1057.8809638604703,44.88446918586872,3.274033366460847,0.031016845256090164,0.030847279354929924,7.19924259185791,0,4.367658615112305,0.000319508311804384,7212.35791015625,18.37963104248047,44.88446918586872,3.2740333664608468
705.858154296875,92.47583770751953,-7.121793746948242,0.14227895438671112,273.80474853515625,66.28641510009766,-6.093602657318115,0.2629137933254242,270.935791015625,70.4723129272461,-6.082165718078613,0.2824762761592865,34.28756332397461,9,1.4540462493896484,1.035069227218628,-12.523505210876465,1059.773521123829,1046.488172067811,44.88362733556143,3.2945466142201663,0.5657894611358643,0.563988983631134,-7.455926418304443,0,7.331278324127197,0.0005362752126529813,111.93062591552734,8.72427749633789,44.88362733556143,3.2945466142201663
1134.3544921875,102.51900482177734,-7.636871814727783,0.0981488972902298,698.3271484375,66.98595428466797,-7.110147476196289,0.10417287796735764,739.7885131835938,82.01435089111328,-7.172769069671631,0.12039601057767868,39.50487518310547,24,1.8906805515289307,1.0299408435821533,-36.38060760498047,1602.9667264821464,1037.3203847243335,44.88296926783917,3.254795070547582,0.21273168921470642,0.21215446293354034,-51.24555969238281,2,8.347905158996582,0.0006107162334956229,137.26634216308594,11.344083786010742,44.88296926783917,3.254795070547582
1403.63427734375,117.95735931396484,-7.86813497543335,0.09126429259777069,729.3388061523438,67.2032699584961,-7.157323360443115,0.10006701201200485,668.8958740234375,120.12580871582031,-7.063396453857422,0.19503279030323029,55.1235237121582,28,1.945762038230896,1.4522377252578735,-36.231327056884766,614.0258875744634,1044.072375700044,44.88343646457038,3.3271621625726175,0.175929456949234,0.17537496984004974,-44.92759323120117,1,7.491634368896484,0.0005479460232891142,1063.291015625,11.674571990966797,44.883436464570366,3.32716216257261
44856.8359375,366.0928955078125,-11.629571914672852,0.008863239549100399,10523.33203125,84.97938537597656,-10.055383682250977,0.008769809268414974,43168.015625,393.891357421875,-11.587904930114746,0.009909328073263168,450.469482421875,753,6.653606414794922,5.993781089782715,80.67626190185547,1509.044584938393,1149.6206953512326,44.891192311796715,3.261659613963886,0.04472806304693222,0.044252660125494,-88.6145248413086,1,11.602127075195312,0.000848730793222785,45614.0703125,39.92163848876953,44.8911923117967,3.26165961396388
1251.1251220703125,117.65489196777344,-7.743251800537109,0.10212664306163788,570.5171508789062,66.90174865722656,-6.890671730041504,0.12734989821910858,607.2156372070312,96.695556640625,-6.958357334136963,0.17293918132781982,38.11962890625,29,1.8549895286560059,1.5364571809768677,40.045284271240234,758.2597854915005,1044.8775666969566,44.883500243138705,3.316609080252625,0.25451144576072693,0.2534702718257904,-7.004270076751709,0,9.614034652709961,0.0007032057619653642,250.53631591796875,11.129937171936035,44.883500243138705,3.3166090802526256
21042.287109375,237.93809509277344,-10.807732582092285,0.012280070222914219,6745.7451171875,78.57894134521484,-9.572574615478516,0.012650452554225922,19411.6015625,251.3994598388672,-10.72015380859375,0.014064774848520756,209.19508361816406,331,4.775694847106934,3.67262601852417,-38.92277145385742,1332.0375578432179,1094.0734640869423,44.88711981477049,3.2746184138894168,0.05168576166033745,0.050607968121767044,-30.01577377319336,0,11.577201843261719,0.0008468945743516088,19483.541015625,28.6541690826416,44.88711981477048,3.27461841388941
2596.038330078125,139.9519500732422,-8.535778045654297,0.05854606255888939,1463.2054443359375,68.66986083984375,-7.913263320922852,0.05096719041466713,2445.02001953125,192.9584197998047,-8.47070598602295,0.08570598065853119,72.36866760253906,67,2.5310239791870117,2.1659252643585205,88.1238021850586,802.8065744199326,1064.1922336602865,44.88491631242767,3.313347836749294,0.15933729708194733,0.1591700166463852,26.085796356201172,2,8.753499984741211,0.0006402649451047182,2890.7939453125,15.18614387512207,44.88491631242767,3.313347836749294
453.765869140625,64.66973876953125,-6.6420793533325195,0.15477439761161804,473.679931640625,66.70154571533203,-6.6887125968933105,0.1529257893562317,438.34429931640625,101.6522445678711,-6.604538440704346,0.2518438994884491,35.181148529052734,12,1.2627209424972534,1.0873233079910278,-5.587419509887695,1091.9232217579472,1041.4118166535065,44.883256427518596,3.29219447819237,0.27900129556655884,0.27794039249420166,-0.4193654954433441,1,6.999153137207031,0.000511985388584435,497.2066650390625,7.576325416564941,44.88325642751861,3.2921944781923766
1661.7855224609375,107.13011169433594,-8.051437377929688,0.07001101970672607,1181.3466796875,68.07543182373047,-7.680943489074707,0.06258105486631393,1605.07763671875,163.14784240722656,-8.013740539550781,0.11038628220558167,48.322792053222656,42,2.4378035068511963,1.4396255016326904,-67.94340515136719,586.7217918157647,1064.5211860019988,44.884933215487436,3.3291578322321027,0.1596900373697281,0.1588505357503891,-58.01479721069336,3,10.229656219482422,0.0007481962093152106,1995.5223388671875,14.626821517944336,44.884933215487436,3.329157832232102
2762.556884765625,157.55958557128906,-8.603278160095215,0.06193888932466507,1249.28662109375,68.23828125,-7.741655349731445,0.05931927636265755,1757.9171142578125,169.9724884033203,-8.112496376037598,0.10500501841306686,55.8099250793457,67,3.1000282764434814,1.9240058660507202,-5.041268825531006,777.9901828530244,1061.6444807373678,44.88472891853144,3.315163855082491,0.1762741059064865,0.1752413511276245,-4.490373611450195,2,12.986741065979004,0.0009498957660980523,1842.3028564453125,18.600170135498047,44.88472891853142,3.315163855082484
346.9775390625,60.92831802368164,-6.350753307342529,0.19069866836071014,247.04364013671875,66.02299499511719,-5.981934070587158,0.29023605585098267,191.2313690185547,75.60869598388672,-5.703897953033447,0.4293806254863739,29.743383407592773,9,1.6791837215423584,1.0399478673934937,-11.975407600402832,1743.3027599235159,1054.0281537353223,44.88419587973791,3.244522389737032,0.4332044720649719,0.43206432461738586,-3.7654569149017334,0,7.9020256996154785,0.0005781090585514903,136.91554260253906,10.075101852416992,44.88419587973791,3.2445223897370323
1035.6688232421875,83.53092956542969,-7.538052082061768,0.08759034425020218,1035.2684326171875,67.72776794433594,-7.537632465362549,0.07104665040969849,1350.80029296875,126.11820220947266,-7.826478004455566,0.10139498114585876,51.54313278198242,26,2.4000487327575684,0.770099401473999,-73.62012481689453,588.8397450687628,1065.8645813242836,44.885031680164474,3.329002745273772,0.18020212650299072,0.1782734990119934,-78.21216583251953,3,7.7222089767456055,0.0005648017395287752,1711.845703125,14.40029239654541,44.885031680164474,3.3290027452737725
6700.611328125,118.49940490722656,-9.565285682678223,0.019205763936042786,5270.9267578125,76.01042938232422,-9.304717063903809,0.015660874545574188,6439.11279296875,122.0999755859375,-9.522065162658691,0.020592987537384033,311.3904113769531,91,2.091378927230835,1.9144865274429321,35.489540100097656,659.4868876950034,1074.9799610529185,44.885701716614875,3.323833041855359,0.03345145285129547,0.03332321718335152,-8.054126739501953,0,3.9992876052856445,0.00029251162777654827,5990.76171875,12.548273086547852,44.88570171661488,3.3238330418553663
1329.4539794921875,115.39596557617188,-7.809183120727539,0.09426427632570267,834.7467041015625,67.31763458251953,-7.303886890411377,0.08757980167865753,1118.8326416015625,110.23448181152344,-7.621912956237793,0.10699959844350815,46.01692199707031,30,2.1417040824890137,1.6909465789794922,-67.38876342773438,189.30334852152208,1068.7607621336697,44.8852287686441,3.3582314745773743,0.26272109150886536,0.262009859085083,43.336666107177734,2,8.238032341003418,0.0006024650647304952,977.7698364257812,12.850224494934082,44.8852287686441,3.3582314745773743
382.7528076171875,63.19672393798828,-6.457295894622803,0.1793106198310852,250.27734375,66.18553161621094,-5.996053695678711,0.28719136118888855,281.6188049316406,81.765625,-6.124154090881348,0.31531086564064026,35.795433044433594,7,1.1374791860580444,0.8269146084785461,43.34407424926758,1692.977582027346,1068.7834622416253,44.88527561621408,3.2482045891533904,0.3137785494327545,0.3131621181964874,84.3491439819336,3,3.6612164974212646,0.00026784854708239436,260.5307922363281,6.8248748779296875,44.88527561621408,3.2482045891533904
2437.075927734375,117.91206359863281,-8.467172622680664,0.05254350230097771,1706.577392578125,69.1079330444336,-8.080314636230469,0.04397762194275856,2140.8818359375,126.64207458496094,-8.326481819152832,0.064241424202919,105.84161376953125,58,1.9918427467346191,1.8611513376235962,25.626605987548828,837.4250593225654,1076.023818544543,44.88578396497184,3.3108137153511112,0.10704723000526428,0.10694613307714462,82.69622039794922,0,5.740030288696289,0.0004198494425509125,2348.8671875,11.951056480407715,44.88578396497184,3.3108137153511112
998.9613037109375,102.82262420654297,-7.498871803283691,0.11178147792816162,672.7098388671875,66.98438262939453,-7.0695695877075195,0.10813732445240021,1116.7958984375,158.999755859375,-7.619934558868408,0.15461529791355133,46.946537017822266,26,2.1479389667510986,1.2043609619140625,33.20293426513672,1327.890044162143,1075.1029718728698,44.885730274691795,3.2749235852001894,0.32677319645881653,0.32509875297546387,36.850196838378906,3,9.630199432373047,0.0007044730009511113,1298.427734375,12.88763427734375,44.88573027469178,3.2749235852001832
2297.123779296875,136.01870727539062,-8.402960777282715,0.0643049031496048,1286.83251953125,68.36445617675781,-7.773805141448975,0.05769500136375427,2079.818115234375,136.05149841308594,-8.295063018798828,0.0710407942533493,50.32260513305664,60,2.489215135574341,2.189791202545166,80.33970642089844,587.1846217705069,1090.2828080515035,44.886820012525725,3.3291214477551883,0.1858401894569397,0.18559737503528595,-38.03818893432617,0,9.68771743774414,0.0007085512625053525,1769.476318359375,14.935291290283203,44.88682001252571,3.329121447755181
759.1729736328125,80.86405944824219,-7.200851917266846,0.11567636579275131,630.1541137695312,67.02474975585938,-6.998616695404053,0.11550964415073395,686.4994506835938,86.5099868774414,-7.09160041809082,0.13685348629951477,44.519081115722656,20,1.8305305242538452,1.206246018409729,22.965049743652344,1266.3323700775893,1070.6699968549585,44.88540404141462,3.2794288484566683,0.2362365573644638,0.2355670928955078,-0.8073499202728271,0,8.893075942993164,0.0006505428464151919,684.7343139648438,10.983182907104492,44.88540404141462,3.2794288484566683
382.90252685546875,67.75465393066406,-6.457720756530762,0.19216784834861755,274.0463562011719,66.18326568603516,-6.094560146331787,0.26227325201034546,353.36981201171875,101.53672790527344,-6.3705735206604,0.31204953789711,29.003353118896484,9,1.2217446565628052,0.9612706899642944,55.6202507019043,1695.0303446000335,1067.856421351044,44.88520775790574,3.248054420351494,0.5131089687347412,0.5113780498504639,35.96635818481445,3,6.467740058898926,0.0004731698427349329,344.9613952636719,7.33046817779541,44.88520775790573,3.2480544203514876
891.3997192382812,98.35733795166016,-7.375181198120117,0.11982959508895874,552.1375732421875,66.86380004882812,-6.855118274688721,0.13151448965072632,622.673095703125,94.92647552490234,-6.985650062561035,0.16556063294410706,30.509197235107422,15,2.1918461322784424,1.2194719314575195,64.17835235595703,1557.912530277458,1085.3967824570675,44.8864895859393,3.2580885431338693,0.3576987087726593,0.3569417893886566,-28.080665588378906,2,9.789813995361328,0.0007161811809055507,211.420166015625,13.151077270507812,44.88648958593928,3.2580885431338586
1096.7373046875,115.47711944580078,-7.600256443023682,0.11434657126665115,225.72019958496094,66.10831451416016,-5.883925914764404,0.31806471943855286,-312.8716125488281,273.08258056640625,99.0,99.0,28.502901077270508,14,4.067538738250732,1.6962569952011108,-80.35017395019531,1479.8064711604488,1163.2678977167193,44.892191150778345,3.2637982408736703,0.9269489049911499,0.9249712228775024,81.57560729980469,3,15.75385570526123,0.0011524308938533068,1748.9786376953125,24.405231475830078,44.89219115077834,3.2637982408736645
1513.513427734375,120.4795913696289,-7.949965476989746,0.08644841611385345,852.5651245117188,67.50690460205078,-7.326818943023682,0.08599049597978592,911.3128051757812,99.31317138671875,-7.399168491363525,0.11835025995969772,47.24124526977539,30,1.9208365678787231,1.5243322849273682,-19.87250328063965,99.49368319547757,1095.600563515061,44.88719074920543,3.364798262861448,0.22861617803573608,0.2270767092704773,-25.069913864135742,0,10.248658180236816,0.0007494798628613353,760.7708129882812,11.525019645690918,44.88719074920543,3.364798262861448
416.1347351074219,63.03373718261719,-6.548084735870361,0.1645011454820633,339.971435546875,66.32069396972656,-6.328606128692627,0.21185387670993805,307.7625427246094,60.739437103271484,-6.220539569854736,0.21433092653751373,32.831478118896484,11,1.7274080514907837,0.6341283321380615,86.2376708984375,1805.694658049601,1092.3176106153567,44.88700152133287,3.2399526905090075,0.2899254560470581,0.28671035170555115,-81.12930297851562,0,6.243660926818848,0.00045678194146603346,92.4021987915039,10.364448547363281,44.887001521332856,3.2399526905090017
605.177001953125,74.24461364746094,-6.954706192016602,0.1332331746816635,504.9999084472656,66.68920135498047,-6.758228302001953,0.14341482520103455,535.6148681640625,85.26822662353516,-6.822131633758545,0.17288783192634583,47.9193229675293,16,1.7495911121368408,0.9745333790779114,-60.42082977294922,792.2956767326191,1095.6054389479837,44.88721670196625,3.3141139229133683,0.22260576486587524,0.2220969945192337,-31.95136260986328,0,6.075137615203857,0.0004443519574124366,422.85638427734375,10.497547149658203,44.88721670196625,3.3141139229133683
109937.984375,253.48886108398438,-12.602869033813477,0.0025040381588041782,85620.703125,167.19442749023438,-12.331446647644043,0.0021206687670201063,106427.8515625,223.01348876953125,-12.567638397216797,0.0022756510879844427,4649.490234375,335,2.5369465351104736,2.409456491470337,22.821605682373047,1864.402005292741,1244.6230051302023,44.89815725972431,3.2356435554328957,0.004707200452685356,0.004667962435632944,20.684226989746094,0,3.9802074432373047,0.0002911729388870299,109755.421875,15.2216796875,44.89815725972432,3.2356435554329006
8088.0693359375,80.28744506835938,-9.769612312316895,0.010780343785881996,5251.43408203125,75.97500610351562,-9.300694465637207,0.015711680054664612,7335.36767578125,118.12932586669922,-9.663555145263672,0.017489027231931686,814.242431640625,33,2.7575817108154297,0.707837700843811,20.34127426147461,1747.64453183898,1098.8338200639043,44.88747767093006,3.244201007602806,0.03803475201129913,0.03333702310919762,23.021669387817383,2,8.357897758483887,0.0006114489515312016,6338.29150390625,16.545490264892578,44.88747767093006,3.244201007602806
123779.640625,260.6324157714844,-12.731622695922852,0.0022866991348564625,96565.828125,176.08126831054688,-12.462059020996094,0.0019802474416792393,120252.7421875,231.23104858398438,-12.700237274169922,0.0020882426761090755,5373.8349609375,346,2.527574062347412,2.4086642265319824,7.8099365234375,1301.6149797824544,1136.025824486229,44.89019166618295,3.2768411071892816,0.004436931572854519,0.00439628679305315,1.0333179235458374,0,4.020939350128174,0.00029413215816020966,123671.0859375,15.165444374084473,44.890191666182936,3.2768411071892753
1576.1541748046875,137.50100708007812,-7.993996620178223,0.09474079310894012,395.9638977050781,66.51464080810547,-6.494139194488525,0.1824280023574829,597.7879028320312,104.36529541015625,-6.9413676261901855,0.18960021436214447,31.857418060302734,22,2.767176628112793,1.1949034929275513,-72.9490737915039,1528.5843701738893,1110.3900592037267,44.88831949073152,3.2602328915252667,0.3692415654659271,0.3668329119682312,-80.37419128417969,3,10.893937110900879,0.0007969412836246192,166.80783081054688,16.603059768676758,44.88831949073152,3.2602328915252667
2247.68994140625,101.66936492919922,-8.379341125488281,0.049122847616672516,1761.2889404296875,69.29153442382812,-8.11457633972168,0.04272473603487015,2329.70263671875,130.18650817871094,-8.418251037597656,0.060686949640512466,87.27271270751953,49,1.9829955101013184,1.7880462408065796,17.31728744506836,1458.0302383120065,1103.4759266213448,44.88781148682709,3.2653970295455634,0.10858051478862762,0.10843570530414581,4.243394374847412,0,6.512918472290039,0.0004764437035191804,2511.102783203125,11.89797306060791,44.88781148682709,3.2653970295455634
1800.0531005859375,37.68574523925781,-8.138213157653809,0.02273639477789402,3851.719482421875,73.2695083618164,-8.964137077331543,0.02065848372876644,5383.5107421875,79.3264389038086,-9.327664375305176,0.016002291813492775,378.1959228515625,9,1.3288321495056152,0.3874903619289398,24.98712158203125,1736.4678689573368,1094.914861480544,44.8871904191956,3.245019363122867,0.028292754665017128,0.010321970097720623,25.798917770385742,19,4.24998664855957,0.000310921372147277,5099.67626953125,7.972992897033691,44.887190419195605,3.2450193631228728
959.3911743164062,100.55541229248047,-7.454989433288574,0.11382550001144409,626.4969482421875,66.99159240722656,-6.992297172546387,0.11612645536661148,686.6859741210938,100.29212188720703,-7.091895580291748,0.15861289203166962,37.48411560058594,25,1.7395987510681152,1.5960601568222046,64.51924133300781,1524.85280187618,1115.330257698494,44.88868123274655,3.2605055757666888,0.231710746884346,0.23122067749500275,65.4073715209961,3,8.307461738586426,0.0006077266880311072,754.5867919921875,10.437592506408691,44.88868123274655,3.2605055757666888
406.3269958496094,68.79438781738281,-6.522189140319824,0.1838684231042862,278.25390625,66.24388885498047,-6.111103057861328,0.2585439383983612,223.9793243408203,66.6219253540039,-5.875519752502441,0.32302719354629517,36.05054473876953,7,1.3051389455795288,0.400511771440506,-27.027570724487305,1675.5633587466752,1112.7100438502428,44.88849254863159,3.2494755673328517,0.3321402072906494,0.32932528853416443,-8.980672836303711,2,4.282986640930176,0.00031332921935245395,331.8407897949219,7.830833435058594,44.88849254863159,3.249475567332852
661.896484375,85.20954895019531,-7.051975250244141,0.13980671763420105,557.6070556640625,66.97767639160156,-6.865820407867432,0.13044627010822296,572.8602294921875,86.82398986816406,-6.8951215744018555,0.16459661722183228,30.132896423339844,17,1.7678065299987793,1.27200448513031,-19.18877410888672,1620.4200488569954,1121.5075433935135,44.889135740236455,3.253510739562843,0.30969274044036865,0.30868062376976013,2.060453176498413,0,8.974949836730957,0.0006565678049810231,162.67861938476562,10.606839179992676,44.88913574023645,3.253510739562836
423.2034912109375,71.70928192138672,-6.566372871398926,0.184016153216362,198.26759338378906,65.9469223022461,-5.743129253387451,0.36122068762779236,148.89404296875,179.02650451660156,-5.432193279266357,1.3057794570922852,25.628955841064453,9,1.9548050165176392,0.8887792229652405,47.696590423583984,1494.1021531572771,1130.7298713535483,44.88980841490342,3.2627547852992413,0.39266881346702576,0.39063459634780884,79.72538757324219,1,7.881762981414795,0.0005765773239545524,1481.6322021484375,11.728830337524414,44.88980841490342,3.262754785299241
1201.0946044921875,95.20549011230469,-7.698943138122559,0.08608244359493256,938.1039428710938,67.55475616455078,-7.430627346038818,0.07820504903793335,1124.5352783203125,98.30845642089844,-7.627432823181152,0.09493964910507202,46.09409713745117,31,1.8367326259613037,1.5429390668869019,70.97064971923828,822.0424602032111,1145.4277447632398,44.890866576894624,3.311932663225153,0.2038513571023941,0.20309282839298248,-73.67202758789062,0,8.272374153137207,0.0006050551892258227,824.3751831054688,11.020395278930664,44.890866576894624,3.311932663225153
655.0354614257812,83.64431762695312,-7.040661811828613,0.13867604732513428,484.26031494140625,66.6204833984375,-6.7126970291137695,0.14940278232097626,456.2408142089844,71.43770599365234,-6.647985458374023,0.17004473507404327,38.733604431152344,17,1.4966751337051392,1.0207339525222778,-56.07807922363281,1561.5142928308267,1140.0480749179674,44.89049238580197,3.2578203682214966,0.2531067728996277,0.2524394094944,9.401122093200684,0,6.211400985717773,0.0004543893737718463,376.0873107910156,8.980051040649414,44.890492385801956,3.257820368221491
6539.0068359375,175.3863067626953,-9.538779258728027,0.02912820503115654,3311.043212890625,72.29069519042969,-8.799912452697754,0.023710863664746284,5520.97216796875,162.78024291992188,-9.3550386428833,0.03201960399746895,120.53203582763672,129,3.319993734359741,2.293367862701416,32.491859436035156,1485.8248887705602,1171.3736964074621,44.89278494423342,3.2633570927133753,0.07502508908510208,0.07394874095916748,36.667144775390625,1,8.38952350616455,0.0006137097952887416,6199.541015625,19.91996192932129,44.892784944233405,3.263357092713369
754.3951416015625,94.76786041259766,-7.193997383117676,0.13642439246177673,408.316162109375,66.51448822021484,-6.527491569519043,0.17690883576869965,352.6339111328125,81.88548278808594,-6.36830997467041,0.25218117237091064,31.304540634155273,18,1.7918074131011963,1.1306849718093872,20.45757293701172,1266.7448101972682,1142.6738909864791,44.89067767595302,3.279392321371014,0.29126641154289246,0.29032912850379944,30.57957649230957,0,8.516066551208496,0.0006229446153156459,89.0240249633789,10.750844955444336,44.890677675953015,3.2793923213710072
447.0415344238281,72.16476440429688,-6.6258697509765625,0.1753101795911789,205.0313720703125,66.06507873535156,-5.779551029205322,0.3499302268028259,192.85775756835938,76.73823547363281,-5.713092803955078,0.432120144367218,28.91498374938965,11,1.7925740480422974,1.0101515054702759,-80.00337219238281,1464.9431259756132,1146.5114708713036,44.890963585051864,3.2648874397867678,0.47269880771636963,0.470547080039978,85.62197875976562,0,8.047797203063965,0.0005887154839001596,-23.357690811157227,10.755444526672363,44.890963585051864,3.2648874397867673
983.162109375,96.1144027709961,-7.481562614440918,0.10616788268089294,737.3904418945312,67.27086639404297,-7.169243812561035,0.09907391667366028,1011.5618286132812,102.84611511230469,-7.512481212615967,0.1104142889380455,43.02906799316406,26,2.0135180950164795,1.5237337350845337,-9.876001358032227,1424.531694345269,1146.729851627474,44.890978632144915,3.2678448870777017,0.3155983090400696,0.31482836604118347,-47.49587631225586,0,9.963312149047852,0.0007288336055353284,480.35211181640625,12.081108093261719,44.890978632144915,3.2678448870777013
352.2856140136719,62.50149154663086,-6.367237091064453,0.19267496466636658,274.72149658203125,66.15873718261719,-6.097231864929199,0.2615317404270172,292.32708740234375,66.76345825195312,-6.1646728515625,0.24802735447883606,30.984846115112305,6,0.9460105299949646,0.572425901889801,-63.776710510253906,511.92366494645074,1147.7802410885386,44.8910283266643,3.3346219254881846,0.42431992292404175,0.4218694269657135,-21.261201858520508,2,4.210968017578125,0.0003079729212913662,130.62454223632812,5.676063060760498,44.8910283266643,3.3346219254881846
343.0615539550781,59.26294708251953,-6.338429927825928,0.18760353326797485,242.9790496826172,66.22216033935547,-5.963922023773193,0.29598134756088257,213.2087860107422,58.358497619628906,-5.822012901306152,0.2972547709941864,45.33258819580078,9,1.6799736022949219,0.5831323862075806,76.63211059570312,1628.3006347527626,1153.814412183396,44.891502061461544,3.252931292639117,0.3331989347934723,0.33056557178497314,-68.71903228759766,0,5.420347213745117,0.00039652391569688916,-167.41981506347656,10.079841613769531,44.891502061461544,3.252931292639117
409.5967102050781,70.56533813476562,-6.530890941619873,0.18709611892700195,204.18650817871094,66.14120483398438,-5.7750678062438965,0.35178303718566895,193.2423858642578,69.70703887939453,-5.715256214141846,0.39174553751945496,26.965402603149414,5,0.9836543202400208,0.4499974250793457,49.63371658325195,688.0705349506068,1153.4453388988545,44.89144937527575,3.3217341090591215,0.4083772599697113,0.40755602717399597,-54.12864303588867,2,2.893167018890381,0.0002116032992489636,160.6707763671875,5.901926040649414,44.89144937527576,3.3217341090591286
983.0936279296875,95.65409851074219,-7.481487274169922,0.10566679388284683,731.1237182617188,67.1047134399414,-7.159977436065674,0.09967631101608276,937.4043579101562,116.8170166015625,-7.429817199707031,0.13533464074134827,39.31409454345703,26,1.845327615737915,1.3696988821029663,25.79669952392578,332.3997577149685,1158.6992789570866,44.891821253565645,3.347754255464969,0.2620679438114166,0.2612607777118683,32.66199493408203,0,9.518486022949219,0.0006961078033782542,850.7496337890625,11.071966171264648,44.89182125356566,3.347754255464976
794.688232421875,87.40406799316406,-7.250492095947266,0.1194440945982933,686.0003662109375,66.93489837646484,-7.090810775756836,0.10596393793821335,991.5303955078125,99.85529327392578,-7.49076509475708,0.10936915874481201,38.461063385009766,21,2.539126396179199,1.1592179536819458,-62.91925048828125,1121.3574753657188,1164.2766575160101,44.8922559381867,3.290029473563187,0.3025231957435608,0.30147585272789,14.109604835510254,3,10.275715827941895,0.0007516298210248351,188.41946411132812,15.234758377075195,44.89225593818669,3.2900294735631803
1399.1737060546875,114.80550384521484,-7.864678859710693,0.08910886198282242,903.2367553710938,67.50886535644531,-7.3895039558410645,0.08116878569126129,1613.916259765625,133.98597717285156,-8.019702911376953,0.09015881270170212,48.903682708740234,17,1.6313387155532837,0.8804703950881958,-55.488746643066406,1120.5102803935315,1163.4521259691874,44.89219552787813,3.290091542636203,0.32502466440200806,0.3245866298675537,-77.58020782470703,3,7.160430908203125,0.0005237588775344193,1397.039794921875,9.788032531738281,44.89219552787814,3.2900915426362096
4645.509765625,163.70191955566406,-9.167583465576172,0.038269273936748505,2099.2275390625,69.98637390136719,-8.30514907836914,0.03620627149939537,4192.2392578125,165.32337951660156,-9.05611515045166,0.04282703623175621,71.6384506225586,106,3.7710022926330566,2.083493232727051,-89.39153289794922,1456.996535860051,1200.8616353922025,44.894943896618464,3.2654643305828692,0.1370447427034378,0.1347012221813202,86.13091278076172,2,13.442131996154785,0.0009832988725975156,2810.10986328125,22.626014709472656,44.894943896618464,3.2654643305828692
2019.58251953125,117.91385650634766,-8.263154029846191,0.06340639293193817,1288.123046875,68.29170989990234,-7.774893283843994,0.05757586285471916,1799.52734375,118.1954345703125,-8.137896537780762,0.07132997363805771,63.725257873535156,51,2.367859125137329,1.7045834064483643,34.0830078125,378.1775434638411,1170.8957252676253,44.89271622271379,3.3444041310110597,0.16558940708637238,0.1647602915763855,18.799964904785156,0,9.063632011413574,0.0006628478295169771,1103.3885498046875,14.207155227661133,44.89271622271379,3.3444041310110597
2579.9521484375,120.23726654052734,-8.52902889251709,0.0506124384701252,1650.194580078125,69.11943817138672,-8.043837547302246,0.045487791299819946,2285.362060546875,126.46068572998047,-8.397387504577637,0.060093894600868225,83.75601196289062,61,2.8327226638793945,1.6650997400283813,42.923885345458984,1035.8459539799435,1180.583221274718,44.893447759710455,3.2962852260922855,0.12464072555303574,0.123919278383255,47.91621780395508,0,8.993589401245117,0.0006578296888619661,1377.6170654296875,16.996335983276367,44.893447759710455,3.2962852260922855
1215.2528076171875,102.06224822998047,-7.711666584014893,0.09120703488588333,868.4713745117188,67.71708679199219,-7.346888542175293,0.08467838913202286,840.115478515625,111.05000305175781,-7.310847282409668,0.1435520499944687,43.078651428222656,20,1.8481742143630981,0.948162317276001,-3.096283197402954,1477.698830506909,1161.5458959323219,44.89206498532376,3.2639526347388848,0.16881150007247925,0.16832876205444336,50.35063171386719,3,7.146779537200928,0.0005228021182119846,931.0955810546875,11.089045524597168,44.89206498532377,3.2639526347388905
31081.29296875,301.36053466796875,-11.231247901916504,0.010529727675020695,8602.4072265625,81.71403503417969,-9.836549758911133,0.010315884836018085,29594.669921875,312.6759948730469,-11.178033828735352,0.01147389505058527,286.97357177734375,531,5.858224868774414,4.6360859870910645,-64.95184326171875,997.6870612034273,1236.528965048503,44.897543841644705,3.299072178859315,0.051410868763923645,0.05073361471295357,-68.59029388427734,0,9.8537015914917,0.0007207180606201291,26866.615234375,35.149349212646484,44.897543841644705,3.2990721788593147
1993.2020263671875,97.09725952148438,-8.248878479003906,0.05290362983942032,1575.0206298828125,68.89437103271484,-7.993215560913086,0.04750369116663933,1924.3641357421875,104.06464385986328,-8.210718154907227,0.05872807651758194,94.01815795898438,44,2.0172665119171143,1.5688483715057373,-8.098981857299805,1659.0659058310796,1177.9657579496238,44.893271516551486,3.2506776285484493,0.09957075119018555,0.09942782670259476,66.13603210449219,0,6.301726818084717,0.00046099882456474006,1750.1416015625,12.103599548339844,44.893271516551486,3.2506776285484493
491.5476989746094,67.685302734375,-6.728914260864258,0.14954039454460144,506.36785888671875,66.64054107666016,-6.761165142059326,0.1429230272769928,472.5848388671875,67.77141571044922,-6.68619966506958,0.1557387262582779,41.18979263305664,13,1.336014986038208,0.9874573349952698,65.71881103515625,764.8862083428199,1174.3152098933997,44.89298036077299,3.3161118467714825,0.2569698095321655,0.25639966130256653,35.173484802246094,0,6.859421253204346,0.0005016963114030659,120.84026336669922,8.016090393066406,44.89298036077299,3.316111846771483
789.2203369140625,97.72431945800781,-7.242995738983154,0.13447272777557373,40.819820404052734,65.79920959472656,-4.027177810668945,1.7505695819854736,47.292213439941406,70.03266143798828,-4.186974048614502,1.6082028150558472,25.9698486328125,9,1.907842755317688,0.7462541460990906,9.75462532043457,1862.0834825046816,1209.1260806330995,44.89555756869326,3.235816101254593,0.29884666204452515,0.28988468647003174,82.24762725830078,0,7.128623962402344,0.0005215040291659534,136.32083129882812,11.447056770324707,44.89555756869326,3.2358161012545934
426.988525390625,68.2030029296875,-6.576040744781494,0.17346709966659546,318.7439880371094,66.25057220458984,-6.258605003356934,0.22572384774684906,340.12103271484375,65.56621551513672,-6.3290839195251465,0.20935168862342834,33.30414962768555,11,1.5387816429138184,0.6980951428413391,-11.054530143737793,101.83523700390121,1174.6273850502898,44.89297837139293,3.364618620505601,0.29455411434173584,0.2934078872203827,12.174240112304688,0,6.047604560852051,0.0004422441415954381,216.8275909423828,9.23268985748291,44.89297837139293,3.364618620505601
942.9703979492188,107.01779174804688,-7.436244964599609,0.12325023114681244,245.63771057128906,66.12396240234375,-5.975737571716309,0.2923436164855957,435.1295471191406,121.63355255126953,-6.596546649932861,0.3035740554332733,25.566349029541016,12,1.8738038539886475,0.8678529858589172,42.02987289428711,69.2108999903489,1181.0620750517353,44.89344821112028,3.3670043085282013,0.5095793604850769,0.5056487321853638,33.787452697753906,2,7.623260974884033,0.0005574609967879951,453.235595703125,11.242822647094727,44.89344821112028,3.3670043085282013
7945.76123046875,215.92774963378906,-9.750338554382324,0.029512280598282814,2267.3232421875,70.21959686279297,-8.38878345489502,0.03363370522856712,8437.087890625,269.31005859375,-9.815481185913086,0.03466489166021347,86.29527282714844,191,6.944462299346924,3.0592246055603027,60.759342193603516,875.5915312717648,1223.9343967352067,44.89661776939077,3.3080070777538544,0.17884157598018646,0.1750451624393463,60.29490280151367,3,27.00348472595215,0.001975039020180702,3908.333740234375,41.66677474975586,44.89661776939077,3.3080070777538544
914.9070434570312,96.80133819580078,-7.4034423828125,0.1149037554860115,644.8633422851562,67.05504608154297,-7.023669242858887,0.11292590945959091,825.7808837890625,95.22151184082031,-7.29216194152832,0.12522760033607483,38.915252685546875,24,2.0699515342712402,1.2975928783416748,87.29473114013672,286.4315674338424,1195.8099620522623,44.894537211495575,3.351113152473294,0.3134111166000366,0.3122052252292633,62.70262145996094,0,9.813826560974121,0.0007176866638474166,562.5038452148438,12.419709205627441,44.894537211495575,3.3511131524732938
492.1121826171875,68.97944641113281,-6.730160236358643,0.15222479403018951,457.1495056152344,66.64156341552734,-6.650145530700684,0.1583130657672882,477.9121398925781,92.8858871459961,-6.698369979858398,0.2110724300146103,41.23900604248047,13,1.103468656539917,0.9285218119621277,-6.969151020050049,52.00872748970734,1185.6131133622052,44.893780754373616,3.368262095563829,0.2349919080734253,0.23447223007678986,32.587711334228516,2,4.023411273956299,0.00029421530780382454,533.0753173828125,6.620811939239502,44.89378075437361,3.3682620955638214
11729.9228515625,129.406005859375,-10.173237800598145,0.011980890296399593,9405.5263671875,83.18419647216797,-9.933457374572754,0.009604782797396183,11280.794921875,130.1240234375,-10.13084888458252,0.012527015060186386,529.4693603515625,115,2.1534900665283203,1.980080485343933,37.23405838012695,520.4931590549581,1217.775351791257,44.89615470698531,3.333987957230197,0.02051093988120556,0.020410995930433273,-5.7490339279174805,0,3.9899942874908447,0.0002918039099313319,11096.3388671875,12.920940399169922,44.89615470698529,3.33398795723019
1287.268798828125,123.4609375,-7.774173259735107,0.10415740311145782,496.03564453125,66.54179382324219,-6.7387824058532715,0.14568385481834412,493.9164123535156,108.26626586914062,-6.734133720397949,0.23805072903633118,41.82070541381836,25,2.0150487422943115,1.7699567079544067,-75.18392944335938,840.6770110256529,1198.9138373163114,44.89478429788428,3.31056409922674,0.2924192249774933,0.2906229794025421,-48.980201721191406,2,10.876104354858398,0.0007954816101118922,206.73521423339844,12.090291976928711,44.89478429788428,3.31056409922674
1943.33837890625,96.13166809082031,-8.221370697021484,0.05372146889567375,1532.9716796875,68.6852035522461,-7.9638352394104,0.04865851625800133,1913.1685791015625,106.49532318115234,-8.20438289642334,0.06045150384306908,90.02074432373047,43,1.9077948331832886,1.7284907102584839,79.2915267944336,320.21390860459763,1203.9248727367371,44.89513282373234,3.3486410300090417,0.10866843163967133,0.1083807498216629,-9.591493606567383,0,7.9409260749816895,0.0005807243869639933,1524.6043701171875,11.446768760681152,44.89513282373234,3.348641030009042
3233.45703125,138.44775390625,-8.774168014526367,0.04649953916668892,1763.0133056640625,69.27019500732422,-8.115638732910156,0.04266980662941933,3398.30224609375,167.24440002441406,-8.828154563903809,0.05344651639461517,62.359405517578125,78,4.191983699798584,1.9466224908828735,-51.18488693237305,873.1036855109998,1217.5400727753495,44.8961494081589,3.3081897205148243,0.15035568177700043,0.14851948618888855,-47.21831130981445,3,17.033706665039062,0.0012458496494218707,2998.880615234375,25.151901245117188,44.8961494081589,3.3081897205148243
674.7896118164062,87.49115753173828,-7.072920799255371,0.14080743491649628,319.9315185546875,66.27894592285156,-6.2626423835754395,0.22498232126235962,296.8228454589844,101.8818130493164,-6.181243419647217,0.3727598786354065,27.993099212646484,10,1.604330062866211,0.7861158847808838,4.862913608551025,202.40194353532104,1190.0186104589438,44.89410970529116,3.357260645500039,0.32705622911453247,0.3244556188583374,38.922367095947266,0,6.705128192901611,0.0004903372027911246,306.41973876953125,9.625980377197266,44.89410970529116,3.3572606455000384
18825.580078125,266.82415771484375,-10.686870574951172,0.015392409637570381,4713.14697265625,74.8526840209961,-9.183277130126953,0.017247503623366356,17663.5078125,283.0892028808594,-10.617691993713379,0.017405085265636444,138.4889678955078,373,6.086719989776611,3.7883355617523193,-85.0326156616211,813.7561967039101,1275.3800381015214,44.90038330473696,3.3125264278642956,0.0806865319609642,0.07947736978530884,-77.12861633300781,0,14.964080810546875,0.0010944341775029898,12851.6005859375,36.520320892333984,44.90038330473696,3.3125264278642956
52592.078125,194.896240234375,-11.802300453186035,0.0040245093405246735,41376.890625,125.50090789794922,-11.541894912719727,0.0032939640805125237,51199.0234375,179.10140991210938,-11.773154258728027,0.003798981197178364,2323.427001953125,232,2.379326581954956,2.2499959468841553,20.113685607910156,1842.0486248975103,1248.5856397771056,44.89844705317011,3.2372793232476194,0.007311907596886158,0.007269351277500391,-6.49121618270874,0,3.994917392730713,0.0002922472485806793,52719.5703125,14.275959014892578,44.898447053170095,3.237279323247614
509.8509826660156,78.16199493408203,-6.768608093261719,0.16648772358894348,304.13580322265625,66.3237075805664,-6.207668781280518,0.23682692646980286,283.31097412109375,88.8116455078125,-6.1306586265563965,0.3404366672039032,30.981943130493164,12,1.6564091444015503,1.0281431674957275,52.59499740600586,245.88837954123062,1214.0859761836273,44.89587398499823,3.3540770539720355,0.38927528262138367,0.3887469470500946,-44.40715408325195,0,7.802794933319092,0.0005706090596504509,212.59861755371094,9.938454627990723,44.89587398499823,3.354077053972035
113.77928924560547,33.544586181640625,-5.140158176422119,0.32017621397972107,166.1081085205078,66.0356674194336,-5.5509772300720215,0.4317352771759033,91.04856872558594,32.4798469543457,-4.8981828689575195,0.38740986585617065,31.614452362060547,3,0.9050871729850769,0.20127737522125244,-64.1572036743164,170.67239203257566,1205.4825914223309,44.89524086221159,3.35958002126809,0.339578777551651,0.3340594172477722,-79.2037582397461,2,2.4648826122283936,0.00018025089229922742,129.09268188476562,5.430522918701172,44.89524086221159,3.35958002126809
5085.38232421875,148.65792846679688,-9.265809059143066,0.03174638748168945,2651.202392578125,71.06725311279297,-8.55860710144043,0.029110955074429512,4617.71630859375,156.62567138671875,-9.161067962646484,0.036835409700870514,103.52618408203125,108,3.553921937942505,1.9768285751342773,6.266349792480469,735.2562367127098,1230.8074090731025,44.897116569346096,3.318274239440548,0.09939292818307877,0.09750182926654816,8.249001502990723,0,10.24013614654541,0.0007489372510462999,3487.702880859375,21.323532104492188,44.897116569346096,3.318274239440548
1210.4832763671875,104.82803344726562,-7.707396984100342,0.09404776245355606,836.2198486328125,67.42256164550781,-7.3058013916015625,0.08756178617477417,961.484375,111.5860366821289,-7.457355499267578,0.12603682279586792,52.5377311706543,32,2.411593437194824,1.528443455696106,37.15997314453125,1585.4602839684396,1224.0837357760684,44.89664749214617,3.256060763047981,0.24307139217853546,0.2415052354335785,48.775978088378906,0,11.504579544067383,0.000841580331325531,337.24072265625,14.469560623168945,44.89664749214617,3.2560607630479814
1248.173828125,117.23689270019531,-7.740687847137451,0.10200443118810654,725.0203857421875,67.14329528808594,-7.150875568389893,0.10057319700717926,976.329833984375,108.87989807128906,-7.473991394042969,0.12111026793718338,34.20656967163086,32,1.9592374563217163,1.7962144613265991,-71.06266784667969,417.2400199062143,1227.1186863592243,44.89683510782777,3.341540730066078,0.3154386579990387,0.3147755265235901,5.717761516571045,3,11.240297317504883,0.0008220220915973186,810.28173828125,11.755424499511719,44.89683510782776,3.341540730066071
4608.533203125,65.93185424804688,-9.158906936645508,0.015536828897893429,4328.7177734375,74.2325439453125,-9.090898513793945,0.018623653799295425,4519.1865234375,72.08181762695312,-9.137650489807129,0.017321890220046043,552.5086669921875,29,2.198082685470581,0.5921686291694641,73.77189636230469,633.9698651987139,1235.4604356736263,44.897453874003254,3.3256842021657174,0.033471982926130295,0.02851797826588154,80.2290267944336,3,6.812966823577881,0.0004982693935744464,3711.46484375,13.188495635986328,44.89745387400325,3.32568420216571
1283.467529296875,118.512939453125,-7.770962238311768,0.10027916729450226,625.3494262695312,66.9636001586914,-6.990306854248047,0.11629094928503036,939.4904174804688,142.6199188232422,-7.4322309494018555,0.16486088931560516,33.004241943359375,27,2.2400171756744385,1.6633741855621338,0.10008370131254196,409.01024860633737,1228.8267071898817,44.896959877069484,3.342142609383586,0.378872275352478,0.37733641266822815,-13.542418479919434,3,11.567071914672852,0.000845916336402297,689.5938110351562,13.440103530883789,44.896959877069484,3.342142609383586
4721.4296875,63.28166580200195,-9.18518352508545,0.014555737376213074,3861.148193359375,73.33409881591797,-8.966791152954102,0.02062620408833027,4601.7265625,69.20626068115234,-9.157301902770996,0.016332564875483513,570.45556640625,26,2.775550603866577,0.34221142530441284,88.58330535888672,370.97261096362166,1242.1118650432122,44.897931311105836,3.344923880861463,0.039767760783433914,0.008808784186840057,87.94066619873047,0,5.808322906494141,0.00042476473026908934,2987.497802734375,16.653303146362305,44.897931311105836,3.3449238808614625
686.1480102539062,89.10939025878906,-7.0910444259643555,0.14103779196739197,377.31329345703125,66.45008850097656,-6.441755294799805,0.19125960767269135,539.195068359375,117.08055877685547,-6.829364776611328,0.23581351339817047,33.41901397705078,9,1.2827911376953125,0.8208881616592407,32.23714065551758,577.0626164795415,1223.0131238574133,44.896540319809745,3.329848834211109,0.46087944507598877,0.45807936787605286,14.631816864013672,2,6.120147228240967,0.0004475958412513137,534.0551147460938,7.696746826171875,44.896540319809745,3.329848834211109
1616.8316650390625,112.29572296142578,-8.021661758422852,0.07542724162340164,1032.1810302734375,67.87336730957031,-7.534389495849609,0.0714123547077179,1346.6986083984375,117.2999038696289,-7.82317590713501,0.09459257870912552,55.2442626953125,42,2.5311648845672607,1.5860145092010498,1.0918081998825073,266.75494392908683,1232.7043387731098,44.897238277340826,3.3525486848028314,0.19102439284324646,0.1896640807390213,-4.035830497741699,0,11.322715759277344,0.0008280145120806992,555.6272583007812,15.186988830566406,44.897238277340804,3.3525486848028163
5246.7021484375,120.93190002441406,-9.299715995788574,0.025031350553035736,3906.681396484375,73.3496322631836,-8.979519844055176,0.020390121266245842,5115.0849609375,124.78976440429688,-9.27213191986084,0.02649451233446598,195.97320556640625,84,2.3397860527038574,1.8257739543914795,-39.24049758911133,220.13082798562704,1252.7472090507465,44.89870413560071,3.355957159309129,0.050425514578819275,0.04987412318587303,-37.597137451171875,2,4.703192710876465,0.0003439307620283216,4622.50048828125,14.038716316223145,44.898704135600696,3.3559571593091215
2461.040283203125,51.398231506347656,-8.47779655456543,0.022680846974253654,2483.487548828125,70.64346313476562,-8.487654685974121,0.030891556292772293,2715.820556640625,61.963836669921875,-8.584753036499023,0.02477804571390152,277.8642578125,18,2.0597920417785645,0.44899263978004456,78.05550384521484,637.4806388402203,1246.9022457106005,44.89829190704369,3.325426209999978,0.04836346209049225,0.043667346239089966,70.5255126953125,3,5.73025369644165,0.0004190829931758344,2159.04931640625,12.358752250671387,44.89829190704369,3.325426209999978
1690.49658203125,43.579078674316406,-8.070035934448242,0.027995845302939415,1658.26904296875,68.91177368164062,-8.049137115478516,0.045130304992198944,1739.7117919921875,43.05327606201172,-8.10119342803955,0.026875633746385574,359.969482421875,13,1.7003060579299927,0.2863112986087799,-88.22008514404297,636.0131841388602,1242.3392244215222,44.89795769585121,3.3255340254249455,0.04127754643559456,0.03647715225815773,-88.68167114257812,3,4.129167556762695,0.00030198783497326076,1518.1673583984375,10.201836585998535,44.8979576958512,3.3255340254249384
776.8278198242188,96.75386047363281,-7.225811958312988,0.13526123762130737,384.2074279785156,66.74786376953125,-6.461414337158203,0.1886693686246872,65.72216796875,256.9253845214844,-4.5442795753479,4.245461940765381,37.07269287109375,18,2.245683431625366,1.915474534034729,36.88273239135742,1193.8058318617643,1244.9652669950808,44.89816721779951,3.2847206554701733,0.20476600527763367,0.18347935378551483,1.0411944389343262,3,12.030823707580566,0.0008799933129921556,2194.244140625,13.474100112915039,44.89816721779951,3.2847206554701733
342.88446044921875,59.16501235961914,-6.337869644165039,0.1873902529478073,306.51226806640625,66.2768783569336,-6.216119766235352,0.23482483625411987,286.9788818359375,81.7746810913086,-6.144624710083008,0.30945587158203125,40.56298065185547,9,1.1121591329574585,0.8195026516914368,-41.63602828979492,764.2024260438934,1233.0184786842449,44.89727945206121,3.316156180330034,0.2856038212776184,0.2847388982772827,25.250192642211914,0,5.687912940979004,0.00041600194526836276,340.7523193359375,6.672954559326172,44.89727945206121,3.316156180330034
3038.966552734375,103.54454803466797,-8.706814765930176,0.03700250759720802,2383.67041015625,70.44805145263672,-8.443115234375,0.032096125185489655,2757.125,109.16789245605469,-8.601140975952148,0.042999982833862305,130.87730407714844,58,1.8939101696014404,1.8117265701293945,-73.75230407714844,1241.1734525380887,1247.3256590754406,44.898341341546164,3.2812542335856643,0.06495105475187302,0.06481128185987473,-77.18020629882812,0,5.2215352058410645,0.0003819321864284575,2662.757568359375,11.363460540771484,44.89834134154618,3.2812542335856705
596.4077758789062,82.34834289550781,-6.9388580322265625,0.14994825422763824,367.0407409667969,66.40289306640625,-6.41178560256958,0.19647283852100372,396.2883605957031,92.30073547363281,-6.495028495788574,0.25294357538223267,28.851078033447266,8,1.0735557079315186,0.8462886810302734,-65.4991226196289,1528.615894025257,1237.6644428946652,44.89764082305821,3.260219779380059,0.3524072766304016,0.35122427344322205,47.83162307739258,2,4.3440399169921875,0.00031776848481968045,394.962158203125,6.441334247589111,44.89764082305821,3.260219779380059
1023.2593994140625,94.75789642333984,-7.524964332580566,0.10056792944669724,694.3472290039062,67.10575103759766,-7.103941917419434,0.10495735704898834,1003.6875610351562,115.41776275634766,-7.5039963722229,0.12488317489624023,44.773353576660156,27,2.4024479389190674,1.6704790592193604,-13.641539573669434,1615.6652007453145,1245.1097815293128,44.89818799066743,3.2538484015206195,0.3222617208957672,0.32131049036979675,5.3507561683654785,0,10.771430969238281,0.0007879467448219657,304.05706787109375,14.414688110351562,44.89818799066743,3.2538484015206195
20845.498046875,154.21502685546875,-10.797531127929688,0.008034229278564453,16343.9609375,93.90912628173828,-10.533392906188965,0.006239938549697399,20195.11328125,147.92959594726562,-10.763115882873535,0.007954970933496952,945.20263671875,163,2.3059442043304443,2.1546318531036377,-23.778858184814453,1018.807091410371,1270.207644227555,44.90001085845647,3.297523633359646,0.013617940247058868,0.013532490469515324,-2.077126979827881,0,3.9364864826202393,0.0002879191015381366,20294.96484375,13.835664749145508,44.90001085845647,3.297523633359646
2518.560302734375,133.27964782714844,-8.502881050109863,0.057470016181468964,1504.384765625,68.7276611328125,-7.943397521972656,0.04961379989981651,2071.484375,125.20296478271484,-8.290703773498535,0.06563912332057953,55.029808044433594,61,2.503945827484131,1.8012471199035645,-65.21513366699219,484.1282637231925,1257.822980259706,44.89908613893713,3.336644278952945,0.14905978739261627,0.14803381264209747,-65.7916030883789,0,8.58187198638916,0.0006276093190535903,1342.845703125,15.023674964904785,44.89908613893713,3.336644278952945
4973.48486328125,65.50598907470703,-9.24165153503418,0.014303754083812237,4729.73046875,75.02066802978516,-9.187090873718262,0.01722560077905655,4953.08544921875,78.02550506591797,-9.237189292907715,0.017107659950852394,533.7681884765625,28,2.3150477409362793,0.5998890399932861,-47.71159362792969,634.9282554763575,1254.2457555272058,44.89882959748147,3.3256122147307003,0.03645952418446541,0.031002042815089226,-43.09123992919922,3,7.039680480957031,0.000514846236910671,4399.68359375,13.890286445617676,44.89882959748146,3.325612214730694
1414.7884521484375,121.25029754638672,-7.876728534698486,0.09307244420051575,746.0706176757812,67.13546752929688,-7.181950092315674,0.09772414714097977,820.883544921875,105.47686004638672,-7.285703659057617,0.13954216241836548,40.62971878051758,32,1.9494894742965698,1.6742992401123047,85.09949493408203,1924.4702885993677,1250.554550726722,44.89859272580984,3.231246511896111,0.2739950716495514,0.2724649906158447,44.96375274658203,0,10.823434829711914,0.0007917977636680007,407.20074462890625,11.69693660736084,44.89859272580984,3.231246511896111
2299.605224609375,158.10079956054688,-8.404132843017578,0.07466388493776321,301.36883544921875,66.13653564453125,-6.1977458000183105,0.23832683265209198,340.10589599609375,140.51976013183594,-6.32903528213501,0.44869688153266907,27.560665130615234,12,1.4260905981063843,0.8735087513923645,2.1276721954345703,1115.6190261737709,1242.3919154480036,44.89797661017195,3.2904422258418187,0.31935134530067444,0.31806641817092896,14.075794219970703,3,6.663374900817871,0.0004873836296610534,1292.11328125,8.556543350219727,44.897976610171966,3.2904422258418253
85647.609375,230.0814208984375,-12.331788063049316,0.0029174010269343853,66832.8984375,150.91342163085938,-12.06247615814209,0.002452265005558729,83101.734375,206.20310974121094,-12.299025535583496,0.002694728085771203,3677.68115234375,296,2.47719407081604,2.370457410812378,1.4795607328414917,65.62988442988946,1286.9278836591898,44.90120061610608,3.36725483545892,0.005522570572793484,0.005462176166474819,-6.838101863861084,0,4.058834552764893,0.000296794023597613,85436.234375,14.863164901733398,44.90120061610608,3.3672548354589202
362131.21875,394.9935302734375,-13.897165298461914,0.0011845511617138982,280824.625,286.13812255859375,-13.621088027954102,0.0011065483558923006,351195.9375,346.4147033691406,-13.863873481750488,0.0010712150251492858,15465.986328125,583,2.661240577697754,2.5977869033813477,7.754800319671631,1775.7644770578404,1310.3476849331707,44.90296883531757,3.2421256398883522,0.0024868242908269167,0.002459129085764289,18.530208587646484,0,4.049124240875244,0.00029620068380609155,360759.46875,15.967443466186523,44.90296883531757,3.242125639888352
738.0015869140625,93.0655746459961,-7.170143127441406,0.13694986701011658,482.8783264160156,66.51448059082031,-6.709594249725342,0.14959198236465454,454.40069580078125,85.63909149169922,-6.643597602844238,0.20467409491539001,25.7103271484375,18,1.8346097469329834,1.1684335470199585,-73.67005920410156,783.5185254146335,1250.003676864435,44.898523960786264,3.31474125700019,0.3304469883441925,0.3283105492591858,-63.34273147583008,0,8.761497497558594,0.0006407956825569272,-27.4073543548584,11.007658004760742,44.89852396078626,3.3147412570001835
1118.5213623046875,115.79090881347656,-7.621610641479492,0.11242425441741943,351.8401794433594,66.37126922607422,-6.36586332321167,0.20486345887184143,372.8178405761719,235.48733520507812,-6.428741931915283,0.685962975025177,26.823287963867188,22,2.3649368286132812,1.2650871276855469,80.71626281738281,1203.450324583862,1259.7009498173184,44.89924662485594,3.28401356704155,0.373440682888031,0.3720080852508545,85.2684326171875,1,10.360339164733887,0.0007578028598800302,2312.6396484375,14.189620971679688,44.89924662485593,3.2840135670415433
2249.72314453125,106.41380310058594,-8.380322456359863,0.05136871710419655,1680.4776611328125,69.00603485107422,-8.063581466674805,0.044594790786504745,2018.5684814453125,113.64442443847656,-8.262608528137207,0.06114127114415169,93.40386962890625,51,2.171642780303955,1.6715413331985474,-50.29062271118164,1254.0034476064523,1264.3093151476585,44.89958545224698,3.2803138348177794,0.09341483563184738,0.09313234686851501,25.200448989868164,0,6.6884965896606445,0.0004892316646873951,2102.120361328125,13.02985668182373,44.89958545224697,3.280313834817773
9879.1806640625,68.1789779663086,-9.986802101135254,0.007494788616895676,9790.3818359375,83.77975463867188,-9.976999282836914,0.009293285198509693,9797.0966796875,73.83891296386719,-9.977743148803711,0.008184981532394886,1504.7987060546875,20,1.1198325157165527,0.7466344237327576,46.06354904174805,629.6090279532052,1254.0635357982642,44.89881606758231,3.3260013946949796,0.009203033521771431,0.008629373274743557,57.57047653198242,3,2.443535089492798,0.00017870741430670023,9559.5234375,6.718995094299316,44.89881606758231,3.3260013946949796
2354.003173828125,161.90988159179688,-8.42951774597168,0.07469578832387924,757.9797973632812,67.21105194091797,-7.199143886566162,0.09629702568054199,1617.58837890625,196.99375915527344,-8.022170066833496,0.1322556585073471,34.9929313659668,35,2.7641639709472656,2.1177666187286377,83.25167846679688,282.0450621761475,1286.8354896645858,44.90120291064652,3.3514245022441065,0.3600556552410126,0.35958021879196167,80.29519653320312,2,14.50835132598877,0.001060954760760069,1400.6151123046875,16.584983825683594,44.90120291064652,3.3514245022441065
649.4022216796875,88.85909271240234,-7.031284332275391,0.14859969913959503,170.31654357910156,65.96646118164062,-5.578142166137695,0.42062604427337646,19.703765869140625,170.0747833251953,-3.23637318611145,9.37390422821045,29.23697853088379,14,2.109299898147583,0.8939917683601379,29.143693923950195,1208.9715658413759,1260.9159711179195,44.899335753045264,3.2836094328137646,0.22195975482463837,0.21181364357471466,77.7740478515625,1,8.21386432647705,0.0006008000927977264,1258.63037109375,12.655799865722656,44.89933575304526,3.2836094328137584
595.160888671875,82.14353942871094,-6.936585903167725,0.14988867938518524,375.95428466796875,66.39558410644531,-6.437837600708008,0.1917935460805893,486.1033020019531,80.52732849121094,-6.716821193695068,0.17990554869174957,34.81802749633789,10,1.267507791519165,0.9809478521347046,-47.26854705810547,1427.7734371969568,1245.392446828992,44.898204445234576,3.2675990864569524,0.1950429230928421,0.13940586149692535,-52.40898132324219,18,6.657033920288086,0.00048694980796426535,239.2063751220703,7.60504674911499,44.898204445234576,3.2675990864569524
1069159.875,618.7320556640625,-15.072607040405273,0.0006284776027314365,822195.5,481.04888916015625,-14.787437438964844,0.0006353952339850366,1037326.375,557.885986328125,-15.039788246154785,0.0005840632366016507,43603.21875,926,2.8081676959991455,2.6954779624938965,15.058847427368164,972.135652030646,1351.687087552594,44.905976220562245,3.3009308503684682,0.0014581676805391908,0.0014395645121112466,0.21441955864429474,0,4.179937362670898,0.0003057111462112516,1064520.375,16.84900665283203,44.905976220562245,3.3009308503684687
4445.18212890625,146.4829864501953,-9.11972427368164,0.035787176340818405,2466.013427734375,70.63359832763672,-8.479988098144531,0.03110611066222191,4133.099609375,148.3067626953125,-9.040689468383789,0.038968607783317566,95.6444091796875,99,2.873415470123291,2.215076208114624,27.354154586791992,623.0255559415505,1290.7741044178683,44.901504182229054,3.326479374217843,0.10230493545532227,0.1013055145740509,21.842388153076172,0,8.769061088562012,0.0006413122173398733,3315.506591796875,17.240493774414062,44.901504182229054,3.326479374217843
971.2865600585938,102.97193145751953,-7.4683685302734375,0.1151333898305893,566.71142578125,66.84255981445312,-6.883404731750488,0.12809167802333832,749.4421997070312,128.1648406982422,-7.186845302581787,0.18572081625461578,29.502086639404297,17,1.4035807847976685,1.1384378671646118,76.55497741699219,1800.2293349749525,1269.7557032031893,44.89999664338845,3.2403383985131264,0.30605924129486084,0.3052375316619873,-28.597169876098633,2,7.556072235107422,0.0005527526373043656,757.8179931640625,8.42148494720459,44.89999664338845,3.240338398513127
1480.38916015625,112.91980743408203,-7.925939559936523,0.08283694088459015,1020.98876953125,67.8505859375,-7.522552490234375,0.07217096537351608,1152.3509521484375,103.03500366210938,-7.653962135314941,0.09710237383842468,51.52284622192383,39,1.9921691417694092,1.5359058380126953,-61.681861877441406,593.1141566880967,1281.6453989468757,44.90083462811094,3.3286686157149132,0.17778275907039642,0.17714056372642517,-57.122772216796875,0,6.840168476104736,0.0005002437974326313,992.195556640625,11.953014373779297,44.90083462811094,3.3286686157149132
1756.29296875,108.37659454345703,-8.111492156982422,0.0670144334435463,1204.8353271484375,68.2489242553711,-7.702319145202637,0.061517395079135895,1457.9425048828125,111.43132019042969,-7.909350872039795,0.08300355821847916,66.05357360839844,44,2.071014165878296,1.7262598276138306,-17.80763816833496,1786.6500030188092,1283.955373009472,44.90103627366752,3.24133110765078,0.1361323595046997,0.1356298327445984,-16.17511749267578,0,6.986544132232666,0.000511085381731391,1205.7420654296875,12.426084518432617,44.901036273667536,3.2413311076507854
8835.3310546875,164.17283630371094,-9.865556716918945,0.020179402083158493,5201.4833984375,75.65763854980469,-9.290318489074707,0.015796300023794174,8213.921875,166.0858154296875,-9.786375999450684,0.021958962082862854,227.12965393066406,155,3.1076622009277344,2.465106725692749,-78.76795959472656,1097.9162420621963,1308.2189993941572,44.902796776459134,3.2917314945184017,0.04719584062695503,0.04668136686086655,-79.06713104248047,0,5.491637229919434,0.00040166525286622345,7893.31103515625,18.645973205566406,44.902796776459134,3.2917314945184017
1079.96923828125,111.2358169555664,-7.583528518676758,0.11185698211193085,464.8234558105469,66.73466491699219,-6.668220043182373,0.15591692924499512,561.7132568359375,124.21915435791016,-6.873786449432373,0.2401616871356964,35.174583435058594,17,1.4184037446975708,1.3628767728805542,18.194244384765625,571.178353110767,1276.6466744150248,44.900467786155716,3.330273934193429,0.3361624479293823,0.3358522355556488,-17.758434295654297,0,6.771477699279785,0.000495218497235328,604.8189086914062,8.510422706604004,44.900467786155716,3.330273934193429
2764.922607421875,138.63677978515625,-8.604207038879395,0.05445344001054764,1526.8092041015625,68.79766082763672,-7.959461688995361,0.048934902995824814,2355.620361328125,129.88406372070312,-8.43026351928711,0.05987980589270592,72.555419921875,61,2.498377799987793,1.8519936800003052,21.776111602783203,226.59498519613854,1291.7270353257368,44.901558856509844,3.355480174284726,0.1447729468345642,0.14364184439182281,20.68579864501953,2,8.398872375488281,0.0006141759222373366,2142.265380859375,14.990266799926758,44.901558856509844,3.3554801742847253
2156.81787109375,90.85132598876953,-8.33453369140625,0.04574542120099068,1810.279541015625,69.31486511230469,-8.144364356994629,0.04158249869942665,2057.60888671875,97.43304443359375,-8.283407211303711,0.05142487958073616,107.16693115234375,43,1.7324869632720947,1.5577789545059204,25.182674407958984,1046.9754460083138,1290.017262159751,44.901462378086016,3.295460650550755,0.08578409999608994,0.08508693426847458,-4.9004998207092285,0,4.952678680419922,0.00036224379437044263,1769.6954345703125,10.394922256469727,44.901462378086016,3.2954606505507544
1160.7099609375,111.99119567871094,-7.66180944442749,0.10478279739618301,689.8558959960938,67.09651184082031,-7.096896171569824,0.10562613606452942,1011.0900268554688,108.52933502197266,-7.511974334716797,0.11657009273767471,36.79402542114258,30,2.389096260070801,1.458052396774292,-18.123897552490234,465.883085743191,1284.401819683823,44.90103183461375,3.3379763179416404,0.35244661569595337,0.350892573595047,-17.486242294311523,2,10.078788757324219,0.0007370699313469231,76.94966888427734,14.334577560424805,44.90103183461374,3.337976317941633
379.84375,61.68159484863281,-6.449012279510498,0.17635202407836914,432.3827209472656,66.53865051269531,-6.589670658111572,0.1671227067708969,485.6412048339844,81.05762481689453,-6.715788841247559,0.18126258254051208,41.601837158203125,10,1.1756250858306885,0.8128885626792908,-32.52444839477539,1918.7542873236723,1278.475810575967,44.900637413519874,3.2316626587007717,0.3795401155948639,0.37756380438804626,13.632335662841797,3,3.6202731132507324,0.00026484072441235185,361.5152893066406,7.053750514984131,44.90063741351985,3.2316626587007615
343.3641662597656,53.215030670166016,-6.3393874168396,0.16830970346927643,509.9050598144531,66.7765121459961,-6.768723487854004,0.14222116768360138,1089.4454345703125,147.49546813964844,-7.593013763427734,0.14702901244163513,36.39901351928711,9,2.8154306411743164,0.8443589806556702,87.04460144042969,284.23529011541115,1286.6683852877582,44.90119076187354,3.351264302145191,0.4582786560058594,0.45764869451522827,-83.59759521484375,3,9.229516983032227,0.0006749301101081073,1222.780029296875,16.8925838470459,44.90119076187354,3.3512643021451916
820.6389770507812,99.88597869873047,-7.2853803634643555,0.13218501210212708,429.1404724121094,66.58349609375,-6.581498622894287,0.16849884390830994,562.2450561523438,82.23825073242188,-6.874814033508301,0.1588466465473175,26.420303344726562,13,1.7360671758651733,1.1474677324295044,32.181358337402344,1944.9642166293092,1285.0795769822098,44.901121483651224,3.2297437448518926,0.45428943634033203,0.45379433035850525,30.157512664794922,2,8.444047927856445,0.0006177247851155698,265.11865234375,10.416402816772461,44.901121483651224,3.229743744851893
13460.208984375,128.7112579345703,-10.322629928588867,0.010384714230895042,11076.0625,85.81298828125,-10.110963821411133,0.00841390248388052,13082.05078125,130.3867645263672,-10.2916898727417,0.010823993012309074,609.21728515625,114,2.0456559658050537,1.9457587003707886,8.579296112060547,1375.0157329938206,1306.5757290885942,44.90268379498413,3.2714545443667844,0.018018381670117378,0.017897050827741623,10.783717155456543,0,4.099225997924805,0.00029984122375026345,13244.1064453125,12.273935317993164,44.90268379498412,3.271454544366778
776.6245727539062,96.73727416992188,-7.225527763366699,0.13527344167232513,421.3302307128906,66.51570892333984,-6.561556339263916,0.17144760489463806,499.5466613769531,99.17251586914062,-6.7464399337768555,0.2155981808900833,28.187782287597656,15,1.6929577589035034,1.246806025505066,37.003143310546875,1552.9429333849162,1289.673056971527,44.901450152313046,3.258434957733857,0.3802177309989929,0.37973394989967346,46.87852096557617,2,8.693708419799805,0.0006359372637234628,371.89227294921875,10.157746315002441,44.901450152313046,3.2584349577338565
4955.89306640625,112.96314239501953,-9.237804412841797,0.024753957986831665,3836.420654296875,73.33433532714844,-8.959815979003906,0.020759217441082,4739.94189453125,120.51924896240234,-9.189432144165039,0.027612976729869843,203.35037231445312,78,2.0421314239501953,1.9696667194366455,-1.923292636871338,256.6903399976237,1309.7028085008167,44.90287641329508,3.353276796883589,0.04589877650141716,0.045695412904024124,1.2280845642089844,0,4.31964635848999,0.0003158785111736506,4815.29833984375,12.252788543701172,44.90287641329508,3.353276796883588
23618.5546875,155.20443725585938,-10.933133125305176,0.007136424072086811,18705.5078125,97.39067077636719,-10.679924011230469,0.00565428426489234,22946.2734375,150.47613525390625,-10.901780128479004,0.007121726404875517,1036.8447265625,163,2.2656116485595703,2.166048049926758,-5.05166482925415,590.7410801077496,1319.889645514454,44.903635143958425,3.3288383672714867,0.012561659328639507,0.012462238781154156,-3.339672327041626,0,4.085716724395752,0.0002987965999636799,23587.83984375,13.593669891357422,44.903635143958425,3.3288383672714863
1062.3128662109375,102.66252899169922,-7.565630912780762,0.10495166480541229,459.96575927734375,66.77603912353516,-6.656813621520996,0.15766124427318573,541.6524047851562,87.75772094726562,-6.834301471710205,0.17595210671424866,43.571739196777344,17,1.925990343093872,1.2109891176223755,6.029552936553955,405.7876784682225,1291.5284481111378,44.90155143363519,3.342371888282639,0.30923646688461304,0.30870896577835083,4.463400363922119,0,8.189736366271973,0.0005989109049551189,58.158111572265625,11.55594253540039,44.90155143363519,3.3423718882826394
575.5734252929688,77.87084197998047,-6.900251865386963,0.14692778885364532,402.26617431640625,66.50192260742188,-6.511283874511719,0.17953558266162872,370.75311279296875,78.71049499511719,-6.4227118492126465,0.2305566519498825,30.377893447875977,15,1.401413917541504,1.317075252532959,37.44614028930664,1477.4220993048461,1298.6192990547818,44.90210358640651,3.263961045267478,0.2925839424133301,0.2910659909248352,34.254920959472656,0,8.125785827636719,0.0005943823489360511,98.941650390625,8.408483505249023,44.90210358640651,3.2639610452674774
4196.7001953125,109.87647247314453,-9.057270050048828,0.02843325585126877,3285.921142578125,72.31391906738281,-8.791643142700195,0.02389981783926487,3812.758056640625,116.54296875,-8.95309829711914,0.03319530561566353,177.25210571289062,67,1.9761470556259155,1.8554648160934448,18.656700134277344,544.5093198587291,1315.6928387948271,44.90332614970676,3.332221045180799,0.0520186573266983,0.051786910742521286,9.641157150268555,0,4.559721946716309,0.0003334582725074142,3810.456298828125,11.856882095336914,44.90332614970674,3.3322210451807917
775.8723754882812,95.26888275146484,-7.224475860595703,0.1333492547273636,447.63671875,66.59608459472656,-6.62731409072876,0.16156704723834991,877.642333984375,167.21536254882812,-7.3582940101623535,0.2069133073091507,31.14942169189453,19,3.741349697113037,1.1205915212631226,83.01195526123047,1218.9010412146504,1312.6199923010622,44.90312240676258,3.282878116100778,0.44451770186424255,0.441916286945343,35.82025146484375,2,12.272435188293457,0.0008976439130492508,-94.19119262695312,22.448097229003906,44.90312240676255,3.282878116100765
530.0780029296875,71.70591735839844,-6.810849666595459,0.14690786600112915,347.9379577636719,66.4923324584961,-6.35375452041626,0.20753894746303558,333.6768493652344,68.74757385253906,-6.308315277099609,0.22374901175498962,37.22921371459961,14,1.2142043113708496,1.1566052436828613,30.35677719116211,208.2160353462717,1298.6310752882914,44.902063667051976,3.3568238438931535,0.24007558822631836,0.23930171132087708,49.76509094238281,0,7.079460620880127,0.0005176885752007365,282.2777404785156,7.285225868225098,44.902063667051976,3.3568238438931535
641.4457397460938,85.84281158447266,-7.017899990081787,0.14533621072769165,220.6064910888672,66.01968383789062,-5.859045505523682,0.32500123977661133,263.2049560546875,80.1441421508789,-6.050734996795654,0.330679714679718,25.973073959350586,9,1.3181188106536865,0.7485849857330322,46.09797668457031,370.4237637031714,1300.4477279255673,44.90220321334431,3.344957972078303,0.37694039940834045,0.37474843859672546,34.203887939453125,0,5.921697616577148,0.00043304479913786054,251.824462890625,7.908712863922119,44.90220321334431,3.3449579720783027
7313.0390625,163.18154907226562,-9.660244941711426,0.024232765659689903,3930.5712890625,73.3712158203125,-8.986139297485352,0.02027215249836445,6759.34912109375,168.47596740722656,-9.574762344360352,0.027068419381976128,146.1216583251953,142,3.2480342388153076,2.4721975326538086,29.89590072631836,914.3095456683051,1328.1384026914036,44.904250004986395,3.3051641513547594,0.06722450256347656,0.06634669005870819,29.637205123901367,0,7.167062759399414,0.0005241809994913638,5983.1572265625,19.488204956054688,44.90425000498638,3.3051641513547523
533.2452392578125,73.73237609863281,-6.817317485809326,0.15016235411167145,415.13909912109375,66.52865600585938,-6.5454840660095215,0.1740383356809616,432.4757385253906,76.04808044433594,-6.589904308319092,0.19096612930297852,36.912635803222656,14,1.7497148513793945,0.9507041573524475,-84.78682708740234,286.26761656561087,1310.687612011354,44.902949725621525,3.351113100630488,0.3248594403266907,0.3221190571784973,-81.28045654296875,0,7.710874557495117,0.0005638697184622288,-1.2585567235946655,10.498289108276367,44.902949725621525,3.351113100630488
388.1091003417969,68.38008880615234,-6.472384452819824,0.19133995473384857,254.74513244628906,66.19485473632812,-6.015264987945557,0.28219425678253174,287.44573974609375,85.87056732177734,-6.146389484405518,0.3244279623031616,30.31680679321289,9,0.9918108582496643,0.8790826201438904,44.22804641723633,241.8520787444608,1313.6846010551867,44.90316738321006,3.354361790040328,0.3460858464241028,0.3446280360221863,42.794960021972656,0,5.561251163482666,0.0004066699184477329,340.4360656738281,5.950865268707275,44.90316738321005,3.3543617900403206
4343.8916015625,111.19635009765625,-9.094696998596191,0.027799781411886215,3380.661376953125,72.447265625,-8.822504043579102,0.023272881284356117,3987.538330078125,121.78654479980469,-9.001762390136719,0.033168379217386246,178.45199584960938,73,2.106424331665039,1.9822767972946167,23.408952713012695,282.9138586121079,1345.3985141419055,44.905491354041885,3.3513547518331883,0.050128404051065445,0.04985814914107323,18.49488639831543,0,5.044955253601074,0.00036891442141495645,3744.83740234375,12.638545989990234,44.905491354041885,3.3513547518331874
811.6165771484375,97.17080688476562,-7.273377418518066,0.1300213634967804,533.0181884765625,66.74720001220703,-6.816854953765869,0.1359943449497223,705.1790161132812,129.78089904785156,-7.120748519897461,0.19986705482006073,26.237878799438477,13,1.7902109622955322,0.9067882299423218,14.15483283996582,382.10554941590186,1320.0773085009723,44.903641101906054,3.344101361125569,0.41536566615104675,0.4128364324569702,59.61185073852539,2,7.616535186767578,0.0005569827044382691,648.628662109375,10.741266250610352,44.903641101906054,3.3441013611255688
496.7140197753906,76.11148834228516,-6.740265846252441,0.1664077788591385,327.894287109375,66.24373626708984,-6.289334774017334,0.21940211951732635,324.08026123046875,69.96577453613281,-6.2766313552856445,0.2344568371772766,22.344087600708008,9,1.7407053709030151,0.8565842509269714,11.068402290344238,470.41693997226855,1322.5474672443968,44.90382536031217,3.3376407147414366,0.4683478772640228,0.4667660892009735,11.00932788848877,1,7.296838283538818,0.0005336155882105231,329.6416015625,10.444231986999512,44.90382536031216,3.3376407147414295
1355.4468994140625,121.17028045654297,-7.830206394195557,0.09708305448293686,705.1939697265625,67.2047348022461,-7.120771408081055,0.10349541157484055,1039.5245361328125,120.1947021484375,-7.542087078094482,0.1255684196949005,35.913726806640625,24,2.5142879486083984,1.711053729057312,-35.137081146240234,550.5055354396826,1336.2806469800664,44.9048339707512,3.3317802744980636,0.3104354441165924,0.30932193994522095,-25.761014938354492,2,12.432273864746094,0.0009091818355955184,349.87933349609375,15.08572769165039,44.9048339707512,3.3317802744980636
490.752197265625,75.81451416015625,-6.727155685424805,0.16777217388153076,342.4284973144531,66.40339660644531,-6.336424827575684,0.21059603989124298,301.6833801269531,73.51136016845703,-6.198878288269043,0.26462623476982117,28.520633697509766,12,1.818924903869629,0.9163318872451782,-74.91641998291016,1533.602480796147,1330.729474681988,44.904456340096424,3.2598468189364205,0.31818974018096924,0.3172391355037689,-86.02967834472656,0,7.718531608581543,0.000564591318834573,113.07258605957031,10.913549423217773,44.90445634009642,3.2598468189364147
2698.4580078125,151.51416015625,-8.577789306640625,0.060977187007665634,1151.0228271484375,68.06433868408203,-7.6527099609375,0.06421929597854614,2005.302490234375,153.18862915039062,-8.255449295043945,0.08296147733926773,50.881526947021484,71,3.1506683826446533,2.204848051071167,-78.47103881835938,747.4336006275046,1350.6662347917236,44.905894283667884,3.3173714836639627,0.20997372269630432,0.20782656967639923,-76.32018280029297,0,12.649609565734863,0.0009251147857867181,605.217041015625,18.904010772705078,44.9058942836679,3.31737148366397
2487.000732421875,141.8114013671875,-8.489190101623535,0.06192486360669136,1227.8863525390625,68.14459991455078,-7.722895622253418,0.060270268470048904,1979.8626708984375,136.26524353027344,-8.24158763885498,0.07474460452795029,49.32493591308594,56,2.4988949298858643,2.2007994651794434,82.27801513671875,1635.6086377756096,1357.5589618332795,44.90642329422374,3.252379277391959,0.18273577094078064,0.18163113296031952,72.15999603271484,2,11.959283828735352,0.0008747997344471514,1784.1800537109375,14.993370056152344,44.90642329422373,3.2523792773919538
612.1419677734375,84.59922790527344,-6.967130184173584,0.15008734166622162,385.45489501953125,66.6989974975586,-6.4649338722229,0.18792110681533813,484.1789855957031,98.7174072265625,-6.712514877319336,0.22142039239406586,27.614538192749023,11,1.5828070640563965,0.6148442625999451,-86.26677703857422,1501.778464825327,1336.5529650343744,44.90488207066301,3.2621752798152466,0.4307297170162201,0.42706921696662903,-77.22241973876953,2,5.880336284637451,0.0004301277222111821,324.6742858886719,9.496842384338379,44.90488207066301,3.262175279815246
680.2178955078125,88.29862213134766,-7.081620216369629,0.14097292721271515,363.5643310546875,66.39566040039062,-6.401453018188477,0.19832992553710938,332.3750305175781,93.13111114501953,-6.304070949554443,0.30429598689079285,28.21046257019043,10,1.8740888833999634,0.7922686338424683,30.886127471923828,1728.60934032609,1328.8820064384481,44.90432519849439,3.2455753108341767,0.38266366720199585,0.38074877858161926,32.57465362548828,0,7.281314373016357,0.0005326317041181028,159.12380981445312,11.24453353881836,44.90432519849438,3.2455753108341714
2184.954833984375,118.12503051757812,-8.34860610961914,0.05871232599020004,1457.3199462890625,68.5579605102539,-7.9088873863220215,0.051089633256196976,1885.3228759765625,115.728759765625,-8.188464164733887,0.06666307896375656,75.3030776977539,54,2.2274580001831055,1.7420082092285156,-71.5322265625,709.5299134365598,1347.6038998262652,44.90566875327955,3.320144916595683,0.12828600406646729,0.1275191754102707,-59.24305725097656,0,6.914910316467285,0.0005057100206613541,1499.8544921875,13.364748001098633,44.905668753279556,3.32014491659569
1845.8792724609375,114.55908203125,-8.165508270263672,0.06739940494298935,1211.5206298828125,68.3127212524414,-7.708327293395996,0.06123511865735054,1517.917724609375,115.28948211669922,-7.953120708465576,0.08248429745435715,69.0273666381836,47,2.4273643493652344,1.603218674659729,-78.58580780029297,1353.312312826572,1351.7605058511676,44.90599214696701,3.273038740252584,0.14493130147457123,0.1440027803182602,48.65198516845703,0,8.752704620361328,0.0006402078433893621,980.896484375,14.564186096191406,44.90599214696701,3.273038740252584
1597.5509033203125,116.16111755371094,-8.008636474609375,0.07896523177623749,1018.8226318359375,67.66886901855469,-7.520246505737305,0.0721307024359703,1225.633056640625,111.91248321533203,-7.720901012420654,0.09916259348392487,51.144065856933594,42,2.1165096759796143,1.7712533473968506,60.011295318603516,420.13369199303634,1349.1559114113813,44.9057719072879,3.3413164258292656,0.18957331776618958,0.18891121447086334,52.75252151489258,0,8.414770126342773,0.0006153544527478516,932.9553833007812,12.699058532714844,44.90577190728791,3.3413164258292722
348.29937744140625,61.36761474609375,-6.354881763458252,0.19134466350078583,402.6376037597656,66.52850341796875,-6.5122857093811035,0.1794416308403015,700.198486328125,116.16747283935547,-7.113052845001221,0.18017445504665375,31.5886173248291,9,1.2035454511642456,0.909913182258606,78.36605834960938,1026.9922115050601,1341.2218030952351,44.90521150629452,3.296918013505767,0.5814676284790039,0.5797807574272156,80.5138168334961,2,6.242863178253174,0.0004565962590277195,527.9752197265625,7.2212724685668945,44.90521150629451,3.2969180135057603
19251.34375,138.35621643066406,-10.711153030395508,0.007804901804775,15687.5380859375,92.90181732177734,-10.488886833190918,0.006431307177990675,18823.197265625,138.20773315429688,-10.68673324584961,0.007973862811923027,830.8778686523438,129,2.0831074714660645,2.042483329772949,-26.152435302734375,831.5376502822115,1377.574194537828,44.90786744952556,3.3112154456533265,0.013928004540503025,0.013856390491127968,-9.18309497833252,0,4.018260955810547,0.00029387339600361884,18974.90625,12.498644828796387,44.907867449525554,3.311215445653326
2883.82470703125,157.90777587890625,-8.649922370910645,0.05946541950106621,1248.9298095703125,68.13687896728516,-7.741344928741455,0.05924804136157036,2401.205810546875,153.8243408203125,-8.45107364654541,0.06957056373357773,55.59202194213867,70,2.8231377601623535,2.4797158241271973,-16.5097713470459,1291.5719406277108,1367.0746304558047,44.9071120067945,3.2775553650570153,0.21801869571208954,0.21743988990783691,-33.81143569946289,2,13.781847953796387,0.001008039340376854,1771.4560546875,16.938827514648438,44.907112006794485,3.2775553650570086
904.2437744140625,80.01262664794922,-7.390713691711426,0.09609545022249222,737.5357055664062,67.194580078125,-7.16945743560791,0.09894207864999771,822.3507080078125,78.41202545166016,-7.287642478942871,0.10355126857757568,63.80965805053711,23,1.5768232345581055,1.1565213203430176,-15.671586990356445,1070.6256138837937,1354.2779806228164,44.906168868167846,3.2937240836917905,0.17525477707386017,0.17486758530139923,-68.65044403076172,0,5.835917949676514,0.00042683506035245955,721.4342041015625,9.460939407348633,44.906168868167846,3.29372408369179
395.5778503417969,66.822021484375,-6.493080139160156,0.1834498941898346,304.5886535644531,66.4280776977539,-6.20928430557251,0.2368469387292862,376.64605712890625,106.9193344116211,-6.439833641052246,0.3082851767539978,25.45815658569336,10,2.06756854057312,0.903861939907074,-51.53078079223633,1258.2822527860956,1357.3903329101097,44.906401970917464,3.2799922664551278,0.4997022747993469,0.4974910318851471,-54.594032287597656,2,8.176700592041016,0.0005980625282973051,119.8953857421875,12.405410766601562,44.906401970917464,3.2799922664551278
1231.8135986328125,114.53197479248047,-7.726362705230713,0.10097447037696838,702.4402465820312,67.12240600585938,-7.116523265838623,0.10377386212348938,827.591552734375,96.1211166381836,-7.294539928436279,0.12613412737846375,36.08974075317383,27,1.8518465757369995,1.4550431966781616,-87.65245056152344,1497.6864960972193,1368.6768336495666,44.90723438489924,3.2624719257468247,0.26119962334632874,0.26088640093803406,-89.0272216796875,2,9.829537391662598,0.0007189888274297118,796.3867797851562,11.111079216003418,44.90723438489925,3.2624719257468304
874.3953247070312,93.87156677246094,-7.354269504547119,0.11658859252929688,547.457763671875,66.7513656616211,-6.845876693725586,0.13241565227508545,742.4925537109375,102.90199279785156,-7.176730155944824,0.15050867199897766,35.79317092895508,23,2.6865086555480957,1.1321361064910889,-45.39076614379883,650.8595213999123,1373.8774154548341,44.907590647522234,3.3244346624399475,0.41117987036705017,0.40850040316581726,-34.703304290771484,0,10.446333885192871,0.0007639547111466527,-196.89382934570312,16.11905288696289,44.907590647522234,3.324434662439947
3789.152099609375,182.5727081298828,-8.946354866027832,0.052326735109090805,1366.889892578125,68.57606506347656,-7.839334011077881,0.05448398366570473,3385.88037109375,164.38758850097656,-8.824178695678711,0.052726294845342636,59.09637451171875,87,3.17376971244812,2.4837472438812256,-50.12677001953125,999.071915769595,1385.5471582326327,44.908456518714495,3.298956706664389,0.21544146537780762,0.2146400362253189,-39.39310836791992,2,12.335112571716309,0.00090215471573174,2931.1435546875,19.042617797851562,44.908456518714495,3.2989567066643892
3659.350830078125,139.88829040527344,-8.908510208129883,0.041515201330184937,2104.20703125,69.97167205810547,-8.307721138000488,0.03611300513148308,3468.658203125,146.22683715820312,-8.850403785705566,0.04578206688165665,75.37013244628906,85,2.5396106243133545,2.4503610134124756,24.46123695373535,322.7561667371302,1385.9411139349374,44.90846168847135,3.3484359582227925,0.11737746745347977,0.11712346971035004,45.39768600463867,0,8.730323791503906,0.0006384039879776537,3173.97314453125,15.237663269042969,44.90846168847136,3.3484359582228
1304.3272705078125,117.17460632324219,-7.788466453552246,0.09756111353635788,754.7225341796875,67.28092956542969,-7.194468021392822,0.09681318700313568,993.6602783203125,112.77313232421875,-7.4930949211120605,0.12325301021337509,38.77490997314453,34,2.165890693664551,1.746779203414917,-70.07355499267578,1275.326130695095,1372.082879392629,44.907478328297444,3.278743718874526,0.29021507501602173,0.2893936336040497,-62.70022201538086,0,10.559932708740234,0.0007723757298663259,491.3735656738281,12.995344161987305,44.907478328297444,3.2787437188745265
407.79595947265625,69.02825164794922,-6.526107311248779,0.18382889032363892,277.6701354980469,66.29447174072266,-6.108822822570801,0.2592853307723999,200.98153686523438,81.10196685791016,-5.757890224456787,0.438232958316803,25.288448333740234,6,1.777941346168518,0.34052008390426636,47.11243438720703,2013.4141942837468,1366.77871404987,44.90710554669467,3.224727159091633,0.3845340311527252,0.3829459249973297,4.873342037200928,2,4.617828369140625,0.00033780952799133956,109.70809936523438,10.667648315429688,44.90710554669467,3.2247271590916333
14496.115234375,144.3292999267578,-10.403128623962402,0.010812663473188877,11065.9873046875,85.85676574707031,-10.109975814819336,0.008425858803093433,13965.5361328125,144.688720703125,-10.36264419555664,0.011251408606767654,606.404541015625,143,2.316532850265503,2.2171239852905273,59.49418258666992,40.56595420537459,1398.046816524355,44.9093361750938,3.36907592584907,0.019082913175225258,0.019029833376407623,14.49654483795166,0,4.0974345207214355,0.0002996002440340817,13610.2412109375,13.89919662475586,44.909336175093806,3.369075925849078
2600.675537109375,135.0843505859375,-8.537714958190918,0.05640903860330582,1462.8406982421875,68.61912536621094,-7.912992477416992,0.050942230969667435,2306.59228515625,139.08627319335938,-8.407426834106445,0.06548521667718887,69.0605697631836,66,2.391092300415039,2.340189218521118,-70.75593566894531,1516.2075526413423,1384.232979974648,44.90837395849131,3.2611151574069432,0.16442278027534485,0.16422820091247559,-89.4833984375,0,9.269042015075684,0.0006779887480661273,1418.57373046875,14.346553802490234,44.90837395849132,3.261115157406949
80533.7890625,226.12303161621094,-12.264945030212402,0.003049274208024144,63100.35546875,147.434814453125,-12.000079154968262,0.0025374533142894506,78116.9921875,202.2014617919922,-12.231863975524902,0.0028110502753406763,3604.356689453125,291,2.457885980606079,2.3410234451293945,-5.9388909339904785,1079.0838762223252,1417.358082755821,44.91078826665237,3.2930992111436663,0.005652528256177902,0.005600818432867527,17.171245574951172,0,4.031744956970215,0.00029487142455764115,80320.0,14.747316360473633,44.910788266652354,3.29309921114366
731.2838745117188,88.22637939453125,-7.160214900970459,0.1310214102268219,544.6328125,66.74552154541016,-6.840259552001953,0.1330908238887787,625.22412109375,86.412109375,-6.990089416503906,0.1500958651304245,32.663543701171875,19,1.9225807189941406,1.1720176935195923,-50.39509201049805,1216.900776566634,1379.102829759484,44.90799083112791,3.2830183738948353,0.318954199552536,0.3188081681728363,-58.99284744262695,0,8.962618827819824,0.0006555341533385217,502.592041015625,11.535484313964844,44.90799083112791,3.2830183738948358
631.3500366210938,86.7910385131836,-7.000675678253174,0.14929130673408508,424.9067687988281,66.52313232421875,-6.570734024047852,0.17002345621585846,367.851318359375,74.21598052978516,-6.414180755615234,0.21910633146762848,29.04132080078125,15,2.029055118560791,0.8453958630561829,-2.609863758087158,1110.195844857218,1373.0838532866035,44.90754711911344,3.2908268919430665,0.436434805393219,0.43401747941970825,-3.7233870029449463,16,7.831218242645264,0.0005727704265154898,9.183837890625,12.174330711364746,44.90754711911344,3.2908268919430665
8569.35546875,116.210205078125,-9.83237075805664,0.0147273950278759,7024.78759765625,79.11125183105469,-9.616582870483398,0.012230237014591694,8369.5146484375,122.17491149902344,-9.806750297546387,0.015853004530072212,407.3819885253906,92,2.0158615112304688,1.8874610662460327,-36.98914337158203,1477.931630150473,1400.2283086180737,44.90954436777537,3.263914829443153,0.026475002989172935,0.026341689750552177,-29.445432662963867,0,4.096438407897949,0.00029963147244416177,8367.3564453125,12.095169067382812,44.90954436777537,3.263914829443153
79286.6171875,373.1660461425781,-12.248000144958496,0.005111307837069035,30845.77734375,113.35133361816406,-11.222989082336426,0.003990807104855776,75189.96875,345.87335205078125,-12.190400123596191,0.004995592869818211,1216.8038330078125,886,6.438199520111084,4.6653642654418945,-13.66549015045166,1626.0384882540486,1470.1483435094788,44.91466761080241,3.2530699565446715,0.015613479539752007,0.014716067351400852,-8.736411094665527,0,6.44875431060791,0.00047168988385237753,80505.7109375,38.62919616699219,44.91466761080241,3.253069956544672
462.0260314941406,70.16632843017578,-6.661665916442871,0.164927139878273,455.08782958984375,66.58576202392578,-6.645237922668457,0.15889710187911987,434.0936279296875,103.73564910888672,-6.593958377838135,0.2595221698284149,32.42425537109375,9,2.1735081672668457,0.566846489906311,-45.26162338256836,389.811822693273,1384.8925194861463,44.9083875582784,3.3435308306363387,0.43469691276550293,0.43316784501075745,-4.695382595062256,2,6.626336574554443,0.0004845587827730924,413.8327941894531,13.041049003601074,44.9083875582784,3.3435308306363387
4739.263671875,113.14261627197266,-9.189277648925781,0.025926576927304268,3733.606689453125,73.07003021240234,-8.93032169342041,0.02125399187207222,4485.5322265625,124.78071594238281,-9.129534721374512,0.03021087683737278,223.11370849609375,77,2.2360355854034424,1.9177333116531372,-77.76048278808594,128.52609250711188,1414.7625831354735,44.91056399335044,3.36264035661796,0.045754384249448776,0.04563716799020767,-11.249177932739258,0,4.367422103881836,0.00031934675644151866,4468.826171875,13.416213989257812,44.91056399335046,3.362640356617967
1662.15380859375,112.64147186279297,-8.051677703857422,0.07359646260738373,1124.496337890625,67.90947723388672,-7.627395153045654,0.06558463722467422,1331.5960693359375,104.9237060546875,-7.810931205749512,0.08557185530662537,53.50948715209961,39,1.9819204807281494,1.6069170236587524,84.5982894897461,1952.61910307817,1402.350335782951,44.90970937275212,3.229174061659046,0.15997590124607086,0.1595134139060974,-78.48385620117188,2,7.031849384307861,0.000514388841111213,1136.7969970703125,11.891523361206055,44.909709372752104,3.229174061659041
1326.1502685546875,108.03926849365234,-7.806481838226318,0.08847462385892868,880.2237548828125,67.51263427734375,-7.361482620239258,0.0832955539226532,1013.9470825195312,105.3227310180664,-7.515038013458252,0.11280715465545654,47.73890686035156,35,2.0482757091522217,1.606675624847412,-59.98503112792969,685.4615828362708,1404.3846043869667,44.90982575394138,3.3219000842175164,0.21538273990154266,0.2150849550962448,85.6974105834961,0,10.206762313842773,0.0007464311202056706,625.9080200195312,12.289653778076172,44.90982575394138,3.3219000842175164
467.8338623046875,75.40771484375,-6.675229072570801,0.17504671216011047,212.5070343017578,66.08070373535156,-5.8184332847595215,0.33770009875297546,212.53147888183594,62.61328125,-5.818558216094971,0.31994330883026123,29.173973083496094,10,1.4864753484725952,0.7852381467819214,42.577667236328125,273.0252739606283,1392.1978356095588,44.90891781705276,3.352073108271128,0.36974820494651794,0.3668300211429596,43.212318420410156,0,6.447674751281738,0.0004714779497589916,-133.13101196289062,8.918851852416992,44.90891781705275,3.3520731082711204
1374.02685546875,106.29288482666016,-7.844987869262695,0.084011510014534,922.5718994140625,67.54841613769531,-7.412500381469727,0.07951420545578003,1021.3280639648438,104.51451873779297,-7.522912979125977,0.11113252490758896,49.2444953918457,36,1.8688807487487793,1.7593674659729004,76.24267578125,1430.9060076732742,1407.2899739759032,44.910060353400134,3.2673555398931926,0.20328734815120697,0.20231683552265167,-71.5035171508789,0,7.045958042144775,0.0005153654492460191,896.7698364257812,11.213284492492676,44.91006035340015,3.267355539893199
80615.3984375,225.6929931640625,-12.266044616699219,0.0030403942801058292,63213.3125,147.5754852294922,-12.002021789550781,0.0025353357195854187,78093.1015625,200.90777587890625,-12.231532096862793,0.002793919527903199,3406.22998046875,289,2.4454307556152344,2.3653531074523926,-28.180665969848633,359.6410493262802,1439.482615740103,44.912383621678615,3.345732101547513,0.00567271513864398,0.005613027140498161,-12.204235076904297,0,4.037588596343994,0.00029524415731430054,80494.0859375,14.672584533691406,44.91238362167861,3.3457321015475063
10000.755859375,118.8127670288086,-10.000082015991211,0.01290209125727415,8221.7587890625,81.08930969238281,-9.7874116897583,0.01071096770465374,9784.951171875,127.18423461914062,-9.976396560668945,0.014115765690803528,456.74420166015625,97,2.1037869453430176,1.9162249565124512,-22.671009063720703,1520.951324743828,1422.6132665083985,44.91118453361742,3.2607646279824998,0.023192718625068665,0.023094121366739273,-3.4309842586517334,0,4.091256618499756,0.00029925216222181916,9895.326171875,12.622721672058105,44.91118453361742,3.2607646279824998
669.9053344726562,86.69786071777344,-7.065033435821533,0.14054803550243378,425.32623291015625,66.5755844116211,-6.571805477142334,0.1699897050857544,514.1818237304688,92.01181030273438,-6.777791976928711,0.19433753192424774,40.266075134277344,17,1.845575213432312,1.223179817199707,2.3856685161590576,247.35384569823262,1405.0178878599984,44.90985548690065,3.353949567195681,0.3100263476371765,0.30939263105392456,-41.57549285888672,0,8.53339958190918,0.0006239864160306752,330.446044921875,11.073451042175293,44.90985548690067,3.3539495671956887
5284.27197265625,112.37224578857422,-9.307462692260742,0.023094242438673973,4201.9453125,74.11219787597656,-9.058626174926758,0.019154425710439682,4914.48291015625,123.8767318725586,-9.228694915771484,0.02737421914935112,233.96243286132812,79,2.104218006134033,2.0109386444091797,45.58433151245117,268.2601976392526,1433.2391251558745,44.91192276837838,3.352417260431204,0.04147079214453697,0.041420500725507736,-88.0251235961914,0,4.344925880432129,0.00031771117937751114,4383.61962890625,12.6253080368042,44.91192276837839,3.3524172604312112
554.1116333007812,79.11868286132812,-6.858993053436279,0.15506422519683838,393.8906555175781,66.45870971679688,-6.488439083099365,0.18323399126529694,371.8863830566406,85.00262451171875,-6.426025867462158,0.24822863936424255,27.73937225341797,14,1.9237213134765625,1.1124080419540405,-31.571964263916016,1440.1420068092755,1410.9126551475993,44.91032585119238,3.266679330420134,0.3691031038761139,0.367564857006073,3.3689770698547363,0,8.753972053527832,0.0006402958533726633,39.62052536010742,11.542327880859375,44.910325851192376,3.266679330420128
1361.74658203125,113.86186218261719,-7.835240840911865,0.09080542623996735,861.91748046875,67.55144500732422,-7.3386640548706055,0.08511357009410858,940.523193359375,106.03881072998047,-7.43342399597168,0.12244051694869995,45.38804244995117,36,2.022718906402588,1.649219274520874,-27.398303985595703,1849.4571618400998,1417.5374408623204,44.91081963923871,3.236723280108012,0.22495414316654205,0.22358906269073486,-17.53798484802246,0,9.820980072021484,0.0007183983107097447,488.18115234375,12.136313438415527,44.91081963923871,3.236723280108012
551.3939819335938,81.88345336914062,-6.853654861450195,0.16127385199069977,306.0900573730469,66.37950897216797,-6.214622974395752,0.2355128675699234,282.86614990234375,68.01748657226562,-6.128952503204346,0.26113760471343994,21.43198585510254,12,1.6973209381103516,0.8057348728179932,72.07621765136719,644.0355836377969,1415.5255284779312,44.910640089951606,3.324929674451518,0.544722855091095,0.5422642230987549,74.91844940185547,0,6.985247611999512,0.0005108304903842509,-38.268943786621094,10.18392562866211,44.91064008995161,3.3249296744515244
241187.09375,341.11529541015625,-13.45588493347168,0.0015359495300799608,186643.0,236.3710174560547,-13.177529335021973,0.0013753471430391073,233549.78125,295.3818359375,-13.42094898223877,0.0013735173270106316,10347.2353515625,506,2.6382293701171875,2.6003646850585938,-78.64013671875,1187.3147796294882,1515.9817780546834,44.91801285481099,3.2851704789745884,0.003108240431174636,0.00307642575353384,10.456317901611328,0,4.070700645446777,0.00029771472327411175,240548.640625,15.829376220703125,44.91801285481099,3.2851704789745884
408.05804443359375,69.06925964355469,-6.5268049240112305,0.1838199645280838,356.82696533203125,66.38164520263672,-6.381144046783447,0.20203198492527008,369.4440002441406,83.98297119140625,-6.4188714027404785,0.24687235057353973,24.09485626220703,10,1.6392232179641724,0.7966254949569702,-44.28799819946289,1829.1043690328927,1415.0539375229466,44.91063740197482,3.2382130835486636,0.4063431918621063,0.4051316976547241,-26.95522689819336,0,6.824097156524658,0.0004991766763851047,3.7116804122924805,9.835339546203613,44.9106374019748,3.2382130835486587
297475.96875,628.777587890625,-13.683629989624023,0.002295487793162465,46525.43359375,131.03103637695312,-11.669225692749023,0.0030585359781980515,289549.8125,640.2651977539062,-13.654308319091797,0.0024014106020331383,1904.6513671875,2624,11.629847526550293,8.601858139038086,19.29912757873535,232.32722477234938,1562.0042518240577,44.92134923319877,3.355031623201035,0.019553519785404205,0.019336704164743423,10.301799774169922,0,6.290647506713867,0.00045995667460374534,274737.4375,69.77908325195312,44.92134923319877,3.355031623201035
950.0884399414062,103.61537170410156,-7.4444098472595215,0.11843770742416382,458.490966796875,66.69583129882812,-6.653326988220215,0.15797840058803558,436.9576416015625,96.45207977294922,-6.601098537445068,0.23971879482269287,39.45467758178711,21,2.3562943935394287,1.1537888050079346,68.37190246582031,1936.7533255914243,1426.5398700781657,44.91148041779077,3.230333337160406,0.24988342821598053,0.24860858917236328,-77.52796936035156,2,9.873713493347168,0.0007222650456242263,68.01789855957031,14.137765884399414,44.911480417790756,3.2303333371604013
1891.1337890625,131.2982177734375,-8.191805839538574,0.07539913803339005,963.8485717773438,67.58197784423828,-7.46002197265625,0.07614684849977493,1488.4324951171875,126.2688217163086,-7.931822776794434,0.09212909638881683,52.696136474609375,37,2.1471450328826904,1.450903058052063,41.64738845825195,88.10925636924857,1437.102321068961,44.9121979713551,3.3655941512464156,0.2346644401550293,0.2335762083530426,36.8006591796875,3,10.572893142700195,0.0007730762590654194,1519.983642578125,12.882869720458984,44.9121979713551,3.365594151246415
9192.5556640625,184.38868713378906,-9.908590316772461,0.021783508360385895,3966.693115234375,73.5092544555664,-8.996071815490723,0.020125340670347214,8144.49853515625,186.93714904785156,-9.77716064453125,0.02492648735642433,146.652099609375,175,4.318551063537598,2.3144617080688477,-52.233524322509766,1491.1779941194457,1460.1046716381627,44.91392915128672,3.262940141728343,0.07430633902549744,0.07249633967876434,-44.0960578918457,0,11.495844841003418,0.0008408364374190569,6143.47021484375,25.911306381225586,44.913929151286695,3.262940141728332
1135.6529541015625,100.7104263305664,-7.638113975524902,0.096307173371315,765.3114624023438,67.32816314697266,-7.209595680236816,0.09554068744182587,1115.958251953125,119.56690979003906,-7.619119644165039,0.11635709553956985,45.23006820678711,30,3.1640405654907227,1.328934907913208,-45.05352783203125,511.30322730440184,1432.351246660521,44.9118672972335,3.334638280297933,0.30033957958221436,0.2987101674079895,-56.6828498840332,0,12.29045295715332,0.000898763129953295,-351.19818115234375,18.984243392944336,44.9118672972335,3.334638280297933
1588.3985595703125,120.55318450927734,-8.002398490905762,0.08242311328649521,913.090087890625,67.60523223876953,-7.401284217834473,0.08040748536586761,996.0090942382812,110.46959686279297,-7.4956583976745605,0.1204506903886795,41.888999938964844,34,1.9774675369262695,1.4990780353546143,-8.801675796508789,543.9892770093351,1428.7289091881514,44.911603273792664,3.3322474817118453,0.19988638162612915,0.19874000549316406,-39.716121673583984,0,7.755712509155273,0.0005671572871506214,1085.1134033203125,11.864805221557617,44.911603273792664,3.3322474817118453
1778.0302734375,126.91426086425781,-8.124847412109375,0.07751774042844772,868.4653930664062,67.41224670410156,-7.34688138961792,0.08429776877164841,1136.751220703125,102.17764282226562,-7.639163494110107,0.09761583805084229,45.075347900390625,33,2.364255428314209,1.29780912399292,-35.80602264404297,830.3431347981058,1436.0086554672187,44.91214627663747,3.3112970696481616,0.23317749798297882,0.2312999814748764,-29.68836212158203,2,10.492568016052246,0.0007673485088162124,313.47393798828125,14.185532569885254,44.91214627663746,3.311297069648155
354.0373840332031,62.9357795715332,-6.372622966766357,0.19305378198623657,290.71734619140625,66.26986694335938,-6.158677101135254,0.2475568652153015,278.2748718261719,64.11095428466797,-6.111185073852539,0.25020045042037964,26.313169479370117,9,1.6961413621902466,0.7256042957305908,-54.627498626708984,1453.4983951114166,1428.6019650021385,44.91162148595172,3.2657003365174924,0.3737016022205353,0.3726406395435333,-62.23275375366211,0,6.622750759124756,0.000484408374177292,-61.36677169799805,10.176848411560059,44.911621485951734,3.265700336517498
1140.2099609375,98.48243713378906,-7.642462253570557,0.09380020201206207,831.7706298828125,67.41344451904297,-7.300008773803711,0.0880182608962059,951.4942016601562,97.18602752685547,-7.446015357971191,0.11092450469732285,52.383384704589844,30,1.890046238899231,1.4463253021240234,71.21835327148438,1734.033345248452,1436.2833231077814,44.91219010211119,3.2451693034579905,0.2088233083486557,0.20812778174877167,67.21713256835938,0,9.449068069458008,0.0006911713862791657,816.296630859375,11.340277671813965,44.91219010211119,3.24516930345799
389.34002685546875,65.34984588623047,-6.475822448730469,0.18228265643119812,232.96542358398438,66.17533874511719,-5.918228626251221,0.30848535895347595,334.87225341796875,99.37564086914062,-6.312197685241699,0.3222779631614685,29.363643646240234,10,1.3417576551437378,0.8194462060928345,-18.07217788696289,1457.594913417094,1428.5458904427574,44.91161747726061,3.265400559548783,0.3913441002368927,0.3883867561817169,-33.80426025390625,1,6.255483150482178,0.00045754582970403135,370.177490234375,8.050545692443848,44.9116174772606,3.265400559548777
1108.81396484375,94.90570831298828,-7.612146854400635,0.09295301139354706,865.8270263671875,67.53402709960938,-7.343577861785889,0.08470740169286728,937.8739624023438,96.72407531738281,-7.430361270904541,0.1120004951953888,55.822898864746094,29,1.812341332435608,1.521372675895691,58.42523956298828,1107.2232698181485,1440.155165279185,44.91245838839517,3.2910380657497447,0.19268418848514557,0.19209973514080048,33.8668098449707,0,6.752437591552734,0.0004938539350405335,635.8543701171875,10.874048233032227,44.912458388395166,3.2910380657497385
389.5013427734375,68.539794921875,-6.4762725830078125,0.1911013126373291,263.0916748046875,66.26409149169922,-6.050267696380615,0.27352747321128845,358.8054504394531,90.3648681640625,-6.387147426605225,0.2735082507133484,24.006322860717773,9,2.01935076713562,0.4666520953178406,-84.93451690673828,543.9877750523776,1440.7371627723396,44.912482549798206,3.3322463477940363,0.8080777525901794,0.8048637509346008,-89.3398208618164,1,5.785035610198975,0.00042304411181248724,-19.135149002075195,12.116104125976562,44.912482549798206,3.332246347794037
1664.5206298828125,122.81466674804688,-8.05322265625,0.0801292136311531,1017.4697265625,67.7168197631836,-7.518803596496582,0.07227779179811478,1568.104248046875,160.46446228027344,-7.988437175750732,0.11113062500953674,36.381710052490234,44,2.454641342163086,1.6389976739883423,-43.45913314819336,563.3089476191918,1447.0588759052087,44.91294615091994,3.3308322272967237,0.2212708592414856,0.22099816799163818,-70.81924438476562,2,12.021143913269043,0.0008790755528025329,1589.7896728515625,14.727848052978516,44.91294615091994,3.330832227296724
718.8502197265625,80.59261322021484,-7.141595840454102,0.1217549592256546,577.1314697265625,66.9154052734375,-6.903186798095703,0.12591607868671417,584.38037109375,74.04055786132812,-6.916738986968994,0.13759538531303406,44.38597869873047,19,1.4875770807266235,1.0684772729873657,-20.31890296936035,699.0062366038136,1437.2995068260407,44.912236380165986,3.320905823674731,0.21752598881721497,0.2157590538263321,10.070947647094727,0,5.8995490074157715,0.0004314352700021118,309.2266540527344,8.92546272277832,44.91223638016598,3.3209058236747238
636.64404296875,87.3223876953125,-7.00974178314209,0.14895625412464142,382.93597412109375,66.43594360351562,-6.457815647125244,0.18841122090816498,437.74951171875,77.73168182373047,-6.603064060211182,0.1928422600030899,32.468135833740234,15,1.7575138807296753,1.0269523859024048,-43.54814529418945,1822.2380943894386,1442.5821275505498,44.91265304888481,3.2387133249145723,0.38274070620536804,0.38203781843185425,-67.33787536621094,0,8.034602165222168,0.0005877160583622754,-54.82084274291992,10.545083045959473,44.91265304888482,3.2387133249145776
1562.8524169921875,113.90019989013672,-7.984795093536377,0.0791473463177681,1001.6180419921875,67.78583526611328,-7.501755237579346,0.0734964981675148,1228.662109375,116.42608642578125,-7.723581314086914,0.10290765017271042,48.4396858215332,41,2.1274890899658203,1.918556809425354,39.880516052246094,574.1068911910178,1454.1762554828997,44.913467694717156,3.33004155009945,0.19944104552268982,0.19777023792266846,44.09962463378906,0,10.3097505569458,0.0007539254147559404,1076.37890625,12.764934539794922,44.913467694717156,3.3300415500994505
501.48779296875,76.32880401611328,-6.750650882720947,0.1652943193912506,104.62435150146484,65.95901489257812,-5.049081802368164,0.6846541166305542,75.67935943603516,74.25043487548828,-4.69744348526001,1.0654948949813843,20.78205680847168,9,1.9550551176071167,0.851914644241333,-44.24192428588867,39.846308346818056,1447.9808475783268,44.912992355901196,3.369123019851382,0.4730648994445801,0.47147971391677856,-33.26347351074219,0,7.715732097625732,0.000564154121093452,10.04702377319336,11.730330467224121,44.912992355901196,3.369123019851382
3713.087158203125,101.00318145751953,-8.924337387084961,0.02954130992293358,3068.55908203125,71.77814483642578,-8.717336654663086,0.02540314942598343,3588.24365234375,114.041015625,-8.887205123901367,0.03451508656144142,183.60716247558594,61,1.9210821390151978,1.7153956890106201,72.91753387451172,1345.6898715958444,1466.0436202053993,44.91436048138265,3.2735861713199266,0.054325733333826065,0.054096173495054245,-83.91766357421875,0,4.363654136657715,0.0003191583673469722,3645.889404296875,11.526493072509766,44.914360481382644,3.2735861713199266
6022.2529296875,184.7773895263672,-9.449397087097168,0.03332112357020378,2604.84619140625,70.90452575683594,-8.53945541381836,0.029561176896095276,5144.5712890625,182.36973571777344,-9.278372764587402,0.03849757835268974,102.02836608886719,133,3.2424864768981934,2.961107015609741,-71.46817016601562,809.410496190204,1480.9976436212344,44.915439793369224,3.3128240858712954,0.10804931819438934,0.1074291318655014,70.78803253173828,2,10.20767593383789,0.0007464952068403363,3841.776123046875,19.454917907714844,44.91543979336924,3.3128240858713016
556.127197265625,82.23125457763672,-6.862935543060303,0.16058042645454407,278.1553955078125,66.21776580810547,-6.110718727111816,0.2585335373878479,441.8963317871094,128.5025634765625,-6.613300800323486,0.31580662727355957,27.3031005859375,9,1.6142734289169312,0.6879810690879822,-44.31388473510742,1647.8388348508026,1464.8832103684076,44.91428254335119,3.2514749904477074,0.3725317120552063,0.3705938458442688,-36.485504150390625,3,6.287354469299316,0.0004598877567332238,1203.6387939453125,9.685640335083008,44.91428254335119,3.251474990447708
1414.79541015625,95.20478057861328,-7.876734256744385,0.07307939231395721,1132.8026123046875,68.00212097167969,-7.635385513305664,0.0651925653219223,1222.790771484375,93.98686981201172,-7.718380451202393,0.08347277343273163,68.36824035644531,35,1.7164599895477295,1.4789975881576538,57.07242202758789,998.0014943415133,1465.1630308162087,44.91428633018908,3.29902735173982,0.14122650027275085,0.14101500809192657,58.55976867675781,0,5.851572036743164,0.0004279518616385758,1024.5545654296875,10.298759460449219,44.914286330189086,3.2990273517398268
455.5445251464844,67.39511108398438,-6.646327018737793,0.16066725552082062,584.1620483398438,66.85293579101562,-6.916333198547363,0.12428450584411621,620.8815307617188,75.82568359375,-6.982522010803223,0.1326286643743515,37.068450927734375,12,1.5996294021606445,1.0354710817337036,-4.421627521514893,851.3612911650125,1462.250471135237,44.91406846534501,3.3097566959394795,0.33452266454696655,0.3333895206451416,80.71770477294922,2,6.276782512664795,0.0004590340540744364,241.65350341796875,9.597776412963867,44.914068465345,3.309756695939473
1037.0323486328125,83.389404296875,-7.539480686187744,0.08732697367668152,882.9065551757812,67.4672622680664,-7.364786624908447,0.08298664540052414,947.0250854492188,82.36257934570312,-7.440903663635254,0.09444919973611832,67.60648345947266,26,1.4914281368255615,1.3362971544265747,-61.80656433105469,1775.7514769771792,1470.0972716699605,44.914666939965116,3.2421132446461463,0.15484383702278137,0.15426556766033173,11.40452766418457,0,5.148783206939697,0.00037661564419977367,631.3043212890625,8.948568344116211,44.914666939965116,3.242113244646146
12906.4130859375,202.4942626953125,-10.277013778686523,0.017038721591234207,4983.5830078125,75.44105529785156,-9.243854522705078,0.01643977500498295,11975.859375,214.77906799316406,-10.19576644897461,0.019476687535643578,154.12364196777344,232,4.653715133666992,2.7750978469848633,-24.6197566986084,1878.3778052670439,1497.157508130605,44.916650307092105,3.2346000149431617,0.06632481515407562,0.06454754620790482,-26.52942657470703,0,11.985944747924805,0.0008767369436100125,10073.466796875,27.922290802001953,44.916650307092105,3.234600014943162
843.8964233398438,94.23442840576172,-7.315722942352295,0.12126913666725159,619.4801635742188,66.90020751953125,-6.980068683624268,0.11728160083293915,742.3724975585938,134.36807250976562,-7.1765546798706055,0.19656401872634888,38.830833435058594,22,1.7881067991256714,1.3396761417388916,75.12535858154297,1931.44191434714,1474.3377573303846,44.91498031875539,3.2307181789828197,0.2772519290447235,0.2762942910194397,-84.55492401123047,1,9.265083312988281,0.000677727919537574,947.0828857421875,10.72864055633545,44.91498031875539,3.230718178982819
772.4154663085938,94.87262725830078,-7.219627380371094,0.1333889365196228,451.7374267578125,66.6303482055664,-6.6372151374816895,0.16018278896808624,509.3967590332031,76.18763732910156,-6.767640590667725,0.16242697834968567,35.31771469116211,12,1.8404818773269653,0.9035854339599609,7.287336349487305,417.9466744997316,1480.8475883141657,44.91541469272902,3.3414625587996163,0.36360570788383484,0.3620286285877228,81.8769302368164,2,7.709873199462891,0.000563774083275348,140.44403076171875,11.042891502380371,44.91541469272903,3.341462558799623
2006.14111328125,133.96571350097656,-8.255903244018555,0.07252070307731628,955.671630859375,67.7175064086914,-7.450771808624268,0.07695239037275314,1713.620849609375,132.80255126953125,-8.084786415100098,0.08416305482387543,52.772151947021484,39,2.582531690597534,2.018756151199341,17.75661849975586,1004.1953462080756,1495.405742076254,44.91650094812247,3.2985712260616507,0.27930212020874023,0.2776572108268738,37.498451232910156,2,12.72104263305664,0.0009303364204242826,756.2538452148438,15.495189666748047,44.91650094812247,3.2985712260616507
537.2160034179688,77.78197479248047,-6.825372219085693,0.15723884105682373,116.840087890625,65.82833862304688,-5.168979644775391,0.6118582487106323,120.45211791992188,145.70455932617188,-5.202035903930664,1.3136768341064453,23.684335708618164,9,1.2550328969955444,1.0340604782104492,7.3308539390563965,1660.3800145884875,1477.2429208170508,44.915187831291775,3.2505561113375725,0.40061187744140625,0.39928916096687317,50.741912841796875,1,6.802760601043701,0.0004975852207280695,413.76312255859375,7.5301971435546875,44.915187831291775,3.250556111337573
350.93902587890625,62.14423751831055,-6.363079071044922,0.19230873882770538,308.69219970703125,66.25552368164062,-6.223814010620117,0.23309139907360077,519.9219360351562,111.42394256591797,-6.7898454666137695,0.23273955285549164,31.438451766967773,9,1.4813648462295532,0.6591411232948303,-29.496625900268555,588.3617158762963,1479.7223980324488,44.91533873437738,3.328996071008459,0.4916917681694031,0.4894362986087799,-28.372318267822266,1,5.890283107757568,0.00043073788401670754,556.2525024414062,8.888189315795898,44.91533873437739,3.3289960710084663
6151.87109375,216.19869995117188,-9.472517967224121,0.03816591575741768,1993.5032958984375,69.67897033691406,-8.249042510986328,0.037958987057209015,4897.353515625,201.20834350585938,-9.22490406036377,0.04461843892931938,61.07672882080078,149,4.212473392486572,2.7876687049865723,-60.23542404174805,821.3345693605298,1521.6171491886153,44.918414362779764,3.3119476176105223,0.15794767439365387,0.1566179394721985,-65.14917755126953,0,14.32638931274414,0.0010476837633177638,3703.990234375,25.27484130859375,44.91841436277975,3.3119476176105156
5193.494140625,145.60272216796875,-9.288649559020996,0.03044666163623333,3047.322998046875,71.8329086303711,-8.709795951843262,0.02559969574213028,4875.65380859375,155.2029266357422,-9.22008228302002,0.03456979990005493,107.0299301147461,107,2.943451166152954,2.3543403148651123,-75.919189453125,846.2134555538341,1515.5786699972264,44.91797304581948,3.3101280177719534,0.0825461819767952,0.08160405606031418,-58.7725944519043,0,8.694539070129395,0.0006358339451253414,4449.3212890625,17.660707473754883,44.91797304581948,3.310128017771954
514.3641357421875,76.2096939086914,-6.778176784515381,0.1609049290418625,407.68426513671875,66.64207458496094,-6.5258097648620605,0.17752289772033691,408.27008056640625,80.39373016357422,-6.527369022369385,0.21384763717651367,28.480260848999023,13,1.2765294313430786,0.9330191016197205,-84.67925262451172,472.81412109515566,1494.788238994107,44.91643754216644,3.337447382967638,0.31132882833480835,0.3108024001121521,-79.62922668457031,1,6.513825416564941,0.00047631849884055555,391.3227233886719,7.659176826477051,44.916437542166435,3.337447382967631
3148.256103515625,127.24039459228516,-8.7451753616333,0.043891940265893936,2000.7359619140625,69.89004516601562,-8.252974510192871,0.03793633356690407,2491.979248046875,117.55066680908203,-8.491360664367676,0.051228366792201996,115.84432220458984,61,2.1774096488952637,1.8217148780822754,84.96724700927734,680.2959371665837,1507.766776715096,44.91739543605862,3.322267482773774,0.08600986748933792,0.08575944602489471,66.06230926513672,0,6.055334568023682,0.0004428120737429708,2254.9814453125,13.064457893371582,44.91739543605862,3.3222674827737744
525.4345703125,79.84351348876953,-6.801296710968018,0.16502541303634644,166.6295623779297,65.958740234375,-5.554379940032959,0.42988282442092896,93.8305892944336,59.53463363647461,-4.930860996246338,0.6890568733215332,21.373493194580078,6,1.8443270921707153,0.5558546185493469,-37.94452667236328,912.0868572331209,1498.0353896439076,44.91669064060985,3.3053101984316466,0.42104142904281616,0.4182644784450531,-60.256744384765625,2,6.0375847816467285,0.0004415405564941466,-181.78297424316406,11.065962791442871,44.916690640609836,3.3053101984316404
893.908203125,98.82643127441406,-7.378232479095459,0.12006323039531708,430.4552001953125,66.53465270996094,-6.584819793701172,0.1678609699010849,491.0672302246094,86.69379425048828,-6.7278523445129395,0.19172418117523193,39.65078353881836,17,1.9742720127105713,1.1384665966033936,83.97193908691406,1697.5248613247013,1515.514645322104,44.91799095204271,3.2478344012612808,0.37481454014778137,0.37368616461753845,-63.531837463378906,2,7.842087745666504,0.000573600409552455,173.99615478515625,11.845632553100586,44.91799095204271,3.2478344012612803
1409314.5,702.6526489257812,-15.372519493103027,0.0005414552870206535,1085226.75,551.426025390625,-15.088801383972168,0.0005518189282156527,1369166.0,636.0904541015625,-15.341139793395996,0.0005045364960096776,51865.09375,1094,2.886322259902954,2.758741855621338,28.21185874938965,1795.1754001363133,1592.2416944398967,44.923610821963095,3.240681302105344,0.0012674543540924788,0.0012568869860842824,58.256248474121094,0,4.236176013946533,0.0003098455199506134,1402479.5,17.317934036254883,44.923610821963095,3.240681302105344
5512.662109375,141.62738037109375,-9.353403091430664,0.027900736778974533,3292.547119140625,72.2553482055664,-8.793829917907715,0.023832403123378754,5250.5068359375,151.624755859375,-9.30050277709961,0.03136163577437401,125.31120300292969,107,3.0308704376220703,2.1385250091552734,-4.254681587219238,1274.6399444317874,1519.861516825548,44.91829929678426,3.2787802895904665,0.07633673399686813,0.07498705387115479,-8.290453910827637,0,8.431856155395508,0.0006166829844005406,4288.076171875,18.185222625732422,44.91829929678426,3.278780289590467
1249.7490234375,110.27570343017578,-7.742056846618652,0.09582677483558655,847.2648315429688,67.521484375,-7.320047855377197,0.0865471139550209,1062.3426513671875,101.23283386230469,-7.565661430358887,0.10348719358444214,41.361968994140625,33,1.915663242340088,1.541271448135376,26.294063568115234,1483.2781344687776,1506.1458903179923,44.917300234566994,3.263514135952386,0.23556235432624817,0.2351660281419754,47.961639404296875,2,9.319648742675781,0.0006816482055000961,776.6058349609375,11.493979454040527,44.91730023456698,3.2635141359523803
6734.9697265625,123.59486389160156,-9.570838928222656,0.019929416477680206,5145.6748046875,75.60111236572266,-9.278605461120605,0.015955692157149315,6406.11474609375,131.53759765625,-9.516487121582031,0.02229898050427437,300.1939392089844,97,2.198347568511963,2.1373276710510254,-36.87211608886719,1378.1053084107198,1524.8512635112302,44.918667311867715,3.271208744722572,0.034827087074518204,0.03464919328689575,31.555770874023438,0,4.107856750488281,0.00030044346931390464,5898.61181640625,13.190085411071777,44.9186673118677,3.271208744722566
458.52325439453125,74.66908264160156,-6.653403282165527,0.17685171961784363,272.1170959472656,66.17924499511719,-6.086889743804932,0.26411667466163635,269.24859619140625,74.60960388183594,-6.07538366317749,0.3009338974952698,26.00995445251465,10,1.3533977270126343,1.2629435062408447,89.42488861083984,393.5076029392672,1508.6912374941846,44.917452420904844,3.343247346263623,0.4522610604763031,0.45085981488227844,20.8323974609375,0,7.8171916007995605,0.0005716111627407372,81.61392211914062,8.120386123657227,44.917452420904844,3.3432473462636234
734.0430297851562,74.95755767822266,-7.164303779602051,0.11089800298213959,606.9532470703125,66.97692108154297,-6.957888126373291,0.11983944475650787,622.863037109375,72.9451904296875,-6.985981464385986,0.1271844208240509,47.00372314453125,19,1.4132710695266724,1.1050008535385132,-45.29118347167969,1580.670566100609,1509.7216096248358,44.91756427913482,3.2563866168187716,0.18220749497413635,0.18136437237262726,-5.5567626953125,0,5.671419620513916,0.0004148209118284285,611.7975463867188,8.479626655578613,44.91756427913482,3.2563866168187716
657.23583984375,84.1867446899414,-7.044302940368652,0.1391080617904663,400.8565673828125,66.55059814453125,-6.507472515106201,0.18029877543449402,410.28155517578125,77.1285400390625,-6.532704830169678,0.20415636897087097,31.82112693786621,17,1.4674936532974243,1.194316029548645,79.50811767578125,302.4375391473477,1514.0635066808577,44.91784210281584,3.3499085072238644,0.28163543343544006,0.2807125747203827,21.27533531188965,0,7.916580677032471,0.0005788637790828943,249.955078125,8.804962158203125,44.917842102815825,3.349908507223857
3265.175048828125,59.33434295654297,-8.78476619720459,0.01973465271294117,2569.939208984375,70.86072540283203,-8.52480697631836,0.029944192618131638,3682.411865234375,74.60142517089844,-8.91533088684082,0.022001110017299652,417.046875,24,3.0768561363220215,0.45903292298316956,60.73774337768555,356.829293088636,1530.7510321994205,44.919066128324914,3.345928004886995,0.07935044169425964,0.07319242507219315,60.348026275634766,3,7.099854946136475,0.000519147957675159,1658.136962890625,18.461135864257812,44.91906612832489,3.345928004886981
1994.062255859375,42.58692169189453,-8.249346733093262,0.02319355681538582,2062.4541015625,69.81549835205078,-8.28596019744873,0.03676185384392738,2198.691650390625,50.80425262451172,-8.3554105758667,0.025093749165534973,317.0700988769531,12,1.9755427837371826,0.3318980932235718,60.939022064208984,353.082527905981,1524.3418925366468,44.91859671765079,3.3462027699297305,0.06473167985677719,0.05850690230727196,60.77505111694336,3,4.809932231903076,0.0003517073637340218,1362.698486328125,11.853256225585938,44.918596717650786,3.346202769929723
348.8466491699219,61.53846740722656,-6.356586456298828,0.19157637655735016,299.7085876464844,66.44377136230469,-6.191748142242432,0.24076031148433685,363.86785888671875,87.96662902832031,-6.4023590087890625,0.2625451982021332,42.040626525878906,9,1.3909419775009155,0.5299230813980103,20.728843688964844,589.734653489974,1515.642053498262,44.917968812386384,3.3288919044803356,0.3589324951171875,0.3557971119880676,28.96628189086914,0,5.105835437774658,0.00037336788955144584,284.7532043457031,8.345651626586914,44.91796881238637,3.3288919044803285
399.0130615234375,69.55784606933594,-6.502467632293701,0.18931666016578674,255.90512084960938,66.24910736083984,-6.02019739151001,0.2811453342437744,254.4452362060547,88.7667465209961,-6.013985633850098,0.37886613607406616,27.561124801635742,9,1.5934563875198364,1.1205048561096191,-7.875319004058838,71.2844169275486,1522.34952358243,44.918438883355876,3.366815277246188,0.5776551961898804,0.5743505954742432,3.5024142265319824,0,7.990952968597412,0.0005842638202011585,387.413818359375,9.560738563537598,44.918438883355876,3.366815277246188
459.6954040527344,73.91860961914062,-6.65617561340332,0.17462782561779022,249.433349609375,66.18377685546875,-5.992386341094971,0.2881554365158081,243.7690887451172,67.93805694580078,-5.967446804046631,0.30266648530960083,27.162736892700195,11,1.7213996648788452,0.7686233520507812,43.72869873046875,1112.8464465829172,1524.1545531309002,44.918609164776754,3.2906186027249755,0.432025671005249,0.4289723038673401,31.11556053161621,0,6.869528770446777,0.0005023995763622224,-12.847861289978027,10.328397750854492,44.918609164776754,3.2906186027249746
1209.964111328125,106.01839447021484,-7.706931114196777,0.09515652060508728,776.288330078125,67.32518768310547,-7.225057601928711,0.09418556094169617,1214.70556640625,142.58555603027344,-7.711177349090576,0.1274777352809906,37.6837272644043,18,2.0044493675231934,1.1070810556411743,49.17707061767578,743.8475705962394,1536.3168362384013,44.919488048411964,3.3176151671915295,0.3329438269138336,0.3321702480316162,-85.90784454345703,3,8.915375709533691,0.0006519614835269749,1117.1064453125,12.02669620513916,44.91948804841198,3.3176151671915366
1595.077880859375,126.31980895996094,-8.00695514678955,0.08600414544343948,898.0374145507812,67.49822998046875,-7.383235931396484,0.08162586390972137,1349.01611328125,120.90520477294922,-7.825042724609375,0.09733245521783829,41.788578033447266,42,2.32063889503479,1.8658376932144165,-1.6465555429458618,967.761584728884,1535.5923095909022,44.91944229982629,3.3012330316754754,0.2592543661594391,0.25851914286613464,-19.986183166503906,3,12.017207145690918,0.000878838705830276,980.404052734375,13.923833847045898,44.91944229982629,3.3012330316754754
794.0656127929688,86.26118469238281,-7.249640941619873,0.11797469109296799,645.5784301757812,67.20991516113281,-7.024872303009033,0.11306135356426239,639.6278686523438,92.19991302490234,-7.0148186683654785,0.15654274821281433,37.887184143066406,21,1.8932723999023438,1.333481788635254,22.340662002563477,1693.822193100669,1532.5386704633381,44.91923739242094,3.248103904922366,0.28413742780685425,0.28338873386383057,6.758009910583496,0,9.512995719909668,0.0006958117010071874,-161.186279296875,11.359634399414062,44.91923739242094,3.2481039049223663
393.802490234375,69.01513671875,-6.48819637298584,0.19032494723796844,74.2272720336914,65.73887634277344,-4.676408767700195,0.961808443069458,94.91426086425781,75.43256378173828,-4.943328857421875,0.8630922436714172,27.110204696655273,9,2.270073413848877,0.7633389234542847,76.90941619873047,1325.8215457011788,1534.493275557513,44.91937197549901,3.2750337500785385,0.5390294194221497,0.5366336107254028,21.007539749145508,0,7.871341705322266,0.000575690995901823,-134.40492248535156,13.620440483093262,44.91937197549901,3.275033750078539
675.3916625976562,87.58424377441406,-7.073889255523682,0.1408316045999527,467.2894592285156,66.58528900146484,-6.673964977264404,0.15474696457386017,991.4500732421875,175.0791473388672,-7.490677356719971,0.1917756199836731,28.620149612426758,17,2.3347010612487793,1.2179781198501587,61.88368225097656,743.8264509945087,1538.2680518923999,44.919630912483264,3.3176165134584235,0.5723409652709961,0.568394124507904,-67.35045623779297,2,10.099194526672363,0.0007385297794826329,723.3912353515625,14.008206367492676,44.919630912483264,3.317616513458423
3966294.75,1125.39013671875,-16.495962142944336,0.00030813991907052696,2339390.0,806.5203247070312,-15.92275619506836,0.0003744057612493634,3882106.75,1053.3819580078125,-16.47266960144043,0.0002946783497463912,53677.0390625,1814,3.7245306968688965,3.0209572315216064,84.42163848876953,296.14996439635536,1662.3680246794665,44.92869982373201,3.3503521829701937,0.0012014328967779875,0.0010186840081587434,89.02457427978516,0,20.125757217407227,0.0014715053839609027,3952921.75,22.347183227539062,44.92869982373202,3.3503521829702008
495.6876525878906,77.31430053710938,-6.738020420074463,0.1693875789642334,-1.1948069334030151,65.73958587646484,99.0,99.0,48.99088668823242,38.37191390991211,-4.225288391113281,0.8506051301956177,20.47260284423828,5,1.3170849084854126,0.33242565393447876,-26.177526473999023,1744.3824965582523,1543.6843653014012,44.92005451088116,3.2444027329114458,0.41118067502975464,0.4000450670719147,-8.345296859741211,2,3.90958833694458,0.0002859613741748035,-138.8818359375,7.902509689331055,44.92005451088117,3.244402732911451
1747.0355224609375,94.91886138916016,-8.105753898620605,0.059003885835409164,1352.68701171875,68.6225357055664,-7.827993392944336,0.05509335920214653,1547.9327392578125,103.14872741699219,-7.974380016326904,0.07236717641353607,74.90245819091797,40,1.8973422050476074,1.5874491930007935,28.923643112182617,1205.5512016833584,1546.3437357952753,44.920236458138525,3.283833214971209,0.09997347742319107,0.09953274577856064,69.41283416748047,0,6.703171253204346,0.0004902384243905544,1524.331298828125,11.384053230285645,44.920236458138525,3.283833214971208
483.0555725097656,74.66378021240234,-6.7099928855896,0.16785825788974762,336.3076171875,66.36480712890625,-6.3168416023254395,0.2143043428659439,356.1473388671875,88.92483520507812,-6.3790740966796875,0.27115848660469055,29.89504623413086,9,1.7741057872772217,0.4853234589099884,-19.309377670288086,965.8663847605976,1531.0904152116454,44.91911261591165,3.301372138348095,0.32953211665153503,0.32806161046028137,-18.033464431762695,18,5.525920867919922,0.0004041207430418581,404.22186279296875,10.644634246826172,44.91911261591164,3.3013721383480887
3300.360595703125,61.57543182373047,-8.796403884887695,0.020261701196432114,3020.451416015625,71.66157531738281,-8.700180053710938,0.02576584182679653,3187.81201171875,70.70840454101562,-8.758731842041016,0.024088410660624504,402.69012451171875,26,2.0212981700897217,0.615639865398407,59.62071990966797,364.74418279505784,1544.7276901704959,44.92008977301288,3.3453475268405,0.03747249394655228,0.03377166762948036,62.830631256103516,3,6.659829139709473,0.000486970879137516,2487.851318359375,12.127788543701172,44.92008977301287,3.345347526840493
1377.5775146484375,98.5361328125,-7.847790241241455,0.07768001407384872,1062.049560546875,67.90884399414062,-7.565361976623535,0.06944026798009872,1248.98193359375,102.3292236328125,-7.741390228271484,0.08897609263658524,50.151390075683594,35,2.0289218425750732,1.5098375082015991,71.10274505615234,466.9342357877148,1555.422795985787,44.92087685283384,3.337871086204571,0.1808060109615326,0.1799776256084442,44.79939270019531,0,9.237836837768555,0.0006754907080903649,992.2765502929688,12.173530578613281,44.92087685283385,3.3378710862045784
1677.224853515625,40.467445373535156,-8.061478614807129,0.026202596724033356,1928.609375,69.62422180175781,-8.21311092376709,0.039205402135849,1931.2308349609375,50.921630859375,-8.214585304260254,0.028635049238801003,350.258056640625,11,1.2278647422790527,0.4853987991809845,56.55540466308594,361.27547910477233,1538.6101080992162,44.91964172481841,3.3456019208980523,0.03823097422719002,0.03471529483795166,60.55143737792969,3,4.341618061065674,0.00031746234162710607,1778.0693359375,7.367188453674316,44.919641724818426,3.34560192089806
666689.9375,509.249755859375,-14.559809684753418,0.000829538912512362,513966.3125,382.46356201171875,-14.277337074279785,0.0008081374689936638,647357.3125,451.2300109863281,-14.527859687805176,0.0007569788722321391,28193.32421875,796,2.7584493160247803,2.6958765983581543,15.636932373046875,1779.9837953300473,1634.7800445389262,44.92672504026142,3.241789433410762,0.0018362931441515684,0.0018209756817668676,17.74410057067871,0,4.132547855377197,0.0003022590826731175,664765.5,16.550695419311523,44.92672504026142,3.241789433410762
5678.064453125,121.55175018310547,-9.38550090789795,0.023248273879289627,4265.01611328125,74.25275421142578,-9.074801445007324,0.018906960263848305,5472.3115234375,127.56122589111328,-9.345426559448242,0.02531498670578003,236.55203247070312,90,2.2821474075317383,1.9503037929534912,40.570919036865234,413.25853974804255,1567.9942030889017,44.92179518626403,3.3417961933369935,0.042620979249477386,0.04246876388788223,10.238189697265625,0,4.1575608253479,0.00030400409013964236,4956.90771484375,13.69288444519043,44.92179518626403,3.3417961933369935
1211.371337890625,104.00715637207031,-7.708193302154541,0.09324289858341217,806.79638671875,67.48954010009766,-7.266910076141357,0.0908452719449997,875.399169921875,109.9290771484375,-7.355515480041504,0.13637547194957733,46.70038604736328,32,2.154285430908203,1.7059369087219238,-78.2878646850586,1558.3457368703355,1562.0490216548687,44.921395209284405,3.2580157232104923,0.19311219453811646,0.19299982488155365,-23.707408905029297,0,9.860472679138184,0.0007211975171230733,-32.75215530395508,12.925712585449219,44.9213952092844,3.258015723210487
1343.381591796875,103.21908569335938,-7.820498466491699,0.08344310522079468,900.2245483398438,67.57894134521484,-7.3858771324157715,0.08152491599321365,1083.2337646484375,104.18525695800781,-7.58680534362793,0.10445131361484528,52.13029098510742,35,1.9626435041427612,1.6310917139053345,68.10659790039062,1369.7658869043596,1565.803661865523,44.921665618842646,3.271815222596237,0.18938368558883667,0.18831993639469147,76.64547729492188,0,7.891768455505371,0.0005771822761744261,601.7119140625,11.775860786437988,44.921665618842646,3.2718152225962376
816.79638671875,97.75353240966797,-7.280284404754639,0.12997160851955414,554.4337768554688,66.76579284667969,-6.85962438583374,0.13077783584594727,1041.063720703125,153.43951416015625,-7.5436930656433105,0.16006255149841309,25.62411880493164,20,2.392038583755493,1.2674776315689087,21.33599090576172,1322.5885548332506,1559.8199407625407,44.92122629463484,3.2752679726637175,0.5108267068862915,0.5101519227027893,-6.474547386169434,1,10.429693222045898,0.0007627933518961072,439.0181884765625,14.352231979370117,44.921226294634835,3.2752679726637117
1212.237548828125,108.81584930419922,-7.7089691162109375,0.09748420119285583,702.0848999023438,67.12167358398438,-7.115973949432373,0.10382525622844696,756.34033203125,87.1153564453125,-7.196793079376221,0.12508559226989746,48.554988861083984,23,1.752502202987671,1.2416735887527466,14.489121437072754,1957.1698472957912,1585.8168024988759,44.923143355308525,3.2288259834025204,0.2414434850215912,0.24107615649700165,-28.392452239990234,0,8.827921867370605,0.0006457203417085111,525.7542114257812,10.515012741088867,44.92314335530851,3.228825983402516
8920.54296875,172.52883911132812,-9.875978469848633,0.02100391499698162,4333.5400390625,74.33393096923828,-9.092106819152832,0.018628336489200592,8373.9443359375,182.93218994140625,-9.80732536315918,0.023724107071757317,142.63612365722656,165,3.499466896057129,2.7048168182373047,7.352902412414551,870.6212381420543,1591.56506252855,44.92353740717203,3.308334654108711,0.0671968162059784,0.06650859862565994,0.2493342161178589,0,9.207674026489258,0.0006733407499268651,6772.25390625,20.996801376342773,44.92353740717203,3.308334654108711
8862.0771484375,74.99491119384766,-9.868839263916016,0.00919022411108017,6487.20263671875,78.10124206542969,-9.530143737792969,0.013074656948447227,10414.876953125,83.12678527832031,-10.044135093688965,0.008667955175042152,1253.7901611328125,26,2.175881862640381,0.4687541723251343,86.02803802490234,76.16326665224076,1598.1219063704139,44.92398673020033,3.3664499053337074,0.02854224666953087,0.02441209740936756,85.43095397949219,3,5.769071578979492,0.00042179616866633296,9747.80859375,13.055291175842285,44.92398673020033,3.366449905333707
1141.769775390625,97.960205078125,-7.643946170806885,0.09317533671855927,843.748779296875,67.46342468261719,-7.315532684326172,0.08683305233716965,927.03759765625,90.28360748291016,-7.41774320602417,0.10576485842466354,54.45405578613281,30,1.6840647459030151,1.459952473640442,-62.804141998291016,655.849357273911,1580.170893175015,44.92269583661763,3.324048471378077,0.18442846834659576,0.18356865644454956,-57.250274658203125,0,6.954935073852539,0.0005085783777758479,758.247314453125,10.104388236999512,44.92269583661762,3.32404847137807
13582.080078125,240.7826690673828,-10.332415580749512,0.01925257220864296,3890.360595703125,73.4124755859375,-8.974974632263184,0.020493201911449432,12063.328125,248.19566345214844,-10.203667640686035,0.022343792021274567,123.78275299072266,262,5.97797155380249,2.9503116607666016,15.259488105773926,1475.4867901068098,1610.8239571206498,44.92496448001045,3.2640748278192486,0.09771668910980225,0.09483791887760162,19.255409240722656,0,16.727054595947266,0.0012233734596520662,8769.7333984375,35.867828369140625,44.92496448001044,3.2640748278192433
691.7352905273438,85.59336853027344,-7.099849700927734,0.1343785673379898,520.428466796875,66.79827117919922,-6.790902614593506,0.139390766620636,529.5536499023438,77.34181213378906,-6.809774875640869,0.15861132740974426,32.9556884765625,15,1.3598037958145142,1.2754931449890137,12.400230407714844,1189.7466444965737,1579.5682778935218,44.922668666692815,3.28498649614907,0.3273589313030243,0.32566264271736145,-82.7453842163086,2,7.874970436096191,0.0005759277264587581,271.0144348144531,8.158823013305664,44.922668666692815,3.28498649614907
1259.0684814453125,113.80486297607422,-7.750123500823975,0.09816152602434158,550.5398559570312,66.75773620605469,-6.8519721031188965,0.13168692588806152,803.8943481445312,124.83231353759766,-7.262997627258301,0.1686389446258545,35.38052749633789,21,2.480128288269043,1.466896653175354,-48.566566467285156,722.864084692286,1597.039678048331,44.92393325987533,3.3191440806895645,0.4345487058162689,0.43409618735313416,-24.943374633789062,2,11.429311752319336,0.0008357737096957862,102.0048599243164,14.880769729614258,44.92393325987533,3.319144080689565
1935.6480712890625,129.20716857910156,-8.217065811157227,0.07249199599027634,1087.9398193359375,67.91094970703125,-7.591512203216553,0.06778986006975174,1388.5618896484375,124.79169464111328,-7.856412887573242,0.09760010242462158,60.91733169555664,51,2.618867874145508,1.7375283241271973,44.583335876464844,289.67568793546184,1601.7202627735164,44.924259415397124,3.3508324381986423,0.19550172984600067,0.19373276829719543,50.063045501708984,2,9.473099708557129,0.0006926479400135577,236.1253204345703,15.713207244873047,44.92425941539711,3.350832438198635
756.226318359375,83.8501205444336,-7.196629524230957,0.12041531503200531,683.9762573242188,67.1099853515625,-7.087602615356445,0.1065555214881897,750.6539916992188,83.58709716796875,-7.188599586486816,0.12092866748571396,49.56767272949219,20,1.874304175376892,1.0758237838745117,50.87678146362305,1074.7144288212005,1597.5441467871167,44.9239815068475,3.293401575995189,0.2643216550350189,0.2633291482925415,44.11262130737305,0,6.835237503051758,0.0004998709773644805,421.434326171875,11.245824813842773,44.92398150684749,3.293401575995183
19118.44921875,240.6715850830078,-10.703631401062012,0.01367105357348919,6266.41064453125,77.6435546875,-9.492547035217285,0.01345601212233305,17514.04296875,246.0328369140625,-10.608466148376465,0.015255852602422237,171.3459014892578,317,4.510466575622559,3.7150511741638184,-27.986373901367188,1887.0669354204556,1673.4209172519613,44.929556129850496,3.2339492663750846,0.05470695346593857,0.054224561899900436,-37.37369155883789,0,10.458202362060547,0.000764926546253264,14894.212890625,27.06279945373535,44.929556129850496,3.2339492663750846
2997.495361328125,153.63906860351562,-8.691896438598633,0.0556638166308403,1411.634521484375,68.5660629272461,-7.874305725097656,0.052749309688806534,2918.09033203125,155.11976623535156,-8.66274642944336,0.057729557156562805,60.87323760986328,78,2.716637372970581,2.5538291931152344,-52.33845138549805,1539.741245897152,1616.5265569629296,44.92538350176563,3.2593723031178965,0.19748246669769287,0.19660906493663788,-22.91684341430664,2,11.58066463470459,0.0008469885215163231,2022.5516357421875,16.299823760986328,44.925383501765616,3.259372303117891
1134.4046630859375,103.19975280761719,-7.636919975280762,0.09879625588655472,827.8193359375,67.40534973144531,-7.294838905334473,0.08842775970697403,913.393310546875,100.17640686035156,-7.401644706726074,0.11910704523324966,44.336387634277344,30,1.9803187847137451,1.4826549291610718,-76.80130004882812,1085.996735540253,1608.854525395612,44.92480994061085,3.292574974014348,0.2432159036397934,0.24215620756149292,-72.79798889160156,0,10.262955665588379,0.0007505431422032416,590.1884155273438,11.881912231445312,44.924809940610835,3.2925749740143413
2760.390380859375,52.99853515625,-8.602426528930664,0.02085082232952118,2824.669677734375,71.3795166015625,-8.627419471740723,0.027443261817097664,2789.652587890625,57.08938980102539,-8.613875389099121,0.022224659100174904,582.7684326171875,19,1.1575194597244263,0.6804238557815552,79.18846130371094,76.69228047356067,1603.9067972496982,44.92441027976469,3.366410558659574,0.019858364015817642,0.019420800730586052,80.96991729736328,3,2.4985997676849365,0.0001826805528253317,2600.85107421875,6.945116996765137,44.92441027976471,3.3664105586595814
843.0424194335938,94.00823974609375,-7.3146233558654785,0.12110060453414917,337.9082336425781,66.3681411743164,-6.321997165679932,0.21329990029335022,293.0302429199219,91.21005249023438,-6.167281150817871,0.3380337655544281,31.104095458984375,12,1.3530433177947998,1.2249637842178345,72.76069641113281,846.5115303829215,1606.546287948628,44.92463347791966,3.310097056974214,0.2762623131275177,0.2750045359134674,-71.91207122802734,0,5.602569103240967,0.0004097008495591581,394.42608642578125,8.11825942993164,44.92463347791968,3.3100970569742207
1527.1923828125,104.83399200439453,-7.9597344398498535,0.0745483785867691,1106.1060791015625,67.92262268066406,-7.60949182510376,0.06668796390295029,1220.4268798828125,106.80523681640625,-7.71627950668335,0.09504091739654541,56.02075958251953,39,1.8666812181472778,1.8023234605789185,-38.930809020996094,1616.2262330548062,1612.6640025288307,44.92510240746487,3.2537755102324035,0.1732303649187088,0.17284798622131348,-15.554709434509277,0,7.936657428741455,0.0005804827669635415,966.4119873046875,11.200087547302246,44.92510240746487,3.2537755102324035
794.1261596679688,86.49278259277344,-7.2497239112854,0.11828241497278214,750.7330322265625,67.27274322509766,-7.188714027404785,0.09731581807136536,984.041748046875,95.89925384521484,-7.482533931732178,0.10583554208278656,36.94510269165039,21,1.8612539768218994,0.9876086115837097,-67.01361083984375,662.2143110564101,1612.1662787218545,44.92503861135389,3.3235795027390274,0.2681637406349182,0.26671552658081055,82.9877700805664,2,6.857306003570557,0.0005014330381527543,564.8507690429688,11.167524337768555,44.92503861135389,3.323579502739027
902.2959594726562,103.32437133789062,-7.388372421264648,0.1243608221411705,134.8770751953125,66.02233123779297,-5.324845314025879,0.5315970182418823,107.9434814453125,148.03004455566406,-5.082991123199463,1.489303708076477,27.973876953125,9,1.8686314821243286,0.6429022550582886,-6.162503719329834,1805.456529110482,1612.5630061879283,44.92509888873748,3.239927138418695,0.2803151309490204,0.27810925245285034,-41.69597244262695,1,6.5423173904418945,0.0004785195051226765,1094.2122802734375,11.21178913116455,44.92509888873748,3.2399271384186945
1257.9771728515625,113.50393676757812,-7.749181747436523,0.09798689186573029,755.3411865234375,67.15453338623047,-7.195357799530029,0.09655216336250305,895.6839599609375,107.58767700195312,-7.380386829376221,0.13044804334640503,40.15444564819336,33,1.9836444854736328,1.7298234701156616,-16.078306198120117,1921.9429073907597,1620.615466567998,44.925690603656804,3.2314012736701363,0.2738023102283478,0.27296632528305054,-45.43816375732422,0,11.09854507446289,0.0008117873221635818,309.6215515136719,11.901866912841797,44.925690603656804,3.2314012736701367
718.5773315429688,82.48493957519531,-7.141183853149414,0.12466110289096832,404.8511962890625,66.66194915771484,-6.518238544464111,0.1788184940814972,804.3533935546875,118.48436737060547,-7.263617038726807,0.15997199714183807,40.44586181640625,9,1.5178471803665161,0.5977984666824341,-39.58575439453125,663.1218908722034,1612.5015343107939,44.925063189348315,3.323513072306146,0.5158207416534424,0.5130784511566162,-67.31132507324219,19,5.419955253601074,0.0003963287454098463,490.8218994140625,9.107083320617676,44.92506318934831,3.3235130723061395
603.3430786132812,85.24940490722656,-6.95141077041626,0.15344645082950592,351.7268371582031,66.55180358886719,-6.365513801574707,0.20548689365386963,342.4364013671875,87.44364929199219,-6.33644962310791,0.2773180603981018,30.066762924194336,14,1.4487396478652954,1.109194040298462,-86.41912841796875,352.5519378315725,1616.3539379747742,44.92533337750007,3.3462316044622686,0.37043577432632446,0.36854398250579834,49.767459869384766,0,7.577611446380615,0.0005540605052374303,366.4698181152344,8.692438125610352,44.92533337750008,3.3462316044622757
2989.13623046875,96.3362045288086,-8.688864707946777,0.035000450909137726,2546.663818359375,70.86380767822266,-8.514928817749023,0.03021918050944805,2838.85400390625,106.08334350585938,-8.632857322692871,0.04058204963803291,149.85040283203125,53,1.7837542295455933,1.6156275272369385,-8.146142959594727,1056.8296228797037,1625.3192604103513,44.92601454781284,3.294707440001394,0.06115463003516197,0.06105522811412811,-19.400711059570312,0,4.378425598144531,0.00032019539503380656,3076.92138671875,10.70252513885498,44.92601454781284,3.294707440001394
24641.251953125,158.10130310058594,-10.979156494140625,0.006967909634113312,19361.826171875,98.26457977294922,-10.717366218566895,0.005511635448783636,24030.28125,153.71731567382812,-10.951896667480469,0.006946943234652281,1136.80322265625,169,2.312807083129883,2.1823503971099854,-1.1443066596984863,1613.9461637511358,1645.9002735187782,44.92753577360231,3.253939406699252,0.012269316241145134,0.012168117798864841,11.047040939331055,0,4.025196552276611,0.0002943960716947913,24468.12890625,13.876842498779297,44.92753577360231,3.2539394066992524
1135.943603515625,100.4985122680664,-7.638391971588135,0.09607993066310883,752.3010864257812,67.17383575439453,-7.190979480743408,0.09697020053863525,1144.2506103515625,123.8299331665039,-7.646302700042725,0.1175260990858078,44.36916732788086,26,3.055659055709839,1.489701747894287,73.77283477783203,595.0485611443584,1646.1902533385357,44.92752718033082,3.328489472849904,0.2140348106622696,0.21271353960037231,81.08493041992188,3,12.789449691772461,0.0009351843618787825,559.1718139648438,18.333953857421875,44.92752718033082,3.328489472849904
3599.678955078125,161.22377014160156,-8.89065933227539,0.048640176653862,1587.66748046875,68.94461822509766,-8.001898765563965,0.04715965688228607,3170.385986328125,176.5467071533203,-8.752779960632324,0.06047520041465759,62.093482971191406,92,3.384577751159668,2.6811015605926514,11.616978645324707,195.23939981796542,1644.0757707512407,44.92735634634908,3.357735277423997,0.1765746921300888,0.17541489005088806,-11.259922981262207,2,14.601293563842773,0.001067561679519713,1885.7628173828125,20.307466506958008,44.92735634634908,3.357735277423997
724.5283813476562,86.2133560180664,-7.1501383781433105,0.1292257308959961,431.0678405761719,66.61326599121094,-6.586363792419434,0.16782046854496002,457.16790771484375,91.45824432373047,-6.650189399719238,0.21725858747959137,30.826351165771484,13,1.870309591293335,1.3187544345855713,41.975250244140625,517.1916386956716,1627.9228034460507,44.926186849126665,3.3341869111763858,0.3536374270915985,0.35293930768966675,69.60645294189453,0,9.402161598205566,0.0006874933606013656,5.372414588928223,11.221857070922852,44.926186849126665,3.334186911176386
379.39373779296875,61.34965896606445,-6.447725296020508,0.17561104893684387,331.03094482421875,66.5346450805664,-6.299671649932861,0.21827754378318787,318.9435729980469,54.825538635253906,-6.259284496307373,0.18668046593666077,38.55337142944336,10,1.1142429113388062,0.8415555953979492,-46.174888610839844,725.6045297150777,1623.7340367288223,44.92588777408235,3.318940839082684,0.2583518922328949,0.25749215483665466,-36.155433654785156,0,4.481011867523193,0.00032767237280495465,173.7744903564453,6.685457229614258,44.92588777408236,3.3189408390826904
418.97515869140625,65.3550796508789,-6.5554704666137695,0.16940292716026306,518.4862060546875,66.74284362792969,-6.7868428230285645,0.13979683816432953,724.0758056640625,144.20761108398438,-7.149460315704346,0.21628877520561218,35.966102600097656,11,1.7055518627166748,0.8027125000953674,-85.68807220458984,734.680945147418,1630.3148846631013,44.92636989919024,3.318276144654575,0.4624255895614624,0.4606465995311737,53.17959213256836,2,6.989057540893555,0.0005110717029310763,644.1944580078125,10.23331069946289,44.92636989919023,3.3182761446545683
542.1956176757812,80.23226928710938,-6.835390090942383,0.16070260107517242,334.3421630859375,66.33484649658203,-6.3104777336120605,0.21546681225299835,418.85992431640625,99.49229431152344,-6.555171966552734,0.25795885920524597,38.36215591430664,9,2.3163483142852783,0.4833385646343231,19.54401397705078,1314.88465192632,1622.1789684025152,44.92579184647535,3.275825869453,0.6469709873199463,0.6448456645011902,2.07222843170166,18,6.313071250915527,0.00046170337009243667,-86.11508178710938,13.898090362548828,44.92579184647534,3.2758258694529943
2230.987060546875,144.703369140625,-8.37124252319336,0.07043871283531189,1115.875244140625,68.04344940185547,-7.619039058685303,0.06622172892093658,1416.297119140625,198.5886993408203,-7.877885818481445,0.15227548778057098,47.78063201904297,59,2.5208582878112793,2.1290440559387207,39.822017669677734,1746.9595576042123,1645.8261069121663,44.92753312732431,3.244205302647816,0.17839479446411133,0.17774051427841187,-74.22039794921875,0,11.07128620147705,0.0008097568643279374,2046.0496826171875,15.125149726867676,44.92753312732431,3.244205302647816
518.08349609375,76.86817169189453,-6.785999298095703,0.16113008558750153,449.6773986816406,66.80615997314453,-6.6322526931762695,0.16134119033813477,433.9501037597656,113.22821044921875,-6.593599319458008,0.2833639979362488,33.73297882080078,13,1.6213003396987915,0.8122036457061768,87.47259521484375,535.8593778982336,1635.189772024213,44.92671959364292,3.3328205413765706,0.30452752113342285,0.30442148447036743,-57.2845344543457,2,6.853029251098633,0.0005010992754250765,296.1239013671875,9.727802276611328,44.92671959364292,3.3328205413765706
2582.86083984375,125.79761505126953,-8.530252456665039,0.052893366664648056,1575.46337890625,69.11910247802734,-7.993520736694336,0.04764525219798088,2341.014404296875,135.05145263671875,-8.423510551452637,0.06265056878328323,67.71348571777344,63,2.63853120803833,1.9984279870986938,37.81148147583008,146.023493217367,1645.0959253573487,44.92742888283712,3.3613349406273074,0.1418609768152237,0.14154960215091705,28.262514114379883,2,10.412941932678223,0.0007613234338350594,1392.0615234375,15.83118724822998,44.92742888283712,3.3613349406273074
622.6893310546875,82.60780334472656,-6.985678672790527,0.14407196640968323,525.1852416992188,66.6537857055664,-6.80078125,0.1378294825553894,562.5227661132812,132.5745849609375,-6.875350475311279,0.25594696402549744,29.85405731201172,9,1.6803115606307983,0.6407964825630188,50.57599639892578,2007.5990351101066,1633.1388490479542,44.926608973635894,3.2251312175820703,0.3884422481060028,0.38780874013900757,-16.17935562133789,2,6.189567565917969,0.0004527316486928612,622.5387573242188,10.081869125366211,44.926608973635894,3.2251312175820703
4433.06640625,54.041709899902344,-9.11676025390625,0.013238984160125256,4288.5732421875,74.0883560180664,-9.080781936645508,0.018761472776532173,4269.7607421875,64.67548370361328,-9.076008796691895,0.016450002789497375,490.55133056640625,17,1.608218789100647,0.5455626845359802,5.018214702606201,799.6995816865714,1632.5268427138571,44.92653407109352,3.313519211162796,0.022901469841599464,0.019572362303733826,5.071056842803955,0,5.579046249389648,0.00040797144174575806,3989.919921875,9.649312973022461,44.92653407109351,3.3135192111627894
3702.37548828125,169.10235595703125,-8.9212007522583,0.04960197955369949,1495.5826416015625,68.78486633300781,-7.937026023864746,0.049947336316108704,2982.549072265625,179.53402709960938,-8.686469078063965,0.06537158042192459,53.30172348022461,93,3.935912847518921,2.4106881618499756,-10.371990203857422,1410.8188807780434,1659.077257412748,44.928495784845,3.268802532468575,0.19578944146633148,0.1937563121318817,-14.784165382385254,2,18.47939109802246,0.001351486542262137,1090.0247802734375,23.615476608276367,44.92849578484498,3.2688025324685697
4092.930419921875,200.41116333007812,-9.030085563659668,0.05317620933055878,1226.062255859375,68.16609191894531,-7.7212815284729,0.060378964990377426,3179.022705078125,180.87513732910156,-8.75573444366455,0.06178955361247063,45.98408508300781,87,3.312835693359375,2.9044551849365234,60.258541107177734,969.4743591476822,1661.35714471386,44.92865035213329,3.301095243834183,0.24181582033634186,0.24089720845222473,85.36378479003906,2,17.8858642578125,0.0013079505879431963,2852.20166015625,19.87701416015625,44.92865035213329,3.3010952438341827
873.8551635742188,86.35757446289062,-7.353598594665527,0.10732250660657883,571.3103637695312,66.80069732666016,-6.892180442810059,0.1269809901714325,600.6258544921875,128.6730499267578,-6.946509838104248,0.23265554010868073,51.77703094482422,13,1.738649606704712,0.8717267513275146,-58.06110382080078,595.5033591602019,1645.41208172862,44.9274702252682,3.3284562846943007,0.15314774215221405,0.15184198319911957,40.52350997924805,3,7.3572611808776855,0.0005379749345593154,824.7688598632812,10.43189811706543,44.92747022526819,3.3284562846942944
1701.512451171875,125.94879150390625,-8.07708740234375,0.08038753271102905,945.9017333984375,67.6214828491211,-7.439615249633789,0.0776369497179985,1199.6561279296875,128.64906311035156,-7.697641849517822,0.11646077781915665,48.89080810546875,45,2.439127206802368,2.031456708908081,-32.99310302734375,2018.210728290149,1650.9810110164353,44.927915465092646,3.2243530864613597,0.22459590435028076,0.2235817313194275,-83.56084442138672,0,13.345186233520508,0.0009761183755472302,912.905029296875,14.634763717651367,44.927915465092646,3.2243530864613597
18286.60546875,209.9199676513672,-10.655332565307617,0.01246667094528675,8333.7373046875,81.30091857910156,-9.802099227905273,0.010594621300697327,17690.703125,219.598388671875,-10.619362831115723,0.013480744324624538,297.4548645019531,275,4.011893272399902,3.267425775527954,62.427242279052734,512.075238048893,1693.1854625170238,44.93096462596796,3.3345541889066723,0.039210375398397446,0.03895784169435501,44.87680435180664,0,6.893738746643066,0.0005040601245127618,16076.857421875,24.071359634399414,44.93096462596796,3.3345541889066723
620.0457153320312,82.02218627929688,-6.9810590744018555,0.1436605304479599,327.3548583984375,66.39788818359375,-6.2875471115112305,0.22027504444122314,402.39801025390625,83.5250015258789,-6.511639595031738,0.22541898488998413,30.02876091003418,8,1.0605372190475464,0.7651757597923279,-75.29314422607422,1972.0080490643707,1648.87541727553,44.92776053671854,3.227734763085782,0.36648330092430115,0.36333659291267395,62.95069885253906,2,4.434972286224365,0.0003243883256800473,309.7801208496094,6.363223075866699,44.92776053671853,3.227734763085777
406.3345947265625,68.79561614990234,-6.522209644317627,0.18386827409267426,205.33578491210938,66.14360809326172,-5.781161785125732,0.34982678294181824,192.43002319335938,57.56873321533203,-5.710681915283203,0.3248954713344574,26.584758758544922,10,1.2502543926239014,0.8465296030044556,88.58007049560547,782.6948067542561,1644.9306896427715,44.927441623593005,3.3147620023431754,0.3118394613265991,0.3105224668979645,-9.136533737182617,0,6.135878562927246,0.0004486858961172402,41.991607666015625,7.501526355743408,44.927441623593,3.3147620023431696
795.6107788085938,83.74158477783203,-7.25175142288208,0.11430634558200836,342.2861022949219,66.29962921142578,-6.335973262786865,0.21035443246364594,359.1446838378906,74.77581787109375,-6.388173580169678,0.22611093521118164,44.397979736328125,21,1.6008862257003784,1.0341424942016602,-67.73198699951172,2035.353800687557,1650.7595988014891,44.927899531998634,3.223098418361082,0.15863385796546936,0.15778109431266785,-51.409393310546875,16,6.120367050170898,0.00044766886276192963,-2514.48193359375,9.605317115783691,44.927899531998634,3.2230984183610816
1840.3231201171875,97.03363800048828,-8.162235260009766,0.05726088583469391,1441.589599609375,68.67637634277344,-7.897104263305664,0.05173632502555847,1654.6446533203125,99.48261260986328,-8.046761512756348,0.06529384851455688,89.8923568725586,42,1.7744371891021729,1.5988309383392334,-47.66896438598633,1228.1941734500112,1658.832783407878,44.928473122791445,3.2821656913928594,0.10191480815410614,0.10150162130594254,-5.739842891693115,0,5.497626781463623,0.0004020521300844848,1401.2882080078125,10.646623611450195,44.92847312279144,3.2821656913928536
530.8790893554688,72.39907836914062,-6.812489032745361,0.14810416102409363,488.5277404785156,66.75799560546875,-6.722223281860352,0.14840342104434967,600.520751953125,86.86798095703125,-6.946320056915283,0.15709470212459564,42.12165069580078,14,1.5795402526855469,1.4259543418884277,-63.12960433959961,622.1563873617333,1661.0368803292158,44.92861512994164,3.32650484378906,0.38152050971984863,0.38035696744918823,-88.32280731201172,0,7.435234069824219,0.0005436759674921632,442.2160339355469,9.477241516113281,44.92861512994164,3.32650484378906
611.14501953125,84.47142028808594,-6.965360641479492,0.1501050591468811,434.5722961425781,66.54319763183594,-6.595155239105225,0.16629202663898468,529.6585693359375,81.1325912475586,-6.809989929199219,0.16635243594646454,25.139951705932617,15,1.6929367780685425,1.156038522720337,-45.45923614501953,188.68694348066228,1659.0861957858694,44.928454982699556,3.35821286165916,0.558329701423645,0.5561505556106567,-57.22331237792969,1,8.369058609008789,0.0006118916207924485,-51.127384185791016,10.157620429992676,44.928454982699556,3.35821286165916
2041.0963134765625,112.57221221923828,-8.274659156799316,0.05989595875144005,1429.1904296875,68.65143585205078,-7.887725353240967,0.05216621607542038,1740.540283203125,113.6841049194336,-8.101710319519043,0.070932537317276,72.4050521850586,50,2.137909173965454,1.758453130722046,5.751893997192383,907.78729966193,1670.0528253152693,44.929285027588975,3.3056075816742836,0.13102470338344574,0.1308547705411911,53.29362487792969,0,7.045403480529785,0.0005152041558176279,1538.6890869140625,12.827455520629883,44.92928502758896,3.3056075816742774
506.813720703125,77.82566833496094,-6.762120723724365,0.1667647808790207,220.43008422851562,66.17511749267578,-5.858177185058594,0.3260270953178406,240.6514892578125,77.38070678710938,-5.9534711837768555,0.3491997718811035,27.47870445251465,12,2.293496608734131,0.7484574913978577,-67.9443130493164,229.09994298681886,1673.163460314364,44.92948732142078,3.3552553433624004,0.35179850459098816,0.10726780444383621,-67.61241912841797,0,7.834047794342041,0.0005727778188884258,-616.8032836914062,13.760979652404785,44.92948732142078,3.355255343362401
761.9874877929688,88.20629119873047,-7.204869747161865,0.12571339309215546,580.586181640625,67.10181427001953,-6.909666538238525,0.12551552057266235,810.99658203125,107.87739562988281,-7.272547721862793,0.1444578915834427,42.81432342529297,20,1.8870712518692017,1.1963202953338623,41.095664978027344,597.2736938019951,1677.3931518262857,44.92981167910383,3.3283233895515036,0.2893311083316803,0.28736984729766846,36.402156829833984,2,8.390035629272461,0.0006134844152256846,759.9750366210938,11.322427749633789,44.92981167910383,3.328323389551503
708.5986938476562,89.0927963256836,-7.126000881195068,0.13654382526874542,448.5650634765625,66.57222747802734,-6.629563808441162,0.1611749231815338,789.3531494140625,138.19386291503906,-7.243178367614746,0.19012850522994995,31.732433319091797,18,1.9395180940628052,1.3497834205627441,-56.04119110107422,1230.7864693023046,1697.0469068694106,44.93127095117042,3.2819723443045974,0.37694430351257324,0.3756556212902069,-60.49226379394531,3,9.688103675842285,0.0007084997487254441,682.9034423828125,11.63710880279541,44.93127095117042,3.2819723443045974
842828.8125,559.8111572265625,-14.814348220825195,0.0007213266799226403,650854.625,429.0594177246094,-14.533710479736328,0.0007159179658629,817066.0625,499.62579345703125,-14.78064250946045,0.0006640755455009639,35169.0390625,839,2.784212589263916,2.660928726196289,10.109046936035156,659.902534312368,1759.3757307097774,44.935815836675765,3.323733127903593,0.00163263117428869,0.001616426627151668,-1.5015466213226318,0,4.14097785949707,0.0003027842612937093,839133.8125,16.705276489257812,44.93581583667577,3.323733127903599
462.69451904296875,74.28782653808594,-6.663235664367676,0.17436251044273376,332.2658996582031,66.30464172363281,-6.303714275360107,0.2167145162820816,205.102783203125,81.63628387451172,-5.779928684234619,0.43225646018981934,23.707998275756836,11,2.567124605178833,0.7865938544273376,-26.177000045776367,893.5358795018756,1688.7418796011732,44.93065282562407,3.306648347717393,0.4588029682636261,0.45579931139945984,-37.3663444519043,16,8.501907348632812,0.0006217060144990683,-209.0657196044922,15.402748107910156,44.93065282562407,3.3066483477173936
100150.1953125,243.39581298828125,-12.501629829406738,0.002639314392581582,78366.2578125,161.1546173095703,-12.235322952270508,0.002233281498774886,97076.7265625,214.7611083984375,-12.467787742614746,0.0024025384336709976,4369.30712890625,313,2.4633665084838867,2.390408992767334,-14.59488296508789,1977.1971498373507,1733.7098788470767,44.93397158504903,3.2273478838631364,0.004984905943274498,0.004952481482177973,16.172502517700195,0,4.031126022338867,0.00029483853722922504,100424.2421875,14.78019905090332,44.93397158504903,3.227347883863136
1728.27001953125,116.86558532714844,-8.094029426574707,0.07343529909849167,985.3172607421875,67.54965209960938,-7.483940124511719,0.07445208728313446,1522.38818359375,132.27955627441406,-7.956313610076904,0.09436200559139252,53.68400573730469,35,1.9570205211639404,1.6355435848236084,-30.53133773803711,1227.6441120433833,1699.8679498086462,44.93147739795596,3.2822019984251276,0.21477706730365753,0.2128235101699829,-40.93074417114258,3,8.456527709960938,0.000618430320173502,1389.92919921875,11.742122650146484,44.93147739795596,3.2822019984251276
51793.734375,199.59280395507812,-11.785693168640137,0.00418501952663064,40338.50390625,124.28395080566406,-11.514299392700195,0.003345993347465992,50128.11328125,182.08396911621094,-11.750203132629395,0.003944756463170052,2239.87939453125,250,2.470306396484375,2.334102153778076,28.203269958496094,1106.0231580218062,1732.6718636168275,44.933875533413534,3.2910975583717317,0.007492555771023035,0.007412683218717575,13.289609909057617,0,4.069183349609375,0.00029756923322565854,51777.6171875,14.82183837890625,44.933875533413534,3.2910975583717317
627.0159912109375,83.47496795654297,-6.993196487426758,0.14457975327968597,379.5840148925781,66.48062896728516,-6.448269844055176,0.19020284712314606,484.9615478515625,84.17272186279297,-6.714268207550049,0.18849241733551025,28.009857177734375,11,2.186678647994995,0.9577142596244812,19.095239639282227,1671.7762954457517,1691.2070394420166,44.930854092020496,3.249703352201769,0.4783291518688202,0.47712966799736023,28.874082565307617,2,8.65927791595459,0.000633319141343236,-379.0022888183594,13.120071411132812,44.930854092020496,3.249703352201769
1438.04638671875,113.6751937866211,-7.894432067871094,0.08584650605916977,953.6968383789062,67.63739776611328,-7.448525905609131,0.07702051103115082,1098.57373046875,110.59774780273438,-7.6020731925964355,0.1093318983912468,41.617218017578125,38,1.942307710647583,1.8493292331695557,-41.64970397949219,2026.2880536783978,1703.3607219383555,44.93175049437981,3.223757583816043,0.2188369780778885,0.21808402240276337,78.1413345336914,0,11.338113784790039,0.0008292945567518473,409.89508056640625,11.653846740722656,44.93175049437981,3.2237575838160426
1059.393310546875,111.21917724609375,-7.562643051147461,0.1140124499797821,299.3892822265625,66.23612976074219,-6.1905903816223145,0.2402639091014862,528.4757080078125,152.9774627685547,-6.807562351226807,0.31436359882354736,27.311079025268555,9,1.758863925933838,0.9275974035263062,-4.607297897338867,1247.049387335268,1694.3914517848307,44.9310769849912,3.2807826401892997,0.6977952122688293,0.6972826719284058,-55.78006362915039,2,7.635854244232178,0.0005584180471487343,385.5224304199219,10.553183555603027,44.9310769849912,3.280782640189299
384.08917236328125,67.90132904052734,-6.461080074310303,0.19198885560035706,223.15878295898438,66.20674133300781,-5.871534824371338,0.3221944272518158,313.098388671875,74.69072723388672,-6.23920202255249,0.25906914472579956,24.8488712310791,9,1.547526478767395,1.126718521118164,-84.12275695800781,45.56666870362729,1697.5404222459315,44.93126377071239,3.3686763833256808,0.8299155831336975,0.8295480608940125,70.19063568115234,0,7.896009922027588,0.0005772736039943993,128.09548950195312,9.28515911102295,44.93126377071239,3.368676383325681
705.7364501953125,91.40719604492188,-7.121606349945068,0.14065904915332794,451.4275207519531,66.5265884399414,-6.636470317840576,0.1600431352853775,414.20867919921875,94.16814422607422,-6.543047904968262,0.24689634144306183,25.16486358642578,17,2.753725528717041,0.9577001333236694,73.57624053955078,1526.2083264644639,1714.2344029348492,44.93253674904276,3.2603537345661815,0.4258260130882263,0.42375239729881287,79.50218963623047,0,9.723963737487793,0.0007111591403372586,-201.55056762695312,16.522354125976562,44.93253674904275,3.260353734566176
3342.71142578125,108.909423828125,-8.810247421264648,0.03538314253091812,2569.875,70.83638000488281,-8.5247802734375,0.029934650287032127,2968.91064453125,112.90912628173828,-8.681492805480957,0.04130111262202263,150.20245361328125,64,1.9413237571716309,1.856725811958313,47.49075698852539,251.89512556990903,1719.6615428683124,44.932892351621305,3.3535828107357073,0.060217272490262985,0.06006326153874397,72.68074798583984,0,4.153763771057129,0.00030369337764568627,2787.441162109375,11.647942543029785,44.932892351621305,3.3535828107357073
1089.206787109375,112.2420654296875,-7.592775821685791,0.11191160976886749,527.7100830078125,66.73621368408203,-6.805988311767578,0.13733966648578644,571.6261596679688,74.5942153930664,-6.892780303955078,0.14171729981899261,32.50407028198242,14,1.4383076429367065,1.0236279964447021,69.40996551513672,1951.401525230494,1706.419465326598,44.93197318057044,3.229238075903644,0.3670092523097992,0.36608412861824036,5.564089298248291,2,7.250335693359375,0.0005302972276695073,510.3605651855469,8.62984561920166,44.93197318057044,3.2292380759036443
1425.048095703125,99.11932373046875,-7.884573936462402,0.07553680986166,999.2899169921875,67.67972564697266,-7.4992289543151855,0.07355241477489471,1193.7774658203125,93.0262680053711,-7.69230842590332,0.08462760597467422,53.87841796875,32,1.5886298418045044,1.570778250694275,41.10126495361328,1140.007107386951,1717.5490460139117,44.93276938034265,3.288612550814798,0.15210309624671936,0.15165413916110992,76.83264923095703,2,6.2569260597229,0.0004575599741656333,1030.9705810546875,9.531779289245605,44.93276938034265,3.288612550814798
1128.1650390625,85.4733657836914,-7.630931377410889,0.08227881044149399,890.07568359375,67.53279113769531,-7.3735671043396,0.08239816874265671,986.3814697265625,93.17948913574219,-7.485112190246582,0.10259005427360535,63.852745056152344,22,1.4005376100540161,1.3446872234344482,31.3255672454834,1297.4595759877839,1706.8030770576738,44.93198701308821,3.277092898495294,0.17039065062999725,0.16988347470760345,56.250450134277344,2,5.928629398345947,0.0004335693083703518,933.1036987304688,8.403225898742676,44.93198701308821,3.277092898495294
655.85009765625,83.85054779052734,-7.042011260986328,0.1388452798128128,479.65576171875,66.71392059326172,-6.702324390411377,0.15104857087135315,493.6276550292969,83.67571258544922,-6.733498573303223,0.1840898096561432,30.23577117919922,17,1.9148616790771484,1.0869336128234863,74.01416778564453,1998.822161552326,1719.0057273505893,44.932895441929965,3.2257664481351025,0.3139236569404602,0.31322142481803894,46.1956901550293,0,8.632418632507324,0.0006313862977549434,202.85360717773438,11.48917007446289,44.93289544192995,3.2257664481350976
1058.724609375,99.09510040283203,-7.561957359313965,0.10164804011583328,452.6956481933594,66.70956420898438,-6.6395158767700195,0.16003374755382538,1220.58154296875,175.01480102539062,-7.716416835784912,0.1557176411151886,43.343074798583984,17,1.7816020250320435,1.0280942916870117,20.477270126342773,1917.7896347895767,1715.085564010085,44.93260705428262,3.231697264845798,0.6325820684432983,0.6284431219100952,-1.4624230861663818,18,8.094427108764648,0.0005920297699049115,1010.2196044921875,10.68961238861084,44.93260705428262,3.2316972648457982
2181.911865234375,132.6325225830078,-8.347092628479004,0.06601500511169434,1204.465576171875,68.02146911621094,-7.701985836029053,0.061331190168857574,1728.560302734375,131.51951599121094,-8.09421157836914,0.08262956887483597,60.175636291503906,57,2.519543409347534,2.0614092350006104,-57.25969696044922,326.50911437624706,1734.5615063562489,44.93398628010881,3.3481235336665796,0.1840098351240158,0.18284979462623596,-41.66975402832031,0,9.68021297454834,0.0007077567861415446,1238.0596923828125,15.117259979248047,44.93398628010879,3.348123533666566
1374.5726318359375,106.16453552246094,-7.845419406890869,0.08387675136327744,935.8565673828125,67.6263427734375,-7.428023338317871,0.07847592234611511,1072.4788818359375,108.60742950439453,-7.575972080230713,0.10997667908668518,46.18311309814453,36,1.988561987876892,1.7448136806488037,31.51303482055664,765.0532819351247,1727.9102190112685,44.93351603718759,3.31604404288719,0.19078680872917175,0.1899019330739975,27.243263244628906,0,9.524587631225586,0.0006964560016058385,741.1287841796875,11.931371688842773,44.93351603718759,3.3160440428871905
2835.945556640625,145.3737030029297,-8.631744384765625,0.05566956102848053,1321.8291015625,68.48526000976562,-7.802938461303711,0.056266721338033676,2525.39599609375,144.14744567871094,-8.505824089050293,0.06198795139789581,54.963619232177734,49,2.8123230934143066,2.1433024406433105,-4.5380353927612305,1589.8386007724516,1731.8989826143245,44.933831434675405,3.255695833163505,0.21463966369628906,0.21291282773017883,-4.928296089172363,2,14.722660064697266,0.0010767424246296287,1578.30517578125,16.873939514160156,44.933831434675405,3.2556958331635046
494.1427307128906,70.52861785888672,-6.734631061553955,0.15500396490097046,524.7881469726562,66.7815933227539,-6.799960136413574,0.13819825649261475,693.8260498046875,123.67399597167969,-7.103126525878906,0.19357872009277344,30.702775955200195,13,2.8214974403381348,0.7387905716896057,-13.083944320678711,1915.8324207728297,1715.3153244643838,44.93262384077126,3.2318404852156886,0.36835744976997375,0.3661392331123352,46.830535888671875,19,8.639030456542969,0.0006318608648143709,103.59944915771484,16.928985595703125,44.93262384077126,3.2318404852156886
363.4520568847656,64.87210083007812,-6.40111780166626,0.19383877515792847,303.4928283691406,66.34823608398438,-6.205370903015137,0.23741643130779266,419.85235595703125,123.01937103271484,-6.557741641998291,0.318204790353775,26.404098510742188,9,1.6282703876495361,0.8842328786849976,62.06910705566406,213.12732910567152,1721.6409275071605,44.9330355887745,3.356418186678649,0.7742342352867126,0.7725606560707092,82.72396850585938,1,7.1690449714660645,0.0005241436301730573,227.0939178466797,9.769622802734375,44.933035588774494,3.356418186678642
1479.4976806640625,127.39105224609375,-7.925285816192627,0.09350922703742981,667.9349365234375,67.10254669189453,-7.061835289001465,0.10910249501466751,226.50277709960938,110.67263793945312,-5.887683868408203,0.5306358337402344,37.91485595703125,30,2.278940439224243,1.6673672199249268,17.33843231201172,13.173886278787009,1731.721746777559,44.93376456731278,3.3710415598563324,0.1926598697900772,0.1915404498577118,55.93729019165039,17,11.681554794311523,0.0008540129056200385,-4460.1376953125,13.673643112182617,44.933764567312785,3.37104155985634
687.8255004882812,89.32721710205078,-7.093695640563965,0.1410377472639084,296.251953125,66.20366668701172,-6.179152965545654,0.242689311504364,300.3193054199219,80.74125671386719,-6.193958282470703,0.2919725775718689,32.02089309692383,8,1.1001092195510864,0.6312142014503479,-31.446849822998047,1351.9708181853075,1722.7911662380038,44.93315893932335,3.2731026914598744,0.43100813031196594,0.427238792181015,-42.188499450683594,2,4.952887535095215,0.00036221364280208945,332.1190490722656,6.600655555725098,44.93315893932335,3.273102691459874
3221.902587890625,177.99557495117188,-8.770280838012695,0.059996597468853,1128.5032958984375,68.04386138916016,-7.631257057189941,0.06548109650611877,2061.2919921875,164.8402557373047,-8.285348892211914,0.08684675395488739,47.00485610961914,57,3.107872486114502,1.678876519203186,-53.756343841552734,1734.34606818466,1750.694789397273,44.935210549084886,3.245119178034172,0.22369767725467682,0.22228600084781647,-47.31551742553711,2,13.491813659667969,0.000986744649708271,1587.4156494140625,18.647235870361328,44.935210549084886,3.2451191780341717
1885.5377197265625,115.73535919189453,-8.18858814239502,0.06665928661823273,1258.407958984375,68.20642852783203,-7.749553680419922,0.05886182188987732,1720.36376953125,114.03648376464844,-8.08905029296875,0.07198688387870789,52.85346221923828,48,2.1108007431030273,1.8045586347579956,20.95637321472168,1486.8901796353498,1736.1913391872995,44.934143308926394,3.263228861056542,0.17279228568077087,0.1724589616060257,51.24734115600586,0,8.022322654724121,0.0005866995197720826,1415.31103515625,12.664804458618164,44.934143308926394,3.263228861056542
478.131591796875,73.83495330810547,-6.698868751525879,0.16770437359809875,416.3131408691406,66.53108978271484,-6.548550128936768,0.17355388402938843,713.1498413085938,131.4319610595703,-7.132951736450195,0.20014743506908417,27.603839874267578,12,1.2090504169464111,0.8817138075828552,15.46426773071289,1333.4713075413747,1724.9273877075047,44.933314855021436,3.2744561383061623,0.5646827220916748,0.5629547238349915,-37.92458724975586,2,6.158331871032715,0.0004503671661950648,666.462158203125,7.254302501678467,44.93331485502143,3.274456138306156
1677.7906494140625,105.77862548828125,-8.061844825744629,0.0684683695435524,1114.968017578125,67.94063568115234,-7.6181559562683105,0.06617546826601028,1207.3641357421875,97.98783111572266,-7.704595565795898,0.08813810348510742,64.95480346679688,35,1.7942967414855957,1.583231806755066,-61.15122604370117,1018.9419175310982,1749.0273535183183,44.93507028710622,3.297467226215086,0.1295381784439087,0.12924723327159882,-40.759063720703125,2,6.810425758361816,0.0004980159574188292,1127.751953125,10.765780448913574,44.935070287106235,3.2974672262150917
574.86181640625,77.64435577392578,-6.898908615112305,0.1466818004846573,486.1863098144531,66.77886199951172,-6.717006683349609,0.14916472136974335,540.603271484375,74.53675842285156,-6.8321967124938965,0.14973442256450653,33.42835235595703,15,1.4839701652526855,0.9914906024932861,14.520203590393066,94.59098752660829,1736.6055878898985,44.934125840630415,3.365086324587757,0.29378798604011536,0.2928003966808319,29.5723876953125,0,7.2479753494262695,0.0005298939067870378,449.4169616699219,8.903820991516113,44.934125840630415,3.3650863245877574
568.4539184570312,82.91255187988281,-6.886738300323486,0.15839987993240356,288.7680969238281,66.31758117675781,-6.151372909545898,0.24940738081932068,210.5707550048828,84.74012756347656,-5.808495044708252,0.43703970313072205,25.110958099365234,13,2.2741973400115967,0.9379352927207947,10.069724082946777,1526.9503359481748,1739.8770503347164,44.934414080760206,3.2602970854160507,0.5273035764694214,0.5241174101829529,18.74649429321289,0,8.739729881286621,0.0006391702918335795,-472.9118957519531,13.645183563232422,44.934414080760206,3.2602970854160507
399.4366760253906,69.60050964355469,-6.50361967086792,0.18923188745975494,146.66954040527344,65.81269836425781,-5.415849685668945,0.48730355501174927,179.44869995117188,98.72574615478516,-5.634850978851318,0.5974752902984619,30.839828491210938,9,1.7243889570236206,0.755744218826294,86.00445556640625,844.4612873970831,1747.0722251718794,44.93492156005821,3.3102326931819057,0.710572361946106,0.7074404954910278,52.77971267700195,0,6.817095756530762,0.0004984844708815217,-1.7623322010040283,10.346333503723145,44.93492156005821,3.3102326931819057
1352.2431640625,83.63882446289062,-7.827637195587158,0.06717117875814438,1353.5574951171875,68.34861755371094,-7.8286919593811035,0.0548381544649601,1321.7857666015625,90.88544464111328,-7.802902698516846,0.07467291504144669,74.44049072265625,31,2.043856382369995,1.1783783435821533,79.39827728271484,10.13536090105208,1751.3470810311687,44.93520110090172,3.3712615066202725,0.11693182587623596,0.11547711491584778,88.2140121459961,19,6.256744861602783,0.0004574125341605395,-2604.11767578125,12.263137817382812,44.93520110090172,3.3712615066202725
767.558837890625,89.9518051147461,-7.2127790451049805,0.12727057933807373,509.1952819824219,66.72361755371094,-6.767210960388184,0.1423065960407257,536.0243530273438,78.45492553710938,-6.822961330413818,0.15895181894302368,51.24805450439453,13,1.8096630573272705,1.020308256149292,-75.55038452148438,436.31043167599887,1749.9257805394732,44.9351155198029,3.340090204030789,0.3200454115867615,0.3188827633857727,13.984076499938965,2,8.127220153808594,0.0005942239658907056,382.6117248535156,10.857978820800781,44.935115519802885,3.3400902040307825
1680.0582275390625,117.3640365600586,-8.063310623168945,0.07586483657360077,1008.3502197265625,67.79955291748047,-7.509028434753418,0.0730205699801445,1034.214111328125,101.6175765991211,-7.536526203155518,0.10670584440231323,63.071449279785156,37,1.9316374063491821,1.5629264116287231,81.86189270019531,695.6177475697491,1754.3298386854071,44.93544772803324,3.3211209248851588,0.1346156895160675,0.1342712640762329,-46.46342086791992,0,6.614973545074463,0.00048368560965172946,946.2810668945312,11.589824676513672,44.93544772803324,3.321120924885159
5775.61767578125,180.6943359375,-9.403996467590332,0.03397628664970398,2329.62060546875,70.43954467773438,-8.418212890625,0.03283682465553284,5043.7666015625,189.902099609375,-9.256887435913086,0.04088882356882095,80.90521240234375,137,4.333141326904297,2.399418592453003,13.738054275512695,902.6915003156766,1772.2343507704857,44.936765542264226,3.3059699922008736,0.12908753752708435,0.12718240916728973,22.311065673828125,3,13.841658592224121,0.0010121407685801387,3016.931884765625,25.99884796142578,44.93676554226421,3.3059699922008674
655.6780395507812,46.346805572509766,-7.041726589202881,0.07676424831151962,156.63800048828125,65.96383666992188,-5.487242698669434,0.45733940601348877,575.2959594726562,52.28176498413086,-6.899728298187256,0.09869354218244553,89.3465576171875,12,1.2827645540237427,0.6173563003540039,-87.95209503173828,7.738659238820414,1751.31804481397,44.935198862976335,3.3714367958576728,0.09415511786937714,0.09221961349248886,-73.05378723144531,19,4.168043613433838,0.00030471335048787296,-1211.5987548828125,7.696587562561035,44.935198862976335,3.3714367958576723
948.6875610351562,105.75196075439453,-7.442808151245117,0.12105843424797058,444.7491149902344,66.59009552001953,-6.620287895202637,0.16260142624378204,519.6388549804688,146.96096801757812,-6.789254188537598,0.3071356415748596,35.53666687011719,17,2.2512433528900146,1.1047011613845825,-60.77079772949219,1401.897705967333,1757.546851703743,44.93570466200144,3.2694461261220913,0.3927566111087799,0.3918171226978302,-6.713230609893799,2,9.441319465637207,0.0006904563633725047,659.9564208984375,13.50745964050293,44.93570466200144,3.2694461261220917
422.0128173828125,66.65748596191406,-6.563313961029053,0.17153514921665192,414.640869140625,66.63072967529297,-6.544180393218994,0.17451481521129608,506.54010009765625,99.1822509765625,-6.761534690856934,0.21264244616031647,30.42133140563965,11,1.660132646560669,1.0627976655960083,-80.08750915527344,1202.8085215258977,1755.5989904863354,44.93555678499904,3.2840137949177772,0.639777421951294,0.6377266049385071,-53.40227508544922,0,7.943246364593506,0.0005808760761283338,149.3100128173828,9.960796356201172,44.93555678499904,3.2840137949177777
597.8396606445312,82.57772827148438,-6.94146203994751,0.1500057876110077,414.046875,66.47476959228516,-6.542623996734619,0.17435608804225922,549.3837280273438,90.6556625366211,-6.849689483642578,0.179204523563385,32.350433349609375,15,2.3415379524230957,1.0236475467681885,-36.08062744140625,1518.5494556175643,1759.9428680647393,44.935882893209666,3.2609099814602076,0.5741137862205505,0.5725631713867188,-22.934001922607422,0,9.267855644226074,0.0006777868838980794,-61.65412521362305,14.049227714538574,44.935882893209666,3.260909981460207
850.3779907226562,40.90690994262695,-7.324029922485352,0.05224136263132095,802.1943359375,67.27633666992188,-7.2606987953186035,0.09107781201601028,814.3916015625,42.06699752807617,-7.277083396911621,0.056096795946359634,186.5547637939453,11,0.7458271980285645,0.6388891935348511,-45.803627014160156,994.596662359728,1755.4572590286546,44.93554025732337,3.2992477603454584,0.043321024626493454,0.04280868545174599,-68.07533264160156,0,1.4263662099838257,0.000104302896943409,792.349365234375,4.474963188171387,44.93554025732337,3.2992477603454584
837.2764282226562,83.89598083496094,-7.3071722984313965,0.10881834477186203,717.8645629882812,67.20523071289062,-7.140106201171875,0.10166943818330765,699.6940307617188,84.01513671875,-7.112270355224609,0.13040047883987427,55.815948486328125,22,1.8527352809906006,1.0944205522537231,-51.590492248535156,41.60217898232975,1764.7908663090896,44.936186712410766,3.3689585657843217,0.19836169481277466,0.19656842947006226,-48.6278076171875,0,5.909281253814697,0.0004320114676374942,223.15330505371094,11.116411209106445,44.936186712410766,3.3689585657843217
1243.3856201171875,85.8782730102539,-7.736514568328857,0.07500794529914856,1119.153076171875,67.92388153076172,-7.622223854064941,0.06591174751520157,1246.74462890625,106.03299713134766,-7.739443778991699,0.09236200898885727,65.63675689697266,30,1.914487600326538,1.3622616529464722,-35.88929748535156,903.3687344687642,1766.6574231827144,44.936357292625,3.3059210171191165,0.16777858138084412,0.16623905301094055,-39.40190887451172,3,7.877162456512451,0.0005760018830187619,1315.8924560546875,11.48692512512207,44.936357292625,3.3059210171191165
2658.335693359375,125.1739273071289,-8.561524391174316,0.051136840134859085,1692.980224609375,69.18006896972656,-8.071629524230957,0.044377099722623825,2534.0556640625,131.05955505371094,-8.509540557861328,0.05616714805364609,63.60624694824219,64,2.5402159690856934,1.9823119640350342,-13.717803001403809,609.9031888546704,1775.5632783668875,44.93699903359542,3.3273890235106305,0.1354583352804184,0.13472475111484528,19.124034881591797,0,9.228867530822754,0.0006747926818206906,1967.5289306640625,15.24129581451416,44.93699903359542,3.3273890235106305
805.4581909179688,92.04668426513672,-7.26510763168335,0.12410662323236465,744.5020751953125,67.15779876708984,-7.179664611816406,0.09796261787414551,1853.98974609375,199.53900146484375,-8.170268058776855,0.11688271164894104,44.01849365234375,21,1.87912118434906,1.4140788316726685,-63.58442306518555,1972.1136327638435,1771.9832985704145,44.93677347965138,3.227716695985894,0.3233920931816101,0.3223567306995392,-20.965770721435547,3,9.760927200317383,0.0007139053195714951,2357.518310546875,11.274726867675781,44.93677347965138,3.227716695985894
429.78900146484375,71.9189682006836,-6.583138465881348,0.1817263811826706,269.9090270996094,66.07080841064453,-6.078043460845947,0.2658410370349884,230.88656616210938,68.540771484375,-5.908496856689453,0.3223889470100403,26.726577758789062,5,0.8214618563652039,0.4162405729293823,68.59427642822266,389.25494665161426,1764.8594106003627,44.93620685969801,3.343530553846846,0.39771437644958496,0.39517274498939514,63.5361442565918,3,3.4393584728240967,0.00025146501138806343,314.5928955078125,4.928771018981934,44.936206859698025,3.343530553846853
1756.14453125,141.65805053710938,-8.111400604248047,0.08760135620832443,582.5535888671875,67.08028411865234,-6.913339614868164,0.12505148351192474,1379.99365234375,201.9913330078125,-7.8496928215026855,0.15895913541316986,36.36216354370117,14,1.871151089668274,1.2371091842651367,21.027080535888672,1971.1113015001201,1771.5443045191598,44.936741324540755,3.227790089629737,0.3764492869377136,0.3744145631790161,-5.2861223220825195,3,9.106828689575195,0.0006660654908046126,1804.5401611328125,11.226906776428223,44.936741324540755,3.227790089629737
420.9831848144531,58.297855377197266,-6.560661792755127,0.15038955211639404,411.6554870605469,66.5987777709961,-6.536334991455078,0.17569611966609955,423.0263977050781,76.59318542480469,-6.565918445587158,0.19663122296333313,45.933837890625,11,1.3386059999465942,0.8838570713996887,-76.08954620361328,1666.5815470071254,1769.8616410789703,44.93661233229867,3.2500764744510375,0.2607918381690979,0.25909948348999023,86.63009643554688,1,6.4919610023498535,0.0004747890052385628,377.7237243652344,8.031636238098145,44.93661233229865,3.2500764744510264
453.80450439453125,65.44873809814453,-6.642171859741211,0.156625434756279,393.1719970703125,66.4055404663086,-6.486456394195557,0.1834220588207245,381.71234130859375,112.40359497070312,-6.45434045791626,0.3197965919971466,38.731407165527344,12,1.6199222803115845,1.0193589925765991,-79.9030990600586,80.9702907770171,1777.3746103895598,44.93710970688613,3.3660778227809662,0.3226117193698883,0.32152751088142395,50.967002868652344,0,7.682359218597412,0.0005616394919343293,409.8204345703125,9.719533920288086,44.93710970688613,3.3660778227809662
399.94122314453125,67.6871109008789,-6.504990577697754,0.18379750847816467,256.1124267578125,66.24954223632812,-6.021076679229736,0.28091961145401,241.94027709960938,64.69925689697266,-5.959270477294922,0.29041627049446106,32.09542465209961,10,1.3779996633529663,0.9545886516571045,25.23607063293457,1103.035138994995,1769.1922502215753,44.936549055972606,3.2913125645819683,0.3619915544986725,0.36075910925865173,11.367897987365723,0,5.025484561920166,0.00036749476566910744,-46.508182525634766,8.267997741699219,44.936549055972606,3.2913125645819683
1578.1329345703125,129.61953735351562,-7.995358943939209,0.08919832855463028,789.5285034179688,67.32685089111328,-7.243419647216797,0.09260838478803635,1351.05224609375,137.8232421875,-7.8266801834106445,0.11078479140996933,33.62324523925781,32,2.796142339706421,1.4273998737335205,19.908517837524414,808.4448185126405,1777.5204905664484,44.937149384136525,3.3128644508025227,0.33227425813674927,0.33095860481262207,31.0223388671875,2,11.97316837310791,0.0008754905429668725,577.8279418945312,16.776853561401367,44.937149384136525,3.312864450802523
871.4402465820312,87.60092163085938,-7.3505940437316895,0.10916939377784729,649.0961303710938,67.11492919921875,-7.030772686004639,0.11228971183300018,724.201171875,80.93463897705078,-7.149648189544678,0.12136823683977127,48.3726692199707,20,1.5981919765472412,1.2077181339263916,83.31914520263672,329.43396382570575,1779.0678374724514,44.93724452740244,3.347904632091086,0.2256108969449997,0.225167378783226,34.515499114990234,2,6.692413330078125,0.0004892981960438192,359.1814270019531,9.589151382446289,44.93724452740243,3.347904632091079
1775.517333984375,138.06053161621094,-8.123311996459961,0.08444509655237198,813.7210693359375,67.32549285888672,-7.276188850402832,0.08985324949026108,1173.0584716796875,116.360107421875,-7.673299312591553,0.10772445052862167,34.87953186035156,30,2.18892240524292,1.809136986732483,85.90740203857422,1372.1153848211934,1793.0245074582476,44.938301157528535,3.27162201221963,0.2809422016143799,0.2793588638305664,21.88290023803711,2,11.63946533203125,0.0008511905907653272,903.99853515625,13.13353443145752,44.938301157528535,3.27162201221963
368.8901062011719,65.78972625732422,-6.417242527008057,0.1936827301979065,45.09218215942383,65.67764282226562,-4.135252952575684,1.5817800760269165,108.29216003417969,50.18540954589844,-5.086492538452148,0.5032806992530823,25.654447555541992,6,1.4297921657562256,0.47985395789146423,-89.88190460205078,747.4422505179517,1784.0043963990627,44.937621940002835,3.317326537634067,0.478390097618103,0.4763893783092499,84.9630126953125,2,4.922549247741699,0.00035993530764244497,-352.63531494140625,8.578752517700195,44.937621940002835,3.3173265376340675
8708.2587890625,203.87583923339844,-9.849828720092773,0.025425193831324577,3036.3837890625,71.74014282226562,-8.705891609191895,0.02565874345600605,7805.83642578125,208.6129608154297,-9.731048583984375,0.02902362495660782,92.54228973388672,193,5.356419086456299,2.3239829540252686,-28.426298141479492,988.4863489492989,1815.18511927962,44.93991254663158,3.299688756815766,0.11268086731433868,0.11025911569595337,-33.22718811035156,0,16.55355453491211,0.0012104426277801394,4560.13134765625,32.13851547241211,44.939912546631575,3.2996887568157596
146410.25,280.4883117675781,-12.913928985595703,0.0020805257372558117,113202.3828125,188.61546325683594,-12.634638786315918,0.0018094707047566772,142204.234375,247.13507080078125,-12.882281303405762,0.0018873466178774834,6149.8662109375,393,2.66886305809021,2.4356040954589844,38.119544982910156,257.3561726720271,1842.6057578218617,44.9418926381444,3.3531694806873094,0.004065362736582756,0.004022941458970308,-0.5284228920936584,0,4.02799129486084,0.0002944820444099605,146161.875,16.0131778717041,44.9418926381444,3.3531694806873102
548.1044311523438,77.9745864868164,-6.847158432006836,0.15449683368206024,392.6707458496094,66.50780487060547,-6.485071182250977,0.18393903970718384,486.063720703125,87.17939758300781,-6.716732978820801,0.19478274881839752,32.1646728515625,14,1.8704781532287598,1.2015955448150635,-68.22721099853516,458.82566787667014,1792.4035269886208,44.938226026632556,3.338438587055575,0.5174928307533264,0.5156851410865784,-73.16987609863281,0,8.97274112701416,0.000656035786960274,-196.73643493652344,11.222868919372559,44.938226026632556,3.3384385870555753
1238.7232666015625,115.77055358886719,-7.732435703277588,0.1014970988035202,623.6804809570312,67.01140594482422,-6.987405300140381,0.11668536812067032,699.4716796875,103.26060485839844,-7.11192512512207,0.16032245755195618,39.44231414794922,29,2.1193971633911133,1.4649503231048584,38.79486846923828,706.3546626555149,1794.5629662500921,44.93839343481166,3.3203312068876625,0.2656175196170807,0.26519903540611267,62.40058517456055,2,10.555001258850098,0.0007717677508480847,483.7189025878906,12.71638298034668,44.93839343481166,3.320331206887663
662.84423828125,89.71932220458984,-7.053528785705566,0.14699558913707733,346.32904052734375,66.17850494384766,-6.348722457885742,0.20751899480819702,421.1714782714844,89.98455047607422,-6.561147212982178,0.23202715814113617,21.518478393554688,14,1.850713849067688,1.2892749309539795,51.816497802734375,164.98337175502485,1797.3063914219545,44.938572574788296,3.3599308945619963,0.4957094192504883,0.49459531903266907,64.26371002197266,0,9.246771812438965,0.0006760187679901719,140.80657958984375,11.104283332824707,44.93857257478831,3.3599308945620034
561.7767333984375,80.3770980834961,-6.8739094734191895,0.15538117289543152,249.1417999267578,66.1572265625,-5.991116523742676,0.28837692737579346,281.986328125,108.78730773925781,-6.125570297241211,0.41896718740463257,27.615171432495117,9,1.3798667192459106,0.8551497459411621,3.1710991859436035,421.94970200547954,1798.1083442866575,44.93864217067472,3.341135351702113,0.3693321943283081,0.36786872148513794,83.73436737060547,2,6.483227729797363,0.00047401076881214976,329.91015625,8.279200553894043,44.93864217067472,3.3411353517021127
767.0424194335938,89.81175231933594,-7.212048530578613,0.12715797126293182,566.402099609375,66.91890716552734,-6.882812023162842,0.1283080279827118,618.828125,96.26744842529297,-6.9789252281188965,0.1689426302909851,33.308963775634766,20,2.0074448585510254,1.381883144378662,-38.12699508666992,1879.4218493433739,1796.3451965468364,44.938555336024166,3.234498223502677,0.38150331377983093,0.37927988171577454,-67.13006591796875,0,9.974295616149902,0.0007294900715351105,85.81928253173828,12.044669151306152,44.93855533602415,3.2344982235026722
1625.97021484375,123.52356719970703,-8.02778148651123,0.08250249177217484,786.6198120117188,67.19329071044922,-7.239412307739258,0.09276643395423889,919.9780883789062,94.9070053100586,-7.4094438552856445,0.11203420162200928,43.522090911865234,28,1.8544995784759521,1.4172402620315552,6.78651762008667,301.88730819736315,1800.1301564699056,44.93878522136527,3.349917152938525,0.21053598821163177,0.2099536806344986,43.68986511230469,0,8.235254287719727,0.0006020888686180115,533.9957885742188,11.126996994018555,44.93878522136527,3.349917152938525
6562.1591796875,196.69371032714844,-9.542616844177246,0.03255169093608856,2489.179443359375,70.65458679199219,-8.490140914916992,0.030825775116682053,5374.27001953125,188.32835388183594,-9.325798988342285,0.038056254386901855,85.61253356933594,144,3.4821484088897705,2.9427599906921387,-25.466188430786133,654.7014500419945,1827.656132526854,44.94081413524404,3.3241063139201175,0.11613471806049347,0.11580273509025574,18.286460876464844,2,11.650145530700684,0.0008518199319951236,4153.06689453125,20.89289093017578,44.94081413524404,3.3241063139201175
27137.0390625,255.67942810058594,-11.083906173706055,0.010232062079012394,7854.81103515625,80.52589416503906,-9.737839698791504,0.011133446358144283,25387.39453125,268.7609558105469,-11.011545181274414,0.011496823281049728,240.00816345214844,392,6.298213481903076,3.1137914657592773,75.1020736694336,1446.2972476427556,1905.0466205854332,44.94650351431722,3.266183340419298,0.049889564514160156,0.04740871489048004,74.40021514892578,0,14.902596473693848,0.0010897828033193946,22207.240234375,37.78927993774414,44.946503514317236,3.2661833404193037
138240.734375,546.5029907226562,-12.851590156555176,0.004293251782655716,25771.5546875,106.8620834350586,-11.027851104736328,0.004503113217651844,132937.578125,536.2453002929688,-12.80911922454834,0.004380720667541027,899.2157592773438,1834,9.17465591430664,8.292756080627441,-25.529783248901367,604.3872582241389,1935.589314276834,44.9487130557075,3.327775164154986,0.027994666248559952,0.02760130539536476,-24.78855323791504,0,8.916458129882812,0.0006519017042592168,133038.3125,55.047935485839844,44.9487130557075,3.327775164154986
3444.743896484375,175.43296813964844,-8.84289264678955,0.05530750751495361,1236.163330078125,68.26202392578125,-7.730189800262451,0.05996987223625183,2650.056640625,162.98033142089844,-8.558137893676758,0.06678975373506546,55.190120697021484,81,3.5661025047302246,2.179715156555176,-83.55427551269531,1987.2300640657554,1831.4872781874594,44.941129845238024,3.2266053404798254,0.2330557405948639,0.23156064748764038,79.908203125,0,14.457789421081543,0.0010574032785370946,1521.9781494140625,21.39661407470703,44.941129845238024,3.226605340479826
14495.9921875,247.698486328125,-10.403120040893555,0.01855689100921154,4216.3115234375,74.0926513671875,-9.062332153320312,0.019084123894572258,13468.9501953125,253.58700561523438,-10.323334693908691,0.020446693524718285,135.27175903320312,291,5.2469329833984375,3.490248918533325,42.284061431884766,1181.062289430356,1855.607719874427,44.9428774231393,3.285595078726462,0.08973884582519531,0.08854342997074127,48.45173263549805,0,14.612606048583984,0.001068541081622243,9423.7734375,31.481597900390625,44.9428774231393,3.2855950787264616
478.82672119140625,73.95726013183594,-6.700446128845215,0.16773830354213715,327.7370910644531,66.32109832763672,-6.288814067840576,0.21976368129253387,366.80126953125,72.45877838134766,-6.41107702255249,0.21453097462654114,32.9200553894043,12,1.6095409393310547,1.0014939308166504,-53.06220626831055,196.48685790283338,1808.467013487891,44.93939095946738,3.3576254392425207,0.375049889087677,0.373114675283432,-72.91919708251953,0,7.589521408081055,0.0005548613262362778,43.57292175292969,9.657245635986328,44.93939095946738,3.35762543924252
17795.162109375,228.0177764892578,-10.625755310058594,0.013915428891777992,7871.72412109375,80.59749603271484,-9.740174293518066,0.011119403876364231,16505.626953125,225.7996826171875,-10.544079780578613,0.014856657944619656,318.5795593261719,285,3.944030523300171,3.5520217418670654,-64.65665435791016,933.5506479993946,1852.0169533145759,44.94260704232475,3.3037041288966384,0.0416015200316906,0.04143065959215164,-68.1660385131836,0,5.977388381958008,0.0004370705864857882,16652.19921875,23.664182662963867,44.942607042324745,3.303704128896632
836.1917724609375,84.31961059570312,-7.305764675140381,0.10950968414545059,689.9200439453125,67.17333984375,-7.096996784210205,0.10573724657297134,791.6618041992188,87.17133331298828,-7.246349334716797,0.11958145350217819,40.70643615722656,22,1.604329228401184,1.2955769300460815,-9.70969009399414,1541.4564005808616,1808.8883408224135,44.93946661138502,3.2592292317923217,0.2441544383764267,0.2434503734111786,13.403375625610352,0,8.626579284667969,0.000630876689683646,569.8637084960938,9.625975608825684,44.93946661138502,3.2592292317923217
1300.082763671875,102.74116516113281,-7.7849273681640625,0.0858229249715805,930.8258056640625,67.64144897460938,-7.422171115875244,0.07891768217086792,1093.9027099609375,100.85131072998047,-7.597446918487549,0.10012272745370865,57.79655838012695,34,1.768683910369873,1.6763895750045776,58.88895797729492,395.07787869752485,1822.7787401657454,44.940447041585585,3.3430981965560296,0.1630500704050064,0.16248124837875366,25.380399703979492,0,6.698840141296387,0.0004897665930911899,990.8580322265625,10.612103462219238,44.940447041585585,3.3430981965560296
4466.7314453125,139.537841796875,-9.124974250793457,0.033925946801900864,2763.07080078125,71.28431701660156,-8.603480339050293,0.02801765501499176,4102.080078125,159.4332733154297,-9.032510757446289,0.0422089584171772,109.4041748046875,95,2.4869887828826904,2.2975261211395264,68.84951782226562,319.86922218067065,1830.979726005834,44.941044257100906,3.348598412151839,0.08367978781461716,0.0834149643778801,68.66027069091797,0,7.444087505340576,0.0005442406982183456,4245.8916015625,14.921932220458984,44.941044257100906,3.3485984121518384
1902.3463134765625,110.16223907470703,-8.198224067687988,0.06288875639438629,1339.1575927734375,68.47007751464844,-7.817079067230225,0.055526331067085266,1616.238037109375,112.01106262207031,-8.021263122558594,0.07526367157697678,59.75699234008789,47,1.9789520502090454,1.8150479793548584,76.56047058105469,1451.5268061865852,1823.2711309135996,44.94051738528123,3.26580842451764,0.15203417837619781,0.151789128780365,35.78414535522461,0,7.636645317077637,0.0005584671162068844,1087.486572265625,11.873712539672852,44.94051738528123,3.2658084245176404
3059.066162109375,144.2504425048828,-8.713972091674805,0.05121039226651192,1485.6263427734375,68.56491088867188,-7.929773807525635,0.05012127757072449,3110.791748046875,148.800537109375,-8.732177734375,0.051947347819805145,63.37050247192383,74,3.3596909046173096,1.8939368724822998,29.756935119628906,1606.3083906691731,1833.15215097753,44.94124433115455,3.2544813875495113,0.20309662818908691,0.20058242976665497,26.531906127929688,2,12.904923439025879,0.0009437613771297038,2145.35595703125,20.158145904541016,44.94124433115454,3.2544813875495056
976.9550170898438,106.7590560913086,-7.474686622619629,0.11867520213127136,403.1622314453125,66.4521484375,-6.513699531555176,0.17900246381759644,647.7830810546875,117.93846893310547,-7.028573989868164,0.19772233068943024,37.353702545166016,20,2.3480448722839355,1.7934472560882568,39.626861572265625,1288.7526579148093,1821.3124353862534,44.94036983062653,3.2777189883563733,0.6656036972999573,0.6637701988220215,-5.413867473602295,0,12.299673080444336,0.0008994442177936435,-47.10295104980469,14.088269233703613,44.94036983062654,3.277718988356379
1026.9730224609375,101.89802551269531,-7.528897762298584,0.10775478184223175,541.8508911132812,66.97080993652344,-6.834699630737305,0.13422566652297974,958.5390625,117.57417297363281,-7.454024314880371,0.1332084983587265,39.74579620361328,24,2.2613611221313477,1.5375690460205078,36.139373779296875,1250.4333456565328,1821.5931457891108,44.94038934167873,3.2805227379352315,0.49309396743774414,0.4916655421257019,53.89044189453125,2,10.927777290344238,0.0007991142338141799,498.1037292480469,13.568166732788086,44.94038934167873,3.2805227379352315
340.9967041015625,57.76881408691406,-6.331875324249268,0.1839810460805893,310.26605224609375,66.33647155761719,-6.229335784912109,0.23219235241413116,387.7861328125,94.12938690185547,-6.471480846405029,0.2636105418205261,33.94861602783203,9,1.3307461738586426,0.6832144856452942,-52.96882629394531,486.57884729336314,1814.4580119005507,44.93984160208185,3.3364060602097267,0.4747975170612335,0.4713510572910309,-48.58968734741211,0,5.680835723876953,0.0004153492336627096,180.46263122558594,7.9844770431518555,44.93984160208185,3.3364060602097263
368.53680419921875,65.73336029052734,-6.416202068328857,0.1937023103237152,233.39004516601562,66.12433624267578,-5.920205593109131,0.30768677592277527,252.9300537109375,59.18193817138672,-6.007501125335693,0.25410813093185425,30.18224334716797,9,0.9981958270072937,0.805469274520874,45.90464782714844,1712.1427656389899,1813.084549857059,44.93977752623547,3.246738462542505,0.3528304100036621,0.35078299045562744,23.537269592285156,0,3.4041941165924072,0.00024896260583773255,218.11329650878906,5.989174842834473,44.93977752623547,3.2467384625425053
792.7582397460938,98.16909790039062,-7.247851848602295,0.13448190689086914,363.3143005371094,66.47264099121094,-6.4007062911987305,0.1986965388059616,409.43438720703125,108.94898223876953,-6.530460834503174,0.2889806032180786,27.901710510253906,8,1.4056553840637207,0.7401785850524902,-50.314056396484375,137.05845867640525,1830.0187226905373,44.9409659403037,3.36196954032751,0.42723092436790466,0.42596378922462463,-57.466758728027344,2,5.3409037590026855,0.0003904575714841485,384.8584289550781,8.433932304382324,44.9409659403037,3.36196954032751
41772.23828125,316.12530517578125,-11.55221939086914,0.008218666538596153,11478.37109375,86.53739929199219,-10.149700164794922,0.008187539875507355,40459.55078125,328.7273254394531,-11.517552375793457,0.008823574520647526,380.67864990234375,625,5.704290390014648,5.157888889312744,41.3076057434082,1251.2858963306348,1886.9687460223736,44.945175105417796,3.280453959202714,0.03892676159739494,0.038505494594573975,-49.98505783081055,0,9.065129280090332,0.0006628845003433526,39134.078125,34.22574234008789,44.94517510541778,3.280453959202708
610.362060546875,79.20655059814453,-6.963968753814697,0.14092998206615448,488.6429443359375,66.68106079101562,-6.722479343414307,0.14819744229316711,476.17413330078125,93.80266571044922,-6.6944146156311035,0.21393370628356934,29.892194747924805,16,1.9689953327178955,1.3261791467666626,-53.89801788330078,1049.3238724000769,1830.9837666120693,44.94107096547142,3.2952361295624426,0.32059529423713684,0.31905266642570496,-35.55326843261719,0,9.675653457641602,0.000707515690010041,-213.07763671875,11.813972473144531,44.94107096547142,3.2952361295624426
368.15472412109375,65.67192840576172,-6.415075778961182,0.19372212886810303,130.39260864257812,65.83069610595703,-5.288132667541504,0.5482836365699768,151.57476806640625,59.668434143066406,-5.45156717300415,0.4275112450122833,29.144983291625977,9,1.4932401180267334,0.7058313488960266,-55.884300231933594,974.7197427489552,1825.0353140536783,44.940633196005,3.300694940365977,0.4149976670742035,0.4114817976951599,-75.12503814697266,1,6.122937202453613,0.00044772319961339235,163.84405517578125,8.959440231323242,44.940633196005,3.300694940365977
385.24554443359375,68.0418472290039,-6.464344024658203,0.19180870056152344,202.467529296875,66.11166381835938,-5.765888690948486,0.35461124777793884,273.41943359375,72.87178039550781,-6.092073440551758,0.2894408404827118,23.079519271850586,9,1.627556324005127,0.6995323896408081,-41.77035903930664,1284.0336377988956,1822.4882313535354,44.940455778630856,3.2780641612198926,0.5885146260261536,0.5861762166023254,-17.493576049804688,2,6.366929054260254,0.0004655960656236857,159.34320068359375,9.765337944030762,44.940455778630856,3.278064161219893
578.470947265625,83.77458953857422,-6.905704021453857,0.15727531909942627,256.3934326171875,66.30191802978516,-6.0222673416137695,0.2808336019515991,234.136962890625,83.76016998291016,-5.923675060272217,0.3885056972503662,22.050569534301758,8,1.2053754329681396,0.7942594885826111,41.57818603515625,726.0564528416369,1836.8190142628407,44.94148746508159,3.318885440205135,0.3610709011554718,0.3603837490081787,25.47904396057129,2,5.831717491149902,0.0004264012386556715,264.24072265625,7.232252597808838,44.94148746508158,3.3188854402051287
21142.197265625,152.55215454101562,-10.812875747680664,0.007836065255105495,16585.306640625,94.33619689941406,-10.549308776855469,0.006177100352942944,20475.345703125,149.6317138671875,-10.778078079223633,0.00793637614697218,938.7052001953125,159,2.2875635623931885,2.1850247383117676,70.35331726074219,260.85917014464746,1866.2927511252103,44.94362669431247,3.352910564801041,0.013658353127539158,0.013537288643419743,-4.082126617431641,0,4.018827438354492,0.00029380922205746174,21296.462890625,13.725381851196289,44.94362669431247,3.352910564801041
1325.409912109375,113.51707458496094,-7.805875301361084,0.09301239252090454,779.831298828125,67.20487976074219,-7.230001449584961,0.09359011799097061,1078.9420166015625,109.00997161865234,-7.582495212554932,0.10972306877374649,38.53314971923828,35,2.2106847763061523,1.5778162479400635,55.55902099609375,530.7554318766737,1840.807576930054,44.9417721935584,3.333171693994802,0.2655057907104492,0.2642601728439331,43.96229934692383,0,11.19023323059082,0.0008181628654710948,527.1177368164062,13.264108657836914,44.9417721935584,3.333171693994802
780.9297485351562,92.83260345458984,-7.231529712677002,0.12909767031669617,505.2122802734375,66.58661651611328,-6.7586846351623535,0.14313402771949768,604.6723022460938,93.99166107177734,-6.953800201416016,0.16881035268306732,36.59550476074219,20,2.232128381729126,1.1734615564346313,-34.17320251464844,1827.023059961646,1837.921401900908,44.94159800048985,3.2383292679747857,0.3737103343009949,0.3729386627674103,-82.95861053466797,0,9.690685272216797,0.0007087267003953457,138.52316284179688,13.392770767211914,44.94159800048985,3.2383292679747853
3827.376220703125,193.72409057617188,-8.957252502441406,0.054968301206827164,1291.3887939453125,68.27317810058594,-7.777642726898193,0.05741467699408531,2558.7080078125,185.5597686767578,-8.520051956176758,0.07875768095254898,52.8152961730957,95,3.7901806831359863,2.700958251953125,68.55724334716797,819.0086095559328,1867.0042507514524,44.94370034604336,3.312082266928141,0.20493276417255402,0.20449405908584595,42.68165969848633,2,16.004549026489258,0.0011702245101332664,1558.7296142578125,22.741085052490234,44.94370034604334,3.312082266928134
458.369384765625,73.75041961669922,-6.65303897857666,0.17473451793193817,299.52532958984375,66.23641204833984,-6.191083908081055,0.24015580117702484,283.1618957519531,62.08152770996094,-6.130086898803711,0.2380989044904709,27.377315521240234,11,1.2517625093460083,0.909538745880127,18.43056297302246,742.9627644160365,1841.90529099326,44.94186039575315,3.3176481201648227,0.29261890053749084,0.292127400636673,-0.20065093040466309,0,6.366924285888672,0.0004655351513065398,252.89697265625,7.510575294494629,44.941860395753146,3.3176481201648165
414.01605224609375,69.95006561279297,-6.542542934417725,0.18348509073257446,296.4156188964844,66.22992706298828,-6.179752826690674,0.2426515370607376,298.7516174316406,68.67737579345703,-6.1882758140563965,0.2496509701013565,30.23064613342285,10,1.3910646438598633,1.0062038898468018,-69.19055938720703,1743.357539956669,1849.150925945474,44.94241841954531,3.2444509543151288,0.398229718208313,0.39771783351898193,-21.94626235961914,0,7.067587375640869,0.0005168762872926891,233.7278594970703,8.34638786315918,44.94241841954531,3.2444509543151288
598.5594482421875,82.69080352783203,-6.942768096923828,0.15003056824207306,353.4940185546875,66.3229751586914,-6.370954990386963,0.20375661551952362,372.1641845703125,71.27498626708984,-6.4268364906311035,0.20798517763614655,26.64649200439453,15,1.946852207183838,0.7881785035133362,-77.59237670898438,623.2125666910665,1857.3816632037253,44.942988963720225,3.3264065962102216,0.3883395791053772,0.38549861311912537,-84.37517547607422,0,7.403263568878174,0.0005412907339632511,-434.5560607910156,11.681113243103027,44.942988963720225,3.326406596210221
795.48095703125,83.83428192138672,-7.251574516296387,0.11445154994726181,620.136474609375,66.90156555175781,-6.981218338012695,0.11715985089540482,687.9364013671875,104.07304382324219,-7.093870639801025,0.16429327428340912,38.232994079589844,21,1.9555517435073853,1.2124046087265015,4.105494976043701,647.0751657591182,1855.9028634776312,44.942881596678546,3.3246611586473587,0.2610006332397461,0.26012805104255676,-21.257631301879883,0,9.217179298400879,0.0006739194504916668,438.2898864746094,11.73331069946289,44.942881596678546,3.324661158647359
8296.634765625,145.67874145507812,-9.79725456237793,0.019068829715251923,5379.9853515625,76.2758560180664,-9.326952934265137,0.01539698988199234,7786.8984375,155.0287322998047,-9.728411674499512,0.021621085703372955,216.5449981689453,130,2.8870270252227783,2.267376661300659,-58.87248229980469,105.1870818666304,1885.8259449930927,44.94504957350698,3.364294057964651,0.044534843415021896,0.04386303573846817,-57.172119140625,0,5.948292255401611,0.0004348473157733679,7437.72265625,17.322162628173828,44.94504957350697,3.3642940579646443
683765.75,510.90411376953125,-14.587268829345703,0.000811450241599232,528523.3125,387.68438720703125,-14.307660102844238,0.0007966067641973495,663263.6875,455.8842468261719,-14.554215431213379,0.000746445672120899,27804.693359375,765,2.8102166652679443,2.625124216079712,25.787282943725586,1115.4258770246158,1929.6559923914513,44.94829596800476,3.2903899292310155,0.001808091881684959,0.0017873700708150864,23.8327579498291,0,4.106932640075684,0.0003003031888511032,681194.6875,16.861299514770508,44.94829596800475,3.29038992923101
952.1864013671875,98.5162353515625,-7.446805000305176,0.11236101388931274,491.89166259765625,66.73924255371094,-6.729673862457275,0.1473471224308014,663.22314453125,106.08229064941406,-7.054149150848389,0.1737052947282791,33.92820739746094,18,2.2342710494995117,1.529964566230774,-63.751304626464844,569.7186993162474,1870.9830710285003,44.94398259111831,3.3303182397120286,0.5215048789978027,0.5210753083229065,14.281744956970215,2,11.077417373657227,0.0008099115220829844,-146.59579467773438,13.40562629699707,44.94398259111831,3.330318239712028
1081.774169921875,107.90744018554688,-7.585341453552246,0.10832896828651428,630.3305053710938,66.8969497680664,-6.998920917510986,0.1152571439743042,1077.5814208984375,116.6152572631836,-7.581125259399414,0.11752630770206451,41.66350173950195,19,2.2383460998535156,1.0274633169174194,20.136322021484375,1989.3799287188044,1863.9414007577923,44.94350567519418,3.2264452354127178,0.35547682642936707,0.3541063964366913,26.30773162841797,2,9.077096939086914,0.0006638647173531353,661.9314575195312,13.430076599121094,44.94350567519418,3.2264452354127173
7695.2421875,77.56813049316406,-9.715556144714355,0.010946892201900482,6560.35693359375,78.2962875366211,-9.542318344116211,0.012961149215698242,7545.4296875,102.44072723388672,-9.694210052490234,0.014744107611477375,784.8861694335938,38,2.4275033473968506,1.0400887727737427,64.86631774902344,475.20495460218575,1879.9790194319103,44.94463742048352,3.3372308062659393,0.025169169530272484,0.021800950169563293,65.45744323730469,3,7.47157621383667,0.000546259805560112,6536.32958984375,14.565019607543945,44.94463742048353,3.3372308062659455
900.5875244140625,99.9640121459961,-7.386314868927002,0.12054455280303955,456.9881591796875,66.69271850585938,-6.6497626304626465,0.15849052369594574,561.6937255859375,159.59593200683594,-6.873748779296875,0.3085688352584839,28.09880256652832,17,2.2882180213928223,1.1782487630844116,-69.13507080078125,946.7497084277132,1874.958757362533,44.94428686819216,3.302736121054543,0.3932031989097595,0.39017149806022644,-50.58360290527344,0,9.832420349121094,0.0007189482566900551,714.8865356445312,13.729308128356934,44.94428686819216,3.302736121054543
530.5122680664062,68.28704071044922,-6.81173849105835,0.1397888958454132,501.7145080566406,66.7081298828125,-6.751141548156738,0.14439493417739868,481.94329833984375,67.15454864501953,-6.707489967346191,0.15132452547550201,33.27924346923828,14,1.2431882619857788,1.0701264142990112,-54.68992614746094,1478.1414868483241,1867.2462161717424,44.94373720626374,3.263856805098175,0.2588050365447998,0.2581341564655304,-66.15037536621094,0,5.914211273193359,0.00043249930604361,384.60260009765625,7.459129333496094,44.943737206263734,3.2638568050981696
7334.0458984375,76.3190689086914,-9.663358688354492,0.011301062069833279,6411.83544921875,78.07785034179688,-9.5174560546875,0.013224379159510136,7210.02392578125,99.43120574951172,-9.644842147827148,0.014976689592003822,793.7735595703125,37,2.397794485092163,1.0077006816864014,37.78304672241211,550.3634305007351,1888.378372245292,44.945255196167814,3.3317321648803304,0.022707918658852577,0.020194657146930695,3.466627597808838,2,7.898770332336426,0.00057750113774091,6299.265625,14.38676643371582,44.945255196167814,3.3317321648803304
351.6208801269531,62.32793426513672,-6.36518669128418,0.1925031840801239,475.31207275390625,66.73065185546875,-6.692447185516357,0.15246717631816864,368.89910888671875,84.49144744873047,-6.417269229888916,0.24873389303684235,28.660781860351562,9,1.522998571395874,0.4241134226322174,-56.554195404052734,815.3323333128509,1873.2171531633849,44.94415501695629,3.3123505568081772,0.3023858666419983,0.3013247549533844,-50.93036651611328,3,4.773247718811035,0.00034901013714261353,408.30108642578125,9.137990951538086,44.94415501695629,3.3123505568081772
556.9899291992188,79.61344909667969,-6.864618301391602,0.15522758662700653,550.9193115234375,66.78422546386719,-6.852719783782959,0.131648451089859,774.8758544921875,96.93472290039062,-7.223080158233643,0.13585545122623444,29.867460250854492,14,1.9619426727294922,1.4221986532211304,10.228781700134277,661.2259598150499,1876.006984956203,44.9443537721594,3.32362382630399,0.39966949820518494,0.3990439772605896,-49.45214080810547,2,10.003555297851562,0.0007314114482142031,309.6058654785156,11.771656036376953,44.9443537721594,3.3236238263039897
1536.7076416015625,127.50724792480469,-7.96647834777832,0.09011009335517883,779.3091430664062,67.25486755371094,-7.229274272918701,0.09372248500585556,896.1768188476562,107.98638916015625,-7.380984306335449,0.13085946440696716,43.58820724487305,32,2.0997812747955322,1.631447196006775,3.852057933807373,1351.533985726867,1879.5047859812857,44.94463140496406,3.273119683262091,0.25137484073638916,0.25061964988708496,16.222808837890625,0,9.704207420349121,0.0007096343324519694,489.6130065917969,12.598688125610352,44.94463140496408,3.273119683262096
49801.31640625,249.34939575195312,-11.743102073669434,0.0054374756291508675,20010.333984375,99.24103546142578,-10.753135681152344,0.005386005155742168,48714.1953125,258.6866760253906,-11.719139099121094,0.005766978953033686,672.8842163085938,428,4.766704082489014,3.3903825283050537,53.90214920043945,1418.0536490073014,1933.6755974525934,44.94859847529095,3.268247215159969,0.01985746994614601,0.018967924639582634,59.281349182128906,0,10.690403938293457,0.0007817427976988256,49496.828125,28.600223541259766,44.94859847529095,3.268247215159969
1446.151123046875,130.645263671875,-7.900534152984619,0.09810921549797058,677.1942749023438,67.14717102050781,-7.076783180236816,0.10768228769302368,765.8265991210938,117.34758758544922,-7.210326194763184,0.1664077490568161,39.113868713378906,35,2.134997844696045,1.8908624649047852,59.84587097167969,1108.5894497503725,1891.5222610448109,44.945504351910834,3.290893954187139,0.2661843001842499,0.26564517617225647,35.01230239868164,0,10.968740463256836,0.0008020586683414876,654.6858520507812,12.80998706817627,44.945504351910834,3.2908939541871396
10491.197265625,79.02655792236328,-10.05206298828125,0.008180461823940277,9903.2119140625,83.84280395507812,-9.989439964294434,0.00919431820511818,10420.435546875,93.80591583251953,-10.04471492767334,0.009776292368769646,1163.52001953125,34,1.6752169132232666,1.0373364686965942,71.6423110961914,473.8968143479679,1890.45570381092,44.94540426228786,3.337325330100717,0.012426442466676235,0.01109892688691616,11.698249816894531,2,5.61631441116333,0.00041061636875383556,9911.02734375,10.051301956176758,44.94540426228786,3.3373253301007173
37195.0859375,316.0392761230469,-11.426214218139648,0.009227527305483818,8361.68359375,81.30616760253906,-9.805734634399414,0.01055989507585764,35682.08203125,327.1077880859375,-11.381125450134277,0.009955670684576035,222.46197509765625,579,6.445465087890625,4.546375274658203,31.07331657409668,502.08112842759135,1959.4281624205955,44.95045403335744,3.3352560527089445,0.05065276473760605,0.049532774835824966,30.44010353088379,0,14.040163040161133,0.0010264700977131724,31771.24609375,38.67279052734375,44.95045403335742,3.335256052708931
5319.8359375,147.90185546875,-9.314745903015137,0.03019292652606964,2882.72216796875,71.53974151611328,-8.649506568908691,0.02695097029209137,4860.31591796875,152.9613800048828,-9.21666145324707,0.03417803719639778,103.04222869873047,110,3.6299476623535156,1.8557735681533813,-33.282928466796875,245.45148573786827,1904.720342706214,44.9464388916139,3.354033098578296,0.09027909487485886,0.08835253119468689,-30.51749610900879,0,9.85888957977295,0.0007207501912489533,2957.31396484375,21.779685974121094,44.9464388916139,3.354033098578296
5183.400390625,132.86871337890625,-9.286537170410156,0.027837984263896942,3346.193115234375,72.42893981933594,-8.81137752532959,0.023506660014390945,4999.0693359375,143.5394744873047,-9.247222900390625,0.031182577833533287,155.62469482421875,97,2.6030726432800293,2.2657480239868164,-73.6062240600586,729.0489170941777,1908.6362004248351,44.94674470125408,3.318658862432026,0.07034463435411453,0.06980535387992859,84.47046661376953,0,5.634661674499512,0.0004119798250030726,4078.85693359375,15.618435859680176,44.94674470125409,3.3186588624320326
2006.9007568359375,118.9826889038086,-8.256314277648926,0.06438544392585754,1254.072509765625,68.22281646728516,-7.745806694030762,0.059079501777887344,1662.82568359375,121.96875762939453,-8.052116394042969,0.07965841889381409,61.70887756347656,38,2.491515636444092,1.7236651182174683,68.75909423828125,902.7962456206784,1900.9141353282346,44.94618540642007,3.3059490228412707,0.17620210349559784,0.17518985271453857,84.46900939941406,2,11.726866722106934,0.0008574508246965706,943.6548461914062,14.94909381866455,44.94618540642007,3.3059490228412702
957.8869018554688,87.61861419677734,-7.4532856941223145,0.09933721274137497,811.75927734375,67.32147216796875,-7.273568153381348,0.09006501734256744,935.8489990234375,92.6425552368164,-7.428014278411865,0.10750646144151688,45.001625061035156,25,1.6553841829299927,1.4588717222213745,36.08285140991211,44.755955135999024,1896.9823057230642,44.945863389597065,3.3687124389266447,0.22188851237297058,0.22059227526187897,42.23029327392578,1,9.302952766418457,0.0006800740375183523,936.1893920898438,9.932305335998535,44.945863389597065,3.3687124389266447
2668.2841796875,52.88544845581055,-8.565580368041992,0.021524542942643166,2551.57177734375,70.8006820678711,-8.517019271850586,0.030134186148643494,2526.033935546875,64.26787567138672,-8.506097793579102,0.027630235999822617,351.3535461425781,19,1.579935908317566,0.6622722148895264,73.65686798095703,554.5534601350705,1896.045103617433,44.94581656214587,3.3314248251979905,0.028612608090043068,0.02634577453136444,68.35200500488281,3,4.953726768493652,0.00036217988235875964,2368.94775390625,9.479615211486816,44.945816562145865,3.331424825197984
3052.7470703125,63.77354049682617,-8.711727142333984,0.02268712781369686,2537.83349609375,70.70108795166016,-8.511157989501953,0.030254697427153587,3124.974365234375,81.31928253173828,-8.737115859985352,0.028260309249162674,273.5733642578125,28,2.6042706966400146,0.6295960545539856,-87.96306610107422,556.0695512194576,1903.3330347767396,44.9463500942659,3.331313123327079,0.06166430935263634,0.056385014206171036,88.96690368652344,3,7.654995918273926,0.0005596753326244652,2269.857666015625,15.62562370300293,44.946350094265895,3.3313131233270723
644.2598266601562,88.04363250732422,-7.022652626037598,0.14841121435165405,319.6475830078125,66.35599517822266,-6.261678695678711,0.22544395923614502,304.8626403808594,108.02483367919922,-6.210260391235352,0.38481253385543823,31.10861587524414,15,3.0629758834838867,1.1589009761810303,-66.62464904785156,1362.8814330518908,1899.7587135200783,44.94611432952905,3.272287437893242,0.4124639928340912,0.40957266092300415,83.27806854248047,0,11.289052963256836,0.0008255221764557064,-524.8065795898438,18.37785530090332,44.94611432952905,3.272287437893242
10639.91015625,168.87733459472656,-10.067344665527344,0.017237061634659767,6117.47265625,77.48900604248047,-9.466429710388184,0.013756181113421917,9829.1298828125,170.97386169433594,-9.981287956237793,0.018890544772148132,235.0303192138672,167,3.010439157485962,2.674957513809204,74.40919494628906,143.52978943814855,1922.9134848911883,44.94776604396827,3.3614854452857688,0.04211990535259247,0.041752398014068604,30.184356689453125,0,6.027350425720215,0.0004406239604577422,9574.0341796875,18.06263542175293,44.94776604396827,3.3614854452857688
1466.27880859375,91.83985900878906,-7.915541172027588,0.06802123039960861,1180.5631103515625,68.1494369506836,-7.680222988128662,0.06269066780805588,1256.1741943359375,91.25709533691406,-7.74762487411499,0.0788944736123085,76.02416229248047,35,1.700591802597046,1.4266384840011597,51.23665237426758,1341.0979296760354,1904.7674305182218,44.946480408907064,3.2738808390891285,0.12112770229578018,0.12092363089323044,33.748207092285156,0,5.703821182250977,0.00041709450306370854,1151.7313232421875,10.203550338745117,44.94648040890706,3.273880839089123
1740.9703369140625,42.11503601074219,-8.101978302001953,0.026270940899848938,1555.6497802734375,68.78070831298828,-7.9797797203063965,0.04801585525274277,1649.1112060546875,44.72350311279297,-8.04312515258789,0.029452061280608177,410.6471862792969,12,0.7217972278594971,0.6587780117988586,46.46724319458008,666.4725997086771,1892.7505326515807,44.94557960504839,3.323238214999195,0.02333822287619114,0.021576888859272003,-1.9660593271255493,0,1.5168508291244507,0.00011090411862824112,1522.436767578125,4.330783367156982,44.94557960504839,3.3232382149991944
500.9889831542969,73.1681900024414,-6.749570369720459,0.1586075872182846,371.10614013671875,66.48883056640625,-6.423745155334473,0.19457201659679413,355.7934265136719,67.53299713134766,-6.377995014190674,0.2061331868171692,34.132930755615234,13,1.554415225982666,0.8824170231819153,-32.29589080810547,184.8998564049526,1898.5017381387627,44.94598102891352,3.3584625511690027,0.3272387683391571,0.32485008239746094,-49.092140197753906,0,6.995693206787109,0.000511425023432821,259.64361572265625,9.326491355895996,44.94598102891352,3.3584625511690027
41739.375,184.7344970703125,-11.55136489868164,0.004806532524526119,32705.630859375,115.5654525756836,-11.286556243896484,0.0038373845163732767,40412.64453125,171.0836639404297,-11.5162935256958,0.004597493447363377,1786.7457275390625,219,2.41326642036438,2.283447742462158,-66.38080596923828,1842.528203219877,1941.7779577200563,44.94920085430763,3.2371854073096307,0.008480691350996494,0.008437003009021282,27.693878173828125,0,4.023897171020508,0.00029427369008772075,41420.640625,14.479598999023438,44.94920085430762,3.237185407309626
5002.15966796875,58.17631530761719,-9.247894287109375,0.012630440294742584,4816.92333984375,75.13533782958984,-9.206924438476562,0.016939645633101463,4962.48876953125,66.13816833496094,-9.239249229431152,0.014473795890808105,858.1741333007812,20,1.983992338180542,0.4375168979167938,-17.17725944519043,200.32320280302287,1900.8682181330964,44.94615493727362,3.3573342259145527,0.02668170817196369,0.02150965854525566,-13.482765197753906,0,5.548750400543213,0.00040564645314589143,4477.11865234375,11.903953552246094,44.94615493727363,3.35733422591456
2454.907470703125,119.98917388916016,-8.475088119506836,0.053080715239048004,1679.1241455078125,69.0779037475586,-8.06270694732666,0.04467722028493881,2270.58203125,121.24761199951172,-8.390342712402344,0.05799169838428497,65.46228790283203,59,2.278094530105591,1.8964407444000244,-85.17464447021484,1010.5267079110941,1919.8390027142743,44.94757417021295,3.2980655570832376,0.13573837280273438,0.1356278508901596,-77.66900634765625,0,8.448619842529297,0.0006177601753734052,1544.9296875,13.668567657470703,44.94757417021295,3.298065557083238
5547.19482421875,159.82273864746094,-9.360183715820312,0.0312892384827137,2835.556884765625,71.32842254638672,-8.631595611572266,0.027318326756358147,4961.6494140625,161.5099639892578,-9.239065170288086,0.035351112484931946,110.85199737548828,121,2.876311779022217,2.5821692943573,-5.517427921295166,1194.1782683145564,1925.7334613534176,44.948011126912036,3.28462846914177,0.09233582764863968,0.09199690818786621,12.82357120513916,0,8.799142837524414,0.0006434147362597287,4054.74755859375,17.257869720458984,44.94801112691202,3.2846284691417638
2448.373779296875,123.36688995361328,-8.47219467163086,0.05472058430314064,1546.1583251953125,68.78660583496094,-7.973134994506836,0.04831475019454956,2210.855712890625,129.7300567626953,-8.361400604248047,0.06372502446174622,70.45446014404297,60,2.397383451461792,2.0557103157043457,35.69587707519531,1854.3891849954016,1922.38402307174,44.94778143325127,3.236319135886054,0.1373741626739502,0.13714127242565155,-61.44658660888672,0,9.120144844055176,0.0006669776630587876,1669.1304931640625,14.384300231933594,44.947781433251265,3.236319135886049
1656.529052734375,136.4305419921875,-8.04799747467041,0.089442178606987,727.746826171875,67.04658508300781,-7.1549506187438965,0.10005208849906921,647.498291015625,199.1336212158203,-7.028096675872803,0.33399179577827454,49.56308364868164,32,2.20072603225708,1.7184014320373535,4.298124313354492,570.6866419531839,1917.3565052873362,44.94737716105287,3.330242352718364,0.1964893788099289,0.1951712816953659,82.45232391357422,1,8.476173400878906,0.000619711761828512,1791.4456787109375,13.20435619354248,44.94737716105286,3.330242352718358
666.5079956054688,86.0996322631836,-7.059513568878174,0.14028969407081604,394.5408020019531,66.4600601196289,-6.490229606628418,0.18293577432632446,564.3883056640625,94.38814544677734,-6.8789448738098145,0.18162234127521515,26.58496856689453,6,1.445675015449524,0.34889376163482666,-42.53041458129883,401.5206616844119,1909.309751756599,44.94678143736465,3.3426172483330765,0.46584922075271606,0.46443450450897217,80.5943374633789,2,4.205138206481934,0.00030743522802367806,480.5102233886719,8.674050331115723,44.946781437364635,3.3426172483330694
296.0976867675781,59.507362365722656,-6.178587436676025,0.2182556539773941,272.8625183105469,66.25855255126953,-6.089859962463379,0.26371076703071594,229.83950805664062,75.67919158935547,-5.903561592102051,0.35758692026138306,27.093219757080078,7,1.12211012840271,0.4961378574371338,38.60017776489258,949.0715236564441,1907.1581784951136,44.94664398073787,3.3025629289123857,0.31763142347335815,0.31597021222114563,-42.17263412475586,2,4.423704624176025,0.0003234569448977709,264.4429626464844,6.73266077041626,44.94664398073787,3.3025629289123857
1103.50537109375,96.38008117675781,-7.606935977935791,0.09485116600990295,776.58447265625,67.27478790283203,-7.2254719734191895,0.0940791666507721,926.85009765625,97.59166717529297,-7.4175238609313965,0.11434917896986008,49.691802978515625,29,1.9691410064697266,1.4311621189117432,-9.675741195678711,1903.193929704573,1923.1633733014373,44.94783937253204,3.2327474775850917,0.22595469653606415,0.2241923063993454,0.5795927047729492,0,7.811154842376709,0.0005712530110031366,746.9024047851562,11.81484603881836,44.94783937253204,3.2327474775850917
41978.296875,285.7309265136719,-11.557561874389648,0.007392005063593388,16652.7578125,94.43489074707031,-10.553715705871582,0.006158516742289066,40594.30859375,289.2080993652344,-11.521162986755371,0.0077370451763272285,604.922607421875,538,4.929208278656006,4.461451530456543,-39.62021255493164,821.7575915844499,1982.1307470955996,44.952127607817424,3.311868967049307,0.024142490699887276,0.023949066177010536,-47.23688888549805,0,6.619383335113525,0.00048397216596640646,42251.390625,29.57524871826172,44.952127607817424,3.311868967049307
3305.075927734375,106.32591247558594,-8.797953605651855,0.03493715077638626,2606.521728515625,70.90779113769531,-8.540153503417969,0.02954353205859661,3063.76171875,113.78181457519531,-8.71563720703125,0.04033180698752403,155.78797912597656,62,2.137941837310791,1.7086575031280518,-35.320926666259766,127.32991494700198,1934.716023508649,44.948629208836266,3.3626688762833448,0.05914837494492531,0.05907764285802841,32.43933868408203,0,4.374404430389404,0.0003197838377673179,3105.833251953125,12.827651023864746,44.94862920883626,3.3626688762833377
2284.42431640625,122.73107147216797,-8.396942138671875,0.058345526456832886,1392.5863037109375,68.50263977050781,-7.859555244445801,0.05342136695981026,1944.497802734375,125.40543365478516,-8.222018241882324,0.070038802921772,57.584651947021484,57,2.4575438499450684,1.8784327507019043,24.667131423950195,782.5271695787393,1944.1167927584772,44.94934373204568,3.314742913742766,0.16230589151382446,0.16179901361465454,30.572376251220703,0,8.99952220916748,0.0006580001791007817,900.6441650390625,14.74526309967041,44.94934373204567,3.31474291374276
718.5120239257812,81.20880126953125,-7.141085147857666,0.12274360656738281,601.5840454101562,67.06829071044922,-6.948240756988525,0.12107396125793457,629.1566772460938,81.82784271240234,-6.996897220611572,0.14124467968940735,37.85102844238281,19,1.465818166732788,1.1594340801239014,27.631484985351562,1213.4766822839395,1940.9924394464679,44.94912862487841,3.2832149740255945,0.21547210216522217,0.2153097689151764,25.038602828979492,1,7.418832778930664,0.0005424816044978797,660.7273559570312,8.79490852355957,44.949128624878426,3.2832149740256003
18148.13671875,144.87718200683594,-10.647080421447754,0.008669574744999409,14497.099609375,91.1337890625,-10.403203010559082,0.006826972123235464,17478.751953125,141.78533935546875,-10.606276512145996,0.008809489198029041,820.9165649414062,144,2.213803768157959,2.115938663482666,6.4260711669921875,1814.7613834041972,1969.3068090860647,44.95121541535237,3.2392149119784066,0.014626914635300636,0.014593132771551609,41.43989562988281,0,3.9522335529327393,0.0002890275209210813,18022.396484375,13.282822608947754,44.95121541535236,3.2392149119784013
607.3163452148438,77.77647399902344,-6.958537578582764,0.1390794962644577,421.38226318359375,66.54161071777344,-6.561690807342529,0.17149318754673004,619.2345581054688,108.8210220336914,-6.97963809967041,0.19084791839122772,43.89984893798828,16,3.4212734699249268,0.8871733546257019,29.54775619506836,116.88624973900511,1947.3983007156246,44.94955701838118,3.3634312007101315,0.3832409977912903,0.38060304522514343,49.20176696777344,2,10.435579299926758,0.0007628698367625475,261.27276611328125,20.52764129638672,44.94955701838118,3.3634312007101315
428.6361999511719,68.63096618652344,-6.580222129821777,0.1738845854997635,332.5908508300781,66.40878295898438,-6.304775714874268,0.21684280037879944,263.7815856933594,66.70438385009766,-6.0531110763549805,0.2746247947216034,28.312517166137695,6,1.1395950317382812,0.5535600185394287,65.28112030029297,364.1153169697582,1948.205281619001,44.94962694258767,3.3453488271690164,0.4414653480052948,0.4404256045818329,81.38555908203125,2,4.259230613708496,0.0003113811544608325,147.1996307373047,6.8375701904296875,44.94962694258767,3.3453488271690164
496.0713806152344,77.635986328125,-6.738860607147217,0.16996078193187714,224.52230834960938,66.15771484375,-5.878148555755615,0.32000064849853516,285.8329772949219,121.46392059326172,-6.140280723571777,0.461492657661438,29.260988235473633,11,2.4932284355163574,0.6887308359146118,55.07383728027344,1205.0955924356776,1949.6345287945883,44.94976098089529,3.2838273163442024,0.5690668821334839,0.5679695010185242,66.42660522460938,0,7.835378646850586,0.0005729364929720759,-295.05645751953125,14.959370613098145,44.949760980895284,3.283827316344197
1160.525634765625,111.95889282226562,-7.661636829376221,0.10476921498775482,628.6160278320312,66.94470977783203,-6.9959635734558105,0.11565399169921875,907.8690795898438,111.90375518798828,-7.3950581550598145,0.13386014103889465,34.210208892822266,24,2.380693197250366,1.562723994255066,-55.02745819091797,1139.7060531196091,1956.8523850567378,44.95028743286934,3.2886107635221604,0.34782975912094116,0.3473224937915802,0.40688806772232056,2,11.558311462402344,0.0008451496833004057,781.22998046875,14.284158706665039,44.95028743286934,3.2886107635221604
2637.505126953125,140.71807861328125,-8.552983283996582,0.05794105678796768,1392.906494140625,68.65345001220703,-7.859804630279541,0.05352666974067688,2290.756591796875,138.141845703125,-8.399947166442871,0.06549017131328583,57.80933380126953,68,2.8840973377227783,1.919721245765686,22.16748809814453,1095.801723417321,1971.3333828184693,44.95134610783311,3.2918214506451102,0.17510268092155457,0.173471137881279,23.445556640625,0,11.097804069519043,0.0008114639203995466,1416.6466064453125,17.304584503173828,44.95134610783311,3.2918214506451102
764.4102172851562,89.03861999511719,-7.208316326141357,0.12649744749069214,495.8902893066406,66.92727661132812,-6.738463878631592,0.14657075703144073,562.4844970703125,105.54530334472656,-6.875276565551758,0.20377841591835022,40.26005172729492,20,1.8742578029632568,1.800292730331421,35.1055908203125,1297.5550150634658,1963.43366549814,44.95077361034557,3.2770610562409614,0.32294762134552,0.32206135988235474,-23.11138153076172,0,10.49510383605957,0.0007674311636947095,1.8822956085205078,11.245546340942383,44.95077361034557,3.2770610562409614
741.8321533203125,90.47261047363281,-7.175764083862305,0.132446750998497,397.2140808105469,66.38809967041016,-6.497561454772949,0.181507870554924,461.4025573730469,84.64251708984375,-6.660200119018555,0.19922250509262085,31.569393157958984,16,1.9484782218933105,1.085030198097229,60.583091735839844,544.7799200754085,1961.7915149153355,44.95062869753016,3.3321324864205564,0.32540959119796753,0.32361429929733276,68.11441802978516,2,8.70068645477295,0.0006361090927384794,327.58544921875,11.690869331359863,44.95062869753018,3.332132486420563
2971.8095703125,98.0635986328125,-8.682552337646484,0.035835765302181244,2459.72216796875,70.74270629882812,-8.477214813232422,0.03123384341597557,2774.394775390625,103.95571899414062,-8.60792064666748,0.04069208726286888,129.68983459472656,54,1.8428395986557007,1.643949270248413,3.7468175888061523,867.7318846602135,1966.9269365220543,44.951016303892885,3.3085073056915624,0.06483196467161179,0.06447713822126389,22.389820098876953,0,4.712827682495117,0.0003445816691964865,2584.04345703125,11.057037353515625,44.9510163038929,3.3085073056915686
4769.18310546875,189.37423706054688,-9.196109771728516,0.043122775852680206,1891.255615234375,69.62408447265625,-8.191875457763672,0.039979659020900726,3842.9013671875,168.6320037841797,-8.961647987365723,0.04765523225069046,81.76111602783203,96,3.148240327835083,2.5992231369018555,37.14146041870117,762.2304123888455,1992.4631591111884,44.9528818189066,3.3162225105096086,0.15268844366073608,0.15204954147338867,61.586647033691406,2,11.086583137512207,0.0008105736342258751,3358.48388671875,18.889442443847656,44.9528818189066,3.3162225105096086
2228.42041015625,153.5685577392578,-8.369993209838867,0.07484021037817001,924.4476928710938,67.57765197753906,-7.414705753326416,0.07938721030950546,1609.26171875,156.16387939453125,-8.016566276550293,0.10538619756698608,47.46855163574219,58,2.940619945526123,2.475184917449951,62.33989334106445,568.3585199220578,1987.3297608999785,44.95249890391624,3.3304049256402846,0.24480882287025452,0.244119331240654,88.35435485839844,2,13.014463424682617,0.0009514849516563118,690.8434448242188,17.643718719482422,44.95249890391625,3.3304049256402912
5584.4365234375,165.1492919921875,-9.367448806762695,0.032116424292325974,2691.962158203125,71.21875,-8.575172424316406,0.028731295838952065,4921.23974609375,172.7721405029297,-9.230186462402344,0.03812668099999428,86.21582794189453,125,3.350787878036499,2.588928699493408,40.4503059387207,653.5989898162885,1987.1482792632873,44.952488849535456,3.3241696689280413,0.09884846955537796,0.09829284250736237,3.9584624767303467,0,10.626544952392578,0.0007769207004457712,4095.117919921875,20.104726791381836,44.952488849535456,3.3241696689280413
6145.1689453125,62.2868537902832,-9.471334457397461,0.01100759394466877,6032.29931640625,77.44793701171875,-9.451207160949707,0.013943018391728401,6049.9072265625,67.1042709350586,-9.454371452331543,0.012045678682625294,969.7026977539062,22,1.7364028692245483,0.5193549394607544,19.613414764404297,1753.1614000820312,1972.310008312023,44.95143403570838,3.2437224202384263,0.018261536955833435,0.014696355909109116,18.969236373901367,0,5.346609115600586,0.00039099331479519606,5607.58056640625,10.418416976928711,44.95143403570838,3.2437224202384263
1115.26220703125,108.81169891357422,-7.618442535400391,0.10595670342445374,572.5703125,66.80329895019531,-6.8945722579956055,0.12670651078224182,646.8177490234375,93.13668060302734,-7.026954650878906,0.1563754826784134,41.705963134765625,25,1.6988869905471802,1.3201239109039307,32.06791687011719,410.35626926757067,1972.9474603847395,44.951439887587135,3.3419637874426704,0.20740848779678345,0.20604382455348969,52.11629104614258,2,6.718813896179199,0.00049119524192065,751.8056640625,10.19332218170166,44.95143988758712,3.3419637874426638
45173.26953125,353.7192687988281,-11.63720417022705,0.008503681980073452,5709.986328125,76.75932312011719,-9.391587257385254,0.014599093236029148,43146.046875,385.7381896972656,-11.587352752685547,0.009709155187010765,238.43482971191406,736,8.788204193115234,4.738190174102783,9.603126525878906,213.72964223848558,2030.5767316491003,44.95564953497371,3.3563385938147623,0.06600788980722427,0.06395427882671356,0.7704583406448364,0,23.431276321411133,0.0017128709005191922,33051.73046875,52.729225158691406,44.95564953497371,3.3563385938147627
1102.56591796875,96.69757843017578,-7.606011390686035,0.09524470567703247,664.1033325195312,67.09466552734375,-7.055589199066162,0.10971908271312714,690.3873901367188,88.96141052246094,-7.097732067108154,0.13993895053863525,48.518802642822266,22,1.596280813217163,1.448229193687439,-1.841071605682373,1517.500127260044,1974.6458991610207,44.95159987624503,3.260966677607112,0.22935979068279266,0.2288106381893158,-58.2308464050293,0,9.100814819335938,0.0006655037868767977,545.1326904296875,9.57768440246582,44.95159987624503,3.260966677607112
438.32373046875,70.69832611083984,-6.604487419128418,0.1751636415719986,261.6651611328125,66.28701782226562,-6.044364929199219,0.2751137912273407,263.8035888671875,66.05804443359375,-6.053201675415039,0.27194109559059143,37.345401763916016,11,1.577453851699829,0.8448834419250488,-28.78138542175293,1684.1444334064686,1973.8803340655763,44.951547560092095,3.2487727136610927,0.2997105121612549,0.2969438135623932,-22.633220672607422,0,6.817746162414551,0.0004985693958587945,152.68702697753906,9.464723587036133,44.951547560092095,3.248772713661093
2082.974609375,126.77672576904297,-8.296710014343262,0.06609755009412766,1157.9619140625,68.00273895263672,-7.65923547744751,0.06377668678760529,1466.3648681640625,128.26776123046875,-7.915605068206787,0.09499599784612656,64.11746215820312,54,2.912842035293579,1.6455681324005127,-3.8961973190307617,22.147660037454273,1991.5051982154603,44.95278093614656,3.370354636128911,0.1903066635131836,0.1874426007270813,-2.1687631607055664,0,11.581833839416504,0.0008466259459964931,-2660.830078125,17.477052688598633,44.952780936146574,3.3703546361289187
3744.0673828125,174.86065673828125,-8.933359146118164,0.050719887018203735,1523.15576171875,68.6904525756836,-7.956860542297363,0.04897584021091461,2553.2080078125,151.4317169189453,-8.517715454101562,0.06441106647253036,51.313270568847656,58,2.6990745067596436,2.277465581893921,54.645172119140625,1837.7567910987227,2007.5875106924063,44.95401790077697,3.2375286995605683,0.16081549227237701,0.16049209237098694,45.262550354003906,2,11.97636604309082,0.0008758214535191655,2310.81982421875,16.194446563720703,44.95401790077697,3.237528699560568
1093.8011474609375,109.91651153564453,-7.59734582901001,0.10913257300853729,585.5327758789062,66.9583740234375,-6.918878078460693,0.1241891160607338,778.3829956054688,130.84628295898438,-7.227983474731445,0.18255674839019775,34.28554153442383,12,1.7646714448928833,0.6712750792503357,-62.60118865966797,1590.7762174793206,1995.40890342893,44.953121363552725,3.255602903708574,0.3505430519580841,0.34932374954223633,-2.547348737716675,2,6.495966911315918,0.00047502462984994054,878.0634765625,10.588028907775879,44.953121363552725,3.2556029037085743
569.5411376953125,81.49146270751953,-6.88881254196167,0.1553877741098404,317.3862609863281,66.3254165649414,-6.253970146179199,0.22694557905197144,445.9582214355469,121.9980697631836,-6.62323522567749,0.2970903813838959,26.62942886352539,11,1.8270576000213623,0.8322233557701111,-19.853775024414062,1891.158906204117,1997.8026972599177,44.95330267026806,3.2336216329158063,0.5636469721794128,0.5616899132728577,-16.5819034576416,2,7.369235038757324,0.0005389138823375106,217.68577575683594,10.962345123291016,44.95330267026806,3.2336216329158063
379.7336730957031,67.34984588623047,-6.448697566986084,0.19261376559734344,-11.576896667480469,65.66121673583984,99.0,99.0,-25.787185668945312,71.15576934814453,99.0,99.0,26.661043167114258,9,2.1462275981903076,0.7125158905982971,-37.360809326171875,922.4900983311829,1994.1410966368435,44.95301010749202,3.3044985017159996,0.3773592710494995,0.11774132400751114,-37.87872314453125,0,7.390483379364014,0.0005403609829954803,-661.5452880859375,12.877365112304688,44.953010107492005,3.3044985017159934
925.3713989257812,99.51639556884766,-7.41579008102417,0.11679073423147202,606.739013671875,66.95085144042969,-6.957504749298096,0.11983509361743927,1223.1903076171875,137.38308715820312,-7.718735218048096,0.12197450548410416,34.00785446166992,24,3.1726887226104736,1.7694242000579834,81.23811340332031,1810.4526824736174,2010.8914682920486,44.95425921843848,3.2395264754479465,0.4296766519546509,0.4275698661804199,87.0057601928711,2,14.20707893371582,0.0010389455128461123,-111.72882080078125,19.0361328125,44.95425921843848,3.2395264754479465
2725.293701171875,162.20591735839844,-8.588533401489258,0.06463730335235596,1043.16796875,67.79452514648438,-7.5458855628967285,0.07057814300060272,2062.64404296875,151.83384704589844,-8.286060333251953,0.07994183897972107,53.47854995727539,58,3.039919376373291,2.2372829914093018,-59.37925720214844,1099.2126179862482,2018.6853142202674,44.95481219565892,3.2915670617543866,0.2505922019481659,0.2497711330652237,-80.11519622802734,2,15.640850067138672,0.0011436232598498464,823.03125,18.239517211914062,44.95481219565892,3.2915670617543866
935.4383544921875,104.4259033203125,-7.42753791809082,0.12123356759548187,447.9488525390625,66.59672546386719,-6.628071308135986,0.16145603358745575,543.4804077148438,82.20673370361328,-6.8379597663879395,0.1642681360244751,30.6860408782959,15,2.1699929237365723,0.9423655271530151,-27.116344451904297,1007.4280722910866,2003.6186389811292,44.953706557318334,3.2982835980060137,0.4603787362575531,0.4590522348880768,-30.206735610961914,0,8.5560884475708,0.0006255935877561569,277.51763916015625,13.019957542419434,44.95370655731834,3.298283598006019
2845.637451171875,67.5191650390625,-8.635448455810547,0.025767799466848373,2209.40625,70.20345306396484,-8.360689163208008,0.03450743481516838,2923.64404296875,78.28240966796875,-8.664811134338379,0.02907833270728588,274.4217224121094,25,2.9407317638397217,0.5404619574546814,56.99071502685547,359.09556923322964,2025.2821135730023,44.955268330168764,3.3457071765401434,0.07037387788295746,0.06412842124700546,56.192020416259766,3,7.535686492919922,0.0005508945905603468,2359.02490234375,17.644390106201172,44.955268330168764,3.3457071765401443
2448.538330078125,44.942630767822266,-8.472267150878906,0.01993340067565441,2273.342041015625,70.20699310302734,-8.391661643981934,0.033538635820150375,2415.998291015625,58.42464065551758,-8.457741737365723,0.026262087747454643,376.6416931152344,13,2.365962266921997,0.35131821036338806,55.45323944091797,349.5069261178694,2010.8350755346746,44.9542105047249,3.3464101663591177,0.06227666884660721,0.05562387406826019,57.569000244140625,3,5.427839756011963,0.00039680255576968193,2184.17578125,14.19577407836914,44.9542105047249,3.346410166359118
756.8063354492188,85.25172424316406,-7.19746208190918,0.1223343014717102,528.1433715820312,66.81421661376953,-6.80687952041626,0.13738739490509033,638.988037109375,84.42506408691406,-7.013731956481934,0.1434856653213501,42.53722381591797,15,1.6976730823516846,1.2182579040527344,78.10941314697266,1673.6236175141037,2006.7680034908797,44.953954624824426,3.249539544977602,0.3461197316646576,0.34441110491752625,53.00466537475586,2,7.496843338012695,0.0005482211126945913,221.44711303710938,10.186038970947266,44.95395462482441,3.249539544977597
725.7383422851562,93.34252166748047,-7.151950359344482,0.13967840373516083,526.1541748046875,66.65579223632812,-6.8027825355529785,0.1375798135995865,491.2613525390625,117.75504302978516,-6.728281497955322,0.2603135406970978,24.095670700073242,8,2.0093095302581787,0.43024545907974243,-77.98819732666016,1512.8989400234088,2014.9286659800296,44.95454834184085,3.261299520850891,0.3587285280227661,0.35786956548690796,-53.402713775634766,2,5.537261486053467,0.0004049084091093391,515.8399658203125,12.055856704711914,44.95454834184085,3.2612995208508906
683.8312377929688,82.81156158447266,-7.087372303009033,0.13151396811008453,531.8684692382812,66.71910095214844,-6.814510822296143,0.1362309455871582,578.6145629882812,120.37894439697266,-6.905973434448242,0.22593888640403748,42.51730728149414,10,1.4668376445770264,0.5792115926742554,-62.084171295166016,1941.8450305281178,2012.4701885208851,44.954377176717756,3.2299110970068767,0.3290073275566101,0.3281030058860779,52.49995422363281,2,4.986849784851074,0.0003646903205662966,472.376220703125,8.801025390625,44.954377176717756,3.2299110970068767
4276.47998046875,124.73297882080078,-9.077715873718262,0.031675588339567184,2949.732421875,71.69293212890625,-8.674456596374512,0.02639511413872242,4162.4794921875,130.4824981689453,-9.048379898071289,0.034043170511722565,145.607421875,83,2.409869432449341,1.9751205444335938,20.767017364501953,719.8818461116524,2033.704446875758,44.955898935169415,3.3193159313559937,0.07180565595626831,0.07099759578704834,46.3170051574707,0,5.874124050140381,0.000429462525062263,3084.233154296875,14.459217071533203,44.955898935169415,3.3193159313559932
794.0556030273438,86.20230865478516,-7.249627113342285,0.11789565533399582,604.427978515625,66.97171783447266,-6.953361511230469,0.12033077329397202,638.122314453125,90.31690979003906,-7.0122599601745605,0.15370745956897736,39.55200958251953,21,1.6487770080566406,1.4875959157943726,-20.223987579345703,780.4249250513162,2020.7559920733522,44.954953352080636,3.3148884731239083,0.24414761364459991,0.24332626163959503,16.71814727783203,0,8.731366157531738,0.0006383712170645595,615.8963623046875,9.892662048339844,44.954953352080636,3.314888473123908
1903.218017578125,42.40452575683594,-8.198720932006836,0.024196552112698555,1915.434326171875,69.57341766357422,-8.205668449401855,0.03944626823067665,2088.429443359375,53.7947998046875,-8.299549102783203,0.027973726391792297,308.04132080078125,12,1.8891043663024902,0.35360029339790344,53.266197204589844,353.7719656296727,2017.3190445388036,44.95468526665479,3.3460974691541145,0.056828152388334274,0.05098695307970047,53.79273986816406,3,4.8558268547058105,0.0003549848624970764,2089.87451171875,11.334626197814941,44.95468526665479,3.346097469154115
6461.51806640625,152.861328125,-9.525835990905762,0.025691702961921692,3609.724365234375,72.92970275878906,-8.893685340881348,0.02194119244813919,5580.744140625,165.96298217773438,-9.366730690002441,0.032296016812324524,134.43304443359375,125,2.8943183422088623,2.691657781600952,52.142704010009766,2029.4291395433984,2047.4710240073616,44.9569405322709,3.2234984883104896,0.0687626302242279,0.06855352967977524,-9.587485313415527,18,7.251361846923828,0.0005302946665324271,-1043.8521728515625,17.365909576416016,44.9569405322709,3.223498488310489
4063.775390625,130.79478454589844,-9.022324562072754,0.034953489899635315,2629.12939453125,71.00017547607422,-8.549530029296875,0.029327649623155594,3473.783935546875,125.0361328125,-8.852006912231445,0.03908972069621086,112.46086120605469,73,2.278989315032959,1.9188947677612305,40.2955436706543,782.0586948330651,2034.9452613685341,44.95599197647671,3.314767425763429,0.08053921908140182,0.07984548062086105,61.021827697753906,0,6.368992328643799,0.000465649354737252,3356.032958984375,13.673935890197754,44.955991976476696,3.314767425763422
477.5451354980469,73.73026275634766,-6.697535991668701,0.16767224669456482,440.058837890625,66.50298309326172,-6.608777046203613,0.16411951184272766,675.1934814453125,154.2267608642578,-7.073570728302002,0.2480626106262207,28.64560890197754,12,1.6999653577804565,1.0904929637908936,-13.201922416687012,631.1714882519977,2015.6199544020444,44.95457198761643,3.325807108208828,0.4054566025733948,0.4043307900428772,-64.7087173461914,2,8.143582344055176,0.0005953771178610623,719.6666259765625,10.19979190826416,44.95457198761643,3.325807108208828
1183.9718017578125,98.43887329101562,-7.683353424072266,0.09029321372509003,922.7726440429688,67.54882049560547,-7.412736892700195,0.07949739694595337,925.1787719726562,95.81444549560547,-7.415564060211182,0.11246959865093231,43.198631286621094,31,1.6919270753860474,1.5574829578399658,86.45248413085938,67.08322626653307,2027.68708084804,44.95543129444246,3.3670640209006866,0.1707507222890854,0.16993242502212524,-17.674692153930664,0,7.096218109130859,0.000518727523740381,731.1815185546875,10.151562690734863,44.955431294442455,3.3670640209006795
3286.976806640625,62.6745491027832,-8.791991233825684,0.020707344636321068,2816.983154296875,71.2924575805664,-8.624460220336914,0.027484580874443054,3278.79736328125,75.00347900390625,-8.789286613464355,0.024842577055096626,351.1375427246094,27,2.4944381713867188,0.5764841437339783,56.42705154418945,362.93202244784266,2031.057878724987,44.95569123405049,3.345425907829695,0.05937803164124489,0.0530196838080883,55.65250778198242,3,7.1646037101745605,0.0005237656296230853,2270.926025390625,14.966629028320312,44.95569123405049,3.3454259078296946
705.3262329101562,88.52664947509766,-7.120975017547607,0.13630563020706177,422.9034423828125,66.62210083007812,-6.565603256225586,0.17108303308486938,573.03271484375,120.72846984863281,-6.895448684692383,0.2288021445274353,33.70756912231445,12,1.646986961364746,0.7791769504547119,17.753894805908203,1511.4230215782623,2015.809951191931,44.95461281328163,3.2614074315465067,0.4456319212913513,0.442590594291687,-52.02447509765625,2,6.764277935028076,0.0004946315893903375,730.1326293945312,9.881921768188477,44.95461281328163,3.2614074315465067
585.3201293945312,83.41960906982422,-6.918483734130859,0.15477631986141205,291.8360900878906,66.53067016601562,-6.162847518920898,0.24757839739322662,327.9846496582031,102.34416198730469,-6.289633750915527,0.338874876499176,29.93671417236328,9,1.564221739768982,0.8240554332733154,89.35883331298828,80.37328885051853,2025.7731668188385,44.95529183904499,3.3660922964158173,0.5172030329704285,0.5132847428321838,-86.87437438964844,2,6.317192554473877,0.0004617836675606668,228.10198974609375,9.385330200195312,44.955291839044996,3.366092296415824
302.8348388671875,54.10670471191406,-6.203014373779297,0.19403275847434998,291.48004150390625,66.37496948242188,-6.161521911621094,0.24730068445205688,395.1914367675781,84.53441619873047,-6.492018699645996,0.23230355978012085,26.996278762817383,5,0.8735780715942383,0.45046669244766235,78.5646743774414,978.5489170034376,2019.1439474957788,44.95484201818161,3.300394742542495,0.48597684502601624,0.4850388765335083,-83.55074310302734,2,3.6997392177581787,0.00027050901553593576,412.8647155761719,5.24146842956543,44.95484201818161,3.300394742542495
1231.24169921875,118.23162078857422,-7.725858211517334,0.10428459197282791,591.0147705078125,66.91840362548828,-6.928995609283447,0.12296374887228012,794.29931640625,102.553955078125,-7.249960422515869,0.1402161568403244,31.714580535888672,21,1.997639775276184,1.5713269710540771,-83.90937805175781,1426.1798131625274,2035.3891121373422,44.95604383797252,3.2676427976804185,0.38055041432380676,0.3801068663597107,11.99041748046875,2,10.61312198638916,0.0007760555017739534,508.26666259765625,11.985838890075684,44.95604383797252,3.267642797680419
9959.451171875,131.95697021484375,-9.995588302612305,0.014388872310519218,7178.72119140625,79.3795166015625,-9.640117645263672,0.012008567340672016,9797.6181640625,142.7736358642578,-9.977801322937012,0.01582549698650837,278.46343994140625,117,2.553577423095703,2.104397773742676,70.72914123535156,133.30859414848484,2055.7833852999497,44.95749077379724,3.3622173212721895,0.032949768006801605,0.032439712435007095,59.27214813232422,0,5.622635364532471,0.00041101171518675983,9726.619140625,15.321464538574219,44.95749077379724,3.362217321272189
26843.298828125,161.4853973388672,-11.072090148925781,0.006533218547701836,21264.810546875,100.93769836425781,-10.819153785705566,0.005154917016625404,25980.537109375,153.5154266357422,-11.036620140075684,0.006417024880647659,1207.15771484375,175,2.243718385696411,2.224353075027466,37.64486312866211,1729.9293137586917,2065.9871462978285,44.958290337791404,3.2454138868166766,0.011407244019210339,0.011319580487906933,4.488219738006592,0,4.071848392486572,0.0002977565163746476,26817.517578125,13.462310791015625,44.958290337791404,3.2454138868166766
2030.11572265625,113.22867584228516,-8.26880168914795,0.0605711005628109,1407.715576171875,68.48302459716797,-7.8712873458862305,0.05283209681510925,1862.3385009765625,123.59105682373047,-8.175146102905273,0.07207062095403671,68.60469055175781,50,2.0525927543640137,1.8333059549331665,-45.78080368041992,1254.812805662453,2044.7931343454663,44.95672764195181,3.2801802427189064,0.13843883574008942,0.13787230849266052,-13.675773620605469,0,6.635710716247559,0.0004851986886933446,1841.7119140625,12.315556526184082,44.95672764195182,3.2801802427189117
373.2276916503906,66.45060729980469,-6.429934501647949,0.1933547854423523,318.76678466796875,66.25061798095703,-6.258682727813721,0.22570788860321045,293.7140808105469,80.19670104980469,-6.169811725616455,0.29652518033981323,28.572368621826172,5,1.394505262374878,0.3654097318649292,-74.7425537109375,485.7000513731775,2040.0207425925382,44.956352299787916,3.3364452101511186,0.6117161512374878,0.6098355650901794,68.19599151611328,2,4.227270126342773,0.0003090413229074329,117.47796630859375,8.36703109741211,44.956352299787916,3.3364452101511186
3852.5986328125,111.64771270751953,-8.964384078979492,0.031472112983465195,2944.138427734375,71.56233978271484,-8.672395706176758,0.026397094130516052,3641.751953125,112.59160614013672,-8.903275489807129,0.03357573226094246,153.44017028808594,66,1.9709409475326538,1.7755662202835083,-48.446319580078125,380.3275820158099,2057.558728385281,44.95763160565532,3.3441505183916123,0.0607304722070694,0.060463059693574905,-9.27029037475586,2,4.832381248474121,0.0003532666596584022,3548.936279296875,11.825645446777344,44.95763160565532,3.344150518391612
491.5968322753906,67.23497772216797,-6.72902250289917,0.14853063225746155,428.617431640625,66.58241271972656,-6.580174446105957,0.16870172321796417,468.19659423828125,75.54707336425781,-6.676070690155029,0.1752343475818634,43.38014602661133,13,1.4554680585861206,1.1353284120559692,-4.575747966766357,285.4102875797813,2043.0810393538359,44.956567907500656,3.3510945101879837,0.30040523409843445,0.29919007420539856,-7.933043003082275,0,6.034217357635498,0.0004411180561874062,75.47771453857422,8.732808113098145,44.95656790750064,3.3510945101879765
593.517333984375,81.8658218383789,-6.933583736419678,0.14979559183120728,487.81451416015625,66.67935180664062,-6.72063684463501,0.14844530820846558,397.9806823730469,87.53133392333984,-6.499654769897461,0.23885338008403778,29.663311004638672,12,1.5904886722564697,0.9119018912315369,-17.99518394470215,1215.6455394429004,2043.0708251774236,44.95660048237125,3.283046057137757,0.3212350904941559,0.3206029236316681,31.481117248535156,3,7.1956400871276855,0.000526136311236769,197.43972778320312,9.542932510375977,44.95660048237125,3.283046057137757
79191.9765625,459.03753662109375,-12.246703147888184,0.006295016035437584,11096.5478515625,85.8659439086914,-10.112969398498535,0.008403551764786243,76571.0859375,474.6641540527344,-12.210162162780762,0.0067321136593818665,293.60125732421875,1250,12.73307991027832,4.861273288726807,79.07017517089844,1469.0178313366982,2214.9890456763274,44.969189832636346,3.264490844099072,0.05315978825092316,0.05059216916561127,79.47696685791016,0,21.474956512451172,0.0015701771480962634,55738.4765625,76.39848327636719,44.96918983263634,3.2644908440990665
378.2236328125,58.72660446166992,-6.444371700286865,0.1686227023601532,599.677490234375,66.88497924804688,-6.944794178009033,0.1211269274353981,803.725341796875,136.64712524414062,-7.2627692222595215,0.18463866412639618,35.70880126953125,10,1.2665797472000122,1.0200318098068237,-14.369091033935547,1520.0196717423307,2049.3233194607674,44.95706602639354,3.2607752011927658,0.37279433012008667,0.3710981011390686,-31.778995513916016,2,6.396111488342285,0.0004677039396483451,849.6229248046875,7.599478721618652,44.95706602639353,3.2607752011927604
1026.706787109375,84.5230941772461,-7.528615951538086,0.08940437436103821,851.3074951171875,67.37708282470703,-7.325216293334961,0.08595191687345505,938.8440551757812,86.41679382324219,-7.431483745574951,0.09996189922094345,58.8433837890625,26,1.7683625221252441,1.19696044921875,-48.11497497558594,2029.1236274020068,2057.2481828082705,44.95765615719648,3.223519997049527,0.1757245510816574,0.17489635944366455,-72.51541900634766,3,5.999307632446289,0.0004387295339256525,-196.3047637939453,10.610175132751465,44.95765615719647,3.2235199970495225
777.5277709960938,92.19818878173828,-7.226789951324463,0.1287764012813568,555.4955444335938,66.84506225585938,-6.861701488494873,0.13068285584449768,711.2922973632812,104.515380859375,-7.130120277404785,0.15957392752170563,34.40864562988281,16,2.2108492851257324,1.4045361280441284,8.084875106811523,329.46971888971797,2051.9993499248003,44.95722255216167,3.347870966627704,0.40947216749191284,0.4081310033798218,-21.017520904541016,2,10.555695533752441,0.0007716562831774354,289.7216796875,13.265095710754395,44.95722255216167,3.3478709666277036
1835.929931640625,121.97827911376953,-8.159640312194824,0.07215330749750137,1116.689208984375,67.94413757324219,-7.61983060836792,0.06607687473297119,1571.374755859375,123.61309814453125,-7.990699291229248,0.0854308158159256,61.517642974853516,48,2.2118303775787354,2.030129909515381,52.2158088684082,148.7262776151314,2066.6160472868855,44.95828432476125,3.361088458131081,0.1772550493478775,0.17666427791118622,32.67914962768555,0,8.843400001525879,0.0006464474136009812,1518.9110107421875,13.27098274230957,44.958284324761244,3.361088458131074
2892.576171875,107.57978820800781,-8.65321159362793,0.040390171110630035,2198.358154296875,70.05933380126953,-8.355246543884277,0.03460966423153877,2550.5400390625,110.85868072509766,-8.516580581665039,0.047202758491039276,123.2691650390625,59,2.04512882232666,1.687106966972351,83.938232421875,16.700838891874767,2070.4401836155594,44.95855798311703,3.37074347021399,0.0737408772110939,0.07325663417577744,77.6399154663086,0,5.259279727935791,0.0003844362508971244,-746.89453125,12.270772933959961,44.95855798311702,3.370743470213983
452.6385192871094,72.9844970703125,-6.639378547668457,0.17510919272899628,201.41775512695312,66.05752563476562,-5.760244369506836,0.35616758465766907,197.93304443359375,78.40667724609375,-5.74129581451416,0.430194228887558,26.430391311645508,11,1.775983452796936,1.0769890546798706,83.12677764892578,1963.3170979557901,2059.0451780059198,44.95778659887862,3.2283356528860967,0.4223574697971344,0.4219171106815338,70.65950775146484,0,8.272930145263672,0.0006049918010830879,-400.61236572265625,10.655900955200195,44.95778659887862,3.2283356528860967
406091.90625,410.2032470703125,-14.021560668945312,0.001096994848921895,315147.28125,302.273193359375,-13.746283531188965,0.0010416357545182109,394425.59375,363.0041809082031,-13.989912986755371,0.0009994851425290108,16791.8203125,579,2.6588778495788574,2.5541443824768066,11.274983406066895,813.9097990622303,2133.5429543046384,44.963209555729314,3.3124267424292184,0.002356862183660269,0.002339405007660389,10.868879318237305,0,4.111947536468506,0.0003006208862643689,405048.0625,15.953267097473145,44.96320955572932,3.3124267424292246
3381.395263671875,145.350830078125,-8.822739601135254,0.046682208776474,1792.8623046875,69.35443878173828,-8.133867263793945,0.04201043024659157,3078.640625,145.85801696777344,-8.720897674560547,0.05145186558365822,68.9062728881836,79,2.939568519592285,2.135374069213867,-23.93931770324707,1207.620449509817,2080.1998470137128,44.95931784118211,3.283629442315433,0.14721070230007172,0.1459347903728485,-18.068574905395508,2,11.688811302185059,0.0008546552853658795,2340.4453125,17.63741111755371,44.9593178411821,3.283629442315427
6808.61962890625,165.1973876953125,-9.582647323608398,0.026349594816565514,3224.12890625,72.17203521728516,-8.771031379699707,0.024310080334544182,6151.98291015625,175.22857666015625,-9.472537994384766,0.030932828783988953,120.22184753417969,139,3.8304951190948486,2.2799718379974365,14.488127708435059,124.14209348472656,2084.8344832129364,44.959616576727015,3.3628842464969955,0.08570936322212219,0.08356230705976486,16.817472457885742,0,10.301594734191895,0.0007530294242314994,5045.51025390625,22.98297119140625,44.959616576727015,3.362884246496996
215.0766143798828,50.88312530517578,-5.831482887268066,0.25692740082740784,183.0824737548828,66.01918029785156,-5.656617164611816,0.39160946011543274,198.96011352539062,85.72814178466797,-5.746914863586426,0.46793681383132935,22.676315307617188,5,1.4883466958999634,0.4031964838504791,78.21177673339844,1103.1586137224083,2064.7692498276533,44.95818537675139,3.291273631368933,0.6687960028648376,0.6638306379318237,-82.99156188964844,2,4.596989154815674,0.0003361144626978785,54.200382232666016,8.93008041381836,44.9581853767514,3.291273631368939
3591.269287109375,161.84310913085938,-8.8881196975708,0.04894136264920235,1594.620361328125,69.10771942138672,-8.006643295288086,0.04706510901451111,3484.52197265625,159.43658447265625,-8.855358123779297,0.04969064146280289,51.246456146240234,83,2.866079807281494,2.4344751834869385,6.3459391593933105,589.8359014276709,2087.2155100251316,44.95981064103889,3.328822775614874,0.19139868021011353,0.1908726692199707,20.673213958740234,2,12.72936725616455,0.0009306037100031972,2999.0791015625,17.19647979736328,44.95981064103889,3.3288227756148734
1367.6016845703125,117.09156036376953,-7.839899063110352,0.09298133850097656,844.3851318359375,67.43928527832031,-7.316351413726807,0.08673655986785889,1068.180908203125,108.20614624023438,-7.5716118812561035,0.11001121252775192,45.510459899902344,36,1.966861605644226,1.7307246923446655,12.855634689331055,959.6754343548569,2082.403408830327,44.95947156782993,3.301768827409126,0.2584226131439209,0.25765088200569153,13.33689022064209,0,7.791846752166748,0.0005696877487935126,837.9548950195312,11.801169395446777,44.95947156782993,3.301768827409126
1970.050537109375,138.78973388671875,-8.236193656921387,0.0765085220336914,874.7656860351562,67.52689361572266,-7.354729175567627,0.08383297175168991,1216.914306640625,116.7801513671875,-7.7131500244140625,0.10421706736087799,48.76067352294922,41,2.338945150375366,1.7261241674423218,12.8172607421875,606.9722725569773,2076.735713141385,44.95904427771951,3.327570466324349,0.2615298628807068,0.2608916759490967,2.8296456336975098,2,10.61933422088623,0.0007763527100905776,836.3319091796875,14.033670425415039,44.95904427771951,3.327570466324349
853.7006225585938,96.4007568359375,-7.328263759613037,0.12263224273920059,563.3583374023438,67.09193420410156,-6.876961708068848,0.12933480739593506,634.6419067382812,76.41433715820312,-7.006321907043457,0.1307603120803833,35.79880142211914,18,1.5916393995285034,1.1335588693618774,57.97791290283203,679.0978203797379,2079.2508680119467,44.95923107944114,3.3222943037813764,0.3010859787464142,0.29978030920028687,62.08415985107422,2,7.9628400802612305,0.0005821526283398271,477.5914001464844,9.549836158752441,44.95923107944114,3.3222943037813764
211.93360900878906,50.36774444580078,-5.815499782562256,0.25809672474861145,354.1351318359375,66.58258056640625,-6.372922420501709,0.20418386161327362,351.7599182128906,104.45082092285156,-6.3656158447265625,0.32247447967529297,24.763425827026367,5,1.2783280611038208,0.5585530400276184,-40.014007568359375,1416.6370638228168,2071.5017665816627,44.958686819956284,3.268337505396529,0.5770230293273926,0.5767598748207092,2.3849875926971436,2,5.023725509643555,0.00036733923479914665,263.2852783203125,7.669968605041504,44.95868681995627,3.2683375053965236
691.4373779296875,85.51229095458984,-7.099381923675537,0.13430912792682648,513.6768188476562,66.81000518798828,-6.776724815368652,0.1412476897239685,575.6470336914062,88.29849243164062,-6.900390625,0.16658152639865875,29.18172836303711,18,2.1392455101013184,1.0745511054992676,19.30756378173828,255.54678766511879,2076.4358079863096,44.95900784608592,3.3532747958596105,0.3996976315975189,0.39831283688545227,21.560522079467773,0,9.074934005737305,0.0006633877637796104,5.067488193511963,12.83547306060791,44.95900784608591,3.3532747958596034
953.1368408203125,88.886474609375,-7.447888374328613,0.10127686709165573,612.5240478515625,66.93714904785156,-6.967807769775391,0.1186790019273758,612.6046752929688,71.7393569946289,-6.967950820922852,0.12717653810977936,50.60246658325195,18,1.5712096691131592,0.947867751121521,10.90298843383789,1569.8246862270196,2079.130744919713,44.95924888916985,3.2571280626323142,0.1779375523328781,0.17681705951690674,-1.1757838726043701,0,5.1664862632751465,0.0003777883539441973,367.8262023925781,9.427257537841797,44.95924888916985,3.2571280626323142
367.8414306640625,65.6211929321289,-6.414151668548584,0.19373732805252075,251.9912872314453,66.16317749023438,-6.0034637451171875,0.28514164686203003,252.59312438964844,59.18115234375,-6.006053924560547,0.2544437050819397,27.1830997467041,9,1.1469225883483887,0.920322060585022,36.76901626586914,447.10491974245053,2080.9771908586254,44.95934838353654,3.3392635661017227,0.40503716468811035,0.4038594365119934,-72.50523376464844,0,5.416502475738525,0.00039597065187990665,110.05884552001953,6.881535530090332,44.95934838353655,3.3392635661017303
4338.7880859375,163.44625854492188,-9.09342098236084,0.04091065004467964,2113.6474609375,70.01481628417969,-8.312581062316895,0.03597387671470642,3410.928955078125,151.36390686035156,-8.832181930541992,0.048192501068115234,77.71739959716797,94,3.070911169052124,2.179556131362915,27.284284591674805,523.0654533899262,2103.430821599794,44.96099481991901,3.3337049422619947,0.11787291616201401,0.11616099625825882,37.3637580871582,0,9.5487642288208,0.0006980632897466421,2220.94775390625,18.425466537475586,44.96099481991901,3.3337049422619947
40554.26171875,178.30776977539062,-11.52009105682373,0.00477489223703742,32164.412109375,115.00642395019531,-11.268439292907715,0.003883079858496785,39519.08203125,166.7974395751953,-11.492016792297363,0.004583659581840038,1786.9693603515625,201,2.302762985229492,2.209855556488037,-9.005084037780762,2010.8703804752986,2116.4248223954146,44.96198713322455,3.2248506218062474,0.008584112860262394,0.008541659452021122,2.3771378993988037,0,4.025381565093994,0.00029436685144901276,40307.63671875,13.816577911376953,44.96198713322455,3.2248506218062474
3875.7119140625,202.0865478515625,-8.970878601074219,0.056625980883836746,940.4912109375,67.58503723144531,-7.43338680267334,0.07804150879383087,3272.535400390625,226.63563537597656,-8.787210464477539,0.07520966976881027,46.71119689941406,56,3.344963788986206,2.240217924118042,53.68684387207031,1580.128905437473,2110.8523421794234,44.961570883849994,3.256371064501964,0.35192278027534485,0.3504609763622284,7.014601230621338,2,16.419151306152344,0.0012006001779809594,2979.6962890625,20.069782257080078,44.96157088384997,3.2563710645019532
946.9498901367188,91.5052490234375,-7.440817356109619,0.10494188219308853,657.5044555664062,67.13223266601562,-7.0447468757629395,0.11088229715824127,669.5556030273438,98.97640991210938,-7.06446647644043,0.16053690016269684,43.924503326416016,25,2.185303211212158,1.3055198192596436,-71.96435546875,211.29927287016866,2102.970001588556,44.96094787454644,3.356507813608824,0.2124454230070114,0.21157798171043396,-72.91020202636719,0,9.421205520629883,0.000688684347551316,-5.687263488769531,13.11181926727295,44.960947874546434,3.3565078136088173
2200.859130859375,98.37346649169922,-8.356480598449707,0.04854176566004753,1761.1639404296875,69.31604766845703,-8.11449909210205,0.042742885649204254,2001.5047607421875,99.96298217773438,-8.25339126586914,0.05423909053206444,91.62218475341797,47,1.7784614562988281,1.61673104763031,-10.427591323852539,1635.8617429785136,2102.730098714375,44.96097765090137,3.252293757704945,0.08837023377418518,0.08811679482460022,1.1251633167266846,0,5.395076274871826,0.00039450431359000504,1788.04833984375,10.670768737792969,44.960977650901356,3.2522937577049396
489.5631103515625,75.64639282226562,-6.724521636962891,0.1678067296743393,372.2926330566406,66.49129486083984,-6.427211284637451,0.1939591020345688,394.7159729003906,92.29838562011719,-6.490711688995361,0.2539447546005249,27.102066040039062,12,1.8883254528045654,0.9766200184822083,-26.736644744873047,409.1451900720087,2096.012061358966,44.96044721138637,3.3420383190492,0.45779627561569214,0.4556747078895569,-45.24824905395508,0,8.122257232666016,0.0005937637761235237,223.56114196777344,11.329952239990234,44.96044721138635,3.342038319049193
652.4405517578125,82.93598175048828,-7.036352157592773,0.13804855942726135,474.52734375,66.7290267944336,-6.690653324127197,0.15271559357643127,399.33416748046875,79.84276580810547,-6.503341197967529,0.21713455021381378,30.993492126464844,17,1.8338251113891602,1.0601924657821655,4.393877983093262,1996.2467156142131,2096.960375298095,44.96056226708538,3.2259225032246386,0.2634275555610657,0.26131686568260193,35.86946105957031,0,8.3412504196167,0.0006099803722463548,-190.8792724609375,11.002950668334961,44.96056226708538,3.2259225032246386
2350.650390625,103.4243392944336,-8.427969932556152,0.04778202250599861,1765.0072021484375,69.42266845703125,-8.116866111755371,0.042715419083833694,2048.8779296875,112.16132354736328,-8.278790473937988,0.05945068597793579,102.30431365966797,51,2.2307488918304443,1.635156512260437,52.6920280456543,1686.4492760509308,2122.675331900369,44.96243854818093,3.2485902397138227,0.0928928405046463,0.09255129098892212,-33.66697692871094,0,7.368505954742432,0.0005388076533563435,1404.9849853515625,13.384492874145508,44.96243854818092,3.2485902397138178
2842.158935546875,149.84915161132812,-8.63412094116211,0.057257942855358124,1470.5301513671875,68.83435821533203,-7.918684959411621,0.05083480849862099,2382.79638671875,140.69512939453125,-8.442717552185059,0.064124196767807,53.19728088378906,74,2.674212694168091,2.1775472164154053,79.6375961303711,914.8465500408861,2125.1887593854804,44.9626015675484,3.3050437678765987,0.17430540919303894,0.1734309196472168,88.69833374023438,0,10.559494018554688,0.0007720161811448634,1888.37939453125,16.045276641845703,44.96260156754841,3.305043767876605
618.2189331054688,81.58576965332031,-6.977855682373047,0.14331839978694916,492.2801818847656,66.66285705566406,-6.730530738830566,0.14706231653690338,599.3209228515625,132.28895568847656,-6.944148540496826,0.23971432447433472,29.149822235107422,11,1.4543389081954956,1.1822484731674194,61.08018493652344,643.8479546514432,2113.261761184495,44.9617190169426,3.3248690171775914,0.40381309390068054,0.4019112288951874,44.021018981933594,3,7.840498924255371,0.0005731944693252444,663.56494140625,8.726033210754395,44.96171901694259,3.324869017177585
832.7349243164062,89.66860961914062,-7.301267147064209,0.11694010347127914,623.14892578125,67.01030731201172,-6.986479759216309,0.11678299307823181,774.6317138671875,99.55485534667969,-7.222738265991211,0.13957157731056213,44.67391586303711,22,1.6466999053955078,1.3478264808654785,-27.06654167175293,544.3454100639308,2140.2965665981483,44.96369380161768,3.332144240831903,0.24976034462451935,0.24923938512802124,-18.168668746948242,0,7.2172627449035645,0.0005276124575175345,731.7842407226562,9.880199432373047,44.96369380161769,3.332144240831909
714.8468017578125,90.08242797851562,-7.135532379150391,0.13685382902622223,450.6492919921875,66.65384674072266,-6.634596824645996,0.16062618792057037,435.2629699707031,84.09114074707031,-6.596879482269287,0.2098110467195511,35.631935119628906,18,1.7682077884674072,1.1778167486190796,47.4280891418457,679.475942514138,2140.948726159651,44.96374671655097,3.322259808952576,0.2983644902706146,0.29621049761772156,52.466880798339844,0,8.220085144042969,0.000600942294113338,70.34185791015625,10.609247207641602,44.96374671655097,3.3222598089525754
1455.710205078125,123.45724487304688,-7.907687187194824,0.09210251271724701,663.0994262695312,67.06700897216797,-7.053946495056152,0.10983989387750626,939.7289428710938,139.88624572753906,-7.432506561279297,0.16165988147258759,41.79621887207031,23,2.540266752243042,0.9611414670944214,-77.15866088867188,358.24661407888016,2152.9024128802344,44.96460872920923,3.3457544936250656,0.31920909881591797,0.3173366189002991,-52.40070343017578,2,9.354268074035645,0.0006838013068772852,362.7425537109375,15.241600036621094,44.96460872920923,3.345754493625065
1866.141845703125,101.87641143798828,-8.177361488342285,0.05928691104054451,1379.4881591796875,68.50128936767578,-7.849295139312744,0.05392753705382347,1456.3914794921875,99.2070083618164,-7.908195495605469,0.0739765465259552,75.30323791503906,40,1.7390626668930054,1.6460938453674316,43.428035736083984,1411.783851425608,2151.798656393514,44.96456368666692,3.2686847056090604,0.10356622189283371,0.10310337692499161,-44.714317321777344,2,6.114914894104004,0.0004471105057746172,1223.140380859375,10.434375762939453,44.96456368666692,3.2686847056090604
554.8035888671875,82.13520812988281,-6.860348224639893,0.16077552735805511,180.4364471435547,66.0136489868164,-5.640810489654541,0.397318959236145,282.2795715332031,94.42994689941406,-6.1266984939575195,0.3632955849170685,23.879905700683594,6,0.9922585487365723,0.6703354716300964,-77.79850769042969,1039.7003168657868,2154.6400665981146,44.96476110024976,3.295906816090035,0.6655488610267639,0.6641783714294434,-66.06946563720703,2,4.845269203186035,0.0003542474878486246,244.98452758789062,5.953551292419434,44.96476110024976,3.295906816090035
490.8787536621094,75.83222198486328,-6.72743558883667,0.16776809096336365,267.1849670410156,66.50529479980469,-6.06702995300293,0.270317405462265,244.2227783203125,79.57402038574219,-5.969465255737305,0.35384654998779297,29.187835693359375,7,1.0535874366760254,0.843752384185791,59.422340393066406,1341.5427268080307,2144.9454677754843,44.964060288494096,3.2738246343234314,0.3840750455856323,0.38175350427627563,1.2787872552871704,2,4.712644577026367,0.00034457544097676873,232.5872802734375,6.321524620056152,44.964060288494096,3.273824634323431
796.1461181640625,88.56536865234375,-7.252481937408447,0.12080947309732437,588.8394775390625,66.86260223388672,-6.924992084503174,0.12331507354974747,726.170166015625,116.93453979492188,-7.1525959968566895,0.1748776137828827,40.97426986694336,18,1.836416482925415,1.4417225122451782,77.3338851928711,1806.4491528254725,2155.7387542187985,44.96486087100197,3.23980624240072,0.31273990869522095,0.31127771735191345,16.20384979248047,2,8.245131492614746,0.0006029134965501726,806.3013916015625,11.018499374389648,44.96486087100197,3.2398062424007197
1210.031982421875,106.58563232421875,-7.706992149353027,0.09566027671098709,804.8473510742188,67.38374328613281,-7.264283657073975,0.0909225195646286,881.7286376953125,125.94464111328125,-7.363337516784668,0.15512241423130035,42.77027130126953,32,1.9657737016677856,1.5426446199417114,-28.694110870361328,535.7114335437819,2158.031326932967,44.96499141072611,3.3327737549394256,0.22631828486919403,0.22548042237758636,-16.438642501831055,0,10.122286796569824,0.0007399741443805397,942.5770874023438,11.794642448425293,44.9649914107261,3.332773754939419
2091.526611328125,125.73542022705078,-8.301158905029297,0.06528659909963608,1270.9405517578125,68.25695037841797,-7.760313034057617,0.05832456052303314,1770.243408203125,117.43270111083984,-8.12008285522461,0.07204201817512512,64.19605255126953,51,2.0812559127807617,1.9806818962097168,-55.561824798583984,567.8293391945246,2170.149068770329,44.96587952865635,3.3304231211141935,0.16726866364479065,0.16718019545078278,7.74574613571167,2,8.25195598602295,0.0006032478413544595,1437.4937744140625,12.48753547668457,44.965879528656345,3.3304231211141864
5141.7021484375,64.8578872680664,-9.277767181396484,0.013698900118470192,4636.947265625,74.75788879394531,-9.165580749511719,0.0175087321549654,4923.13818359375,65.40315246582031,-9.230605125427246,0.014427347108721733,1065.5244140625,22,1.832344889640808,0.49877625703811646,0.8815352320671082,1564.439458060837,2157.8511603219176,44.965010354629705,3.25751456511477,0.016967039555311203,0.013923786580562592,2.556972026824951,3,5.61649227142334,0.0004106783017050475,4482.18212890625,10.99406909942627,44.9650103546297,3.2575145651147657
443.1665344238281,71.5460205078125,-6.616417407989502,0.17532682418823242,294.76092529296875,66.14868927001953,-6.173674583435059,0.2437143623828888,291.8340148925781,62.10081481933594,-6.162839889526367,0.2310953587293625,28.229705810546875,8,1.670972466468811,0.6798986196517944,41.95871353149414,1724.8340464680412,2158.519680166632,44.965062776126736,3.2457781355564057,0.39849600195884705,0.3971525728702545,16.62063980102539,2,6.360029220581055,0.00046506011858582497,102.89640045166016,10.025835037231445,44.965062776126736,3.2457781355564053
1595.58642578125,46.691646575927734,-8.00730037689209,0.03177961707115173,1601.692138671875,68.89801788330078,-8.01144790649414,0.04671512171626091,1604.113037109375,51.71354293823242,-8.013087272644043,0.03501056879758835,281.1206970214844,15,1.379903793334961,0.5525879263877869,2.6365838050842285,1569.4839119107587,2157.0268425929867,44.96495013995178,3.2571455413840122,0.04069976136088371,0.03671394661068916,2.5134096145629883,3,5.194796085357666,0.00037984439404681325,1535.8846435546875,8.279422760009766,44.964950139951775,3.2571455413840074
1288.244140625,106.49330139160156,-7.77499532699585,0.08977469801902771,961.542724609375,67.67877960205078,-7.45742130279541,0.0764387845993042,1122.5286865234375,96.98737335205078,-7.62549352645874,0.09383126348257065,48.125301361083984,34,1.8660552501678467,1.4444793462753296,44.51804733276367,1587.902669004062,2168.7945717730404,44.9658118189561,3.2557967054813832,0.19886575639247894,0.1983872801065445,14.43416976928711,2,7.132391929626465,0.0005215206765569746,732.5148315429688,11.196331024169922,44.965811818956084,3.2557967054813783
3905.427490234375,71.29240417480469,-8.979171752929688,0.01982460357248783,2556.61376953125,70.7862777709961,-8.519163131713867,0.030068639665842056,4400.9599609375,82.94245910644531,-9.108868598937988,0.0204672422260046,396.5694274902344,23,3.491030216217041,0.4830372929573059,-56.74275207519531,1130.3709991817793,2180.8843344909155,44.966684624308314,3.289270746643977,0.06034564599394798,0.01204177550971508,-52.52229690551758,3,7.764063835144043,0.0005676514701917768,2427.732666015625,20.946182250976562,44.9666846243083,3.2892707466439712
1786.6077880859375,37.647796630859375,-8.130072593688965,0.022884434089064598,1694.1478271484375,69.03338623046875,-8.072378158569336,0.044252488762140274,1610.88232421875,38.40229797363281,-8.017659187316895,0.025889473035931587,475.1968994140625,9,1.7740269899368286,0.23637837171554565,-2.3730599880218506,1555.691979884756,2157.9958662866497,44.96502074352826,3.2581546033348903,0.030135678127408028,0.024927765130996704,0.17013010382652283,19,3.8234241008758545,0.0002795685431919992,1211.8621826171875,10.64416217803955,44.96502074352826,3.2581546033348907
2199.1103515625,138.51231384277344,-8.35561752319336,0.06840237230062485,1085.2579345703125,67.95602416992188,-7.588832378387451,0.06800249218940735,1741.031982421875,129.56053161621094,-8.10201644897461,0.08081571012735367,43.492618560791016,58,3.2347030639648438,1.5185766220092773,9.361096382141113,118.19532724821862,2175.1345092698393,44.966225011947856,3.363308296996901,0.21759644150733948,0.21507766842842102,10.43399715423584,0,13.287213325500488,0.0009712315513752401,928.1484985351562,19.408218383789062,44.966225011947856,3.363308296996901
1359.2689208984375,100.7184066772461,-7.833263397216797,0.08046986907720566,993.2852172851562,67.61672973632812,-7.492684841156006,0.07392817735671997,1057.4925537109375,97.7763671875,-7.560693264007568,0.10041218250989914,66.36509704589844,35,1.8098444938659668,1.5204442739486694,88.48775482177734,210.54647981591964,2181.4780970905504,44.96669352935914,3.3565535305566105,0.14151081442832947,0.14079268276691437,-8.163689613342285,0,5.928760528564453,0.00043337297393009067,831.4843139648438,10.8590669631958,44.96669352935914,3.35655353055661
536.9561157226562,80.74118041992188,-6.824847221374512,0.16329997777938843,270.64617919921875,66.51248168945312,-6.081004619598389,0.2668892443180084,234.48768615722656,85.78535461425781,-5.925300121307373,0.3973039984703064,28.492172241210938,12,1.6075456142425537,1.3470817804336548,42.25858688354492,195.24884605805292,2171.063555485031,44.9659306532012,3.3576735692109545,0.4113331735134125,0.4107044041156769,-79.58670043945312,0,8.806378364562988,0.0006437179399654269,39.366737365722656,9.645273208618164,44.96593065320121,3.357673569210962
1689.31103515625,133.5424346923828,-8.069273948669434,0.08584984391927719,795.6640625,67.3139419555664,-7.251824378967285,0.09187664836645126,1277.957275390625,128.06472778320312,-7.766290664672852,0.1088285967707634,45.60591506958008,41,2.5577709674835205,1.929479956626892,74.39637756347656,1967.3763273110449,2190.1703456855525,44.967383755319986,3.228026953906098,0.27619844675064087,0.2759397029876709,-88.59584045410156,2,11.714442253112793,0.0008566128672100604,848.2282104492188,15.346626281738281,44.967383755319986,3.228026953906098
2096.673095703125,51.136085510253906,-8.303826332092285,0.026486622169613838,2221.24365234375,70.2022933959961,-8.366490364074707,0.03432297334074974,2295.31396484375,61.718589782714844,-8.402105331420898,0.029201403260231018,320.7099609375,18,1.8118869066238403,0.5419266819953918,-61.8375244140625,1127.5514944100723,2185.225222446798,44.967002234803026,3.2894765672662056,0.03922204673290253,0.03501231223344803,-55.37484359741211,3,5.907028675079346,0.00043187759001739323,1657.698486328125,10.871321678161621,44.967002234803005,3.289476567266194
735.3428344726562,92.76324462890625,-7.166224479675293,0.1369985193014145,427.3724365234375,66.347412109375,-6.577016353607178,0.1685960292816162,454.043701171875,96.4765396118164,-6.642744064331055,0.230756476521492,26.805889129638672,18,2.031733512878418,1.4021563529968262,-69.18305206298828,642.9146063684503,2183.7716333309036,44.966879402533976,3.3249293979608816,0.4306338131427765,0.42997971177101135,-67.51912689208984,0,10.108458518981934,0.000738973671104759,-76.01643371582031,12.190401077270508,44.966879402533976,3.3249293979608816
25430.564453125,230.6916046142578,-11.013389587402344,0.009851573966443539,8470.9267578125,81.47045135498047,-9.81982707977295,0.010444773361086845,24565.568359375,249.44422912597656,-10.97581672668457,0.011027485132217407,283.037109375,345,5.783194541931152,2.8882100582122803,-55.471195220947266,44.18524605495939,2235.2796360761845,44.97062302222691,3.3687134026206063,0.04471975192427635,0.04204149544239044,-60.039878845214844,0,13.808643341064453,0.0010092983720824122,20753.216796875,34.69916534423828,44.97062302222691,3.3687134026206063
366.8483581542969,65.45811462402344,-6.4112162590026855,0.19377900660037994,195.98854064941406,66.04617309570312,-5.730576515197754,0.3659711182117462,236.41270446777344,67.28842163085938,-5.934176921844482,0.3091002404689789,30.60052490234375,9,2.041557788848877,0.6745947003364563,24.53788948059082,1326.1442572404371,2180.307473867555,44.96664795287478,3.274947706956047,0.7984086871147156,0.7932841777801514,12.169331550598145,0,7.010056495666504,0.0005125455209054053,-413.2434997558594,12.249346733093262,44.96664795287478,3.2749477069560466
1289.1551513671875,119.33208465576172,-7.775763034820557,0.10052680224180222,578.2327270507812,66.94332122802734,-6.905256748199463,0.12572868168354034,573.8056030273438,97.97065734863281,-6.896912097930908,0.1854219138622284,32.95435333251953,22,2.372868061065674,1.1950575113296509,82.31524658203125,1788.561160797571,2194.713324453417,44.967712980006645,3.241111594939725,0.35137757658958435,0.35018670558929443,51.781246185302734,2,10.08508586883545,0.0007374408887699246,278.4906005859375,14.237208366394043,44.96771298000666,3.2411115949397296
831.8534545898438,88.10826873779297,-7.300117015838623,0.11502696573734283,578.8948974609375,66.81637573242188,-6.90649938583374,0.12534673511981964,610.0657348632812,87.86531829833984,-6.963441371917725,0.15641221404075623,49.806636810302734,22,1.8339875936508179,1.2231369018554688,25.81678009033203,1218.424940484596,2193.4131964771846,44.96760413959789,3.2828274020737327,0.19578960537910461,0.19535326957702637,7.379780292510986,0,6.990344047546387,0.000511089398059994,402.71051025390625,11.003925323486328,44.96760413959789,3.2828274020737327
1247.9244384765625,108.45220947265625,-7.740470886230469,0.09437999129295349,715.66552734375,67.14961242675781,-7.136775493621826,0.10189743340015411,698.7141723632812,111.64532470703125,-7.110748767852783,0.1735285073518753,48.03661346435547,33,2.235924482345581,1.6233042478561401,-29.963525772094727,1096.8725777688883,2201.757440191749,44.96821123506149,3.291719265649161,0.19745288789272308,0.1970575898885727,-40.11560821533203,0,9.50307846069336,0.0006947835208848119,188.8574981689453,13.415546417236328,44.96821123506149,3.291719265649161
1089.9415283203125,109.31756591796875,-7.593507766723633,0.10892224311828613,663.9458618164062,67.04315948486328,-7.055331707000732,0.10966085642576218,890.0594482421875,100.99752044677734,-7.373547554016113,0.123231440782547,41.85258865356445,28,1.8150328397750854,1.7035037279129028,-76.96509552001953,1234.9774606144372,2200.303978419246,44.96810891856999,3.281615689885061,0.2953174412250519,0.2947287857532501,-48.54590606689453,0,7.946918487548828,0.0005810281727463007,685.13623046875,10.890196800231934,44.96810891856999,3.281615689885061
568.5726318359375,81.35960388183594,-6.886964797973633,0.1554006040096283,457.97650146484375,66.66902923583984,-6.652108192443848,0.15809230506420135,745.2786865234375,154.56735229492188,-7.1807966232299805,0.2252313792705536,36.220008850097656,14,2.342599868774414,0.9350518584251404,85.91881561279297,1761.7852430357684,2200.956651940635,44.96816937699954,3.243070316912712,0.49599868059158325,0.4955024719238281,5.573990821838379,3,8.857303619384766,0.000647657667286694,329.9405517578125,14.055599212646484,44.96816937699954,3.243070316912712
982.1751098632812,104.71018981933594,-7.480472087860107,0.11577901244163513,501.9118957519531,66.70854187011719,-6.751568794250488,0.14433902502059937,516.9398193359375,67.22648620605469,-6.783599853515625,0.14123107492923737,44.37505340576172,14,1.371505618095398,0.9422035217285156,78.97869873046875,1650.444671483255,2198.1266101358674,44.967959934959396,3.2512176511781887,0.2697344422340393,0.2690717279911041,-49.114418029785156,2,6.255268573760986,0.00045738453627564013,538.9241943359375,8.229033470153809,44.967959934959396,3.2512176511781887
2200.20947265625,124.97258758544922,-8.356160163879395,0.061685141175985336,1343.3133544921875,68.47846221923828,-7.820443153381348,0.05536132678389549,1870.4593505859375,127.6980209350586,-8.17987060546875,0.07414223998785019,54.268558502197266,52,2.2997426986694336,2.0513548851013184,-76.53841400146484,1872.8560228231029,2218.3765463162313,44.96944639363202,3.2349411256110305,0.15834075212478638,0.15751409530639648,-54.15300369262695,2,10.565802574157715,0.0007725954637862742,1670.3953857421875,13.798456192016602,44.96944639363202,3.234941125611031
1513.3826904296875,116.92329406738281,-7.949872016906738,0.08390389382839203,979.0763549804688,67.7398910522461,-7.477041244506836,0.0751376748085022,1176.1396484375,121.06251525878906,-7.6761474609375,0.11178424954414368,45.97001266479492,40,2.3512539863586426,1.8467943668365479,54.28034210205078,652.5384952502638,2218.7892366228334,44.969442513599695,3.324221500514542,0.21997304260730743,0.2196509838104248,17.09125518798828,0,12.490411758422852,0.0009130921098403633,233.29811096191406,14.107523918151855,44.96944251359968,3.3242215005145357
273.0758056640625,54.84418869018555,-6.090708255767822,0.2181108295917511,388.6855773925781,66.37035369873047,-6.473996162414551,0.18544091284275055,351.24334716796875,86.96556091308594,-6.364020347595215,0.2688865065574646,30.91286277770996,7,1.1894508600234985,0.48751142621040344,6.117274761199951,1678.1861323730902,2205.0384127654424,44.968466380025326,3.2491871093606033,0.34146222472190857,0.34045612812042236,3.6194348335266113,2,4.517014980316162,0.0003302842378616333,460.46087646484375,7.13670539855957,44.96846638002534,3.249187109360608
810.31591796875,93.22779083251953,-7.271636009216309,0.12494556605815887,491.9444885253906,66.71363067626953,-6.729790210723877,0.14727476239204407,550.9346923828125,93.45465850830078,-6.852750301361084,0.1842174082994461,32.62329864501953,17,1.7775828838348389,1.4915893077850342,-5.114238739013672,311.7276306972354,2227.182830824021,44.970042853226005,3.3491480845489146,0.3751005530357361,0.3739635944366455,-75.22713470458984,2,9.750208854675293,0.0007127113058231771,299.7806396484375,10.665496826171875,44.970042853226005,3.349148084548914
921.0528564453125,98.53292083740234,-7.410711288452148,0.1161787286400795,448.4203186035156,66.59770202636719,-6.629213333129883,0.16128864884376526,681.586181640625,136.20896911621094,-7.083801746368408,0.21702750027179718,53.05287551879883,14,1.6480991840362549,1.2180469036102295,0.25731512904167175,1979.9802695331018,2237.829773041348,44.97087194888923,3.2271003467923634,0.35271191596984863,0.35179853439331055,-34.869293212890625,0,5.557952880859375,0.0004064141248818487,605.9230346679688,9.888595581054688,44.97087194888923,3.2271003467923634
319.9196472167969,62.368568420410156,-6.26260232925415,0.21171648800373077,219.48704528808594,66.17314910888672,-5.853522300720215,0.32741814851760864,218.5633544921875,98.78044128417969,-5.84894323348999,0.49082133173942566,22.1773624420166,7,2.09645414352417,0.7469986081123352,39.27730941772461,130.66441661200767,2226.75146081585,44.97000305894354,3.3623901445103517,0.48448440432548523,0.48397135734558105,-1.8897013664245605,2,7.479745388031006,0.0005467217997647822,215.36363220214844,12.57872486114502,44.970003058943526,3.362390144510345
315.0552673339844,61.16355514526367,-6.245966911315918,0.2108316421508789,272.27557373046875,66.2832260131836,-6.087521553039551,0.2643776834011078,260.08929443359375,98.83848571777344,-6.037806034088135,0.41269901394844055,23.629440307617188,6,1.851510763168335,0.4688112139701843,-0.6397543549537659,131.685249484444,2224.7181907204226,44.96985430956242,3.362315735727483,0.47724220156669617,0.4751618206501007,29.778593063354492,18,5.548681259155273,0.0004055742174386978,296.41839599609375,11.109064102172852,44.96985430956241,3.3623157357274764
354.25360107421875,62.98728561401367,-6.37328577041626,0.19309385120868683,279.6797180175781,66.42796325683594,-6.116652488708496,0.2579406499862671,275.8835754394531,71.6892318725586,-6.1018147468566895,0.28220057487487793,26.830751419067383,9,1.4492899179458618,1.0429366827011108,-9.82479476928711,1895.818290459444,2231.649409907374,44.97041818463023,3.2332596256497865,0.479438841342926,0.47785329818725586,-32.28737258911133,0,7.347187042236328,0.0005372418090701103,165.59654235839844,8.69573974609375,44.97041818463023,3.2332596256497856
441.830078125,71.32112121582031,-6.613138198852539,0.1753043532371521,264.4072265625,66.21501159667969,-6.055683135986328,0.271964967250824,241.13970947265625,73.97981262207031,-5.955671787261963,0.33317646384239197,28.0750675201416,11,1.6115401983261108,0.9973147511482239,12.13988971710205,646.5394171552978,2236.2593560569426,44.97072080393461,3.3246583383938035,0.3392725884914398,0.33804380893707275,6.334987163543701,0,6.944832801818848,0.0005076862871646881,173.6888885498047,9.669240951538086,44.97072080393461,3.3246583383938026
5096.40478515625,65.6881332397461,-9.268159866333008,0.01399757619947195,4860.54052734375,75.23828125,-9.216711044311523,0.01681063510477543,6928.22314453125,83.5272445678711,-9.601554870605469,0.013092908076941967,863.17724609375,28,2.8607373237609863,0.5245721936225891,35.389373779296875,1582.7988990513186,2239.874308666281,44.9710137478602,3.2561632887231085,0.033279482275247574,0.02926277182996273,37.314125061035156,3,7.320515155792236,0.0005352575099095702,6148.16357421875,17.164424896240234,44.9710137478602,3.256163288723109
7420.73583984375,57.36515426635742,-9.676117897033691,0.008395199663937092,7402.50732421875,79.68180084228516,-9.673446655273438,0.011689882725477219,7366.2529296875,62.63064193725586,-9.668116569519043,0.00923357903957367,1825.9466552734375,13,1.2354693412780762,0.46267566084861755,41.82966232299805,1578.6128201782524,2236.0056403174326,44.970730526683354,3.256469954956835,0.010002286173403263,0.008333959616720676,18.891530990600586,3,3.205345869064331,0.0002343669766560197,7285.8916015625,7.412816047668457,44.97073052668334,3.2564699549568297
3694.602294921875,66.08320617675781,-8.918919563293457,0.019424650818109512,2958.933837890625,71.75850677490234,-8.677838325500488,0.026337100192904472,4014.063720703125,75.212890625,-9.008960723876953,0.02034875564277172,533.693359375,23,2.7382304668426514,0.49871328473091125,-44.32212448120117,1110.3977731889418,2249.6612519897967,44.9717174556156,3.2907247546189184,0.052221886813640594,0.04646490514278412,-44.116905212402344,3,6.9800896644592285,0.0005103143630549312,3505.041748046875,16.42938232421875,44.9717174556156,3.290724754618918
5345.27587890625,108.1640625,-9.319925308227539,0.021975697949528694,4368.98291015625,74.35359954833984,-9.100951194763184,0.018482107669115067,5141.541015625,114.7908706665039,-9.277732849121094,0.024246210232377052,235.81735229492188,75,2.0196211338043213,1.805664300918579,-7.140354633331299,760.1590503876048,2256.397490972109,44.972198779717516,3.3163451004574105,0.03926822915673256,0.039127469062805176,7.768557548522949,0,4.132720947265625,0.00030211839475668967,5000.9951171875,12.117727279663086,44.972198779717516,3.3163451004574105
3840.71484375,66.16223907470703,-8.961030006408691,0.01870802603662014,3113.155517578125,71.84001159667969,-8.733001708984375,0.025060828775167465,5252.11376953125,87.8365707397461,-9.300835609436035,0.018162310123443604,606.2350463867188,30,3.4887218475341797,0.5658197402954102,-46.579681396484375,1106.8256821584228,2253.4269334382566,44.97199293093448,3.290985683126577,0.06510571390390396,0.06002611294388771,-43.91512680053711,3,8.40534496307373,0.0006145131774246693,4403.6103515625,20.932331085205078,44.97199293093448,3.290985683126577
1046.3846435546875,112.4518051147461,-7.549228191375732,0.1167091503739357,390.0834045410156,66.50243377685547,-6.477893829345703,0.1851440966129303,554.7195434570312,128.28973388671875,-6.8601837158203125,0.2511587142944336,25.63182258605957,24,2.692516565322876,0.9627782702445984,46.30634307861328,644.9218998339737,2256.074475152876,44.97217085564315,3.324774409610309,0.49380001425743103,0.49149417877197266,53.094661712646484,1,9.640304565429688,0.0007047257386147976,40.10830307006836,16.155099868774414,44.97217085564315,3.324774409610309
562.58154296875,80.49917602539062,-6.875463485717773,0.1553945541381836,342.154052734375,66.24755859375,-6.335554122924805,0.21027034521102905,363.3427429199219,77.04444885253906,-6.400791168212891,0.23027919232845306,30.985448837280273,14,1.453348994255066,1.2021160125732422,-41.01102828979492,637.0623963496121,2248.345882371092,44.971604962589396,3.32535017435683,0.3177662193775177,0.31722867488861084,-71.20528411865234,1,7.9039201736450195,0.000577793805859983,241.87388610839844,8.720093727111816,44.971604962589396,3.32535017435683
834.072021484375,90.65811920166016,-7.303009033203125,0.1180410236120224,584.3146362304688,67.05831909179688,-6.916616916656494,0.1246337741613388,781.9067993164062,117.36650848388672,-7.232887268066406,0.16301178932189941,50.390174865722656,22,1.7838634252548218,1.3515424728393555,-53.23411178588867,357.92617494923417,2253.5578631307185,44.97197502388147,3.345766110935927,0.30213630199432373,0.3014621436595917,-86.28579711914062,2,6.852522850036621,0.0005008988664485514,689.688232421875,10.703180313110352,44.97197502388147,3.345766110935927
1087.1962890625,108.86763000488281,-7.5907697677612305,0.10874783992767334,437.70562744140625,66.70426177978516,-6.602955341339111,0.16550123691558838,587.717529296875,116.40287017822266,-6.922921657562256,0.21509230136871338,38.31029510498047,13,4.200232982635498,0.9601797461509705,9.691219329833984,723.4034004441025,2249.439875422098,44.971688264914626,3.319034489325188,0.4511500895023346,0.4488280713558197,33.748779296875,18,12.035867691040039,0.0008798654307611287,-1387.1492919921875,25.201396942138672,44.971688264914626,3.319034489325188
875.1536865234375,94.17472076416016,-7.355210781097412,0.11686375737190247,634.0142822265625,66.95584106445312,-7.005247592926025,0.11468833684921265,685.9423217773438,98.56490325927734,-7.090719223022461,0.15605026483535767,35.23878479003906,23,2.0493297576904297,1.4014559984207153,-37.28548812866211,366.05197341660954,2254.407288089398,44.972037535369104,3.345171704733262,0.2942843735218048,0.29378342628479004,-43.79676818847656,3,10.149801254272461,0.0007419211906380951,638.3723754882812,12.295978546142578,44.97203753536909,3.345171704733255
1155.256103515625,114.75498962402344,-7.65669584274292,0.10787557810544968,351.172119140625,66.34400939941406,-6.363800048828125,0.20516890287399292,657.4533081054688,164.18338012695312,-7.0446624755859375,0.27120277285575867,35.26621627807617,16,2.5309767723083496,1.0988929271697998,62.26749801635742,479.548041861855,2264.508736634952,44.972781535546225,3.3368694517995516,0.5220363736152649,0.5196088552474976,2.5343737602233887,2,9.987329483032227,0.000730061496142298,221.35137939453125,15.185860633850098,44.97278153554622,3.3368694517995445
5061.47802734375,57.35966491699219,-9.260693550109863,0.012307194992899895,4154.49951171875,74.02373504638672,-9.046297073364258,0.019350050017237663,4891.34423828125,68.541015625,-9.223570823669434,0.01521780900657177,868.9534301757812,19,2.078888177871704,0.48532000184059143,19.62531852722168,11.067786366418424,2252.638499832052,44.97189172102853,3.3711331068056167,0.020246844738721848,0.018021415919065475,26.424165725708008,17,5.988880634307861,0.0004377303412184119,-1720.3636474609375,12.473329544067383,44.97189172102853,3.3711331068056167
6732.31982421875,140.2391357421875,-9.570411682128906,0.02262217178940773,4373.52197265625,74.22341918945312,-9.102078437805176,0.018430598080158234,6587.79736328125,149.7179412841797,-9.546850204467773,0.02468103915452957,190.10231018066406,115,2.8551485538482666,2.172309160232544,87.44776153564453,592.8644833126328,2284.167430513745,44.97422470937669,3.328578934171395,0.054836422204971313,0.054136522114276886,84.88996887207031,0,5.967087745666504,0.00043619502685032785,6239.17724609375,17.130891799926758,44.97422470937669,3.328578934171395
9939.640625,76.77547454833984,-9.993426322937012,0.008388448506593704,9185.947265625,82.77738189697266,-9.90781021118164,0.009786278009414673,9740.4189453125,78.7964096069336,-9.971444129943848,0.008785340934991837,2534.718994140625,32,2.2713944911956787,0.4787816107273102,68.24207305908203,38.166943007172215,2271.9228185246147,44.97330425774802,3.369148995990316,0.019015204161405563,0.01394377090036869,72.22882080078125,0,6.220828056335449,0.00045468256575986743,9033.9443359375,13.628366470336914,44.97330425774802,3.3691489959903156
584.5693359375,80.15772247314453,-6.917089939117432,0.14891524612903595,540.6287231445312,66.78865051269531,-6.832247734069824,0.13416318595409393,582.7960205078125,89.2761459350586,-6.913791656494141,0.16635991632938385,27.654260635375977,15,1.9533143043518066,1.2538074254989624,-13.52519416809082,685.7695520743822,2262.2116384635683,44.97262152795285,3.3217858665967697,0.3644537627696991,0.3636815547943115,-0.3863694965839386,2,9.368752479553223,0.0006848796037957072,180.53924560546875,11.71988582611084,44.97262152795285,3.321785866596769
858.7537231445312,97.31749725341797,-7.334671497344971,0.12306997925043106,522.9509887695312,66.8034896850586,-6.796152591705322,0.13872922956943512,526.2446899414062,90.62040710449219,-6.802969455718994,0.18701140582561493,39.440330505371094,22,1.6470773220062256,1.4572474956512451,-20.953834533691406,64.27500118422842,2267.639561733518,44.972992084773374,3.3672402618100303,0.28597918152809143,0.28565850853919983,-24.560575485229492,0,8.518061637878418,0.0006225939723663032,323.6485290527344,9.882463455200195,44.972992084773374,3.36724026181003
405.2784729003906,68.6231460571289,-6.519383907318115,0.18388526141643524,184.55859375,66.10021209716797,-5.665335655212402,0.38895413279533386,219.32366943359375,119.24855041503906,-5.852713584899902,0.5904694199562073,29.90342140197754,10,1.6954560279846191,0.9150643944740295,-3.3793985843658447,1128.4157518399343,2262.7781840110606,44.972677933665885,3.289405219675051,0.4408928155899048,0.43765419721603394,11.218073844909668,2,6.673037052154541,0.00048786451225169003,178.60581970214844,10.172736167907715,44.972677933665885,3.2894052196750505
2159.26953125,145.21656799316406,-8.335766792297363,0.07303636521100998,974.623291015625,67.7054672241211,-7.472092151641846,0.07544262707233429,1655.5303955078125,131.76882934570312,-8.047343254089355,0.0864381268620491,57.77840805053711,44,2.642029047012329,1.9403512477874756,0.7124185562133789,411.3519685796829,2365.6536277261353,44.98018025781642,3.3418453809306015,0.24836485087871552,0.24792593717575073,-2.329484224319458,2,10.52211856842041,0.0007691048667766154,695.2791137695312,15.852174758911133,44.98018025781641,3.341845380930595
798.7230834960938,82.15911102294922,-7.255990505218506,0.11170929670333862,635.8825073242188,66.9340591430664,-7.008442401885986,0.11431417614221573,677.58740234375,77.05081939697266,-7.077413082122803,0.12349283695220947,39.65762710571289,18,1.3323795795440674,1.26541006565094,12.039571762084961,1185.7748648536297,2271.5496964085737,44.97332155201108,3.2852079970552115,0.209905207157135,0.2095395177602768,-33.64876937866211,2,6.215951442718506,0.0004544506664387882,436.1141052246094,7.994277477264404,44.97332155201108,3.2852079970552115
618.342041015625,80.2648696899414,-6.978072166442871,0.14096994698047638,-8.82696533203125,65.63507080078125,99.0,99.0,58.8372917175293,41.624168395996094,-4.424131870269775,0.7682856321334839,18.588212966918945,5,0.9451851844787598,0.548571765422821,49.679508209228516,1014.7842099401066,2271.282483118556,44.9732967705095,3.297717185519533,0.3870472311973572,0.3823685646057129,89.91561889648438,2,4.265189170837402,0.0003118181193713099,-60.3387336730957,5.671111106872559,44.9732967705095,3.297717185519533
478.012451171875,73.81379699707031,-6.6985979080200195,0.16769811511039734,328.4076843261719,66.24481201171875,-6.2910332679748535,0.2190626710653305,313.7627258300781,80.23121643066406,-6.2415032386779785,0.2776974141597748,26.678529739379883,12,1.346756935119629,0.9176795482635498,-88.19300842285156,908.2684677066187,2281.642747332302,44.974051447709606,3.3055080583370646,0.2958717942237854,0.29501986503601074,82.4780044555664,0,6.636786937713623,0.0004851863195654005,249.05215454101562,8.080541610717773,44.97405144770962,3.3055080583370704
648.4085083007812,81.60584259033203,-7.029621601104736,0.13667918741703033,390.0650634765625,66.45075988769531,-6.477842807769775,0.1850089430809021,397.37847900390625,95.50099182128906,-6.498010635375977,0.2609957158565521,33.350128173828125,17,1.8296175003051758,1.4449962377548218,65.89520263671875,156.0646620382611,2288.087528857803,44.974492808601575,3.3605251048209768,0.3155824840068817,0.3146665096282959,-37.7068977355957,0,9.736090660095215,0.0007116312044672668,-45.5020637512207,10.977705001831055,44.97449280860159,3.3605251048209834
6625.18017578125,70.60122680664062,-9.552993774414062,0.01157295797020197,5430.39208984375,76.2546157836914,-9.337078094482422,0.015249821357429028,6454.29638671875,81.16925811767578,-9.524621963500977,0.013657540082931519,1315.90869140625,31,2.5498950481414795,0.5813472270965576,-63.990684509277344,1896.3761461152435,2303.7276306666104,44.97569307663319,3.233212195299821,0.02269313670694828,0.017935805022716522,-53.98305892944336,0,7.275353908538818,0.0005319706397131085,6266.29443359375,15.299369812011719,44.97569307663319,3.2332121952998216
2507.7841796875,146.23828125,-8.498225212097168,0.06332872807979584,1283.1533203125,68.38212585449219,-7.77069616317749,0.057875387370586395,1883.4588623046875,133.3013458251953,-8.187390327453613,0.07686138898134232,51.761348724365234,63,2.7550947666168213,1.9175282716751099,45.84083557128906,457.4203970368103,2302.5900971651736,44.97556740233723,3.338483434701229,0.17980201542377472,0.17948052287101746,62.76218795776367,0,10.854631423950195,0.0007934423629194498,772.25048828125,16.530569076538086,44.97556740233722,3.338483434701229
1396.5294189453125,102.35963439941406,-7.8626251220703125,0.07959915697574615,1118.9666748046875,67.84764862060547,-7.622043132781982,0.06584874540567398,1463.7982177734375,127.59418487548828,-7.913702964782715,0.09466283023357391,53.966339111328125,26,2.747555732727051,0.867685854434967,36.581634521484375,814.8625993924579,2296.974936096158,44.975170235156405,3.3123390752122233,0.18717733025550842,0.1852221041917801,64.34864807128906,3,9.027750015258789,0.0006599602638743818,901.2467651367188,16.485334396362305,44.975170235156384,3.3123390752122113
2937.121337890625,141.59048461914062,-8.669804573059082,0.05235305055975914,1630.632080078125,69.03063201904297,-8.030890464782715,0.045974358916282654,2530.369873046875,139.3083038330078,-8.507960319519043,0.05978921055793762,74.04414367675781,70,2.435620069503784,2.344917058944702,0.7238366603851318,131.60045210464,2312.523869043471,44.97627984683708,3.3623112155972836,0.14099524915218353,0.14046449959278107,-18.41460609436035,2,9.349874496459961,0.0006833897205069661,1949.67919921875,14.613719940185547,44.97627984683706,3.3623112155972703
1213.5338134765625,109.50316619873047,-7.710129737854004,0.09799516201019287,695.0580444335938,67.08163452148438,-7.105052471160889,0.10481233149766922,684.0287475585938,82.44251251220703,-7.087686061859131,0.13089007139205933,49.723270416259766,23,1.6341547966003418,1.196169137954712,-41.31124496459961,1233.3286386286627,2305.2254762907587,44.975787356710896,3.2817254877246267,0.20668964087963104,0.20537957549095154,-34.36876678466797,0,5.804935932159424,0.0004243986331857741,675.7061767578125,9.80492877960205,44.975787356710896,3.2817254877246267
530.5618896484375,72.15370178222656,-6.811840057373047,0.14769044518470764,281.5773010253906,66.19898223876953,-6.123993873596191,0.255319207906723,608.8124389648438,100.18482971191406,-6.961208820343018,0.17870976030826569,46.2713623046875,14,3.0903730392456055,0.8008248209953308,-36.58382034301758,813.1656828758287,2297.5461147084047,44.97521197391802,3.312463140138726,0.6150546669960022,0.6099408268928528,-39.33694076538086,3,9.418187141418457,0.0006885002367198467,-136.2100372314453,18.542238235473633,44.97521197391802,3.3124631401387257
1155.3804931640625,83.32246398925781,-7.65681266784668,0.07831896096467972,1080.84912109375,67.77001953125,-7.584412574768066,0.06809298694133759,1730.3125,141.87950134277344,-8.095311164855957,0.08904815465211868,53.381465911865234,28,1.8984453678131104,1.333274483680725,41.135475158691406,813.5322277162039,2298.156992333348,44.97525669088799,3.312436259773139,0.17792531847953796,0.17526330053806305,-76.76515197753906,3,9.525309562683105,0.0006963324267417192,1586.7083740234375,11.39067268371582,44.97525669088799,3.3124362597731385
832.1631469726562,88.9857406616211,-7.300521373748779,0.11612928658723831,545.9627685546875,66.77397918701172,-6.842907428741455,0.13282324373722076,740.5595703125,100.36627960205078,-7.173900127410889,0.14718300104141235,38.21055221557617,22,3.2600529193878174,0.9148421287536621,53.053985595703125,71.82397030034498,2312.924469966758,44.976306296344916,3.3666826189241634,0.34464719891548157,0.3409798741340637,51.838409423828125,3,10.343944549560547,0.0007560354424640536,-371.742919921875,19.560317993164062,44.976306296344916,3.3666826189241634
1068.0899658203125,104.7675552368164,-7.571519374847412,0.10652432590723038,463.58221435546875,66.47440338134766,-6.665317058563232,0.15572470426559448,458.9246826171875,172.6820526123047,-6.654353618621826,0.40863505005836487,41.030757904052734,28,3.545562267303467,2.5309934616088867,53.874935150146484,71.74735030287569,2317.36335202681,44.97663111423384,3.3666876726466977,0.29884302616119385,0.2971307933330536,41.67018127441406,3,17.97066879272461,0.0013134654145687819,-630.1981201171875,21.273372650146484,44.97663111423384,3.3666876726466977
720.9346923828125,84.61431121826172,-7.144739627838135,0.12746112048625946,433.8331298828125,66.6447525024414,-6.593307018280029,0.16682958602905273,748.2299194335938,131.4688262939453,-7.18508768081665,0.1908172070980072,36.35481643676758,19,4.037968635559082,1.282497763633728,-36.59614944458008,71.09380087656788,2314.017715940964,44.97638626089077,3.3667358802691183,0.3380061089992523,0.3359050452709198,-23.79970932006836,3,13.643937110900879,0.0009972291300073266,-1670.4541015625,24.227811813354492,44.97638626089077,3.3667358802691183
462.3057861328125,70.25312805175781,-6.662323474884033,0.16503123939037323,250.8276824951172,66.44548797607422,-5.998438835144043,0.2876867651939392,263.3687744140625,82.77806854248047,-6.051410675048828,0.3413349986076355,35.39695739746094,12,2.2991182804107666,0.8746255040168762,-75.50196838378906,433.00969337878354,2312.1254930083874,44.976264166519364,3.3402677017902183,0.36160415410995483,0.3612748980522156,-53.03362274169922,2,8.484047889709473,0.0006201531505212188,-335.99468994140625,13.794710159301758,44.976264166519364,3.3402677017902183
10328.7841796875,160.44497680664062,-10.035122871398926,0.016869675368070602,6209.71044921875,77.6090087890625,-9.482678413391113,0.01357283629477024,9938.5673828125,163.62648010253906,-9.993309020996094,0.017879676073789597,263.0286560058594,152,2.7647199630737305,2.6664204597473145,34.47844696044922,461.9878142891468,2332.4050707787287,44.97774938814736,3.3381458762873875,0.04115986451506615,0.04089836776256561,-10.296509742736816,0,5.621981143951416,0.0004109453584533185,9357.896484375,16.588319778442383,44.97774938814736,3.338145876287388
1884.373779296875,101.06488037109375,-8.187917709350586,0.05824558809399605,1436.905029296875,68.66695404052734,-7.8935699462890625,0.05189787223935127,1718.2894287109375,103.79080200195312,-8.087740898132324,0.0655982717871666,89.87000274658203,44,1.8966295719146729,1.6480337381362915,-18.67115020751953,1887.1687311443839,2316.7966263414746,44.976649306359704,3.2338847386376854,0.10920822620391846,0.1088622659444809,-29.68427276611328,0,5.3745198249816895,0.0003929792728740722,1336.1446533203125,11.379777908325195,44.976649306359704,3.2338847386376854
1096.892333984375,99.94156646728516,-7.600409984588623,0.0989491268992424,775.8424682617188,67.29877471923828,-7.224433898925781,0.09420271217823029,1057.2091064453125,101.6488265991211,-7.5604023933410645,0.10441701859235764,37.18059158325195,29,1.8529108762741089,1.6449908018112183,-48.546138763427734,709.3611503490836,2316.6339325805993,44.9766050366851,3.3200540776965273,0.25342804193496704,0.25305214524269104,28.20832633972168,0,10.457589149475098,0.0007644608267582953,730.24609375,11.117465019226074,44.9766050366851,3.3200540776965264
540.2371826171875,80.0002212524414,-6.831460952758789,0.1608186960220337,238.7149658203125,66.21326446533203,-5.944699287414551,0.3012278974056244,166.31402587890625,61.1230354309082,-5.5523223876953125,0.3991221785545349,29.59368133544922,9,1.614148497581482,0.7012734413146973,-27.312299728393555,213.71823694276887,2308.719433822743,44.976005279559125,3.35630624233787,0.3491847813129425,0.34912005066871643,-34.08873748779297,2,6.348309516906738,0.0004640138358809054,-176.12171936035156,9.684890747070312,44.97600527955912,3.356306242337863
463.7488098144531,70.679443359375,-6.665707111358643,0.16551606357097626,322.8996276855469,66.41447448730469,-6.272668838500977,0.22337009012699127,327.85443115234375,61.48694610595703,-6.289202690124512,0.20367217063903809,33.104068756103516,12,1.0922812223434448,1.001515507698059,16.950620651245117,495.1794569356868,2313.891012519779,44.97639594285247,3.335720402950108,0.27410808205604553,0.27358928322792053,-62.778602600097656,0,5.103152275085449,0.00037302725831978023,254.10116577148438,6.55368709564209,44.97639594285247,3.335720402950108
869.99609375,90.99705505371094,-7.348793029785156,0.11358993500471115,644.8316650390625,67.00376892089844,-7.023615837097168,0.11284510791301727,681.163330078125,93.1875991821289,-7.083127975463867,0.1485719084739685,47.52056884765625,23,1.6679562330245972,1.4952392578125,-45.317481994628906,1380.8712829176006,2324.688520095901,44.977215681557674,3.270929087464986,0.25534141063690186,0.2549332082271576,1.280049204826355,0,7.967345714569092,0.0005825047264806926,259.5321960449219,10.007737159729004,44.977215681557674,3.270929087464986
613.432861328125,80.26799774169922,-6.969417572021484,0.1421036422252655,437.8283386230469,66.52415466308594,-6.603259563446045,0.16500812768936157,672.5462036132812,130.40589904785156,-7.069305419921875,0.21057409048080444,28.235931396484375,13,1.6522860527038574,0.7935487031936646,-10.967470169067383,313.54849690493654,2320.353422081618,44.97686111879108,3.349003808150334,0.3960302770137787,0.393827348947525,7.662452697753906,2,6.838138580322266,0.0004998263902962208,531.8692016601562,9.913716316223145,44.976861118791064,3.3490038081503273
945.4456787109375,93.07121276855469,-7.439091682434082,0.10690760612487793,699.2866821289062,67.06475830078125,-7.111638069152832,0.10415231436491013,773.6007690429688,88.12198638916016,-7.221292018890381,0.1237078383564949,42.6267204284668,25,1.7123608589172363,1.3379356861114502,87.87252044677734,310.5616090824052,2332.753202891461,44.97776836362705,3.349220768526643,0.2328909933567047,0.231952503323555,83.4257583618164,0,8.59382438659668,0.0006281521636992693,478.4530944824219,10.274165153503418,44.97776836362705,3.3492207685266426
583.1196899414062,79.8401107788086,-6.914394378662109,0.14869393408298492,383.5539855957031,66.46305084228516,-6.459566116333008,0.18818441033363342,537.4789428710938,103.8731918334961,-6.825903415679932,0.20988038182258606,34.88082504272461,10,1.4640146493911743,0.8440295457839966,71.21261596679688,1033.4706865832657,2333.8654200640876,44.97787719617305,3.2963434559693408,0.5459884405136108,0.5422977209091187,-71.90530395507812,2,6.636190891265869,0.0004851445264648646,396.7707824707031,8.784088134765625,44.97787719617305,3.2963434559693403
529.3786010742188,70.4413070678711,-6.809415817260742,0.14450764656066895,454.37176513671875,66.61004638671875,-6.643528461456299,0.15920555591583252,463.04180908203125,81.5469970703125,-6.664050579071045,0.19125710427761078,39.52418518066406,14,1.7190545797348022,1.1527807712554932,30.865562438964844,504.5089693622614,2337.047208787723,44.978090838813046,3.3350353318711705,0.34581732749938965,0.3439852297306061,36.599082946777344,0,8.421849250793457,0.0006156099843792617,301.4308776855469,10.314327239990234,44.978090838813046,3.3350353318711705
3282.71435546875,183.9662322998047,-8.790582656860352,0.06086040660738945,964.3469848632812,67.6337661743164,-7.460583209991455,0.0761658102273941,2360.816650390625,176.64251708984375,-8.432655334472656,0.08125738054513931,43.47395706176758,64,3.3899319171905518,1.974692463874817,9.926072120666504,911.9557936122073,2351.219081760325,44.97914311294963,3.3052306950151715,0.30471184849739075,0.30386966466903687,-26.031112670898438,2,14.27214527130127,0.0010433399584144354,1281.760009765625,20.33959197998047,44.979143112949615,3.3052306950151653
831.8711547851562,88.2520523071289,-7.300140380859375,0.11521222442388535,618.0562744140625,67.02542877197266,-6.977570056915283,0.11777181923389435,583.5340576171875,88.79537200927734,-6.915165424346924,0.16525474190711975,34.907222747802734,22,1.8009750843048096,1.347611904144287,50.89964294433594,70.49714245716044,2347.9680467393587,44.97887056839869,3.3667753024262854,0.23452350497245789,0.23397468030452728,31.364944458007812,0,8.10106372833252,0.00059209403116256,638.30419921875,10.805850982666016,44.97887056839868,3.3667753024262783
7766.75830078125,154.62103271484375,-9.72559928894043,0.021620145067572594,4660.46875,74.87013244628906,-9.171073913574219,0.017446521669626236,6946.06396484375,151.1875762939453,-9.604347229003906,0.023637805134058,190.55316162109375,124,2.8434982299804688,2.2521097660064697,57.66284942626953,203.7090997902865,2407.250270980652,44.983214792242606,3.3570261987362335,0.05041935294866562,0.049879059195518494,45.64924240112305,0,5.924151420593262,0.0004329896764829755,6916.017578125,17.060989379882812,44.983214792242606,3.357026198736233
4252.96630859375,103.56361389160156,-9.07172966003418,0.026445092633366585,3530.031494140625,72.63700103759766,-8.869446754455566,0.022346479818224907,4045.549072265625,107.64282989501953,-9.017443656921387,0.02889598160982132,215.02700805664062,66,1.835600733757019,1.7311816215515137,31.333341598510742,1304.1356944992199,2360.1658766815585,44.979809814432805,3.27653954978933,0.04680571332573891,0.04644216224551201,-27.48137092590332,0,4.232484340667725,0.0003094331768807024,3806.924560546875,11.013604164123535,44.97980981443279,3.276539549789325
444.55389404296875,73.24446105957031,-6.619811058044434,0.17892877757549286,83.64707946777344,65.75865936279297,-4.806127071380615,0.8537525534629822,168.1672821044922,59.70682907104492,-5.564353942871094,0.38557806611061096,21.59733009338379,9,2.068862199783325,0.5195402503013611,26.944807052612305,614.2045333327936,2360.0261691759215,44.979776740707386,3.3270093263619445,0.3886782228946686,0.09756576269865036,27.947202682495117,0,6.184089660644531,0.0004520479415077716,-232.7220458984375,12.41317367553711,44.979776740707386,3.3270093263619445
3669.360107421875,160.0494384765625,-8.911476135253906,0.047368936240673065,1641.422119140625,69.17637634277344,-8.038050651550293,0.04576857015490532,3149.92236328125,149.98558044433594,-8.745749473571777,0.0517105907201767,58.566871643066406,84,3.0278480052948,2.1449806690216064,-17.52800941467285,1744.4365884936835,2369.763458034239,44.98052261673198,3.2443238066032554,0.16269253194332123,0.1612568497657776,-15.997279167175293,2,11.201766967773438,0.0008190186927095056,2619.551025390625,18.16708755493164,44.980522616731974,3.2443238066032505
11472.4697265625,196.2998504638672,-10.149142265319824,0.018582018092274666,5162.39794921875,75.74503326416016,-9.28212833404541,0.015934282913804054,10719.7939453125,201.3661651611328,-10.07546615600586,0.02039998769760132,192.4478302001953,207,3.9823129177093506,2.865952968597412,-44.990116119384766,1259.089759524111,2385.3066627824755,44.98164828957029,3.279832480138496,0.05941014364361763,0.05876085162162781,-42.20981979370117,0,7.420385837554932,0.000542486144695431,9150.9111328125,23.893877029418945,44.98164828957029,3.279832480138496
361.61773681640625,64.53507232666016,-6.395624160766602,0.1938098818063736,141.36264038085938,65.98389434814453,-5.3758368492126465,0.5069125890731812,107.4923095703125,67.66046142578125,-5.07844352722168,0.6835769414901733,23.797006607055664,9,1.572869062423706,0.8400761485099792,-42.90467834472656,453.08511910612106,2353.267481055651,44.9792756557273,3.3387945563433648,0.3439957797527313,0.3430015742778778,87.58757781982422,0,6.864862442016602,0.0005017892690375447,5.486921310424805,9.437213897705078,44.97927565572729,3.338794556343358
780.0709228515625,75.56375885009766,-7.230335235595703,0.105198435485363,697.9999389648438,67.18994903564453,-7.109638690948486,0.10453909635543823,797.4921264648438,92.43607330322266,-7.2543158531188965,0.12587657570838928,42.944053649902344,20,1.4691919088363647,1.0158157348632812,78.3642807006836,680.8303488677618,2357.9795725642475,44.97962953869131,3.3221362824237914,0.18867282569408417,0.18786311149597168,46.21865463256836,0,5.134216785430908,0.00037530678673647344,704.983642578125,8.81515121459961,44.97962953869131,3.322136282423791
83670.84375,229.2415008544922,-12.306435585021973,0.002975424285978079,65541.6796875,149.6583251953125,-12.04129409790039,0.002479779999703169,80963.390625,202.23574829101562,-12.270721435546875,0.002712683053687215,3545.25341796875,283,2.4244773387908936,2.325232982635498,-18.718948364257812,458.56059609360517,2402.2733397791208,44.98286187398071,3.3383882920075187,0.005521854851394892,0.0054798126220703125,-0.6753648519515991,0,4.019465923309326,0.0002937976678367704,83409.09375,14.546863555908203,44.98286187398071,3.3383882920075183
472.9457702636719,72.85520935058594,-6.687028408050537,0.1672935038805008,395.34698486328125,66.71947479248047,-6.492445945739746,0.18327534198760986,348.1175842285156,74.17925262451172,-6.354314804077148,0.23141223192214966,26.474061965942383,12,1.9194738864898682,0.8748102784156799,-38.771663665771484,1111.1942739023862,2363.308304272124,44.98003418518046,3.290654431823592,0.419319748878479,0.41601496934890747,-40.982418060302734,0,7.747514724731445,0.0005663899937644601,127.14968872070312,11.516843795776367,44.98003418518047,3.2906544318235977
2679.64990234375,112.25146484375,-8.570195198059082,0.04549291729927063,1866.4483642578125,69.42668914794922,-8.177539825439453,0.040396180003881454,2311.0517578125,115.49504852294922,-8.409523963928223,0.054272960871458054,105.44821166992188,56,2.123157262802124,1.8321027755737305,52.12238693237305,999.0801935882282,2377.955633795005,44.981102496601565,3.298854462029058,0.09018275141716003,0.09006727486848831,-61.54511260986328,2,6.295070171356201,0.0004601930268108845,1991.6182861328125,12.738943099975586,44.98110249660155,3.2988544620290523
28330.03515625,169.0326385498047,-11.13061809539795,0.006479675881564617,22007.076171875,101.931396484375,-10.856406211853027,0.005030086264014244,27148.505859375,158.94227600097656,-11.084364891052246,0.00635804096236825,1264.8011474609375,179,2.4341795444488525,2.2062888145446777,-63.0252571105957,1585.8351490353525,2410.3104518938135,44.98348627700397,3.2559244390847186,0.011022625491023064,0.010964498855173588,0.8750468492507935,0,4.011335849761963,0.00029327464289963245,28348.59765625,14.605077743530273,44.98348627700397,3.2559244390847186
521.39599609375,77.4129867553711,-6.792919158935547,0.16124117374420166,459.9241638183594,66.57001495361328,-6.656715393066406,0.1571890264749527,627.6510009765625,126.68592071533203,-6.994295597076416,0.21919970214366913,27.158252716064453,13,1.8079345226287842,0.8321547508239746,11.611101150512695,473.5966092873439,2367.842225486603,44.98034302626262,3.3372926460688426,0.38121286034584045,0.3801684081554413,-0.8025118112564087,2,7.329908847808838,0.0005357807967811823,496.09185791015625,10.847606658935547,44.98034302626262,3.3372926460688426
5536.666015625,55.61162185668945,-9.358120918273926,0.01090804859995842,5355.98388671875,76.02948760986328,-9.322097778320312,0.015416033565998077,5353.154296875,49.21971130371094,-9.321524620056152,0.009985254146158695,2316.468505859375,11,0.5762655138969421,0.5611841082572937,65.2398681640625,1857.9048561832014,2373.954266396595,44.98083148842798,3.236020764408573,0.006993584800511599,0.006641929503530264,7.2887678146362305,0,1.189242959022522,8.69533178047277e-05,5359.4638671875,3.4575929641723633,44.98083148842798,3.236020764408573
497.2109375,63.48662567138672,-6.74135160446167,0.13866645097732544,595.5296020507812,66.9020767211914,-6.937258243560791,0.12200174480676651,508.0535583496094,95.66090393066406,-6.764773845672607,0.20448186993598938,44.82130813598633,13,2.0734751224517822,0.6307050585746765,77.41729736328125,1860.466913858512,2384.417608794275,44.98159720985255,3.235832312039889,0.2436867505311966,0.24286313354969025,64.25210571289062,2,6.829124450683594,0.0004993196344003081,373.24810791015625,12.440851211547852,44.98159720985254,3.235832312039884
526.662841796875,78.21353912353516,-6.803831577301025,0.16127946972846985,371.9512939453125,66.51639556884766,-6.426215171813965,0.19421038031578064,393.9464111328125,96.8345947265625,-6.488593101501465,0.26694586873054504,29.733518600463867,9,1.4536281824111938,0.7624226212501526,-28.9409236907959,1036.9412230194926,2382.3109060728702,44.98142241507004,3.2960843385007186,0.4535188376903534,0.452169805765152,-55.143314361572266,2,6.280728340148926,0.00045914718066342175,349.8992614746094,8.721769332885742,44.98142241507004,3.2960843385007186
1334.08203125,105.25231170654297,-7.8129563331604,0.08567989617586136,948.3543090820312,67.60110473632812,-7.442426681518555,0.07741283625364304,1059.5145263671875,102.4926986694336,-7.562767505645752,0.10505478829145432,61.93484115600586,35,1.8645529747009277,1.590563416481018,-54.00552749633789,601.8812570325252,2393.3325233676064,44.98221345874027,3.327906831476089,0.1717323362827301,0.17129278182983398,-80.47571563720703,0,6.812375545501709,0.0004979610093869269,1281.7603759765625,11.187317848205566,44.98221345874026,3.3279068314760827
631.176513671875,87.41071319580078,-7.000377178192139,0.15039855241775513,282.9724426269531,66.22781372070312,-6.129360198974609,0.2541710436344147,299.3527526855469,83.35444641113281,-6.190458297729492,0.3023955225944519,27.004358291625977,13,1.6436456441879272,1.2394658327102661,45.47690963745117,1096.7643389316006,2388.6668396631344,44.98188939005069,3.2917073421234586,0.43742936849594116,0.43501004576683044,46.0183219909668,0,8.539888381958008,0.0006243077223189175,66.50048828125,9.861873626708984,44.981889390050675,3.291707342123453
2282.791015625,40.508270263671875,-8.39616584777832,0.019271139055490494,2165.633056640625,69.92118835449219,-8.33896255493164,0.035063378512859344,2141.21240234375,44.3224983215332,-8.32664966583252,0.022479897364974022,364.9253845214844,10,2.2017886638641357,0.13470837473869324,-89.5497817993164,1847.018968966959,2397.2269932146364,44.9825343022552,3.236815127014655,0.038189180195331573,0.005707067903131247,-87.07331848144531,3,3.193157196044922,0.00023346951638814062,1587.5916748046875,13.210731506347656,44.9825343022552,3.2368151270146543
1228.73681640625,121.947509765625,-7.723647117614746,0.10778141766786575,408.8818664550781,66.46403503417969,-6.528994560241699,0.17653007805347443,341.70379638671875,160.74569702148438,-6.334124565124512,0.5108805894851685,31.09241485595703,18,1.9115681648254395,1.6855791807174683,-29.94477081298828,1737.3628595021291,2443.2476353348734,44.98589970484498,3.2448343260486023,0.36198219656944275,0.3607174754142761,-30.66913414001465,0,10.75339412689209,0.0007862068014219403,698.6038208007812,11.469408988952637,44.98589970484498,3.2448343260486023
400.315185546875,67.75662994384766,-6.50600528717041,0.1838144063949585,328.3070983886719,66.29640197753906,-6.290700435638428,0.21930043399333954,447.1720275878906,106.20542907714844,-6.626186370849609,0.25793004035949707,27.165096282958984,10,1.4563651084899902,0.7821642160415649,-77.46136474609375,1832.9300682967612,2396.8460258448913,44.98250616011939,3.237846074748669,0.6221308708190918,0.6200183033943176,-62.97081756591797,0,6.368594646453857,0.00046564210788346827,244.52012634277344,8.738190650939941,44.98250616011938,3.237846074748664
1601.225341796875,95.2046127319336,-8.011131286621094,0.06457068026065826,1305.7791748046875,68.30228424072266,-7.789674282073975,0.05680614337325096,1552.7972412109375,94.47054290771484,-7.977787017822266,0.06607109308242798,67.4624252319336,38,1.7364592552185059,1.5048279762268066,56.40970230102539,1673.0887099324664,2402.216467568961,44.982895926059534,3.249541145331265,0.1321716010570526,0.13182072341442108,50.87424087524414,0,6.206973075866699,0.00045381038216874003,1249.57470703125,10.418755531311035,44.98289592605953,3.24954114533126
963333.25,593.3201293945312,-14.959441184997559,0.0006688709836453199,742535.75,457.604248046875,-14.676793098449707,0.0006692717433907092,934887.625,532.3260498046875,-14.926898956298828,0.0006183696095831692,40725.9609375,914,2.8019073009490967,2.71321177482605,12.736513137817383,1734.1322424534512,2480.8296555597904,44.988649605376274,3.245067065432431,0.0015179269248619676,0.0015065997140482068,-2.5103540420532227,0,4.132264137268066,0.00030211402918212116,959223.8125,16.811443328857422,44.988649605376274,3.245067065432431
11470.921875,238.0387420654297,-10.148995399475098,0.02253611944615841,4054.294921875,73.60372924804688,-9.01978874206543,0.019715795293450356,11088.1474609375,271.14129638671875,-10.112147331237793,0.026556234806776047,138.28933715820312,229,4.4744744300842285,3.398059368133545,54.78683853149414,597.8835094407137,2458.0661740138444,44.98695003377423,3.3281916933091895,0.09493856877088547,0.09437470883131027,44.643924713134766,3,11.886281967163086,0.0008688182570040226,11301.046875,26.846847534179688,44.98695003377423,3.3281916933091895
3364.515869140625,143.40113830566406,-8.817306518554688,0.046287085860967636,1877.939208984375,69.49895477294922,-8.1842041015625,0.040190789848566055,3021.636962890625,141.32083129882812,-8.700605392456055,0.05079181492328644,88.0077896118164,77,2.878481864929199,2.0528011322021484,39.0980339050293,1926.554122429087,2418.695603604778,44.984106708209154,3.2309933158757618,0.12696950137615204,0.12648877501487732,16.243932723999023,2,9.304532051086426,0.0006803086143918335,2778.748779296875,17.270891189575195,44.984106708209154,3.2309933158757618
1139.186767578125,116.65228271484375,-7.641487121582031,0.11120598018169403,384.35174560546875,66.5163345336914,-6.461822032928467,0.18794436752796173,431.39691162109375,82.01821899414062,-6.587192535400391,0.20647293329238892,33.090721130371094,13,1.5624399185180664,1.0680416822433472,77.92607116699219,1895.5381571460468,2404.5651549014765,44.98307216411531,3.233264168088698,0.3217463791370392,0.32132071256637573,-30.74968910217285,0,6.407308578491211,0.0004684763553086668,385.609375,9.374639511108398,44.98307216411531,3.233264168088698
2456.684326171875,50.113861083984375,-8.475872993469238,0.022153295576572418,2347.23974609375,70.23011779785156,-8.426393508911133,0.03249344602227211,2619.486328125,63.799346923828125,-8.545540809631348,0.026450257748365402,408.60955810546875,17,2.218661308288574,0.4254800081253052,-86.12574005126953,1846.122527732946,2409.0662711677965,44.98340063104284,3.2368796067384085,0.05196528509259224,0.046663567423820496,-87.85768127441406,3,5.790209770202637,0.0004233518266119063,2115.36279296875,13.311967849731445,44.98340063104285,3.236879606738413
1932.0416259765625,130.5725555419922,-8.215041160583496,0.0733947902917862,1074.449951171875,67.85822296142578,-7.57796573638916,0.06858767569065094,1484.625244140625,129.94898986816406,-7.929042339324951,0.09505739063024521,48.032981872558594,51,2.360034942626953,2.12184739112854,-10.745343208312988,492.5420095526855,2414.75197164261,44.983776388652785,3.335901461455745,0.21595530211925507,0.21545366942882538,-19.121450424194336,0,11.563776016235352,0.0008452411857433617,878.6124267578125,14.160209655761719,44.983776388652785,3.3359014614557454
2955.824951171875,41.21589660644531,-8.67669677734375,0.01514313742518425,3032.604736328125,71.70893096923828,-8.70453929901123,0.025679543614387512,3075.715576171875,48.930938720703125,-8.719865798950195,0.017276955768465996,653.1700439453125,9,0.9282228350639343,0.49590325355529785,-83.97904205322266,1846.56217346119,2402.2663466415556,44.98290305203935,3.2368480774420267,0.01706271432340145,0.01655767858028412,-52.86084747314453,3,2.4842331409454346,0.00018163560889661312,2992.5693359375,5.569336891174316,44.98290305203933,3.2368480774420223
2838.3505859375,123.36949920654297,-8.632664680480957,0.04720321670174599,1878.2298583984375,69.45011901855469,-8.184371948242188,0.04015633836388588,2625.519287109375,126.49286651611328,-8.548038482666016,0.05232155695557594,86.75428009033203,66,2.2122435569763184,2.038729667663574,25.43968963623047,352.5615208335563,2418.0204429717764,44.98400959134008,3.346138832814378,0.11469580233097076,0.11453051120042801,29.564151763916016,0,7.080892086029053,0.0005175512633286417,2300.760986328125,13.27346134185791,44.98400959134008,3.346138832814378
2519.166015625,161.13790893554688,-8.503142356872559,0.0694657564163208,893.4541625976562,67.56510162353516,-7.377680778503418,0.08212587237358093,1470.614013671875,175.2119903564453,-7.9187469482421875,0.12938828766345978,53.34952163696289,44,2.6590540409088135,1.7459112405776978,-76.6973876953125,578.9704373340464,2427.0180240723944,44.98467743585609,3.3295786444447986,0.24785862863063812,0.24606776237487793,-82.37776184082031,0,11.66744613647461,0.0008528314647264779,1873.8956298828125,15.954324722290039,44.9846774358561,3.329578644444805
1399.018310546875,114.14286804199219,-7.864558696746826,0.0886043831706047,872.9779663085938,67.4214859008789,-7.352508068084717,0.08387352526187897,1453.3934326171875,137.6143035888672,-7.90595817565918,0.10282772034406662,45.515869140625,37,2.302380323410034,1.808068037033081,69.45079040527344,1218.6558727976958,2423.9716627256985,44.98447645475746,3.2827864806947695,0.2573271095752716,0.2563950717449188,76.89450073242188,2,12.228796005249023,0.0008939927793107927,1378.0018310546875,13.814281463623047,44.98447645475746,3.2827864806947695
678.8474731445312,88.1012191772461,-7.07943058013916,0.14094170928001404,456.82989501953125,66.53780364990234,-6.649386405944824,0.15817715227603912,484.1600341796875,97.84420776367188,-6.712472438812256,0.21947042644023895,32.6157112121582,17,2.31793475151062,1.2514607906341553,-41.443145751953125,1440.3065714333795,2414.8571541200836,44.983815490463186,3.2665714810845317,0.39683958888053894,0.39589935541152954,-65.66883087158203,0,10.200736999511719,0.0007457680185325444,-341.0279541015625,13.907608032226562,44.98381549046319,3.266571481084537
2469.657958984375,47.57136917114258,-8.481592178344727,0.020918890833854675,2376.150634765625,70.408935546875,-8.439684867858887,0.0321798212826252,2442.88037109375,62.735633850097656,-8.469755172729492,0.02788957580924034,280.0399169921875,15,1.9249622821807861,0.49919548630714417,-85.20069885253906,1845.55705358128,2420.529023859435,44.984239406413984,3.23691990258226,0.045199859887361526,0.04068485647439957,-85.6646957397461,3,5.842682361602783,0.0004271860816515982,2065.40478515625,11.549774169921875,44.98423940641397,3.2369199025822555
1060.97509765625,36.1639404296875,-7.564262866973877,0.03701692819595337,998.2686767578125,67.62690734863281,-7.4981184005737305,0.07357019186019897,1030.407958984375,43.762020111083984,-7.532523155212402,0.046123046427965164,282.9485168457031,9,1.0727338790893555,0.41917720437049866,-86.27397155761719,1845.9633371488414,2413.974711625541,44.98375980363605,3.236890792363168,0.042246557772159576,0.03727443143725395,-87.90849304199219,3,3.9637439250946045,0.0002898088132496923,921.3678588867188,6.436403274536133,44.983759803636055,3.236890792363172
1836.507568359375,115.4859848022461,-8.159981727600098,0.06829145550727844,1154.3763427734375,68.0459213256836,-7.6558685302734375,0.06401541084051132,1589.556396484375,119.3960952758789,-8.003190040588379,0.08157254755496979,63.722625732421875,47,2.3269383907318115,1.7738879919052124,-82.57106018066406,2018.128988370867,2431.82387232126,44.98506888891611,3.2242911843483593,0.16405117511749268,0.16388577222824097,84.95436096191406,0,7.915082931518555,0.0005787234986200929,1245.91455078125,13.961629867553711,44.98506888891611,3.224291184348359
13989.6552734375,258.35797119140625,-10.364517211914062,0.020056016743183136,3979.379638671875,73.50973510742188,-8.99953842163086,0.0200613122433424,12860.4794921875,267.7500915527344,-10.27314281463623,0.022610090672969818,139.80902099609375,292,5.105703830718994,4.043708801269531,67.80377197265625,1529.3046564930282,2489.753374194167,44.989298037701786,3.2600525337784614,0.09799613058567047,0.09680314362049103,78.28515625,2,13.571504592895508,0.00099218322429806,9551.84765625,30.63422393798828,44.989298037701786,3.260052533778462
959.9033813476562,100.67735290527344,-7.455568790435791,0.11390271782875061,572.009521484375,66.82782745361328,-6.893508434295654,0.1268772929906845,611.305908203125,149.07568359375,-6.965646266937256,0.2648366093635559,37.99992370605469,25,2.266674757003784,1.2001979351043701,-41.82973861694336,592.117783880962,2426.7342773705973,44.98465719553285,3.3286170646379483,0.2424822598695755,0.2414996474981308,-54.143123626708984,0,9.187259674072266,0.0006715444615110755,1079.0264892578125,13.600048065185547,44.98465719553285,3.3286170646379483
2725.371826171875,59.0364990234375,-8.5885648727417,0.023524731397628784,2686.4658203125,71.03916931152344,-8.572953224182129,0.028717484325170517,2751.358154296875,71.66989135742188,-8.598867416381836,0.02828912064433098,299.44476318359375,24,2.0655417442321777,0.6059483885765076,-86.80660247802734,1844.9283259967037,2432.315733068106,44.985101878745134,3.2369647943909077,0.05427328497171402,0.04895972087979317,-87.06552124023438,3,6.679337024688721,0.0004883547662757337,2317.6953125,12.393250465393066,44.98510187874515,3.236964794390912
353.5252685546875,62.81202697753906,-6.37105131149292,0.19295328855514526,268.6438903808594,66.2756576538086,-6.07294225692749,0.26792111992836,285.1677551269531,61.390995025634766,-6.13775110244751,0.23379439115524292,30.574382781982422,9,1.4029855728149414,0.7728204727172852,-29.94700050354004,1547.7356836798178,2420.6886203629642,44.98424481699721,3.258710973982891,0.3433269262313843,0.34215429425239563,-36.290924072265625,0,6.211418151855469,0.0004541203670669347,109.52722930908203,8.417913436889648,44.98424481699721,3.258710973982891
3049.184814453125,49.9322509765625,-8.71045970916748,0.017783908173441887,3247.731689453125,72.2171859741211,-8.778950691223145,0.02414850704371929,3201.178955078125,57.33280944824219,-8.763275146484375,0.019450156018137932,700.5335083007812,16,1.2604535818099976,0.5877493619918823,-86.84685516357422,1845.175005489224,2426.914575972658,44.98470665844346,3.2369472547983347,0.020202161744236946,0.018801242113113403,-88.78058624267578,3,3.410106897354126,0.00024932814994826913,3206.59716796875,7.562721252441406,44.984706658443464,3.2369472547983387
215744.578125,323.6380310058594,-13.33484935760498,0.0016291065840050578,167681.8125,225.01988220214844,-13.061214447021484,0.0014573531225323677,208933.0,281.36053466796875,-13.300017356872559,0.0014624666655436158,9536.1923828125,455,2.562636375427246,2.5309085845947266,77.61634063720703,1050.0334684872446,2486.2316265619097,44.989027049503214,3.295115288749319,0.003270493121817708,0.0032385399099439383,5.244472503662109,0,4.0327534675598145,0.000294797180686146,215265.359375,15.375818252563477,44.989027049503214,3.295115288749319
360.858642578125,64.39083099365234,-6.393342971801758,0.1937834769487381,207.71975708007812,66.1485824584961,-5.793694496154785,0.34583789110183716,177.96987915039062,61.14936447143555,-5.625866413116455,0.3731429874897003,31.46526336669922,9,1.2855656147003174,0.8638460636138916,9.552227973937988,1046.4122371664191,2425.9584560004055,44.98461661918521,3.295386766091016,0.5639045238494873,0.5635672807693481,-55.28651809692383,0,6.236912250518799,0.0004559355729725212,-305.2796630859375,7.713393688201904,44.98461661918521,3.2953867660910157
513.0294799804688,75.95928192138672,-6.775355815887451,0.1607934534549713,344.7472839355469,66.40821838378906,-6.343752384185791,0.20919474959373474,377.30194091796875,134.94956970214844,-6.441722393035889,0.38842958211898804,30.39283561706543,13,2.0496134757995605,1.0492584705352783,34.16144561767578,562.4250125830534,2434.8011173567465,44.985246280964375,3.3307878783510345,0.46538498997688293,0.4638596773147583,34.43193054199219,0,8.775790214538574,0.00064146111253649,317.49554443359375,12.297680854797363,44.98524628096438,3.3307878783510345
11375.9990234375,184.3222198486328,-10.139973640441895,0.017596162855625153,4748.830078125,75.01007080078125,-9.191466331481934,0.017153896391391754,8153.47900390625,196.1286163330078,-9.77835750579834,0.02612328715622425,148.20376586914062,197,4.493345737457275,2.427253484725952,35.329551696777344,16.240821664024356,2470.869060469032,44.98786072917479,3.3707274479583558,0.056234586983919144,0.05400194227695465,34.36855697631836,16,12.063705444335938,0.0008816539193503559,-6726.44775390625,26.96007537841797,44.98786072917479,3.370727447958356
1416.8043212890625,121.69506072998047,-7.878274917602539,0.09328094124794006,651.3614501953125,66.96598815917969,-7.034554958343506,0.11165085434913635,666.9177856445312,95.88998413085938,-7.0601806640625,0.15614596009254456,35.055397033691406,29,1.861419439315796,1.4767969846725464,-40.50830841064453,735.7861402905469,2445.764542247279,44.98605519496502,3.3181065169759503,0.21889255940914154,0.2174557000398636,-8.43984603881836,0,9.928812980651855,0.0007257665856741369,645.5601196289062,11.168516159057617,44.98605519496502,3.3181065169759507
580.8780517578125,79.31784057617188,-6.910212516784668,0.14829131960868835,478.3063659667969,66.76256561279297,-6.699265480041504,0.1515851467847824,528.0843505859375,85.7578353881836,-6.806758403778076,0.1763601005077362,35.31660079956055,15,1.683524250984192,1.2922552824020386,-30.32284164428711,206.75051304487144,2440.900544026219,44.98567716968611,3.3567996330052905,0.332133024930954,0.3313835561275482,-35.78873062133789,0,8.826915740966797,0.000645139894913882,524.1312255859375,10.10114574432373,44.985677169686106,3.356799633005284
1310.4925537109375,118.36732482910156,-7.793586254119873,0.09809053689241409,314.794189453125,66.37175750732422,-6.2450666427612305,0.2289741337299347,355.27996826171875,122.59736633300781,-6.376426696777344,0.3747487962245941,34.15270233154297,12,1.3855184316635132,0.9586284160614014,6.204554080963135,243.3720948616185,2439.876948760855,44.985603965507664,3.3541215757494327,0.3550178110599518,0.35436636209487915,-50.293792724609375,2,6.882867336273193,0.0005030587781220675,303.31781005859375,8.3131103515625,44.98560396550766,3.354121575749426
2903.114013671875,123.57855987548828,-8.657159805297852,0.046228401362895966,1861.562744140625,69.44168853759766,-8.174694061279297,0.04051095247268677,2751.712646484375,185.9342803955078,-8.599007606506348,0.0733814388513565,83.38993835449219,67,2.5701282024383545,1.898147463798523,-75.05378723144531,609.5849228868758,2458.9555905141215,44.98701557527613,3.327335734520739,0.1126379445195198,0.11219214648008347,-41.11748504638672,3,8.195032119750977,0.0005990108475089073,3758.699951171875,15.420768737792969,44.98701557527611,3.3273357345207275
2679.15771484375,112.26448059082031,-8.569995880126953,0.045506551861763,1907.4788818359375,69.45885467529297,-8.201148986816406,0.039545562118291855,2367.4150390625,111.78781127929688,-8.435686111450195,0.05128021910786629,97.0059585571289,56,1.9900583028793335,1.819625973701477,47.69271469116211,479.95665524728224,2454.760042515247,44.98670332967302,3.336817192039039,0.09630093723535538,0.09594418108463287,17.05634307861328,2,6.033995628356934,0.00044103842810727656,2170.90380859375,11.940349578857422,44.98670332967302,3.3368171920390393
513.4108276367188,76.84595489501953,-6.776162624359131,0.16254957020282745,132.90780639648438,65.96619415283203,-5.308876037597656,0.5390149354934692,89.16133117675781,71.92765045166016,-4.875441551208496,0.8760908842086792,19.67598533630371,9,1.5130012035369873,1.0418308973312378,-1.3205666542053223,1616.7407546009345,2442.445321208065,44.985838420642224,3.253660020158368,0.3276125192642212,0.3256646394729614,-68.49235534667969,0,7.504383563995361,0.0005486514419317245,-335.23236083984375,9.078006744384766,44.985838420642224,3.253660020158368
927.884765625,100.0332260131836,-7.418735027313232,0.11707928031682968,592.6940307617188,66.89622497558594,-6.932076454162598,0.12257470935583115,1299.6689453125,141.45968627929688,-7.784581661224365,0.11820334941148758,29.53660011291504,24,2.278120994567871,1.154416561126709,-40.85371398925781,248.7095832377022,2453.554602489305,44.986605008763505,3.353729556346534,0.6068690419197083,0.6028397083282471,-6.843512535095215,0,9.710347175598145,0.0007097116322256625,837.8814697265625,13.668725967407227,44.98660500876351,3.3537295563465412
1766.63427734375,136.63681030273438,-8.117866516113281,0.08399450778961182,775.6305541992188,67.22178649902344,-7.224137306213379,0.09412065893411636,1019.5808715820312,118.373046875,-7.521054267883301,0.12608428299427032,39.869056701660156,32,2.20766282081604,1.8686614036560059,-64.23700714111328,534.0201095132608,2495.1267054024374,44.98965917981641,3.3328582882773294,0.30415937304496765,0.3036735951900482,31.42716407775879,0,12.17342758178711,0.0008897776715457439,658.9495849609375,13.245977401733398,44.98965917981641,3.3328582882773294
568.7479248046875,82.93890380859375,-6.887299537658691,0.158368319272995,356.7275085449219,66.45895385742188,-6.380841255187988,0.20232370495796204,361.2989501953125,74.77980041503906,-6.39466667175293,0.22477470338344574,24.434492111206055,13,1.457372784614563,1.1215605735778809,6.250473499298096,892.4871681258076,2449.176398370983,44.986310453125554,3.306643956991667,0.40464356541633606,0.4033714532852173,30.68531036376953,0,7.642964839935303,0.000558696745429188,205.17706298828125,8.744236946105957,44.986310453125554,3.306643956991667
2893.072509765625,140.9181365966797,-8.653398513793945,0.052897773683071136,1488.1199951171875,68.59496307373047,-7.9315948486328125,0.05005921795964241,2948.6904296875,140.94541931152344,-8.674073219299316,0.05191006883978844,53.10860824584961,52,3.362783193588257,1.6908941268920898,-44.11703109741211,2001.49285893315,2464.8218731315083,44.9874831847332,3.225505501976454,0.18117684125900269,0.1790091097354889,-37.2667350769043,3,14.298469543457031,0.0010454343864694238,2252.783447265625,20.176698684692383,44.987483184733186,3.225505501976449
481.37860107421875,74.3908920288086,-6.706216812133789,0.16782738268375397,421.044189453125,66.5151138305664,-6.560819149017334,0.1715625375509262,444.3341979980469,71.41468811035156,-6.619274139404297,0.17454509437084198,27.790266036987305,12,1.5581151247024536,1.0295144319534302,-69.67770385742188,1015.7297077092021,2455.2766826493207,44.98676093622132,3.297628063338206,0.40161818265914917,0.40115460753440857,-85.2701187133789,1,7.5708746910095215,0.0005534404190257192,139.14071655273438,9.3486909866333,44.98676093622131,3.2976280633381996
1138.1644287109375,106.25300598144531,-7.640512466430664,0.10138320922851562,512.5308837890625,66.75623321533203,-6.7743000984191895,0.14144957065582275,1575.1312255859375,176.270751953125,-7.993291854858398,0.12153275310993195,30.82923698425293,30,3.6471548080444336,2.540131092071533,-58.88722229003906,2000.1809594493252,2465.8244974466984,44.98755652759306,3.225601406802109,0.2879541218280792,0.28583940863609314,-49.36153793334961,3,18.259626388549805,0.0013350490480661392,675.5361938476562,21.8829288482666,44.98755652759304,3.2256014068021046
185954.40625,316.0819091796875,-13.173516273498535,0.001845962950028479,143396.546875,209.55271911621094,-12.89134693145752,0.0015870275674387813,179937.015625,275.6091613769531,-13.137801170349121,0.001663423958234489,7949.57958984375,490,3.1351265907287598,2.5239875316619873,-68.19670104980469,1463.268728942814,2539.362054422509,44.99292627458047,3.2648788087201197,0.003571419743821025,0.0035315759014338255,10.861943244934082,0,4.107370376586914,0.00030026966123841703,184621.4375,18.810760498046875,44.99292627458047,3.2648788087201197
764.3764038085938,78.90979766845703,-7.208268165588379,0.11211235821247101,712.3849487304688,67.0661392211914,-7.131786823272705,0.10223941504955292,1107.122802734375,107.85874938964844,-7.610489368438721,0.10580091178417206,41.85487365722656,20,1.9459511041641235,1.339704155921936,53.902679443359375,724.3399998079681,2470.4912270750337,44.98786405229483,3.318940902953656,0.31800010800361633,0.3167387843132019,20.523412704467773,2,9.667750358581543,0.000706673541571945,818.2313842773438,11.67570686340332,44.98786405229483,3.3189409029536563
652.4354248046875,71.9539566040039,-7.036344051361084,0.11976969987154007,533.5887451171875,66.82547760009766,-6.818016529083252,0.13600824773311615,530.3963012695312,73.35718536376953,-6.8115010261535645,0.1502007097005844,46.661067962646484,17,1.2634562253952026,1.1454524993896484,50.18075180053711,1600.2620222167568,2466.2173495829984,44.98757751618426,3.254863343652567,0.1976335644721985,0.1975351870059967,-48.838279724121094,0,5.936168193817139,0.00043399137211963534,487.42279052734375,7.580737113952637,44.98757751618425,3.254863343652567
378.1308898925781,59.557098388671875,-6.444105625152588,0.17104926705360413,318.7231750488281,66.25052642822266,-6.258533954620361,0.22573845088481903,279.3360290527344,74.05108642578125,-6.115317344665527,0.2878951132297516,30.806882858276367,10,1.807716727256775,0.8906041383743286,1.2289687395095825,273.1916121022502,2466.913249386947,44.987583574270886,3.3519374986511448,0.4667298197746277,0.46490731835365295,7.884164810180664,0,7.584805488586426,0.0005543592269532382,-187.52413940429688,10.84630012512207,44.987583574270886,3.3519374986511448
1104.019287109375,96.2157974243164,-7.607441425323486,0.0946454107761383,860.099609375,67.5223159790039,-7.336371898651123,0.0852566733956337,1081.26708984375,91.46234893798828,-7.584832668304443,0.09186269342899323,48.90388488769531,24,1.6989853382110596,1.3888307809829712,87.16490173339844,107.36038578920902,2476.6214561813567,44.9882861196819,3.364063496356788,0.25868651270866394,0.25780439376831055,46.5248908996582,2,7.573637962341309,0.0005535170785151422,860.9127197265625,10.193912506103516,44.98828611968189,3.364063496356781
1154.2298583984375,95.02717590332031,-7.655730724334717,0.08940984308719635,916.09375,67.66211700439453,-7.404850006103516,0.08021128922700882,1130.647216796875,110.24928283691406,-7.633317947387695,0.10589573532342911,53.612815856933594,30,1.7044466733932495,1.387084722518921,8.634084701538086,1522.3119967861287,2475.609598756556,44.98826295353426,3.2605655673307714,0.19257010519504547,0.1923612654209137,-39.39359664916992,3,7.38109827041626,0.0005396191263571382,1142.6578369140625,10.226679801940918,44.988262953534274,3.260565567330776
346.815185546875,60.87139129638672,-6.350245475769043,0.19060967862606049,257.41204833984375,66.43334197998047,-6.026572227478027,0.28027674555778503,219.65695190429688,98.34664154052734,-5.854362487792969,0.4862329661846161,32.56576156616211,6,1.1044437885284424,0.47855743765830994,-53.00102233886719,1628.9197307779916,2471.3814127911387,44.987956022151884,3.252766072974248,0.43993470072746277,0.43758007884025574,-11.856534004211426,2,4.3073859214782715,0.00031491240952163935,126.73429107666016,6.626662731170654,44.9879560221519,3.2527660729742527
468.8261413574219,74.99919891357422,-6.677529335021973,0.17372992634773254,166.8883056640625,65.95928192138672,-5.556064605712891,0.4292198717594147,296.8219299316406,75.80132293701172,-6.181240081787109,0.27733880281448364,22.581621170043945,11,2.328277349472046,0.7202713489532471,-29.07776641845703,1926.4018754522162,2477.48667603301,44.98840863012702,3.230998976868084,0.35107627511024475,0.11194398999214172,-29.564435958862305,0,7.742432594299316,0.0005660780589096248,-557.7564086914062,13.969663619995117,44.988408630127005,3.2309989768680794
1274.51123046875,117.07083892822266,-7.763359069824219,0.09975504875183105,265.0475158691406,66.21634674072266,-6.058309078216553,0.27131345868110657,232.82113647460938,71.6062240600586,-5.917555809020996,0.3340090215206146,33.78737258911133,11,1.5814281702041626,0.9626830816268921,-5.4494733810424805,329.89960702817194,2508.975174630927,44.99066372979704,3.347785146791444,0.34367087483406067,0.3415009081363678,-20.065534591674805,0,7.373865604400635,0.0005389389116317034,254.33828735351562,9.488569259643555,44.99066372979704,3.347785146791443
180464.140625,522.9332275390625,-13.140976905822754,0.00314691592939198,47420.2109375,131.9837646484375,-11.689908981323242,0.0030226430390030146,172720.359375,491.056640625,-13.093358993530273,0.0030875776428729296,1717.32177734375,1789,10.163032531738281,5.756060600280762,55.27815246582031,1256.107642275967,2638.199041695991,45.00015220131777,3.2800238128371486,0.014851818792521954,0.013788498938083649,56.26372146606445,0,7.952876567840576,0.0005813432508148253,175258.34375,60.97819519042969,45.00015220131777,3.280023812837149
4177.12158203125,111.2712631225586,-9.052192687988281,0.028929153457283974,3286.9189453125,72.24459075927734,-8.791972160339355,0.023869656026363373,3831.759033203125,115.82693481445312,-8.958495140075684,0.03282775729894638,189.54127502441406,72,2.051466941833496,1.7789386510849,29.795663833618164,61.1583628960738,2499.853101567603,44.989983656411816,3.3674391613918946,0.05050841346383095,0.0503191314637661,-7.650623798370361,0,4.229925155639648,0.0003091357066296041,3401.541259765625,12.308801651000977,44.98998365641181,3.3674391613918884
529.5719604492188,69.36451721191406,-6.809812545776367,0.14224670827388763,295.50946044921875,66.1502456665039,-6.176428318023682,0.2431027591228485,296.8996276855469,81.26513671875,-6.181524276733398,0.29725176095962524,37.73232650756836,14,1.4008973836898804,1.1304017305374146,-24.673276901245117,2010.008486661122,2490.0969403468353,44.98933273571173,3.2248800522871757,0.22389405965805054,0.22228264808654785,-35.07505416870117,0,7.521858215332031,0.0005499558174051344,195.2762451171875,8.405384063720703,44.98933273571174,3.22488005228718
381.29656982421875,62.52848434448242,-6.453157424926758,0.17809216678142548,358.8368225097656,66.46334075927734,-6.387242317199707,0.20114766061306,344.2021484375,101.10073852539062,-6.342033863067627,0.3189852237701416,41.3364372253418,10,2.1190760135650635,0.6247832179069519,82.44976043701172,1889.9891657848143,2501.086981731548,44.990134842087556,3.23366113829591,0.39737483859062195,0.39567646384239197,82.88429260253906,1,6.871771812438965,0.0005024117417633533,490.6534729003906,12.714456558227539,44.99013484208754,3.2336611382959055
1129.872314453125,111.40923309326172,-7.63257360458374,0.1070832759141922,568.0846557617188,66.79402923583984,-6.886032581329346,0.12768925726413727,825.8273315429688,101.75652313232422,-7.29222297668457,0.13381439447402954,40.668460845947266,17,2.2465310096740723,1.3519527912139893,-30.246837615966797,899.5382535644153,2498.1268784563053,44.98989244558649,3.306122699322462,0.3062244951725006,0.30437731742858887,-2.5069468021392822,2,10.43893051147461,0.0007630642503499985,536.569580078125,13.479186058044434,44.98989244558648,3.3061226993224557
2667.34326171875,110.441650390625,-8.565196990966797,0.0449659526348114,1958.2008056640625,69.63362121582031,-8.229642868041992,0.03861815854907036,2310.813232421875,113.99901580810547,-8.409412384033203,0.053575482219457626,90.74772644042969,58,2.1981072425842285,1.7160553932189941,-86.76628875732422,641.360351674408,2512.5352339382703,44.9909372192799,3.325005378540865,0.09412942081689835,0.09356535226106644,-61.20032501220703,0,6.51456880569458,0.0004761698073707521,1827.41943359375,13.188643455505371,44.99093721927989,3.3250053785408586
2583.557861328125,136.45480346679688,-8.530545234680176,0.05735885351896286,1508.71533203125,68.7613296508789,-7.946518421173096,0.049495622515678406,1980.317626953125,124.06914520263672,-8.241837501525879,0.06803913414478302,66.79600524902344,57,2.187474489212036,2.095780372619629,-42.23234939575195,1216.1121507436974,2518.3117106676477,44.99137939109038,3.282962542476744,0.1401512175798416,0.13962119817733765,49.913631439208984,0,8.272416114807129,0.0006047315546311438,1611.924560546875,13.124847412109375,44.99137939109038,3.282962542476744
655.4219970703125,83.7430191040039,-7.041302680969238,0.13875780999660492,484.71453857421875,66.62142181396484,-6.713715076446533,0.14926490187644958,433.73797607421875,71.99268341064453,-6.593068599700928,0.1802564114332199,29.368907928466797,11,1.7765233516693115,0.8727023601531982,-6.3230299949646,157.78782607964948,2502.37870824205,44.99017314351466,3.360372615850994,0.34982356429100037,0.3483937680721283,49.54176330566406,2,7.44188928604126,0.0005438886000774801,201.98782348632812,10.659139633178711,44.99017314351466,3.360372615850994
513.9957885742188,79.04302215576172,-6.777399063110352,0.16700667142868042,246.56411743164062,66.2296371459961,-5.979824542999268,0.29171067476272583,261.1031494140625,65.39956665039062,-6.042030334472656,0.2720148265361786,25.502893447875977,11,1.1356604099273682,1.0608986616134644,-46.18247604370117,414.2161723985233,2497.8307989658924,44.98985201219911,3.3416200741641533,0.326405793428421,0.32584348320961,-89.40290069580078,0,6.551877021789551,0.0004788741352967918,32.80649185180664,6.813962459564209,44.989852012199094,3.341620074164146
606.6353759765625,77.33999633789062,-6.957319259643555,0.13845422863960266,415.142822265625,66.58023834228516,-6.545494079589844,0.17417171597480774,404.67218017578125,73.12010955810547,-6.517758369445801,0.19622905552387238,34.725379943847656,16,1.4043574333190918,1.1653571128845215,-74.00474548339844,815.5598036498866,2509.006489644452,44.99068554657957,3.3122642320872795,0.3006536066532135,0.2994130253791809,-68.30962371826172,0,7.647787094116211,0.0005590235814452171,192.4994659423828,8.42614459991455,44.99068554657957,3.3122642320872804
837.5689697265625,92.28429412841797,-7.307551383972168,0.11965670436620712,495.860595703125,66.69601440429688,-6.738399028778076,0.14607304334640503,544.6847534179688,93.44541931152344,-6.840363025665283,0.18631276488304138,40.60193634033203,22,2.032604694366455,1.222756266593933,31.587642669677734,118.40422456768222,2517.2654135420453,44.991260458374065,3.3632507793330415,0.3135185241699219,0.3123399019241333,11.474588394165039,0,9.43832015991211,0.000689785520080477,-9.514212608337402,12.19562816619873,44.991260458374065,3.363250779333042
6370.88916015625,108.1978988647461,-9.510499954223633,0.018443724140524864,5305.1484375,75.9596939086914,-9.31174373626709,0.015549465082585812,6120.60986328125,112.20166778564453,-9.466986656188965,0.01990831270813942,305.2003479003906,78,1.8696485757827759,1.808685302734375,59.379150390625,627.6071963995402,2528.685566160129,44.992118364606156,3.3260094038423516,0.03231378272175789,0.03209594264626503,13.82713794708252,0,4.287431240081787,0.00031337799737229943,5627.2392578125,11.217891693115234,44.992118364606135,3.3260094038423387
1774.485107421875,103.24785614013672,-8.1226806640625,0.0631885677576065,1314.524169921875,68.29483795166016,-7.796921253204346,0.05642208084464073,1596.1480712890625,120.12027740478516,-8.007682800292969,0.08172839879989624,60.733299255371094,43,2.1594080924987793,1.6190334558486938,-63.786624908447266,1565.5629598115972,2533.2703485509765,44.99248301311578,3.2573953669123923,0.14596986770629883,0.14557866752147675,-32.84429931640625,0,8.640771865844727,0.0006316990475170314,1544.640625,12.956448554992676,44.99248301311578,3.257395366912392
1287326.625,669.5999145507812,-15.274221420288086,0.0005648803198710084,996344.9375,528.722900390625,-14.996024131774902,0.0005762994987890124,1250817.125,609.0089721679688,-15.242984771728516,0.0005287613603286445,50847.65625,990,2.8071155548095703,2.715482234954834,12.287670135498047,680.4488151093444,2609.8041350605026,44.99805547796877,3.3221350069496443,0.0013132793828845024,0.0013004903448745608,13.671648979187012,0,4.137454986572266,0.00030240777414292097,1281478.75,16.842693328857422,44.99805547796877,3.322135006949644
268194.75,350.44329833984375,-13.571125984191895,0.0014190487563610077,208842.921875,248.98361206054688,-13.299549102783203,0.0012947347713634372,260053.140625,305.98529052734375,-13.537654876708984,0.001277815899811685,11418.302734375,497,2.5917630195617676,2.5305349826812744,-0.5743982791900635,1204.5230287701866,2577.234240209937,44.995690265932986,3.283804014575591,0.00291023519821465,0.00287831062451005,13.672039985656738,0,4.017950057983398,0.0002937116951216012,267783.875,15.550578117370605,44.995690265932986,3.283804014575591
741.68359375,93.47098541259766,-7.175546646118164,0.1368636041879654,253.37583923339844,66.21792602539062,-6.00941276550293,0.28381815552711487,256.15521240234375,66.68859100341797,-6.0212578773498535,0.28273409605026245,28.186687469482422,11,1.3447424173355103,0.9850867986679077,-37.96297836303711,602.8441353250056,2522.5797687971444,44.991670641538235,3.3278212993191176,0.3391800820827484,0.3385220170021057,43.7537841796875,0,6.873672962188721,0.000502410635817796,191.4650115966797,8.06845474243164,44.99167064153823,3.327821299319112
5245.11474609375,108.53262329101562,-9.29938793182373,0.022471658885478973,4278.68408203125,74.20881652832031,-9.078275680541992,0.018835412338376045,5146.30810546875,117.01776123046875,-9.278739929199219,0.024693680927157402,247.11131286621094,75,2.0165812969207764,1.769186019897461,-2.988490104675293,326.295326307061,2542.006603248489,44.99308036281941,3.3480446900127188,0.04017280787229538,0.04001811146736145,-15.06424617767334,0,4.005243301391602,0.00029272912070155144,5284.05322265625,12.0994873046875,44.99308036281941,3.3480446900127183
1237.40185546875,118.91661071777344,-7.731276988983154,0.10436661541461945,565.904052734375,66.89222717285156,-6.881856918334961,0.1283697485923767,934.6572875976562,162.57933044433594,-7.426630973815918,0.18890470266342163,31.052345275878906,14,1.647024393081665,0.9734006524085999,-80.69139099121094,564.3565359720496,2540.275047279707,44.99296381053361,3.3306341659730303,0.4090265929698944,0.4079529345035553,21.516510009765625,2,7.568761825561523,0.0005532067152671516,1079.488525390625,9.882146835327148,44.99296381053361,3.33063416597303
437.0794372558594,72.73786926269531,-6.601400852203369,0.1807299107313156,184.9812774658203,66.07512664794922,-5.667819499969482,0.387918084859848,147.23486328125,92.39291381835938,-5.420026779174805,0.6814873814582825,23.34625244140625,9,1.4048511981964111,0.836730420589447,-45.52119064331055,1885.6904575167468,2541.6477939249066,44.993102565437,3.23397183461231,0.36220818758010864,0.36190691590309143,53.31822967529297,0,6.470677375793457,0.0004730766813736409,159.68539428710938,8.429107666015625,44.993102565436985,3.233971834612305
3151.15380859375,127.15492248535156,-8.746173858642578,0.04382212087512016,1996.879150390625,69.80870056152344,-8.250879287719727,0.03796536847949028,2762.470703125,125.27972412109375,-8.603243827819824,0.049250759184360504,78.42240142822266,66,2.269827365875244,1.996452808380127,-29.70292091369629,569.4410475654854,2559.6310376888746,44.99438021628808,3.3302599931112877,0.1079506129026413,0.10743258148431778,-88.15840148925781,0,7.091428756713867,0.0005183136672712862,2574.93701171875,13.618964195251465,44.99438021628808,3.3302599931112877
873.1841430664062,93.33189392089844,-7.35276460647583,0.11607910692691803,613.9150390625,66.91437530517578,-6.97027063369751,0.11836981773376465,706.544189453125,90.89476776123047,-7.1228485107421875,0.13971060514450073,36.26186752319336,23,1.8557138442993164,1.3310726881027222,-69.29271697998047,910.2711068753672,2558.03438480854,44.99427612754263,3.305330873159887,0.2638019025325775,0.26277852058410645,-76.35476684570312,0,9.409078598022461,0.0006877653650008142,371.94085693359375,11.134283065795898,44.99427612754262,3.3053308731598814
1513.409912109375,106.47355651855469,-7.949891567230225,0.07640381157398224,1047.463134765625,67.70195007324219,-7.550346851348877,0.07019274681806564,1263.8138427734375,105.24295043945312,-7.754207611083984,0.09043566137552261,61.70465087890625,39,1.9836790561676025,1.6631304025650024,-29.584184646606445,272.50402329328523,2558.87699931071,44.99431225071187,3.351976444430581,0.16092215478420258,0.16062356531620026,-46.149417877197266,0,7.526303768157959,0.0005500591360032558,1048.302490234375,11.902074813842773,44.99431225071186,3.351976444430574
8890.994140625,168.2275390625,-9.87237548828125,0.02054833248257637,4887.90234375,75.10589599609375,-9.222805976867676,0.016687119379639626,8208.3056640625,168.89915466308594,-9.78563404083252,0.02234620600938797,189.89642333984375,145,3.1650593280792236,2.488574743270874,76.93460845947266,633.3004276129252,2583.25480818666,44.996111193635684,3.3255865749491367,0.0535927414894104,0.05309215933084488,68.71851348876953,2,7.363293170928955,0.0005381861701607704,8238.35546875,18.9903564453125,44.99611119363567,3.3255865749491305
869.6617431640625,89.88017272949219,-7.3483757972717285,0.11223889142274857,626.0735473632812,67.0163345336914,-6.991563320159912,0.11624791473150253,706.0186767578125,86.54114532470703,-7.122040271759033,0.13311783969402313,39.28351593017578,19,1.6510416269302368,1.3519428968429565,-62.84158706665039,1671.3859329188717,2559.962429387968,44.994438377292646,3.249650236293503,0.25679129362106323,0.25571563839912415,-75.94182586669922,2,8.941668510437012,0.000653700961265713,542.89794921875,9.90625,44.99443837729263,3.249650236293498
1338.08837890625,104.29216766357422,-7.816212177276611,0.08464410901069641,891.7010498046875,67.5615234375,-7.375548362731934,0.08228296786546707,1192.9827880859375,102.25361633300781,-7.691585540771484,0.09308384358882904,47.173152923583984,32,2.2089548110961914,1.393378496170044,-68.33370971679688,1024.6227107541058,2571.074679559527,44.99523405064345,3.296964757371327,0.23410537838935852,0.2332036942243576,-74.57308197021484,2,9.35991382598877,0.0006841845461167395,742.1522827148438,13.253728866577148,44.99523405064343,3.296964757371321
2184.52294921875,126.41064453125,-8.34839153289795,0.06284299492835999,1305.5419921875,68.35204315185547,-7.789477348327637,0.05685785040259361,1818.572265625,112.26025390625,-8.14932632446289,0.0670386552810669,54.31864929199219,47,2.0826292037963867,1.767548680305481,68.87181854248047,354.89059384046635,2577.2393415541956,44.99565943128664,3.3459491224892743,0.1539497673511505,0.153375506401062,66.64795684814453,2,8.348877906799316,0.0006101841572672129,1804.1788330078125,12.49577522277832,44.99565943128664,3.3459491224892743
718.6686401367188,92.69551849365234,-7.141321659088135,0.14007475972175598,335.7336120605469,66.36360931396484,-6.3149871826171875,0.21466685831546783,244.42501831054688,104.30880737304688,-5.970364093780518,0.46345242857933044,33.63024139404297,17,2.5676538944244385,1.2714405059814453,-4.592283248901367,252.05737266610052,2571.6538263869547,44.99524611545746,3.3534701244888536,0.305181086063385,0.30407312512397766,-72.33533477783203,0,10.824419021606445,0.0007910930435173213,-11.43687915802002,15.405923843383789,44.99524611545746,3.353470124488853
309.2348327636719,61.216285705566406,-6.2257208824157715,0.21498511731624603,268.2319030761719,66.2748031616211,-6.0712761878967285,0.26832911372184753,340.3831481933594,71.21337890625,-6.329920291900635,0.22720786929130554,20.90345001220703,7,1.5446794033050537,0.975579023361206,-21.93960952758789,1562.7361049466185,2570.9836852256694,44.99524233899811,3.2575983771011146,0.6660876274108887,0.6633857488632202,-26.938621520996094,2,7.335991859436035,0.0005363002419471741,252.8574981689453,9.268075942993164,44.99524233899811,3.257598377101115
189.16580200195312,41.357154846191406,-5.6921067237854,0.23743124306201935,296.8358154296875,66.3602523803711,-6.181290626525879,0.24278482794761658,296.84222412109375,68.67353820800781,-6.181313991546631,0.2512427568435669,32.453922271728516,5,0.921724259853363,0.47523653507232666,0.5244643688201904,1564.8862698365062,2569.3543647351316,44.99512317718442,3.257441230411256,0.31987547874450684,0.3188037872314453,-5.476379871368408,3,3.910529136657715,0.00028588107670657337,284.0701904296875,5.530345439910889,44.99512317718442,3.257441230411256
479.62567138671875,75.27971649169922,-6.702256202697754,0.170453280210495,158.8502655029297,65.94245147705078,-5.502470016479492,0.45082393288612366,202.25743103027344,56.08245086669922,-5.764761447906494,0.3011288344860077,27.789499282836914,9,1.7915115356445312,0.5544794797897339,51.61030578613281,1783.3440445816632,2583.0998161151288,44.996133558899004,3.2414564071407796,0.5798342823982239,0.5752698183059692,44.32256317138672,0,5.94184684753418,0.0004343964101281017,-346.85186767578125,10.749069213867188,44.99613355889902,3.241456407140784
689.5498046875,89.5463638305664,-7.096414089202881,0.1410302072763443,401.2982177734375,66.57730102539062,-6.508667945861816,0.1801726073026657,589.4423828125,119.3173599243164,-6.926103591918945,0.21983259916305542,36.323402404785156,9,1.0951184034347534,0.8226306438446045,-55.76797103881836,58.43944296535774,2580.9448926968244,44.99591657386553,3.3676276588589227,0.43315890431404114,0.43186861276626587,67.68073272705078,2,4.567608833312988,0.0003338017559144646,588.3825073242188,6.570710182189941,44.99591657386553,3.3676276588589227
426.3621826171875,71.95449829101562,-6.574446678161621,0.18327747285366058,153.7590789794922,65.98382568359375,-5.46710205078125,0.4660435914993286,106.91493225097656,102.46502685546875,-5.072596073150635,1.040799617767334,20.983232498168945,9,1.3575851917266846,0.7841282486915588,-3.4770143032073975,1990.5406744293564,2576.133215224272,44.99562756180559,3.226296583591915,0.3420273959636688,0.3380390703678131,-11.069121360778809,0,6.153895378112793,0.0004499170754570514,251.32382202148438,8.145511627197266,44.99562756180559,3.226296583591915
1399.383056640625,115.1805191040039,-7.864841461181641,0.08938656747341156,922.8949584960938,67.5236587524414,-7.412880897521973,0.07945725321769714,1100.8746337890625,105.43666076660156,-7.604344844818115,0.10401203483343124,42.644920349121094,37,2.0344929695129395,1.616052508354187,-2.8646790981292725,527.530475481109,2587.829967997556,44.99644167114325,3.333321868995839,0.23790864646434784,0.23703043162822723,15.844381332397461,0,8.80631160736084,0.0006436395342461765,536.9478759765625,12.206957817077637,44.99644167114324,3.333321868995833
622.8883056640625,85.88227844238281,-6.986025333404541,0.1497349590063095,369.28857421875,66.45923614501953,-6.41841459274292,0.19544261693954468,428.658935546875,87.57971954345703,-6.58027982711792,0.221881702542305,25.335582733154297,15,2.1816749572753906,1.0336241722106934,23.200355529785156,1728.8807929449365,2587.1027504496697,44.99642534334256,3.245440907924167,0.4660004675388336,0.4640943109989166,25.69903564453125,0,8.987739562988281,0.000657067634165287,-189.30311584472656,13.090049743652344,44.996425343342565,3.245440907924171
2171.185302734375,112.28445434570312,-8.341742515563965,0.05616329237818718,1538.052490234375,68.82022857666016,-7.967427730560303,0.04859311506152153,1962.6212158203125,112.81829833984375,-8.232090950012207,0.062427058815956116,67.49308013916016,52,2.211475372314453,1.6636842489242554,-79.4830322265625,528.3599966195773,2603.5081586320835,44.99758877587327,3.333259317931035,0.13859522342681885,0.13793949782848358,87.17308044433594,0,8.034018516540527,0.0005871894536539912,1081.5245361328125,13.268852233886719,44.99758877587327,3.333259317931035
2231.90576171875,142.27218627929688,-8.371689796447754,0.06922675669193268,1139.5640869140625,68.0663070678711,-7.641846656799316,0.06486691534519196,1611.6697998046875,122.61272430419922,-8.018190383911133,0.0826207846403122,49.979740142822266,53,2.195952892303467,1.9858100414276123,83.66033172607422,745.0147697349086,2609.7199292959976,44.99805176818111,3.317412576057291,0.19138681888580322,0.19087104499340057,-58.1277961730957,2,8.592778205871582,0.0006280580419115722,1243.894775390625,13.1757173538208,44.99805176818111,3.317412576057291
774.704833984375,91.63038635253906,-7.222840785980225,0.1284496933221817,365.9120178222656,66.42638397216797,-6.408441543579102,0.1971486210823059,461.4028625488281,90.04627227783203,-6.660200595855713,0.21194115281105042,35.509456634521484,12,1.8463935852050781,1.3219324350357056,-25.535280227661133,1965.3521108723605,2600.7964877669133,44.99743164623507,3.2281373505020583,0.3603031635284424,0.3590390384197235,-5.228238582611084,2,9.352826118469238,0.0006837830878794193,14.563677787780762,11.078361511230469,44.99743164623507,3.2281373505020583
491.8299560546875,68.58473205566406,-6.729537487030029,0.1514405906200409,509.8428039550781,66.67349243164062,-6.768590927124023,0.1420190930366516,544.4329223632812,111.83863830566406,-6.839860916137695,0.2230885624885559,44.45140838623047,13,1.456261157989502,0.7645119428634644,-37.4400520324707,635.5702574228995,2598.2710947008795,44.997209934741086,3.325418786208178,0.23612913489341736,0.23521694540977478,63.34870910644531,3,5.613354206085205,0.00041027969564311206,732.4758911132812,8.737566947937012,44.99720993474109,3.325418786208184
1714.9068603515625,96.27873229980469,-8.085601806640625,0.0609704852104187,1373.5748291015625,68.41414642333984,-7.844630718231201,0.054090797901153564,1605.2685546875,99.84471893310547,-8.013869285583496,0.06754717975854874,72.31727600097656,40,1.7875406742095947,1.6382335424423218,-19.218385696411133,1412.6079040959328,2606.944231429551,44.99786973126396,3.268578137090565,0.1284865140914917,0.1277804672718048,-21.50984764099121,0,6.402080059051514,0.00046800437849015,1301.1661376953125,10.725244522094727,44.997869731263975,3.26857813709057
6500.12939453125,204.4763946533203,-9.532304763793945,0.03416260704398155,2106.951171875,69.97708892822266,-8.309136390686035,0.036068763583898544,5633.322265625,195.44671630859375,-9.376911163330078,0.03767849877476692,72.44632720947266,151,4.4713873863220215,2.4769954681396484,77.73554992675781,300.40725677827277,2644.9513105533533,45.00061092153831,3.3499251725513033,0.15606661140918732,0.15382230281829834,77.35185241699219,0,15.429168701171875,0.001127600553445518,4233.291015625,26.828323364257812,45.00061092153831,3.349925172551303
7769.81298828125,127.19001007080078,-9.72602653503418,0.017777564004063606,6025.0244140625,77.36844635009766,-9.449896812438965,0.013945525512099266,7207.841796875,125.38520050048828,-9.644513130187988,0.01889169216156006,345.9554138183594,95,2.216069459915161,1.894938588142395,44.92949676513672,382.2063473643999,2679.613222229947,45.00315043610258,3.343938844605547,0.029292630031704903,0.029195455834269524,44.34865951538086,0,4.024987697601318,0.00029415672179311514,7083.0087890625,13.296417236328125,45.00315043610258,3.343938844605547
446.03375244140625,72.00828552246094,-6.623419284820557,0.17532528936862946,262.3511047363281,66.1329116821289,-6.047207355499268,0.27375659346580505,284.4772644042969,79.64385223388672,-6.1351189613342285,0.30404266715049744,28.5272159576416,11,1.6867773532867432,1.0963226556777954,-24.139989852905273,948.0492203600392,2609.5842017271043,44.99804906121259,3.3025616888015583,0.44392600655555725,0.44293150305747986,-70.35730743408203,0,8.133511543273926,0.0005945165758021176,103.97430419921875,10.120664596557617,44.998049061212605,3.3025616888015636
1191.9913330078125,116.36317443847656,-7.690682888031006,0.10601621121168137,498.69989013671875,66.67615509033203,-6.744598388671875,0.14519815146923065,469.5587463378906,105.82986450195312,-6.679224967956543,0.2447643280029297,34.72727966308594,20,2.6095619201660156,1.2554640769958496,66.7630844116211,195.8901440401248,2633.5099325065057,44.99976900131547,3.3575697911662443,0.34421542286872864,0.3429102301597595,-6.620177268981934,0,10.843700408935547,0.0007924670353531837,227.64111328125,15.657371520996094,44.99976900131547,3.3575697911662443
781.0300903320312,92.85060119628906,-7.2316694259643555,0.12910610437393188,510.18450927734375,66.64845275878906,-6.769318103790283,0.1418706774711609,509.07232666015625,96.55528259277344,-6.766948699951172,0.20598062872886658,36.65855407714844,16,1.875908613204956,1.1957330703735352,-85.05237579345703,187.36566066812398,2629.347552767088,44.999464074281825,3.3581936881237167,0.30131995677948,0.3010701537132263,-69.39788818359375,2,7.978811264038086,0.0005830986774526536,485.01947021484375,11.255451202392578,44.999464074281825,3.3581936881237167
1359.21337890625,100.72589874267578,-7.833219051361084,0.08047914505004883,942.1698608398438,67.68997192382812,-7.435323238372803,0.07802341133356094,977.8530883789062,98.53858947753906,-7.47568416595459,0.10943659394979477,55.240882873535156,31,1.799209475517273,1.5918669700622559,70.5489273071289,1003.632214552341,2637.654871993548,45.000104648895665,3.298492759503044,0.16018469631671906,0.15951642394065857,19.076766967773438,0,7.5101237297058105,0.0005489494651556015,711.722900390625,10.795256614685059,45.00010464889565,3.298492759503038
389.36602783203125,65.35678100585938,-6.475894927978516,0.18228982388973236,277.04840087890625,66.31905364990234,-6.106389045715332,0.25996360182762146,312.2825012207031,79.69205474853516,-6.2363691329956055,0.27713871002197266,33.97609329223633,10,2.0830798149108887,0.9161719083786011,64.89205932617188,1704.7527755295057,2634.316510686379,44.9998792088731,3.2472015699812236,0.47595953941345215,0.4746626019477844,-77.60236358642578,0,8.263655662536621,0.0006041150772944093,-151.9005889892578,12.498478889465332,44.9998792088731,3.2472015699812236
815.2203369140625,97.57939147949219,-7.278187274932861,0.12999089062213898,387.23260498046875,66.44486999511719,-6.4699296951293945,0.18634569644927979,478.6492004394531,93.3477783203125,-6.700043201446533,0.211795374751091,27.477357864379883,14,2.4188754558563232,1.0066875219345093,40.89870834350586,1024.2314865869002,2632.7855828063803,44.99974907258409,3.2969865000030594,0.38410672545433044,0.3824975788593292,17.312679290771484,3,9.341729164123535,0.0006828345940448344,88.16265106201172,14.513252258300781,44.99974907258408,3.2969865000030536
962.3126220703125,101.22380065917969,-7.4582905769348145,0.11423423886299133,577.7359008789062,66.8653335571289,-6.904323101043701,0.12569022178649902,554.4329833984375,106.74752807617188,-6.859622478485107,0.20909257233142853,31.75103759765625,25,2.4790396690368652,1.3848919868469238,-17.658634185791016,1110.7618045117854,2633.5238405636105,44.999805831180204,3.290656742072612,0.3346238136291504,0.33317244052886963,-9.72940444946289,0,11.101543426513672,0.0008114833035506308,51.892032623291016,14.874238014221191,44.99980583118019,3.2906567420726067
384.49127197265625,67.95045471191406,-6.462216377258301,0.19192683696746826,214.84860229492188,66.05962371826172,-5.830331325531006,0.33391305804252625,182.05087280273438,70.29790496826172,-5.650481700897217,0.4193527102470398,26.003189086914062,9,1.8265455961227417,0.7754979729652405,-84.13396453857422,746.8895273479404,2635.3127870368144,44.99992427866011,3.3172724678620495,0.5225693583488464,0.5189186334609985,56.039249420166016,0,7.110263824462891,0.0005196925485506654,-111.88502502441406,10.959273338317871,44.999924278660096,3.3172724678620438
756.2552490234375,92.79548645019531,-7.196671009063721,0.1332564651966095,494.4814453125,66.71888732910156,-6.735374927520752,0.14653070271015167,543.0584106445312,97.04702758789062,-6.837116241455078,0.19407318532466888,31.92333221435547,19,2.058675765991211,1.392975926399231,-13.272191047668457,1032.547437222397,2639.492520129785,45.000240038245316,3.2963774484934047,0.3528328835964203,0.35140562057495117,-1.8819385766983032,2,10.142057418823242,0.0007413337589241564,528.9853515625,12.352054595947266,45.000240038245316,3.2963774484934047
473.1243896484375,72.89118957519531,-6.687438488006592,0.16731293499469757,253.30377197265625,66.19184875488281,-6.009104251861572,0.2837871313095093,237.81134033203125,74.5513916015625,-5.940581321716309,0.3404497504234314,28.464096069335938,12,1.4218319654464722,1.1494944095611572,51.02163314819336,967.1008078975833,2637.9429205483884,45.000124511156045,3.3011649157994327,0.2682071328163147,0.2676282227039337,-50.129634857177734,1,7.64262580871582,0.0005586302140727639,108.22279357910156,8.530991554260254,45.00012451115604,3.301164915799427
879.7190551757812,103.20938110351562,-7.3608598709106445,0.12741044163703918,417.9201354980469,66.58599853515625,-6.552733421325684,0.17302921414375305,452.8323669433594,77.75847625732422,-6.639843463897705,0.18648336827754974,28.30069351196289,12,1.5018123388290405,1.1774770021438599,18.83348274230957,356.7621735721054,2639.053271849605,45.00018195923899,3.345804632572315,0.4316903352737427,0.4305987060070038,-4.400974750518799,0,7.952235221862793,0.0005811782320961356,264.947509765625,9.010873794555664,45.00018195923899,3.345804632572315
757.1375122070312,85.59833526611328,-7.19793701171875,0.12277795374393463,492.67431640625,66.6636734008789,-6.731400012969971,0.14694646000862122,406.6305847167969,93.7002182006836,-6.523000240325928,0.25024786591529846,40.30935287475586,20,1.8043020963668823,1.4603798389434814,51.78517532348633,1217.0008663356957,2645.776483651497,45.00070545880102,3.2828837996615654,0.19970527291297913,0.19816656410694122,84.98712158203125,0,9.719743728637695,0.000710490217898041,387.74951171875,10.825812339782715,45.00070545880102,3.2828837996615654
493.97637939453125,76.25504302978516,-6.734265327453613,0.1676456183195114,299.4709777832031,66.52072143554688,-6.190886974334717,0.24123039841651917,302.2493896484375,71.74000549316406,-6.200913429260254,0.25776609778404236,28.203014373779297,12,1.6726800203323364,0.9159162640571594,-24.209461212158203,1893.6017166650533,2642.867547152353,45.00050848254377,3.2333833034777135,0.3842909038066864,0.38187551498413086,-23.9644775390625,0,7.397340774536133,0.0005407993448898196,-172.62185668945312,10.036080360412598,45.00050848254376,3.2333833034777095
628.9509887695312,86.54124450683594,-6.996541976928711,0.14942944049835205,313.0599060058594,66.44568634033203,-6.239068508148193,0.2304990589618683,288.51324462890625,85.87228393554688,-6.15041446685791,0.32323402166366577,33.169273376464844,15,1.659887433052063,1.3546582460403442,82.6590576171875,70.46235737998232,2653.565500742798,45.001230142988355,3.3667391755625964,0.3492985963821411,0.3481048047542572,7.777907371520996,0,7.091424942016602,0.000518226413987577,192.94212341308594,9.959324836730957,45.001230142988355,3.366739175562596
480.995849609375,75.34974670410156,-6.705353260040283,0.1701258420944214,100.65029907226562,65.89862823486328,-5.00703763961792,0.7110351920127869,128.0641326904297,74.9227066040039,-5.268568992614746,0.6353539824485779,19.12774085998535,9,1.613812804222107,1.0695788860321045,31.143413543701172,998.4695879155546,2643.966052755205,45.000566218666464,3.298869686578333,0.8994168639183044,0.8957961797714233,16.169208526611328,0,7.8559064865112305,0.0005742217763327062,30.58236312866211,9.682876586914062,45.000566218666464,3.298869686578333
964.22412109375,107.14791107177734,-7.460444927215576,0.1206800639629364,410.053955078125,66.69847106933594,-6.532102584838867,0.17664635181427002,621.54638671875,116.81090545654297,-6.983684062957764,0.2040984332561493,26.20350456237793,13,1.4658243656158447,1.036374568939209,-80.12339782714844,362.8859345024757,2653.8609968303385,45.001265568001585,3.3453549613260622,0.414776086807251,0.413169801235199,-18.840803146362305,2,7.365867614746094,0.000538320979103446,451.8566589355469,8.794946670532227,45.001265568001585,3.3453549613260622
1495.8128662109375,102.65628814697266,-7.937193393707275,0.0745311975479126,1103.3148193359375,67.96746826171875,-7.606748580932617,0.0669008269906044,1221.6246337890625,100.17301940917969,-7.717344284057617,0.08905182033777237,56.960540771484375,38,2.0069034099578857,1.4766781330108643,-34.14399719238281,1461.309979018414,2655.8736885161848,45.00145080226907,3.2650100565816307,0.1465834677219391,0.14595286548137665,-52.845558166503906,0,7.022779941558838,0.0005133713129907846,1080.1580810546875,12.041419982910156,45.00145080226907,3.2650100565816307
1994.067626953125,126.09680938720703,-8.249349594116211,0.06867426633834839,1158.7467041015625,68.13040924072266,-7.659971237182617,0.06385315209627151,1514.780517578125,123.89665985107422,-7.950874328613281,0.08882591873407364,64.03278350830078,52,2.441786050796509,1.8400170803070068,-21.381576538085938,1173.5055007131514,2661.6781851417263,45.00186757051476,3.286063861900942,0.17265422642230988,0.17148327827453613,-36.41648483276367,0,9.008241653442383,0.0006584699149243534,773.0570678710938,14.650716781616211,45.00186757051476,3.286063861900942
571.9310302734375,76.57572174072266,-6.893359184265137,0.14540430903434753,265.0902404785156,66.32003784179688,-6.058484077453613,0.27169451117515564,280.6656799316406,68.64099884033203,-6.120473384857178,0.2655975818634033,32.2487678527832,9,1.7523730993270874,0.6321414709091187,-64.75445556640625,1601.324143204712,2649.6924196672985,45.001001900404496,3.2547672050825938,0.6214438080787659,0.6165761947631836,-72.06239318847656,1,6.279203414916992,0.0004590291064232588,220.03074645996094,10.514238357543945,45.001001900404496,3.2547672050825933
473.21221923828125,72.9088134765625,-6.6876397132873535,0.1673223376274109,274.91058349609375,66.2369155883789,-6.097978591918945,0.2616606652736664,243.55511474609375,64.03611755371094,-5.966493129730225,0.2855338156223297,29.287065505981445,12,1.4813450574874878,0.8410747647285461,46.31117248535156,51.781825705097276,2648.719366706318,45.00087466891374,3.368105779718246,0.24421699345111847,0.24308238923549652,-61.2945442199707,0,6.663968086242676,0.0004869871772825718,106.03749084472656,8.888070106506348,45.00087466891374,3.3681057797182454
658.0095825195312,84.36726379394531,-7.0455803871154785,0.13924242556095123,472.8262023925781,66.57099914550781,-6.686753749847412,0.15290206670761108,580.1219482421875,90.2281723022461,-6.9087982177734375,0.168908953666687,42.55949783325195,17,2.284353494644165,1.0365089178085327,71.18230438232422,137.114476116257,2662.4319583259994,45.001882090711774,3.36186415351185,0.4045884311199188,0.40283849835395813,41.709510803222656,0,9.21098518371582,0.0006731276516802609,-285.90673828125,13.706121444702148,45.001882090711774,3.3618641535118496
10101.748046875,63.40580368041992,-10.010991096496582,0.006816513370722532,10053.1376953125,84.19139099121094,-10.005754470825195,0.009094856679439545,10047.3505859375,67.6559829711914,-10.005128860473633,0.0073128133080899715,4718.53564453125,13,1.1977369785308838,0.4448018968105316,47.05403518676758,880.061362338266,2656.9395632931705,45.00151135283709,3.307529341684253,0.005388446617871523,0.0050909980200231075,74.50531768798828,0,1.6874719858169556,0.00012334056373219937,9850.1748046875,7.186421871185303,45.001511352837106,3.3075293416842584
1558.1058349609375,115.18597412109375,-7.981492519378662,0.08028464019298553,988.9065551757812,67.96226501464844,-7.487888336181641,0.07463497668504715,1380.3779296875,130.49742126464844,-7.849995136260986,0.1026676818728447,47.25462341308594,41,2.4117329120635986,2.072395086288452,-57.29351806640625,196.46661659357778,2670.5038968155245,45.002475481791954,3.3575229514648894,0.20728066563606262,0.2062724381685257,-16.583559036254883,2,12.028907775878906,0.0008790675783529878,1189.507568359375,14.47039794921875,45.00247548179195,3.357522951464883
4081335.0,1142.367919921875,-16.527006149291992,0.0003039719886146486,2350174.25,808.3606567382812,-15.927750587463379,0.0003735380887519568,3996052.5,1068.77880859375,-16.504077911376953,0.0002904600987676531,54039.73046875,1881,3.7922699451446533,3.0796878337860107,86.08492279052734,497.5525514176419,2787.5139340767764,45.01104899514437,3.335490010853485,0.0012007688637822866,0.001018115202896297,-89.40775299072266,0,20.504867553710938,0.0014985126908868551,4067897.0,22.753620147705078,45.01104899514437,3.3354900108534844
1791.9649658203125,85.71565246582031,-8.133323669433594,0.05194699764251709,1532.4371337890625,68.7590560913086,-7.963456630706787,0.04872782528400421,1712.233154296875,91.00656127929688,-8.083907127380371,0.05772176757454872,95.1967544555664,37,1.693593144416809,1.432551622390747,-40.035675048828125,507.6856203488688,2667.5615823252733,45.002274148197515,3.3347636177528113,0.08784256875514984,0.08742237836122513,-45.992774963378906,0,4.8145551681518555,0.0003518730809446424,1695.703125,10.161559104919434,45.002274148197515,3.3347636177528113
497.938232421875,77.79254150390625,-6.74293851852417,0.16966502368450165,375.6776123046875,66.5499267578125,-6.437038421630859,0.19238094985485077,323.7306213378906,84.41758728027344,-6.275459289550781,0.28319069743156433,25.26028823852539,11,2.568312883377075,0.5059272050857544,-24.700122833251953,1623.6787777506736,2656.7868022283387,45.0015214417374,3.2531309718872174,0.3833036422729492,0.3804135024547577,55.412174224853516,18,6.8069963455200195,0.0004976126365363598,-646.4747314453125,15.40987777709961,45.00152144173739,3.2531309718872126
5896.013671875,53.67341995239258,-9.426396369934082,0.009886227548122406,5716.76708984375,76.77152252197266,-9.392876625061035,0.01458409521728754,5790.9462890625,61.89299774169922,-9.40687370300293,0.011607049033045769,1431.4576416015625,13,1.607842206954956,0.4083280861377716,12.140913009643555,890.9995818399683,2661.323177829528,45.001832444983556,3.3067287647384487,0.018412793055176735,0.01458053756505251,15.31386947631836,3,4.813108921051025,0.00035179947735741735,5259.85498046875,9.647052764892578,45.001832444983556,3.3067287647384487
3352.91748046875,47.16294479370117,-8.813557624816895,0.015275937505066395,4218.05322265625,74.0727310180664,-9.062780380249023,0.019071117043495178,4184.1572265625,52.784629821777344,-9.054019927978516,0.013700275681912899,737.90625,13,0.8598645925521851,0.6235653758049011,24.170398712158203,895.0212523614848,2662.4384667750824,45.00191418063794,3.306434471953314,0.016317272558808327,0.015730053186416626,46.731658935546875,3,2.5252513885498047,0.000184575590537861,4080.998046875,5.159187316894531,45.00191418063793,3.3064344719533083
518.7239379882812,79.38209533691406,-6.7873406410217285,0.16619428992271423,404.830810546875,66.48143768310547,-6.518183708190918,0.1783432513475418,445.01214599609375,79.92173767089844,-6.620929718017578,0.19503962993621826,23.809791564941406,11,1.916373372077942,0.9817562699317932,27.75275421142578,1817.4218647770401,2670.159664816462,45.00250382034869,3.2389545457655426,0.4240880012512207,0.42148879170417786,33.91036605834961,1,8.204456329345703,0.0005997891421429813,519.1410522460938,11.49824047088623,45.00250382034869,3.238954545765542
13416.375,237.98171997070312,-10.319087982177734,0.019263634458184242,4616.80126953125,74.76658630371094,-9.160853385925293,0.01758717931807041,12389.9716796875,247.16513061523438,-10.232675552368164,0.02166440151631832,162.01614379882812,281,4.813539505004883,3.6070282459259033,-5.634079456329346,524.3689822251623,2717.265632515572,45.00591110647224,3.3335374382346887,0.07523375004529953,0.07386498898267746,-12.195015907287598,0,11.054926872253418,0.0008079360704869032,12068.279296875,28.881237030029297,45.00591110647224,3.3335374382346887
2548.6181640625,139.8408660888672,-8.515762329101562,0.05958804860711098,1356.2469482421875,68.47948455810547,-7.830846786499023,0.05483420193195343,2038.9617919921875,133.1404571533203,-8.27352237701416,0.07091380655765533,59.41872024536133,61,2.5056300163269043,2.069685459136963,-39.697994232177734,544.4060244604349,2693.1546975335405,45.00414803864561,3.3320749575014394,0.14671805500984192,0.1455601304769516,-21.926471710205078,2,9.424248695373535,0.0006887710769660771,2161.10498046875,15.033780097961426,45.00414803864561,3.33207495750144
525.7119140625,78.07430267333984,-6.8018693923950195,0.16128356754779816,439.4648132324219,66.63066864013672,-6.6073102951049805,0.1646568775177002,329.29595947265625,78.6377182006836,-6.293965816497803,0.25934287905693054,30.091167449951172,13,1.921407699584961,0.5468721985816956,5.253080368041992,1377.307662701015,2669.5952436783455,45.002452532676465,3.271154024788688,0.317430317401886,0.31589406728744507,6.9558587074279785,16,6.113478660583496,0.000446890015155077,-47.357948303222656,11.528446197509766,45.002452532676465,3.271154024788688
544.2084350585938,80.46514892578125,-6.839413166046143,0.16057294607162476,257.0717468261719,66.2774429321289,-6.0251359939575195,0.2799891531467438,279.0236511230469,78.00121307373047,-6.114102363586426,0.30359187722206116,28.316970825195312,13,1.6745446920394897,1.089168906211853,-65.26505279541016,1215.204111743345,2679.6924103019765,45.003186739573394,3.283011549330335,0.5394501686096191,0.5377903580665588,-44.14105224609375,0,8.077058792114258,0.0005904039135202765,-67.55845642089844,10.04726791381836,45.003186739573394,3.283011549330335
555.6853637695312,79.39286041259766,-6.862072467803955,0.15516090393066406,379.8013000488281,66.40357971191406,-6.4488911628723145,0.18987372517585754,378.67877197265625,72.48140716552734,-6.445677280426025,0.20786696672439575,39.763999938964844,14,1.572649359703064,0.9762454628944397,-24.88751983642578,1147.170557359656,2684.066217480687,45.003504699752604,3.287987838223215,0.3364632725715637,0.3339640200138092,-22.60616111755371,0,6.97757625579834,0.0005100270500406623,62.6273307800293,9.435895919799805,45.003504699752604,3.287987838223215
494.9661865234375,64.39129638671875,-6.736438751220703,0.14128024876117706,506.48126220703125,66.71800231933594,-6.76140832901001,0.14305710792541504,492.21380615234375,69.06532287597656,-6.730384349822998,0.15238285064697266,41.55555725097656,13,1.3994249105453491,1.0245296955108643,-50.16426467895508,32.2186574273914,2709.5450696094367,45.005323519688325,3.3695283936987117,0.2643815875053406,0.2638219892978668,-53.3524169921875,0,7.153902053833008,0.0005227726651355624,161.30152893066406,8.396549224853516,45.005323519688325,3.3695283936987117
2835.938720703125,106.8052749633789,-8.631742477416992,0.04090022295713425,2167.4853515625,70.2187728881836,-8.339890480041504,0.035182517021894455,2487.80615234375,108.43165588378906,-8.489541053771973,0.04733358323574066,128.34402465820312,58,1.9308618307113647,1.7635924816131592,65.47145080566406,1323.706422922626,2725.7676878785087,45.00656064067116,3.275069248767308,0.07252509146928787,0.07243456691503525,1.7085270881652832,0,5.631993770599365,0.0004116780182812363,2152.4013671875,11.58517074584961,45.00656064067116,3.275069248767308
491.5468444824219,67.64215087890625,-6.728912353515625,0.1494453251361847,448.9467468261719,66.5730209350586,-6.630486965179443,0.1610398143529892,476.7429504394531,74.9926986694336,-6.6957106590271,0.1708301454782486,34.73287582397461,13,1.5899691581726074,1.0217031240463257,68.83811950683594,1134.9759147574766,2714.921970281603,45.00576171007843,3.2888764694215062,0.2949787378311157,0.2933260202407837,79.16592407226562,0,7.619218349456787,0.0005569181521423161,336.1036071777344,9.539814949035645,45.00576171007842,3.2888764694215005
756.2697143554688,83.51565551757812,-7.196691989898682,0.11992811411619186,678.3928833007812,67.09849548339844,-7.0787034034729,0.10741410404443741,728.9734497070312,88.53797912597656,-7.1567792892456055,0.13190089166164398,40.966514587402344,20,2.3895792961120605,0.7896139025688171,88.83464050292969,51.79485432632684,2727.501549887136,45.00663812309303,3.368094614803937,0.24330861866474152,0.24131019413471222,71.73174285888672,3,8.21638298034668,0.0006004112656228244,606.2279663085938,14.337475776672363,45.00663812309302,3.3680946148039306
7709.5927734375,124.96028900146484,-9.717578887939453,0.017602339386940002,6023.26318359375,77.20985412597656,-9.449579238891602,0.013921008445322514,7407.1376953125,126.96361541748047,-9.674125671386719,0.018614813685417175,364.2665100097656,102,2.093092203140259,2.03987717628479,62.104827880859375,1406.4785417115781,2737.000534632547,45.00738461799771,3.2690128452039673,0.029566871002316475,0.029505793005228043,-0.6749752163887024,0,3.928270101547241,0.0002871452597901225,7333.1025390625,12.558553695678711,45.00738461799772,3.2690128452039717
455.9345397949219,74.45264434814453,-6.647256374359131,0.1773403137922287,291.3418273925781,66.34881591796875,-6.161006927490234,0.2473205178976059,152.4574432373047,63.8393440246582,-5.457871437072754,0.4547467529773712,23.93224334716797,6,2.016418695449829,0.24758222699165344,-47.8342399597168,843.9429351692656,2716.188396473888,45.005844683479836,3.310164340982934,0.47994527220726013,0.4786922037601471,-47.02198028564453,2,4.182980537414551,0.0003057307912968099,-354.0864562988281,12.098512649536133,45.00584468347983,3.310164340982928
567.292236328125,72.02626037597656,-6.884517192840576,0.1378839910030365,-32.9448356628418,65.66121673583984,99.0,99.0,-44.432861328125,68.70137786865234,99.0,99.0,41.8880615234375,15,1.5497709512710571,0.9035479426383972,-70.52600860595703,11.13950622201801,2719.8680195447014,45.006077619410725,3.3710683739530114,0.23071308434009552,0.22942140698432922,-27.676803588867188,0,7.069110870361328,0.000516570988111198,-3281.16162109375,9.298625946044922,45.006077619410725,3.3710683739530114
340.3016357421875,56.270118713378906,-6.329659938812256,0.17957407236099243,290.970458984375,66.2962875366211,-6.1596221923828125,0.24744011461734772,278.35260009765625,62.07082748413086,-6.111488342285156,0.24217097461223602,36.801841735839844,9,1.826977014541626,0.6355642676353455,-76.31945037841797,103.16637543945008,2723.161897997495,45.006323231713566,3.364338772148255,0.3462637662887573,0.34447577595710754,-89.18357849121094,0,6.430670738220215,0.0004699279379565269,60.92170333862305,10.961862564086914,45.006323231713544,3.3643387721482423
916.7470092773438,102.26181030273438,-7.405623912811279,0.12114173918962479,496.3936462402344,66.7485580444336,-6.739565372467041,0.14603115618228912,543.4656982421875,89.69493865966797,-6.837930202484131,0.17923615872859955,31.174556732177734,20,1.9963001012802124,1.2087726593017578,-47.06231689453125,48.52650749794725,2725.989474327975,45.006527341979286,3.368333798301867,0.2898266613483429,0.28874149918556213,-1.232782244682312,3,9.29923152923584,0.0006795403896830976,549.7503051757812,11.977800369262695,45.006527341979286,3.368333798301867
2279.416748046875,100.8259048461914,-8.394558906555176,0.04803726077079773,1749.7506103515625,69.21896362304688,-8.107439994812012,0.04296142980456352,2037.7275390625,105.44292449951172,-8.272865295410156,0.0561954490840435,103.0696792602539,49,1.8367689847946167,1.7350538969039917,-49.132144927978516,211.60563877351746,2737.8430246980815,45.00740250251762,3.356407324249994,0.089812733232975,0.08969713747501373,-20.46498680114746,0,5.482877731323242,0.0004006749950349331,1921.287353515625,11.020613670349121,45.00740250251762,3.356407324249994
4676.8056640625,169.1078338623047,-9.174873352050781,0.03926849365234375,2060.581298828125,69.76261138916016,-8.284974098205566,0.0367673896253109,4261.48828125,172.49288940429688,-9.07390308380127,0.043958183377981186,87.87340545654297,114,3.4479281902313232,2.530306339263916,75.38911437988281,1052.1910958817268,2765.1885347919488,45.00943645676299,3.2949264281389326,0.14353030920028687,0.14265930652618408,68.85867309570312,2,11.63782787322998,0.0008506178273819387,2908.71923828125,20.68756866455078,45.00943645676299,3.2949264281389326
492.5328674316406,69.4133071899414,-6.731088161468506,0.15305142104625702,382.4514465332031,66.38324737548828,-6.4564409255981445,0.1885002702474594,394.8507995605469,68.2444839477539,-6.491082668304443,0.1877000331878662,34.07246398925781,13,1.3862251043319702,1.022025227546692,-38.19606018066406,1244.6202854920678,2730.9310252462024,45.00693615881789,3.280854098926648,0.26573050022125244,0.2654816210269928,-57.601806640625,0,6.718006134033203,0.0004910522839054465,206.57894897460938,8.317350387573242,45.00693615881789,3.2808540989266484
2438.7880859375,135.9526824951172,-8.467935562133789,0.06054015830159187,1312.0374755859375,68.2646713256836,-7.794865608215332,0.05650404840707779,2233.925537109375,150.28616333007812,-8.372672080993652,0.07306008040904999,51.985618591308594,63,2.8313968181610107,2.344215154647827,49.22252655029297,1069.9411785410873,2752.2094750019196,45.00848753062015,3.293629519836444,0.20462478697299957,0.20436455309391022,-78.53681945800781,0,12.89732551574707,0.0009426850010640919,1150.2476806640625,16.988380432128906,45.00848753062015,3.293629519836444
682.15576171875,77.38150787353516,-7.0847086906433105,0.12319227308034897,538.5572509765625,66.86141967773438,-6.828079700469971,0.1348259598016739,550.57666015625,75.12854766845703,-6.852044582366943,0.14818936586380005,37.828006744384766,18,1.3649934530258179,1.2401604652404785,-15.139288902282715,892.2405334069587,2737.254508867046,45.00738753459319,3.3066292594714386,0.2215939611196518,0.22061589360237122,-73.83351135253906,1,6.095763683319092,0.00044553473708219826,265.9017639160156,8.189960479736328,45.00738753459319,3.3066292594714386
360.7529602050781,64.37051391601562,-6.393024921417236,0.1937790811061859,325.7580871582031,66.39456939697266,-6.282238006591797,0.22134371101856232,309.4830322265625,66.15347290039062,-6.226592063903809,0.23213768005371094,28.3809871673584,9,1.7361671924591064,0.717070996761322,-37.51715850830078,1359.1059500369386,2738.218164296354,45.00747244723729,3.2724782763170315,0.3917534649372101,0.3889286518096924,-54.6384391784668,0,6.661353588104248,0.0004869209660682827,-177.65907287597656,10.417003631591797,45.00747244723728,3.272478276317026
611.2147827148438,79.52652740478516,-6.965484619140625,0.14130190014839172,314.82470703125,66.32008361816406,-6.245172023773193,0.22877368330955505,308.10906982421875,95.8206558227539,-6.221761226654053,0.33774155378341675,33.83578109741211,16,2.421874523162842,1.1398711204528809,-71.95989227294922,418.1225148796725,2755.5980850273336,45.00871080608684,3.3413028264393274,0.3642794191837311,0.36185938119888306,-55.57323455810547,0,9.95000171661377,0.0007271522772498429,-94.88567352294922,14.53124713897705,45.008710806086825,3.341302826439321
2556.123046875,169.06224060058594,-8.518954277038574,0.07182814925909042,864.07177734375,67.40324401855469,-7.341374397277832,0.0847150906920433,704.5086669921875,222.38023376464844,-7.119715690612793,0.3427990972995758,41.522682189941406,49,2.5628859996795654,2.040008783340454,33.00128936767578,467.73241762483343,2772.2987738360503,45.00993468179195,3.3376727057592186,0.15795080363750458,0.15704883635044098,37.43104553222656,1,12.105843544006348,0.000884705747012049,2647.674072265625,15.377315521240234,45.00993468179195,3.3376727057592186
20001.880859375,252.94778442382812,-10.752676963806152,0.013733773492276669,6446.83447265625,78.07380676269531,-9.52336597442627,0.013151904568076134,18678.603515625,257.41064453125,-10.678360939025879,0.014966213144361973,221.53334045410156,348,4.5685811042785645,4.044458389282227,-33.786643981933594,944.4079608062744,2812.5255768543952,45.01289577925802,3.302804846981846,0.05734771490097046,0.056971337646245956,-46.936859130859375,0,9.340478897094727,0.0006826709141023457,17671.19140625,27.411487579345703,45.01289577925802,3.3028048469818465
7273.97412109375,73.18343353271484,-9.65442943572998,0.010926242917776108,3663.771240234375,72.96144104003906,-8.909820556640625,0.021626930683851242,7079.7587890625,96.6213607788086,-9.625045776367188,0.014821238815784454,724.9988403320312,18,2.2012288570404053,0.4373825490474701,23.017255783081055,1390.9817457719257,2764.20800230257,45.00937462176638,3.2701436240003745,0.03978048637509346,0.009919409640133381,17.179471969604492,2,5.848374843597412,0.0004274922830518335,6366.8515625,13.207372665405273,45.00937462176638,3.270143624000374
975.6334838867188,103.7047348022461,-7.473216533660889,0.1154361143708229,630.8660278320312,66.94934844970703,-6.999842643737793,0.11524949967861176,753.2108154296875,118.78651428222656,-7.192291259765625,0.17126965522766113,35.221492767333984,25,2.3938679695129395,1.7784265279769897,-88.73467254638672,742.7412249717298,2774.6738824626723,45.01011952770184,3.3175594658002296,0.34229201078414917,0.34114953875541687,45.014774322509766,0,12.367215156555176,0.0009038634016178548,121.45640563964844,14.363207817077637,45.01011952770185,3.3175594658002354
6527.3837890625,78.407470703125,-9.536848068237305,0.013045120984315872,4969.77001953125,75.46126556396484,-9.240840911865234,0.01648988388478756,8115.4033203125,101.5296630859375,-9.773275375366211,0.013586658984422684,905.459228515625,41,3.1717381477355957,0.66310054063797,26.29499053955078,1405.3055558428468,2770.61488558611,45.00984369650659,3.269095079003251,0.03513289615511894,0.03205930069088936,26.38746452331543,3,8.677921295166016,0.0006343203131109476,6358.9814453125,19.03042984008789,45.00984369650658,3.2690950790032463
955.0554809570312,99.41753387451172,-7.450071334838867,0.11304834485054016,626.551513671875,67.01732635498047,-6.992392063140869,0.11616093665361404,699.7575073242188,104.90994262695312,-7.112369060516357,0.16281668841838837,36.51664733886719,25,1.916737675666809,1.741555094718933,0.38604849576950073,1176.8101704016894,2772.9504846071463,45.01000816123932,3.285809862737095,0.30103886127471924,0.30028748512268066,-25.282838821411133,0,10.94607925415039,0.000800075416918844,447.0602111816406,11.500426292419434,45.01000816123932,3.2858098627370946
734.3524169921875,94.08490753173828,-7.164761543273926,0.13913783431053162,354.7912902832031,66.35154724121094,-6.374932289123535,0.2030990570783615,270.6429443359375,81.22049713134766,-6.080991744995117,0.3259108066558838,27.713457107543945,17,1.604142427444458,1.2168830633163452,79.14073944091797,706.4493444085596,2769.900679167999,45.009768962041626,3.3202143772750166,0.28433024883270264,0.283284991979599,-81.19952392578125,0,8.358184814453125,0.0006108581437729299,83.85240936279297,9.624855041503906,45.009768962041626,3.3202143772750166
615.1043701171875,84.96951293945312,-6.972372055053711,0.15001825988292694,255.50331115722656,66.3259506225586,-6.018491268157959,0.281914085149765,181.37521362304688,86.19902801513672,-5.646444797515869,0.5161242485046387,32.94670867919922,15,1.703481674194336,1.331771731376648,56.65104675292969,1528.3624302158446,2772.8940499033265,45.01001349947422,3.2600924036750207,0.2628239691257477,0.2621360421180725,78.0982894897461,0,7.974506855010986,0.0005829168949276209,-181.67059326171875,10.220890045166016,45.010013499474205,3.2600924036750167
532.5203247070312,73.38298797607422,-6.815840244293213,0.14965423941612244,377.6687316894531,66.47664642333984,-6.442777633666992,0.19115598499774933,340.7961730957031,79.20153045654297,-6.331236839294434,0.25238800048828125,40.109375,14,2.229144334793091,0.8175698518753052,-59.737667083740234,1219.951970095772,2778.5276698910275,45.01041743914479,3.2826534077476848,0.3258272707462311,0.3235914707183838,-46.93964767456055,0,8.07397747039795,0.000590150011703372,-215.30076599121094,13.374866485595703,45.01041743914479,3.282653407747685
635.38525390625,84.92508697509766,-7.007592678070068,0.14515389502048492,308.09637451171875,66.43537139892578,-6.221716403961182,0.2341761291027069,417.20440673828125,104.12605285644531,-6.550872325897217,0.2710443437099457,26.096487045288086,10,1.219834327697754,0.9919329285621643,-7.289140701293945,1127.7149422468544,2773.8690942137528,45.010073868006,3.289401042791787,0.47116878628730774,0.4681144952774048,-11.387871742248535,2,6.273338317871094,0.0004585282295010984,396.2091979980469,7.319005966186523,45.010073868006,3.2894010427917864
536.6340942382812,75.04396057128906,-6.824195861816406,0.15186835825443268,405.0838928222656,66.55937194824219,-6.518862247467041,0.17844074964523315,394.74212646484375,80.37049102783203,-6.49078369140625,0.22111234068870544,35.79791259765625,10,1.733367919921875,0.8905507922172546,-69.12214660644531,230.40845413321892,2781.450086380982,45.010593412695684,3.3550267846077406,0.3346991539001465,0.3326476812362671,-40.059871673583984,2,7.425589084625244,0.0005426348652690649,434.16973876953125,10.40020751953125,45.010593412695684,3.3550267846077406
19020.591796875,222.20347595214844,-10.698060035705566,0.012686933390796185,7977.4755859375,80.67219543457031,-9.754663467407227,0.010982170701026917,17917.4453125,226.6615447998047,-10.633190155029297,0.013738255016505718,285.8392028808594,291,3.881626605987549,3.597655773162842,31.358768463134766,1483.3235963411582,2819.7531936050705,45.013440351082615,3.263382392133855,0.0424426905810833,0.04123591259121895,27.916160583496094,0,8.096195220947266,0.0005917930393479764,16877.572265625,23.28976058959961,45.01344035108259,3.263382392133845
371.6025390625,66.20943450927734,-6.425196647644043,0.19349557161331177,240.16001892089844,66.11251831054688,-5.951251983642578,0.2989598214626312,241.13560485839844,96.61640930175781,-5.955653190612793,0.43513035774230957,25.93299102783203,9,1.7612571716308594,0.5995106101036072,-19.392271041870117,1049.269223188151,2775.122488027355,45.010163083520006,3.2951390304317316,0.4349258244037628,0.4338957369327545,-25.894411087036133,19,6.128575801849365,0.0004479396448004991,129.61009216308594,10.567543029785156,45.01016308352,3.295139030431726
1609.122314453125,91.57980346679688,-8.016472816467285,0.06180740147829056,1362.331298828125,68.51680755615234,-7.83570671081543,0.05461905896663666,1497.755126953125,98.83137512207031,-7.938601970672607,0.07166115939617157,91.416015625,37,1.7225384712219238,1.5991160869598389,34.4095344543457,309.1078157268411,2792.3158143782443,45.01139194141483,3.349270388908978,0.11747117340564728,0.11671753972768784,-19.0120792388916,0,6.213447570800781,0.00045406215940602124,1422.4786376953125,10.335230827331543,45.01139194141483,3.3492703889089777
464.5282897949219,70.89662170410156,-6.667530536651611,0.1657460480928421,406.9539489746094,66.46002960205078,-6.523863315582275,0.17735567688941956,396.27935791015625,66.9781494140625,-6.495003700256348,0.18355301022529602,29.660268783569336,12,1.7359035015106201,0.7988905310630798,17.574304580688477,439.5172216613958,2797.490197151387,45.01177629342321,3.339733001227805,0.3277108073234558,0.32660409808158875,25.565509796142578,0,7.034623146057129,0.0005140864523127675,251.54348754882812,10.415420532226562,45.01177629342321,3.339733001227805
357.5929260253906,63.733795166015625,-6.383472442626953,0.19355779886245728,296.2102355957031,66.43649291992188,-6.178999900817871,0.24357712268829346,303.1419982910156,67.42523956298828,-6.204115390777588,0.2415495365858078,30.428865432739258,9,1.3827126026153564,0.9591677784919739,-52.556640625,1529.2051571846625,2984.197390864904,45.025470300417396,3.260008432376555,0.40602365136146545,0.40375816822052,-40.42657470703125,0,5.299832820892334,0.00038736354326829314,163.85105895996094,8.296276092529297,45.02547030041738,3.260008432376551
117056.234375,479.70526123046875,-12.67098617553711,0.004450509790331125,45.955528259277344,59.625308990478516,-4.155844211578369,1.4090379476547241,70909.140625,615.4767456054688,-12.126755714416504,0.009426256641745567,225.99468994140625,1513,233.0307159423828,0.514464259147644,89.9935073852539,2044.3587793457534,3630.8003533798556,45.072763279992856,3.2222548951525494,0.8599581718444824,0.0019101393409073353,89.9914779663086,59,65.73112487792969,0.004803075920790434,-2189441.5,1398.184326171875,45.072763279992856,3.2222548951525494
79130.3515625,391.5311584472656,-12.245858192443848,0.005373448133468628,128.8893280029297,60.473426818847656,-5.275542259216309,0.5095390677452087,61428.73828125,543.228271484375,-11.970929145812988,0.009603744372725487,99.85394287109375,1011,180.6617889404297,0.5109540224075317,-89.95085906982422,2044.2561682970054,3191.9205388752534,45.04067269878218,3.2223070463828054,0.8051707744598389,0.002323309425264597,-89.94573974609375,51,57.677101135253906,0.004215539898723364,-1670272.25,1083.970703125,45.04067269878218,3.2223070463828054
115094.421875,467.6627502441406,-12.65263557434082,0.0044127400033175945,0.0,0.0,99.0,99.0,2020.341796875,300.3926696777344,-8.263562202453613,0.1614709198474884,101.75970458984375,1448,211.13052368164062,0.5076963901519775,-89.97900390625,2044.3504330986227,2490.3061744907427,44.98934858790184,3.2223670879762625,0.7693723440170288,0.0018853460205718875,-89.98280334472656,51,62.15290832519531,0.004544295370578766,-1260444.5,1266.783203125,44.98934858790184,3.2223670879762625
44900.109375,287.9661865234375,-11.63061809539795,0.0069650448858737946,0.0,0.0,99.0,99.0,0.0,0.0,99.0,99.0,119.72396850585938,552,99.82898712158203,0.5376278162002563,89.90419006347656,2044.1824014328422,1840.43180466056,44.94178556082917,3.222436486495199,0.5748674869537354,0.0033067234326153994,89.90422821044922,50,43.97694778442383,0.0032163746654987335,0.0,598.9739379882812,44.94178556082917,3.222436486495199
96010.328125,420.7975769042969,-12.455795288085938,0.004759760573506355,0.0,0.0,99.0,99.0,0.0,0.0,99.0,99.0,121.1116943359375,1179,249.1516571044922,0.5042271018028259,-89.99165344238281,2044.3370282854173,1487.4983472152917,44.91594586669204,3.222454191687433,1.0034480094909668,0.0020671668462455273,-89.99365234375,51,67.28728485107422,0.004922045860439539,-167854.4375,1494.909912109375,44.91594586669205,3.2224541916874374
79746.40625,374.3833923339844,-12.254278182983398,0.00509841600432992,0.0,0.0,99.0,99.0,0.0,0.0,99.0,99.0,118.3355712890625,941,136.607177734375,0.49987930059432983,-89.99160766601562,2044.4171716765472,1016.8525610346375,44.88147826962321,3.2224848354975175,0.582916796207428,0.0021381324622780085,-89.9931411743164,50,49.60634231567383,0.003629454877227545,0.0,819.64306640625,44.88147826962321,3.222484835497518
41239.8203125,270.0101623535156,-11.538291931152344,0.007110385689884424,0.0,0.0,99.0,99.0,0.0,0.0,99.0,99.0,111.53378295898438,489,70.5933837890625,0.5005735754966736,-89.98860931396484,2044.4305590742326,653.797458502405,44.8548826949156,3.222510299986778,0.42288342118263245,0.002973589114844799,-89.98701477050781,50,35.68146896362305,0.0026110487524420023,0.0,423.560302734375,44.85488269491559,3.222510299986772
91616.3046875,402.150390625,-12.404932022094727,0.0047670044004917145,0.0,0.0,99.0,99.0,0.0,0.0,99.0,99.0,130.337646484375,1085,151.16244506835938,0.5132831931114197,-89.99918365478516,2044.3207169177485,271.8883598462678,44.826899285342215,3.2225445358390754,0.602299153804779,0.0021866459865123034,89.9992446899414,50,52.87783432006836,0.003870036918669939,0.0,906.9746704101562,44.826899285342215,3.222544535839075
54996.96484375,281.253662109375,-11.850847244262695,0.005553788039833307,1046.5826416015625,52.736846923828125,-7.549433708190918,0.054723069071769714,53182.03515625,262.04534912109375,-11.814412117004395,0.005351078696548939,227.22412109375,534,128.88003540039062,0.14350362122058868,0.0023619572166353464,1868.301660484692,4094.0,45.10661729415822,3.2350824275130647,0.7340419292449951,0.0014802871737629175,0.007855357602238655,26,25.809127807617188,0.00188538059592247,-814394.375,773.2802124023438,45.10661729415822,3.2350824275130647
11353.4208984375,110.96772003173828,-10.137816429138184,0.010614505037665367,10049.447265625,84.20571899414062,-10.005355834960938,0.009099745191633701,11195.5126953125,112.32946014404297,-10.122610092163086,0.010896311141550541,740.86767578125,84,1.9727119207382202,1.4666571617126465,4.376121520996094,1804.9370133381253,4089.0008816995373,45.10625087167802,3.2397173842777245,0.017111584544181824,0.01619783788919449,-0.6015940308570862,18,3.7287118434906006,0.0002723837969824672,11559.158203125,11.836271286010742,45.10625087167802,3.2397173842777245
926.2846069335938,84.41871643066406,-7.416861057281494,0.09897468239068985,543.5639038085938,54.48243713378906,-6.8381266593933105,0.1088518276810646,832.0013427734375,76.20923614501953,-7.300310134887695,0.09947487711906433,51.232421875,24,2.9809322357177734,0.5899214744567871,2.887324094772339,1125.7326359603474,4093.540675719017,45.10656580180293,3.2893874127179497,0.30732303857803345,0.2589585483074188,0.2646384537220001,24,7.929919719696045,0.0005792113370262086,251.8423614501953,17.88559341430664,45.10656580180293,3.28938741271795
4483.23193359375,78.12583923339844,-9.12897777557373,0.018924888223409653,4024.7666015625,66.61768341064453,-9.01185131072998,0.017975402995944023,4424.38134765625,80.35447692871094,-9.114631652832031,0.01972365379333496,361.9704284667969,42,2.084616184234619,0.882135808467865,-0.6331824064254761,1032.7957476147888,4092.7202862474874,45.10650279303537,3.2961832438799985,0.0307169072329998,0.026523752138018608,0.49659639596939087,24,4.266419410705566,0.00031161910737864673,4406.7802734375,12.507697105407715,45.10650279303538,3.296183243880003
2174.010498046875,115.32121276855469,-8.343153953552246,0.05760728195309639,271.14813232421875,50.6993408203125,-6.083016395568848,0.20306053757667542,2139.8310546875,102.6922607421875,-8.325948715209961,0.05211803689599037,48.76434326171875,53,16.542158126831055,0.10032430291175842,0.007953410968184471,449.7718912029514,4094.0,45.10657289424893,3.3388102082060795,0.6842232942581177,0.005703003611415625,0.01502980850636959,27,7.7017998695373535,0.0005624694749712944,-13986.939453125,99.25294494628906,45.10657289424893,3.33881020820608
3114.41650390625,95.09729766845703,-8.733441352844238,0.03316051885485649,473.1649475097656,51.179656982421875,-6.687531471252441,0.11746666580438614,3282.2685546875,109.43885803222656,-8.790434837341309,0.036209896206855774,71.91641235351562,53,16.142221450805664,0.28867506980895996,0.0,357.75427975718264,4534.515433802294,45.138755259599414,3.3454723287228805,0.42945900559425354,0.0075452509336173534,0.0,27,12.940509796142578,0.0009450321085751057,-13034.41796875,96.85333251953125,45.138755259599414,3.3454723287228805
1251.4505615234375,53.22822952270508,-7.743534088134766,0.04619108512997627,557.130615234375,51.472469329833984,-6.864892482757568,0.10033392906188965,1180.5888671875,62.004417419433594,-7.680246829986572,0.0570366196334362,76.65664672851562,18,5.118469715118408,0.28867506980895996,0.0,295.0253805232559,4082.0706979475212,45.10569363490417,3.3501246436072303,0.1939135044813156,0.010797268711030483,0.0,27,7.263454437255859,0.0005304380902089179,-270.69342041015625,30.710819244384766,45.105693634904156,3.350124643607225
36682.37109375,239.81411743164062,-11.41114330291748,0.007099817041307688,1023.6956787109375,52.676876068115234,-7.525427341461182,0.055882904678583145,34509.30859375,292.80792236328125,-11.344841003417969,0.009214597754180431,198.75244140625,381,103.85224914550781,0.4582003355026245,0.009692210704088211,125.35308291692488,4094.0,45.10655660785084,3.3625260445100973,0.7469987273216248,0.004751633387058973,0.01718376949429512,27,41.40800857543945,0.0030238379258662462,-592262.375,623.113525390625,45.10655660785084,3.362526044510097
34087.9453125,283.9732666015625,-11.331501960754395,0.009047038853168488,-271.0054931640625,60.717830657958984,99.0,99.0,26201.935546875,317.18304443359375,-11.045833587646484,0.013146387413144112,112.80233764648438,506,77.19905090332031,0.48852279782295227,-89.94729614257812,2.876686945032692,3968.2580866270555,45.09736038396669,3.371497560922887,0.5566787719726562,0.004202761221677065,-89.95257568359375,59,36.86213684082031,0.0026919743977487087,-406678.625,463.1943054199219,45.09736038396669,3.371497560922887
19461.27734375,219.3888397216797,-10.722928047180176,0.012242581695318222,-14.221318244934082,60.14982986450195,99.0,99.0,12210.9296875,263.5357971191406,-10.216872215270996,0.02343800850212574,119.11285400390625,298,45.692020416259766,0.42948541045188904,-89.660888671875,2.716795292454798,3749.699540409718,45.081385527847814,3.37154154647019,0.5168582797050476,0.0045175980776548386,-89.66984558105469,51,26.58599281311035,0.0019417492439970374,-278641.6875,274.1521301269531,45.081385527847814,3.37154154647019
35168.09375,306.8171691894531,-11.365371704101562,0.009474595077335835,-131.16751098632812,59.89247512817383,99.0,99.0,15443.2041015625,416.5269775390625,-10.471843719482422,0.029291091486811638,97.21051025390625,568,95.44590759277344,0.5204826593399048,89.9701919555664,2.717885903016459,3593.169777007233,45.06994279946861,3.371564166215447,0.7126584053039551,0.004139514174312353,89.96330261230469,51,42.30903625488281,0.003090356709435582,-847846.0625,572.6754150390625,45.06994279946861,3.3715641662154465
52704.7578125,348.5540466308594,-11.804624557495117,0.0071820784360170364,0.0,0.0,99.0,99.0,-2036.0865478515625,174.29531860351562,99.0,99.0,117.38583374023438,768,117.96905517578125,0.47310882806777954,89.87977600097656,2.824947547270129,2565.0756298855117,44.99475273197903,3.3716964281996455,0.7112101912498474,0.0031135650351643562,89.8798828125,51,44.84588623046875,0.0032773218117654324,-402382.78125,707.8143310546875,44.99475273197903,3.371696428199645
31726.861328125,269.49176025390625,-11.253567695617676,0.00922461412847042,0.0,0.0,99.0,99.0,0.0,0.0,99.0,99.0,111.08258056640625,460,71.48262023925781,0.48256632685661316,89.91572570800781,2.665800488499035,2183.7191121068295,44.966847708519836,3.371756038800139,0.5400672554969788,0.0038487366400659084,89.93704223632812,50,35.25359344482422,0.0025767795741558075,0.0,428.8957214355469,44.96684770851983,3.3717560388001315
17066.4765625,187.62937927246094,-10.58035945892334,0.01193951815366745,0.0,0.0,99.0,99.0,0.0,0.0,99.0,99.0,134.7176513671875,229,34.9894905090332,0.4486919939517975,89.4919662475586,2.69911936076373,2033.2973990684081,44.95583883961616,3.3717719277501037,0.3629365563392639,0.005010104272514582,89.46290588378906,50,23.777328491210938,0.0017380681820213795,0.0,209.93695068359375,44.95583883961616,3.3717719277501033
184702.96875,635.3935546875,-13.166184425354004,0.0037359301932156086,0.0,0.0,99.0,99.0,-3951.837158203125,233.25379943847656,99.0,99.0,303.037353515625,2485,438.9310302734375,0.5764923691749573,89.9729995727539,2.8400695267771834,1618.9749863179402,44.92551007666578,3.3718103437893374,1.3062212467193604,0.0018777254736050963,89.97188568115234,59,95.49816131591797,0.006981987506151199,-3143344.0,2633.586181640625,44.92551007666578,3.371810343789338
2474.26513671875,144.10183715820312,-8.48361587524414,0.06324891746044159,1251.28759765625,68.2674789428711,-7.7433929443359375,0.05924975126981735,2223.107666015625,146.80990600585938,-8.367401123046875,0.07171742618083954,52.146018981933594,56,2.480104446411133,2.0665693283081055,59.576419830322266,791.2400562645229,4059.122624202751,45.10403863929003,3.31384986242086,0.1959073692560196,0.1949864625930786,76.5326156616211,2,11.001073837280273,0.0008034929633140564,2125.46484375,14.880626678466797,45.10403863929003,3.31384986242086
2250.1064453125,111.717041015625,-8.380507469177246,0.05391954258084297,1556.54638671875,68.88224792480469,-7.980405330657959,0.048059042543172836,2033.0107421875,118.10518646240234,-8.270349502563477,0.06308979541063309,91.87786865234375,53,2.3377888202667236,1.7346686124801636,-5.022449016571045,1457.1012275675528,4058.8529280275407,45.10404019295455,3.26515972862417,0.11106333881616592,0.1108655035495758,71.71332550048828,0,7.942906379699707,0.0005802070954814553,1197.8392333984375,14.0267333984375,45.10404019295455,3.26515972862417
1252.4954833984375,117.84361267089844,-7.74444055557251,0.10217854380607605,588.355224609375,66.8615951538086,-6.924098968505859,0.12341471761465073,879.8430786132812,127.29806518554688,-7.361012935638428,0.15712539851665497,32.83517074584961,18,1.419311761856079,1.1605702638626099,-55.167083740234375,1107.5532333512585,4060.313451095423,45.104136937240796,3.2907210188873988,0.3553231954574585,0.35438790917396545,-48.24243927001953,2,7.672802448272705,0.0005604394827969372,898.365966796875,8.515871047973633,45.10413693724078,3.2907210188873934
720.9523315429688,84.62429809570312,-7.144766330718994,0.12747304141521454,531.4496459960938,66.6410140991211,-6.813655376434326,0.13617873191833496,546.9869995117188,90.17744445800781,-6.844942569732666,0.17904028296470642,38.553287506103516,19,1.89755380153656,1.2411346435546875,-9.27938175201416,1657.1413597867363,4057.9824496049123,45.103981157893465,3.25053024494671,0.27461522817611694,0.2739769220352173,-12.77393913269043,0,9.186234474182129,0.0006710526067763567,239.217529296875,11.385322570800781,45.103981157893465,3.25053024494671
620.5997924804688,82.14909362792969,-6.982028961181641,0.14375434815883636,391.7752990722656,66.35092163085938,-6.482592582702637,0.1839245706796646,324.1868591308594,87.90430450439453,-6.276988506317139,0.2944723665714264,43.405452728271484,16,2.3994510173797607,0.9646577835083008,70.73388671875,641.5369896915663,4050.788412546706,45.10342347319624,3.3247964052884913,0.32543307542800903,0.3239947557449341,-85.25399017333984,0,9.106494903564453,0.0006650988943874836,-538.3439331054688,14.396705627441406,45.10342347319624,3.3247964052884917
345.6304016113281,60.431968688964844,-6.346529960632324,0.18988236784934998,389.81475830078125,66.42440795898438,-6.477145671844482,0.18505431711673737,368.9513854980469,71.86829376220703,-6.417422771453857,0.21154268085956573,34.00838851928711,9,1.489230990409851,0.922609269618988,-70.91218566894531,895.4448431477937,4052.2395437728146,45.10353955784568,3.306231625972214,0.3363044559955597,0.33469027280807495,-60.42888259887695,0,7.001707553863525,0.000511401507537812,150.87208557128906,8.935385704040527,45.10353955784568,3.3062316259722135
85577.25,226.09181213378906,-12.33089542388916,0.00286917039193213,66082.1640625,150.2476806640625,-12.050210952758789,0.0024691831786185503,83318.1953125,205.30569458007812,-12.301849365234375,0.002676029922440648,3537.005126953125,279,2.475588321685791,2.356795310974121,-84.39558410644531,534.6294656858087,4037.945702459294,45.10248025288292,3.3326143222613953,0.0056592863984405994,0.0056119454093277454,-82.96807861328125,0,4.191610336303711,0.00030613213311880827,85585.2109375,14.853529930114746,45.102480252882934,3.3326143222614006
359.76116943359375,64.17693328857422,-6.390035629272461,0.19372893869876862,424.701416015625,66.70306396484375,-6.570209503173828,0.17056578397750854,440.84478759765625,77.1832504272461,-6.610714435577393,0.19013723731040955,24.944744110107422,9,1.2492518424987793,1.0571833848953247,-51.27886199951172,1755.9692846247583,4041.5561208242384,45.10278264639044,3.243304210424549,0.4789598882198334,0.47845059633255005,-30.262805938720703,1,6.863178730010986,0.0005013667396269739,370.6898193359375,7.495511054992676,45.10278264639044,3.243304210424549
1474.8837890625,118.02460479736328,-7.921894550323486,0.08690496534109116,816.8731689453125,67.5101547241211,-7.280386447906494,0.08975203335285187,991.3635864257812,103.23546600341797,-7.490582466125488,0.1130904108285904,55.338802337646484,30,2.0460855960845947,1.440744400024414,67.48076629638672,970.0577824270373,4039.2254249612442,45.1025911328325,3.300777682984277,0.2290787696838379,0.22757813334465027,58.50298309326172,0,7.247767925262451,0.0005293853464536369,885.768310546875,12.276514053344727,45.10259113283251,3.3007776829842816
35921.47265625,174.6128692626953,-11.388385772705078,0.0052790031768381596,28185.2578125,109.93724822998047,-11.125055313110352,0.004235967993736267,34980.890625,166.12548828125,-11.359577178955078,0.005157452542334795,1597.2310791015625,198,2.344187021255493,2.294299840927124,29.33510398864746,2014.3094436318197,4028.286553112849,45.10181708045347,3.224410548779403,0.009382677264511585,0.009329697117209435,16.984472274780273,0,3.9863407611846924,0.00029122328851372004,35924.515625,14.065122604370117,45.10181708045347,3.2244105487794026
1590.905029296875,103.81442260742188,-8.004110336303711,0.07086687535047531,1019.8805541992188,67.7470703125,-7.521373271942139,0.07213915139436722,1196.8741455078125,88.78286743164062,-7.6951212882995605,0.08055833727121353,69.94437408447266,30,1.6004862785339355,1.4263614416122437,14.725251197814941,775.7191324773826,4030.186614425215,45.10192330743601,3.3149885942294413,0.13927875459194183,0.13832470774650574,72.18868255615234,2,5.974755764007568,0.0004363878397271037,1018.9081420898438,9.602917671203613,45.10192330743601,3.3149885942294413
1491.7825927734375,98.17831420898438,-7.934263706207275,0.0714726448059082,1138.58642578125,68.26575469970703,-7.6409149169921875,0.06511285156011581,1297.639892578125,90.37520599365234,-7.782885551452637,0.07563537359237671,67.59849548339844,37,1.7987701892852783,1.3560372591018677,55.79115295410156,1475.4104620390851,4024.6370628263744,45.1015400454296,3.263824879405223,0.13314679265022278,0.1329021155834198,45.44830322265625,0,5.827452659606934,0.0004256884567439556,913.31591796875,10.792621612548828,45.1015400454296,3.263824879405223
756.4357299804688,84.7068862915039,-7.196929931640625,0.12161201983690262,549.5698852539062,66.75572967529297,-6.850057601928711,0.1319153755903244,583.9578857421875,84.84224700927734,-6.915953636169434,0.15778309106826782,38.02153396606445,20,1.9202114343643188,1.1166143417358398,83.35016632080078,294.9276819865993,4023.7311262368294,45.101430090654794,3.3501402368011854,0.25129517912864685,0.24952885508537292,57.604305267333984,0,8.762557983398438,0.0006399391568265855,241.77976989746094,11.521268844604492,45.101430090654794,3.3501402368011854
810.1475219726562,93.19013977050781,-7.2714104652404785,0.12492106854915619,611.7377319335938,66.98678588867188,-6.9664130210876465,0.11891967803239822,717.276123046875,89.48394012451172,-7.13921594619751,0.13548417389392853,31.689788818359375,21,1.6978756189346313,1.4507068395614624,-51.15580749511719,2028.4721408662333,4020.295763768877,45.10123327977918,3.2233755097099155,0.3103836178779602,0.3092583417892456,-41.27211380004883,0,8.870238304138184,0.0006480222218669951,246.1144256591797,10.187253952026367,45.10123327977918,3.223375509709916
17210.92578125,143.23374938964844,-10.589510917663574,0.009037971496582031,13741.6005859375,90.09597778320312,-10.345093727111816,0.007120293565094471,16638.697265625,141.87493896484375,-10.5527982711792,0.009260110557079315,789.0332641601562,141,2.2419543266296387,2.062974452972412,-67.9092788696289,129.7676808547646,4013.209446078628,45.10065259433294,3.36221531284376,0.01519190426915884,0.015116616152226925,29.546926498413086,0,3.917741060256958,0.0002861074171960354,16796.462890625,13.451725959777832,45.10065259433294,3.36221531284376
983.3412475585938,94.76277160644531,-7.481760501861572,0.10465580224990845,664.2706298828125,66.91570281982422,-7.0558624267578125,0.10939887166023254,774.2009887695312,91.93572998046875,-7.222134113311768,0.12896160781383514,41.56634521484375,18,1.9182448387145996,1.3099184036254883,-47.185943603515625,1877.1610486553884,4014.3709952497234,45.10079800550694,3.2344434067719816,0.2580128610134125,0.25638747215270996,-4.197673797607422,2,8.363520622253418,0.0006109906826168299,360.9045715332031,11.509469032287598,45.10079800550694,3.2344434067719816
455.21221923828125,62.836280822753906,-6.645534992218018,0.14990854263305664,384.4107971191406,66.5164566040039,-6.461988925933838,0.1879158318042755,378.61322021484375,61.600852966308594,-6.445489406585693,0.17669358849525452,38.06779479980469,12,1.1567515134811401,1.0298248529434204,-36.292301177978516,1848.2211946484904,4015.691215701609,45.10089400696701,3.23655993545251,0.2669723331928253,0.2662575840950012,-18.7581729888916,0,6.514448165893555,0.00047590554459020495,203.66107177734375,6.940508842468262,45.100894006967025,3.2365599354525134
2642.16259765625,135.9476776123047,-8.554899215698242,0.055878158658742905,1473.91259765625,68.6664047241211,-7.921179294586182,0.05059439316391945,2346.687744140625,139.4341583251953,-8.426137924194336,0.06452733278274536,57.02165985107422,67,2.546010971069336,2.253852367401123,-27.250757217407227,328.3281290225441,4009.417963641897,45.10038568569378,3.347700568204244,0.16836027801036835,0.16784049570560455,-5.904078960418701,0,11.685844421386719,0.0008534431108273566,1462.76953125,15.276065826416016,45.10038568569378,3.3477005682042447
2207.046142578125,129.25723266601562,-8.359528541564941,0.06360236555337906,1323.921875,68.6396713256836,-7.804656028747559,0.0563044436275959,2151.610107421875,127.66606903076172,-8.3319091796875,0.06443795561790466,56.22285461425781,57,2.1878271102905273,2.1671435832977295,-55.56923294067383,1968.4662163057803,4003.2711167476114,45.09998820155772,3.2277664044813625,0.19028416275978088,0.1897713541984558,-27.896665573120117,0,10.237078666687012,0.0007478776387870312,1832.9739990234375,13.126962661743164,45.09998820155772,3.227766404481363
2850.495361328125,108.37459564208984,-8.637300491333008,0.04128924757242203,2164.17236328125,70.13888549804688,-8.33823013305664,0.03519628569483757,2501.605712890625,114.97872161865234,-8.4955472946167,0.04991469904780388,132.74940490722656,59,2.1109700202941895,1.7934859991073608,37.37350082397461,948.1674152611066,4003.199255255804,45.09995741037462,3.302383041879596,0.07706094533205032,0.0766826793551445,-51.28257751464844,0,6.740835666656494,0.0004923660308122635,2229.10595703125,12.665820121765137,45.09995741037462,3.302383041879596
908.6185913085938,89.99737548828125,-7.395954132080078,0.10756675153970718,719.3201293945312,67.31029510498047,-7.142305374145508,0.1016223207116127,778.4828491210938,85.66068267822266,-7.228122711181641,0.11949846148490906,41.29981231689453,24,1.7042431831359863,1.3106294870376587,11.615385055541992,917.0935742753024,4001.1627050176535,45.099807451475094,3.3046554402160284,0.23377494513988495,0.23293337225914001,7.02938985824585,0,8.94472599029541,0.000653339724522084,535.309326171875,10.225459098815918,45.099807451475094,3.3046554402160284
2191.01953125,92.21167755126953,-8.351615905761719,0.045705609023571014,1843.3426513671875,69.52897644042969,-8.16401481628418,0.04096279665827751,2146.294677734375,100.1628189086914,-8.3292236328125,0.0506812147796154,100.38212585449219,44,1.739954948425293,1.6093605756759644,-31.43305015563965,1250.51805149955,3997.3745425340803,45.099541509970294,3.2802746111824637,0.08862543851137161,0.08842957019805908,-35.082237243652344,0,5.291293144226074,0.00038651228533126414,1746.5506591796875,10.439729690551758,45.099541509970294,3.2802746111824637
594.5305786132812,82.03811645507812,-6.9354352951049805,0.14985501766204834,385.8110656738281,66.545166015625,-6.465936660766602,0.18731461465358734,373.54620361328125,65.63658142089844,-6.430860996246338,0.19082331657409668,33.252471923828125,15,1.5353429317474365,0.8440930843353271,-32.801326751708984,1646.883815207961,4089.5029601125125,45.10628449372148,3.2512767312136264,0.27633237838745117,0.2743871510028839,-23.76697540283203,17,6.450530052185059,0.00047120096860453486,140.80970764160156,9.212057113647461,45.10628449372148,3.2512767312136264
1021.8466796875,95.74852752685547,-7.523464202880859,0.10175978392362595,766.0400390625,67.30416107177734,-7.210628509521484,0.09541578590869904,963.4227294921875,98.51835632324219,-7.459542274475098,0.11105294525623322,38.02106475830078,27,2.0956687927246094,1.3825795650482178,-17.947914123535156,1279.2082972829544,3996.8067181324623,45.09950084083737,3.2781766176332696,0.26552316546440125,0.2643398940563202,-24.40012550354004,0,10.194771766662598,0.0007447001989930868,473.4696044921875,12.574012756347656,45.09950084083737,3.2781766176332696
1551.2467041015625,118.349365234375,-7.9767022132873535,0.0828542709350586,823.8505859375,67.26976776123047,-7.289621353149414,0.08867502212524414,1722.625,159.2559051513672,-8.090476989746094,0.10040020942687988,44.524436950683594,34,2.6451525688171387,1.2988427877426147,-77.56549835205078,160.13547499796178,3994.432720069966,45.0992819323865,3.3599981713893876,0.3204292058944702,0.3170521855354309,-64.2594223022461,2,11.105496406555176,0.0008110332419164479,926.180908203125,15.870915412902832,45.0992819323865,3.3599981713893876
1389.485107421875,125.560546875,-7.857134819030762,0.09813617169857025,590.9086303710938,66.99508666992188,-6.928800582885742,0.12312676757574081,855.598388671875,144.33351135253906,-7.33067512512207,0.1832006573677063,34.06352615356445,15,1.6675769090652466,1.152355432510376,86.87335968017578,162.52046558503994,3991.5874910845837,45.09907411586945,3.3598242428479455,0.33879825472831726,0.3372299373149872,-60.89366149902344,3,7.956619739532471,0.0005810727598145604,1016.9056396484375,10.005461692810059,45.09907411586945,3.359824242847945
2421.84765625,132.71084594726562,-8.460367202758789,0.05950992926955223,1323.0679931640625,68.46269226074219,-7.803955554962158,0.05619551241397858,3922.098388671875,224.17825317382812,-8.983796119689941,0.062073297798633575,48.97886657714844,62,3.0297739505767822,2.364745616912842,0.07842810451984406,458.5684428274862,3989.916648658307,45.09896663903425,3.338181842825712,0.22480838000774384,0.22446243464946747,-41.173370361328125,3,13.480057716369629,0.0009845175081864,4029.674072265625,18.17864418029785,45.09896663903424,3.338181842825706
2803.453125,143.7937774658203,-8.619233131408691,0.05570274963974953,1542.1119384765625,68.77848052978516,-7.970289707183838,0.04843580350279808,4261.484375,251.43991088867188,-9.073902130126953,0.06407714635133743,52.086753845214844,62,3.324942111968994,2.296842098236084,71.05692291259766,457.5447648189239,3987.530691478588,45.09879221278485,3.3382570186689415,0.2074689269065857,0.20615369081497192,60.434974670410156,3,16.57581901550293,0.0012106187641620636,3978.552001953125,19.94965362548828,45.09879221278485,3.3382570186689415
3556.72314453125,136.6070556640625,-8.877625465393066,0.041711218655109406,2162.327880859375,70.15972137451172,-8.33730411529541,0.035236772149801254,3079.60009765625,143.18687438964844,-8.721236228942871,0.05049387738108635,79.0389175415039,82,2.5316007137298584,2.336700201034546,75.74930572509766,1690.32784289944,3984.1057539117305,45.09858262668245,3.248111691051573,0.1067831739783287,0.10625539720058441,19.310089111328125,0,9.09386920928955,0.0006643360829912126,3032.505859375,15.189603805541992,45.09858262668245,3.2481116910515735
516.4065551757812,78.85040283203125,-6.782479286193848,0.16582193970680237,493.3944396972656,66.922119140625,-6.732985496520996,0.1473008543252945,439.7027587890625,109.77191162109375,-6.607897758483887,0.27112019062042236,29.04637336730957,12,1.3417844772338867,0.7836700677871704,89.15444946289062,348.85914876834704,3984.007370403993,45.09852955958227,3.3462032704999407,0.29250624775886536,0.29144003987312317,-26.113130569458008,2,5.192999362945557,0.0003792633069679141,568.53369140625,8.05070686340332,45.09852955958227,3.346203270499941
1154.986572265625,114.7241439819336,-7.656442165374756,0.10787174850702286,492.2906494140625,66.76578521728516,-6.730554103851318,0.14728625118732452,866.7350463867188,199.5008087158203,-7.3447160720825195,0.24997013807296753,30.855894088745117,15,2.5423827171325684,1.5055712461471558,80.90406036376953,464.02457116680506,3985.04980437911,45.09861119422657,3.337783634566184,0.4192240536212921,0.41728711128234863,73.24821472167969,3,11.724529266357422,0.0008563071023672819,1252.4876708984375,15.25429630279541,45.09861119422657,3.337783634566184
1291.0877685546875,113.59103393554688,-7.7773895263671875,0.09554722905158997,718.0997924804688,67.05231475830078,-7.1404619216918945,0.10140486061573029,1160.162353515625,117.44599151611328,-7.661296844482422,0.1099383607506752,35.06411361694336,34,2.646287202835083,1.5670642852783203,47.813453674316406,1967.648290209272,3980.364657507619,45.09831406165778,3.227828743661118,0.3101741373538971,0.30883631110191345,46.86101150512695,0,12.205255508422852,0.0008916753577068448,839.5386352539062,15.877723693847656,45.098314061657796,3.227828743661122
12167.3271484375,252.08132934570312,-10.212987899780273,0.022499626502394676,3339.9326171875,72.36958312988281,-8.809344291687012,0.023531422019004822,11045.7919921875,244.84071350097656,-10.107992172241211,0.02407224476337433,96.78434753417969,257,4.714387893676758,3.648905038833618,68.61170959472656,625.1584951473,3968.9100066214805,45.097438726976804,3.3260051447811425,0.10941413789987564,0.10878508538007736,64.00470733642578,2,14.792367935180664,0.0010804145131260157,10104.708984375,28.286327362060547,45.097438726976804,3.326005144781142
765.9715576171875,89.51011657714844,-7.210531711578369,0.1269080936908722,584.2024536132812,66.72453308105469,-6.916408538818359,0.12403720617294312,528.585205078125,92.49847412109375,-6.8077874183654785,0.1900419145822525,38.045677185058594,20,1.7322986125946045,1.1974297761917114,-84.46564483642578,1426.1110471545157,3975.784029734771,45.097968355253286,3.267436149379906,0.2496882528066635,0.24941755831241608,-84.59190368652344,2,8.61774730682373,0.00062952731968835,734.9713134765625,10.393791198730469,45.097968355253286,3.267436149379906
348.09210205078125,61.30134582519531,-6.354235649108887,0.19125185906887054,216.02447509765625,66.16592407226562,-5.836257457733154,0.33262985944747925,224.31231689453125,61.25394058227539,-5.877132892608643,0.2965587377548218,25.830739974975586,9,1.240307092666626,0.8886374831199646,-32.73738098144531,292.58021020713977,3976.9939469052683,45.09801421037039,3.3503185844584853,0.3539418876171112,0.3530857563018799,-31.490177154541016,3,6.263214111328125,0.00045742050861008465,89.76908874511719,7.441842555999756,45.09801421037039,3.3503185844584853
1361.3482666015625,111.87809753417969,-7.834923267364502,0.08924946933984756,897.7388305664062,67.62464141845703,-7.382874965667725,0.08180592954158783,1130.126953125,107.48976135253906,-7.632818222045898,0.10329271107912064,41.792991638183594,36,2.185652732849121,1.5434046983718872,-58.24212646484375,289.07012959479493,3973.464886220451,45.097756110671384,3.350575696483849,0.217891126871109,0.21734634041786194,-54.41943359375,2,11.003949165344238,0.0008036509971134365,1004.0625,13.113916397094727,45.097756110671384,3.3505756964838485
616.3157348632812,86.50775146484375,-6.974508285522461,0.15243391692638397,288.8520202636719,66.2918701171875,-6.151688575744629,0.2492382526397705,388.6976318359375,124.37212371826172,-6.474029541015625,0.3474889397621155,23.438018798828125,13,1.7580889463424683,0.8502036929130554,-33.17286682128906,22.94191898469578,3976.4838190015384,45.097962688891734,3.370029611273861,0.46294134855270386,0.460938960313797,-53.632293701171875,1,7.305903434753418,0.0005335372406989336,268.33837890625,10.54853343963623,45.097962688891734,3.370029611273861
3737.10400390625,159.23013305664062,-8.9313383102417,0.04627217352390289,1736.517333984375,69.365966796875,-8.099197387695312,0.04338076338171959,4421.36767578125,199.5956573486328,-9.1138916015625,0.0490257553756237,67.44518280029297,94,4.08818244934082,2.8582351207733154,-78.48066711425781,1455.2803398459348,3957.5999832419493,45.09664006702083,3.2653051123702936,0.1784219741821289,0.17611177265644073,-63.5811882019043,3,17.763765335083008,0.0012976647121831775,2654.89794921875,24.529094696044922,45.096640067020815,3.2653051123702896
1818.3211669921875,117.5647201538086,-8.149176597595215,0.07021602243185043,1233.2210693359375,68.25606536865234,-7.727602481842041,0.06010770425200462,1843.51220703125,127.66887664794922,-8.164114952087402,0.07520883530378342,55.556358337402344,44,3.101332187652588,1.528931736946106,19.275789260864258,1456.7194979594851,3954.077083520908,45.09638262067859,3.2652002850070816,0.17175577580928802,0.1713452935218811,4.832180976867676,3,11.714847564697266,0.0008557859691791236,1518.9732666015625,18.607994079589844,45.09638262067859,3.2652002850070816
1853.2591552734375,130.0416717529297,-8.169840812683105,0.07620372623205185,994.3229370117188,67.59346008300781,-7.493818759918213,0.07382561266422272,1596.8634033203125,133.64773559570312,-8.008169174194336,0.09089158475399017,43.003379821777344,49,2.5700316429138184,2.0585265159606934,-83.02334594726562,1388.422375216686,3963.000804830848,45.09703308133147,3.2701939421432327,0.2145005762577057,0.21337367594242096,-88.03730010986328,2,12.795270919799805,0.0009346959413960576,1111.3271484375,15.42018985748291,45.09703308133146,3.270193942143228
1254.5732421875,112.4437484741211,-7.746240139007568,0.09733501821756363,741.0301513671875,67.2017593383789,-7.17458963394165,0.0984860211610794,1130.1058349609375,122.42010498046875,-7.632797718048096,0.11764228343963623,38.34776306152344,29,2.9820964336395264,1.1108567714691162,-34.498313903808594,329.27547171287114,3960.501484344129,45.096810647716445,3.3476383183439236,0.3087010979652405,0.30652353167533875,-32.147377014160156,2,10.904144287109375,0.0007963745156303048,918.7999877929688,17.892578125,45.096810647716445,3.347638318343923
636.1177978515625,83.24842834472656,-7.008843898773193,0.14212429523468018,207.65611267089844,66.22624206542969,-5.793361663818359,0.3463500440120697,173.88551330566406,67.79584503173828,-5.600658416748047,0.42341819405555725,19.152345657348633,10,1.8280471563339233,0.772287130355835,17.615528106689453,1283.3124939789675,3962.203022292768,45.09697188287967,3.2778807712122893,0.8371890187263489,0.8350535035133362,30.03200912475586,0,7.098329067230225,0.0005185239715501666,-280.8019104003906,10.968282699584961,45.09697188287965,3.277880771212281
3262.78466796875,148.55401611328125,-8.783970832824707,0.049445390701293945,1722.16552734375,69.13908386230469,-8.090187072753906,0.0435992032289505,2590.796875,149.4698486328125,-8.533583641052246,0.06265418231487274,79.03633117675781,78,2.828524589538574,2.28216814994812,-77.7751693725586,408.5464288006094,3953.34493751005,45.096291406027994,3.341844044162697,0.1318855881690979,0.13144031167030334,-79.39385223388672,2,9.99116039276123,0.0007297118427231908,1657.399658203125,16.971147537231445,45.096291406027994,3.341844044162697
831.3135986328125,75.69915008544922,-7.299412250518799,0.09889081120491028,740.8927001953125,67.2780532836914,-7.174388408660889,0.09861612319946289,705.0751953125,74.26534271240234,-7.120588779449463,0.11438802629709244,60.91734313964844,21,1.4379913806915283,1.1441924571990967,1.2959191799163818,1067.5617225540623,3955.145118599682,45.09644938560615,3.2936588433702014,0.16279946267604828,0.16207540035247803,21.769479751586914,0,5.1543354988098145,0.0003765032743103802,604.4016723632812,8.627948760986328,45.09644938560615,3.2936588433702014
829.553955078125,96.66395568847656,-7.297111511230469,0.12654638290405273,467.208251953125,66.68814849853516,-6.673776149749756,0.15501295030117035,567.783203125,105.14494323730469,-6.885456562042236,0.20111092925071716,29.09316635131836,9,1.07901930809021,0.8784986138343811,-55.57477951049805,211.23967241809086,3951.172871286551,45.09612291669565,3.3562686484885393,0.4271818995475769,0.426317423582077,43.20515823364258,2,5.802399635314941,0.0004237639077473432,536.4273681640625,6.47411584854126,45.096122916695656,3.356268648488545
126364.0078125,260.5420837402344,-12.754058837890625,0.0022391558159142733,99058.7734375,177.99688720703125,-12.48973274230957,0.0019514134619385004,122491.375,230.71188354492188,-12.720263481140137,0.002045475412160158,5518.484375,339,2.4450788497924805,2.4259707927703857,-5.971872806549072,1668.7032982652656,3939.3926869815637,45.09531421003221,3.2496984272945673,0.004332391545176506,0.004290751181542873,2.479605197906494,0,3.980085849761963,0.0002907640300691128,126161.3671875,14.670473098754883,45.09531421003222,3.2496984272945713
5807.02880859375,179.8563232421875,-9.40988540649414,0.033635783940553665,2781.205322265625,71.3194351196289,-8.61058235168457,0.027848685160279274,4651.3818359375,151.0780487060547,-9.168954849243164,0.03527355194091797,128.46002197265625,100,2.665112018585205,2.363142967224121,-31.987586975097656,328.6066017077986,3943.148471532225,45.095542328196096,3.347689694387115,0.08874035626649857,0.08831080049276352,-37.22490310668945,0,7.162858009338379,0.0005231379182077944,4807.8046875,15.99067211151123,45.09554232819608,3.34768969438711
317684.96875,378.28564453125,-13.75499153137207,0.001293162233196199,245854.578125,268.7492980957031,-13.476696014404297,0.001187131623737514,308164.90625,331.1527404785156,-13.72195816040039,0.0011670110980048776,13767.62109375,579,2.9170572757720947,2.5587105751037598,26.01826286315918,1971.8716167217672,3930.6489369885153,45.094680522987204,3.2275252661878935,0.0026573578361421824,0.0026336146984249353,-5.7737226486206055,0,4.00120735168457,0.00029232320957817137,316527.09375,17.502344131469727,45.09468052298719,3.22752526618789
765.4329833984375,89.35208892822266,-7.209767818450928,0.1267731785774231,553.6019897460938,66.71263885498047,-6.857994079589844,0.130870059132576,615.3528442382812,93.5498046875,-6.972810745239258,0.16510054469108582,38.546722412109375,20,2.21016001701355,1.1708052158355713,-75.21852111816406,1582.6443234200942,3932.1298080785677,45.094781510245824,3.255993392056744,0.3540978729724884,0.35207560658454895,-60.92353057861328,0,9.631646156311035,0.0007036291644908488,37.406795501708984,13.26095962524414,45.094781510245824,3.255993392056744
1475.5955810546875,118.8919677734375,-7.922418594360352,0.0875013992190361,793.1188354492188,67.35970306396484,-7.248345851898193,0.09223414212465286,1396.3048095703125,119.89028930664062,-7.86245059967041,0.09324672818183899,38.11534118652344,35,3.201291084289551,1.282259464263916,80.2292251586914,933.0814117914588,3940.5190635048807,45.09537575120221,3.3034943471042277,0.3292326033115387,0.3267911970615387,81.305908203125,2,12.143058776855469,0.0008869836456142366,629.9826049804688,19.207746505737305,45.09537575120221,3.3034943471042277
1966.52001953125,148.30503845214844,-8.234246253967285,0.08190064877271652,814.7807006835938,67.32766723632812,-7.277601718902588,0.08973929286003113,1585.3759765625,176.76492309570312,-8.000330924987793,0.12108591943979263,37.2630729675293,34,2.085707187652588,1.691523790359497,-37.658912658691406,1387.2939038830903,3931.258496359193,45.09471304607733,3.2702803212659766,0.30492135882377625,0.3041796088218689,-85.73541259765625,2,10.800986289978027,0.0007890267879702151,1910.598876953125,12.514243125915527,45.09471304607733,3.2702803212659766
4132.9072265625,164.7429962158203,-9.04063892364502,0.04328935593366623,1783.279296875,69.31059265136719,-8.128047943115234,0.04220948740839958,3828.382080078125,157.02496337890625,-8.957538604736328,0.04454338923096657,76.7803726196289,79,3.2116994857788086,2.2293927669525146,-28.570878982543945,1144.4835228808477,3927.838671444538,45.094456063618125,3.2880373555048243,0.1638678014278412,0.16295655071735382,-30.520652770996094,2,12.136309623718262,0.0008865343988873065,3038.244873046875,19.27019691467285,45.09445606361811,3.288037355504819
439.45794677734375,72.9400405883789,-6.607293128967285,0.180251345038414,221.054931640625,66.09857177734375,-5.861250400543213,0.32472944259643555,196.9518280029297,67.20738220214844,-5.735899925231934,0.370584100484848,30.340091705322266,10,2.1413016319274902,0.6245713829994202,50.981346130371094,856.5297463748601,3930.3993525038763,45.094633300193664,3.3090931962396537,0.6441956162452698,0.6399645805358887,43.881656646728516,0,6.906908988952637,0.00050450669368729,-385.75347900390625,12.847809791564941,45.094633300193664,3.309093196239654
6495.71240234375,181.93145751953125,-9.531566619873047,0.030416611582040787,2859.845703125,71.4715576171875,-8.640856742858887,0.02714066579937935,5762.974609375,183.0719757080078,-9.401617050170898,0.034498877823352814,104.44573211669922,148,3.6890478134155273,2.640333890914917,59.66796112060547,531.0451055380373,3915.4535327723956,45.09352758297381,3.332893413558309,0.10224603861570358,0.10109448432922363,67.02771759033203,0,10.621795654296875,0.0007758078281767666,4987.12744140625,22.134286880493164,45.09352758297381,3.3328934135583084
1741.0975341796875,129.61024475097656,-8.102057456970215,0.08084367960691452,842.6380004882812,67.35931396484375,-7.314102649688721,0.08681333065032959,1087.2353515625,144.2578582763672,-7.590808868408203,0.14409394562244415,42.59218215942383,31,1.895592451095581,1.8411693572998047,42.67991638183594,1398.8631746025706,3918.3163542566526,45.093767408851356,3.2694357973719663,0.23379646241664886,0.23336061835289001,7.1095757484436035,2,11.087786674499512,0.0008099853293970227,1254.2032470703125,11.373554229736328,45.093767408851356,3.269435797371966
3752.15087890625,112.73869323730469,-8.935700416564941,0.03263041004538536,2847.371826171875,71.32723999023438,-8.636110305786133,0.027204519137740135,3499.95751953125,124.03150939941406,-8.860157012939453,0.03848567232489586,162.75753784179688,70,2.3094801902770996,1.8688031435012817,14.857320785522461,1082.7356702287693,3913.7882799011527,45.09342713485392,3.2925545239966105,0.06003266200423241,0.059777770191431046,30.230525970458984,0,4.37333869934082,0.0003194627061020583,3146.724365234375,13.856881141662598,45.093427134853904,3.292554523996605
835.2090454101562,91.27523803710938,-7.304488182067871,0.11868274956941605,747.4169921875,67.29144287109375,-7.183907508850098,0.09777475148439407,1184.418701171875,138.8973846435547,-7.683763027191162,0.12735576927661896,42.147525787353516,22,1.8866313695907593,1.0862919092178345,60.303401947021484,550.0695361494977,3912.4740205461176,45.093310651747466,3.3315028997110026,0.3229440152645111,0.3219418525695801,64.6199951171875,2,7.192114353179932,0.0005253095296211541,1079.9019775390625,11.319787979125977,45.093310651747466,3.3315028997110026
912.9309692382812,103.9493179321289,-7.401094913482666,0.1236555278301239,502.9797058105469,66.7621841430664,-6.753876209259033,0.14414842426776886,569.72509765625,95.7499008178711,-6.889163494110107,0.18251678347587585,34.13547897338867,22,1.7569879293441772,1.607811450958252,-40.87641906738281,1098.090024563144,3911.8009897228135,45.0932823823698,3.291431975701987,0.3746001422405243,0.37357160449028015,-18.391775131225586,0,8.622029304504395,0.000629822607152164,294.20489501953125,10.541927337646484,45.0932823823698,3.291431975701987
3786.549560546875,55.780216217041016,-8.945609092712402,0.015998024493455887,3621.7724609375,72.85834503173828,-8.897302627563477,0.02184680849313736,3687.175537109375,66.71642303466797,-8.91673469543457,0.019650280475616455,449.8642883300781,20,1.8134171962738037,0.578870415687561,8.539064407348633,1720.9219894773191,3914.384503880253,45.093487427317314,3.2458820772638086,0.027850031852722168,0.02437562495470047,8.59292221069336,2,6.110438823699951,0.00044640651321969926,3382.411376953125,10.880502700805664,45.093487427317314,3.2458820772638086
4421.2978515625,56.99872970581055,-9.113874435424805,0.01400055456906557,3128.88525390625,72.1800308227539,-8.738473892211914,0.025052856653928757,5383.623046875,76.01197052001953,-9.327686309814453,0.015333354473114014,510.20166015625,16,2.3469858169555664,0.37653791904449463,28.086517333984375,1714.5129520278758,3911.704252312809,45.09329139939845,3.246351138189962,0.07418207079172134,0.06780652701854706,28.618118286132812,3,5.599503517150879,0.00040907959919422865,4962.3203125,14.081914901733398,45.09329139939845,3.2463511381899623
386.7120056152344,64.59984588623047,-6.468469142913818,0.18141518533229828,330.0545959472656,66.2741470336914,-6.296464443206787,0.21806611120700836,322.4624328613281,60.772850036621094,-6.27119779586792,0.2046728879213333,32.674339294433594,10,1.186720609664917,0.9398413300514221,-63.98912811279297,996.3022303924188,3913.0384396259888,45.09336942177901,3.298875038007487,0.29218789935112,0.2912021279335022,11.605259895324707,0,6.300923824310303,0.0004602607514243573,223.1965789794922,7.120323657989502,45.09336942177901,3.298875038007487
1837.851318359375,121.6319580078125,-8.160776138305664,0.07187322527170181,991.560791015625,67.76534271240234,-7.490798473358154,0.07421951740980148,1129.656982421875,103.00457763671875,-7.63236665725708,0.09902384132146835,60.924476623535156,31,1.7998712062835693,1.724002480506897,-68.01895904541016,212.34100134182094,3909.7184071293923,45.093093134821885,3.3561941380039744,0.1737123280763626,0.17338091135025024,-1.6821385622024536,2,6.766655445098877,0.000494196719955653,654.9267578125,10.799226760864258,45.09309313482188,3.356194138003969
951.2208862304688,98.17166900634766,-7.445703506469727,0.11208167672157288,658.3068237304688,67.23606872558594,-7.0460710525512695,0.11091844737529755,764.75830078125,99.97128295898438,-7.208810329437256,0.1419648677110672,46.60452651977539,25,1.9724669456481934,1.4788881540298462,24.85151481628418,1340.0469533543412,3907.245672356234,45.0929566664389,3.2737385003654764,0.30053749680519104,0.30013033747673035,-16.9302921295166,0,7.816650390625,0.0005710193072445691,238.8315887451172,11.83480167388916,45.0929566664389,3.273738500365476
465.0456848144531,71.03633880615234,-6.668738842010498,0.16588792204856873,347.1808776855469,66.33570098876953,-6.351389408111572,0.20750156044960022,322.9049072265625,62.85626220703125,-6.27268648147583,0.2113993912935257,34.2026252746582,12,1.323922038078308,0.8069543838500977,-89.36465454101562,1189.7990148201004,3909.637640513162,45.09312714614633,3.2847258302711966,0.25514736771583557,0.2541203498840332,-85.6259536743164,0,5.534398555755615,0.0004042850050609559,152.2630157470703,7.9435319900512695,45.09312714614633,3.284725830271196
1143.950439453125,97.31874084472656,-7.646018028259277,0.09238874912261963,856.19384765625,67.59054565429688,-7.331430435180664,0.08573214709758759,1086.3487548828125,101.68840789794922,-7.58992338180542,0.1016557589173317,48.9888916015625,30,1.8396644592285156,1.68555748462677,-75.11158752441406,183.5251717296711,3906.04266855179,45.09282298625467,3.3583012187170143,0.2336374670267105,0.23271818459033966,61.99663162231445,0,9.943544387817383,0.0007262143190018833,783.2435913085938,11.037986755371094,45.09282298625467,3.358301218717014
605.4991455078125,73.75493621826172,-6.9552836418151855,0.132284015417099,535.876708984375,66.80451965332031,-6.822662353515625,0.13538508117198944,550.923828125,69.1826171875,-6.852728843688965,0.13637515902519226,43.77536392211914,16,1.2995195388793945,1.0817314386367798,44.60866165161133,351.37015214169065,3906.969096110508,45.092899120999164,3.3460306573937517,0.2317739725112915,0.23158270120620728,-48.03395080566406,0,6.181393146514893,0.0004514679894782603,360.9515075683594,7.797117233276367,45.09289912099915,3.346030657393746
2753.555908203125,135.7563934326172,-8.59973430633545,0.05354220047593117,1562.3179931640625,68.79409790039062,-7.984423637390137,0.04782022163271904,2141.72021484375,121.45454406738281,-8.32690715789795,0.061585839837789536,72.04042053222656,51,1.988684058189392,1.815055012702942,36.77653121948242,1801.3005735902477,3902.678220105519,45.09263333121035,3.240004455685548,0.1328064203262329,0.1318720430135727,-4.692688941955566,2,6.904993057250977,0.0005044639110565186,2093.78076171875,11.932104110717773,45.092633331210365,3.240004455685552
749.084716796875,94.24392700195312,-7.1863274574279785,0.13663195073604584,377.4361572265625,66.39866638183594,-6.442108631134033,0.19104939699172974,456.302490234375,80.47620391845703,-6.64813232421875,0.19153337180614471,37.32878494262695,11,1.7058055400848389,0.7342233061790466,-17.376712799072266,1417.559253969298,3898.9716525304066,45.09235397193827,3.2680708245117467,0.4255131185054779,0.42490530014038086,-48.25068283081055,2,6.565661907196045,0.0004796417779289186,263.0368347167969,10.234832763671875,45.09235397193827,3.2680708245117467
1238.24853515625,115.69070434570312,-7.732019424438477,0.10146598517894745,684.9390258789062,67.06079864501953,-7.08912992477417,0.10632774978876114,794.1962280273438,105.03418731689453,-7.249819755554199,0.143625870347023,35.95048904418945,28,1.959357738494873,1.6819685697555542,-57.91909408569336,1634.314741108521,3893.824358893169,45.09198287805591,3.2522188098865374,0.26386624574661255,0.2634647488594055,24.227418899536133,2,10.875839233398438,0.0007945462712086737,547.0037841796875,11.756146430969238,45.09198287805591,3.2522188098865374
1662.021240234375,133.83216857910156,-8.051591873168945,0.08744878321886063,409.0199890136719,66.43849182128906,-6.529361248016357,0.17640262842178345,512.8077392578125,85.23127746582031,-6.774886608123779,0.18049877882003784,35.338314056396484,13,2.1518001556396484,0.981863260269165,-69.48768615722656,558.0343334448343,3884.705586417238,45.09128137930691,3.3309243879753296,0.43707045912742615,0.43441614508628845,-74.9732437133789,0,8.513941764831543,0.0006218657363206148,-11.388341903686523,12.91080093383789,45.09128137930692,3.3309243879753296
3167.34228515625,135.97935485839844,-8.751737594604492,0.04662381485104561,1902.503662109375,69.62174224853516,-8.19831371307373,0.03974195197224617,2752.689208984375,139.83570861816406,-8.599392890930176,0.05516844242811203,104.96983337402344,76,2.7305190563201904,2.0910463333129883,-31.14215087890625,1190.3266971461364,3878.7705905412845,45.0908710314755,3.284691092216836,0.11626816540956497,0.11613896489143372,-87.3665771484375,0,7.202644348144531,0.0005261582555249333,2335.802001953125,16.383113861083984,45.0908710314755,3.2846910922168364
374.9022521972656,66.69174194335938,-6.434794902801514,0.19318963587284088,281.2042236328125,66.14633178710938,-6.122554779052734,0.2554545998573303,352.45770263671875,101.53549194335938,-6.367767333984375,0.31285327672958374,29.344402313232422,9,1.5249093770980835,0.7622069120407104,-36.01266860961914,1802.5265046549337,3882.275482051841,45.091142084812226,3.239917076095191,0.41339820623397827,0.41139116883277893,-21.339244842529297,1,6.4338507652282715,0.0004700486024376005,177.72581481933594,9.149456024169922,45.09114208481222,3.239917076095187
1809.44482421875,118.77263641357422,-8.143863677978516,0.07128544896841049,1180.2064208984375,68.22422790527344,-7.679894924163818,0.06277843564748764,1553.567138671875,116.44294738769531,-7.978324890136719,0.08139786124229431,57.671443939208984,44,1.9742354154586792,1.763107180595398,79.45480346679688,1769.2546709921232,3877.6702767432735,45.09080486347214,3.2423511554848714,0.15801776945590973,0.15759862959384918,-51.69148254394531,2,6.8030104637146,0.0004970173467881978,1656.4505615234375,11.845412254333496,45.09080486347215,3.2423511554848754
1557.6544189453125,124.99468994140625,-7.981177806854248,0.0871465653181076,743.0510864257812,67.20591735839844,-7.177546501159668,0.0982242301106453,1047.6402587890625,148.0371551513672,-7.550530433654785,0.15345759689807892,39.380615234375,31,2.120561361312866,1.59617018699646,75.50897979736328,1291.1971175174626,3877.3777273596693,45.090772194609194,3.2773146072785213,0.2730855643749237,0.2724212110042572,13.608084678649902,0,9.535601615905762,0.0006965964566916227,1107.8968505859375,12.723367691040039,45.090772194609166,3.2773146072785115
958.0943603515625,100.23625946044922,-7.453520774841309,0.11361780762672424,664.3783569335938,67.01844787597656,-7.056038856506348,0.10954907536506653,684.1634521484375,96.36113739013672,-7.087899684906006,0.15295788645744324,42.975486755371094,25,1.9657847881317139,1.4146556854248047,29.276803970336914,750.919332250925,3878.233308924448,45.09081635585931,3.316822272921595,0.23497453331947327,0.23413915932178497,-38.788394927978516,0,9.84163761138916,0.0007188746239989996,280.43634033203125,11.794708251953125,45.09081635585931,3.316822272921595
37206.0,281.3141174316406,-11.426532745361328,0.008211232721805573,-133.43524169921875,60.23537063598633,99.0,99.0,15136.7490234375,286.53424072265625,-10.450081825256348,0.020557662472128868,117.32315063476562,511,71.55297088623047,0.5297325849533081,89.87939453125,2.787084295301052,2843.3546032396025,45.01511043381475,3.371662824592687,0.5309421420097351,0.0038115335628390312,89.86901092529297,51,36.95512771606445,0.0027003069408237934,-300544.3125,429.31781005859375,45.015110433814726,3.371662824592674
1472.031005859375,91.52050018310547,-7.919792175292969,0.06751981377601624,1195.1260986328125,68.35493469238281,-7.6935343742370605,0.06211349368095398,1286.1357421875,88.9216079711914,-7.77321720123291,0.07508450746536255,79.77822875976562,35,1.8807719945907593,1.2229772806167603,14.112804412841797,358.7383161997615,4086.981515594087,45.10605565621673,3.3454662785713754,0.11377864331007004,0.11273139715194702,-0.5882992744445801,16,5.564927577972412,0.0004064048989675939,1080.9825439453125,11.284631729125977,45.10605565621673,3.3454662785713754
13301.939453125,138.69354248046875,-10.30978775024414,0.011323249898850918,10439.1025390625,84.80191802978516,-10.04665756225586,0.008822107687592506,12819.9873046875,138.41799926757812,-10.269719123840332,0.0117255924269557,629.1033325195312,132,2.2016522884368896,2.144712209701538,-14.319724082946777,1996.165797666996,3859.0611492622675,45.0894484445459,3.2257560094992295,0.01920914091169834,0.0190782081335783,-3.969752550125122,0,3.985562324523926,0.00029119281680323184,13054.4248046875,13.20991325378418,45.0894484445459,3.2257560094992295
3659.7607421875,105.38539123535156,-8.908631324768066,0.03127213567495346,2957.07568359375,71.68313598632812,-8.677156448364258,0.026325970888137817,3424.02099609375,109.2254638671875,-8.83634090423584,0.03464314341545105,185.78468322753906,64,1.9028286933898926,1.7471725940704346,86.39424133300781,259.28889659694465,3860.745069858316,45.08951600855626,3.352769032052467,0.05439400672912598,0.05427295342087746,3.9115805625915527,0,4.2555108070373535,0.0003108089731540531,3213.343994140625,11.416972160339355,45.08951600855627,3.3527690320524726
1399.677734375,112.6575927734375,-7.865070343017578,0.08741022646427155,911.3566284179688,67.55088806152344,-7.399220943450928,0.0804956704378128,1080.921142578125,120.59857940673828,-7.584485054016113,0.12116523087024689,46.20936965942383,37,2.0916759967803955,1.5635857582092285,14.940444946289062,932.1624185512254,3856.6644065181795,45.08924665619937,3.3035724485768987,0.21160544455051422,0.2109934538602829,31.41649055480957,0,8.649408340454102,0.0006318203522823751,1026.365234375,12.550056457519531,45.08924665619937,3.3035724485768987
36937.8671875,178.20111083984375,-11.418679237365723,0.005239241290837526,29032.27734375,111.11982727050781,-11.15720272064209,0.004156619776040316,35822.73828125,167.08087158203125,-11.385396957397461,0.005065213888883591,1689.6536865234375,207,2.332693338394165,2.3187077045440674,63.17972946166992,1659.8893565280844,3847.7966315803865,45.08861911425269,3.250353602486149,0.009167536161839962,0.009135039523243904,7.874582290649414,0,4.056882381439209,0.00029638875275850296,36493.99609375,13.996160507202148,45.08861911425269,3.250353602486149
782.9445190429688,93.18682861328125,-7.23432731628418,0.12925678491592407,504.9488525390625,66.71482849121094,-6.758118629455566,0.1434844434261322,612.91796875,132.3031463623047,-6.968505859375,0.23442161083221436,32.72654342651367,20,2.0198230743408203,1.1627811193466187,-47.572757720947266,1387.6276224797498,3845.3953327949826,45.08843712660024,3.2702662739804915,0.341927170753479,0.3402238190174103,-59.71854019165039,3,9.173460006713867,0.0006701655220240355,776.1344604492188,12.118938446044922,45.08843712660024,3.2702662739804915
1668.27685546875,120.6482162475586,-8.055670738220215,0.07853849977254868,1038.2391357421875,67.75916290283203,-7.540743350982666,0.07087621092796326,1428.2012939453125,126.20292663574219,-7.8869733810424805,0.09596432745456696,49.63468933105469,25,2.1906821727752686,1.1840629577636719,-3.889165163040161,1389.2393401192674,3849.176310277327,45.088713538365724,3.270147948495238,0.21884258091449738,0.21765100955963135,51.77711868286133,3,9.266547203063965,0.0006769644096493721,1357.4393310546875,13.144092559814453,45.08871353836572,3.270147948495234
1059.1005859375,86.99247741699219,-7.562343120574951,0.08920194208621979,851.9951171875,67.45486450195312,-7.326092720031738,0.08598169684410095,950.4129028320312,87.42247772216797,-7.4447808265686035,0.09989427775144577,54.19182205200195,27,1.6030046939849854,1.364037036895752,-18.653247833251953,133.70474200393286,3847.5293270709394,45.08854355412778,3.361951749242906,0.16755010187625885,0.1668282002210617,28.644466400146484,0,5.957553863525391,0.0004351109091658145,697.3616333007812,9.61802864074707,45.08854355412776,3.3619517492428947
356.39544677734375,63.47591018676758,-6.379830360412598,0.193422332406044,149.15774536132812,66.00020599365234,-5.434114456176758,0.4805397391319275,146.73594665527344,64.49571990966797,-5.416341304779053,0.47733601927757263,26.896703720092773,9,1.8575350046157837,0.6608336567878723,-9.01163101196289,1495.18012138394,3843.8213779591474,45.0883248100494,3.2624005886598137,0.2715778946876526,0.270476371049881,22.038921356201172,0,6.614022254943848,0.0004831958212889731,-105.97626495361328,11.145210266113281,45.088324810049386,3.2624005886598098
570.1587524414062,75.75679779052734,-6.889989376068115,0.14429645240306854,319.5872497558594,66.38172912597656,-6.261473655700684,0.22557397186756134,319.5050048828125,80.7740707397461,-6.261194229125977,0.2745516896247864,28.440134048461914,15,1.8557595014572144,1.0618767738342285,-43.255393981933594,1372.2547698564601,3842.1661845686554,45.08820068314837,3.271390938239783,0.33622506260871887,0.33524468541145325,-73.14571380615234,3,8.398052215576172,0.0006135171861387789,195.13311767578125,11.134556770324707,45.08820068314837,3.271390938239783
1513.1689453125,117.13201141357422,-7.949718475341797,0.08406554162502289,899.6265869140625,67.57772064208984,-7.38515567779541,0.08157762885093689,1287.7911376953125,119.76522064208984,-7.774613380432129,0.10099854320287704,45.06816864013672,40,2.3548150062561035,1.836694359779358,31.652128219604492,1366.0678489980285,3841.4617333338006,45.088149025201766,3.271843495219092,0.23620960116386414,0.2350628674030304,18.999704360961914,2,10.942452430725098,0.0007993967738002539,720.091796875,14.128890037536621,45.08814902520177,3.271843495219097
491.6446533203125,75.87382507324219,-6.729128360748291,0.1675986349582672,34.39130783081055,65.7073974609375,-3.8411216735839844,2.0748915672302246,88.33587646484375,63.700477600097656,-4.865342617034912,0.7831327319145203,19.5577392578125,9,1.4042885303497314,0.8879672288894653,-21.02692985534668,477.75156049513936,3841.1414954631514,45.088093567224085,3.3368001066618436,0.40478208661079407,0.4021282494068146,85.968505859375,0,6.666780948638916,0.00048694995348341763,-440.36798095703125,8.425731658935547,45.088093567224085,3.3368001066618436
39602.8203125,181.95530700683594,-11.494315147399902,0.00498963100835681,31413.01953125,114.0704574584961,-11.24277400970459,0.003943604417145252,38185.953125,166.46502685546875,-11.454758644104004,0.004734228365123272,1695.2198486328125,202,2.3355703353881836,2.204444408416748,4.999685287475586,769.4828492956079,3832.6161331961594,45.08748275424856,3.3154709862683793,0.008645210415124893,0.008569271303713322,-10.605860710144043,0,3.9804086685180664,0.00029075396014377475,39395.68359375,14.013422012329102,45.08748275424855,3.315470986268374
55585.1484375,331.3065490722656,-11.862397193908691,0.006472932640463114,0.0,0.0,99.0,99.0,0.0,0.0,99.0,99.0,129.2916259765625,721,109.44754791259766,0.5603802800178528,-89.98323059082031,2.8750852822281607,552.4794836593203,44.847403653573515,3.3719213238517254,0.5731300711631775,0.003310906933620572,-89.97998809814453,50,47.01184844970703,0.0034386238548904657,0.0,656.685302734375,44.847403653573515,3.371921323851726
2395.55322265625,111.52971649169922,-8.448514938354492,0.05056087672710419,1696.5513916015625,69.11273956298828,-8.073917388916016,0.04424058645963669,2106.90673828125,114.50365447998047,-8.309113502502441,0.05902063101530075,85.22035217285156,55,2.324983596801758,1.6374480724334717,-49.29495620727539,983.162214793979,3834.1059303601282,45.08759955265179,3.2998460388336817,0.10587193071842194,0.10528117418289185,-13.5038480758667,0,6.408210277557373,0.0004681163700297475,1812.6025390625,13.949901580810547,45.08759955265179,3.2998460388336817
1858.563232421875,127.05370330810547,-8.172943115234375,0.0742403194308281,996.126220703125,67.77464294433594,-7.495785713195801,0.07388949394226074,1247.2041015625,110.78318786621094,-7.739843845367432,0.09646419435739517,44.5380859375,41,2.291320562362671,1.5504345893859863,-12.03805923461914,18.266882976972944,3836.0566880283104,45.087698724725286,3.3703921534571064,0.19505932927131653,0.19481444358825684,-21.93478012084961,0,9.312490463256836,0.0006801241543143988,-2160.85107421875,13.747922897338867,45.087698724725286,3.3703921534571064
466.1954345703125,71.33543395996094,-6.671420097351074,0.16617554426193237,343.700927734375,66.53514099121094,-6.340451717376709,0.2102326899766922,301.09539794921875,81.27226257324219,-6.196760177612305,0.29313525557518005,29.55724334716797,12,1.553161859512329,1.2412880659103394,77.5508041381836,274.1971031256427,3833.412681294479,45.08751893934062,3.351683034534967,0.3475775122642517,0.3468256890773773,68.28778076171875,0,8.305989265441895,0.0006066537462174892,-13.221076011657715,9.318971633911133,45.08751893934062,3.351683034534967
3917.43359375,99.64276123046875,-8.982503890991211,0.027623197063803673,3296.8173828125,72.33473205566406,-8.79523754119873,0.023827681317925453,3841.3837890625,107.38056182861328,-8.96121883392334,0.03035762533545494,207.1033172607422,61,1.84451162815094,1.694166898727417,-89.51551818847656,1142.6917590892972,3827.622980466233,45.087130958266,3.2881809588253827,0.04859532415866852,0.048287391662597656,16.712766647338867,0,4.023037910461426,0.00029389114934019744,3604.903564453125,11.067070007324219,45.08713095826599,3.288180958825378
390.09100341796875,68.6065444946289,-6.477914810180664,0.19099827110767365,208.12025451660156,66.12346649169922,-5.795785903930664,0.34504133462905884,213.83412170410156,82.17488098144531,-5.825192451477051,0.41734182834625244,25.69538688659668,9,1.1847673654556274,0.9852493405342102,34.4804801940918,1756.1830692415626,3827.935177079157,45.08716927789382,3.243312830976074,0.4080762267112732,0.4075991213321686,60.52494430541992,1,6.447826385498047,0.0004710799257736653,241.21998596191406,7.108604431152344,45.08716927789381,3.2433128309760706
1100.6134033203125,113.3833236694336,-7.604086875915527,0.11187787353992462,509.6253356933594,66.7245101928711,-6.76812744140625,0.1421884149312973,583.2163696289062,97.54503631591797,-6.914574146270752,0.18163740634918213,40.98390197753906,24,2.8235437870025635,0.993480384349823,68.42367553710938,1275.9613393545117,3820.592865802176,45.08662109579244,3.278435767701532,0.33302971720695496,0.33147957921028137,82.29032897949219,2,10.030294418334961,0.000732754881028086,-113.84087371826172,16.94126319885254,45.08662109579244,3.278435767701532
7274.365234375,76.9942626953125,-9.654487609863281,0.01149457972496748,4957.95361328125,75.34857940673828,-9.238256454467773,0.016504501923918724,7087.93994140625,87.79204559326172,-9.626299858093262,0.013451321981847286,773.17578125,38,3.4441304206848145,0.5123627781867981,12.928643226623535,540.1289311314121,3819.7087942122344,45.08652973864361,3.3322424308407688,0.03535047173500061,0.029653597623109818,13.774009704589844,0,7.94383430480957,0.000580242311116308,4716.0849609375,20.664783477783203,45.08652973864361,3.3322424308407688
4038.818359375,102.49464416503906,-9.01563549041748,0.027559839189052582,3367.09619140625,72.37399291992188,-8.81813907623291,0.023343008011579514,3902.135009765625,115.16807556152344,-8.978255271911621,0.032052334398031235,186.6448974609375,64,1.820718765258789,1.7424007654190063,20.404417037963867,1471.5595078386325,3835.8077717003493,45.08773847533427,3.2641290571250345,0.04839227721095085,0.048362407833337784,73.17546844482422,0,4.27861213684082,0.0003125795046798885,4148.974609375,10.924312591552734,45.087738475334284,3.2641290571250385
3930.521240234375,78.4972915649414,-8.986124992370605,0.021688740700483322,2625.718017578125,70.9451675415039,-8.548120498657227,0.029343003407120705,5570.361328125,106.80561065673828,-9.364707946777344,0.02082286775112152,284.665771484375,42,4.688305377960205,0.6363360285758972,35.88752746582031,1044.0884520533918,3807.615921187547,45.08566531462372,3.2953941245785474,0.12344244122505188,0.1168777346611023,36.86882781982422,3,10.34552001953125,0.0007557547651231289,2849.855224609375,28.129833221435547,45.08566531462372,3.295394124578547
3866.77587890625,62.098575592041016,-8.968372344970703,0.017440641298890114,2390.796142578125,70.43766021728516,-8.446356773376465,0.031995739787817,5733.72802734375,88.590576171875,-9.396092414855957,0.016779547557234764,688.6484375,26,4.15404748916626,0.46386614441871643,37.03293228149414,1039.2367549243609,3804.0641244953754,45.08540552634948,3.295749363923143,0.06488735973834991,0.011736526153981686,38.671695709228516,3,8.303821563720703,0.0006066063069738448,3704.23876953125,24.924285888671875,45.08540552634948,3.2957493639231434
3182.337646484375,47.897438049316406,-8.756865501403809,0.01634541153907776,3226.9306640625,72.10602569580078,-8.771974563598633,0.02426675707101822,3317.22265625,52.954769134521484,-8.801936149597168,0.01733645424246788,1054.06103515625,14,1.151706576347351,0.5132477283477783,48.30742263793945,1029.884544073706,3797.3250249911066,45.08491260165409,3.296434115424839,0.014115582220256329,0.011675444431602955,84.88764190673828,3,1.4756944179534912,0.00010780181764857844,3262.69140625,6.910239219665527,45.08491260165409,3.296434115424839
3725.1904296875,48.12356185913086,-8.927870750427246,0.014029400423169136,3470.008544921875,72.49911499023438,-8.850826263427734,0.02268986962735653,4245.181640625,56.85202407836914,-9.069740295410156,0.014543852768838406,1293.39599609375,13,1.7967116832733154,0.3494162857532501,37.015342712402344,1026.646358904803,3794.923909099715,45.0847369765581,3.2966712178861735,0.015314841642975807,0.012415547855198383,18.094715118408203,3,4.704330921173096,0.000343659077771008,3725.689697265625,10.780269622802734,45.084736976558084,3.2966712178861686
1550.3316650390625,120.57796478271484,-7.9760613441467285,0.08446429669857025,944.1316528320312,67.64324188232422,-7.437581539154053,0.07780754566192627,1333.4749755859375,115.81170654296875,-7.812462329864502,0.09431861340999603,53.47533416748047,41,2.426814317703247,1.6148431301116943,-84.1587905883789,637.3086303445987,3808.7932791652047,45.08573603915514,3.3251385454111673,0.2284170538187027,0.22791177034378052,-52.31607437133789,2,9.113182067871094,0.0006656734040006995,823.3352661132812,14.56088638305664,45.08573603915514,3.3251385454111673
3625.275634765625,129.0625,-8.89835262298584,0.03866240382194519,2304.7998046875,70.41523742675781,-8.406582832336426,0.03317900002002716,3327.5712890625,127.59379577636719,-8.805318832397461,0.04164204001426697,82.30980682373047,74,2.528857707977295,1.8433212041854858,2.1231040954589844,685.3399000537981,3806.8692104342967,45.08559738813429,3.321626868070082,0.10531962662935257,0.10439040511846542,8.837982177734375,2,7.772678852081299,0.0005677625886164606,2856.584228515625,15.17314624786377,45.08559738813429,3.321626868070082
417.4197692871094,60.05768585205078,-6.5514326095581055,0.1562519371509552,373.6240539550781,66.39073181152344,-6.431087017059326,0.19297564029693604,321.53167724609375,71.77711486816406,-6.268059253692627,0.24243317544460297,35.83643341064453,11,1.1614211797714233,0.7226158976554871,72.98954010009766,1949.7081918465192,3806.073257418716,45.08557460740465,3.2291599412857295,0.2036503255367279,0.20321761071681976,-30.762598037719727,0,4.2837018966674805,0.0003129821561742574,395.7324523925781,6.968526840209961,45.08557460740466,3.2291599412857335
3166.319580078125,151.50827026367188,-8.751386642456055,0.05196505784988403,1527.29345703125,68.74871826171875,-7.959806442260742,0.04888458922505379,2352.331787109375,134.7449493408203,-8.428746223449707,0.06220764294266701,73.25916290283203,66,2.800647735595703,1.9341583251953125,62.945247650146484,1600.4172561252942,3801.804272768091,45.085255978919136,3.2547086571610175,0.15585370361804962,0.15441694855690002,58.368900299072266,2,11.054306983947754,0.0008076204103417695,1514.4097900390625,16.80388641357422,45.085255978919136,3.254708657161018
2346.932861328125,144.8251190185547,-8.426251411437988,0.0670151561498642,1152.6160888671875,68.09278106689453,-7.654211521148682,0.06415732204914093,1732.1265869140625,158.45384216308594,-8.09644889831543,0.0993465930223465,48.39447021484375,22,1.7043027877807617,1.1719149351119995,74.33426666259766,510.12982676002326,3802.524788575208,45.085272325566145,3.3344381451496448,0.21010978519916534,0.20866897702217102,-23.335590362548828,2,7.821238040924072,0.0005712887505069375,1821.8853759765625,10.22581672668457,45.08527232556613,3.3344381451496394
1009.0894165039062,108.06623840332031,-7.509824275970459,0.11630281060934067,460.18048095703125,66.77648162841797,-6.657320499420166,0.15758873522281647,470.2847900390625,127.86367797851562,-6.680902481079102,0.295267790555954,32.9984130859375,25,2.5303149223327637,1.9650564193725586,0.5501649379730225,2023.924641620961,3797.511526447241,45.08494986760526,3.2237321086914,0.33334869146347046,0.332760751247406,80.10343170166016,0,13.368433952331543,0.0009767604060471058,-806.591552734375,15.181889533996582,45.08494986760526,3.2237321086914
544.274169921875,77.13964080810547,-6.839544296264648,0.1539181023836136,406.9071960449219,66.53736114501953,-6.523738384246826,0.17758244276046753,372.64569091796875,75.93934631347656,-6.4282402992248535,0.22130976617336273,31.54963493347168,11,1.5909477472305298,0.5701799392700195,0.8088884949684143,1989.2374527936036,3648.842062164756,45.07408144165052,3.226285212051225,0.3353772461414337,0.33316171169281006,-13.286503791809082,2,5.674302101135254,0.0004146223363932222,55.68822479248047,9.545686721801758,45.074081441650506,3.2262852120512213
2952.8095703125,119.8884506225586,-8.675588607788086,0.044093210250139236,1934.3353271484375,69.63558197021484,-8.216329574584961,0.03909572586417198,2734.657470703125,128.96240234375,-8.592257499694824,0.051214154809713364,101.29034423828125,66,2.375563859939575,2.005784273147583,27.18746566772461,626.7634790456943,3128.220005651972,45.03597498363663,3.3259982444409535,0.1096920594573021,0.10911283642053604,21.73244285583496,0,8.008077621459961,0.0005851555615663528,2301.831787109375,14.25338363647461,45.03597498363661,3.3259982444409473
8989.6142578125,119.36286163330078,-9.884352684020996,0.014419758692383766,7307.5234375,79.49541473388672,-9.659425735473633,0.01181412860751152,8748.728515625,125.02864837646484,-9.854862213134766,0.015520096756517887,457.77374267578125,97,2.0806424617767334,1.91361665725708,70.29832458496094,165.12467719483158,3222.973763875975,45.042883469600746,3.359742250773643,0.02496415190398693,0.02487987093627453,23.302541732788086,0,3.8995208740234375,0.00028489576652646065,8668.2236328125,12.483854293823242,45.04288346960076,3.359742250773649
1626.024658203125,123.66990661621094,-8.027817726135254,0.08259746432304382,877.077880859375,67.5570297241211,-7.357595443725586,0.08364928513765335,1565.4571533203125,163.37713623046875,-7.986602783203125,0.1133391410112381,41.482967376708984,24,2.589893102645874,1.4403687715530396,-57.73554992675781,2014.4022907994831,2989.354693709574,45.02585706721458,3.224511186739411,0.28410694003105164,0.28373754024505615,51.08469009399414,3,11.57394790649414,0.0008460092940367758,1209.6300048828125,15.539358139038086,45.02585706721455,3.2245111867394027
1096.77099609375,101.89655303955078,-7.600289821624756,0.10089586675167084,697.7756958007812,67.18948364257812,-7.109289646148682,0.10457197576761246,951.927734375,93.5880126953125,-7.446509838104248,0.10676921904087067,41.80520248413086,24,1.5826128721237183,1.3347525596618652,80.4392318725586,129.81555353479374,3207.072178110421,45.04171882096593,3.362326055153368,0.2425222396850586,0.24199596047401428,68.27692413330078,2,7.08306884765625,0.0005174828693270683,844.876220703125,9.49567699432373,45.04171882096592,3.362326055153362
605.0061645507812,75.3169174194336,-6.954399585723877,0.13519559800624847,536.5367431640625,66.67729949951172,-6.823998928070068,0.13496102392673492,533.0151977539062,71.58597564697266,-6.8168487548828125,0.1458539515733719,40.29500198364258,16,1.4028993844985962,1.0604463815689087,-9.903755187988281,1406.9923510669023,3698.664294268521,45.07771174044708,3.268867485647116,0.24359270930290222,0.24256788194179535,12.97747802734375,0,6.309632778167725,0.00046098692109808326,321.8568420410156,8.417396545410156,45.07771174044708,3.2688674856471156
2872.759521484375,135.4512481689453,-8.645748138427734,0.051205139607191086,1654.930419921875,69.20333862304688,-8.04694938659668,0.04541268199682236,2492.136474609375,136.78346252441406,-8.491429328918457,0.059606220573186874,82.61579895019531,67,2.546072244644165,2.1349172592163086,-19.80359649658203,1835.9313926887112,2906.5723307785884,45.01979884890569,3.2375769136073282,0.14356908202171326,0.14212153851985931,24.237003326416016,2,8.19660758972168,0.0005991457146592438,1879.760498046875,15.276433944702148,45.01979884890569,3.2375769136073282
2155.678466796875,142.7978515625,-8.333959579467773,0.07193951308727264,1016.9334106445312,67.81703186035156,-7.518231391906738,0.07242292910814285,1579.265869140625,128.38925170898438,-7.996138095855713,0.088288314640522,46.74471664428711,50,2.705209732055664,1.7790676355361938,-13.674575805664062,650.685768015372,3773.6590984659597,45.08316838207874,3.324165161203777,0.2328168749809265,0.23051592707633972,-2.374501943588257,0,13.151712417602539,0.0009606887469999492,1210.77783203125,16.231258392333984,45.08316838207874,3.324165161203777
773.9310302734375,91.46703338623047,-7.221755504608154,0.12834890186786652,372.1849365234375,66.49107360839844,-6.426897048950195,0.1940145641565323,350.42413330078125,59.40901184082031,-6.361485004425049,0.18411456048488617,30.4863338470459,10,1.457230806350708,0.7137026190757751,-0.22262269258499146,1244.7961894073987,3761.180792434255,45.08227729035637,3.2807221952893575,0.3183729946613312,0.3160610795021057,-3.3525278568267822,0,6.081752300262451,0.0004443091747816652,203.47962951660156,8.743385314941406,45.08227729035637,3.280722195289357
63254.87890625,356.5888977050781,-12.002735137939453,0.006122144870460033,0.0,0.0,99.0,99.0,0.0,0.0,99.0,99.0,134.915771484375,832,139.87950134277344,0.5354545712471008,89.92974090576172,2.8967729317071793,291.92662391235194,44.82831373281586,3.371944862130949,0.7076729536056519,0.0029814541339874268,89.9177017211914,50,51.95294189453125,0.0038004217203706503,0.0,839.2769775390625,44.82831373281585,3.37194486213094
433.6805114746094,72.34392547607422,-6.59292459487915,0.1811598688364029,244.72195434570312,66.19987487792969,-5.971682548522949,0.29377445578575134,231.69180297851562,65.3374252319336,-5.912276744842529,0.306253582239151,23.946487426757812,10,1.3286508321762085,0.9197132587432861,-17.348386764526367,392.80533666619124,3734.0341185484203,45.08026039357823,3.343025548956345,0.3299240171909332,0.3293304741382599,-0.23194868862628937,1,6.5988993644714355,0.0004820097528863698,307.56494140625,7.971904754638672,45.08026039357823,3.343025548956345
824.1354370117188,95.82521057128906,-7.28999662399292,0.12627315521240234,555.0848388671875,66.89554595947266,-6.860898494720459,0.1308782994747162,653.6345825195312,90.81433868408203,-7.038337707519531,0.15088610351085663,30.427120208740234,21,1.953673005104065,1.2918168306350708,-58.6395263671875,1046.7781191768897,3763.477518886753,45.08243896803452,3.295203010518867,0.3212323784828186,0.3204180896282196,-54.02023696899414,0,9.511372566223145,0.0006948357913643122,573.3803100585938,11.722038269042969,45.08243896803452,3.295203010518866
763.1356811523438,93.73103332519531,-7.2065043449401855,0.13338637351989746,478.9766845703125,66.84102630615234,-6.700786113739014,0.15155091881752014,624.1749267578125,85.91243743896484,-6.9882659912109375,0.14947877824306488,29.00732421875,12,1.6241705417633057,1.337957739830017,-2.7906386852264404,1093.08550822781,3182.313428011169,45.039948008058154,3.2918871487368495,0.4899328052997589,0.4881758689880371,7.959120750427246,2,8.821868896484375,0.0006446674815379083,329.6338195800781,9.745023727416992,45.03994800805814,3.291887148736844
954.6026611328125,88.45977783203125,-7.449556827545166,0.10063592344522476,708.1834716796875,67.15978240966797,-7.125364303588867,0.10298959165811539,848.587890625,85.77363586425781,-7.321742057800293,0.10977079719305038,48.96417236328125,25,1.5115824937820435,1.3675858974456787,2.029399871826172,1450.0176888475046,3024.7048794077073,45.02843118113916,3.265796850853501,0.191994309425354,0.1917814463376999,23.87664031982422,0,5.6978983879089355,0.0004164431884419173,813.0341186523438,9.06949520111084,45.02843118113916,3.2657968508535005
548.6765747070312,80.08592987060547,-6.848290920257568,0.15851473808288574,104.34428405761719,65.95842742919922,-5.04617166519165,0.6864856481552124,173.13291931152344,90.08065032958984,-5.595949172973633,0.5650432705879211,19.832252502441406,10,2.984326124191284,0.8003258109092712,40.66132736206055,1142.9241631892232,3738.170735893534,45.08059215182473,3.2881750823943734,0.5453158020973206,0.15146812796592712,40.40428924560547,0,9.251358985900879,0.0006758655072189867,-1419.4595947265625,17.905956268310547,45.080592151824725,3.2881750823943685
684.6464233398438,76.05311584472656,-7.088665962219238,0.12063699215650558,711.0587768554688,67.19124603271484,-7.129763603210449,0.1026211827993393,805.8223266601562,98.73272705078125,-7.265598297119141,0.1330612748861313,51.83039474487305,18,1.6607009172439575,1.2179653644561768,-83.47035217285156,856.0255472255957,3189.1093547994506,45.040436892891606,3.309224275612194,0.22712549567222595,0.22609128057956696,4.1360650062561035,2,6.238855361938477,0.00045588635839521885,719.7024536132812,9.964205741882324,45.040436892891606,3.309224275612194
17305.978515625,234.42726135253906,-10.595490455627441,0.01471098605543375,6339.40185546875,77.90557098388672,-9.505120277404785,0.013345967046916485,16334.2529296875,245.5445098876953,-10.532748222351074,0.01632528565824032,201.7677459716797,311,4.816535472869873,3.5014867782592773,-0.002818251959979534,208.9429797443055,3749.1008813092317,45.081352753203,3.35646557463696,0.0571746900677681,0.057082608342170715,-30.920305252075195,0,9.332169532775879,0.0006816238746978343,13850.255859375,28.899211883544922,45.081352753202985,3.3564655746369536
253781.421875,341.5305480957031,-13.511149406433105,0.0014615025138482451,197834.25,242.7864227294922,-13.240754127502441,0.0013327624183148146,245748.671875,298.02313232421875,-13.476227760314941,0.0013170086313039064,11423.5302734375,486,2.5737791061401367,2.5142159461975098,3.8886032104492188,1024.9419222550982,2985.0306369780433,45.0255169123072,3.2968943452762565,0.0029851722065359354,0.0029485945124179125,13.3727388381958,0,4.0311760902404785,0.0002946077147498727,253257.09375,15.44267463684082,45.02551691230719,3.2968943452762507
6080.763671875,72.23947143554688,-9.459895133972168,0.01290167961269617,3748.513427734375,73.1686019897461,-8.934647560119629,0.021198030561208725,5951.7666015625,94.54261779785156,-9.436614990234375,0.017250891774892807,622.50537109375,26,1.9266891479492188,0.5895362496376038,27.308441162109375,1818.2988250425506,3224.7290973197005,45.04306825719466,3.2388344001844738,0.04482723027467728,0.03950827568769455,26.285995483398438,2,6.359353065490723,0.00046477047726511955,5524.0048828125,11.560134887695312,45.043068257194676,3.2388344001844773
1394.4718017578125,102.64546203613281,-7.861024379730225,0.07993920892477036,630.5146484375,67.0254898071289,-6.999238014221191,0.11544486880302429,387.09515380859375,86.03068542480469,-6.469544410705566,0.24136009812355042,65.3819580078125,27,1.6552125215530396,1.3380463123321533,-74.3106689453125,11.715908177652041,3783.7225080375247,45.083873009533015,3.370878719166166,0.10920527577400208,0.10871598869562149,-70.7053451538086,0,5.856879711151123,0.00042775963083840907,-2751.474853515625,9.931275367736816,45.083873009533,3.3708787191661598
1149.4102783203125,114.06748962402344,-7.651187896728516,0.10777465254068375,531.9985961914062,66.79650115966797,-6.814776420593262,0.13635562360286713,1044.0389404296875,185.588623046875,-7.5467915534973145,0.1930476278066635,34.22373962402344,16,2.485746145248413,1.1024059057235718,24.59148406982422,1224.361994974765,3797.5466395481008,45.08493497882434,3.2822121350736855,0.46439623832702637,0.46396955847740173,72.15772247314453,2,9.91312313079834,0.0007241977145895362,741.4725341796875,14.91447639465332,45.08493497882436,3.2822121350736904
4494.94384765625,53.17842102050781,-9.131811141967773,0.012848162092268467,4509.359375,74.54484558105469,-9.135287284851074,0.01795281656086445,4926.578125,63.41194152832031,-9.231363296508789,0.013978336937725544,841.2346801757812,16,1.8238050937652588,0.4414367973804474,-77.89895629882812,1195.7664540565222,3670.496250398929,45.075646578506884,3.2843189341080428,0.02202639728784561,0.01903924159705639,-77.67475891113281,3,5.306860446929932,0.000387713749660179,4498.77099609375,10.942831039428711,45.075646578506884,3.2843189341080428
2946.96337890625,126.84100341796875,-8.673437118530273,0.04674280434846878,1862.9569091796875,69.46917724609375,-8.175506591796875,0.04049665480852127,2590.18896484375,128.13963317871094,-8.533329010009766,0.05372567102313042,81.91519165039062,65,2.2902212142944336,2.080839157104492,8.401933670043945,62.617950707219094,3671.5625609927747,45.075676958915366,3.3671739091530015,0.11301904916763306,0.11234327405691147,12.637516021728516,2,8.400616645812988,0.0006135860458016396,2489.883056640625,13.741327285766602,45.07567695891537,3.3671739091530077
2706.12255859375,51.7103271484375,-8.5808687210083,0.020751984789967537,2932.40673828125,71.41963958740234,-8.668060302734375,0.02644985169172287,2948.141357421875,58.945796966552734,-8.673871040344238,0.021713726222515106,552.7276611328125,18,1.3480489253997803,0.6348680853843689,-21.898752212524414,197.2049991785907,3254.8068946015023,45.045212949480025,3.357392354143844,0.02787597104907036,0.02463768795132637,-18.043699264526367,3,3.5904524326324463,0.00026231331867165864,2763.97998046875,8.088293075561523,45.04521294948001,3.3573923541438386
808039.25,548.5146484375,-14.76858139038086,0.0007372004329226911,625000.1875,420.63873291015625,-14.489700317382812,0.000730901665519923,784536.75,490.98883056640625,-14.736533164978027,0.0006796544184908271,35173.97265625,825,2.76155948638916,2.6673583984375,23.413795471191406,1417.2187506827215,3172.088896531849,45.03920964070843,3.268179858937861,0.0016548414714634418,0.001633188221603632,11.129859924316406,0,4.078694820404053,0.000298075785394758,805342.1875,16.56935691833496,45.039209640708414,3.2681798589378563
343.0229187011719,59.24185562133789,-6.338307857513428,0.1875578910112381,240.5267333984375,66.1651840209961,-5.952908515930176,0.29874178767204285,352.10662841796875,95.43550109863281,-6.366685390472412,0.2943510413169861,29.55626678466797,9,1.7957284450531006,0.5838831663131714,-80.65583801269531,87.53851296640852,3676.804020030162,45.07606146172867,3.3653513360212854,0.5434637665748596,0.5403644442558289,77.23222351074219,1,6.106787204742432,0.00044604428694583476,152.66049194335938,10.774370193481445,45.07606146172867,3.365351336021285
640.476318359375,85.70201873779297,-7.0162577629089355,0.1453174650669098,389.5214538574219,66.47545623779297,-6.476328372955322,0.18533597886562347,511.26165771484375,107.49298858642578,-6.771607875823975,0.22833198308944702,31.740930557250977,9,1.092947244644165,0.7045309543609619,-61.38917541503906,534.3733091511626,3727.630345413433,45.079798717469465,3.3326757950486443,0.34409958124160767,0.3426416516304016,88.28655242919922,2,4.42038631439209,0.0003228941932320595,578.30517578125,6.55768346786499,45.079798717469465,3.332675795048644
1022.1021118164062,99.42894744873047,-7.523735523223877,0.10564485937356949,662.15771484375,67.14179992675781,-7.052403450012207,0.11011877655982971,725.9915161132812,97.3070068359375,-7.152328968048096,0.1455601155757904,43.94658279418945,27,2.0892181396484375,1.3328901529312134,48.24015426635742,796.8776424504792,2836.0375156531186,45.014610475186394,3.3135926835242873,0.2371254861354828,0.23597484827041626,-66.71321868896484,0,9.993508338928223,0.000730366911739111,317.3955993652344,12.535308837890625,45.01461047518638,3.313592683524281
779.0281372070312,75.73683166503906,-7.228882789611816,0.10558052361011505,745.1561889648438,67.21024322509766,-7.1806182861328125,0.09795305132865906,808.38037109375,77.28489685058594,-7.269039630889893,0.1038266122341156,47.14686584472656,20,1.904467225074768,0.8792080879211426,-27.055374145507812,873.1139598589166,3165.508375713006,45.038711513044845,3.3079773936745065,0.18316154181957245,0.18127039074897766,-8.203018188476562,3,7.736451625823975,0.000565327878575772,455.4610900878906,11.426803588867188,45.038711513044845,3.3079773936745065
407.20294189453125,70.34748840332031,-6.524527072906494,0.18761497735977173,124.14447021484375,65.94784545898438,-5.234818458557129,0.5769033432006836,126.19808959960938,79.36891174316406,-5.252632141113281,0.6830106377601624,27.658552169799805,9,1.913474440574646,0.8508713245391846,33.62158966064453,1585.345378860582,3595.2519243886363,45.070156000142525,3.255834617538708,0.35691165924072266,0.35543110966682434,-74.96734619140625,2,7.627832412719727,0.0005573445232585073,-17.5669002532959,11.480846405029297,45.070156000142525,3.255834617538708
947.426513671875,96.41609191894531,-7.44136381149292,0.1105182021856308,598.2294921875,66.83065032958984,-6.942169666290283,0.12132147699594498,654.2610473632812,123.62980651855469,-7.039377689361572,0.20521162450313568,35.377685546875,22,1.6172528266906738,1.2016360759735107,-13.639898300170898,848.476793506535,3738.1928650019026,45.08058363437969,3.30970717976577,0.24252896010875702,0.24140748381614685,11.481046676635742,2,7.123447418212891,0.0005203759646974504,549.5834350585938,9.703516960144043,45.080583634379686,3.3097071797657645
2218.292236328125,113.10994720458984,-8.365046501159668,0.055374760180711746,1476.4769287109375,68.69654846191406,-7.92306661605835,0.05052869766950607,1592.54833984375,111.98184967041016,-8.005231857299805,0.07636332511901855,96.40032958984375,43,1.7994012832641602,1.5276340246200562,-76.33382415771484,603.3746166295361,4081.511044556914,45.10566709302711,3.3275822617730966,0.08981331437826157,0.08944658935070038,-12.853630065917969,0,5.790562152862549,0.0004229072364978492,1753.5252685546875,10.796407699584961,45.1056670930271,3.3275822617730917
782.05322265625,95.944091796875,-7.233090877532959,0.133232980966568,301.540771484375,66.34417724609375,-6.198365211486816,0.23893874883651733,575.9597778320312,143.76754760742188,-6.900980472564697,0.2710806727409363,31.389263153076172,9,1.6688872575759888,0.7319179177284241,11.365628242492676,599.0385850874117,3515.7428120551403,45.064311050380134,3.3279758325419917,0.7381440997123718,0.7344422936439514,-79.42008209228516,0,6.597562789916992,0.0004819883906748146,867.1207885742188,10.013323783874512,45.06431105038012,3.3279758325419855
5442.62890625,55.39265060424805,-9.339521408081055,0.01105282362550497,5547.7421875,76.39949035644531,-9.36029052734375,0.014955606311559677,6274.40869140625,61.58448791503906,-9.493931770324707,0.010659292340278625,1519.7548828125,16,1.962388038635254,0.31422290205955505,8.070819854736328,1109.4868952367854,3686.984314256968,45.07684923741991,3.2906267087474985,0.015559406951069832,0.012506836093962193,-0.6331779360771179,3,4.308614730834961,0.0003147746901959181,5967.43408203125,11.774328231811523,45.07684923741991,3.2906267087474985
302576.71875,363.8645324707031,-13.702088356018066,0.0013059725752100348,234812.5,262.96807861328125,-13.426802635192871,0.0012162185739725828,293845.96875,321.2762451171875,-13.670299530029297,0.001187377143651247,12819.5654296875,512,2.618159294128418,2.529452323913574,-33.30683135986328,411.3649718628239,3167.406803615538,45.038831593194374,3.341744606805412,0.0027362920809537172,0.002706065308302641,2.216879367828369,0,4.014206886291504,0.00029330028337426484,302119.78125,15.708955764770508,45.038831593194374,3.3417446068054115
449.83428955078125,73.5848388671875,-6.632631301879883,0.17765016853809357,14.819260597229004,65.66624450683594,-2.9270663261413574,4.812220096588135,-47.02428436279297,71.15576934814453,99.0,99.0,21.337478637695312,9,1.7241579294204712,0.8981972932815552,-37.67271041870117,119.8105370883553,3739.8282570578863,45.08067030115418,3.3629830299912817,0.3106359541416168,0.16651129722595215,-37.932952880859375,0,7.43766975402832,0.000543240166734904,-407.5207214355469,10.344947814941406,45.08067030115417,3.3629830299912755
5773.18798828125,166.07373046875,-9.403539657592773,0.03124029003083706,2670.515380859375,71.0081558227539,-8.566487312316895,0.028876394033432007,5199.2177734375,176.91819763183594,-9.28984546661377,0.03695424273610115,108.6967544555664,128,4.057710647583008,2.1981122493743896,-87.78604888916016,169.56995259701137,3700.436727269093,45.07779337389875,3.3593509479659796,0.10833177715539932,0.10590806603431702,-75.9188461303711,0,11.854105949401855,0.0008658407023176551,3153.16455078125,24.346263885498047,45.07779337389875,3.35935094796598
4212.24072265625,70.36205291748047,-9.061283111572266,0.018140746280550957,3223.4716796875,72.1469955444336,-8.770809173583984,0.02430660091340542,4436.39208984375,85.54717254638672,-9.117574691772461,0.020941393449902534,424.9768981933594,34,3.2270405292510986,0.5499011278152466,10.588253021240234,1123.9240783354758,3689.5442363048273,45.07703683846331,3.289570586533773,0.05730020999908447,0.05193374305963516,11.450034141540527,3,7.966281890869141,0.000581993954256177,3188.0654296875,19.36224365234375,45.07703683846329,3.289570586533768
1088.9832763671875,112.21865844726562,-7.59255313873291,0.11191123723983765,422.5753479003906,66.56987762451172,-6.564760208129883,0.17108164727687836,433.17498779296875,103.31996154785156,-6.591658592224121,0.25903037190437317,39.18787384033203,20,1.9836771488189697,1.6427958011627197,-87.96691131591797,1717.5956908857916,3718.6055638671837,45.07917666786832,3.246147482306331,0.33541667461395264,0.3348189890384674,66.29212188720703,2,10.814685821533203,0.0007901657372713089,195.08445739746094,11.902063369750977,45.079176667868325,3.2461474823063354
1725.9326171875,111.05284881591797,-8.092559814453125,0.06987722963094711,1155.1241455078125,68.07266235351562,-7.656571388244629,0.06399910151958466,1384.967041015625,110.17864990234375,-7.853598594665527,0.08639484643936157,61.44741439819336,44,2.4142632484436035,1.4763426780700684,32.94797897338867,230.47208977348149,3708.5391205266947,45.07838878100217,3.3548973745860526,0.1418115198612213,0.14066800475120544,14.964723587036133,0,8.090845108032227,0.0005909727769903839,988.1976928710938,14.485579490661621,45.07838878100217,3.354897374586052
5203.2421875,115.860107421875,-9.290684700012207,0.02418185956776142,4004.82177734375,73.60417175292969,-9.006458282470703,0.019959473982453346,4626.36181640625,114.91857147216797,-9.16309928894043,0.02697617933154106,227.10708618164062,73,1.9178096055984497,1.8339545726776123,-25.133543014526367,430.707713655478,3119.2284048431943,45.03530900791053,3.340336430103465,0.04193136468529701,0.04155939072370529,6.128554821014404,0,4.181868076324463,0.00030555936973541975,4099.58740234375,11.506857872009277,45.03530900791053,3.340336430103465
381.9727478027344,55.88941955566406,-6.455080986022949,0.1589011549949646,385.80767822265625,66.54515838623047,-6.4659271240234375,0.18731623888015747,409.37518310546875,76.00611114501953,-6.530303955078125,0.20163077116012573,46.49528121948242,10,1.4246606826782227,0.6098026037216187,-36.09934997558594,1607.16058086134,3650.573064162881,45.07420088678964,3.254232723942658,0.23926874995231628,0.23798751831054688,2.6876864433288574,2,5.551125526428223,0.0004055951430927962,383.3433532714844,8.547964096069336,45.074200886789626,3.2542327239426543
2623.111083984375,42.791202545166016,-8.547041893005371,0.01771607995033264,2929.732177734375,71.60647583007812,-8.667069435119629,0.026543255895376205,2907.92626953125,49.332618713378906,-8.658958435058594,0.018423859030008316,614.3005981445312,11,0.7886637449264526,0.6367507576942444,21.621667861938477,183.6453408355976,3446.310465830691,45.05921525313289,3.358357554977194,0.01829984225332737,0.017723707482218742,-1.4661860466003418,3,1.9058111906051636,0.00013922186917625368,2979.654052734375,4.731982231140137,45.05921525313289,3.358357554977194
1604.583251953125,107.5876235961914,-8.013405799865723,0.07281651347875595,1068.9964599609375,67.9229736328125,-7.5724406242370605,0.06900335848331451,1164.121826171875,107.1336669921875,-7.664996147155762,0.09994414448738098,71.84969329833984,38,2.116764783859253,1.5603617429733276,-3.7427167892456055,1755.718760077629,3651.8178187397402,45.07429497715168,3.243366396340428,0.12873974442481995,0.12838226556777954,-45.47105407714844,2,7.466107368469238,0.0005455277860164642,952.7576904296875,12.70058822631836,45.07429497715166,3.2433663963404205
3544.24560546875,105.11983489990234,-8.873809814453125,0.03220999613404274,2830.9228515625,71.4156494140625,-8.629819869995117,0.02739650569856167,3284.24951171875,110.61129760742188,-8.79109001159668,0.03657574579119682,158.72547912597656,63,1.892412781715393,1.790481686592102,19.098974227905273,1420.7702475585543,3295.1954625692942,45.048212506132266,3.2679062859801644,0.05654741823673248,0.056332845240831375,7.6404337882995605,0,4.325894355773926,0.0003161214990541339,3115.810302734375,11.354476928710938,45.048212506132266,3.267906285980165
1433.90869140625,103.96409606933594,-7.891303539276123,0.07873933017253876,1009.6680908203125,67.72624969482422,-7.510446548461914,0.072846420109272,1345.998046875,108.56015014648438,-7.822610855102539,0.08759026229381561,63.998409271240234,37,2.0824663639068604,1.6458964347839355,-27.877845764160156,243.3691694248119,3645.9095726162996,45.073811021345115,3.3539632861495545,0.18869198858737946,0.18830692768096924,-75.68274688720703,0,7.370567798614502,0.0005383813986554742,533.3645629882812,12.49479866027832,45.073811021345115,3.3539632861495545
683.405029296875,88.74266052246094,-7.086695194244385,0.14102110266685486,470.6315002441406,66.798095703125,-6.681702613830566,0.15413913130760193,765.850830078125,144.54476928710938,-7.210360527038574,0.20496892929077148,28.254383087158203,11,1.41103994846344,1.2563121318817139,-88.3270492553711,1624.2079166550757,3718.938057333844,45.07919901734893,3.2529780814423335,0.47827157378196716,0.47713324427604675,-26.47745132446289,2,7.962103366851807,0.0005817342316731811,791.237060546875,8.466239929199219,45.07919901734893,3.252978081442333
4915.14501953125,169.51878356933594,-9.228840827941895,0.037455130368471146,2227.88330078125,70.11750793457031,-8.369730949401855,0.03417935594916344,4246.39501953125,168.96214294433594,-9.070051193237305,0.043211448937654495,81.1337661743164,118,3.4204933643341064,2.4312028884887695,-61.36759567260742,104.42516996214316,3741.191197881005,45.080769113717054,3.3641075783854983,0.12124506384134293,0.12028873711824417,-53.627769470214844,0,10.455607414245605,0.0007636639638803899,3374.38134765625,20.522960662841797,45.080769113717054,3.3641075783854983
97318.3125,225.47047424316406,-12.470486640930176,0.0025160827208310366,38698.30859375,118.51603698730469,-11.469229698181152,0.0033259440679103136,93698.3046875,228.9054718017578,-12.429328918457031,0.002653104020282626,2156.059326171875,247,10.80504322052002,0.8470974564552307,89.94900512695312,2.28937303216229,3356.791160306817,45.05266027087161,3.371629088628827,0.014282009564340115,0.007911469787359238,89.94234466552734,59,16.10567283630371,0.0011765400413423777,62706.8828125,64.83026123046875,45.05266027087161,3.3716290886288265
2287.722412109375,137.66429138183594,-8.398508071899414,0.06535033136606216,1213.7725830078125,68.1159896850586,-7.710343360900879,0.06094549223780632,1882.55419921875,123.96027374267578,-8.186868667602539,0.07150968164205551,57.59847640991211,50,2.2731404304504395,1.9682618379592896,3.6206068992614746,1734.9131042873073,3221.3189815855303,45.042817255822854,3.2449348337839203,0.19080674648284912,0.1904643177986145,-12.451339721679688,2,8.709822654724121,0.0006365451845340431,1516.5838623046875,13.638842582702637,45.04281725582286,3.24493483378392
1035.8941650390625,90.75038146972656,-7.538288593292236,0.09513994306325912,803.0003662109375,67.5072021484375,-7.261789321899414,0.09129861742258072,916.5435791015625,87.85869598388672,-7.4053826332092285,0.10410257428884506,50.52177429199219,27,1.8171138763427734,1.2357367277145386,-42.268226623535156,1456.8558724992838,3711.5584230361346,45.078655617143305,3.265219061027924,0.19602996110916138,0.19524477422237396,-31.138233184814453,0,6.288880825042725,0.00045947186299599707,456.77398681640625,10.90268325805664,45.07865561714332,3.2652190610279286
567.217041015625,73.0389633178711,-6.884373188018799,0.1398411989212036,433.9258728027344,66.59342193603516,-6.593538761138916,0.1666654646396637,453.1293640136719,67.09526824951172,-6.640555381774902,0.16080498695373535,33.581825256347656,15,1.4233269691467285,0.9720805287361145,42.85895538330078,33.47087998368962,3652.6077879637937,45.07428972208652,3.3693074237085687,0.260349303483963,0.25839802622795105,39.436710357666016,0,7.026398658752441,0.0005132137448526919,45.386695861816406,8.539961814880371,45.07428972208652,3.3693074237085687
3653.1142578125,45.67972946166992,-8.906658172607422,0.013579697348177433,4601.84912109375,74.62405395507812,-9.157330513000488,0.017610685899853706,4645.4462890625,61.4149055480957,-9.16756820678711,0.014357412233948708,850.6031494140625,11,1.3737322092056274,0.4969833791255951,-0.3420223295688629,419.4324429997169,3560.364563661916,45.067565493674174,3.3411025148202738,0.01556587778031826,0.01451436523348093,4.812041282653809,3,2.7331745624542236,0.00019966122636105865,4544.3935546875,8.242393493652344,45.067565493674174,3.3411025148202733
2320.9912109375,57.891300201416016,-8.414183616638184,0.02708754502236843,2226.909912109375,70.33555603027344,-8.369256973266602,0.034300629049539566,2381.522705078125,69.11563873291016,-8.442136764526367,0.031517475843429565,294.0350646972656,23,1.9247562885284424,0.6481631398200989,-15.796210289001465,171.06697140433303,3449.4064081998467,45.05944097668014,3.3592767573055253,0.048441797494888306,0.044883210211992264,-14.631832122802734,3,6.580235004425049,0.0004806921351701021,2175.61181640625,11.548538208007812,45.05944097668015,3.359276757305532
832.3308715820312,89.22513580322266,-7.3007402420043945,0.11641824245452881,584.3059692382812,66.77616882324219,-6.916600704193115,0.12411121279001236,597.340087890625,69.89185333251953,-6.940554141998291,0.12706756591796875,45.03728103637695,16,1.5019272565841675,0.971908688545227,-17.06398582458496,719.306485740468,3677.3824728658897,45.07613324399908,3.3191603920585937,0.26557525992393494,0.2631145715713501,-16.027372360229492,2,5.697845935821533,0.00041623611468821764,386.1885986328125,9.011563301086426,45.07613324399908,3.3191603920585937
3867.454345703125,146.2582550048828,-8.968563079833984,0.04107002913951874,2056.795654296875,69.902587890625,-8.282978057861328,0.03690897300839424,3462.883544921875,151.1276397705078,-8.848594665527344,0.047395359724760056,100.23332214355469,87,2.964501142501831,2.224306344985962,17.550613403320312,1465.288122876986,3617.1726255733893,45.071755728940516,3.2646133214760535,0.12612800300121307,0.1255084127187729,20.640663146972656,2,9.451181411743164,0.0006905484478920698,2215.681396484375,17.787006378173828,45.071755728940516,3.264613321476053
5675.93994140625,117.58197021484375,-9.38509464263916,0.022497422993183136,4464.36328125,74.55357360839844,-9.124399185180664,0.018135886639356613,5311.92138671875,116.47862243652344,-9.313129425048828,0.023813564330339432,229.9459686279297,81,1.9715228080749512,1.8938267230987549,-86.79108428955078,1756.1894937775176,3609.120002872222,45.07117347562005,3.2433366628251914,0.03912109136581421,0.03906626999378204,19.4738712310791,2,4.356344223022461,0.0003183133085258305,5393.3935546875,11.829136848449707,45.071173475620036,3.243336662825187
21840.71484375,152.79800415039062,-10.848167419433594,0.007597674150019884,17389.677734375,95.50651550292969,-10.600728988647461,0.0059644621796905994,21092.033203125,144.96653747558594,-10.810296058654785,0.007464129012078047,1004.3824462890625,149,2.1601402759552,2.139737844467163,-8.42639446258545,444.7223993725111,3627.227240882816,45.07245486740004,3.339244337330363,0.012872956693172455,0.012809979729354382,-21.3599796295166,0,3.943528175354004,0.0002880704705603421,21626.201171875,12.96084213256836,45.07245486740004,3.3392443373303635
1171.75537109375,82.2242202758789,-7.672092437744141,0.07620660960674286,982.4029541015625,67.74667358398438,-7.480724334716797,0.07489074021577835,1104.06005859375,88.63837432861328,-7.607481956481934,0.08718843758106232,55.434326171875,28,1.5900698900222778,1.4283428192138672,-67.22402954101562,926.0785225745234,3562.3711532625334,45.06773287546173,3.304054899355236,0.1407521814107895,0.1404791921377182,-9.216580390930176,0,6.570007801055908,0.00047999894013628364,1038.9310302734375,9.540419578552246,45.067732875461715,3.3040548993552306
1276.361572265625,117.38713836669922,-7.764934062957764,0.09987956285476685,628.1603393554688,67.07183837890625,-6.995176315307617,0.11595767736434937,906.6124877929688,118.96472930908203,-7.393554210662842,0.1425037682056427,44.63762664794922,21,1.78877592086792,1.1042157411575317,-31.15522003173828,389.05257624743894,3577.8401036931687,45.06884171440289,3.343321387853524,0.33081451058387756,0.32987508177757263,-87.21519470214844,2,7.303308963775635,0.0005335054593160748,590.3598022460938,10.73265552520752,45.06884171440291,3.3433213878535293
1618.8236083984375,91.17366027832031,-8.022998809814453,0.06116453558206558,1355.4698486328125,68.55306243896484,-7.830224514007568,0.05492459237575531,1590.2198486328125,95.87735748291016,-8.003643035888672,0.06547699123620987,72.54877471923828,37,1.772674798965454,1.5124841928482056,13.014466285705566,245.74989835646298,3560.837779382712,45.06759177805106,3.353801091797718,0.12133204191923141,0.12089021503925323,-40.59690475463867,0,6.537611484527588,0.0004775596607942134,1190.93310546875,10.636049270629883,45.067591778051046,3.353801091797712
539.8941040039062,76.0330581665039,-6.830771446228027,0.15294091403484344,380.722900390625,66.43134307861328,-6.451522350311279,0.1894932985305786,398.4647521972656,68.25180053710938,-6.500974655151367,0.18601760268211365,29.000778198242188,14,1.3364216089248657,1.0247607231140137,-89.77442932128906,309.21032359327796,3504.515001453096,45.0634770512386,3.3491690606234323,0.2812177538871765,0.2799359858036041,-80.36238861083984,0,6.990204334259033,0.0005106432363390923,397.1459655761719,8.018529891967773,45.06347705123859,3.3491690606234266
595.8396606445312,82.2556381225586,-6.937823295593262,0.14992225170135498,355.1633605957031,66.45570373535156,-6.376070499420166,0.20320479571819305,321.4833068847656,87.90005493164062,-6.2678961753845215,0.29693442583084106,26.635982513427734,15,2.2552602291107178,1.0096713304519653,-56.6359748840332,486.90599671526076,3579.54256870719,45.068970651689305,3.3361664584981234,0.45458027720451355,0.4527917206287384,-30.17038345336914,0,9.03182315826416,0.0006597882020287216,-134.69215393066406,13.531560897827148,45.068970651689305,3.3361664584981234
737.2605590820312,89.58175659179688,-7.169052600860596,0.13195577263832092,191.13548278808594,66.06201171875,-5.703353404998779,0.3753533363342285,111.97959899902344,70.16011047363281,-5.122847080230713,0.6804264187812805,36.01613235473633,10,2.8279130458831787,0.5622040629386902,41.326416015625,1571.2368667097062,2837.6524554069942,45.01475182887081,3.2569490394439558,0.39621761441230774,0.3948426842689514,62.453102111816406,0,7.53690767288208,0.000550916010979563,-1249.6893310546875,16.967477798461914,45.01475182887081,3.2569490394439558
908.0967407226562,93.31037902832031,-7.395330429077148,0.11159060895442963,592.9683837890625,66.76838684082031,-6.932579040527344,0.12228386104106903,656.7705688476562,76.45431518554688,-7.043534278869629,0.12642069160938263,39.682586669921875,20,1.445844292640686,1.156980037689209,-7.781868934631348,74.8169117307117,3567.714481695803,45.068085722638834,3.366296943917967,0.23069734871387482,0.2294142246246338,-11.81174087524414,2,5.930220603942871,0.0004331714299041778,522.509521484375,8.675065994262695,45.068085722638834,3.366296943917967
5916.51904296875,148.10499572753906,-9.43016529083252,0.027185246348381042,3389.63623046875,72.34585571289062,-8.825383186340332,0.023178769275546074,5473.14501953125,153.2339324951172,-9.345592498779297,0.0304051972925663,135.28086853027344,116,3.4923014640808105,1.904952883720398,21.661752700805664,763.4242161867088,3554.241204904275,45.067132420443514,3.3159503692809467,0.07513036578893661,0.07340084761381149,25.38412857055664,0,8.26668643951416,0.0006039384170435369,4343.99169921875,20.953807830810547,45.06713242044351,3.3159503692809413
422.17889404296875,71.62821197509766,-6.563741207122803,0.1842542141675949,243.45156860351562,66.1712875366211,-5.966031551361084,0.29517996311187744,292.7796630859375,68.66536712646484,-6.166352272033691,0.25469866394996643,21.404052734375,9,1.4251344203948975,0.7925313711166382,26.878767013549805,1972.8021444324688,3669.732394893329,45.07560838195922,3.227485251673094,0.552505373954773,0.551750659942627,36.322509765625,0,6.341220855712891,0.0004633478238247335,173.8397216796875,8.550806045532227,45.07560838195922,3.227485251673094
2790.144287109375,48.20261001586914,-8.614067077636719,0.018761765211820602,3843.186767578125,73.20654296875,-8.961729049682617,0.02068655751645565,4024.213134765625,68.04403686523438,-9.011702537536621,0.018362801522016525,477.0939025878906,15,2.0865776538848877,0.4912213981151581,-77.84928894042969,1195.0145089739508,3673.6165544897926,45.075874664996604,3.284373545997937,0.04048547148704529,0.03486890718340874,-81.09654998779297,3,6.0369696617126465,0.0004410537949297577,3341.774658203125,12.519466400146484,45.075874664996576,3.2843735459979277
2278.623046875,139.7479248046875,-8.394181251525879,0.0666043683886528,1130.7757568359375,68.04846954345703,-7.63344144821167,0.06535392999649048,1790.9676513671875,156.59872436523438,-8.132719039916992,0.09495772421360016,62.784141540527344,56,2.9288482666015625,1.8556692600250244,74.54678344726562,1996.005456510742,3524.6122534230963,45.06499919517246,3.2258031275419485,0.19005440175533295,0.18818823993206024,68.86093139648438,2,11.773397445678711,0.0008603431633673608,1992.6282958984375,17.573089599609375,45.06499919517245,3.225803127541945
498.781494140625,72.47746276855469,-6.744775772094727,0.15780562162399292,305.6202392578125,66.30091094970703,-6.212955474853516,0.23559564352035522,276.6883239746094,80.7008285522461,-6.104977130889893,0.31675025820732117,30.29871940612793,13,1.8767616748809814,1.0467585325241089,-57.476383209228516,1232.3098852286707,3588.3418895457426,45.06964158952376,3.2816562876351854,0.3352922797203064,0.3330940306186676,79.65357208251953,0,8.38501262664795,0.0006126314983703196,331.43890380859375,11.260570526123047,45.069641589523734,3.281656287635175
795.1327514648438,87.8350601196289,-7.251099109649658,0.11996597796678543,614.052001953125,66.94029998779297,-6.970512866973877,0.11838926374912262,743.6670532226562,90.47815704345703,-7.178446292877197,0.132128044962883,37.04899978637695,21,1.7878849506378174,1.2722797393798828,-88.8908920288086,699.9460533560468,3624.160120299905,45.07224161532644,3.3205830454928353,0.2850634455680847,0.2846081554889679,-54.16838455200195,0,9.027070045471191,0.0006594564183615148,646.681884765625,10.727310180664062,45.07224161532644,3.3205830454928353
463.93280029296875,70.73147583007812,-6.6661376953125,0.16557221114635468,333.95550537109375,66.33404541015625,-6.3092217445373535,0.21571367979049683,375.7380676269531,75.37786102294922,-6.437212944030762,0.2178654819726944,35.124664306640625,12,1.4572759866714478,1.136893391609192,88.13146209716797,1934.260825164188,3595.1972584012365,45.070158764154286,3.2303124666068923,0.35143375396728516,0.34984520077705383,43.16073226928711,0,7.695215702056885,0.0005623023607768118,-72.91413116455078,8.743656158447266,45.070158764154286,3.2303124666068928
375.2467346191406,66.74046325683594,-6.435792446136475,0.1931532919406891,79.97576904296875,65.67259216308594,-4.757396221160889,0.8917756080627441,103.88947296142578,65.72286224365234,-5.041429042816162,0.6870284676551819,25.261533737182617,9,1.5580984354019165,0.812275230884552,-0.7931587100028992,891.8040489360096,3532.3608389759584,45.06553753482537,3.3065651308016633,0.4421100914478302,0.43956881761550903,-89.92083740234375,0,6.716984748840332,0.0004907410475425422,-418.91546630859375,9.348590850830078,45.06553753482537,3.3065651308016637
626.1078491210938,86.23738098144531,-6.9916229248046875,0.1495809257030487,410.1991882324219,66.56998443603516,-6.532486915588379,0.1762436479330063,479.2271728515625,80.51553344726562,-6.701353549957275,0.18246015906333923,24.624359130859375,15,1.705325722694397,1.1256968975067139,62.63094711303711,597.6064973119073,3632.541609586758,45.07285012023748,3.328065098194239,0.4425571858882904,0.4415527284145355,52.10811233520508,0,8.28808879852295,0.0006054553086869419,162.49241638183594,10.231954574584961,45.07285012023749,3.3280650981942443
557.1224365234375,81.84175872802734,-6.864876747131348,0.15953432023525238,78.33210754394531,65.77359771728516,-4.734849452972412,0.9118883013725281,128.05953979492188,64.4557113647461,-5.268529891967773,0.5466121435165405,28.29030990600586,9,1.9539433717727661,0.6430552005767822,71.73471069335938,1899.2086782703177,3571.960627847735,45.068459368553704,3.232879021683203,0.4281342327594757,0.4243643879890442,-79.84724426269531,0,6.692495346069336,0.000489034631755203,-185.26153564453125,11.723660469055176,45.068459368553704,3.232879021683203
573.9843139648438,77.34999084472656,-6.897250175476074,0.14634910225868225,385.76177978515625,66.54505920410156,-6.4657979011535645,0.18733824789524078,417.864501953125,71.96222686767578,-6.55258846282959,0.18702468276023865,32.553924560546875,15,1.763796091079712,0.874980092048645,-55.9674186706543,1669.479983268679,3645.215866484044,45.073810591473894,3.249675069540724,0.310806542634964,0.3090256154537201,-49.301597595214844,0,7.42470121383667,0.0005424960982054472,87.22218322753906,10.58277702331543,45.073810591473894,3.2496750695407237
44148.0390625,282.0897521972656,-11.612278938293457,0.00693914107978344,14854.2861328125,91.7109146118164,-10.4296293258667,0.006705004256218672,42101.44140625,292.7253112792969,-11.560742378234863,0.007550803013145924,450.94146728515625,532,5.786157131195068,3.87874698638916,-87.51322937011719,1249.9134935904783,3607.0052624683844,45.0710065702288,3.280366595900144,0.028216727077960968,0.026577090844511986,75.76618194580078,3,10.679655075073242,0.0007802788750268519,42740.3828125,34.716941833496094,45.0710065702288,3.280366595900144
340.3047180175781,56.1754150390625,-6.329669952392578,0.17927022278308868,173.645751953125,65.99943542480469,-5.599160194396973,0.4127678871154785,266.8996887207031,48.895320892333984,-6.06587028503418,0.1989523470401764,33.78068923950195,9,1.9243515729904175,0.3418527841567993,-61.757713317871094,719.1382830241122,3525.8443450598634,45.065054527354924,3.3191924385526237,0.4172245264053345,0.41213133931159973,-67.1144790649414,0,4.818040370941162,0.0003519929596222937,-115.3000717163086,11.546109199523926,45.0650545273549,3.319192438552613
526.7178344726562,79.84406280517578,-6.803945064544678,0.16462448239326477,301.4947204589844,66.26642608642578,-6.198199272155762,0.2386951893568039,364.73675537109375,84.48464965820312,-6.404948711395264,0.25155219435691833,26.20314598083496,12,1.914000153541565,1.112343668937683,48.63164138793945,1317.509429658364,3636.9775014310476,45.073199704023054,3.2754193074509934,0.5960091352462769,0.5931073427200317,49.636009216308594,1,8.731428146362305,0.0006379352998919785,-128.64816284179688,11.484001159667969,45.07319970402304,3.2754193074509885
5835.15576171875,53.52204513549805,-9.415131568908691,0.009961163625121117,5814.85498046875,76.90314483642578,-9.411347389221191,0.014362665824592113,5803.48046875,61.92095947265625,-9.409221649169922,0.011587212793529034,1256.8792724609375,13,1.645350456237793,0.3948482871055603,77.87466430664062,1187.6242116182195,3628.837080268361,45.07260079058182,3.2849194726011612,0.020360568538308144,0.016472646966576576,75.49945831298828,0,4.787344932556152,0.00034976567258127034,5442.63623046875,9.872102737426758,45.07260079058182,3.2849194726011617
6144.94287109375,118.5150146484375,-9.471294403076172,0.020945239812135696,4807.12255859375,75.04874420166016,-9.204712867736816,0.01695461943745613,5816.21142578125,121.39337921142578,-9.411600112915039,0.022666508331894875,277.8881530761719,89,2.0877530574798584,1.9022258520126343,-57.45514678955078,187.25882342302447,3626.184932414438,45.07236620930837,3.3580682602430305,0.03671440854668617,0.036518920212984085,31.953603744506836,0,4.161480903625488,0.0003039734438061714,5537.12646484375,12.526517868041992,45.07236620930837,3.3580682602430305
2652.04541015625,161.0506134033203,-8.558952331542969,0.0659494623541832,1009.4500732421875,67.64973449707031,-7.510211944580078,0.07277984172105789,1884.7723388671875,141.12054443359375,-8.18814754486084,0.08131322264671326,45.591529846191406,35,3.2371585369110107,1.8307749032974243,-44.275779724121094,1628.2452788714347,3639.978729844312,45.073426838933926,3.252691721506664,0.24339793622493744,0.24269822239875793,-35.76701354980469,2,13.84080696105957,0.001011293032206595,941.8756713867188,19.422950744628906,45.073426838933926,3.2526917215066633
11746.8095703125,224.53515625,-10.174799919128418,0.02075841836631298,3803.466796875,73.22538757324219,-8.950448989868164,0.020907972007989883,10420.1005859375,231.13583374023438,-10.044679641723633,0.024089356884360313,110.36442565917969,248,4.710277080535889,3.2452423572540283,-22.465986251831055,1273.8832924119931,3602.7613867585783,45.0706970008513,3.278614048340651,0.08315111696720123,0.08183503150939941,-18.165571212768555,3,12.913137435913086,0.0009434685343876481,10603.578125,28.261661529541016,45.0706970008513,3.278614048340651
1331.1568603515625,106.08184814453125,-7.810573101043701,0.0865449383854866,987.4898681640625,67.65564727783203,-7.486331462860107,0.07440485060214996,1182.0374755859375,101.81828308105469,-7.681578159332275,0.0935458093881607,45.65094757080078,35,1.97246253490448,1.555931568145752,-66.81295013427734,1206.1892545849726,3439.8295838082768,45.0587824930093,3.283584400093027,0.21066907048225403,0.21013222634792328,-52.64840316772461,0,7.733199596405029,0.0005650492967106402,808.1654052734375,11.8347749710083,45.0587824930093,3.283584400093027
1135.9298095703125,105.00147247314453,-7.638378620147705,0.1003861278295517,759.1019897460938,67.28992462158203,-7.200750350952148,0.09626750648021698,790.91162109375,106.65147399902344,-7.245319843292236,0.14644303917884827,39.71920394897461,30,2.078033924102783,1.5920274257659912,66.39183807373047,941.4651716537003,3516.6004704016036,45.06438702346721,3.302935415549745,0.22442622482776642,0.223033145070076,79.55376434326172,0,10.896878242492676,0.0007961381343193352,737.5816650390625,12.4682035446167,45.06438702346721,3.3029354155497455
3514.572265625,56.37652587890625,-8.864681243896484,0.017420301213860512,3261.17236328125,72.19535827636719,-8.783434867858887,0.024041708558797836,5416.6904296875,96.46454620361328,-9.334335327148438,0.019340313971042633,380.41522216796875,21,2.2163026332855225,0.5195202231407166,75.53585815429688,1496.1830365441588,3288.5733706797305,45.04773015473429,3.2623908368853733,0.06709201633930206,0.060380853712558746,75.4271011352539,2,6.403296947479248,0.0004679389821831137,4352.8642578125,13.297815322875977,45.04773015473429,3.262390836885373
2212.3271484375,52.53712463378906,-8.362123489379883,0.02578972838819027,1944.7501220703125,69.4835433959961,-8.222159385681152,0.03880145028233528,2503.75830078125,75.29206085205078,-8.496480941772461,0.03265777602791786,302.47894287109375,19,3.1111886501312256,0.5321722030639648,1.4506198167800903,200.352164750459,3445.944688101846,45.059189352103495,3.3571361273818536,0.05091226473450661,0.04679635167121887,3.758200168609619,3,7.692687034606934,0.0005619626608677208,1586.1123046875,18.667131423950195,45.05918935210348,3.357136127381848
1363.902587890625,115.49177551269531,-7.836958408355713,0.09195969998836517,825.2626342773438,67.29817962646484,-7.291480541229248,0.08856067806482315,1146.6712646484375,131.56097412109375,-7.648597240447998,0.12459997832775116,45.41044235229492,36,1.9303231239318848,1.6249116659164429,33.13026809692383,949.2438604317873,2840.638515276323,45.014952463088306,3.302447879194487,0.2390972226858139,0.2387092411518097,52.971675872802734,0,7.898617267608643,0.0005772815784439445,1002.5568237304688,11.581938743591309,45.0149524630883,3.302447879194481
7646.75,73.76509094238281,-9.70869255065918,0.010476200841367245,7364.67236328125,79.61620330810547,-9.66788387298584,0.011740263551473618,7990.71728515625,88.23360443115234,-9.756464004516602,0.01199162658303976,945.0648193359375,33,1.8685569763183594,0.8826820850372314,10.1200590133667,180.60404077039408,3448.014180016038,45.059339667508276,3.358579675493358,0.013725491240620613,0.012753219343721867,34.94880294799805,3,5.68805456161499,0.0004155187343712896,8032.822265625,11.211341857910156,45.059339667508276,3.3585796754933583
797.61572265625,89.35840606689453,-7.254484176635742,0.12166664749383926,512.8800659179688,66.7569580078125,-6.7750396728515625,0.14135479927062988,501.8865051269531,104.64913177490234,-6.751513957977295,0.22644354403018951,40.1700439453125,21,2.1355550289154053,1.5180202722549438,19.938919067382812,774.1767791225062,3639.6440914370696,45.07337653673935,3.3151530524521524,0.28167033195495605,0.2799759805202484,-20.142765045166016,0,10.552183151245117,0.0007708771736361086,230.18092346191406,12.813329696655273,45.07337653673935,3.3151530524521524
2135.581298828125,132.92103576660156,-8.323790550231934,0.06759388744831085,1218.676513671875,68.27692413330078,-7.714721202850342,0.060843661427497864,2225.305908203125,133.97569274902344,-8.368474006652832,0.0653831884264946,51.70906066894531,56,2.697391986846924,1.9345005750656128,-87.82437896728516,1873.6958933864953,3573.0909052203865,45.068541569385076,3.234745167116997,0.21175453066825867,0.2112390100955963,77.32937622070312,2,10.322710990905762,0.0007542989915236831,1663.361328125,16.18435287475586,45.068541569385076,3.234745167116996
4279.9248046875,161.0106964111328,-9.078590393066406,0.040855299681425095,2088.556396484375,69.89167785644531,-8.299615859985352,0.03634202480316162,3941.25927734375,175.6894073486328,-8.989087104797363,0.04841059073805809,90.60266876220703,104,3.374842405319214,2.4588005542755127,-32.76350402832031,1245.8536416413547,3552.5575805659832,45.0670257721145,3.2806700329932488,0.1302213966846466,0.12989439070224762,-29.703092575073242,3,12.436514854431152,0.0009086643694899976,4002.879150390625,20.249053955078125,45.067025772114484,3.280670032993244
9044.5419921875,168.12652587890625,-9.890966415405273,0.02018735744059086,5260.2724609375,75.85543060302734,-9.302520751953125,0.015660597011446953,8326.923828125,167.46578979492188,-9.8012113571167,0.021840941160917282,211.8205108642578,153,3.164212226867676,2.4849693775177,-11.222315788269043,1266.5700495460562,3551.1074080243543,45.06692035009876,3.2791550711886184,0.04711369052529335,0.046512965112924576,-35.138309478759766,0,5.679146766662598,0.00041494451579637825,7672.853515625,18.985273361206055,45.06692035009875,3.2791550711886135
1620.23486328125,48.2792854309082,-8.023944854736328,0.03236031159758568,1988.9248046875,69.74376678466797,-8.246545791625977,0.03808174282312393,3922.451171875,86.21954345703125,-8.983893394470215,0.0238714050501585,208.07623291015625,16,1.9349455833435059,0.4797619581222534,36.02233123779297,1393.902717598482,3517.013411166499,45.06443116220134,3.269846095522997,0.05879112705588341,0.017929797992110252,36.98821258544922,3,5.7411932945251465,0.0004194956854917109,3857.299560546875,11.609673500061035,45.06443116220134,3.2698460955229964
353.85491943359375,62.89197540283203,-6.372063159942627,0.19301889836788177,390.7687072753906,66.58123779296875,-6.479799270629883,0.18503841757774353,437.9232177734375,108.98509216308594,-6.603495121002197,0.2702706754207611,34.97871398925781,9,1.4395036697387695,0.6515924334526062,-56.98064041137695,1823.5541750320228,3403.13207162349,45.0561141065925,3.2384311988965635,0.4135149121284485,0.41188883781433105,-56.22536849975586,0,5.473831653594971,0.00040001541492529213,485.1148376464844,8.637022018432617,45.056114106592496,3.23843119889656
464.6337890625,74.470703125,-6.667777061462402,0.17406220734119415,125.04326629638672,65.8716049194336,-5.242650985717773,0.5720945000648499,124.3304443359375,64.44772338867188,-5.236443519592285,0.5629371404647827,22.7818603515625,9,1.5771026611328125,0.7659503817558289,-77.7107162475586,385.83188475131936,3463.055318037083,45.060449383577456,3.3435724331571732,0.4765618145465851,0.4752506911754608,-67.29463195800781,0,6.560567855834961,0.00047927635023370385,-368.2438049316406,9.462615966796875,45.06044938357747,3.3435724331571786
719.8434448242188,79.65040588378906,-7.143095016479492,0.12016548961400986,530.0106201171875,66.71525573730469,-6.81071138381958,0.1367005854845047,535.0805053710938,75.66924285888672,-6.821047782897949,0.15357838571071625,39.564632415771484,19,1.550769567489624,1.064780592918396,49.74937057495117,137.58507257668984,3529.5518846604346,45.065298962059664,3.3617134615216377,0.1989387571811676,0.19810356199741364,50.17884063720703,0,5.553910255432129,0.0004056981415487826,472.3506164550781,9.304616928100586,45.06529896205966,3.3617134615216315
1436.831298828125,115.5479507446289,-7.893514633178711,0.08733458817005157,724.7202758789062,67.11711120605469,-7.150425910949707,0.10057560354471207,840.1068115234375,103.44852447509766,-7.310836315155029,0.13372716307640076,53.19855499267578,29,2.3586878776550293,1.290570855140686,60.21885299682617,628.6993937796435,3586.728174603991,45.06950211252385,3.325797643465764,0.20543646812438965,0.20433494448661804,59.9314079284668,0,9.353046417236328,0.00068327272310853,61.316951751708984,14.152127265930176,45.06950211252384,3.3257976434657586
794.6981201171875,87.41499328613281,-7.250505447387695,0.11945754289627075,609.3258056640625,66.90489959716797,-6.962123870849609,0.11924445629119873,583.2463989257812,80.69375610351562,-6.914629936218262,0.150251105427742,38.183311462402344,21,1.5059353113174438,1.2378524541854858,-86.91727447509766,351.7924474355277,3486.16166835762,45.06213720553249,3.346058158028797,0.20936323702335358,0.20930516719818115,2.383765935897827,0,6.949832439422607,0.0005077039822936058,379.224609375,9.035612106323242,45.06213720553249,3.346058158028797
499.0887756347656,76.91255187988281,-6.745444297790527,0.16735906898975372,274.408203125,66.23587036132812,-6.095992565155029,0.2621355950832367,117.40463256835938,93.73184967041016,-5.17421293258667,0.8670253157615662,35.19595718383789,12,1.8520320653915405,1.3811348676681519,36.06210708618164,45.02996405387651,2829.8858749584147,45.01412739407894,3.3685758530126706,0.37432360649108887,0.3710460960865021,65.02655792236328,0,9.000569343566895,0.0006576823652721941,-150.5171661376953,11.112192153930664,45.01412739407894,3.368575853012671
1545.05810546875,108.80228424072266,-7.972362041473389,0.07647562026977539,1063.0064697265625,67.9107894897461,-7.56633996963501,0.06937974691390991,1196.909423828125,109.55169677734375,-7.69515323638916,0.09940028935670853,50.385345458984375,40,2.0364370346069336,1.6868841648101807,84.84323120117188,1183.5531116227353,3568.541203626769,45.0681924915743,3.2852245134757134,0.16829852759838104,0.1679258942604065,-39.61543273925781,0,8.25797176361084,0.0006033498793840408,578.349609375,12.218622207641602,45.06819249157431,3.2852245134757183
618.841796875,81.73786926269531,-6.978949069976807,0.1434410661458969,516.0618896484375,66.78924560546875,-6.781754493713379,0.14055119454860687,844.4707641601562,130.5878448486328,-7.316461563110352,0.16793760657310486,30.932680130004883,10,1.6880542039871216,0.9016936421394348,-46.74723815917969,105.83521457693517,3515.634834319729,45.06427980972239,3.364036625259115,0.5460294485092163,0.5453174114227295,-88.88258361816406,2,7.373116970062256,0.0005385858239606023,724.2265625,10.128325462341309,45.06427980972239,3.3640366252591156
575.91796875,82.31686401367188,-6.900901794433594,0.15522369742393494,293.45599365234375,66.4049301147461,-6.168857574462891,0.24574638903141022,143.2426300048828,80.47213745117188,-5.390180587768555,0.6101028919219971,26.478116989135742,14,2.0843982696533203,0.955636203289032,10.43409252166748,1011.0679322939584,3427.2581427787973,45.057857061162345,3.2978562743199276,0.2477024793624878,0.2474219799041748,-6.92436408996582,0,8.443717956542969,0.0006169450934976339,-91.69164276123047,12.506389617919922,45.05785706116233,3.297856274319923
290682.90625,363.3843688964844,-13.658548355102539,0.0013576148776337504,225851.234375,258.318603515625,-13.38455581665039,0.0012421184219419956,281683.75,316.140625,-13.624404907226562,0.001218844554387033,12582.0703125,519,2.6437463760375977,2.535189390182495,5.0404744148254395,1170.4291886330727,3522.82386373907,45.06484959858579,3.2861898495032684,0.002800473477691412,0.0027605153154581785,5.354498386383057,0,4.026642799377441,0.0002942037826869637,289875.375,15.862478256225586,45.06484959858579,3.2861898495032684
209381.0,314.6896667480469,-13.302343368530273,0.0016322062583640218,163742.65625,222.55825805664062,-13.035404205322266,0.0014760862104594707,203247.78125,277.3209228515625,-13.270064353942871,0.0014817899791523814,9268.5341796875,429,2.532266139984131,2.4687750339508057,15.676159858703613,1412.3921374209626,3455.2927737509976,45.059918907816176,3.2685008745368296,0.0032979734241962433,0.0032538955565541983,10.174135208129883,0,3.9730052947998047,0.00029030878795310855,209294.5,15.193596839904785,45.05991890781617,3.268500874536825
854.89208984375,96.6261215209961,-7.32977819442749,0.12274761497974396,548.1653442382812,66.95820617675781,-6.847279071807861,0.13265451788902283,602.082275390625,100.60296630859375,-6.949139595031738,0.1814616173505783,42.26527786254883,22,1.790685772895813,1.2870107889175415,-32.83143615722656,1952.782582171236,3380.2365867193143,45.05444219844633,3.228980030483868,0.2587701678276062,0.2582380771636963,14.803023338317871,3,7.422591209411621,0.0005424449336715043,586.4131469726562,10.744114875793457,45.05444219844633,3.228980030483868
9438.74609375,127.16890716552734,-9.937285423278809,0.014631756581366062,7488.9580078125,79.8959732055664,-9.686053276062012,0.011585994623601437,9122.1826171875,130.1412353515625,-9.900246620178223,0.01549337338656187,438.3336181640625,109,2.169818162918091,2.0168988704681396,81.93272399902344,2020.5038456432378,3502.0015035862034,45.063346408013096,3.2240133163712796,0.024747811257839203,0.02472066879272461,-27.02301788330078,0,3.8944668769836426,0.0002845933777280152,9032.0224609375,13.018909454345703,45.063346408013096,3.2240133163712796
696.6694946289062,72.69558715820312,-7.107566833496094,0.11332117766141891,497.3995666503906,66.80204772949219,-6.741763591766357,0.14585261046886444,506.64697265625,74.47381591796875,-6.761763572692871,0.15963494777679443,42.12496566772461,18,1.5541630983352661,1.0571621656417847,66.51258850097656,1327.9933001552706,3524.639625778004,45.0649869593752,3.2746658157098625,0.21736694872379303,0.2152133285999298,49.60511016845703,0,7.662911415100098,0.0005599018186330795,106.11003112792969,9.324978828430176,45.0649869593752,3.2746658157098625
1234.8779296875,115.1028823852539,-7.729060173034668,0.10122597962617874,509.3990478515625,66.77546691894531,-6.767645359039307,0.14236021041870117,965.305908203125,164.70286560058594,-7.461662292480469,0.1852959841489792,39.80066680908203,17,2.0318241119384766,1.2209179401397705,38.5034065246582,178.30252885254865,3013.6330996041092,45.027574194978925,3.3588067251723808,0.4393867254257202,0.43750259280204773,5.4796833992004395,2,9.429361343383789,0.0006889750366099179,1016.7197875976562,12.19094467163086,45.02757419497891,3.358806725172374
61605.1875,357.15020751953125,-11.974042892456055,0.006295981351286173,-81.29692840576172,61.30856704711914,99.0,99.0,24324.4140625,457.8074645996094,-10.965106010437012,0.020439501851797104,129.59487915039062,734,108.66487121582031,0.5836766958236694,-89.98690032958984,3.0,3132.66122712343,45.036270478390975,3.371608225349501,0.5544750094413757,0.003433238947764039,-89.99270629882812,51,47.80741500854492,0.003492786083370447,-858342.75,651.9892578125,45.036270478390975,3.3716082253495006
138463.15625,450.0747375488281,-12.8533353805542,0.0035300450399518013,43539.6640625,127.83190155029297,-11.597212791442871,0.003188482252880931,133882.4375,440.3831787109375,-12.816808700561523,0.0035722097381949425,1647.8807373046875,1372,8.551497459411621,5.560240268707275,11.557989120483398,529.1267170955161,3454.0266509011594,45.059795691807196,3.3330960225585446,0.014181667938828468,0.013880295678973198,-3.1479201316833496,0,6.549249649047852,0.0004784677876159549,135821.28125,51.308982849121094,45.05979569180721,3.33309602255855
4767.29541015625,77.17475128173828,-9.195680618286133,0.01758057251572609,3461.926025390625,72.62565612792969,-8.848294258117676,0.02278253808617592,4567.31640625,92.49813842773438,-9.149152755737305,0.02199387364089489,578.1566162109375,41,2.9934206008911133,0.7488179802894592,-3.0836563110351562,190.76172511752006,3446.364729671744,45.05921958054723,3.3578372515682693,0.03277504816651344,0.030730823054909706,-2.5404560565948486,3,8.006956100463867,0.0005849191802553833,4314.427734375,17.96052360534668,45.059219580547236,3.3578372515682755
565.9848022460938,80.99781799316406,-6.882011890411377,0.15541695058345795,388.974365234375,66.55172729492188,-6.474802494049072,0.18580962717533112,378.2945556640625,82.45081329345703,-6.444575309753418,0.23669804632663727,29.895551681518555,14,1.6303505897521973,1.2395234107971191,55.879554748535156,312.8925036559399,3435.512841084727,45.05843213874211,3.3489092415135326,0.3850077688694,0.3834880292415619,-70.73681640625,0,8.505242347717285,0.0006213411688804626,17.09004020690918,9.782103538513184,45.05843213874211,3.348909241513532
519.7721557617188,77.15034484863281,-6.789532661437988,0.16119615733623505,306.2429504394531,66.25041961669922,-6.215165138244629,0.23493750393390656,302.9397277832031,79.67585754394531,-6.203390598297119,0.28562772274017334,27.35797691345215,13,1.9393186569213867,0.9409623742103577,62.362220764160156,1281.1057105532523,3457.9494000897457,45.06010956680411,3.2781029698954516,0.3556380271911621,0.3541242778301239,56.869956970214844,0,8.079209327697754,0.0005903349374420941,133.33721923828125,11.63591194152832,45.06010956680411,3.278102969895451
791.9658813476562,97.92921447753906,-7.246766090393066,0.1342875063419342,426.1643981933594,66.44829559326172,-6.573943138122559,0.16933102905750275,454.4527893066406,93.77067565917969,-6.643722057342529,0.2240825742483139,26.75513458251953,18,2.081167221069336,1.2492374181747437,-25.8310546875,1663.7106929075826,3505.7902946152267,45.06361702322315,3.2501125749821878,0.3487243950366974,0.3474433720111847,-39.46405029296875,0,9.65445613861084,0.0007054681773297489,158.9730224609375,12.487003326416016,45.06361702322315,3.2501125749821873
1679.2711181640625,117.53166961669922,-8.0628023147583,0.07600880414247513,1061.3004150390625,67.6794662475586,-7.564595699310303,0.069254569709301,1335.81640625,115.07113647460938,-7.814366817474365,0.09355121850967407,46.23482894897461,44,2.403243064880371,1.6254551410675049,30.411191940307617,848.0964162892196,3470.4792001639776,45.06101149500672,3.3097692182405782,0.18533101677894592,0.1847250908613205,27.565752029418945,0,9.779383659362793,0.0007144957198761404,1068.642578125,14.419458389282227,45.06101149500672,3.3097692182405782
822.2473754882812,95.51419830322266,-7.287506103515625,0.12615232169628143,551.0729370117188,66.86160278320312,-6.853022575378418,0.131764218211174,556.5301513671875,120.7095947265625,-6.86372184753418,0.2355498969554901,39.210025787353516,21,1.8605154752731323,1.2794015407562256,-51.82644271850586,1209.1327840508384,3548.1251081618198,45.06670061687785,3.283356191387312,0.23650839924812317,0.2353573888540268,-64.69371795654297,0,7.1989054679870605,0.0005259799654595554,785.4918823242188,11.163092613220215,45.06670061687785,3.2833561913873117
529.4690551757812,69.59382629394531,-6.809601306915283,0.14274469017982483,434.9311828613281,66.51814270019531,-6.596051216125488,0.16609224677085876,459.2712707519531,76.65850830078125,-6.655173301696777,0.1812679022550583,29.88809585571289,9,1.4968433380126953,0.7292558550834656,78.80567169189453,764.806589870749,3437.9036472131866,45.05862651293066,3.3158641759458662,0.33894458413124084,0.3376847207546234,25.20635223388672,2,6.232635974884033,0.00045536490506492555,398.9958190917969,8.981060028076172,45.05862651293066,3.3158641759458662
3993.026123046875,73.31745147705078,-9.003255844116211,0.01994045451283455,2348.992919921875,70.38003540039062,-8.427204132080078,0.032538507133722305,4053.569580078125,91.25889587402344,-9.019594192504883,0.02444935403764248,337.1268310546875,37,3.7554566860198975,0.5820703506469727,-18.611154556274414,163.48820320760584,3451.8098875830024,45.05961632200937,3.359830521174376,0.09073609113693237,0.0849609375,-18.074613571166992,3,8.84811782836914,0.0006463606841862202,2503.706787109375,22.532739639282227,45.05961632200938,3.359830521174382
659.2980346679688,84.65767669677734,-7.047704219818115,0.13944867253303528,374.5212097167969,66.41844940185547,-6.433691024780273,0.19259370863437653,387.7699279785156,67.59835815429688,-6.471435546875,0.1893179714679718,32.27349853515625,10,1.3635174036026,1.008955478668213,17.896793365478516,1294.6041597042652,3432.645258746543,45.05825976536308,3.277118662090034,0.3901173770427704,0.38948941230773926,-33.644309997558594,2,6.580317974090576,0.0004808209487237036,229.26206970214844,8.18110466003418,45.05825976536308,3.277118662090034
3743.611083984375,61.96076202392578,-8.933226585388184,0.017974460497498512,3059.913818359375,71.88099670410156,-8.714273452758789,0.025511424988508224,4161.00927734375,83.57515716552734,-9.047996520996094,0.021812645718455315,465.7946472167969,26,2.7112064361572266,0.6617943048477173,-13.846090316772461,150.89850011860398,3455.8254727715503,45.05990927821946,3.36075041470289,0.05097337067127228,0.04623878747224808,-12.707058906555176,3,8.010740280151367,0.0005851871101185679,3283.486572265625,16.26723861694336,45.05990927821944,3.360750414702884
1010.9451293945312,86.62220764160156,-7.511818885803223,0.09305323660373688,754.2319946289062,67.30542755126953,-7.193762302398682,0.09691143035888672,851.369873046875,90.64240264892578,-7.325295925140381,0.11562266200780869,50.65250015258789,26,1.7346752882003784,1.4149278402328491,54.59586715698242,1789.7729175780714,3474.5161780028025,45.06133294379094,3.2408947154628236,0.1834951639175415,0.1830407679080963,72.43890380859375,0,7.8319315910339355,0.0005723152426071465,750.84033203125,10.408051490783691,45.06133294379094,3.2408947154628236
113986.6328125,255.11697387695312,-12.642134666442871,0.00243060989305377,89005.59375,169.9472198486328,-12.373542785644531,0.0020736076403409243,110505.2734375,224.76205444335938,-12.608457565307617,0.0022088682744652033,5074.36962890625,343,2.4974679946899414,2.435962438583374,17.365123748779297,353.3080287394237,3348.9291960699034,45.052103110915006,3.3459658374642487,0.004614152014255524,0.004578638356178999,-8.533716201782227,0,3.9825384616851807,0.0002909556496888399,113631.9140625,14.984807968139648,45.052103110914985,3.345965837464237
2519.962890625,110.01190948486328,-8.503485679626465,0.047410592436790466,1838.300537109375,69.44485473632812,-8.161041259765625,0.04102545604109764,1932.0546875,105.71111297607422,-8.215048789978027,0.05941978096961975,107.82684326171875,51,2.0958211421966553,1.5601868629455566,59.460357666015625,14.420260382356494,3380.1003668145663,45.05436528730992,3.3707389381979787,0.0799834355711937,0.07971955090761185,87.81564331054688,2,6.535122394561768,0.0004773948749061674,-1903.0806884765625,12.574926376342773,45.05436528730991,3.3707389381979724
419.7500305175781,70.71842193603516,-6.557476997375488,0.18296653032302856,243.3914794921875,66.27483367919922,-5.965763568878174,0.2957148253917694,202.76629638671875,73.32528686523438,-5.767489433288574,0.39272433519363403,24.3482666015625,10,1.4520196914672852,1.1162476539611816,-29.238616943359375,2019.9318731163835,3739.2754296671715,45.08069283649215,3.2240303556709438,0.36863473057746887,0.3660067319869995,-20.83647346496582,0,7.610549449920654,0.0005560798454098403,-25.56439781188965,8.712118148803711,45.08069283649215,3.2240303556709433
1755.8424072265625,97.56094360351562,-8.111213684082031,0.060342080891132355,1271.2591552734375,68.2324447631836,-7.760585308074951,0.05828901007771492,1599.7879638671875,105.276123046875,-8.01015567779541,0.0714656412601471,79.27168273925781,41,2.0437326431274414,1.5893223285675049,41.850616455078125,1060.5629182817856,3455.5296946092917,45.059925869582095,3.294233059360432,0.12283959984779358,0.1224004328250885,20.731769561767578,0,7.262861728668213,0.000530662655364722,1194.82666015625,12.262395858764648,45.059925869582095,3.294233059360432
382.04119873046875,62.885841369628906,-6.455275535583496,0.17876088619232178,279.0690002441406,66.21967315673828,-6.114278793334961,0.2576945722103119,248.61705017089844,79.5816421508789,-5.988827228546143,0.34762564301490784,33.56972122192383,10,1.7247220277786255,1.1363584995269775,57.73104476928711,1067.9174661870456,3477.6967066409843,45.061546886190975,3.293692490143286,0.8838187456130981,0.8823472261428833,68.74166107177734,0,8.375090599060059,0.0006119217723608017,-399.0462951660156,10.348332405090332,45.061546886190975,3.293692490143286
846.7274780273438,94.93125915527344,-7.319359302520752,0.12175741046667099,348.2471618652344,66.41549682617188,-6.354719161987305,0.2071150541305542,369.9512939453125,129.09170532226562,-6.420361518859863,0.3789514899253845,43.85420227050781,22,3.8667423725128174,1.2927026748657227,46.19905090332031,876.5673599307329,3165.589037178532,45.03871753678422,3.307724818343468,0.26727285981178284,0.2653726041316986,71.91207885742188,3,13.403890609741211,0.0009794667130336165,-1934.93896484375,23.200454711914062,45.03871753678422,3.307724818343468
4334.09521484375,168.66778564453125,-9.092246055603027,0.04226331040263176,1947.3546142578125,69.68602752685547,-8.223612785339355,0.038862477988004684,3697.50732421875,160.69261169433594,-8.919772148132324,0.04719724878668785,69.3253402709961,101,3.292337417602539,2.3086752891540527,-16.470911026000977,1392.845912017124,3432.89134529549,45.058280447748324,3.2699331064675397,0.14053261280059814,0.13923603296279907,-25.23310089111328,2,10.841548919677734,0.0007922020740807056,3295.0439453125,19.754024505615234,45.058280447748324,3.2699331064675397
5119.91650390625,105.02831268310547,-9.273157119750977,0.02227785252034664,4302.896484375,74.39242553710938,-9.084402084350586,0.018775764852762222,4890.505859375,109.89910888671875,-9.223384857177734,0.02440451644361019,249.99635314941406,71,1.890807867050171,1.723397970199585,13.523283958435059,507.47101281596565,3340.2303594368245,45.051474009357925,3.3346944801816782,0.03863418474793434,0.03846781700849533,7.209751605987549,0,4.098068714141846,0.00029940815875306726,4620.1865234375,11.344846725463867,45.051474009357925,3.3346944801816787
88355.25,354.0240173339844,-12.365580558776855,0.004351411946117878,24992.302734375,105.93124389648438,-10.994515419006348,0.004603070672601461,85019.015625,363.96368408203125,-12.323790550231934,0.004649131093174219,899.4892578125,843,9.341506958007812,3.518550395965576,43.636962890625,137.67999917557202,3407.8584135090405,45.05640141124707,3.36172350005268,0.0236110370606184,0.022034641355276108,43.44905471801758,0,8.578825950622559,0.0006266990676522255,76429.234375,56.049041748046875,45.05640141124707,3.36172350005268
4251.775390625,205.90138244628906,-9.071425437927246,0.05259189009666443,1149.0084228515625,68.08546447753906,-7.650807857513428,0.06435184180736542,3036.1767578125,290.26153564453125,-8.705817222595215,0.10382268577814102,49.556697845458984,80,3.509263515472412,2.962718963623047,66.737548828125,489.05126519411056,3449.892004184353,45.059491620740246,3.336026916042799,0.25787633657455444,0.2574193775653839,1.5965920686721802,3,19.3268985748291,0.0014119535917416215,3575.87060546875,21.055580139160156,45.05949162074023,3.3360269160427927
1686.78662109375,133.08059692382812,-8.06765079498291,0.08568097651004791,788.7693481445312,67.35078430175781,-7.242374897003174,0.09273047000169754,1158.0203857421875,130.91903686523438,-7.659290313720703,0.1227768287062645,54.29002380371094,38,2.5724451541900635,1.9571843147277832,-62.30127716064453,1560.3967498633401,3324.4966014719653,45.05035860387562,3.257689759522484,0.2618235945701599,0.2612849473953247,-55.352088928222656,2,12.086450576782227,0.0008832457824610174,412.83489990234375,15.434671401977539,45.050358603875615,3.25768975952248
529.8850708007812,68.89905548095703,-6.810454368591309,0.141208678483963,495.5259704589844,66.69532012939453,-6.737666130065918,0.14617016911506653,459.5440368652344,72.63533020019531,-6.655817985534668,0.171652689576149,35.717647552490234,14,1.5821881294250488,0.9817957878112793,1.531309723854065,1509.4473223356617,3000.296941561462,45.026647401190615,3.261452066519526,0.2684207260608673,0.2662419080734253,-12.603322982788086,0,7.449173927307129,0.0005444518756121397,470.258056640625,9.493128776550293,45.026647401190615,3.2614520665195266
1070.3131103515625,105.38885498046875,-7.573777198791504,0.10693347454071045,648.896484375,67.01215362548828,-7.030438423156738,0.11215224117040634,738.0252685546875,88.06621551513672,-7.170177936553955,0.12958893179893494,38.52228546142578,23,1.9185969829559326,1.1886606216430664,-31.914512634277344,1947.9715571922354,3377.6040060148957,45.05424962317354,3.229332255075773,0.23528341948986053,0.23399946093559265,-12.944466590881348,3,9.038782119750977,0.0006605569506064057,471.905517578125,11.511581420898438,45.054249623173554,3.2293322550757773
5095.6220703125,103.13813781738281,-9.267992973327637,0.02198122628033161,4269.82275390625,74.14604187011719,-9.076025009155273,0.0188585352152586,4993.44091796875,111.96126556396484,-9.245999336242676,0.02434992976486683,251.8407440185547,69,1.8186352252960205,1.799602746963501,57.67987060546875,1537.9654029468509,2842.1978304475283,45.015083551417796,3.259382617994037,0.03998734802007675,0.03979511559009552,-85.5000228881836,0,4.15389347076416,0.0003036294656340033,4674.6474609375,10.911811828613281,45.015083551417796,3.2593826179940373
356.3704528808594,63.47041702270508,-6.379754066467285,0.19341915845870972,343.16796875,66.50823974609375,-6.338767051696777,0.21047402918338776,306.5086364746094,78.04985809326172,-6.21610689163208,0.2765408158302307,27.02495002746582,9,1.5954978466033936,0.7267376780509949,-47.68407440185547,633.1200661866744,3413.3164331614153,45.05682346624197,3.3254970453997066,0.43005117774009705,0.42754581570625305,-53.41205596923828,0,6.426037311553955,0.00046948721865192056,169.5362548828125,9.572986602783203,45.05682346624197,3.3254970453997066
529.3754272460938,70.42098999023438,-6.8094096183776855,0.1444668471813202,482.51995849609375,66.66838073730469,-6.7087883949279785,0.15004946291446686,478.25299072265625,71.48025512695312,-6.69914436340332,0.16231483221054077,37.858177185058594,14,1.4302729368209839,1.1002542972564697,59.53366470336914,437.76994033005116,3439.2805152378683,45.05871344324528,3.339778003005729,0.2556285262107849,0.25483644008636475,50.54881286621094,0,7.498071193695068,0.0005477784434333444,263.4226989746094,8.581637382507324,45.05871344324528,3.339778003005729
435.7430725097656,70.20472717285156,-6.598076343536377,0.1749708503484726,307.6929931640625,66.1756820678711,-6.220293998718262,0.2335665374994278,261.9873352050781,73.4367446899414,-6.045700550079346,0.3044128119945526,28.84504508972168,11,2.443509101867676,0.6723315715789795,41.402915954589844,1257.6712152209284,2847.1268944376006,45.01543678185534,3.279886659473481,0.5947337746620178,0.5929841995239258,49.01960372924805,0,7.662549018859863,0.0005600625881925225,-516.4849853515625,14.661054611206055,45.01543678185534,3.279886659473481
631.107177734375,84.21514892578125,-7.000257968902588,0.14491619169712067,446.5948181152344,66.64544677734375,-6.624783992767334,0.16206403076648712,482.2939758300781,81.05192565917969,-6.708279609680176,0.18250775337219238,31.477338790893555,16,1.6355595588684082,1.216156005859375,60.34506607055664,275.7200763819442,3020.7039153775863,45.0280960611319,3.3516824975664314,0.361113965511322,0.3603062033653259,-85.13651275634766,0,8.437674522399902,0.0006165286176837981,105.98958587646484,9.81335735321045,45.02809606113188,3.3516824975664252
3404.181884765625,94.17173767089844,-8.830032348632812,0.030042609199881554,2899.5498046875,71.5482406616211,-8.655826568603516,0.026797743514180183,3296.519775390625,102.15728759765625,-8.79513931274414,0.03365452587604523,160.2636260986328,54,1.8506181240081787,1.5832023620605469,77.53275299072266,1490.3369441364887,2846.7469396659394,45.0154151759548,3.2628664656898847,0.05346862971782684,0.053193721920251846,1.1629105806350708,0,4.353929042816162,0.0003182474465575069,2991.119140625,11.103708267211914,45.0154151759548,3.262866465689885
4705.52001953125,161.87643432617188,-9.181519508361816,0.03735991194844246,2373.777099609375,70.64764404296875,-8.438599586486816,0.032321203500032425,4411.86181640625,196.55630493164062,-9.111555099487305,0.048383235931396484,95.19036865234375,111,3.255643606185913,2.449404716491699,83.44902038574219,1242.3449602060286,3564.4590753825096,45.06789580406636,3.280925223943596,0.11302927881479263,0.11218289285898209,87.9585952758789,3,10.211938858032227,0.0007461222121492028,5108.9462890625,19.53386116027832,45.067895804066346,3.280925223943592
3310.054443359375,60.479225158691406,-8.799588203430176,0.019842706620693207,2023.1954345703125,69.76240539550781,-8.265094757080078,0.03744668886065483,4597.70166015625,93.92414855957031,-9.156352043151855,0.022185351699590683,298.991455078125,15,2.4999306201934814,0.4151635766029358,30.135540008544922,1385.1283300611462,3511.620619697808,45.064036641427336,3.2704884861455366,0.06155945360660553,0.011566851288080215,26.46790885925293,3,6.075380802154541,0.0004439145850483328,3859.740234375,14.999584197998047,45.064036641427336,3.270488486145536
340.5220947265625,57.11396026611328,-6.3303632736206055,0.1821490079164505,487.357177734375,66.72986602783203,-6.719618320465088,0.148697167634964,442.4326477050781,66.43045043945312,-6.614617824554443,0.16306090354919434,31.349084854125977,9,1.4713367223739624,0.8479032516479492,79.5461654663086,1151.9344733447,3485.226196301933,45.06210009261605,3.2875470004734693,0.28042155504226685,0.27964454889297485,-54.04885482788086,2,6.668372631072998,0.00048722795327194035,377.5302429199219,8.828020095825195,45.06210009261605,3.2875470004734697
1841.62744140625,99.90631866455078,-8.163004875183105,0.05891433730721474,1468.1605224609375,68.62982940673828,-7.916934013366699,0.05076556280255318,1782.0654296875,101.78932189941406,-8.12730884552002,0.06203094497323036,80.93126678466797,43,1.790226697921753,1.6531238555908203,-32.24631881713867,1022.3128110573275,3368.6056912267354,45.05356874920433,3.297041035572602,0.12831313908100128,0.1277010142803192,10.651444435119629,0,5.831765651702881,0.0004261152644176036,1519.3583984375,10.74135971069336,45.053568749204324,3.2970410355725965
1104.5074462890625,106.09603118896484,-7.607921600341797,0.10431825369596481,716.7606201171875,67.20296478271484,-7.138435363769531,0.10182258486747742,842.8771362304688,100.50697326660156,-7.31441068649292,0.12949760258197784,39.61344909667969,29,1.8385571241378784,1.636698842048645,-82.70953369140625,842.1417967060298,2822.7880201494695,45.013642906379076,3.310283621682725,0.25768205523490906,0.2564428448677063,86.6159896850586,0,10.390411376953125,0.0007593868649564683,796.0231323242188,11.031342506408691,45.013642906379076,3.3102836216827254
453.05120849609375,73.04194641113281,-6.640368461608887,0.17508739233016968,231.3537139892578,66.19790649414062,-5.910691261291504,0.31074032187461853,284.21697998046875,83.32936096191406,-6.134125232696533,0.3184035122394562,28.500852584838867,11,2.1552271842956543,0.9439939856529236,62.86854934692383,1740.051768208994,3439.7078446426294,45.05878689580045,3.244535573522473,0.520641565322876,0.5194479823112488,-86.27595520019531,0,8.53414535522461,0.0006236354820430279,-649.915771484375,12.931363105773926,45.05878689580045,3.2445355735224726
385.6006774902344,68.08453369140625,-6.465344429016113,0.19175226986408234,283.00189208984375,66.30557250976562,-6.1294732093811035,0.2544430196285248,261.52825927734375,61.337791442871094,-6.043796539306641,0.25470608472824097,24.899723052978516,9,0.9983617067337036,0.9839096069335938,24.014062881469727,1218.0257575730998,2845.813747313436,45.01533957371779,3.2827868702579934,0.3884451687335968,0.3876486122608185,-42.70126724243164,0,5.908212184906006,0.0004318334104027599,267.7164306640625,5.990170478820801,45.015339573717775,3.2827868702579885
5124.12158203125,55.60454559326172,-9.274048805236816,0.011784758418798447,5032.4208984375,75.53040313720703,-9.25444221496582,0.01629951409995556,5111.37255859375,63.13715744018555,-9.271344184875488,0.013414586894214153,1082.0445556640625,17,1.6544766426086426,0.4456632435321808,-49.35059356689453,913.8864841421507,3446.1120474858485,45.059232243094236,3.3049610494251485,0.018721098080277443,0.01566985622048378,-48.91234588623047,0,4.483455181121826,0.0003275764174759388,4689.9599609375,9.926859855651855,45.059232243094236,3.3049610494251485
1689.8411865234375,94.28533172607422,-8.06961441040039,0.06059378385543823,1369.791015625,68.63194274902344,-7.841635704040527,0.05441289395093918,1490.2628173828125,94.37908172607422,-7.933156967163086,0.0687769204378128,81.31591796875,39,1.6946425437927246,1.5402400493621826,-38.076351165771484,1978.9351266269355,3035.538462900546,45.029234483466325,3.2271015573034365,0.10854647308588028,0.10813657194375992,87.47346496582031,0,5.497858047485352,0.0004018591425847262,1341.5802001953125,10.167855262756348,45.029234483466325,3.227101557303436
2006.802978515625,48.28516387939453,-8.256261825561523,0.026129962876439095,1850.4171142578125,69.34530639648438,-8.168173789978027,0.04069839417934418,2139.70751953125,50.64365768432617,-8.325885772705078,0.02570398524403572,333.5162658691406,16,2.218641519546509,0.29408136010169983,0.7322325110435486,1114.5537906649322,3688.001602794117,45.07692376740206,3.2902560362077886,0.05308698117733002,0.046777788549661636,2.5824553966522217,3,4.7978620529174805,0.0003505178610794246,1893.10302734375,13.311849594116211,45.07692376740203,3.290256036207779
461.6094665527344,74.15597534179688,-6.66068696975708,0.17446216940879822,215.44271850585938,66.16471099853516,-5.833329677581787,0.33352193236351013,244.74537658691406,76.83155822753906,-5.971786022186279,0.34092196822166443,29.644723892211914,11,2.1502397060394287,0.8249102234840393,16.962793350219727,1586.556738032396,3592.326806589179,45.06994217428738,3.2557463452904294,0.5155613422393799,0.5126349925994873,29.893104553222656,2,7.964475154876709,0.0005819433135911822,-233.17225646972656,12.901437759399414,45.06994217428738,3.255746345290429
735.7384033203125,89.26055908203125,-7.166808605194092,0.13175466656684875,541.6061401367188,66.842041015625,-6.834208965301514,0.1340281367301941,629.4340209960938,92.64892578125,-6.99737548828125,0.15985271334648132,31.117029190063477,19,1.968639850616455,1.290339469909668,-3.4970288276672363,1314.7970074521108,2917.9106657251427,45.020616181155,3.275700079247102,0.34668874740600586,0.3463302552700043,-66.15091705322266,1,9.542445182800293,0.0006974492571316659,251.92047119140625,11.81183910369873,45.020616181155,3.275700079247102
431.69842529296875,72.353515625,-6.587951183319092,0.18201576173305511,287.8497314453125,66.3674087524414,-6.147914409637451,0.2503910958766937,385.54168701171875,150.87051391601562,-6.465178489685059,0.4249744713306427,23.511098861694336,9,1.9294441938400269,0.8962647914886475,77.18014526367188,562.6198638543375,3394.704860457827,45.05545963775299,3.330654714393156,0.7858458161354065,0.784270167350769,76.15936279296875,0,7.863227844238281,0.0005744853406213224,536.3092651367188,11.576664924621582,45.055459637752975,3.3306547143931504
4164.17626953125,165.97132873535156,-9.048822402954102,0.043284639716148376,1817.83251953125,69.52767944335938,-8.148884773254395,0.04153686389327049,3252.40283203125,151.2191925048828,-8.780510902404785,0.05049314349889755,70.88782501220703,95,3.5791354179382324,1.8678241968154907,52.04534912109375,712.5290356811307,3374.908979725039,45.0540183242499,3.319695117698075,0.1457120180130005,0.1436353325843811,48.293968200683594,2,11.775403022766113,0.0008603449095971882,2353.405517578125,21.474811553955078,45.05401832424988,3.3196951176980645
870.1837768554688,88.67527770996094,-7.349027633666992,0.11066783219575882,623.00537109375,67.11238861083984,-6.986229419708252,0.11698783934116364,613.0499267578125,83.8725814819336,-6.9687395095825195,0.14857782423496246,34.05419158935547,23,1.72320556640625,1.197008490562439,-73.82981872558594,132.4877867590284,2874.6645266915307,45.01740728205421,3.3621750140585918,0.2187296599149704,0.21797820925712585,-89.63215637207031,3,8.593424797058105,0.0006279317894950509,536.0879516601562,10.3392333984375,45.01740728205421,3.3621750140585918
651.5140991210938,82.65996551513672,-7.034809589385986,0.13778477907180786,504.4255065917969,66.76517486572266,-6.756992816925049,0.14374171197414398,499.7596130371094,84.1969985961914,-6.746902942657471,0.18296384811401367,32.65662384033203,17,1.5650726556777954,1.3056789636611938,53.38249969482422,273.7821035492133,3389.9162989152114,45.05509631803046,3.3517750240676265,0.3291451632976532,0.32805943489074707,39.93391799926758,0,8.553047180175781,0.0006248420686461031,260.55230712890625,9.390436172485352,45.05509631803046,3.3517750240676265
6054.06982421875,53.13201904296875,-9.455118179321289,0.009531005285680294,6021.6689453125,77.25144958496094,-9.449292182922363,0.013932195492088795,6072.6005859375,57.51371765136719,-9.458436965942383,0.01028552744537592,1547.4635009765625,12,1.0378893613815308,0.4463694095611572,-17.80158805847168,906.3873596113892,3389.3228997472697,45.0550796003572,3.305516523023618,0.011600506491959095,0.009432602673768997,-30.29498863220215,0,3.240691900253296,0.0002367824490647763,5993.09912109375,6.2273359298706055,45.0550796003572,3.3055165230236176
1408.6275634765625,127.48599243164062,-7.87199068069458,0.09828700870275497,427.2789611816406,66.63117218017578,-6.576778888702393,0.16935411095619202,582.5166015625,108.37922668457031,-6.913270950317383,0.20205405354499817,34.135066986083984,15,3.4519028663635254,1.0266671180725098,72.2114028930664,1559.870500965877,3359.5288739470866,45.05292028349418,3.2577243793806585,0.40686047077178955,0.40667569637298584,14.901650428771973,2,11.279901504516602,0.00082428939640522,-724.9786376953125,20.71141815185547,45.05292028349419,3.257724379380663
1790.875732421875,135.2678680419922,-8.13266372680664,0.08202741295099258,680.0767211914062,67.12753295898438,-7.081394672393799,0.10719452798366547,947.3087158203125,109.6286849975586,-7.441228866577148,0.12567894160747528,35.18391799926758,23,2.198190689086914,1.6048166751861572,-53.73660659790039,1921.0236408125197,3268.768022595152,45.04629059846417,3.231314868137052,0.29711753129959106,0.2959566116333008,-71.2065658569336,2,11.253889083862305,0.0008224803023040295,749.3214111328125,13.189144134521484,45.04629059846417,3.231314868137052
449.7178955078125,73.57748413085938,-6.632350444793701,0.17767837643623352,-29.18440055847168,65.66121673583984,99.0,99.0,49.84701156616211,64.28791046142578,-4.244097709655762,1.4006190299987793,19.895357131958008,9,1.9012283086776733,0.6687667369842529,60.95368194580078,576.355504240089,3338.918812537594,45.051381066866654,3.3296575623010756,0.3888111412525177,0.3376582860946655,-0.652083158493042,0,6.732724189758301,0.0004919061320833862,-340.57452392578125,11.407369613647461,45.051381066866654,3.329657562301075
8524.1767578125,68.52603912353516,-9.826631546020508,0.008730377070605755,9148.0263671875,82.6933364868164,-9.903318405151367,0.009816867299377918,9241.6220703125,93.44194030761719,-9.9143705368042,0.010980534367263317,969.7593383789062,24,1.6396105289459229,1.0921567678451538,6.883419036865234,1492.0018821822089,2919.446069783029,45.02073311973515,3.262736932014799,0.017871953547000885,0.017058996483683586,23.068523406982422,3,5.596103668212891,0.00040902840555645525,8581.966796875,9.837663650512695,45.020733119735134,3.2627369320147945
5595.376953125,65.59564208984375,-9.369573593139648,0.012731379829347134,5287.5068359375,75.92760467529297,-9.308127403259277,0.015594756230711937,5283.93896484375,61.4533805847168,-9.307394027709961,0.012630420736968517,1422.8642578125,17,1.3945759534835815,0.461431622505188,21.737375259399414,2023.9344371612824,3345.153866452309,45.05187797143079,3.2237783944997194,0.013923720456659794,0.011965498328208923,27.411718368530273,0,3.0223164558410645,0.00022087838442530483,5319.17333984375,8.36745548248291,45.051877971430805,3.2237783944997225
28496.34765625,157.7755584716797,-11.13697338104248,0.006012849509716034,22817.9375,103.02416229248047,-10.89569091796875,0.004903345834463835,27849.685546875,151.8336944580078,-11.112051010131836,0.005920763127505779,1322.6986083984375,163,2.19288969039917,2.162801504135132,-17.320941925048828,1601.3135370134185,3302.3245999805213,45.04873820540915,3.254699176425637,0.010747796855866909,0.010663890279829502,12.472558975219727,0,3.936821699142456,0.0002876980579458177,28239.396484375,13.15733814239502,45.048738205409165,3.254699176425641
2801.214111328125,63.89345932006836,-8.618365287780762,0.024770794436335564,2289.62109375,70.28785705566406,-8.399409294128418,0.03333853557705879,3889.7373046875,122.02772521972656,-8.974801063537598,0.03406967967748642,313.8522644042969,28,2.6640050411224365,0.5884902477264404,29.344669342041016,1402.5810564464973,3521.745981544854,45.06477740621613,3.2692108062805056,0.09957753866910934,0.09376168996095657,29.7254695892334,3,7.483822345733643,0.0005468251765705645,3397.454345703125,15.984029769897461,45.06477740621611,3.2692108062804968
559.8787231445312,80.08231353759766,-6.870234966278076,0.15533612668514252,333.67498779296875,66.46269989013672,-6.308309078216553,0.21631377935409546,370.04669189453125,80.32804107666016,-6.4206414222717285,0.235743910074234,30.180984497070312,14,1.7242854833602905,1.1193022727966309,77.39442443847656,1646.1097739040158,3507.084663467429,45.063711282881435,3.2513998807187736,0.3712048828601837,0.370167076587677,83.69806671142578,1,8.310491561889648,0.0006072600372135639,154.7861328125,10.345712661743164,45.06371128288142,3.2513998807187696
7104.23388671875,62.5569953918457,-9.628792762756348,0.009562874212861061,6877.09228515625,78.874755859375,-9.593512535095215,0.012455552816390991,6912.29345703125,68.23026275634766,-9.599055290222168,0.010719751007854939,2612.1611328125,20,1.1722594499588013,0.7844693660736084,-48.607513427734375,1721.1470765932086,3332.7425479990375,45.050965090225006,3.245929989029151,0.009426264092326164,0.007891424931585789,-44.80548858642578,0,2.4960219860076904,0.0001824072824092582,6665.15966796875,7.033556938171387,45.050965090225006,3.2459299890291513
1180.53759765625,99.36463165283203,-7.68019962310791,0.09140750020742416,707.0554809570312,67.18301391601562,-7.123633861541748,0.10318958014249802,210.183837890625,96.57215881347656,-5.8064985275268555,0.49897921085357666,44.81982421875,31,1.8835420608520508,1.4669404029846191,76.37738037109375,11.393167687723059,3702.6684700033743,45.07794806162399,3.3709141383865617,0.14982642233371735,0.14730337262153625,30.067241668701172,16,9.95438289642334,0.0007270532660186291,-3383.094482421875,11.301252365112305,45.07794806162399,3.3709141383865617
420.7390441894531,66.16403198242188,-6.560031890869141,0.17078077793121338,378.4244689941406,66.47821807861328,-6.444948196411133,0.19077874720096588,361.5184631347656,59.43479537963867,-6.395326137542725,0.1785418838262558,31.034605026245117,11,1.4488147497177124,0.6825275421142578,-88.2394790649414,1490.0978770187207,3377.6780983571452,45.054245725450734,3.2628259839276232,0.30285629630088806,0.3007519245147705,79.13505554199219,0,5.9281816482543945,0.00043319814722053707,206.16650390625,8.692888259887695,45.054245725450734,3.2628259839276232
5713.8017578125,106.1175537109375,-9.392313003540039,0.020169349387288094,4754.58544921875,74.90618896484375,-9.192781448364258,0.017109403386712074,5571.48681640625,111.90780639648438,-9.364927291870117,0.02181318588554859,275.82757568359375,74,1.9352868795394897,1.722244381904602,35.58816146850586,1061.2943518581087,3362.0668862072653,45.05309190932321,3.2941908894196636,0.0359540618956089,0.0355873629450798,25.588531494140625,0,4.136081695556641,0.0003022185410372913,5144.4541015625,11.61172103881836,45.05309190932321,3.2941908894196636
379.9245910644531,61.736427307128906,-6.449243545532227,0.17647123336791992,395.36627197265625,66.53919982910156,-6.492498874664307,0.1827712208032608,445.24761962890625,87.11471557617188,-6.621503829956055,0.212480828166008,39.273799896240234,10,1.3451353311538696,1.18404221534729,70.68132781982422,780.0866703943755,3259.750038976882,45.04560000468011,3.3147691837028828,0.3749188482761383,0.3731383681297302,57.399192810058594,0,7.54367733001709,0.0005512034986168146,468.4915771484375,8.070812225341797,45.0456000046801,3.3147691837028774
2658.88818359375,125.14938354492188,-8.561750411987305,0.05111618712544441,1722.8623046875,69.14047241210938,-8.09062671661377,0.04358244687318802,2346.60693359375,125.50607299804688,-8.426100730895996,0.05808369070291519,69.1149673461914,64,2.5217044353485107,1.844998836517334,-36.570648193359375,1410.0915629989524,3355.5875964769625,45.05262838724351,3.2686805406067854,0.11845418810844421,0.11736404895782471,-42.745330810546875,0,8.554428100585938,0.0006251072627492249,1964.5091552734375,15.130226135253906,45.052628387243495,3.268680540606781
1513.845458984375,96.6079330444336,-7.950203895568848,0.0693044438958168,1159.58935546875,68.03128051757812,-7.660760402679443,0.0637139081954956,1186.99462890625,89.24956512451172,-7.686121940612793,0.0816558301448822,70.4056396484375,37,1.7503557205200195,1.3470724821090698,21.311893463134766,1470.0898532882613,3352.757787042092,45.052422994896865,3.2642922862222017,0.11047767102718353,0.11028613150119781,51.509037017822266,1,5.356931209564209,0.0003914580156560987,940.2312622070312,10.502134323120117,45.052422994896865,3.2642922862222017
2481.437744140625,124.80674743652344,-8.4867582321167,0.054621610790491104,1572.458984375,68.98882293701172,-7.991448402404785,0.047646306455135345,2134.473388671875,125.95559692382812,-8.323226928710938,0.06408502161502838,98.0222396850586,61,2.2073962688446045,2.042233943939209,2.244080066680908,1460.3918068094022,3355.645557562399,45.05263391456073,3.265001330041722,0.12601880729198456,0.12573134899139404,-52.166908264160156,1,7.10245418548584,0.0005190104711800814,1745.2353515625,13.244377136230469,45.05263391456071,3.265001330041713
2564.64794921875,163.61366271972656,-8.52256965637207,0.06928219646215439,896.8285522460938,67.47032165527344,-7.381773471832275,0.0817020982503891,1487.50732421875,144.6405487060547,-7.931147575378418,0.10559923201799393,48.49153137207031,39,2.303922176361084,1.798666000366211,-76.58061981201172,52.07231996913142,3328.4268854408783,45.05058890876826,3.367993421904553,0.24496714770793915,0.24475356936454773,60.934181213378906,2,11.023295402526855,0.0008052874472923577,1489.9715576171875,13.823533058166504,45.05058890876825,3.367993421904546
1778.482666015625,130.6788787841797,-8.125123977661133,0.07979682087898254,746.5912475585938,67.16209411621094,-7.1827073097229,0.09769473969936371,1096.92333984375,129.86712646484375,-7.600440502166748,0.12857389450073242,46.33099365234375,31,2.1047582626342773,1.7652744054794312,20.89611053466797,1533.9957794727593,3311.9469919527983,45.049440290574495,3.2596223272021163,0.2509309649467468,0.24949239194393158,-8.689359664916992,2,10.891449928283691,0.0007959196227602661,1018.0568237304688,12.628549575805664,45.049440290574495,3.259622327202116
984.1912841796875,105.0006332397461,-7.482698917388916,0.11586232483386993,350.6424255371094,66.3687744140625,-6.362161159515381,0.2055555284023285,316.17510986328125,77.515380859375,-6.249819278717041,0.26625025272369385,32.00679016113281,15,1.715792179107666,1.0751128196716309,0.31978750228881836,491.7929754682129,3311.8792878022678,45.04940019198033,3.3358446095826615,0.29849231243133545,0.2980640232563019,77.8547592163086,0,8.12335205078125,0.0005935049848631024,167.51882934570312,10.294753074645996,45.04940019198033,3.3358446095826615
387.4146728515625,64.81082916259766,-6.47044038772583,0.18167757987976074,350.1158447265625,66.36768341064453,-6.36052942276001,0.20586128532886505,368.60211181640625,60.16865921020508,-6.4163947105407715,0.17727290093898773,36.039974212646484,10,1.3448903560638428,0.760076105594635,83.48573303222656,1076.5212566678697,3295.636135418047,45.04823469962758,3.293085210715401,0.3243062198162079,0.32220175862312317,68.572021484375,0,6.028747081756592,0.0004405299259815365,195.05569458007812,8.069341659545898,45.04823469962758,3.2930852107154003
368.6483154296875,65.7511978149414,-6.416530609130859,0.1936962604522705,249.7671356201172,66.41744995117188,-5.993838310241699,0.2887864112854004,255.68405151367188,74.58448791503906,-6.019258975982666,0.316792368888855,30.495380401611328,9,1.2150726318359375,0.7644056677818298,-34.52348709106445,440.52743609563225,3344.319349309248,45.05177003648859,3.3395889839388375,0.31192898750305176,0.31148749589920044,13.506797790527344,0,5.7427473068237305,0.00041956224595196545,231.61143493652344,7.290435791015625,45.05177003648859,3.339588983938838
1470.5125732421875,95.45745086669922,-7.91867208480835,0.0704970434308052,1086.4837646484375,67.857421875,-7.590057849884033,0.06782720983028412,1131.8935546875,98.31879425048828,-7.634513854980469,0.09433237463235855,65.83572387695312,36,1.9461089372634888,1.4892910718917847,81.5511245727539,426.26341082716897,3335.6610471796325,45.05113627453729,3.340633126423328,0.12558428943157196,0.12508484721183777,-22.300373077392578,0,7.350412368774414,0.000537018058821559,1064.678955078125,11.676653861999512,45.05113627453728,3.3406331264233224
5401.98291015625,135.5339813232422,-9.331382751464844,0.027247384190559387,3475.671142578125,72.58087921142578,-8.852596282958984,0.022678449749946594,5150.92529296875,144.57861328125,-9.279712677001953,0.03048236295580864,138.001220703125,101,2.8273162841796875,2.080349922180176,22.90983009338379,413.385376592549,3354.8715178260677,45.052540401785265,3.3415722285995404,0.06775712221860886,0.06727606803178787,1.9155476093292236,0,6.7381978034973145,0.0004922836669720709,4174.7099609375,16.963897705078125,45.052540401785265,3.34157222859954
1301.3763427734375,86.27396392822266,-7.786007404327393,0.07199572026729584,1064.32568359375,67.9387435913086,-7.567686557769775,0.06932227313518524,1239.08837890625,92.6314468383789,-7.732755661010742,0.08118690550327301,66.19538879394531,31,1.8441073894500732,1.3322169780731201,-88.40670013427734,1930.5745854037202,3333.445322534327,45.05102033753862,3.230609500721052,0.13228334486484528,0.13180753588676453,45.25283432006836,0,7.121098518371582,0.000520422647241503,914.1210327148438,11.064643859863281,45.05102033753862,3.230609500721052
1229.9781494140625,114.17028045654297,-7.724743366241455,0.10080579668283463,626.4541015625,66.94024658203125,-6.992223262786865,0.11604539304971695,867.8258666992188,126.26966857910156,-7.346081256866455,0.15801425278186798,36.704185485839844,14,1.5200268030166626,1.124045491218567,25.555908203125,612.2794280162318,2929.805196173307,45.021462279066874,3.3270821712443026,0.31671082973480225,0.31661751866340637,83.6566390991211,2,7.815610885620117,0.0005711466656066477,954.62841796875,9.120161056518555,45.021462279066874,3.3270821712443026
8600.68359375,120.4453125,-9.836332321166992,0.015208513475954533,6985.6904296875,78.95606231689453,-9.610523223876953,0.012274561449885368,8442.7998046875,123.30611419677734,-9.816216468811035,0.0158609040081501,392.0491638183594,98,2.0517776012420654,1.9051246643066406,8.940327644348145,483.52722390234703,3346.389115102115,45.05192330128108,3.3364445011499693,0.02604828216135502,0.025975776836276054,-20.7489013671875,0,3.98034930229187,0.0002908049791585654,8027.0517578125,12.310665130615234,45.05192330128109,3.3364445011499746
528.6007690429688,78.49075317382812,-6.807819366455078,0.16125772893428802,386.0975036621094,66.44251251220703,-6.466742515563965,0.18688690662384033,452.2677917480469,94.67823791503906,-6.638489246368408,0.22734443843364716,37.47319412231445,13,1.4233031272888184,1.1758472919464111,43.16932678222656,932.0965023997633,3330.256406604738,45.050761428021595,3.3036436231195507,0.427337110042572,0.42603275179862976,66.0561752319336,0,6.380805492401123,0.00046623285743407905,414.3545227050781,8.53981876373291,45.050761428021595,3.3036436231195507
370.2680358886719,66.00574493408203,-6.421290397644043,0.1935955435037613,-13.828189849853516,65.60891723632812,99.0,99.0,77.28914642333984,60.21311950683594,-4.720296382904053,0.8460624814033508,23.96933364868164,9,1.408376693725586,0.7775708436965942,0.1682252585887909,680.0360624591516,3185.8547393422987,45.04019215261235,3.3220951874704947,0.2601814270019531,0.25361377000808716,-88.8524169921875,0,6.2428364753723145,0.0004561603127513081,-60.84970474243164,8.450260162353516,45.04019215261235,3.3220951874704947
1786.6915283203125,139.61614990234375,-8.13012409210205,0.08486251533031464,859.4088745117188,67.41915130615234,-7.3354997634887695,0.08519483357667923,1324.96533203125,130.76730346679688,-7.805511474609375,0.10718264430761337,39.68344497680664,37,2.1343204975128174,1.6066097021102905,-10.20644474029541,1651.9224475512735,3270.1928319830436,45.046389626267484,3.2510006021918114,0.26474449038505554,0.2633768618106842,7.73230504989624,2,8.130887031555176,0.0005942105199210346,1004.0910034179688,12.805923461914062,45.046389626267484,3.251000602191811
4815.6328125,172.9882049560547,-9.206633567810059,0.039011526852846146,1981.7474365234375,69.68030548095703,-8.242620468139648,0.038184888660907745,3826.609619140625,173.1385040283203,-8.957035064697266,0.04913707822561264,81.14881134033203,118,4.299516677856445,2.0151519775390625,39.87828826904297,303.90416131888446,3248.6718238852873,45.044769500292844,3.3495915816290442,0.13806398212909698,0.13538406789302826,38.768226623535156,0,13.789090156555176,0.001007440616376698,1644.03662109375,25.797100067138672,45.044769500292844,3.349591581629044
541.9151000976562,76.56835174560547,-6.834827899932861,0.15344327688217163,463.1180114746094,66.6539306640625,-6.664229393005371,0.15630178153514862,448.74267578125,77.19738006591797,-6.629993438720703,0.1868250072002411,33.3619270324707,14,1.5854244232177734,1.137245535850525,48.84843826293945,1346.9695640731725,3276.7939684242397,45.046864898858814,3.2733065267994,0.33575987815856934,0.3344605267047882,17.929555892944336,0,8.030414581298828,0.0005868322914466262,276.0013122558594,9.51254653930664,45.046864898858814,3.2733065267994
120935.40625,431.6119079589844,-12.70638370513916,0.00387587514705956,27524.5625,109.26129913330078,-11.0993013381958,0.004310977645218372,116887.640625,457.4257507324219,-12.669421195983887,0.00424993084743619,759.9692993164062,1272,10.645878791809082,5.037515163421631,58.335872650146484,674.9824697214387,3237.022538739982,45.04393386865315,3.3224583155106022,0.021143244579434395,0.020391637459397316,62.52253723144531,3,10.163741111755371,0.0007426383090205491,107773.671875,63.875274658203125,45.04393386865315,3.322458315510602
535.7528076171875,74.73938751220703,-6.822411060333252,0.15150079131126404,455.3600769042969,66.68934631347656,-6.64588737487793,0.1590491384267807,437.62005615234375,82.55012512207031,-6.602743148803711,0.2048567831516266,39.92695999145508,14,1.5373647212982178,0.862553060054779,67.99046325683594,912.0624577069495,3292.465672015376,45.047997264561005,3.3051134189602767,0.3199227750301361,0.3191410303115845,70.02678680419922,0,6.877265453338623,0.0005025158752687275,373.12750244140625,9.224187850952148,45.04799726456102,3.305113418960282
1450.56396484375,85.81466674804688,-7.903842449188232,0.0642472356557846,1243.4749755859375,68.22651672363281,-7.736592769622803,0.059586238116025925,1321.1517333984375,88.00621032714844,-7.80238151550293,0.07234198600053787,83.02278900146484,33,1.5696457624435425,1.4137545824050903,35.667179107666016,555.7803205777199,3276.210327517374,45.04679465306088,3.331170224945656,0.11012376844882965,0.10989899188280106,-47.182945251464844,0,4.84950590133667,0.0003543242928571999,1107.12841796875,9.417874336242676,45.04679465306088,3.331170224945656
400.2796936035156,67.75006103515625,-6.505908966064453,0.18381288647651672,359.2989501953125,66.43846893310547,-6.3886399269104,0.20081378519535065,279.4503173828125,58.51504898071289,-6.1157612800598145,0.2274012267589569,32.45357894897461,10,1.5996986627578735,0.6392755508422852,-29.511335372924805,364.9265015634787,2989.1460719759934,45.02579204072543,3.345163450364112,0.306916207075119,0.30606016516685486,-26.045190811157227,1,6.030030727386475,0.0004406217485666275,43.4501953125,9.59819221496582,45.02579204072541,3.345163450364106
39683.3046875,178.436767578125,-11.496520042419434,0.004883220419287682,31568.59375,114.18352508544922,-11.248138427734375,0.003928059246391058,38609.2109375,166.81581115722656,-11.466727256774902,0.004692195449024439,1769.487548828125,203,2.284005880355835,2.215909004211426,72.9251708984375,1387.314396694431,3353.562025309673,45.05247967187203,3.2703467855957626,0.008556113578379154,0.008483017794787884,9.703970909118652,0,3.930596351623535,0.00028722386923618615,39557.4375,13.704034805297852,45.05247967187203,3.270346785595763
2218.34033203125,113.10774230957031,-8.365070343017578,0.05537248030304909,1560.141357421875,68.78972625732422,-7.982909679412842,0.04788389429450035,1981.6239013671875,112.4606704711914,-8.242552757263184,0.0616324245929718,70.0546646118164,53,2.0243144035339355,1.8054195642471313,-66.92142486572266,1702.657088342939,2840.850351477362,45.0149886561934,3.2473341028726583,0.12542858719825745,0.1253049224615097,89.40426635742188,0,6.951002597808838,0.0005081006675027311,1698.6014404296875,12.145886421203613,45.01498865619339,3.247334102872654
2094.127685546875,145.96315002441406,-8.302508354187012,0.0756954699754715,880.525390625,67.41149139404297,-7.361854553222656,0.08314226567745209,1368.0880126953125,159.48715209960938,-7.840285301208496,0.12660226225852966,38.69672775268555,43,3.375415325164795,2.2444562911987305,-33.17625427246094,472.67703068727104,3193.9229763861144,45.04077349332837,3.337257778824915,0.2533353865146637,0.25210389494895935,-12.165714263916016,2,16.226301193237305,0.0011855859775096178,949.3819580078125,20.252490997314453,45.04077349332837,3.337257778824915
387.285888671875,64.77278900146484,-6.470078945159912,0.18163132667541504,151.7486114501953,66.13551330566406,-5.4528117179870605,0.4733036160469055,189.17941284179688,82.13343048095703,-5.6921844482421875,0.4714937210083008,29.424823760986328,10,1.5090012550354004,0.8085610866546631,83.37626647949219,1789.0969299913982,3213.9822672344417,45.04228178256668,3.240971802991511,0.34715884923934937,0.3454395830631256,78.0743637084961,0,6.593823432922363,0.00048190687084570527,25.211637496948242,9.054007530212402,45.04228178256668,3.240971802991511
1113.669677734375,108.47252655029297,-7.616890907287598,0.10577747225761414,563.2301635742188,66.91236114501953,-6.876714706420898,0.12901799380779266,887.8247680664062,103.51221466064453,-7.370818138122559,0.12661762535572052,35.15269470214844,14,1.8384809494018555,1.810278296470642,14.171026229858398,1216.936006673073,3320.1227762094727,45.05002966420603,3.2828125001199697,0.4115341305732727,0.4101671278476715,32.91324996948242,2,10.929698944091797,0.0007986630080267787,825.8211669921875,11.030885696411133,45.05002966420603,3.2828125001199693
5310.90283203125,74.77029418945312,-9.312920570373535,0.015289404429495335,3112.08447265625,71.86184692382812,-8.73262882232666,0.02507706917822361,5121.7216796875,97.81205749511719,-9.273539543151855,0.020739879459142685,416.9757385253906,30,2.526803970336914,0.7504351735115051,20.028953552246094,1445.592694104316,3258.8956546614286,45.04555862991774,3.266094690855361,0.06840473413467407,0.06295473128557205,10.056875228881836,2,7.248912334442139,0.0005297380848787725,4271.23486328125,15.160823822021484,45.04555862991774,3.2660946908553607
2931.50439453125,138.5569305419922,-8.667726516723633,0.05132955685257912,1677.8419189453125,69.0007553100586,-8.061877250671387,0.04466143250465393,2014.551513671875,125.14014434814453,-8.260445594787598,0.06746027618646622,76.87669372558594,63,2.3296258449554443,1.954479694366455,43.403255462646484,300.1703177475165,3274.9429481033944,45.04669043956184,3.3498610889253566,0.11741860210895538,0.11690271645784378,-2.699939489364624,0,7.766089916229248,0.0005673879641108215,1751.238525390625,13.977754592895508,45.04669043956184,3.349861088925356
2873.73974609375,164.03762817382812,-8.6461181640625,0.06199060380458832,1064.1617431640625,68.01415252685547,-7.567519187927246,0.06940991431474686,2347.8876953125,160.0655059814453,-8.426692962646484,0.07403724640607834,51.87014389038086,73,4.4812331199646,1.697844386100769,33.0872688293457,348.5884342251361,3234.6856543395893,45.0437488266509,3.3463261292534647,0.28821298480033875,0.28518417477607727,31.88222312927246,2,16.544879913330078,0.0012088018702343106,-701.074462890625,26.88739776611328,45.04374882665089,3.3463261292534585
389.0368347167969,68.4868392944336,-6.474977016448975,0.19118165969848633,245.3908233642578,66.14939880371094,-5.974645614624023,0.2927503287792206,245.5205078125,59.164642333984375,-5.975219249725342,0.2617003321647644,22.21517562866211,9,1.8404303789138794,0.5563945174217224,48.322181701660156,1841.6743237996552,3682.1768374412686,45.07651596291106,3.2370757222591764,0.6068981289863586,0.6035270094871521,38.845401763916016,0,6.034084796905518,0.00044089314178563654,-70.96062469482422,11.042582511901855,45.076515962911074,3.237075722259181
2776.84912109375,94.06066131591797,-8.608880996704102,0.03678625449538231,2390.592041015625,70.51032257080078,-8.446263313293457,0.03203148394823074,2700.518798828125,98.77547454833984,-8.578618049621582,0.03972205892205238,158.38153076171875,50,1.7684639692306519,1.560472011566162,21.178361892700195,1947.4194273389696,2911.5453681121176,45.0201645845078,3.2294195705473783,0.06567531079053879,0.06557002663612366,-69.96027374267578,0,4.228813648223877,0.00030911792418919504,2333.279052734375,10.610783576965332,45.02016458450781,3.229419570547383
3767.84130859375,140.8737030029297,-8.940231323242188,0.040603842586278915,2188.484619140625,70.11334228515625,-8.350358963012695,0.03479260578751564,3393.51953125,148.48590087890625,-8.82662582397461,0.047518715262413025,80.95372772216797,87,2.6247010231018066,2.4055838584899902,81.49906921386719,1638.3570794602283,3043.466231562991,45.02980785943277,3.2520171528479582,0.1091175526380539,0.10876939445734024,42.45973205566406,0,8.949315071105957,0.0006540970061905682,2677.990478515625,15.74820613861084,45.02980785943277,3.2520171528479582
9610.05859375,163.38519287109375,-9.956814765930176,0.018463604152202606,4712.0380859375,74.85063934326172,-9.183021545410156,0.017251091077923775,9134.3173828125,177.32171630859375,-9.901690483093262,0.021082187071442604,156.87033081054688,159,4.080827713012695,2.138117551803589,-42.83993148803711,29.263446540847617,3168.8924814664338,45.03892152494524,3.36968305528265,0.06251255422830582,0.06029630824923515,-33.31119155883789,0,10.669053077697754,0.0007794670527800918,4304.42333984375,24.484966278076172,45.038921524945245,3.369683055282656
8254.1025390625,119.41975402832031,-9.791674613952637,0.01571216806769371,6654.54736328125,78.39659881591797,-9.557796478271484,0.012794065289199352,7968.0078125,124.8525161743164,-9.753374099731445,0.017016779631376266,386.96685791015625,96,2.1454100608825684,1.9177802801132202,40.02460479736328,1183.528487243453,3107.145844762882,45.0344534579332,3.285280703832086,0.02721194177865982,0.027048254385590553,-12.133687973022461,0,4.167985439300537,0.00030459725530818105,7914.0439453125,12.87246036529541,45.0344534579332,3.2852807038320857
485.0193176269531,74.97237396240234,-6.714397430419922,0.16786959767341614,394.7456970214844,66.6410140991211,-6.490793704986572,0.18333864212036133,523.656494140625,100.06736755371094,-6.797616004943848,0.20752757787704468,30.83978271484375,12,1.5138169527053833,1.1362230777740479,86.72085571289062,1222.448397251964,3276.7050062477097,45.046854851512656,3.2824143843964118,0.4557405114173889,0.4549928307533264,62.21750259399414,1,7.841978073120117,0.0005730477860197425,345.7845153808594,9.082901954650879,45.04685485151265,3.2824143843964073
19084.326171875,157.11993408203125,-10.701691627502441,0.008940963074564934,14731.48828125,91.50704956054688,-10.420616149902344,0.0067458669655025005,18346.357421875,153.35552978515625,-10.65887451171875,0.009077775292098522,843.6679077148438,170,2.368170976638794,2.343886613845825,-56.68882751464844,568.6945973072278,3256.2754884599394,45.04533742534846,3.3302284272246783,0.014847775921225548,0.014740177430212498,-1.2025400400161743,0,3.9985766410827637,0.0002921558334492147,18677.19921875,14.209026336669922,45.04533742534845,3.330228427224672
491.5748596191406,67.33468627929688,-6.728974342346191,0.14875754714012146,489.53802490234375,66.65717315673828,-6.724466323852539,0.14787347614765167,519.6965942382812,73.91980743408203,-6.789374828338623,0.15446880459785461,36.958717346191406,13,1.429892897605896,0.9802206158638,-56.59077072143555,333.8522811898904,3136.499135013432,45.036567670885404,3.34741658698928,0.2725899815559387,0.27174651622772217,-46.94856643676758,0,6.8072710037231445,0.0004973755567334592,292.5657958984375,8.579357147216797,45.036567670885404,3.3474165869892802
384.384765625,63.829105377197266,-6.461915493011475,0.18033599853515625,403.35296630859375,66.42671203613281,-6.5142130851745605,0.17884933948516846,304.1196594238281,71.74360656738281,-6.207611083984375,0.25619375705718994,37.170345306396484,10,2.099607229232788,0.7154114246368408,23.00006866455078,1512.6440342837657,3112.8298592186293,45.03487812021772,3.2612060529895923,0.4647825062274933,0.4613645374774933,34.17169952392578,0,7.324009418487549,0.0005352732841856778,-172.55714416503906,12.59764289855957,45.034878120217705,3.261206052989588
343.7314758300781,59.60761642456055,-6.340548038482666,0.1883268654346466,328.40594482421875,66.1929702758789,-6.291027545928955,0.2188923954963684,348.58203125,88.9130859375,-6.355762481689453,0.2770068645477295,32.428924560546875,9,2.2350082397460938,0.39923638105392456,4.519819736480713,484.99005606143936,4074.6212504838004,45.10515832163978,3.33623825095381,0.37164515256881714,0.3686239421367645,-1.5204538106918335,3,5.627007961273193,0.00041095318738371134,205.72055053710938,13.410049438476562,45.10515832163976,3.3362382509538047
2502.306640625,41.14043426513672,-8.495851516723633,0.017854930832982063,2383.201171875,70.49584197998047,-8.442901611328125,0.032124221324920654,2440.08154296875,43.30592346191406,-8.468510627746582,0.019274041056632996,836.5780029296875,10,0.6358091235160828,0.582365095615387,-23.363222122192383,765.0871827029664,3252.3107139034405,45.04505540780817,3.315867040001604,0.015532724559307098,0.01263649482280016,89.23809051513672,0,1.3332903385162354,9.74212889559567e-05,2433.74658203125,3.814854621887207,45.04505540780817,3.315867040001604
518.8300170898438,79.09310150146484,-6.787562847137451,0.16555538773536682,298.64447021484375,66.18273162841797,-6.1878862380981445,0.24066893756389618,268.41796875,72.27101135253906,-6.072029113769531,0.29240337014198303,30.07282066345215,12,1.4948389530181885,0.9032038450241089,-76.11945343017578,524.6111565926617,3246.403284409765,45.04461361078414,3.3334533211564734,0.3359704613685608,0.3344949781894684,-42.52552795410156,1,6.940092086791992,0.0005070750485174358,254.6193389892578,8.969034194946289,45.04461361078414,3.333453321156473
820.6814575195312,95.2477798461914,-7.285436630249023,0.1260404884815216,558.1832275390625,66.85061645507812,-6.866941928863525,0.13006439805030823,778.8948364257812,130.18931579589844,-7.228697299957275,0.18152077496051788,37.33623504638672,21,2.6142730712890625,1.8227195739746094,-85.36544036865234,294.31566764392386,3167.102423920215,45.038803911654476,3.3503035214453876,0.3109833300113678,0.3096015453338623,-50.535301208496094,3,13.086236953735352,0.0009561264887452126,1031.2403564453125,15.685638427734375,45.038803911654476,3.3503035214453876
14339.4482421875,179.4282989501953,-10.39133071899414,0.013589025475084782,8038.21337890625,80.81858825683594,-9.762898445129395,0.010918967425823212,13898.705078125,184.9806671142578,-10.357436180114746,0.014453792944550514,336.8975524902344,205,3.37109112739563,2.764153003692627,-12.9795503616333,1459.08581255831,3483.2721224052857,45.0619658565738,3.2650823707664363,0.034484270960092545,0.03388165310025215,-5.156796932220459,0,5.701312065124512,0.0004165942664258182,14470.9150390625,20.226547241210938,45.061965856573785,3.2650823707664323
3954.4267578125,143.7072296142578,-8.992709159851074,0.03946616128087044,2236.70751953125,70.11041259765625,-8.374022483825684,0.034041065722703934,3476.492431640625,149.1395721435547,-8.852852821350098,0.04658878967165947,93.28899383544922,91,2.711026430130005,2.359042167663574,-40.63732147216797,1092.8932040203113,3277.6021057050307,45.04691645753645,3.2918899460180024,0.10341202467679977,0.10284801572561264,-67.54820251464844,0,9.122389793395996,0.0006665956461802125,3247.8837890625,16.266159057617188,45.046916457536454,3.2918899460180073
971488.5,589.4007568359375,-14.968594551086426,0.0006588747492060065,731833.4375,454.3816833496094,-14.661030769348145,0.0006742770783603191,945226.3125,535.4826049804688,-14.93883991241455,0.0006152326823212206,35715.95703125,833,2.8939898014068604,2.6816744804382324,-13.92578125,697.4807149394628,3278.143113627642,45.046941823628465,3.320807849996273,0.0016408382216468453,0.0015485243638977408,-15.20962905883789,2,4.523256301879883,0.0003304974234197289,970693.0625,17.36393928527832,45.046941823628465,3.3208078499962728
449.85003662109375,72.58596801757812,-6.632669448852539,0.17523252964019775,314.43438720703125,66.37100982666016,-6.2438249588012695,0.22923357784748077,333.4538879394531,83.41092681884766,-6.307589530944824,0.27165454626083374,28.95418930053711,11,1.7118712663650513,1.2307578325271606,81.34772491455078,1818.5676642010048,3432.142788755667,45.05823525706046,3.238792888577541,0.5975273251533508,0.5960099697113037,-89.65035247802734,0,8.685638427734375,0.0006347168236970901,-266.80853271484375,10.271227836608887,45.05823525706046,3.238792888577541
3199.684814453125,106.14116668701172,-8.762767791748047,0.03602520748972893,2495.453857421875,70.64256286621094,-8.492874145507812,0.030743032693862915,2922.68408203125,110.15892791748047,-8.664454460144043,0.040932442992925644,157.03128051757812,61,1.9252684116363525,1.747802495956421,-49.10130310058594,348.1924904165095,3583.928692995821,45.06928491733182,3.34630802614133,0.06181720271706581,0.06153662130236626,35.72206497192383,0,4.129319190979004,0.0003016423434019089,2739.03271484375,11.551610946655273,45.06928491733183,3.346308026141336
4690.9716796875,63.23453903198242,-9.178156852722168,0.014639335684478283,2953.051025390625,71.69932556152344,-8.675677299499512,0.026367804035544395,6419.57861328125,102.59821319580078,-9.518766403198242,0.01735653728246689,461.10614013671875,26,4.031928062438965,0.3567870259284973,30.162826538085938,1378.333499576765,3507.963899291558,45.063769102146836,3.2709858889110768,0.05774793401360512,0.007171984761953354,29.96143341064453,3,7.165951251983643,0.0005236004944890738,4157.853515625,24.19156837463379,45.063769102146836,3.2709858889110763
3881.888671875,46.32225036621094,-8.972607612609863,0.012959146872162819,4047.479736328125,73.66087341308594,-9.017961502075195,0.019764326512813568,4049.174560546875,49.04762649536133,-9.018416404724121,0.013154711574316025,1399.683837890625,11,1.025942325592041,0.4193040132522583,-19.270200729370117,193.2861841283861,3256.0100736588756,45.04530073877801,3.3576787199051656,0.012913588434457779,0.0099718002602458,-2.2112135887145996,3,2.17885160446167,0.00015918354620225728,3776.068359375,6.155653953552246,45.04530073877801,3.3576787199051656
446.718994140625,73.63768005371094,-6.625085830688477,0.17901751399040222,140.77618408203125,65.93061828613281,-5.371323108673096,0.5086134076118469,232.74295043945312,73.38172149658203,-5.917191505432129,0.34240585565567017,31.124755859375,10,1.8896479606628418,0.8523759245872498,-35.37803268432617,1531.3990870742855,3620.2822451698876,45.071984677596774,3.2597775394427466,0.6496484875679016,0.6477439999580383,-65.008544921875,0,7.586540699005127,0.000554314290639013,77.83417510986328,11.33788776397705,45.071984677596774,3.2597775394427466
15053.6357421875,137.93557739257812,-10.444103240966797,0.009950954467058182,11876.041015625,87.1303482055664,-10.186678886413574,0.007967601530253887,14592.236328125,140.1750946044922,-10.41030502319336,0.010432270355522633,706.0618286132812,131,2.3164572715759277,2.050116777420044,5.285854816436768,799.9933746787858,3174.0150051630335,45.03933093333264,3.3133239759542286,0.01736314222216606,0.017291750758886337,18.23666000366211,0,4.07500696182251,0.0002977680996991694,14749.4736328125,13.898743629455566,45.03933093333264,3.3133239759542286
685.0773315429688,83.38711547851562,-7.089348793029785,0.1321871280670166,549.7645874023438,66.83322143554688,-6.850441932678223,0.1320217400789261,536.1243896484375,83.23188781738281,-6.823163986206055,0.16859862208366394,34.48765182495117,18,1.596256136894226,1.2954539060592651,1.8180807828903198,984.1067050891191,2866.651695607226,45.01685652378554,3.2998948833206354,0.28455719351768494,0.2835107743740082,14.772109031677246,0,6.555494785308838,0.00047911511501297355,282.42901611328125,9.577536582946777,45.016856523785535,3.299894883320631
879.0535278320312,102.26470184326172,-7.3600382804870605,0.12633982300758362,503.59271240234375,66.71202087402344,-6.7551984786987305,0.14386478066444397,617.1953125,81.28145599365234,-6.9760565757751465,0.1430206298828125,24.606483459472656,18,1.5624415874481201,1.262030839920044,-23.55963706970215,1275.2161292984451,3693.003986244758,45.077294336938955,3.2785057441262766,0.37343281507492065,0.3728404939174652,-44.49063491821289,2,8.400758743286133,0.0006137526943348348,442.64190673828125,9.374649047851562,45.07729433693894,3.2785057441262726
549.0827026367188,81.00726318359375,-6.849094390869141,0.16021974384784698,340.60577392578125,66.34788513183594,-6.330629825592041,0.21154606342315674,415.9524230957031,76.58042907714844,-6.547609329223633,0.1999419629573822,23.0806827545166,9,1.998445987701416,0.8911171555519104,-14.533354759216309,1957.522258087639,3572.866061097559,45.068526511351436,3.228613223764381,0.7186682820320129,0.7163715362548828,6.958520889282227,2,7.980512619018555,0.0005831584567204118,-179.3285369873047,11.990675926208496,45.06852651135144,3.228613223764385
3479.059814453125,56.32069778442383,-8.853654861450195,0.01758069172501564,2575.7900390625,70.82367706298828,-8.527276039123535,0.02986055240035057,4436.9140625,118.37275695800781,-9.11770248413086,0.028973473235964775,438.04766845703125,21,3.7551510334014893,0.4543587565422058,-15.232413291931152,139.61857772285578,3458.907697485596,45.06013405480973,3.361574672730013,0.060002923011779785,0.010001360438764095,-13.40281867980957,3,7.810089588165283,0.0005705267540179193,2586.3017578125,22.530906677246094,45.06013405480971,3.361574672730001
881.5552978515625,96.17170715332031,-7.363123893737793,0.11847523599863052,606.1924438476562,66.97535705566406,-6.956526279449463,0.11998703330755234,585.1142578125,82.27664184570312,-6.918101787567139,0.15270937979221344,36.776031494140625,23,1.9645813703536987,0.9957804083824158,-89.94230651855469,2023.1968091380106,3259.5358660361594,45.045617092357666,3.223841000215393,0.2653731107711792,0.2635374963283539,80.95731353759766,0,8.367318153381348,0.0006115318392403424,509.69683837890625,11.787487983703613,45.045617092357666,3.223841000215393
25810.150390625,158.24256896972656,-11.029476165771484,0.006658288650214672,20482.744140625,99.87910461425781,-10.778470039367676,0.005295614246279001,25036.943359375,153.5050506591797,-10.996453285217285,0.006658419966697693,1128.5308837890625,168,2.3132333755493164,2.157944440841675,19.27165412902832,987.425037375491,2970.900529443999,45.02448213073593,3.299640054315289,0.011638772673904896,0.011559362523257732,21.356536865234375,0,4.054256916046143,0.00029629425262100995,25287.130859375,13.879400253295898,45.024482130735926,3.2996400543152835
1289.8074951171875,105.75248718261719,-7.776312351226807,0.08904212713241577,899.7572631835938,67.52716827392578,-7.385313510894775,0.08150476962327957,1150.6356201171875,99.64541625976562,-7.652344703674316,0.09404794871807098,50.121856689453125,34,2.1287782192230225,1.3645401000976562,33.48707580566406,1936.7787048143346,2838.0455863716766,45.01478791291827,3.230205285255341,0.21298201382160187,0.2118435800075531,34.3179817199707,0,8.66588020324707,0.0006334813078865409,718.7933349609375,12.772668838500977,45.01478791291827,3.23020528525534
2210.28857421875,89.87007904052734,-8.361122131347656,0.04415663331747055,1885.646240234375,69.44015502929688,-8.188650131225586,0.03999266028404236,2110.018310546875,96.1781005859375,-8.310715675354004,0.04950166493654251,125.39385986328125,43,1.7462000846862793,1.5291965007781982,-3.254573345184326,1820.3241309379764,3188.271948155176,45.04040213613006,3.2386900246990726,0.07852598279714584,0.07806016504764557,27.77448081970215,0,4.885745525360107,0.00035707943607121706,1983.441162109375,10.477200508117676,45.04040213613006,3.238690024699072
5715.16552734375,143.0913848876953,-9.392572402954102,0.027190331369638443,3542.048095703125,72.80143737792969,-8.873136520385742,0.022321084514260292,5093.52197265625,143.33128356933594,-9.267545700073242,0.030559949576854706,149.1140594482422,101,2.7871315479278564,2.108238935470581,-68.09589385986328,999.2759448500719,3074.9463435425187,45.032092579865534,3.29876104809782,0.06217850744724274,0.06213446334004402,-3.813368797302246,0,5.91282844543457,0.00043210136936977506,4877.27099609375,16.722789764404297,45.03209257986552,3.298761048097813
423.0426940917969,71.13053131103516,-6.56596040725708,0.18260037899017334,331.6319885253906,66.3550796508789,-6.30164098739624,0.2172939032316208,365.5097961425781,79.78424072265625,-6.407247543334961,0.23705434799194336,26.45106315612793,10,2.059368371963501,0.6464782357215881,-15.916651725769043,1371.6834779002988,3003.1806563055416,45.02685481379914,3.2715294246278583,0.45466795563697815,0.45288148522377014,-2.665808916091919,0,6.891082286834717,0.0005036472575739026,5.625079154968262,12.356210708618164,45.02685481379913,3.271529424627853
12552.7626953125,174.07254028320312,-10.246848106384277,0.015059854835271835,8217.36328125,81.16645050048828,-9.78683090209961,0.01072689238935709,11429.599609375,177.8985595703125,-10.1450777053833,0.016903290525078773,452.52349853515625,179,3.3637588024139404,2.5577614307403564,-44.034019470214844,719.5556849070199,3273.8897357066594,45.046631660571805,3.3191940634440513,0.02518395520746708,0.025175591930747032,-21.937824249267578,3,4.071807861328125,0.00029751387774012983,13112.6376953125,20.182552337646484,45.046631660571805,3.3191940634440513
1025.9864501953125,109.77217102050781,-7.527853965759277,0.11619313061237335,544.669921875,66.84837341308594,-6.840333461761475,0.13328684866428375,578.7064208984375,91.17216491699219,-6.9061455726623535,0.17109361290931702,31.375913619995117,20,1.6941404342651367,1.4494975805282593,-71.57330322265625,1626.2463406019733,3117.371490408524,45.035212912827326,3.2528952692865905,0.3085039556026459,0.3077962398529053,-14.305753707885742,2,7.033327102661133,0.0005140384892001748,560.6958618164062,10.16484260559082,45.035212912827326,3.25289526928659
64147.12109375,407.7259826660156,-12.017943382263184,0.006902732420712709,16423.8984375,94.04486846923828,-10.538690567016602,0.006218543276190758,61203.26953125,410.3294677734375,-11.966936111450195,0.007280947640538216,537.53466796875,980,9.750606536865234,4.712340354919434,62.81330490112305,276.36998986819873,3125.9851956345597,45.03579603582458,3.3516211532701616,0.03498931601643562,0.03347688540816307,68.79153442382812,0,9.54918098449707,0.000697708164807409,57590.93359375,58.503639221191406,45.03579603582458,3.351621153270161
530.9736938476562,72.4671859741211,-6.812682628631592,0.1482170671224594,434.43560791015625,66.59447479248047,-6.594813346862793,0.16647253930568695,393.6032409667969,86.04113006591797,-6.487646579742432,0.23739811778068542,35.96285629272461,14,1.8379220962524414,1.2064344882965088,-39.03250503540039,1030.5126139479776,3196.2299589822665,45.040963715628486,3.2964620466483887,0.31293997168540955,0.31083711981773376,79.09444427490234,0,7.209507942199707,0.0005268317181617022,-2.1557681560516357,11.027532577514648,45.040963715628486,3.2964620466483887
9652.7451171875,123.58343505859375,-9.961627006530762,0.013903983868658543,4155.63720703125,73.81688690185547,-9.04659366607666,0.019290698692202568,7344.01416015625,178.82472229003906,-9.664834022521973,0.026443801820278168,652.6132202148438,97,3.446038246154785,2.641472578048706,-31.47695541381836,1472.0120412249535,3276.8296122858114,45.04687076967526,3.264160189521592,0.06512462347745895,0.05987156182527542,-37.05447006225586,0,18.099395751953125,0.001322667463682592,5857.18212890625,20.67622947692871,45.04687076967525,3.2641601895215877
945.3184204101562,94.12887573242188,-7.438945293426514,0.10813706368207932,589.1260986328125,66.83751678466797,-6.925520896911621,0.12320883572101593,650.201416015625,93.60124206542969,-7.032619953155518,0.15633763372898102,57.98895263671875,25,2.062580108642578,1.258371114730835,-12.134414672851562,1018.5575486532176,4068.7670825419264,45.104751788928816,3.297227479728265,0.2128409594297409,0.21163137257099152,-21.145307540893555,0,7.481489658355713,0.0005464532878249884,374.69195556640625,12.375480651855469,45.104751788928816,3.297227479728265
910.1260375976562,89.01933288574219,-7.397753715515137,0.10622154921293259,670.7061157226562,67.1849365234375,-7.066330909729004,0.10878510773181915,668.4129638671875,82.93534088134766,-7.062612056732178,0.1347486972808838,55.66708755493164,24,1.7105834484100342,1.1478136777877808,-13.173303604125977,1585.1597290505576,3144.1291999345717,45.03716893115102,3.2558980108586892,0.18122194707393646,0.18022961914539337,-19.538328170776367,0,5.887204170227051,0.0004302636662032455,395.6522216796875,10.263500213623047,45.03716893115101,3.2558980108586852
1023.9447021484375,94.39269256591797,-7.525691032409668,0.10011328011751175,745.3858642578125,67.26176452636719,-7.180953025817871,0.09799793362617493,944.6288452148438,101.07211303710938,-7.43815279006958,0.1161983534693718,58.207393646240234,27,1.6671322584152222,1.346663236618042,-39.16103744506836,1908.6854671523572,3173.322358608225,45.03931041177552,3.2322272560691245,0.20257756114006042,0.20237411558628082,31.091318130493164,0,6.223735809326172,0.0004548784054350108,991.9623413085938,10.002793312072754,45.03931041177552,3.2322272560691245
5709.4921875,66.64771270751953,-9.391493797302246,0.012677032500505447,4700.30029296875,74.87483215332031,-9.180314064025879,0.01729976199567318,5538.5888671875,78.51042175292969,-9.358497619628906,0.015394231304526329,795.2473754882812,28,2.823103427886963,0.4957923889160156,-34.38749694824219,1699.8216331552103,3168.4266761527915,45.038948414746,3.247507516724963,0.041573867201805115,0.036103442311286926,-34.95170211791992,0,7.067532539367676,0.0005165321053937078,4798.60888671875,16.938621520996094,45.038948414746,3.2475075167249634
1361.3345947265625,113.18696594238281,-7.834912300109863,0.09029451012611389,876.6438598632812,67.40353393554688,-7.357058048248291,0.08350054919719696,1038.6312255859375,104.1261215209961,-7.541153430938721,0.10887499153614044,46.13935089111328,36,2.431746244430542,1.3123102188110352,17.377765655517578,845.304392068768,3177.693933603329,45.03960166532846,3.310009756012891,0.2088497132062912,0.20759597420692444,8.680000305175781,0,10.550904273986816,0.0007709796773269773,742.6480712890625,14.590476989746094,45.039601665328455,3.310009756012886
359.0350036621094,64.03170013427734,-6.387842178344727,0.19368146359920502,269.9550476074219,66.27839660644531,-6.07822847366333,0.2666308283805847,323.45635986328125,62.17110061645508,-6.274539470672607,0.2087385654449463,31.479337692260742,9,1.382501482963562,0.8199811577796936,68.2393569946289,1286.8846072306203,3052.433737556035,45.03045492174944,3.277726878169306,0.386812686920166,0.38522768020629883,42.24116897583008,0,6.353036403656006,0.00046430391375906765,105.76016235351562,8.295008659362793,45.03045492174944,3.2777268781693056
681.6619262695312,77.76210021972656,-7.083922386169434,0.12388786673545837,580.4204711914062,66.99908447265625,-6.909356594085693,0.12535913288593292,641.5029296875,82.89051818847656,-7.017996788024902,0.14032532274723053,36.649658203125,18,1.603893518447876,1.2350964546203613,89.55361938476562,964.9635375886759,3192.1594535183394,45.04066381619036,3.301256647184567,0.2576843500137329,0.25701913237571716,-57.67025375366211,0,8.420287132263184,0.000615301716607064,228.25843811035156,9.623361587524414,45.04066381619035,3.3012566471845615
470.9502868652344,75.23340606689453,-6.682437896728516,0.17348642647266388,188.20053100585938,66.08185577392578,-5.686552047729492,0.38132140040397644,216.33177185058594,61.93267822265625,-5.837800979614258,0.31090620160102844,32.83742904663086,11,1.3445384502410889,0.868626594543457,16.069744110107422,1991.394377529769,3105.8320339149677,45.03437586822479,3.226183042838173,0.31942886114120483,0.317531019449234,66.38086700439453,0,6.449532508850098,0.00047140446258708835,260.2669982910156,8.067230224609375,45.03437586822478,3.2261830428381684
6970.974609375,138.83966064453125,-9.608233451843262,0.02162966877222061,4486.72119140625,74.64098358154297,-9.129822731018066,0.01806666888296604,6700.2138671875,146.63743591308594,-9.565221786499023,0.023767637088894844,167.0887451171875,115,2.4609720706939697,2.4104790687561035,0.4525669515132904,1360.700239943866,3070.2759049507467,45.03176192783893,3.272325419488524,0.05321308597922325,0.05294651910662651,-4.832525730133057,0,6.292384147644043,0.00045987378689460456,6067.91552734375,14.765832901000977,45.03176192783893,3.2723254194885234
1721.311279296875,133.8449249267578,-8.089648246765137,0.08444468677043915,516.584716796875,66.68745422363281,-6.782854080200195,0.14019496738910675,646.7242431640625,102.35502624511719,-7.026797771453857,0.17187783122062683,47.74637222290039,22,2.627796173095703,1.2033723592758179,-6.684942245483398,1834.6909841824267,3158.1951421069602,45.03820279009038,3.237642097941009,0.34274497628211975,0.341738224029541,16.976558685302734,0,10.652565002441406,0.0007785670459270477,-82.36917114257812,15.766777038574219,45.03820279009038,3.2376420979410088
1074.56689453125,92.3509750366211,-7.578083515167236,0.09333356469869614,876.3453369140625,67.4538345336914,-7.356688022613525,0.08359131962060928,970.212646484375,86.46691131591797,-7.467167377471924,0.09678606688976288,52.3766975402832,28,1.6611216068267822,1.3133429288864136,1.1270674467086792,990.4656679932139,2914.9974335999764,45.02039315981294,3.299424168036982,0.19739598035812378,0.19691364467144012,44.94071578979492,0,5.965305328369141,0.0004359705199021846,392.50732421875,9.966730117797852,45.02039315981293,3.299424168036976
832.4522705078125,86.60401916503906,-7.300898551940918,0.11298181116580963,679.3880615234375,67.10054779052734,-7.080294609069824,0.10726004838943481,704.9190063476562,86.53939056396484,-7.12034797668457,0.1333228051662445,46.30620574951172,22,1.6581776142120361,1.3677340745925903,27.839000701904297,1623.7099973896588,3145.172751331415,45.037246120232275,3.2530778418176016,0.2228204607963562,0.2224954217672348,-20.174928665161133,0,7.797021389007568,0.0005698454333469272,218.25924682617188,9.949066162109375,45.037246120232275,3.2530778418176016
13660.962890625,118.97114562988281,-10.338703155517578,0.009457800537347794,12352.80078125,87.84371948242188,-10.229413986206055,0.007722805254161358,15092.78515625,132.17520141601562,-10.44692325592041,0.009510654956102371,653.260009765625,96,2.047436475753784,1.956926703453064,15.60261344909668,1403.3891840099827,3135.383928024333,45.03652488389679,3.269195549462549,0.01745990291237831,0.017254352569580078,-11.368486404418945,3,4.288229942321777,0.00031339391716755927,16360.296875,12.284618377685547,45.03652488389679,3.269195549462549
4935.927734375,130.44464111328125,-9.23342227935791,0.02870035544037819,3380.9189453125,72.37665557861328,-8.822587013244629,0.023248426616191864,4808.8994140625,137.2397003173828,-9.205114364624023,0.03099302016198635,157.52459716796875,93,2.4966766834259033,2.130389451980591,-49.30083465576172,745.1882714999092,3055.2350790263004,45.030641775506034,3.317346659599976,0.06293199211359024,0.06250215321779251,-22.926021575927734,0,5.277992248535156,0.00038569082971662283,4909.13720703125,14.980060577392578,45.030641775506034,3.317346659599976
653.9207763671875,71.56932067871094,-7.038812637329102,0.11885886639356613,357.7968444824219,66.3319320678711,-6.384091377258301,0.20133346319198608,395.2240295410156,69.49132537841797,-6.492108345031738,0.19094885885715485,47.532413482666016,9,1.4253207445144653,0.5376458168029785,-23.78830337524414,874.0435693947566,3167.2685691941383,45.03884027523281,3.3079091924398614,0.20162688195705414,0.1989133208990097,-22.83409309387207,3,5.20796012878418,0.0003805624437518418,367.5965881347656,8.551924705505371,45.03884027523281,3.3079091924398614
424.3757019042969,67.45001220703125,-6.569376468658447,0.1726081669330597,361.4193115234375,66.44287872314453,-6.395028591156006,0.1996489018201828,350.44915771484375,77.02133178710938,-6.361562728881836,0.2386798858642578,34.65397644042969,11,1.6084809303283691,1.1008723974227905,66.29376220703125,900.4828646526664,3142.5745222279356,45.03703525207133,3.3059785246802367,0.3927195966243744,0.39152786135673523,-44.38871765136719,0,7.202341556549072,0.0005263080238364637,154.9045867919922,9.650885581970215,45.03703525207131,3.3059785246802313
387.9936828613281,68.36671447753906,-6.472061634063721,0.19135943055152893,218.5531005859375,66.17119598388672,-5.848892688751221,0.3288075923919678,181.75091552734375,66.53433227539062,-5.648691654205322,0.3975566625595093,23.905548095703125,9,1.7824047803878784,0.7275866866111755,-30.73979377746582,1274.4828014412594,3072.564072190248,45.031926891139626,3.2786317666383815,0.3756020665168762,0.3749625086784363,-82.67754364013672,0,6.800307273864746,0.0004969859146513045,61.50202560424805,10.694428443908691,45.031926891139626,3.278631766638381
65979.2734375,201.40792846679688,-12.048519134521484,0.0033151169773191214,51952.33203125,136.63128662109375,-11.789012908935547,0.002856109756976366,65269.09375,189.41441345214844,-12.036768913269043,0.0031516302842646837,2854.4267578125,226,2.376189708709717,2.2943549156188965,33.20346450805664,1408.6812073361455,3129.415477386569,45.03608851597404,3.2688091085658817,0.006387502886354923,0.006315587088465691,3.900542974472046,3,3.989800214767456,0.00029158516554161906,67495.0390625,14.2571382522583,45.03608851597403,3.268809108565877
523.7061767578125,78.89082336425781,-6.797719478607178,0.16359446942806244,51.61409378051758,65.76969146728516,-4.281920909881592,1.3838444948196411,43.75120162963867,66.8918228149414,-4.102475166320801,1.6604005098342896,19.18511390686035,10,1.8214023113250732,0.7259353995323181,46.9532585144043,1888.1031987075667,3136.478856866926,45.03661553762789,3.233736780121938,0.37163156270980835,0.27934157848358154,89.88787841796875,0,6.8672003746032715,0.0005019154632464051,-508.17803955078125,10.928413391113281,45.03661553762789,3.2337367801219377
348.45428466796875,61.41657257080078,-6.3553643226623535,0.19141219556331635,233.1196746826172,66.20159149169922,-5.918947219848633,0.30840355157852173,230.3167724609375,54.601829528808594,-5.905813694000244,0.2574610114097595,26.1259765625,9,1.6245015859603882,0.5711606740951538,19.598613739013672,1626.7788401211228,4075.65579379524,45.10527210881852,3.2527487282912104,0.3301475942134857,0.3277520537376404,32.03011703491211,0,5.739743232727051,0.0004192807828076184,56.10548400878906,9.74700927734375,45.10527210881852,3.252748728291211
341.7668151855469,58.44831848144531,-6.334324836730957,0.18572567403316498,293.2850341796875,66.17154693603516,-6.168224811553955,0.24502545595169067,202.36866760253906,71.5474624633789,-5.765357971191406,0.3839554190635681,34.37185287475586,9,2.0961945056915283,0.4553675949573517,38.970584869384766,1520.3414673287377,2880.973067078748,45.01791956467786,3.2606678345963815,0.3915402889251709,0.386898398399353,33.18033218383789,0,5.822929859161377,0.00042561814188957214,-102.37415313720703,12.577167510986328,45.01791956467786,3.2606678345963815
716.16748046875,85.27395629882812,-7.137536525726318,0.12930986285209656,109.59029388427734,65.96941375732422,-5.099430084228516,0.6537328958511353,72.28559875488281,87.50765228271484,-4.647629261016846,1.3146921396255493,17.461315155029297,10,2.050086736679077,1.1209245920181274,6.999385356903076,1715.5676170355655,2963.6277725581717,45.023969896504276,3.2463769874430475,0.6205554008483887,0.6186003684997559,44.90484619140625,0,9.073472023010254,0.0006632081931456923,-128.3295440673828,12.300519943237305,45.02396989650427,3.2463769874430475
1954.5809326171875,110.59099578857422,-8.22763442993164,0.06144632771611214,1373.1568603515625,68.43838500976562,-7.844300270080566,0.05412643402814865,1751.490478515625,111.41007232666016,-8.108519554138184,0.06907907128334045,72.15039825439453,48,2.0344510078430176,1.721147894859314,-4.461235046386719,1394.7913693325875,3063.3951979927733,45.03125958603679,3.269832445455,0.13417793810367584,0.13326017558574677,-9.012656211853027,0,6.701559066772461,0.0004897829494439065,1731.8951416015625,12.206706047058105,45.03125958603679,3.269832445454999
4175.70166015625,62.486976623535156,-9.051823616027832,0.016251366585493088,3586.731689453125,72.83903503417969,-8.886747360229492,0.022054394707083702,4121.380859375,73.09827423095703,-9.037607192993164,0.019261682406067848,711.6805419921875,26,2.7171053886413574,0.46158814430236816,33.273529052734375,951.6147514516294,2968.3746283833484,45.024296157447644,3.302259560823187,0.058763328939676285,0.05120943486690521,35.60234069824219,0,6.686272144317627,0.0004886447568424046,3063.8828125,16.302631378173828,45.024296157447644,3.302259560823187
445.8431396484375,71.97835540771484,-6.622955322265625,0.1753273457288742,347.1564636230469,66.46488952636719,-6.35131311416626,0.20792029798030853,348.9728698730469,79.21578979492188,-6.3569793701171875,0.24651873111724854,24.958070755004883,11,2.0825860500335693,0.8945097327232361,-34.577857971191406,192.46707848950237,2892.0781207597875,45.01868397658357,3.3577869388405386,0.4992075562477112,0.49738815426826477,-86.20926666259766,0,8.163681030273438,0.0005965333548374474,-212.0367889404297,12.495515823364258,45.01868397658358,3.357786938840545
7225.87158203125,141.1669921875,-9.647225379943848,0.02121645212173462,4586.05615234375,74.64082336425781,-9.15359878540039,0.017675302922725677,6959.14697265625,149.77389526367188,-9.606389999389648,0.02337275631725788,198.91754150390625,119,2.5333139896392822,2.4519169330596924,-12.74503231048584,18.819323076414694,3150.9803722352704,45.037611037628984,3.370449113988843,0.05309893563389778,0.0529891662299633,23.47047233581543,0,5.948773384094238,0.0004346122150309384,2847.885498046875,15.199884414672852,45.037611037628984,3.370449113988843
386.25384521484375,68.16249084472656,-6.467182159423828,0.19164718687534332,185.97073364257812,66.05121612548828,-5.673611640930176,0.3857145607471466,208.9415740966797,122.08143615722656,-5.80006217956543,0.6345335841178894,25.52353286743164,9,1.8804038763046265,0.6890133619308472,-40.703399658203125,1169.5419442844,2876.341592163299,45.01757125569123,3.2863299891214024,0.5898938775062561,0.5867642760276794,-48.89582061767578,0,6.79704475402832,0.0004967860877513885,111.20137786865234,11.28242301940918,45.01757125569123,3.2863299891214015
3297.660400390625,131.478515625,-8.795515060424805,0.04329908266663551,2065.925537109375,69.89607238769531,-8.287786483764648,0.0367424339056015,2923.978759765625,137.5311279296875,-8.664935111999512,0.051080673933029175,85.1717529296875,72,2.354938507080078,2.0623369216918945,-52.52825164794922,617.5353570223971,3029.126174442547,45.0287271261431,3.3266854946702087,0.10868237912654877,0.10831153392791748,-7.212319374084473,1,7.520049095153809,0.0005495211225934327,2960.576416015625,14.129631042480469,45.0287271261431,3.3266854946702087
694.79931640625,90.1862564086914,-7.104648590087891,0.1409648358821869,468.76812744140625,66.79424285888672,-6.677395343780518,0.15474291145801544,393.6068115234375,86.0411376953125,-6.487656593322754,0.2373959869146347,28.25145721435547,12,1.6124498844146729,0.613379180431366,-40.438446044921875,477.8282029492843,3137.1206730221797,45.03661963078233,3.3368884231877236,0.3407013416290283,0.3396117389202118,-57.96175003051758,2,5.928751468658447,0.0004332009411882609,309.6175842285156,9.674699783325195,45.03661963078233,3.336888423187724
379.5419006347656,67.32470703125,-6.44814920425415,0.19263915717601776,67.77310943603516,65.95992279052734,-4.577643394470215,1.0569454431533813,91.1337890625,65.69605255126953,-4.899198532104492,0.7828700542449951,25.38419532775879,9,1.5549453496932983,0.8525678515434265,62.083343505859375,631.0035276830201,2879.442065321003,45.01777911867315,3.3257189862352234,0.5383065342903137,0.5356512665748596,-49.982444763183594,0,6.876315593719482,0.0005025198915973306,-21.49203872680664,9.329671859741211,45.01777911867315,3.3257189862352234
684.6945190429688,83.21991729736328,-7.088742256164551,0.13199584186077118,523.3565063476562,66.77862548828125,-6.796994209289551,0.1385701596736908,549.6174926757812,94.36652374267578,-6.850151538848877,0.1864606738090515,49.12149429321289,18,1.9229397773742676,1.3913207054138184,-77.75012969970703,312.66891907214807,3047.5926409386693,45.030064416697165,3.348977187990357,0.3262059986591339,0.32610180974006653,-86.56021881103516,0,8.46681022644043,0.0006186547689139843,159.11825561523438,11.537638664245605,45.030064416697165,3.3489771879903576
5651.09130859375,52.10527801513672,-9.380331039428711,0.010013345628976822,5835.16943359375,77.02880096435547,-9.415133476257324,0.014336049556732178,5781.2060546875,57.560028076171875,-9.405046463012695,0.01081265602260828,1167.9832763671875,12,0.82695072889328,0.6441105604171753,-62.67226791381836,1488.4354658108662,2917.413526895292,45.02058435659206,3.262998048552387,0.011174215003848076,0.010401318781077862,-44.9092903137207,3,2.1613869667053223,0.00015797940432094038,5823.9326171875,4.961704254150391,45.02058435659206,3.2629980485523875
762.3284301757812,88.33280944824219,-7.205355167388916,0.12583740055561066,507.5295104980469,66.79729461669922,-6.76365327835083,0.14293132722377777,597.767822265625,81.77484893798828,-6.941331386566162,0.14856518805027008,37.07143783569336,20,1.8688136339187622,1.0492496490478516,-35.207855224609375,41.61833032529295,3110.861401325028,45.0346782245879,3.3687876677985606,0.284028023481369,0.2838740050792694,26.278833389282227,0,8.377134323120117,0.0006120422040112317,212.03138732910156,11.212882041931152,45.0346782245879,3.3687876677985606
427.17138671875,68.25206756591797,-6.576505184173584,0.17351758480072021,402.7190246582031,66.47705078125,-6.512505531311035,0.17926661670207977,427.6141357421875,70.77869415283203,-6.577630043029785,0.17975471913814545,29.3631591796875,11,1.2986514568328857,1.1457312107086182,-7.135187149047852,1491.4801279602566,3013.291329610182,45.02759740623563,3.2627650218937414,0.38251417875289917,0.38088327646255493,-40.47848892211914,0,6.954624176025391,0.0005083007272332907,353.9357604980469,7.7919087409973145,45.02759740623563,3.262765021893741
4201.19775390625,111.07551574707031,-9.058432579040527,0.028712766245007515,3258.989501953125,72.35741424560547,-8.782707214355469,0.02411181479692459,3968.056396484375,117.82447052001953,-8.996444702148438,0.03224686533212662,182.5737762451172,72,2.1360816955566406,1.824512243270874,-37.5725212097168,673.4263011452538,3686.767591891542,45.0768174722712,3.3225139610893226,0.05152154713869095,0.05119498074054718,-18.93952751159668,0,4.50633430480957,0.0003291894681751728,3438.38916015625,12.816490173339844,45.0768174722712,3.322513961089322
1245.001708984375,95.99444580078125,-7.737925052642822,0.08373480290174484,935.6815795898438,67.5243911743164,-7.427820205688477,0.07837226986885071,1043.013427734375,99.92646789550781,-7.545724868774414,0.10404481738805771,52.603450775146484,32,1.8330564498901367,1.6005430221557617,51.46434783935547,233.75839464839328,2840.773834212195,45.01493316034241,3.354774208877322,0.1730821579694748,0.17267154157161713,-76.72869110107422,0,7.373547077178955,0.0005388163845054805,554.9437255859375,10.99833869934082,45.01493316034242,3.354774208877328
477.19866943359375,75.89020538330078,-6.69674825668335,0.17270953953266144,279.2920227050781,66.24604797363281,-6.115146160125732,0.2575913369655609,246.8981475830078,73.40836334228516,-5.981294631958008,0.3228921890258789,26.945865631103516,11,1.5870580673217773,0.9629723429679871,-52.77621841430664,1319.4135528103727,2814.2410965525673,45.013032846286514,3.275373717424211,0.4186563193798065,0.4182991087436676,-76.21502685546875,0,7.388219833374023,0.0005400273948907852,-121.36026000976562,9.522348403930664,45.013032846286514,3.275373717424211
14334.2802734375,78.41407775878906,-10.390939712524414,0.005940841510891914,13779.2197265625,90.11553955078125,-10.348061561584473,0.007102395873516798,14112.6572265625,91.43584442138672,-10.374021530151367,0.007036189083009958,3828.143310546875,23,2.409910202026367,0.542375385761261,-2.4796712398529053,422.8187612483854,3560.164064621948,45.06755099094066,3.340854946551243,0.006464986130595207,0.005425130017101765,-15.43572998046875,3,2.136211395263672,0.00015605258522555232,14155.3212890625,14.459461212158203,45.06755099094065,3.340854946551237
728.9236450195312,91.99628448486328,-7.156704902648926,0.13706232607364655,336.1429138183594,66.36446380615234,-6.316309928894043,0.21440823376178741,301.391845703125,92.15863800048828,-6.197828769683838,0.3320736289024353,27.35649299621582,18,2.6992571353912354,0.9146302342414856,35.97765350341797,760.3209190883417,3094.080848399711,45.03348345936006,3.316235186566676,0.4705809950828552,0.46805498003959656,38.01384735107422,0,9.406651496887207,0.0006873826496303082,-871.3515625,16.19554328918457,45.03348345936006,3.3162351865666753
583.3187255859375,83.19483184814453,-6.914764881134033,0.15488888323307037,167.40927124023438,65.93434143066406,-5.559448719024658,0.42772242426872253,121.86952209472656,82.02017211914062,-5.214737892150879,0.7308956980705261,30.306095123291016,9,2.1277873516082764,0.8390761017799377,-31.800655364990234,259.62483323096683,3070.2207073695586,45.03171687226602,3.3528529239596057,0.6368424296379089,0.6339799165725708,-11.308606147766113,0,7.990726947784424,0.0005838543293066323,-35.04745864868164,12.7667236328125,45.03171687226602,3.352852923959606
29326.62890625,162.7661590576172,-11.168155670166016,0.006027424708008766,23254.31640625,103.5909194946289,-10.916258811950684,0.004837800282984972,28555.015625,154.98593139648438,-11.139205932617188,0.0058944011107087135,1337.617919921875,175,2.2447192668914795,2.1769285202026367,-23.216075897216797,1959.7826019476329,2962.9107068710487,45.02392197367845,3.228509982896894,0.010659715160727501,0.010577511973679066,11.516607284545898,0,3.964155435562134,0.00028976492467336357,29193.98046875,13.468315124511719,45.02392197367844,3.22850998289689
404.6214599609375,68.51390838623047,-6.517622470855713,0.18389065563678741,251.99966430664062,66.21505737304688,-6.003499984741211,0.28535571694374084,228.91055297851562,70.38990783691406,-5.89916467666626,0.3339445888996124,28.803064346313477,10,1.6818510293960571,0.9077933430671692,85.34041595458984,1552.46079021975,2860.793132129326,45.01644416268093,3.2583202265960978,0.36382296681404114,0.36102622747421265,80.97132873535156,0,7.3845109939575195,0.0005397683707997203,219.15440368652344,10.091106414794922,45.01644416268093,3.2583202265960973
1065.6876220703125,104.00599670410156,-7.569074630737305,0.10598839074373245,619.9713134765625,67.02937316894531,-6.980928897857666,0.1174149438738823,904.0,111.89897918701172,-7.390420913696289,0.13442730903625488,44.40606689453125,20,2.1421563625335693,1.7266101837158203,47.575721740722656,1787.7271354350644,4062.003605227368,45.104277581704316,3.240979164992184,0.32323142886161804,0.3220702111721039,-52.24783706665039,2,11.524432182312012,0.0008418744546361268,719.597900390625,12.852937698364258,45.104277581704316,3.240979164992184
1047.512939453125,106.75850677490234,-7.550398349761963,0.1106809601187706,611.86279296875,66.9101333618164,-6.966635227203369,0.11875932663679123,620.2767944335938,90.76359558105469,-6.98146390914917,0.15891173481941223,36.7512092590332,16,3.09869384765625,0.7716640830039978,63.350711822509766,370.59122090064614,2878.97427605752,45.0177338070072,3.344763272453934,0.3222809433937073,0.32136270403862,-19.82257080078125,2,9.256650924682617,0.0006764323334209621,-91.02303314208984,18.5921630859375,45.0177338070072,3.344763272453934
388.77313232421875,65.19650268554688,-6.474240779876709,0.18212009966373444,310.9110412597656,66.28604888916016,-6.231590270996094,0.23153454065322876,303.332763671875,63.492671966552734,-6.204798221588135,0.2273181527853012,28.129610061645508,10,1.63819420337677,0.7459917068481445,-10.866223335266113,1554.6650693712224,3099.8890175637484,45.03393266598117,3.2581335360679304,0.44422781467437744,0.4425732493400574,-54.11317825317383,0,6.599176406860352,0.0004823062045034021,-130.8748016357422,9.8291654586792,45.03393266598117,3.25813353606793
812.0066528320312,93.59532165527344,-7.273899078369141,0.12517695128917694,489.74505615234375,66.7605209350586,-6.7249250411987305,0.14804013073444366,585.1395874023438,91.18191528320312,-6.918148517608643,0.16923066973686218,31.885446548461914,21,1.7050684690475464,1.444953441619873,9.89974594116211,485.61904625746064,3075.2960619006803,45.0320983849918,3.3363266204814424,0.3274504840373993,0.32651272416114807,36.941524505615234,0,9.396918296813965,0.0006866348558105528,314.0690002441406,10.2304105758667,45.0320983849918,3.336326620481442
1104.6324462890625,106.1358642578125,-7.608044624328613,0.10434561222791672,723.6465454101562,67.21711730957031,-7.148816108703613,0.10087491571903229,905.882080078125,106.80024719238281,-7.392679214477539,0.1280355006456375,39.36827850341797,23,2.29901123046875,1.0486356019973755,68.75018310546875,1614.9299838162815,2882.6806851150245,45.01804667291678,3.2537478507419197,0.26937827467918396,0.26923254132270813,36.31051254272461,2,8.144010543823242,0.0005952842184342444,337.3091735839844,13.7940673828125,45.01804667291676,3.25374785074191
369.2803955078125,65.85152435302734,-6.41839075088501,0.19365976750850677,227.7473602294922,66.13850402832031,-5.8936333656311035,0.3153775930404663,157.61192321777344,66.48420715332031,-5.4939727783203125,0.4580988883972168,28.276533126831055,9,1.6680375337600708,0.7763282060623169,-46.203765869140625,102.10238230185588,3047.892172600388,45.0300760423994,3.3643738213291834,0.3558989465236664,0.3547699749469757,-17.966154098510742,0,6.795245170593262,0.000496490451041609,38.728755950927734,10.008225440979004,45.0300760423994,3.364373821329183
1664.808349609375,126.31256103515625,-8.053410530090332,0.08239713311195374,916.2279052734375,67.61164093017578,-7.405008792877197,0.08013971149921417,1373.9775390625,130.4906463623047,-7.844949245452881,0.10314057767391205,39.761802673339844,44,2.408552885055542,2.0800161361694336,-18.541303634643555,606.0127960845012,3030.3429897156348,45.02881565327007,3.327528002086504,0.25467801094055176,0.2534533143043518,-45.94838333129883,3,11.342721939086914,0.0008288567769341171,1155.8385009765625,14.451316833496094,45.02881565327008,3.32752800208651
1400.79248046875,116.486572265625,-7.865934371948242,0.09030918031930923,759.9548950195312,67.26615905761719,-7.201969623565674,0.0961255133152008,938.044189453125,114.59274291992188,-7.430558204650879,0.13266722857952118,41.165531158447266,37,2.434572458267212,1.602311611175537,25.23819923400879,626.5176733655302,2941.3746677914546,45.022309109326415,3.326039459014658,0.23362143337726593,0.23282602429389954,-50.009464263916016,0,11.836517333984375,0.0008649828960187733,392.4200134277344,14.60743522644043,45.022309109326415,3.3260394590146585
2237.98779296875,47.178245544433594,-8.37464427947998,0.022893588989973068,2790.047119140625,71.26434326171875,-8.614028930664062,0.027738984674215317,2819.0986328125,60.79812240600586,-8.625275611877441,0.023421231657266617,350.13690185546875,15,1.45488703250885,0.5866509675979614,2.3824987411499023,204.732504811116,3446.491195602799,45.05922953062506,3.3568157930059357,0.0318424217402935,0.029744591563940048,1.635382890701294,3,4.96627140045166,0.0003627940604928881,2550.384765625,8.72932243347168,45.05922953062506,3.3568157930059357
1109.5552978515625,87.28645324707031,-7.61287260055542,0.08543340861797333,902.6643676757812,67.60931396484375,-7.388815879821777,0.08134111016988754,1020.15576171875,86.0494384765625,-7.521666049957275,0.0916033536195755,56.58057403564453,28,1.500264048576355,1.4155759811401367,-55.34296798706055,702.887878869219,3065.99571012285,45.03142715377909,3.3204389131427634,0.1678313910961151,0.16715018451213837,57.002498626708984,0,5.547883987426758,0.0004054072196595371,821.269775390625,9.00158405303955,45.03142715377909,3.3204389131427634
623.3384399414062,82.74449157714844,-6.986809730529785,0.14416007697582245,429.80615234375,66.55908966064453,-6.583181381225586,0.16817621886730194,437.3738098144531,72.5931625366211,-6.6021318435668945,0.18024896085262299,30.911176681518555,16,1.4391026496887207,1.0424458980560303,35.54224395751953,108.42589908444516,3058.5808136115747,45.030858103283244,3.3639100296420406,0.28370773792266846,0.2821754217147827,41.93766784667969,0,7.319342136383057,0.000534781371243298,337.5330810546875,8.634615898132324,45.030858103283244,3.363910029642041
1966.9417724609375,97.941650390625,-8.234478950500488,0.054076146334409714,1585.16064453125,68.88978576660156,-8.00018310546875,0.04719667509198189,1854.8697509765625,97.5859375,-8.170783996582031,0.05713518708944321,82.60723114013672,44,1.8587154150009155,1.4766747951507568,-36.580726623535156,218.78625627821106,3042.493373106389,45.02968698993112,3.3558427307783663,0.10283604264259338,0.10242295265197754,-26.774398803710938,0,5.220874786376953,0.0003814722294919193,1522.6778564453125,11.152292251586914,45.02968698993112,3.355842730778367
4751.60693359375,200.8994903564453,-9.19210147857666,0.04591643437743187,1438.906982421875,68.62097930908203,-7.895081996917725,0.05179096385836601,3707.7890625,204.62782287597656,-8.9227876663208,0.05993485823273659,47.48878860473633,125,3.688385486602783,3.3400542736053467,87.85388946533203,765.5356237995255,3041.5828565583715,45.02964403525771,3.315860233795711,0.19650422036647797,0.19617754220962524,-5.161080837249756,0,21.060192108154297,0.0015389973996207118,3464.189208984375,22.130313873291016,45.029644035257704,3.3158602337957057
908.3604736328125,93.58346557617188,-7.395645618438721,0.111884705722332,611.329833984375,66.96031951904297,-6.965689182281494,0.11895200610160828,743.0053100585938,93.27920532226562,-7.1774797439575195,0.13633982837200165,35.70825958251953,20,1.6966716051101685,1.52866530418396,72.6574935913086,1906.8538148520488,2909.784989740839,45.02003512495989,3.2323876935482363,0.31713658571243286,0.3163975775241852,43.192970275878906,2,9.642821311950684,0.0007048668921925128,588.69189453125,10.18002986907959,45.02003512495989,3.2323876935482363
893.391845703125,98.73200225830078,-7.377604961395264,0.12001783400774002,679.9374389648438,66.94802856445312,-7.081172466278076,0.10692977905273438,823.895263671875,102.59380340576172,-7.289680004119873,0.1352318376302719,39.018463134765625,23,2.295288562774658,1.335381269454956,3.2747960090637207,485.4343439347515,4076.4985391243517,45.105295535171145,3.3362055045619594,0.31834137439727783,0.3168075382709503,20.803279876708984,3,10.486953735351562,0.0007658851100131869,652.1892700195312,13.77173137664795,45.105295535171145,3.3362055045619594
627.6659545898438,87.20446014404297,-6.994321346282959,0.15088286995887756,151.74330139160156,65.97960662841797,-5.452773571014404,0.47220441699028015,197.80801391601562,66.5676498413086,-5.740609645843506,0.3654678463935852,25.306903839111328,9,1.7519519329071045,0.7576106190681458,60.2308464050293,198.5125132422451,3004.08239321121,45.026876646955856,3.3573302227411332,0.4358717203140259,0.4355432391166687,-88.17427825927734,0,6.880510330200195,0.0005027434672228992,-231.16883850097656,10.511711120605469,45.02687664695585,3.3573302227411266
3437.014892578125,127.7480697631836,-8.840453147888184,0.04036479443311691,2266.96728515625,70.5115966796875,-8.388612747192383,0.03377886861562729,2985.795654296875,126.88560485839844,-8.687650680541992,0.04615110531449318,114.73753356933594,76,2.3505001068115234,1.9829021692276,-10.329439163208008,1574.4073248944624,3023.0367059108485,45.02831217935674,3.2566975569871284,0.0826694518327713,0.08198888599872589,-31.62789535522461,0,5.749529838562012,0.0004202270938549191,2684.045166015625,14.10300064086914,45.02831217935674,3.2566975569871284
387.83990478515625,68.34886169433594,-6.471631050109863,0.19138531386852264,418.5279235839844,66.61302947998047,-6.554311275482178,0.17284809052944183,986.77392578125,157.80287170410156,-7.485544204711914,0.1736709028482437,28.9925537109375,9,1.5923364162445068,0.8548675179481506,68.33553314208984,2016.0170061288957,2989.381278847996,45.02585903672948,3.224393044311625,0.43288299441337585,0.4311741590499878,-40.06764221191406,1,6.968835830688477,0.0005093943909741938,1191.762451171875,9.554018020629883,45.02585903672948,3.2243930443116247
1484.86083984375,111.53916931152344,-7.9292144775390625,0.08157770335674286,894.3883666992188,67.5670166015625,-7.378815174102783,0.0820424035191536,1342.0953369140625,117.29448699951172,-7.819458484649658,0.09491264075040817,44.33407974243164,36,2.2383058071136475,1.8203506469726562,-24.85664939880371,1316.0755778770708,2911.0879388013113,45.02011715002406,3.2756073020930714,0.24823114275932312,0.24761316180229187,-74.35550689697266,3,9.31283187866211,0.0006806696765124798,875.3155517578125,13.429834365844727,45.02011715002406,3.2756073020930714
461.7449951171875,70.0776138305664,-6.66100549697876,0.1648188680410385,353.8966979980469,66.45307159423828,-6.372191429138184,0.2039240300655365,371.82196044921875,66.28348541259766,-6.425837516784668,0.193597674369812,29.500802993774414,12,1.4185527563095093,0.9104201197624207,-65.1342544555664,1304.1355716420198,3006.185856299648,45.02707277639483,3.276470179609282,0.3195256292819977,0.31890732049942017,-7.806419372558594,0,6.78604793548584,0.0004959634970873594,143.94357299804688,8.511316299438477,45.0270727763948,3.276470179609272
1156.6710205078125,94.58702850341797,-7.658024787902832,0.08880788832902908,790.6254272460938,67.2780990600586,-7.244926929473877,0.09241293370723724,783.2459716796875,91.01123046875,-7.234745502471924,0.12619049847126007,55.99083709716797,26,1.6394809484481812,1.3741711378097534,89.20105743408203,559.0138798776408,2923.8886487362793,45.021027318384846,3.33097834121867,0.1367420107126236,0.13641229271888733,16.47698974609375,2,6.296048641204834,0.00046009625657461584,952.9678344726562,9.836885452270508,45.02102731838484,3.330978341218665
467.02288818359375,71.54190063476562,-6.673345565795898,0.1663612276315689,349.6176452636719,66.44418334960938,-6.358983516693115,0.20639227330684662,439.3818359375,99.95098876953125,-6.607105255126953,0.24704429507255554,30.41865348815918,12,2.038785696029663,0.9415338039398193,13.160364151000977,1339.5648007705358,2986.426407219481,45.025628486327086,3.2738807534521737,0.38403257727622986,0.3822133243083954,17.856630325317383,1,8.287883758544922,0.0006057365681044757,33.923763275146484,12.23271369934082,45.025628486327086,3.2738807534521728
1175.1104736328125,116.84188842773438,-7.675196647644043,0.10798158496618271,426.93658447265625,66.60469818115234,-6.575908184051514,0.16942259669303894,668.2940063476562,133.00772094726562,-7.0624189376831055,0.2161419689655304,34.849605560302734,11,1.5008782148361206,0.8778616189956665,61.98900604248047,1746.1217886586023,2866.8954422053152,45.01689477481794,3.244151538166498,0.3947768807411194,0.3929886817932129,-43.020240783691406,3,6.854968070983887,0.0005010788445360959,797.9945068359375,9.005269050598145,45.01689477481794,3.2441515381664976
466.7272033691406,74.7618179321289,-6.6726579666137695,0.17395886778831482,248.85012817382812,66.26030731201172,-5.989844799041748,0.28916481137275696,207.27923583984375,65.93976593017578,-5.791389465332031,0.3454788327217102,27.55459976196289,11,1.768722414970398,0.7148881554603577,-35.810386657714844,1874.1428606998138,2983.1841927968576,45.02540339407401,3.2347736089180548,0.37990495562553406,0.3785530626773834,85.47893524169922,0,6.713855266571045,0.0004907453549094498,-93.27950286865234,10.612334251403809,45.02540339407401,3.234773608918055
2046.114013671875,148.25018310546875,-8.277324676513672,0.07868559658527374,761.4216918945312,67.19258880615234,-7.2040629386901855,0.09583539515733719,1574.548583984375,135.22068786621094,-7.992890357971191,0.0932646170258522,36.60484313964844,39,2.5646657943725586,2.126145601272583,-15.384973526000977,126.17166407457881,2870.5073185484125,45.01710287964208,3.362637401152192,0.3799215257167816,0.3787790834903717,4.226016044616699,2,13.016549110412598,0.00095113564748317,1260.6854248046875,15.387994766235352,45.01710287964208,3.362637401152192
5501.830078125,142.98245239257812,-9.35126781463623,0.02822314389050007,3335.238037109375,72.31317138671875,-8.807817459106445,0.02354617789387703,4966.21630859375,149.36810302734375,-9.240063667297363,0.03266344964504242,128.32891845703125,108,2.5363352298736572,2.4822919368743896,41.205421447753906,703.6612496912729,4066.8072344275975,45.10459674198754,3.3202521161618885,0.07164155691862106,0.0710565447807312,5.679938316345215,0,7.0884575843811035,0.0005177129060029984,4110.50927734375,15.218011856079102,45.10459674198753,3.320252116161883
6188.01123046875,173.0985565185547,-9.478878021240234,0.030378909781575203,2962.836669921875,71.6942367553711,-8.679268836975098,0.026278849691152573,5430.86865234375,184.45684814453125,-9.337173461914062,0.036885470151901245,129.58815002441406,138,3.652292251586914,2.712334632873535,59.294212341308594,1188.2923808918451,2877.723097793476,45.01767287631922,3.2849582763961207,0.09071122109889984,0.09008969366550446,54.26702117919922,0,8.336902618408203,0.0006093339179642498,4573.54833984375,21.913753509521484,45.01767287631922,3.284958276396121
1058.111328125,87.1196517944336,-7.561328411102295,0.08941587060689926,850.6307983398438,67.4775161743164,-7.324352741241455,0.08614851534366608,954.4773559570312,87.91830444335938,-7.449414253234863,0.10003304481506348,44.854801177978516,27,2.0257344245910645,1.0873267650604248,28.391725540161133,1279.7734487432683,2918.612551850731,45.02066654166738,3.2782619773452515,0.175279438495636,0.1749563217163086,37.414939880371094,0,8.244048118591309,0.0006025462062098086,441.89825439453125,12.154406547546387,45.02066654166737,3.278261977345246
