FLUX_ISOCOR,FLUXERR_ISOCOR,MAG_ISOCOR,MAGERR_ISOCOR,FLUX_APER,FLUXERR_APER,MAG_APER,MAGERR_APER,FLUX_AUTO,FLUXERR_AUTO,MAG_AUTO,MAGERR_AUTO,FLUX_MAX,ISOAREA_IMAGE,A_IMAGE,B_IMAGE,THETA_IMAGE,XWIN_IMAGE,YWIN_IMAGE,ra_deg,dec_deg,ERRAWIN_IMAGE,ERRBWIN_IMAGE,ERRTHETAWIN_IMAGE,FLAGS,FWHM_IMAGE,FWHM_WORLD,FLUX_GROWTH,FLUX_GROWTHSTEP,ra_deg_sextractor,dec_deg_sextractor
2240.457275390625,175.55783081054688,-8.375842094421387,0.0850968286395073,1452.37939453125,106.65160369873047,-7.905200004577637,0.0797475054860115,1940.2607421875,182.6016845703125,-8.219650268554688,0.1022055596113205,81.14678955078125,37,2.296987533569336,1.7043585777282715,4.438160419464111,74.46396563181561,24.17316327962658,44.84487319680558,3.314329358963468,0.20168697834014893,0.20137113332748413,57.33356857299805,2,10.425660133361816,0.0007605006685480475,1367.767578125,13.781925201416016,44.84487319680557,3.31432935896348
2819.6767578125,216.9735107421875,-8.62549877166748,0.08356746286153793,1185.127685546875,106.47914123535156,-7.684412956237793,0.09757290035486221,1912.94775390625,205.15521240234375,-8.20425796508789,0.11646871268749237,58.0069580078125,36,2.426226854324341,2.023750066757202,11.425033569335938,668.9770606463574,16.994513113902762,44.84430122769222,3.2710407199761975,0.3045477569103241,0.303891658782959,66.6080093383789,2,13.284408569335938,0.0009689531871117651,1080.341552734375,14.557361602783203,44.84430122769221,3.2710407199762095
1721.8555908203125,176.58644104003906,-8.089991569519043,0.11137570440769196,992.5922241210938,106.11241912841797,-7.491927146911621,0.11609812080860138,2197.66064453125,292.0133361816406,-8.354901313781738,0.14430184662342072,45.32208251953125,14,1.7199068069458008,1.5419585704803467,51.479820251464844,551.8143072409796,18.490201705209923,44.84441977606493,3.279571879573167,0.46547383069992065,0.46483248472213745,-41.3508186340332,2,9.751320838928223,0.0007112626917660236,2327.713623046875,10.319440841674805,44.84441977606493,3.2795718795731794
970.9578247070312,124.25636291503906,-7.468000888824463,0.13897864520549774,805.1925659179688,105.8750228881836,-7.264749526977539,0.14279848337173462,903.4561767578125,126.48057556152344,-7.389767646789551,0.15203604102134705,52.58154296875,16,1.880758285522461,0.9719113111495972,48.2514533996582,752.8725472660434,16.801187816499834,44.84428061631683,3.2649318513126993,0.3113522529602051,0.3100014626979828,53.52053451538086,0,8.086130142211914,0.0005897897062823176,62.756343841552734,11.284549713134766,44.84428061631683,3.2649318513127117
149393.078125,616.8406372070312,-12.935826301574707,0.004484069533646107,2078.297119140625,83.14151000976562,-8.294268608093262,0.043445032089948654,127994.1015625,449.1831359863281,-12.767974853515625,0.0038112138863652945,474.99468994140625,607,163.95985412597656,0.03222829848527908,0.0001063058662111871,191.33440026458766,1.0004639504833874,44.84316781857271,3.305819708361213,0.6612139940261841,0.0002383332757744938,5.343919838196598e-05,26,13.78253173828125,0.0010053522419184446,-1623064.5,983.7591552734375,44.84316781857271,3.305819708361213
41428.22265625,481.64337158203125,-11.543240547180176,0.012625806033611298,4938.26806640625,87.5386962890625,-9.233936309814453,0.019251085817813873,20833.484375,718.24267578125,-10.796904563903809,0.037440281361341476,2046.9156494140625,275,57.5372428894043,1.947621464729309,-1.4070169925689697,603.6242493091787,4.193616716982401,44.843369457753724,3.2757994035610625,0.1009533628821373,0.08383115381002426,-1.0666719675064087,27,43.400936126708984,0.0031656541395932436,-312495.0,345.22344970703125,44.843369457753724,3.2757994035610754
5329.6494140625,176.7368927001953,-9.316746711730957,0.0360129252076149,4014.639892578125,109.79016876220703,-9.009116172790527,0.029699333012104034,4824.888671875,181.72488403320312,-9.208718299865723,0.04090316593647003,202.4814453125,66,2.1352648735046387,1.8101738691329956,-7.225821018218994,711.6881095274006,9.442559599982701,44.8437452682875,3.267930734909272,0.07455737888813019,0.07436660677194595,-2.9097652435302734,16,6.101701259613037,0.00044505082769319415,4203.9599609375,12.811589241027832,44.84374526828749,3.2679307349092848
24513.919921875,337.4300842285156,-10.973531723022461,0.014948612079024315,12604.9609375,109.13291931152344,-10.251354217529297,0.009402516297996044,22377.701171875,438.6800537109375,-10.87453842163086,0.021289343014359474,867.5782470703125,232,10.702592849731445,3.505991220474243,5.79119348526001,630.9058444277233,2.6810287293058255,44.843256655728574,3.2738129097264257,0.030590564012527466,0.025164267048239708,0.519205629825592,27,6.893752098083496,0.0005028271116316319,22697.2734375,64.21556091308594,44.843256655728574,3.273812909726413
2863.668212890625,223.3125762939453,-8.642306327819824,0.08468769490718842,981.3231811523438,106.13939666748047,-7.479530334472656,0.1174611896276474,1413.26220703125,259.0719299316406,-7.875556945800781,0.19907991588115692,73.50273132324219,21,4.28690242767334,0.9623305797576904,73.437744140625,646.186313712028,34.6786003871659,44.84559716855592,3.2727001802353906,0.2685001492500305,0.26732882857322693,77.57835388183594,2,12.173490524291992,0.000887925096321851,1561.1279296875,25.72141456604004,44.84559716855591,3.272700180235403
5981.24462890625,166.359619140625,-9.441978454589844,0.030205510556697845,4730.4677734375,110.7016830444336,-9.187260627746582,0.02541440725326538,5655.5732421875,181.73660278320312,-9.38119125366211,0.03489760309457779,265.46661376953125,65,2.0762085914611816,1.7695878744125366,20.96773910522461,1835.4744042085429,30.747048832730908,44.84522307197839,3.1860960319610676,0.054166972637176514,0.054038576781749725,67.78751373291016,0,4.818775177001953,0.0003514481068123132,5319.42529296875,12.45725154876709,44.84522307197839,3.18609603196108
568.3893432617188,100.77790832519531,-6.886614799499512,0.19255253672599792,258.2414855957031,105.0958480834961,-6.030065059661865,0.4419665038585663,274.455810546875,117.724609375,-6.0961809158325195,0.46582698822021484,55.99346923828125,9,2.093071222305298,0.8137356638908386,-0.5644962191581726,1444.6721062888391,25.08074393327789,44.84483515085132,3.214556051012047,0.31253641843795776,0.12455486506223679,-5.377730369567871,16,7.803213119506836,0.0005691213882528245,-398.74676513671875,12.558427810668945,44.84483515085132,3.214556051012047
1431.044921875,162.6690673828125,-7.889132976531982,0.12344728410243988,808.055419921875,105.96128845214844,-7.2686028480529785,0.14240850508213043,1266.3687744140625,184.4929962158203,-7.7564005851745605,0.15821567177772522,47.68185043334961,22,2.6148030757904053,1.2815228700637817,45.370880126953125,818.4590687643824,37.0823180445496,44.84575973192813,3.260156045876209,0.46769997477531433,0.4660921096801758,33.82773971557617,2,10.967175483703613,0.000799922039732337,713.7217407226562,15.688817977905273,44.84575973192813,3.2601560458762213
686.9244995117188,114.47036743164062,-7.0922722816467285,0.18097305297851562,431.4263916015625,105.44146728515625,-6.58726692199707,0.2654205560684204,445.38018798828125,158.31796264648438,-6.621827125549316,0.3860371708869934,45.73640441894531,10,1.291473150253296,0.8884966969490051,-0.34859225153923035,94.44006357729529,55.147116272370404,44.84713889291877,3.3128748545796,0.35016563534736633,0.3491654098033905,-18.70597267150879,0,6.392186641693115,0.0004662754072342068,591.3519287109375,7.748838901519775,44.84713889291877,3.3128748545796
34488.40234375,228.03921508789062,-11.344182968139648,0.007180691696703434,27662.06640625,135.7587127685547,-11.104711532592773,0.005329824052751064,33320.21484375,219.3531494140625,-11.306769371032715,0.007149339187890291,1613.5552978515625,154,2.1976077556610107,2.141389846801758,58.5706901550293,593.6720016842287,96.31294846923527,44.850111915085314,3.2765239008710534,0.01121060736477375,0.011133425869047642,54.8094596862793,0,3.868868112564087,0.0002821926318574697,34239.2890625,13.185646057128906,44.850111915085314,3.2765239008710534
896.8208618164062,127.784912109375,-7.3817644119262695,0.15474039316177368,628.888427734375,105.52686309814453,-6.996434211730957,0.18222974240779877,528.18359375,142.38282775878906,-6.806962490081787,0.29275378584861755,44.802734375,14,2.0234997272491455,1.1710923910140991,31.60077667236328,19.986448120603963,65.98101462425589,44.84793788202665,3.318296037326359,0.3616034686565399,0.3606832027435303,9.129069328308105,2,9.214803695678711,0.000672177120577544,342.753662109375,12.140998840332031,44.84793788202665,3.3182960373263595
1540.5103759765625,161.7335662841797,-7.969161510467529,0.11401588469743729,759.1832275390625,105.6511001586914,-7.20086669921875,0.15113228559494019,636.504638671875,176.13609313964844,-7.0095038414001465,0.30052223801612854,69.44314575195312,14,2.4455435276031494,0.7032918334007263,87.80494689941406,1946.8771222498087,77.10572916289561,44.84860701958507,3.177982113748783,0.24071747064590454,0.2400728017091751,-40.3539924621582,2,7.841741561889648,0.0005719218170270324,632.4481201171875,14.673261642456055,44.84860701958507,3.1779821137487825
1856.922119140625,187.98805236816406,-8.171984672546387,0.10994269698858261,651.1654663085938,105.76229858398438,-7.034228324890137,0.17638812959194183,960.6280517578125,230.20103454589844,-7.456387996673584,0.2602446675300598,37.83367156982422,14,1.7775958776474,1.4086114168167114,11.201950073242188,605.4662714322243,67.77755507880102,44.84802265597998,3.275665139937694,0.5303990840911865,0.5293834805488586,43.89705276489258,3,9.473695755004883,0.0006910056690685451,1344.8165283203125,10.66557502746582,44.84802265597998,3.2756651399376935
989.06103515625,130.1578369140625,-7.488057613372803,0.1429147571325302,806.0952758789062,105.87617492675781,-7.265965938568115,0.1426401138305664,871.03759765625,222.41270446777344,-7.35009241104126,0.27730169892311096,45.138580322265625,16,1.7895565032958984,1.1846312284469604,42.58677291870117,1839.4270434974774,72.02544101369897,44.84824240937077,3.185807617335656,0.29755184054374695,0.2967374920845032,35.02507781982422,0,8.712705612182617,0.0006354449433274567,1533.1005859375,10.73733901977539,44.84824240937076,3.185807617335681
1282.061767578125,152.84584045410156,-7.769772529602051,0.12947160005569458,679.5969848632812,105.67422485351562,-7.080628395080566,0.1688680350780487,736.805419921875,156.4812774658203,-7.168382167816162,0.23064252734184265,55.99292755126953,20,2.5317060947418213,1.1446813344955444,8.89924144744873,712.6469965313997,69.90435248201892,44.848169856069994,3.267860745272497,0.4098629653453827,0.40818703174591064,11.9027099609375,0,10.19577407836914,0.0007436644518747926,140.52435302734375,15.190237045288086,44.848169856069994,3.2678607452725092
932.3999633789062,127.2168960571289,-7.424005508422852,0.14817412197589874,671.1679077148438,105.78768920898438,-7.067078113555908,0.17117241024971008,1337.01708984375,291.6173400878906,-7.815342426300049,0.23686790466308594,44.49365997314453,15,2.2487685680389404,1.0222941637039185,71.4581298828125,1293.083843018774,78.17390607821474,44.84873058543095,3.225594479907213,0.5715137720108032,0.5702254772186279,73.7751693725586,3,9.075279235839844,0.0006619039922952652,622.0010375976562,13.492610931396484,44.84873058543095,3.225594479907213
799.6986694335938,116.23139953613281,-7.2573161125183105,0.15784357488155365,787.6063842773438,105.7286148071289,-7.2407732009887695,0.1457851082086563,981.84765625,170.72586059570312,-7.480110168457031,0.18883609771728516,46.996585845947266,13,1.883272647857666,1.0878973007202148,-21.591341018676758,1510.7739398158494,73.46458011926589,44.84837026157681,3.2097418971861735,0.40431639552116394,0.4038029611110687,-16.032798767089844,2,8.56425952911377,0.0006246253615245223,516.7099609375,11.299635887145996,44.848370261576804,3.2097418971861855
593.200927734375,105.27718353271484,-6.933004379272461,0.19273574650287628,411.35693359375,105.33284759521484,-6.535547256469727,0.2780832350254059,646.5411987304688,222.27713012695312,-7.026490688323975,0.3733605146408081,37.229515075683594,9,1.7732834815979004,0.9829884767532349,-29.77817153930664,1727.1296708082418,80.7021867022304,44.8488846788591,3.193985783292025,0.6609658598899841,0.6600806713104248,-4.440998077392578,1,7.8948469161987305,0.0005757976905442774,535.3909912109375,10.639700889587402,44.8488846788591,3.193985783292025
551.3152465820312,95.82806396484375,-6.853499889373779,0.18876546621322632,562.9739990234375,105.44296264648438,-6.876220703125,0.20340381562709808,487.23834228515625,93.0841064453125,-6.719353675842285,0.20747411251068115,46.97719192504883,9,2.1433985233306885,0.5040407180786133,-28.194679260253906,1295.8298627984104,80.12863288993246,44.84887340013558,3.2253944990020074,0.3617004156112671,0.3600934147834778,-18.35687828063965,3,6.2001051902771,0.00045220350148156285,930.7346801757812,12.860391616821289,44.84887340013558,3.225394499002007
7654.7646484375,135.00929260253906,-9.709829330444336,0.019154096022248268,3172.38623046875,108.71499633789062,-8.753464698791504,0.03721630200743675,7085.61083984375,198.8442840576172,-9.625943183898926,0.030476538464426994,561.1211547851562,52,4.942538261413574,0.8993797898292542,45.8637809753418,459.6632670262552,104.91180015890606,44.85075198296956,3.286281697028317,0.14252504706382751,0.13803501427173615,45.33847427368164,0,12.638059616088867,0.0009218259365297854,2557.322265625,29.655229568481445,44.85075198296956,3.2862816970283166
3479.70849609375,211.2913818359375,-8.853857040405273,0.06594301015138626,1918.3157958984375,107.11409759521484,-8.207300186157227,0.060639604926109314,2587.923828125,218.99571228027344,-8.532379150390625,0.09189967066049576,102.32463073730469,57,2.410801887512207,2.020115375518799,-40.044063568115234,1981.2597282470012,103.48112969840365,44.850534131365556,3.1754776476154825,0.1409134566783905,0.14058631658554077,-69.87008666992188,0,8.116509437561035,0.0005919616669416428,2879.9970703125,14.464811325073242,44.850534131365556,3.175477647615482
971.8397216796875,133.81048583984375,-7.468986511230469,0.14952896535396576,642.8710327148438,105.58610534667969,-7.0203094482421875,0.1783662736415863,559.99365234375,130.3809051513672,-6.870457649230957,0.25284868478775024,51.68575668334961,15,2.1488664150238037,0.7260721325874329,-58.99106216430664,1072.461039584163,99.33083660830273,44.850295197165444,3.2416600446164154,0.26444128155708313,0.26381829380989075,-30.292057037353516,0,7.4657182693481445,0.0005445191054604948,-12.877256393432617,12.893198013305664,44.850295197165444,3.241660044616428
859.489990234375,120.11176300048828,-7.335602283477783,0.15176601707935333,702.345703125,105.78589630126953,-7.116377353668213,0.16357113420963287,681.343994140625,110.53427124023438,-7.083415985107422,0.17618151009082794,50.4964599609375,14,1.6065247058868408,0.8404309749603271,-13.297724723815918,1449.6658150445753,87.38788034313758,44.84939327093889,3.2141918468647845,0.30529865622520447,0.3034193217754364,1.8683744668960571,0,6.094028472900391,0.00044446293031796813,231.2533416748047,9.639148712158203,44.84939327093889,3.2141918468647974
2552.59130859375,156.8583221435547,-8.51745319366455,0.06673537194728851,1937.231201171875,107.2602767944336,-8.2179536819458,0.06012945622205734,2251.368896484375,163.22879028320312,-8.38111686706543,0.07873719185590744,111.5704345703125,39,2.2452738285064697,1.355338454246521,82.4914321899414,13.34904902173003,106.46820702440682,44.85090210637903,3.3187793835582586,0.13328473269939423,0.13243475556373596,72.43582153320312,18,8.468330383300781,0.0006177229806780815,-802.5271606445312,13.471643447875977,44.850902106379024,3.318779383558271
1630.8326416015625,156.65530395507812,-8.031023025512695,0.1043195053935051,1197.059814453125,106.3708267211914,-7.695289611816406,0.09650204330682755,1471.1820068359375,153.58880615234375,-7.919166088104248,0.11337648332118988,65.89630889892578,27,1.8570752143859863,1.5349899530410767,-14.051104545593262,1674.8367029340618,94.07748352378321,44.84986673823044,3.1977939147310654,0.25561338663101196,0.25550729036331177,-13.152915954589844,2,10.111637115478516,0.000737476977519691,1183.426025390625,11.142451286315918,44.84986673823044,3.1977939147310654
652.0,112.07534790039062,-7.035618782043457,0.18667764961719513,336.3269958496094,105.19556427001953,-6.316904544830322,0.33967649936676025,514.4033203125,268.5674133300781,-6.77825927734375,0.5669952034950256,38.43680953979492,9,4.188374042510986,2.035022735595703,5.543689250946045,527.3847229103864,98.83266924002106,44.850301626164196,3.281350595856769,0.5215697288513184,0.5209329724311829,8.558037757873535,18,17.513212203979492,0.0012774120550602674,-3082.233154296875,25.130245208740234,44.850301626164196,3.281350595856769
727.0650634765625,106.85709381103516,-7.153933048248291,0.15960992872714996,875.1837158203125,106.21126556396484,-7.355247974395752,0.13179568946361542,1140.837158203125,207.30508422851562,-7.643059253692627,0.1973404586315155,55.23945236206055,12,1.9348443746566772,0.8702212572097778,-46.165992736816406,527.9973722369724,97.92048215550433,44.8502348183098,3.2813059865853624,0.35378289222717285,0.35342687368392944,-41.442222595214844,2,7.06023645401001,0.0005149728385731578,425.628173828125,11.609066009521484,44.8502348183098,3.2813059865853624
18071.03515625,288.6874694824219,-10.642457962036133,0.017349010333418846,9107.7431640625,115.88933563232422,-9.898527145385742,0.013818551786243916,17307.79296875,300.34100341796875,-10.595603942871094,0.018845288082957268,352.2650146484375,196,3.298733711242676,3.0623815059661865,-48.50449752807617,1512.4172644674945,137.4673897886145,44.8530525387352,3.2096216549494336,0.04940996691584587,0.049330513924360275,32.189266204833984,0,6.346947193145752,0.0004629078321158886,16610.349609375,19.792402267456055,44.8530525387352,3.2096216549494336
6326.1171875,261.6763610839844,-9.502842903137207,0.044921793043613434,2967.203125,108.50162506103516,-8.680868148803711,0.03971172869205475,5150.3603515625,259.7409973144531,-9.279594421386719,0.05476873368024826,121.96385955810547,100,3.1324870586395264,2.5130364894866943,-64.99464416503906,1207.5005892638476,137.3564569623647,44.853067142431215,3.2318263384774437,0.14091500639915466,0.140501469373703,-50.158180236816406,0,10.721067428588867,0.0007819423917680979,3679.80908203125,18.794921875,44.85306714243121,3.231826338477456
633.5154418945312,110.28053283691406,-7.004393100738525,0.18904773890972137,116.55863952636719,104.95638275146484,-5.166361331939697,0.9778994917869568,101.15254211425781,107.81645965576172,-5.012442111968994,1.157545566558838,39.62310791015625,9,2.2150979042053223,0.6533492207527161,-48.38485336303711,1959.9884378695072,113.11785337136413,44.85124041898601,3.17702669994045,0.27646708488464355,0.27191513776779175,-88.8897705078125,0,7.187778949737549,0.0005242268089205027,-114.00249481201172,13.290587425231934,44.85124041898601,3.17702669994045
704.4772338867188,113.24018096923828,-7.1196675300598145,0.17456750571727753,297.5976257324219,105.31246948242188,-6.1840739250183105,0.3843086361885071,149.74241638183594,146.57467651367188,-5.438362121582031,1.0630260705947876,41.94581604003906,11,2.2559969425201416,1.1445120573043823,-23.55094337463379,912.6373530434032,103.32991453477445,44.85060018877895,3.2532980705810886,0.3268175423145294,0.18075142800807953,-23.57662582397461,0,9.621066093444824,0.000701729382853955,-445.3949279785156,13.535982131958008,44.85060018877894,3.253298070581101
6178.34814453125,204.28721618652344,-9.477180480957031,0.03590861335396767,4080.573486328125,110.02999114990234,-9.026803016662598,0.029283277690410614,5974.232421875,209.89173889160156,-9.440705299377441,0.03815426304936409,184.06634521484375,82,2.597608804702759,1.959907054901123,-87.77035522460938,1867.897588643482,138.6267912962808,44.8531124737438,3.1837332879705724,0.08663786202669144,0.0861709713935852,71.32810974121094,0,6.849180698394775,0.0004995327326469123,4521.44775390625,15.585653305053711,44.8531124737438,3.183733287970585
190257.03125,772.9939575195312,-13.198351860046387,0.004412301816046238,43239.078125,150.319580078125,-11.589691162109375,0.0037754520308226347,183741.265625,753.90478515625,-13.160516738891602,0.004455943126231432,1473.2674560546875,1546,8.580979347229004,7.168057441711426,77.19674682617188,1310.5564315202635,264.93340646263755,44.862393246629864,3.224321012182195,0.022187884896993637,0.021976320073008537,75.16756439208984,0,8.143733024597168,0.0005939591792412102,190200.515625,51.485877990722656,44.862393246629864,3.2243210121821955
9860.15625,281.3499450683594,-9.984709739685059,0.030987951904535294,4423.27392578125,110.44739532470703,-9.114359855651855,0.027116987854242325,8853.29296875,279.8329162597656,-9.867762565612793,0.03432604670524597,155.93356323242188,141,3.1822152137756348,2.8473386764526367,19.36336326599121,201.71454272923106,146.14604610321592,44.85379098443013,3.305063978878126,0.09971074014902115,0.09946472942829132,-9.744963645935059,0,9.67580795288086,0.0007057792972773314,8694.90234375,19.093292236328125,44.85379098443013,3.305063978878126
17781.83203125,301.9574279785156,-10.624940872192383,0.018441619351506233,8184.447265625,114.81461334228516,-9.78247356414795,0.015234830789268017,16905.328125,324.0001525878906,-10.570058822631836,0.020813802257180214,292.2127685546875,205,4.365286827087402,2.582951068878174,63.2896728515625,1156.3435288239777,179.64709748729373,44.856165354836165,3.2355514112918327,0.05910535156726837,0.05816948786377907,66.775390625,0,8.525615692138672,0.0006218181806616485,15421.029296875,26.191720962524414,44.85616535483616,3.2355514112918455
1219.0755615234375,141.02102661132812,-7.715076446533203,0.12562702596187592,914.0556030273438,106.42500305175781,-7.402431488037109,0.1264447718858719,1244.33203125,177.8335723876953,-7.737340927124023,0.15520556271076202,54.93959426879883,20,1.5211025476455688,1.2899909019470215,-74.64881134033203,1534.7359787424673,137.25380626269077,44.85303529657964,3.207996316185834,0.28817620873451233,0.28797388076782227,-40.343196868896484,2,6.872653961181641,0.0005012492765672505,1172.08935546875,9.126615524291992,44.85303529657964,3.207996316185834
7023.3779296875,230.46969604492188,-9.616365432739258,0.03563671186566353,3774.9765625,109.57658386230469,-8.942285537719727,0.03152342140674591,6363.203125,234.73341369628906,-9.50918960571289,0.04006166011095047,161.4241180419922,98,3.4856443405151367,1.8372492790222168,-71.7480697631836,753.6240487922574,162.23363042720212,44.85492318054338,3.264876803650997,0.10835996270179749,0.10737344622612,-77.62650299072266,0,10.485335350036621,0.0007647767197340727,3301.2578125,20.91386604309082,44.85492318054338,3.264876803650997
17512.98046875,302.4734191894531,-10.608400344848633,0.018756723031401634,7984.9091796875,114.58102416992188,-9.755675315856934,0.015583770349621773,16341.423828125,312.7660217285156,-10.533225059509277,0.02078545279800892,270.5678405761719,204,3.5429248809814453,3.134340763092041,66.86862182617188,503.758704625339,169.48448780517293,44.855474201734346,3.283070923031834,0.05800030753016472,0.05765596777200699,49.6368408203125,0,8.602763175964355,0.0006274827173911035,16178.611328125,21.257549285888672,44.855474201734346,3.2830709230318464
2659.752197265625,201.69686889648438,-8.562103271484375,0.0823545902967453,1365.2315673828125,106.66498565673828,-7.838016033172607,0.08484873920679092,2208.643310546875,227.1060028076172,-8.36031436920166,0.11166905611753464,65.55510711669922,44,2.5783472061157227,2.3376004695892334,-87.2994613647461,123.91209860674357,166.20757256637305,44.85526582332847,3.3107290830356697,0.3020089864730835,0.30154359340667725,-62.10371398925781,0,14.722031593322754,0.0010738740675151348,919.0133056640625,15.470083236694336,44.85526582332848,3.3107290830356573
1390.679443359375,139.74168395996094,-7.858067512512207,0.10912613570690155,1116.933349609375,106.35196685791016,-7.620068073272705,0.10340656340122223,1284.0074462890625,157.64564514160156,-7.771419048309326,0.13333502411842346,61.361602783203125,12,1.4093656539916992,1.147507667541504,-8.884993553161621,438.91849873573807,149.43723811047306,44.854012355080634,3.2877922289785793,0.25156649947166443,0.25105130672454834,68.55567169189453,3,5.215104579925537,0.0003803916915785521,1048.2142333984375,8.456193923950195,44.854012355080634,3.2877922289785797
1703.0120849609375,165.73631286621094,-8.078043937683105,0.10568899661302567,1147.5767822265625,106.18477630615234,-7.649454593658447,0.1004871055483818,2925.08154296875,323.6091613769531,-8.665345191955566,0.12014692276716232,78.64653015136719,28,2.5921614170074463,1.2343946695327759,-52.664554595947266,1780.4518026737182,161.38821232651506,44.85478346445278,3.190101555398731,0.37060222029685974,0.37006616592407227,-71.46974182128906,3,10.715873718261719,0.0007815446588210762,3140.84912109375,15.552968978881836,44.85478346445278,3.190101555398731
1449.176513671875,160.62635803222656,-7.902803421020508,0.12037196755409241,924.1723022460938,105.94322204589844,-7.414382457733154,0.12449447065591812,2778.880126953125,343.23834228515625,-8.609674453735352,0.13413922488689423,57.07621765136719,23,3.0145022869110107,1.102546215057373,-38.31993865966797,1782.866624028087,160.66691829060568,44.85473053325337,3.1899256970990377,0.45984023809432983,0.4592295289039612,-50.411712646484375,3,10.922220230102539,0.0007965940167196095,2998.06591796875,18.087013244628906,44.85473053325337,3.189925697099038
2116.3876953125,180.34909057617188,-8.313987731933594,0.0925440639257431,1316.12646484375,106.47992706298828,-7.798243999481201,0.08786176890134811,1666.834716796875,176.30029296875,-8.054731369018555,0.11486569046974182,63.6055908203125,35,2.1973626613616943,1.6488739252090454,-24.80958366394043,1051.1666718508964,157.789067110307,44.85457425186488,3.24321043721354,0.23897750675678253,0.23879067599773407,-22.362380981445312,0,9.77780818939209,0.0007131530437618494,693.0237426757812,13.184175491333008,44.85457425186488,3.2432104372135644
576.8912963867188,102.52516174316406,-6.902734756469727,0.19300399720668793,656.35888671875,105.60325622558594,-7.042853355407715,0.17472931742668152,747.1740112304688,120.0985336303711,-7.183554172515869,0.17456041276454926,43.01118850708008,9,1.2324365377426147,0.7861999273300171,-6.088647842407227,439.46630431062977,150.49069504363925,44.85408940940794,3.287752341601128,0.27136948704719543,0.2704686224460602,28.786474227905273,3,4.762240409851074,0.0003473593096714467,628.7499389648438,7.394618988037109,44.85408940940794,3.2877523416011285
73537.71875,279.8949279785156,-12.166275024414062,0.004133468959480524,58437.52734375,163.41244506835938,-11.916729927062988,0.0030368485022336245,71122.3359375,252.46304321289062,-12.13001537322998,0.0038549755699932575,3515.962158203125,224,2.316282272338867,2.2918009757995605,23.25473403930664,1427.3548469567136,193.03549433524992,44.85712415480763,3.215815792322322,0.006462205201387405,0.006393231451511383,72.04243469238281,0,3.797712564468384,0.00027698304620571434,73405.8828125,13.897693634033203,44.85712415480763,3.215815792322322
6048.7265625,118.09252166748047,-9.4541597366333,0.021202558651566505,2728.62646484375,108.3272476196289,-8.589859962463379,0.04311450943350792,5396.24951171875,154.8777313232422,-9.330229759216309,0.031169280409812927,489.9864196777344,30,3.7425765991210938,0.6993979215621948,13.340744972229004,1559.039649876004,170.6451627068606,44.85547637230927,3.2062261208106206,0.15401776134967804,0.14972372353076935,10.132598876953125,2,9.687397956848145,0.0007065387908369303,3565.124755859375,22.455459594726562,44.85547637230927,3.206226120810621
3557.098876953125,183.3584747314453,-8.877739906311035,0.05598025396466255,2367.304443359375,107.91902923583984,-8.435635566711426,0.04950781166553497,3014.389892578125,179.1650390625,-8.697999000549316,0.06454812735319138,118.70832061767578,54,2.5258572101593018,1.4506287574768066,17.173227310180664,284.33513809005217,167.0104358151908,44.85531126892044,3.2990481101638527,0.12325769662857056,0.12229921668767929,28.219667434692383,0,7.825510025024414,0.0005708059179596603,1630.1124267578125,15.155143737792969,44.85531126892044,3.299048110163853
26509.21875,218.6793670654297,-11.058492660522461,0.008958611637353897,20858.373046875,128.92193603515625,-10.798200607299805,0.006712375208735466,25730.884765625,218.19595336914062,-11.02613639831543,0.00920919794589281,1190.6185302734375,141,2.254801034927368,2.1526248455047607,-47.07450485229492,1584.681300035631,189.52484695863131,44.85685568526839,3.204358597932067,0.014196440577507019,0.014096549712121487,70.63590240478516,3,3.8747165203094482,0.00028259758255444467,26761.283203125,13.528806686401367,44.85685568526839,3.2043585979320794
1094.3017578125,132.68228149414062,-7.597842693328857,0.13167570531368256,856.4871215820312,106.10517120361328,-7.331801891326904,0.1345381736755371,888.276611328125,118.4226303100586,-7.371370792388916,0.14478257298469543,49.20983123779297,18,1.511426568031311,1.0696802139282227,-63.361724853515625,1227.300671793513,166.3986779826211,44.85519052822582,3.2303843323200088,0.2697947919368744,0.2689383924007416,-57.613101959228516,0,7.600905418395996,0.0005543719162233174,493.5473937988281,9.068559646606445,44.85519052822582,3.2303843323200083
1300.2552490234375,149.54403686523438,-7.78507137298584,0.12490226328372955,845.738525390625,105.8851089477539,-7.318090438842773,0.1359654664993286,1039.12158203125,169.48471069335938,-7.541666030883789,0.17713075876235962,48.5244255065918,21,1.9867976903915405,1.2795480489730835,-88.99292755126953,825.398229559459,175.8235966688131,44.85591185525291,3.259650416593882,0.3313983678817749,0.3305305540561676,80.75161743164062,0,9.5462007522583,0.0006962731131352484,828.2791137695312,11.920785903930664,44.85591185525291,3.2596504165938818
23985.490234375,421.90643310546875,-10.949871063232422,0.01910281553864479,6934.7783203125,113.49810791015625,-9.602581024169922,0.017774026840925217,21981.65625,462.3610534667969,-10.855151176452637,0.02284286916255951,241.18161010742188,332,6.273812294006348,3.400486469268799,9.048689842224121,1580.3773115391366,204.84346683821005,44.85797665556923,3.2046719070291725,0.0901981070637703,0.0892474502325058,24.530439376831055,3,15.476505279541016,0.0011287597008049488,22686.615234375,37.64287567138672,44.85797665556923,3.2046719070291725
1090.3348388671875,130.7156524658203,-7.593899726867676,0.1301959604024887,884.83203125,105.93467712402344,-7.367152214050293,0.13001908361911774,960.733642578125,152.42581176757812,-7.456507682800293,0.17230002582073212,60.809078216552734,18,1.6966415643692017,1.4016551971435547,10.030467987060547,523.8050972290414,175.5108565173548,44.855913586626386,3.2816112487716302,0.25047945976257324,0.2504158914089203,-21.173728942871094,2,7.107821464538574,0.0005184406763873994,960.0352783203125,10.179849624633789,44.855913586626386,3.2816112487716182
1144.7957763671875,93.2286148071289,-7.646820068359375,0.08844047039747238,837.8521728515625,105.95774841308594,-7.307918548583984,0.13733939826488495,793.2596435546875,112.62996673583984,-7.248538494110107,0.15419434010982513,139.7305908203125,16,1.4456475973129272,1.0256491899490356,1.9207003116607666,1356.9170975949614,169.23284190439395,44.85538802248408,3.2209454349608952,0.1085573211312294,0.10683263838291168,33.72722625732422,0,4.897030353546143,0.00035716217826120555,431.33013916015625,8.673885345458984,44.85538802248407,3.2209454349609072
4822.88818359375,82.2734146118164,-9.208268165588379,0.018526021391153336,4691.9248046875,110.77351379394531,-9.178378105163574,0.02563980408012867,4574.6962890625,95.4245834350586,-9.15090560913086,0.022653110325336456,867.4413452148438,20,1.3818650245666504,0.641520619392395,2.20414662361145,1063.942016971532,177.095725582749,44.85598591284982,3.242280079860317,0.023742614313960075,0.020982280373573303,-1.1794832944869995,0,5.608397006988525,0.00040905270725488663,4478.1044921875,8.291190147399902,44.85598591284982,3.242280079860317
2436.18994140625,85.96917724609375,-8.466777801513672,0.03832317143678665,2259.27880859375,107.37774658203125,-8.38492488861084,0.051614806056022644,3874.22802734375,134.5659637451172,-8.970462799072266,0.037720710039138794,253.92938232421875,20,2.5513033866882324,0.530958890914917,3.1945159435272217,1572.552507152579,172.7339889032529,44.855628202877405,3.205242027972527,0.09095994383096695,0.02116779237985611,0.6954820156097412,18,6.951748847961426,0.0005070172483101487,2843.498779296875,15.307820320129395,44.855628202877405,3.205242027972527
1416.1702880859375,163.7508544921875,-7.877788543701172,0.12557347118854523,455.7831115722656,105.55542755126953,-6.646895408630371,0.2515082061290741,959.9815063476562,622.719970703125,-7.455657005310059,0.7044655084609985,40.67047119140625,21,4.022866725921631,2.962625741958618,31.48057746887207,1606.2873661330368,202.7116159007951,44.857818805366804,3.2027850045385806,0.36307650804519653,0.3613925576210022,-28.242069244384766,3,20.714067459106445,0.0015107536455616355,4481.96875,24.13719940185547,44.857818805366804,3.2027850045385806
7795.41357421875,190.46023559570312,-9.729598045349121,0.026533527299761772,5594.73486328125,111.82333374023438,-9.3694486618042,0.021706148982048035,7557.18359375,205.11619567871094,-9.695899963378906,0.029476085677742958,236.2982177734375,85,2.447040319442749,1.9558115005493164,-87.78592681884766,780.0806676083656,204.0162982518498,44.857978570414915,3.262950282042674,0.06020859628915787,0.05989576131105423,-84.87071990966797,2,7.100094318389893,0.0005178622668609023,6443.33935546875,14.682241439819336,44.857978570414915,3.262950282042674
1211.880126953125,128.61175537109375,-7.708649158477783,0.11525262892246246,886.9895629882812,105.93740844726562,-7.369796276092529,0.12970617413520813,940.1797485351562,124.77806854248047,-7.433027267456055,0.14413093030452728,64.94602966308594,20,1.876484990119934,0.9783239364624023,-42.079471588134766,686.9096078536153,192.28088544612112,44.85712742941329,3.269734690794426,0.20633551478385925,0.20569154620170593,-55.27000045776367,0,8.103672981262207,0.0005910664331167936,-155.90269470214844,11.258910179138184,44.85712742941329,3.269734690794426
3226.53271484375,205.49526977539062,-8.77184009552002,0.06916646659374237,1804.4757080078125,107.13481903076172,-8.140877723693848,0.06447768211364746,3387.09375,307.5103759765625,-8.824567794799805,0.09859669953584671,81.46700286865234,41,2.9674320220947266,1.4168338775634766,-30.099966049194336,1607.2275553111656,205.83916717805644,44.85804753542392,3.202716506841866,0.19620782136917114,0.19544433057308197,-35.72087860107422,3,12.289798736572266,0.0008963405271060765,5016.56298828125,17.80459213256836,44.85804753542392,3.2027165068418535
2528.20166015625,174.9016876220703,-8.50702953338623,0.07512977719306946,1738.7027587890625,107.01146697998047,-8.100563049316406,0.06683974713087082,2193.139404296875,154.21865844726562,-8.352665901184082,0.07636608183383942,76.3274917602539,37,1.9098795652389526,1.4610661268234253,87.17389678955078,1851.4802179647818,204.9969730506273,44.857968592128024,3.184928133807044,0.1819854974746704,0.18173770606517792,76.3228759765625,3,7.083680629730225,0.0005166365299373865,1534.6395263671875,11.459277153015137,44.857968592128024,3.184928133807044
3564.92578125,225.2369842529297,-8.880125999450684,0.06861499696969986,1954.5147705078125,107.32269287109375,-8.2275972366333,0.05963242053985596,3520.836181640625,344.800048828125,-8.86661434173584,0.10635338723659515,86.72106170654297,59,2.887071371078491,2.3541769981384277,57.29900360107422,1607.6571615981304,209.75164135831636,44.858333724098884,3.2026851860714354,0.19225795567035675,0.19141651690006256,89.0556411743164,3,11.416960716247559,0.0008326812530867755,4851.72900390625,17.32242774963379,44.85833372409888,3.202685186071435
1526.8905029296875,139.7480010986328,-7.959519863128662,0.09939568489789963,1209.3060302734375,106.30398559570312,-7.706340312957764,0.09546477347612381,1623.7650146484375,186.52101135253906,-8.026308059692383,0.12474823743104935,78.98512268066406,25,1.5504505634307861,1.3119510412216187,-11.900472640991211,1106.7086711128827,205.81456002238792,44.85808385945428,3.2391657289363778,0.21368308365345,0.21327605843544006,-57.32761764526367,2,6.988104820251465,0.0005096807144582272,1434.2855224609375,9.302703857421875,44.85808385945428,3.239165728936365
2722.836669921875,164.4779510498047,-8.587553977966309,0.06560182571411133,2017.3050537109375,107.68607330322266,-8.26192855834961,0.05797193571925163,2154.77001953125,166.46853637695312,-8.333502769470215,0.08389982581138611,95.24748229980469,42,1.8590221405029297,1.73331880569458,28.05399513244629,970.4512192018029,218.18606527082568,44.85899996167653,3.2490878806926444,0.12220790237188339,0.1220640018582344,4.476553440093994,0,7.139955043792725,0.0005207608337514102,2466.5009765625,11.154132843017578,44.85899996167653,3.249087880692656
3810.810791015625,158.4821014404297,-8.952543258666992,0.04516402631998062,3047.60107421875,108.5607681274414,-8.709895133972168,0.03868518024682999,3506.160888671875,162.9201202392578,-8.862079620361328,0.050462957471609116,160.45074462890625,50,1.896744728088379,1.5991406440734863,-12.677629470825195,2016.6412674910682,219.338722508771,44.85900649032157,3.172899096955925,0.08185113966464996,0.08163144439458847,68.13834381103516,0,5.4632673263549805,0.00039845434366725385,3448.357177734375,11.380468368530273,44.85900649032157,3.1728990969559256
2421.409912109375,182.84024047851562,-8.46017074584961,0.08200366795063019,1538.790771484375,106.7193374633789,-7.967948913574219,0.07531706243753433,1853.409912109375,173.9443359375,-8.169928550720215,0.1019221618771553,77.80914306640625,40,2.101985454559326,1.6809624433517456,-75.12523651123047,968.6269372223663,232.77842118308885,44.86006784977345,3.249220695546822,0.19169576466083527,0.19160033762454987,75.22917938232422,0,9.335329055786133,0.0006808826583437622,1678.34912109375,12.611912727355957,44.86006784977345,3.249220695546822
786.2311401367188,104.86226654052734,-7.238875389099121,0.1448434442281723,750.3988037109375,105.80551147460938,-7.188230514526367,0.15312495827674866,720.6014404296875,96.86983489990234,-7.144237995147705,0.1459900438785553,61.732635498046875,13,1.0884532928466797,0.9985283017158508,-84.52102661132812,202.72728791849136,220.00575541491335,44.85919692208136,3.304990425639332,0.23037898540496826,0.22992749512195587,74.01261901855469,0,4.619095802307129,0.0003369265468791127,637.0341796875,6.530719757080078,44.85919692208136,3.304990425639332
544.2557983398438,91.50592803955078,-6.839507579803467,0.1825895756483078,645.6300048828125,105.58961486816406,-7.024959087371826,0.17760996520519257,568.0375366210938,96.65813446044922,-6.885942459106445,0.18479542434215546,55.58414840698242,9,1.3353774547576904,0.6767988801002502,13.106454849243164,256.5129574526036,215.8592817037996,44.85888889053091,3.3010740687074978,0.3042559325695038,0.30354219675064087,43.75799560546875,2,5.663670063018799,0.0004131171153858304,262.8958740234375,8.012264251708984,44.85888889053091,3.3010740687074978
631.0717163085938,110.02474975585938,-7.000196933746338,0.18933962285518646,341.2126159667969,105.32652282714844,-6.3325629234313965,0.33522969484329224,212.58352661132812,101.69276428222656,-5.81882381439209,0.5195056200027466,46.243408203125,9,1.816109538078308,0.6723548173904419,29.68053436279297,1436.9542569766918,224.43073428525645,44.859420303905765,3.2151165167781754,0.345254510641098,0.3438662886619568,65.39920806884766,0,6.596419811248779,0.00048110418720170856,-267.4625549316406,10.89665699005127,44.859420303905765,3.215116516778175
1945.207275390625,176.8409881591797,-8.22241497039795,0.09872948378324509,1170.4459228515625,106.37837982177734,-7.6708784103393555,0.09870333969593048,1737.1561279296875,171.31886291503906,-8.099596977233887,0.10710164904594421,59.92850875854492,29,2.0883772373199463,1.6486228704452515,-80.32833099365234,1838.0667248076861,240.41321469937205,44.86056022844911,3.185904624145001,0.33429571986198425,0.3338208794593811,88.41828155517578,2,11.117351531982422,0.0008108265465125442,1278.7470703125,12.530263900756836,44.86056022844911,3.185904624145001
600.7874755859375,106.37483215332031,-6.946802139282227,0.19228607416152954,242.58351135253906,105.15911102294922,-5.96215295791626,0.4707772433757782,240.3856201171875,122.2457046508789,-5.952270984649658,0.5522744655609131,39.46400451660156,9,2.0971033573150635,0.8456969857215881,-82.27610778808594,1982.0607060821617,232.7956698126174,44.859993132023554,3.1754174945560445,0.6015855669975281,0.6002174019813538,-61.45307922363281,1,7.963931083679199,0.0005808363785035908,7.342350959777832,12.582620620727539,44.859993132023554,3.1754174945560445
789.8790893554688,112.531982421875,-7.24390172958374,0.1547195464372635,681.3590087890625,105.96595001220703,-7.083439826965332,0.16889631748199463,737.54345703125,129.7229461669922,-7.169468879699707,0.19101127982139587,63.30332565307617,13,1.9135091304779053,1.0238511562347412,74.19680786132812,184.57060680342377,238.47508675918132,44.86055027861548,3.3063125459936797,0.37640446424484253,0.37571823596954346,48.83128356933594,0,8.171642303466797,0.0005960570415481925,104.67913818359375,11.481054306030273,44.86055027861548,3.3063125459936673
16736.244140625,395.2160339355469,-10.559144973754883,0.025645216926932335,4326.873046875,110.33013916015625,-9.090435028076172,0.027691712602972984,14911.158203125,387.80389404296875,-10.433778762817383,0.02824428677558899,131.3314971923828,243,4.868048191070557,3.5705413818359375,-36.54715347290039,1133.8399432459023,274.1679807668275,44.86308292112681,3.237189807949407,0.12915022671222687,0.1285734325647354,-47.07564163208008,2,16.200485229492188,0.001181585481390357,11122.7021484375,29.208290100097656,44.86308292112681,3.2371898079494064
2742.684326171875,218.8378143310547,-8.595439910888672,0.08665155619382858,1104.8770751953125,106.13077545166016,-7.608284950256348,0.10431750118732452,2087.79638671875,270.1640319824219,-8.299220085144043,0.1405300498008728,56.556678771972656,32,3.1217989921569824,1.4609103202819824,76.5722885131836,1121.712828136864,261.8766709998076,44.86218458315756,3.2380729482527877,0.35568079352378845,0.35450854897499084,88.99156951904297,3,12.801629066467285,0.0009336902876384556,1412.3651123046875,18.730792999267578,44.86218458315756,3.2380729482527877
5671.48193359375,270.7222595214844,-9.384241104125977,0.05183907598257065,2230.09716796875,107.5855941772461,-8.370809555053711,0.0523914210498333,4969.88525390625,278.7494201660156,-9.240865707397461,0.06091123819351196,82.50914001464844,93,3.245307683944702,2.794066905975342,-87.78980255126953,318.1115357137826,273.9756828798386,44.86313715268309,3.296589000010886,0.1973361223936081,0.19710417091846466,77.07757568359375,2,15.687129020690918,0.0011442290851846337,4270.55859375,19.471845626831055,44.86313715268309,3.296589000010886
561.75048828125,99.17203521728516,-6.873858451843262,0.19172361493110657,241.4954071044922,105.07445526123047,-5.957272052764893,0.4725176990032196,349.9590148925781,95.21247863769531,-6.360043048858643,0.2954653203487396,42.58388137817383,9,1.8642021417617798,0.5473054051399231,-11.874076843261719,1513.4535910493441,240.3888619213328,44.860582012162126,3.2095453752432905,0.30446526408195496,0.08747445791959763,-11.298832893371582,16,6.022972583770752,0.00043927907245233655,-481.0136413574219,11.185213088989258,44.860582012162126,3.2095453752432905
4530.73486328125,159.85641479492188,-9.140421867370605,0.03831697627902031,3472.089599609375,109.28492736816406,-8.85147762298584,0.03418213501572609,4340.82080078125,171.4435577392578,-9.093929290771484,0.04289228096604347,195.97312927246094,55,1.931000828742981,1.758967399597168,58.84207534790039,1625.55423969802,265.4918336081857,44.86241009472022,3.201381328934285,0.07422842085361481,0.0741817057132721,-26.873435974121094,0,5.3007707595825195,0.000386604864615947,3636.14453125,11.586005210876465,44.86241009472022,3.2013813289342976
8703.8505859375,323.63409423828125,-9.849278450012207,0.04038058966398239,2836.32958984375,108.50100708007812,-8.631892204284668,0.0415438637137413,7518.8603515625,309.3092041015625,-9.690380096435547,0.04467562586069107,97.515869140625,141,3.446146011352539,3.2459335327148438,-81.0560073852539,459.24538800181875,283.6609345721983,44.863833866194575,3.286312373581039,0.1621738076210022,0.16172368824481964,-77.833251953125,1,13.257028579711914,0.0009669591090641916,7393.8212890625,20.676876068115234,44.86383386619457,3.286312373581064
4125.6142578125,185.95989990234375,-9.038721084594727,0.04895088076591492,2817.03857421875,108.43678283691406,-8.624482154846191,0.041803598403930664,3285.525634765625,176.9114532470703,-8.791512489318848,0.058476436883211136,146.52398681640625,50,1.9213526248931885,1.7409220933914185,78.52198791503906,91.31256356398222,267.0854895497233,44.86265236116895,3.3131031286342547,0.09103408455848694,0.0906435027718544,51.19260787963867,0,5.571563243865967,0.0004064057138748467,3472.786865234375,11.528116226196289,44.86265236116895,3.3131031286342543
8970.216796875,272.9578552246094,-9.882007598876953,0.03304627165198326,3761.33984375,109.5199203491211,-8.938356399536133,0.03162134811282158,8285.0859375,276.0154724121094,-9.795742988586426,0.0361798070371151,143.9302215576172,130,4.713745594024658,1.8786475658416748,16.93523406982422,280.4785697242916,280.8686438415364,44.863644876161175,3.2993292515048362,0.13114729523658752,0.1294914186000824,14.401753425598145,0,13.880291938781738,0.001012441236525774,4114.2255859375,28.282474517822266,44.863644876161175,3.2993292515048487
2203.012451171875,197.8818359375,-8.357542037963867,0.09754809737205505,980.7279052734375,106.1386489868164,-7.4788713455200195,0.1175316572189331,1127.2823486328125,142.1792449951172,-7.630081653594971,0.13697248697280884,56.50510787963867,25,1.5431125164031982,1.5009143352508545,-59.41081619262695,869.699034205452,270.95850328523244,44.86286967626684,3.2564244485691036,0.24273502826690674,0.24227368831634521,6.2504119873046875,0,8.213820457458496,0.000599087739828974,889.8060913085938,9.258674621582031,44.86286967626684,3.256424448569116
789.5338745117188,112.35137176513672,-7.24342679977417,0.15453876554965973,626.0208129882812,105.5232162475586,-6.991471767425537,0.18305814266204834,697.2267456054688,109.55945587158203,-7.108435153961182,0.17064975202083588,51.09358596801758,13,1.412597417831421,0.9982463717460632,-83.31092071533203,1619.4084316601661,268.41758225467106,44.8626245823203,3.2018288855276062,0.36879685521125793,0.36818015575408936,-82.62637329101562,1,7.094120502471924,0.0005174005636945367,217.83616638183594,8.475584030151367,44.8626245823203,3.2018288855276187
543.5367431640625,90.24205780029297,-6.838072299957275,0.18030588328838348,500.7860412597656,105.69550323486328,-6.749130725860596,0.2292102873325348,546.6228637695312,110.37049865722656,-6.84421968460083,0.2192779928445816,64.75484466552734,9,1.6583888530731201,0.8438618183135986,-42.763999938964844,1493.2772137227664,266.47012310812204,44.86249157953123,3.211014541876494,0.4490649402141571,0.4478091895580292,-69.942626953125,0,7.0669660568237305,0.0005154219106771052,-228.19886779785156,9.950332641601562,44.86249157953123,3.2110145418765064
7626.30615234375,219.3833770751953,-9.705785751342773,0.031240595504641533,4864.4326171875,111.14002990722656,-9.217580795288086,0.0248123649507761,7081.35693359375,264.900146484375,-9.625290870666504,0.040625203400850296,220.14466857910156,98,2.8103694915771484,2.1714112758636475,60.96841049194336,443.68230839753465,294.29672638380254,44.86461357243642,3.2874456373044034,0.0713668167591095,0.07122276723384857,79.18895721435547,0,6.950450897216797,0.00050696189282462,7831.72216796875,16.86221694946289,44.86461357243641,3.2874456373044287
2789.228515625,209.9633331298828,-8.613710403442383,0.08175026625394821,1310.793212890625,106.47320556640625,-7.793835639953613,0.08821368217468262,1808.6943359375,226.38665771484375,-8.143412590026855,0.13593004643917084,67.69676971435547,17,2.976337432861328,0.6161091923713684,-65.68901824951172,678.1166529262036,286.3532003874793,44.86401224113171,3.2703750246469934,0.2612289488315582,0.26029887795448303,-86.68080139160156,2,8.099087715148926,0.0005907289450988173,50.988800048828125,17.85802459716797,44.86401224113171,3.2703750246469934
5786.333984375,155.2996063232422,-9.40600872039795,0.029147189110517502,4838.9345703125,110.7936782836914,-9.211874008178711,0.024865375831723213,5498.72509765625,167.19244384765625,-9.350654602050781,0.033020563423633575,294.82159423828125,59,1.8563857078552246,1.7128955125808716,77.07811737060547,334.12125612821825,298.57473847078955,44.864936116903934,3.2954233488291114,0.04801550135016441,0.04792579263448715,87.87226104736328,0,4.105485439300537,0.000299455423373729,5623.79296875,11.138314247131348,44.864936116903934,3.2954233488290994
2673.76171875,219.8046417236328,-8.5678071975708,0.08927790075540543,1175.9422607421875,106.26183319091797,-7.675964832305908,0.0981343612074852,1624.201416015625,220.89454650878906,-8.026599884033203,0.14769810438156128,65.5436782836914,42,2.735175132751465,2.0743765830993652,-61.79302215576172,1277.594162500804,308.4794462727176,44.86558177699557,3.226721237213678,0.25459566712379456,0.2543242275714874,-3.517133951187134,2,14.28292465209961,0.0010417189914733171,2060.750732421875,16.41105079650879,44.86558177699557,3.226721237213678
1099.6422119140625,144.84429931640625,-7.603128433227539,0.14304734766483307,593.9702758789062,105.68966674804688,-6.934412002563477,0.19324027001857758,1280.5263671875,282.0551452636719,-7.7684712409973145,0.23920778930187225,48.24203109741211,16,2.6707539558410645,1.205296516418457,-48.43120193481445,871.5123639954847,296.8675187902397,44.864765362945796,3.25629240038195,0.5030239224433899,0.502227783203125,-52.407989501953125,2,10.748283386230469,0.0007839418249204755,1148.5389404296875,16.024524688720703,44.864765362945796,3.25629240038195
3449.670166015625,218.58126831054688,-8.844444274902344,0.06881216168403625,1629.8414306640625,106.99755859375,-8.030363082885742,0.0712948814034462,3098.275146484375,231.44451904296875,-8.727800369262695,0.08112537860870361,71.87528991699219,57,3.338228702545166,1.8526849746704102,-20.21510887145996,1474.0501556425763,305.44287629755087,44.865344209830134,3.212414510674301,0.2649434506893158,0.2637828588485718,-14.969127655029297,0,14.913634300231934,0.0010877113090828061,867.7994995117188,20.029373168945312,44.86534420983013,3.212414510674314
1574.974853515625,146.8638153076172,-7.9931840896606445,0.10126771777868271,1107.0791015625,106.33953094482422,-7.610446453094482,0.10431478917598724,1320.207763671875,144.6485137939453,-7.801605701446533,0.1189875453710556,69.6119155883789,26,2.223068952560425,1.084710717201233,70.87271881103516,1488.6730912132857,309.2762286255879,44.86562352179132,3.211349564399127,0.21301743388175964,0.2116052508354187,70.23796844482422,0,8.175968170166016,0.0005963059375062585,1255.3326416015625,13.33841323852539,44.86562352179132,3.211349564399127
37706.5078125,239.57781982421875,-11.441040992736816,0.006900175474584103,29961.732421875,138.04612731933594,-11.191417694091797,0.005003652069717646,36377.44921875,227.55526733398438,-11.402080535888672,0.00679335743188858,1724.081787109375,170,2.344834566116333,2.130244016647339,40.07461166381836,1730.2805648093852,332.64081315956156,44.86731451219239,3.193753720169992,0.010650940239429474,0.010575403459370136,68.21051025390625,0,3.898472547531128,0.0002843298716470599,37329.17578125,14.069007873535156,44.86731451219239,3.1937537201700046
2728.088134765625,158.2017364501953,-8.589646339416504,0.06297710537910461,2113.20556640625,107.35811614990234,-8.31235408782959,0.05517253652215004,2230.686279296875,205.89512634277344,-8.37109661102295,0.10023915767669678,124.03884887695312,41,1.7868800163269043,1.586280345916748,-60.15062713623047,1298.933882257379,313.31750243897045,44.865934039399946,3.2251671940830398,0.09791459888219833,0.09769876301288605,59.335262298583984,0,4.939880847930908,0.00036028772592544556,3072.240478515625,10.721280097961426,44.865934039399946,3.2251671940830398
670.5571899414062,104.6137924194336,-7.066089630126953,0.16942712664604187,541.8817749023438,105.62346649169922,-6.834761142730713,0.21168287098407745,557.263427734375,113.31791687011719,-6.865151405334473,0.22083498537540436,53.17684555053711,11,1.4727495908737183,0.7527406215667725,53.83583068847656,714.560519888721,307.2556045433754,44.865538731376056,3.267721317598048,0.2777053415775299,0.2765495777130127,68.96153259277344,0,6.281644821166992,0.00045816664351150393,297.2002258300781,8.83649730682373,44.865538731376056,3.267721317598048
2324.19091796875,196.1785888671875,-8.415679931640625,0.09166628867387772,1112.6864013671875,106.05815887451172,-7.615931987762451,0.10351448506116867,1638.748046875,256.6435852050781,-8.036280632019043,0.17007796466350555,84.54740142822266,28,1.724132776260376,1.3968405723571777,3.232814073562622,1034.5763447849217,314.2885978950939,44.866026529998855,3.2444181662340026,0.2709919512271881,0.26999539136886597,-7.0707502365112305,2,6.001219272613525,0.00043770219781436026,2184.708984375,10.344797134399414,44.86602652999885,3.244418166234015
990.1298217773438,136.0824432373047,-7.489230155944824,0.14925874769687653,715.945068359375,106.009765625,-7.137199401855469,0.1608036756515503,993.6135864257812,207.73703002929688,-7.493043899536133,0.2270524650812149,52.3878173828125,15,1.3191847801208496,1.2020612955093384,-25.55001449584961,1050.1097810213876,313.78408313372626,44.86598833519996,3.243287016210965,0.31580671668052673,0.3150571584701538,86.22822570800781,2,7.527042388916016,0.0005489884060807526,1277.48046875,7.915108680725098,44.86598833519996,3.2432870162109784
1256.338623046875,155.10116577148438,-7.747766971588135,0.13407202064990997,668.5517578125,105.61875915527344,-7.062837600708008,0.17156784236431122,622.2908935546875,147.74928283691406,-6.984983444213867,0.25784680247306824,38.875057220458984,16,2.145017385482788,1.1984078884124756,-57.17265701293945,1064.7082506325896,322.0961232198674,44.86659530486297,3.242223935812619,0.4451720118522644,0.4442335367202759,-81.91095733642578,0,9.59967041015625,0.0007001556805334985,180.3058319091797,12.87010383605957,44.86659530486297,3.242223935812619
2401.814453125,154.15257263183594,-8.451348304748535,0.06970134377479553,1780.3836669921875,106.9001235961914,-8.126283645629883,0.06520703434944153,2074.2919921875,156.23036193847656,-8.292174339294434,0.08179473876953125,108.14601135253906,37,2.009366989135742,1.423448920249939,61.23173522949219,828.598318275599,330.0548530522526,44.86719738838452,3.2594173522134495,0.13431784510612488,0.13396503031253815,71.1734619140625,0,6.758289337158203,0.0004929265123791993,1615.589599609375,12.056201934814453,44.86719738838452,3.2594173522134495
1354.64599609375,161.42694091796875,-7.829564571380615,0.1294136345386505,688.8304443359375,105.56165313720703,-7.095280647277832,0.16642695665359497,788.942626953125,220.38626098632812,-7.242613792419434,0.30336740612983704,40.4582633972168,19,2.004608154296875,1.3748646974563599,62.958518981933594,242.8078836667414,336.26282874851796,44.86770239561433,3.3020724705168356,0.3912034332752228,0.3906613886356354,53.17382049560547,0,9.941739082336426,0.000725159072317183,962.9050903320312,12.02764892578125,44.86770239561433,3.302072470516848
1751.0445556640625,159.7955322265625,-8.108242988586426,0.09910538792610168,1265.9564208984375,106.457763671875,-7.756046772003174,0.09132473170757294,1713.4656982421875,156.6200714111328,-8.084688186645508,0.09926629811525345,69.61082458496094,29,1.792630672454834,1.6233011484146118,-61.55448913574219,172.01162876296095,334.0802805300499,44.86754887677516,3.3072274458010584,0.258688747882843,0.25807732343673706,-84.83277893066406,0,8.499841690063477,0.000619991566054523,1074.7557373046875,10.755784034729004,44.86754887677516,3.307227445801059
563.1179809570312,99.52545166015625,-6.876498699188232,0.1919396072626114,371.70941162109375,105.15751647949219,-6.425508975982666,0.3072320818901062,360.7362060546875,113.0848159790039,-6.392974376678467,0.3404429852962494,49.831668853759766,9,2.0397133827209473,0.7217793464660645,-29.729270935058594,844.7840270604389,333.45473916241514,44.86744479733512,3.2582387350109743,0.5428484082221985,0.5405066609382629,-27.49979019165039,0,7.25016450881958,0.000528801407199353,-156.483642578125,12.238280296325684,44.86744479733512,3.2582387350109743
25111.841796875,346.29229736328125,-10.999696731567383,0.014975939877331257,11332.828125,118.3653564453125,-10.135846138000488,0.01134269218891859,24516.453125,392.2327575683594,-10.973644256591797,0.01737464964389801,448.20458984375,278,4.202165126800537,3.769007444381714,-76.97169494628906,95.09221226756233,399.4767826885279,44.87234217661786,3.3128286753926677,0.04507067799568176,0.044813305139541626,-88.66265106201172,3,5.989927291870117,0.0004369158996269107,26993.6015625,25.212989807128906,44.87234217661786,3.3128286753926797
1686.7532958984375,129.30831909179688,-8.067628860473633,0.08325392752885818,1435.4049072265625,106.6712646484375,-7.8924360275268555,0.08070544898509979,1616.25244140625,129.78904724121094,-8.021272659301758,0.08720847219228745,100.52714538574219,26,1.5091195106506348,1.3038206100463867,31.863725662231445,1535.5394595081023,344.17073566747075,44.86817267420436,3.2079362488927674,0.1553945094347,0.15526197850704193,74.70014953613281,0,5.61792516708374,0.000409737229347229,1399.321533203125,9.054717063903809,44.86817267420436,3.2079362488927923
2397.4111328125,201.02725219726562,-8.449356079101562,0.09106305986642838,1120.7086181640625,106.31558227539062,-7.62373161315918,0.10302295535802841,1644.0635986328125,206.0438995361328,-8.039796829223633,0.1361040323972702,51.22971725463867,39,2.319600820541382,2.170114755630493,32.36292266845703,452.3193107909185,356.88817528066426,44.86919347931853,3.2868169562545755,0.29674604535102844,0.29636093974113464,39.370018005371094,2,13.451203346252441,0.000981117133051157,1082.3656005859375,13.917604446411133,44.86919347931853,3.286816956254576
324627.625,443.3490295410156,-13.778463363647461,0.001483167172409594,254708.0,281.86016845703125,-13.515106201171875,0.0012017689878121018,314323.59375,370.0328063964844,-13.74344253540039,0.0012784774880856276,14989.5283203125,434,2.5846164226531982,2.420863389968872,15.738655090332031,542.8238705920692,400.80942982540563,44.87239971295277,3.280226933288479,0.0026393597945570946,0.00261284364387393,55.97368240356445,0,3.9216935634613037,0.0002860407985281199,324016.0625,15.507698059082031,44.87239971295277,3.280226933288479
870.8333740234375,123.03689575195312,-7.349837779998779,0.15343700349330902,666.9754638671875,105.57530975341797,-7.060274600982666,0.17190256714820862,1161.4775390625,195.36375427246094,-7.662527084350586,0.18266822397708893,50.736305236816406,14,1.6558058261871338,1.2723679542541504,33.38887023925781,402.1614399531062,350.9141275877356,44.86876067874857,3.290469209230623,0.62172532081604,0.6200501918792725,64.02932739257812,2,8.685420989990234,0.0006335093639791012,785.3895874023438,9.934835433959961,44.86876067874857,3.2904692092306234
599.9922485351562,106.26407623291016,-6.945363998413086,0.19234046339988708,230.43556213378906,105.18521118164062,-5.906373977661133,0.4957183599472046,177.84201049804688,112.86744689941406,-5.625085830688477,0.6892299652099609,38.89652633666992,9,2.6816532611846924,0.580322265625,-30.62441062927246,405.41341663827916,356.8661091518737,44.86919598365878,3.2902324409166477,1.1743226051330566,1.1734819412231445,48.06463623046875,2,7.456035137176514,0.0005438382504507899,-873.2355346679688,16.089920043945312,44.86919598365878,3.29023244091666
1275.337646484375,142.76959228515625,-7.764062881469727,0.12157390266656876,893.264404296875,106.0692138671875,-7.377449989318848,0.12895528972148895,1024.597900390625,151.7628631591797,-7.526383876800537,0.16085770726203918,60.58679962158203,21,1.6667762994766235,1.6074717044830322,-82.01110076904297,1161.2517160922168,363.7725063164717,44.86963663781748,3.235193437044649,0.3165558874607086,0.31583380699157715,41.94099426269531,0,7.319675445556641,0.000533859885763377,844.2597045898438,10.00065803527832,44.86963663781748,3.235193437044662
10857.814453125,195.37571716308594,-10.089356422424316,0.019541503861546516,8222.333984375,114.85891723632812,-9.787487983703613,0.015170481987297535,10197.162109375,198.19320678710938,-10.021198272705078,0.021107619628310204,495.9707336425781,99,2.169973373413086,2.0143449306488037,21.070589065551758,1970.5304364045323,382.43396826681465,44.870939450251754,3.1762553968146388,0.032294873148202896,0.03215474262833595,76.1329574584961,0,3.940291404724121,0.0002873804187402129,10009.4326171875,13.019840240478516,44.870939450251754,3.1762553968146516
7706.5986328125,91.45576477050781,-9.717156410217285,0.012887781485915184,7454.1435546875,114.18754577636719,-9.680994033813477,0.016636071726679802,7565.45458984375,96.19013977050781,-9.697087287902832,0.013807827606797218,1244.6177978515625,24,1.2067553997039795,0.7238332033157349,75.7611312866211,473.75624366145416,372.7347169471408,44.870351281825144,3.2852560715992927,0.01416833233088255,0.013496359810233116,73.43534088134766,0,2.8434858322143555,0.00020740025502163917,7189.97412109375,7.240532398223877,44.870351281825144,3.2852560715992807
2295.91845703125,180.8800506591797,-8.40239143371582,0.08555867522954941,1406.71630859375,106.59410095214844,-7.870516300201416,0.08229178190231323,1910.8636474609375,176.4860382080078,-8.20307445526123,0.10030220448970795,73.81105041503906,38,2.164588689804077,1.7041369676589966,83.20899200439453,522.2132018794659,379.61965311670826,44.8708508637928,3.281727645566142,0.23352976143360138,0.23293766379356384,77.75170135498047,2,10.905745506286621,0.0007954469765536487,995.9436645507812,12.987531661987305,44.8708508637928,3.2817276455661544
4254.88232421875,171.25717163085938,-9.072218894958496,0.04371102899312973,3211.249755859375,108.80321502685547,-8.766685485839844,0.036795735359191895,3895.804931640625,172.3688507080078,-8.976492881774902,0.04804978147149086,201.548095703125,57,2.1377458572387695,1.5998082160949707,77.74764251708984,1932.7900987265164,391.38294115650956,44.87159671850781,3.179004066994952,0.08018007129430771,0.0799100324511528,84.02468872070312,0,5.504746437072754,0.00040148201514966786,3051.322998046875,12.826475143432617,44.87159671850781,3.179004066994965
1588.818115234375,174.9358673095703,-8.002685546875,0.11957337707281113,686.1959838867188,105.8067626953125,-7.09112024307251,0.1674538254737854,644.5911254882812,288.6572570800781,-7.0232110023498535,0.48632654547691345,48.25422286987305,22,1.9167981147766113,1.6063714027404785,-66.3871841430664,104.32216486499766,380.5659215666776,44.87095722787083,3.312156477047725,0.30351823568344116,0.3031168282032013,23.847349166870117,2,8.394161224365234,0.00061228551203385,1496.53466796875,11.500788688659668,44.87095722787083,3.312156477047725
5231.7939453125,74.78083801269531,-9.296627044677734,0.015522780828177929,4910.72705078125,111.03840637207031,-9.227864265441895,0.024555979296565056,5018.24609375,83.88567352294922,-9.25137996673584,0.0181537214666605,1145.01123046875,16,1.33385169506073,0.5003460049629211,-12.029293060302734,572.5705514889002,373.23792744872014,44.87037942948332,3.278060770725999,0.015977147966623306,0.01440821960568428,-9.149534225463867,3,3.3987715244293213,0.00024789964663796127,4608.33984375,8.0031099319458,44.87037942948332,3.2780607707259986
4474.23193359375,92.26176452636719,-9.126795768737793,0.022394072264432907,3711.56396484375,109.17864990234375,-8.9238920211792,0.031945567578077316,5051.240234375,108.9018325805664,-9.258495330810547,0.023413535207509995,645.4376220703125,25,2.6018192768096924,0.520082414150238,2.1256072521209717,579.1705582714018,372.9999855577431,44.87036143931543,3.277580178672767,0.0557442232966423,0.015156860463321209,3.607675075531006,19,6.9479193687438965,0.0005067671299912035,3172.302001953125,15.610916137695312,44.87036143931543,3.277580178672779
896.0443725585938,127.66537475585938,-7.380823612213135,0.15472960472106934,427.4205627441406,105.5608139038086,-6.577138423919678,0.26821133494377136,514.388671875,108.32986450195312,-6.778228282928467,0.22871077060699463,41.23272705078125,14,1.5771615505218506,0.8991314768791199,7.837160110473633,433.55043403843126,373.72294826189045,44.87042714739714,3.288183699964047,0.3620208501815796,0.3600549101829529,-0.1361234486103058,1,7.1143012046813965,0.0005189102375879884,236.0069580078125,9.462968826293945,44.87042714739714,3.288183699964047
2150.5234375,190.25381469726562,-8.331360816955566,0.09607690572738647,1126.7156982421875,106.28199768066406,-7.629535675048828,0.10244131833314896,1512.81787109375,262.0624084472656,-7.949466705322266,0.1881256103515625,61.9438362121582,35,2.3951783180236816,1.9468739032745361,69.51602935791016,108.85181960516654,401.2516856671674,44.872470847771005,3.311826791547184,0.24959303438663483,0.24929936230182648,-74.50353240966797,3,10.57387924194336,0.0007712759543210268,2157.366455078125,14.37106990814209,44.872470847771005,3.3118267915471837
2176.155029296875,194.4064178466797,-8.34422492980957,0.09701761603355408,987.0202026367188,106.06411743164062,-7.485815048217773,0.11670037358999252,1247.395751953125,165.07359313964844,-7.740010738372803,0.14371535181999207,65.3204574584961,25,2.0123696327209473,1.5809777975082397,80.05725860595703,311.99114123353274,390.7094186899024,44.87168107806732,3.2970351877605633,0.30542752146720886,0.30483007431030273,46.26825714111328,0,9.649852752685547,0.0007038593175821006,439.7117919921875,12.074217796325684,44.87168107806732,3.2970351877605504
7137.77197265625,331.98138427734375,-9.633906364440918,0.05051041021943092,1958.4765625,107.36841583251953,-8.229795455932617,0.059537146240472794,5994.43701171875,335.48358154296875,-9.444371223449707,0.06077887862920761,72.7946548461914,118,4.032193183898926,3.0132994651794434,15.433860778808594,85.67999589406301,409.96222104951465,44.87311047268284,3.3135140922606205,0.21889780461788177,0.21859653294086456,23.249828338623047,3,20.914901733398438,0.0015255700564011931,6618.693359375,24.193159103393555,44.87311047268284,3.3135140922606325
1947.8046875,159.7550811767578,-8.22386360168457,0.08907157182693481,1416.4307861328125,106.64737701416016,-7.877988338470459,0.08176823705434799,1487.5697021484375,148.53353881835938,-7.9311933517456055,0.10843688249588013,79.97731018066406,32,1.7944704294204712,1.4543242454528809,-24.387371063232422,1800.689425312481,393.9834462154147,44.87179655486878,3.18862525768006,0.18668091297149658,0.18636463582515717,-38.14888000488281,0,7.244430065155029,0.0005283633945509791,892.0689086914062,10.766822814941406,44.87179655486878,3.18862525768006
1170.1673583984375,119.37372589111328,-7.670619964599609,0.11078745871782303,941.3643798828125,106.08883666992188,-7.434394359588623,0.1223888173699379,935.142333984375,110.8421401977539,-7.427194118499756,0.12872324883937836,79.19187927246094,19,1.2317103147506714,1.1457608938217163,-45.92775344848633,129.27855632191773,389.6879379757747,44.87162264987981,3.3103393550466538,0.16134114563465118,0.1608087122440338,-59.01654052734375,0,4.591704845428467,0.0003349259204696864,762.2434692382812,7.390261650085449,44.87162264987981,3.3103393550466538
7973.29931640625,101.08819580078125,-9.754095077514648,0.013768676668405533,7092.27294921875,113.49163055419922,-9.62696361541748,0.017378337681293488,7760.42041015625,129.40103149414062,-9.724713325500488,0.018108492717146873,1021.18701171875,30,2.2523059844970703,0.7758773565292358,82.48596954345703,1557.8048095170464,421.15574039684594,44.87380279355886,3.2063142593894813,0.02088559977710247,0.02061498537659645,-69.62896728515625,2,7.546438217163086,0.000550391327124089,6361.517578125,13.513835906982422,44.87380279355886,3.206314259389481
3589.046875,206.56594848632812,-8.887447357177734,0.06250423192977905,2058.90625,107.37173461914062,-8.28409194946289,0.056634776294231415,3010.682373046875,255.2259063720703,-8.696661949157715,0.09206395596265793,100.77986145019531,58,2.738961935043335,1.6972362995147705,35.571533203125,488.8275426047665,412.57455586090526,44.8732654790518,3.2841588142855,0.1673678606748581,0.16666966676712036,44.69326400756836,0,8.649496078491211,0.0006308804149739444,2710.305419921875,16.43377113342285,44.873265479051796,3.2841588142855125
2924.744384765625,63.74522018432617,-8.665220260620117,0.023669524118304253,2710.264892578125,108.10226440429688,-8.582529067993164,0.04331644997000694,2897.447998046875,80.41944122314453,-8.655038833618164,0.030142219737172127,514.3092041015625,12,2.035159111022949,0.32404419779777527,75.60359191894531,1555.6591377166944,410.862202142774,44.87304994236903,3.206470583647556,0.059715189039707184,0.05626791715621948,70.54761505126953,3,4.824156761169434,0.00035184461739845574,2085.724365234375,12.210954666137695,44.87304994236903,3.206470583647556
549.5911865234375,95.08389282226562,-6.850099563598633,0.18788711726665497,227.38282775878906,105.13969421386719,-5.891894340515137,0.5021562576293945,278.7296142578125,127.5429458618164,-6.112957954406738,0.496939092874527,59.95478057861328,9,2.467012882232666,0.805465579032898,-19.0837345123291,1021.2089856181976,399.0029286084454,44.872226009114655,3.245391536703242,0.3552941679954529,0.12068870663642883,-14.771514892578125,16,8.433398246765137,0.0006150930421426892,-1298.372802734375,14.802077293395996,44.872226009114655,3.245391536703242
1078.558837890625,144.10743713378906,-7.582109451293945,0.1451016664505005,637.3222045898438,105.70333099365234,-7.010897636413574,0.18011896312236786,537.7587280273438,140.0678253173828,-6.826468467712402,0.2828660011291504,41.61756134033203,15,1.6493099927902222,1.3863903284072876,44.441314697265625,724.1854872757406,409.92541673639846,44.873050827714955,3.2670206721861024,0.3997400403022766,0.39879241585731506,20.740575790405273,0,9.050790786743164,0.0006601364002563059,-285.5061340332031,9.895859718322754,44.873050827714955,3.2670206721861152
2726.6962890625,192.92970275878906,-8.589092254638672,0.0768408477306366,1653.0672607421875,107.19013977050781,-8.045726776123047,0.07041969150304794,2234.28466796875,179.19107055664062,-8.372846603393555,0.0870978981256485,84.63528442382812,45,2.175415277481079,1.7448902130126953,-18.73358154296875,1350.475819418354,421.21507685137743,44.87382372725181,3.221413311257724,0.1776510328054428,0.17735348641872406,42.697208404541016,0,8.35666275024414,0.000609487178735435,1957.7474365234375,13.052492141723633,44.87382372725182,3.2214133112577117
2509.07470703125,153.44944763183594,-8.498784065246582,0.06641735136508942,2001.4912109375,107.46292877197266,-8.253384590148926,0.05830889195203781,2134.21240234375,149.84884643554688,-8.323094367980957,0.07625100761651993,123.32620239257812,38,1.7054086923599243,1.485896348953247,-87.46183013916016,610.1785186411772,421.75331314738287,44.873926390103115,3.2753224506761507,0.1248193234205246,0.12474438548088074,13.55949878692627,0,5.523254871368408,0.0004028525436297059,1611.7261962890625,10.232452392578125,44.873926390103115,3.2753224506761502
576.9459228515625,102.5355453491211,-6.902837753295898,0.1930052638053894,541.7918090820312,105.45748901367188,-6.834580898284912,0.2113853245973587,530.114501953125,152.0460205078125,-6.810924053192139,0.31148362159729004,51.083003997802734,9,1.3288612365722656,0.8230451345443726,-85.34073638916016,1283.8851313271637,417.5305187959038,44.87355961585992,3.226262766714719,0.36771297454833984,0.36640670895576477,-60.92660140991211,0,6.238793849945068,0.00045502299326471984,427.2458801269531,7.973167419433594,44.87355961585992,3.2262627667147314
953.3419189453125,134.6385498046875,-7.448121547698975,0.153373584151268,624.3766479492188,105.60403442382812,-6.988616466522217,0.18368077278137207,901.4441528320312,202.88072204589844,-7.387347221374512,0.244417205452919,43.31862258911133,14,1.5628989934921265,1.377461552619934,26.873130798339844,1318.4530745716263,425.9484925150694,44.8741726390079,3.2237453516463437,0.45027899742126465,0.4491459131240845,14.552611351013184,2,8.780428886413574,0.0006403948646038771,964.432861328125,9.37739372253418,44.8741726390079,3.2237453516463437
877.1069946289062,124.36072540283203,-7.357631206512451,0.1539786458015442,588.999267578125,105.4760971069336,-6.925286769866943,0.1944773942232132,729.5292358398438,132.22079467773438,-7.157606601715088,0.19682800769805908,48.859405517578125,14,2.030613422393799,1.0254911184310913,-5.063870906829834,908.0030676921316,425.33600703327767,44.87416245424368,3.2536352704205127,0.4111102223396301,0.40902844071388245,3.1892101764678955,2,8.634607315063477,0.0006297723739407957,-12.087298393249512,12.183680534362793,44.87416245424368,3.2536352704205123
23658.705078125,207.6053924560547,-10.934977531433105,0.009529661387205124,19022.119140625,126.89168548583984,-10.69814682006836,0.007244427688419819,22987.896484375,208.259033203125,-10.903748512268066,0.00983862578868866,1080.81005859375,127,2.1426892280578613,2.0796985626220703,-36.384368896484375,1065.453256432903,455.68843265569194,44.87636971277427,3.2421696138532643,0.015415633097290993,0.015313397161662579,46.87958908081055,0,3.989898443222046,0.0002910036128014326,23223.03125,12.856135368347168,44.87636971277427,3.2421696138532643
1390.880859375,146.28607177734375,-7.858224868774414,0.11422018706798553,686.514892578125,105.9311752319336,-7.091624736785889,0.16757285594940186,793.3218994140625,139.53067016601562,-7.248623371124268,0.1910073459148407,65.35565948486328,12,2.0182383060455322,0.8185152411460876,41.623992919921875,995.4205075118595,445.25521043334174,44.875612367985866,3.247269503469167,0.30937838554382324,0.3085254728794098,73.11461639404297,2,7.683945655822754,0.0005604317411780357,885.4119262695312,12.109430313110352,44.875612367985866,3.2472695034691794
18088.064453125,211.76046752929688,-10.64348030090332,0.01271401159465313,14057.9267578125,121.56137084960938,-10.369803428649902,0.009390833787620068,17061.376953125,202.7902069091797,-10.580035209655762,0.01290811225771904,835.7056274414062,117,2.127937078475952,2.0153350830078125,-27.74616813659668,29.272887805437005,497.9734775633416,44.87955733080108,3.3176220442334183,0.019693702459335327,0.019630543887615204,48.22489547729492,3,3.8797311782836914,0.00028299386030994356,17341.068359375,12.767621994018555,44.87955733080108,3.3176220442334183
2251.583251953125,190.84573364257812,-8.381219863891602,0.09205009788274765,1183.433349609375,106.43589782714844,-7.682859420776367,0.09767290949821472,1550.2823486328125,188.80047607421875,-7.976027011871338,0.13225804269313812,67.05067443847656,37,2.163139820098877,1.9493434429168701,19.509109497070312,583.3657472095216,445.4472019005017,44.875662637222135,3.2772749874544425,0.2528543770313263,0.25186747312545776,29.54047203063965,0,9.252056121826172,0.0006748226587660611,844.8998413085938,12.978838920593262,44.875662637222135,3.2772749874544553
868.6272583007812,122.53120422363281,-7.347083568572998,0.15319445729255676,691.9078979492188,105.85536193847656,-7.100120544433594,0.16614772379398346,728.7261962890625,110.59181213378906,-7.156411170959473,0.1648118495941162,50.809085845947266,14,1.3292995691299438,1.1032811403274536,83.61563873291016,1513.443426642943,437.6068688445724,44.87500978070332,3.209544912246233,0.32016071677207947,0.31948935985565186,-29.403850555419922,2,6.895352363586426,0.0005029055173508823,427.5467224121094,7.975797653198242,44.87500978070332,3.2095449122462454
18907.025390625,265.0867004394531,-10.691557884216309,0.015226306393742561,10999.1455078125,118.1344985961914,-10.103397369384766,0.011664003133773804,17792.76953125,264.13311767578125,-10.625608444213867,0.01612163707613945,471.9459533691406,164,3.204622507095337,2.41398024559021,10.695265769958496,1286.1000344474498,463.19579886886606,44.876900325832516,3.226101365801546,0.036125000566244125,0.035776831209659576,15.284546852111816,2,5.4660162925720215,0.00039866066072136164,17613.05078125,19.22773551940918,44.876900325832516,3.2261013658015463
562.2542114257812,99.30378723144531,-6.874831676483154,0.19180631637573242,417.9267272949219,105.34121704101562,-6.552750587463379,0.273733526468277,485.301025390625,113.23262023925781,-6.715027809143066,0.2533904016017914,40.02816390991211,9,1.3233128786087036,0.8112582564353943,-39.43596267700195,1586.169187175848,437.61798888986374,44.875004847981614,3.2042484336584325,0.35134968161582947,0.3511447012424469,-40.09097671508789,1,6.180274963378906,0.0004507515695877373,367.2870788574219,7.939877510070801,44.875004847981614,3.2042484336584325
1161.0531005859375,61.34164047241211,-7.662130355834961,0.057376377284526825,942.2463989257812,105.96612548828125,-7.43541145324707,0.12213282287120819,1030.9267578125,64.92707824707031,-7.533069610595703,0.06839555501937866,383.3294677734375,10,0.7241792678833008,0.6056712865829468,-35.13677978515625,1247.1406030382402,441.93917914492795,44.875348420004286,3.2289386029927223,0.036774080246686935,0.03555759787559509,-1.935575008392334,0,1.3336825370788574,9.727150609251112e-05,915.2982177734375,4.345075607299805,44.875348420004286,3.2289386029927223
7506.8359375,135.29396057128906,-9.688642501831055,0.019572725519537926,2805.154052734375,108.22005462646484,-8.619892120361328,0.04189680144190788,10893.2607421875,178.3505859375,-10.092894554138184,0.017780601978302002,489.412109375,41,6.272692680358887,0.5462757349014282,52.644004821777344,377.0552150963348,477.18192023599335,44.878003631595035,3.292298024669935,0.13239043951034546,0.01580817438662052,52.2912712097168,2,11.090853691101074,0.0008089536568149924,3005.39111328125,37.63615417480469,44.87800363159504,3.292298024669923
1109.580322265625,137.33448791503906,-7.612896919250488,0.1344159096479416,772.050537109375,105.7088623046875,-7.219114303588867,0.148694708943367,845.750732421875,133.1629180908203,-7.318106174468994,0.1709900200366974,54.761661529541016,18,1.6460126638412476,1.2799837589263916,43.080291748046875,668.0463026730263,454.3964122413042,44.87630995109839,3.2711087784166057,0.2611164450645447,0.260952353477478,42.56254577636719,0,7.096306800842285,0.0005175834521651268,790.2654418945312,9.876075744628906,44.87630995109839,3.2711087784166057
664.4238891601562,111.7124252319336,-7.056113243103027,0.18259382247924805,14.176502227783203,104.7835693359375,-2.878922700881958,8.02701187133789,-25.393211364746094,128.1060791015625,99.0,99.0,40.73522186279297,10,1.4986509084701538,1.2582001686096191,-30.046911239624023,1205.962768246068,475.04501247016736,44.87777395030651,3.2319372914572604,0.22851139307022095,0.1934574842453003,-36.54914474487305,0,8.213658332824707,0.000599060149397701,-419.60223388671875,8.991905212402344,44.87777395030651,3.2319372914572604
88057.9375,285.3294982910156,-12.361921310424805,0.003518908517435193,70662.3828125,173.1660919189453,-12.122970581054688,0.002661364618688822,85711.0703125,257.1449890136719,-12.332592010498047,0.003258149139583111,4031.65234375,225,2.335638999938965,2.18039608001709,-2.1510281562805176,805.2727758596541,496.6773266386089,44.87939155196868,3.2611162534768847,0.005719627719372511,0.005673565436154604,48.706092834472656,0,3.881570816040039,0.00028310666675679386,88234.0625,14.013833999633789,44.87939155196868,3.2611162534768967
2759.624267578125,185.51133728027344,-8.60212516784668,0.07300461828708649,1826.40478515625,107.24394226074219,-8.153992652893066,0.0637684091925621,2550.911865234375,175.1078338623047,-8.516738891601562,0.07454867660999298,73.60651397705078,45,2.1032936573028564,1.6848859786987305,11.225692749023438,152.87709494426687,472.14252427830354,44.877655352559024,3.308621628018842,0.17805612087249756,0.17790451645851135,-14.7293701171875,2,7.852689743041992,0.0005727806710638106,2054.020751953125,12.619762420654297,44.877655352559024,3.308621628018854
14548.9404296875,182.90972900390625,-10.407078742980957,0.013653225265443325,12035.396484375,119.34315490722656,-10.201150894165039,0.010768790729343891,14099.21875,191.33358764648438,-10.372987747192383,0.014737573452293873,741.105224609375,96,2.0203897953033447,1.9478192329406738,-40.243125915527344,686.2293471224265,496.03090374713145,44.87935491638738,3.2697848941128655,0.02246277779340744,0.022405214607715607,64.32659149169922,0,3.9318301677703857,0.0002867748844437301,13345.0673828125,12.122339248657227,44.87935491638737,3.269784894112879
1976.1029052734375,183.7286376953125,-8.239523887634277,0.10097111016511917,788.0009765625,105.6877212524414,-7.241316795349121,0.14565575122833252,747.3899536132812,132.23892211914062,-7.183867931365967,0.19215065240859985,91.29104614257812,22,1.8463910818099976,1.1391836404800415,44.426029205322266,640.6264004330368,512.3437638280212,44.88055272595939,3.273105709612547,0.21123583614826202,0.21037502586841583,54.033721923828125,0,7.120114326477051,0.0005193192628212273,419.0595397949219,11.078346252441406,44.88055272595939,3.2731057096125467
916.5729370117188,131.49114990234375,-7.405417442321777,0.155797079205513,389.66705322265625,105.42979431152344,-6.476734161376953,0.29383227229118347,313.73895263671875,130.9651336669922,-6.241421222686768,0.45333272218704224,31.886295318603516,11,2.1313350200653076,0.9495844841003418,-44.68668746948242,717.3255759103256,480.87747928621764,44.87824329099825,3.267520443599919,0.3968033194541931,0.39588093757629395,-22.403934478759766,0,8.511649131774902,0.0006208109552972019,-586.9181518554688,12.788009643554688,44.87824329099825,3.2675204435999308
942.0868530273438,129.16639709472656,-7.435227394104004,0.14889785647392273,804.6212158203125,105.83296203613281,-7.263978958129883,0.142843097448349,888.20263671875,135.64736938476562,-7.371280193328857,0.16585521399974823,46.837181091308594,15,2.031709671020508,0.9925275444984436,-0.15597635507583618,611.6801329703312,477.00052469999406,44.87796907551273,3.275213348437561,0.3521524965763092,0.35173964500427246,48.88848876953125,2,8.496062278747559,0.0006196795147843659,266.9829406738281,12.190258026123047,44.87796907551274,3.275213348437549
2233.976318359375,181.17794799804688,-8.372696876525879,0.08807580173015594,1489.2760009765625,106.65702056884766,-7.932437896728516,0.07777572423219681,1959.996826171875,178.37310791015625,-8.23063850402832,0.09883341938257217,81.1336898803711,37,2.4511878490448,1.509631633758545,64.12884521484375,594.7308217074986,493.19674934159565,44.879155788891175,3.2764476410484673,0.22989004850387573,0.22959990799427032,50.419342041015625,2,10.578485488891602,0.0007715660613030195,1197.9176025390625,14.70712661743164,44.879155788891175,3.276447641048455
766.792236328125,117.98544311523438,-7.211694240570068,0.16710157692432404,480.53265380859375,105.37946319580078,-6.7043070793151855,0.2381567507982254,484.6186218261719,110.29503631591797,-6.713500022888184,0.2471642792224884,52.593135833740234,12,2.0919253826141357,0.7160460948944092,-79.47218322753906,744.2072599923453,494.3878741359181,44.879229484105814,3.265563000745477,0.4657388925552368,0.4632267653942108,-66.47019958496094,0,7.313746929168701,0.0005334385787136853,354.2666015625,12.551551818847656,44.87922948410581,3.265563000745489
8442.458984375,320.1474609375,-9.81617259979248,0.04118233174085617,2722.661376953125,108.23902130126953,-8.587484359741211,0.04317377880215645,8158.82373046875,333.4083557128906,-9.779068946838379,0.04437912628054619,112.33184814453125,137,4.325986862182617,3.0033328533172607,1.5340237617492676,409.9905485776179,518.1944761001986,44.88100197964873,3.289900067198642,0.19050860404968262,0.18933868408203125,6.296020984649658,3,16.108667373657227,0.0011749399127438664,7123.28369140625,25.955921173095703,44.88100197964873,3.2899000671986425
2596.599609375,196.771484375,-8.536012649536133,0.08229757100343704,1506.102294921875,106.6781997680664,-7.944636344909668,0.07692208886146545,2135.218017578125,197.6990966796875,-8.32360553741455,0.10055236518383026,77.82997131347656,43,2.597078323364258,1.5683397054672241,43.010841369628906,542.7995604468254,498.6740683424305,44.87956131888878,3.280229183270174,0.23213540017604828,0.231695756316185,51.889583587646484,0,10.477578163146973,0.0007642093114554882,1242.5950927734375,15.582469940185547,44.87956131888878,3.280229183270174
1274.8291015625,142.5517120361328,-7.763629913330078,0.12143679708242416,845.4369506835938,106.00865173339844,-7.3177032470703125,0.13617265224456787,965.2330932617188,125.67859649658203,-7.461580276489258,0.14140310883522034,64.50358581542969,21,1.4846291542053223,1.2142484188079834,-62.412864685058594,623.1762204952664,495.29339633306813,44.87930663904497,3.2743763156306036,0.2217935174703598,0.2211659997701645,-53.9551887512207,0,5.609371185302734,0.00040913131670095026,922.5022583007812,8.907774925231934,44.87930663904497,3.2743763156305907
5276.78955078125,164.89364624023438,-9.305924415588379,0.033936258405447006,4245.55810546875,110.15170288085938,-9.069836616516113,0.028176449239253998,5047.31494140625,187.8079376220703,-9.257651329040527,0.04040949046611786,267.0014953613281,61,2.105088472366333,1.619587779045105,68.47530364990234,58.00395542851623,512.9739465037336,44.88065256218945,3.3155301375976225,0.05666397884488106,0.056448888033628464,56.08474349975586,0,4.22277307510376,0.00030801427783444524,5471.748046875,12.630531311035156,44.88065256218944,3.3155301375976345
699.3078002929688,115.82366943359375,-7.111670970916748,0.17987000942230225,45.56229782104492,104.9489517211914,-4.146513938903809,2.5015103816986084,-25.96942901611328,114.58155822753906,99.0,99.0,37.84184265136719,9,1.6854575872421265,0.9104204177856445,-53.328800201416016,1286.9482107937451,499.10003784873055,44.87952700551136,3.2260395339054893,0.645255446434021,0.6443689465522766,-28.03402328491211,0,7.40328311920166,0.0005399538786150515,-944.4642333984375,10.11274528503418,44.87952700551136,3.2260395339054893
27519.08984375,223.31626892089844,-11.099084854125977,0.00881284475326538,21647.166015625,129.63961791992188,-10.838502883911133,0.0065037901513278484,26724.044921875,218.80625915527344,-11.067255020141602,0.008891752921044827,1327.721923828125,147,2.2417984008789062,2.130171060562134,72.09369659423828,1952.8383085662167,523.2302333994933,44.88123935181734,3.1775424492027295,0.014032040722668171,0.013897644355893135,84.93778991699219,0,3.845778226852417,0.0002804888354148716,26731.703125,13.450790405273438,44.88123935181734,3.1775424492027167
4985.9658203125,177.1853485107422,-9.244373321533203,0.03859298303723335,3620.156982421875,109.38671112060547,-8.896818161010742,0.032814592123031616,4575.892578125,210.55992126464844,-9.151189804077148,0.04997234418988228,236.6905517578125,64,2.3705501556396484,1.7868646383285522,-3.2233200073242188,31.430885528738816,508.5208225514155,44.8803291065236,3.3174650052415355,0.06972439587116241,0.06954998522996902,64.90949249267578,3,5.09683084487915,0.00037177055492065847,5004.88330078125,14.22330093383789,44.8803291065236,3.3174650052415355
1371.4580078125,161.6964874267578,-7.842956066131592,0.12804065644741058,825.8831787109375,105.94258117675781,-7.292296409606934,0.139309823513031,837.4751586914062,135.59715270996094,-7.307429790496826,0.17583626508712769,43.15102005004883,20,1.855766773223877,1.1797850131988525,-63.625064849853516,745.8495173164032,504.5968555753651,44.879976354940396,3.2654434534929506,0.28460726141929626,0.28380128741264343,86.82444763183594,2,8.855173110961914,0.0006458642892539501,759.1917724609375,11.134600639343262,44.879976354940396,3.2654434534929506
1643.84716796875,163.28028869628906,-8.039653778076172,0.10787036269903183,1061.6663818359375,106.3233413696289,-7.564970016479492,0.1087602972984314,2094.85888671875,308.36810302734375,-8.302886962890625,0.1598617285490036,56.31890869140625,27,2.5710010528564453,1.5640358924865723,-26.649036407470703,401.37610676309424,513.4244714709154,44.8806536996385,3.2905273087421154,0.3718468248844147,0.37136924266815186,-52.848567962646484,3,12.0181245803833,0.0008765836246311665,2659.908447265625,15.426006317138672,44.8806536996385,3.2905273087421154
5726.71826171875,193.90155029296875,-9.39476490020752,0.03677098825573921,3869.76611328125,109.65277099609375,-8.96921157836914,0.030772637575864792,5564.9228515625,208.05812072753906,-9.3636474609375,0.04060273990035057,175.3050994873047,75,2.637946605682373,1.8606263399124146,54.4309196472168,1031.170807795094,529.0662002154311,44.88174139438956,3.2446662095357883,0.08981096744537354,0.08922848105430603,61.07086944580078,0,7.375548839569092,0.0005379361682571471,4677.0009765625,15.827679634094238,44.88174139438956,3.2446662095357888
565.9174194335938,100.21029663085938,-6.881882667541504,0.1923043578863144,382.5508117675781,105.3376693725586,-6.456722736358643,0.2990366518497467,314.7859191894531,207.82492065429688,-6.245038032531738,0.7169884443283081,59.70805740356445,9,1.8156570196151733,0.709757387638092,73.38774108886719,419.92189658653353,515.645874062328,44.880814555566104,3.289176881927852,0.4532749056816101,0.45233798027038574,-45.972450256347656,1,6.499855995178223,0.0004740885633509606,1002.3626708984375,10.893941879272461,44.880814555566104,3.2891768819278524
45188.83984375,493.9969482421875,-11.637578010559082,0.011871973052620888,12146.8837890625,119.5051498413086,-10.211162567138672,0.010684434324502945,41464.76953125,537.2086181640625,-11.544198036193848,0.014069981873035431,551.2009887695312,495,5.629598140716553,4.860800743103027,-71.14031219482422,797.8152609767919,658.2645346799529,44.89121556491665,3.2616600409428136,0.04959426075220108,0.049395862966775894,69.7835693359375,0,10.798931121826172,0.0007876267773099244,46016.37109375,33.777587890625,44.89121556491665,3.2616600409428136
3964.08642578125,149.1682891845703,-8.995357513427734,0.040866103023290634,3337.705322265625,109.11969757080078,-8.808619499206543,0.03550463169813156,3790.177978515625,158.3904266357422,-8.946648597717285,0.045383621007204056,201.7547149658203,48,1.856803059577942,1.5345556735992432,43.85655975341797,1740.3631548363226,523.5697008480702,44.88128029993944,3.1930178659565622,0.07134474813938141,0.07128144055604935,43.176856994628906,0,4.574676990509033,0.00033364948467351496,2933.823486328125,11.14081859588623,44.88128029993944,3.193017865956562
1132.1436767578125,141.770263671875,-7.634753704071045,0.13599202036857605,712.7189331054688,105.71630096435547,-7.132295608520508,0.1610843986272812,696.1800537109375,118.20462036132812,-7.106803894042969,0.1843922734260559,45.65048599243164,18,1.4060254096984863,1.1441773176193237,-56.15994644165039,1861.0462074010702,516.7093909680669,44.880769232284365,3.1842281908180907,0.2561362087726593,0.25559911131858826,-13.53333854675293,0,7.581912040710449,0.00055297976359725,388.23516845703125,8.436152458190918,44.880769232284365,3.1842281908180903
2149.257568359375,190.01507568359375,-8.330720901489258,0.09601286053657532,1082.0716552734375,106.39025115966797,-7.585639953613281,0.10677648335695267,1434.7373046875,172.98956298828125,-7.891931056976318,0.1309415102005005,80.3051528930664,21,2.5222854614257812,1.3961753845214844,-18.266460418701172,1658.955752746198,526.1077756769308,44.88147235059966,3.1989468782568773,0.349147230386734,0.3490072786808014,21.73172378540039,2,11.244051933288574,0.0008200734737329185,93.10901641845703,15.133712768554688,44.88147235059966,3.1989468782568773
2718.08837890625,197.5480499267578,-8.58565902709961,0.07892943918704987,1536.0545654296875,106.67487335205078,-7.96601676940918,0.07541979104280472,2335.76025390625,281.3930358886719,-8.42107105255127,0.13083228468894958,82.7508773803711,45,2.578310966491699,1.8569669723510742,-74.51546478271484,71.73593332714765,540.5580760279721,44.88267016281185,3.3145304998864717,0.1984022855758667,0.19826558232307434,-47.092308044433594,3,13.117532730102539,0.0009568046662025154,2782.235107421875,15.469865798950195,44.88267016281185,3.314530499886472
2838.11669921875,202.93539428710938,-8.632575988769531,0.07765284925699234,1713.60205078125,106.97996520996094,-8.0847749710083,0.06779884546995163,2520.151611328125,187.7488250732422,-8.50356674194336,0.08090593665838242,67.72342681884766,47,2.874931573867798,1.436744213104248,77.51380920410156,1474.7228151311263,540.3879971174974,44.882531883275696,3.212364422745452,0.20816251635551453,0.20800194144248962,83.076416015625,2,11.476629257202148,0.0008370374562218785,1614.9505615234375,17.249589920043945,44.882531883275696,3.2123644227454524
1993.07177734375,169.42942810058594,-8.248806953430176,0.09231998771429062,1297.5235595703125,106.62077331542969,-7.782788276672363,0.08923935890197754,1560.2225341796875,159.26065063476562,-7.982966423034668,0.11085410416126251,69.67562866210938,33,2.0912156105041504,1.4135864973068237,30.319425582885742,905.213937967346,531.3923564029318,44.881922732587704,3.253838610346946,0.21452383697032928,0.2133864462375641,38.491390228271484,0,10.297987937927246,0.0007510893628932536,1173.7752685546875,12.547293663024902,44.881922732587704,3.253838610346946
2667.975830078125,161.8343048095703,-8.565454483032227,0.06587468087673187,2015.466796875,107.48039245605469,-8.26093864440918,0.05791398137807846,2130.60498046875,156.2787628173828,-8.321257591247559,0.07965753227472305,115.72544860839844,41,1.877367377281189,1.5379384756088257,82.34855651855469,1528.3093528977872,541.64581288767,44.882619503202015,3.2084617795365054,0.10523183643817902,0.10505319386720657,72.7937240600586,0,5.534578800201416,0.0004036592144984752,2100.010498046875,11.264204025268555,44.882619503202015,3.2084617795365054
683.879150390625,114.70997619628906,-7.087448596954346,0.182159423828125,144.34799194335938,105.11690521240234,-5.398526668548584,0.790845513343811,14.490289688110352,125.53330993652344,-2.9026925563812256,9.408312797546387,35.92953872680664,9,1.9147342443466187,0.9750063419342041,-51.0279655456543,441.0331180516207,531.0405564915172,44.88193919512429,3.2876397348366737,0.3470936417579651,0.3309532403945923,-79.45375061035156,0,8.172471046447754,0.0005960844573564827,-783.5635986328125,11.488405227661133,44.88193919512429,3.2876397348366857
19724.666015625,205.06741333007812,-10.737524032592773,0.011290594935417175,15681.748046875,123.37738800048828,-10.488486289978027,0.008544190786778927,19182.40234375,210.00099182128906,-10.707257270812988,0.011889077723026276,923.4432373046875,122,2.2481439113616943,2.024280548095703,49.5101203918457,628.0013396669231,565.758638466317,44.88446250172581,3.2740253406338824,0.01801980659365654,0.017982885241508484,71.73600769042969,0,3.967432975769043,0.00028937176102772355,19575.9453125,13.488862991333008,44.88446250172581,3.274025340633883
1147.2353515625,129.34593200683594,-7.6491312980651855,0.12244190275669098,1110.9852294921875,106.38560485839844,-7.6142706871032715,0.10399306565523148,1367.2586669921875,221.72738647460938,-7.839626789093018,0.17611587047576904,57.71832275390625,19,1.5860576629638672,1.0893537998199463,-86.40789794921875,68.79638579731376,547.8645722893442,44.88320519819439,3.3147446117328854,0.21079586446285248,0.2106272578239441,81.51368713378906,3,7.85975456237793,0.0005732974386774004,1946.2476806640625,9.516345977783203,44.88320519819439,3.314744611732898
2280.632568359375,69.42864227294922,-8.39513874053955,0.03306078538298607,2456.009765625,107.78600311279297,-8.47557544708252,0.04766088351607323,2351.791259765625,76.70153045654297,-8.428497314453125,0.03541890159249306,455.99224853515625,14,1.3615148067474365,0.541284441947937,-6.893753528594971,1194.8311358106473,538.0360216207201,44.88238342033772,3.2327479125746934,0.04300795495510101,0.04038602113723755,-7.086716175079346,3,3.496969223022461,0.0002550499339122325,1759.4776611328125,8.169088363647461,44.88238342033772,3.232747912574694
3437.433837890625,61.78921127319336,-8.840585708618164,0.01952127180993557,3274.985107421875,109.20291137695312,-8.788022994995117,0.03621218353509903,3389.82958984375,75.65876007080078,-8.825444221496582,0.02423880435526371,703.3211669921875,11,1.625543475151062,0.34557685256004333,-13.142722129821777,1200.0487244409878,536.2232081746129,44.88225034359083,3.23236794454216,0.03303709626197815,0.02994466945528984,-15.568045616149902,19,4.444141387939453,0.0003241314843762666,2691.278076171875,9.753260612487793,44.88225034359083,3.23236794454216
812.9710693359375,124.2752914428711,-7.2751874923706055,0.1660120189189911,617.130615234375,105.71907806396484,-6.975942611694336,0.18603990972042084,815.6201171875,189.4359130859375,-7.278719902038574,0.2522343397140503,36.2236442565918,10,1.8727352619171143,1.0376530885696411,11.373540878295898,852.0786086182272,545.966970393912,44.882993894929974,3.2577080175625275,0.6195313930511475,0.6189680695533752,-34.567893981933594,2,8.339179992675781,0.0006082241889089346,471.197998046875,11.236412048339844,44.88299389492998,3.257708017562527
673.7548217773438,105.91433715820312,-7.071254730224609,0.17071932554244995,485.7547607421875,105.4276351928711,-6.716042518615723,0.23570415377616882,511.09539794921875,108.3257827758789,-6.771255016326904,0.23017582297325134,55.062538146972656,11,1.307745099067688,1.0561388731002808,-57.48051452636719,891.3485415007993,545.7725523006501,44.88297614492742,3.2548483472862837,0.33785489201545715,0.33728474378585815,-73.49523162841797,0,7.020168781280518,0.0005120199639350176,488.18145751953125,7.846470832824707,44.88297614492742,3.254848347286284
8383.19921875,268.19708251953125,-9.808524131774902,0.0347435399889946,3670.08837890625,109.6078109741211,-8.911691665649414,0.03243357315659523,8576.51171875,277.7373962402344,-9.833276748657227,0.035168472677469254,129.06207275390625,123,3.6693034172058105,2.4035427570343018,-6.031798839569092,146.58767788594068,574.1035442315714,44.88511824205053,3.3090804750124274,0.13628150522708893,0.1353050172328949,-10.372479438781738,2,11.560941696166992,0.0008432553731836379,7321.4658203125,22.015819549560547,44.88511824205053,3.3090804750124274
626.3331909179688,109.51475524902344,-6.992013454437256,0.18988779187202454,135.1692352294922,105.10517883300781,-5.327194690704346,0.8444541096687317,227.6033935546875,119.51624298095703,-5.892946720123291,0.5702667236328125,33.6599006652832,9,1.9166983366012573,0.8550139665603638,14.931156158447266,356.1315186758763,547.7046535025212,44.883166568694016,3.2938221135418644,0.7736072540283203,0.7697960138320923,16.649728775024414,0,7.653030872344971,0.0005582011654041708,-151.64117431640625,11.500189781188965,44.883166568694016,3.2938221135418644
3589.29541015625,198.87527465820312,-8.88752269744873,0.06017296388745308,2239.538818359375,107.75994873046875,-8.375396728515625,0.052255090326070786,3112.218505859375,196.14288330078125,-8.732675552368164,0.06844351440668106,95.24979400634766,57,2.2496163845062256,1.9976080656051636,63.4405517578125,87.83204810714449,571.1138082019709,44.88490499091155,3.313358753925978,0.13620078563690186,0.13607731461524963,6.008027076721191,2,7.892133712768555,0.0005756564787589014,2800.833740234375,13.497697830200195,44.88490499091155,3.3133587539259777
631.3011474609375,110.04896545410156,-7.000591278076172,0.18931245803833008,436.21575927734375,105.48905944824219,-6.599253177642822,0.2626248896121979,407.3239440917969,165.0530548095703,-6.524849891662598,0.4400615692138672,37.42303466796875,9,1.7560263872146606,0.7865009903907776,20.683650970458984,489.0149461542721,550.9495297818823,44.88339167468033,3.2841459680903773,0.4296987056732178,0.42844122648239136,37.2717399597168,0,7.020056247711182,0.0005120264831930399,129.6591033935547,10.536158561706543,44.88339167468033,3.2841459680903773
3603.65576171875,181.05601501464844,-8.891858100891113,0.05456315726041794,2492.425048828125,108.0745849609375,-8.491555213928223,0.047090280801057816,3250.668701171875,188.85076904296875,-8.779932022094727,0.06309223175048828,137.83241271972656,54,2.6655125617980957,1.5390632152557373,87.24229431152344,123.00949834569896,583.2590997402878,44.88579054506849,3.31079741794424,0.10937093198299408,0.1089196428656578,70.84378051757812,0,7.048704147338867,0.0005141335423104465,3073.31005859375,15.993075370788574,44.88579054506849,3.31079741794424
139646.0625,328.5982971191406,-12.862571716308594,0.002555444370955229,110838.6015625,201.92926025390625,-12.611727714538574,0.0019785091280937195,135913.828125,288.28118896484375,-12.833159446716309,0.002303469693288207,6601.26806640625,280,2.3581387996673584,2.3280704021453857,57.83132553100586,1902.102265105513,613.8208037306485,44.88786943856343,3.1812370028234906,0.004305519163608551,0.004260162357240915,84.89326477050781,0,3.898785352706909,0.0002843556576408446,139955.421875,14.148832321166992,44.88786943856343,3.181237002823491
8052.09033203125,176.02072143554688,-9.764771461486816,0.023740233853459358,6418.259765625,112.65255737304688,-9.518543243408203,0.019061347469687462,7648.59619140625,184.98606872558594,-9.708953857421875,0.026265587657690048,381.2913818359375,78,2.026719331741333,1.8908591270446777,-37.97528839111328,1938.485663339507,578.6894380929328,44.88529698715656,3.178587289337962,0.03879455476999283,0.03866522014141083,-83.80997467041016,0,4.12415075302124,0.00030079236603341997,7451.18310546875,12.160316467285156,44.88529698715656,3.178587289337962
20981.921875,356.2173156738281,-10.80461311340332,0.018437396734952927,7022.28271484375,113.56304931640625,-9.616195678710938,0.017562588676810265,18864.255859375,360.56829833984375,-10.689099311828613,0.020757626742124557,238.39537048339844,254,4.393237590789795,3.3886759281158447,-35.96266555786133,620.1823596044372,601.8444629243675,44.88710377979246,3.2745949329010138,0.07262616604566574,0.07202562689781189,-27.6829833984375,0,11.782694816589355,0.0008593904203735292,17390.203125,26.359424591064453,44.88710377979246,3.2745949329010138
1403.1253662109375,159.41632080078125,-7.867741107940674,0.12338607013225555,663.5889282226562,105.73668670654297,-7.054747581481934,0.17304395139217377,1087.2291259765625,297.814453125,-7.5908026695251465,0.2974777817726135,64.64445495605469,22,3.197298765182495,0.9676868319511414,25.080841064453125,61.248606947079224,568.9915665273749,44.88475218249791,3.315294407923146,0.32703477144241333,0.3260018825531006,0.01961512677371502,19,10.536498069763184,0.0007685404270887375,1873.1866455078125,19.183792114257812,44.88475218249791,3.3152944079231466
1612.77392578125,166.9143829345703,-8.018933296203613,0.11239580065011978,887.2286376953125,105.93771362304688,-7.370089054107666,0.1296715885400772,941.7254638671875,153.8380889892578,-7.434810638427734,0.177406445145607,60.82335662841797,26,1.7955121994018555,1.5366722345352173,86.20111846923828,970.9841100291442,574.4808942577138,44.88506952168059,3.2490492434990355,0.2803763747215271,0.2797563076019287,51.66731643676758,0,8.795741081237793,0.0006415190291590989,169.34158325195312,10.773073196411133,44.88506952168059,3.2490492434990355
2174.458251953125,180.90789794921875,-8.343378067016602,0.09035169333219528,1164.34716796875,106.08229064941406,-7.665205955505371,0.09894417971372604,1523.414794921875,213.27236938476562,-7.957045555114746,0.1520359367132187,73.4486083984375,21,1.8062983751296997,1.0422148704528809,21.749025344848633,64.21655644507919,567.683265775938,44.884656148091835,3.3150782837645605,0.23854324221611023,0.23753230273723602,10.554975509643555,3,8.20695972442627,0.0005986219039186835,2283.40869140625,10.837790489196777,44.884656148091835,3.315078283764561
626.2266235351562,105.03809356689453,-6.991828918457031,0.18215669691562653,458.2903137207031,105.5586166381836,-6.652851581573486,0.25013983249664307,478.56597900390625,94.23978424072266,-6.699854373931885,0.21385641396045685,43.9552116394043,10,2.017139196395874,0.5252808332443237,-79.61343383789062,553.9925453326266,578.465297089576,44.88539916844612,3.2794146264770014,0.4106658697128296,0.40904587507247925,-75.03096008300781,0,6.139363765716553,0.0004477876063901931,-170.9464874267578,12.102834701538086,44.88539916844612,3.279414626477001
1187.9278564453125,144.45323181152344,-7.686975002288818,0.13205869495868683,668.4893798828125,105.78429412841797,-7.0627360343933105,0.17185275256633759,762.6915283203125,154.3920135498047,-7.205872535705566,0.21983949840068817,56.33961868286133,19,2.271433115005493,1.20298433303833,-3.178112030029297,1607.2757186560684,575.6065612907679,44.885097399920085,3.2027105120834416,0.3639942407608032,0.363052099943161,-2.9425370693206787,0,9.898927688598633,0.0007219689432531595,-496.44219970703125,13.628599166870117,44.885097399920085,3.202710512083454
18280388.0,2379.554443359375,-18.154964447021484,0.00014136440586298704,2676989.5,854.32080078125,-16.069116592407227,0.00034658052027225494,18039836.0,2282.556396484375,-18.140581130981445,0.00013741012662649155,54326.55859375,3085,13.482610702514648,3.228355646133423,89.95501708984375,445.50418121916783,760.2563028660621,44.898712256355346,3.28731611478334,0.001487885951064527,0.0009257594938389957,89.8008804321289,4,39.60230255126953,0.002888468559831381,18275480.0,80.89566040039062,44.898712256355346,3.28731611478334
611.2685546875,100.48849487304688,-6.965579986572266,0.1785311996936798,482.78375244140625,105.71403503417969,-6.709381580352783,0.23779889941215515,682.9764404296875,216.8177490234375,-7.086014270782471,0.3447616398334503,52.69301223754883,10,2.2846875190734863,0.5656190514564514,2.88150691986084,1916.6991620563267,578.9419409718626,44.88531710050223,3.1801741345379257,0.4961591064929962,0.4941970407962799,3.0392801761627197,16,6.7881293296813965,0.0004950877046212554,309.46807861328125,13.708125114440918,44.885317100502235,3.1801741345379138
676.5132446289062,106.86724853515625,-7.075690746307373,0.17155294120311737,541.0573120117188,105.70525360107422,-6.833108425140381,0.2121695727109909,559.9827270507812,118.04981231689453,-6.870436668395996,0.22893936932086945,56.529232025146484,11,1.831305980682373,0.882776141166687,57.9438362121582,951.6915429412264,594.8151059614399,44.88655902827816,3.250454232067498,0.3496691584587097,0.34879499673843384,41.62013626098633,2,7.600644588470459,0.0005543545703403652,10.632515907287598,10.987835884094238,44.88655902827816,3.2504542320675105
784.8648071289062,120.7467269897461,-7.236987113952637,0.1670745611190796,457.7273864746094,105.55789947509766,-6.651517391204834,0.25044575333595276,485.7079162597656,152.00680541992188,-6.715938091278076,0.3398737907409668,49.09869384765625,12,2.174971103668213,1.2696800231933594,49.48994064331055,1095.4899134631326,601.5564858045103,44.8870393900723,3.2399824130041717,0.36998799443244934,0.36965271830558777,-88.6552734375,2,9.951618194580078,0.0007258187397383153,-348.182861328125,13.049826622009277,44.887039390072296,3.2399824130041837
112348.7109375,310.3795166015625,-12.626420021057129,0.0030002316925674677,89465.546875,187.108642578125,-12.37913990020752,0.0022712652571499348,109039.2890625,271.07598876953125,-12.593957901000977,0.002699838951230049,5193.82373046875,260,2.353818893432617,2.2549545764923096,29.31833267211914,589.3976520370898,643.9340309762342,44.89018653186027,3.2768369344563832,0.004919623024761677,0.004894058220088482,58.25296401977539,0,3.898824453353882,0.00028436718275770545,112429.203125,14.122913360595703,44.89018653186028,3.2768369344563704
3083.322265625,177.73052978515625,-8.72254753112793,0.0625998005270958,2076.602783203125,107.59741973876953,-8.293383598327637,0.05627017095685005,2582.708251953125,187.21005249023438,-8.53018856048584,0.07871973514556885,133.3192901611328,48,2.1105072498321533,1.9298378229141235,73.54924011230469,746.4566009285428,611.6175802459745,44.8878071830331,3.265399755497198,0.13585633039474487,0.13554593920707703,73.45941925048828,2,8.343708038330078,0.0006085566128604114,2728.712890625,12.663043975830078,44.8878071830331,3.265399755497198
7015.5576171875,82.40129089355469,-9.615155220031738,0.012755622155964375,6789.4873046875,113.24883270263672,-9.57959270477295,0.01811450906097889,6848.619140625,86.76597595214844,-9.589007377624512,0.013758664019405842,1788.5531005859375,19,1.2062251567840576,0.537124752998352,16.543804168701172,1682.3476165333548,600.0574528556313,44.88687994153065,3.1972427808724078,0.012854606844484806,0.010534209199249744,8.606671333312988,0,2.6274983882904053,0.00019163427350576967,6395.82275390625,7.237350940704346,44.88687994153065,3.1972427808724078
832.7432250976562,123.13359832763672,-7.3012776374816895,0.16058142483234406,717.3873901367188,105.92900085449219,-7.1393842697143555,0.16035811603069305,401.64031982421875,232.24229431152344,-6.509593486785889,0.6279627084732056,53.03337478637695,13,2.399569272994995,0.6245592832565308,34.074005126953125,77.34944189480409,602.759282405908,44.88722206759005,3.314122365654506,0.2837843894958496,0.28279954195022583,62.21303939819336,2,7.315614700317383,0.0005336038302630186,480.5097351074219,14.397415161132812,44.88722206759005,3.314122365654506
579.1076049804688,102.9387435913086,-6.906898021697998,0.19304093718528748,350.2453308105469,105.17172241210938,-6.360930919647217,0.3261042535305023,363.9977722167969,91.72098541259766,-6.402746677398682,0.27365273237228394,40.633670806884766,9,1.4282764196395874,0.7103171944618225,25.171533584594727,178.0658447122251,602.8613747086284,44.8872199276577,3.3067886499687447,0.3324373662471771,0.3314993977546692,19.16843605041504,1,6.005717754364014,0.00043805447057820857,-8.018247604370117,8.569658279418945,44.887219927657696,3.3067886499687695
905.9528198242188,116.6324462890625,-7.392764091491699,0.13981173932552338,805.4006958007812,105.95792388916016,-7.2650299072265625,0.1428733617067337,841.5186767578125,156.57110595703125,-7.31265926361084,0.20205876231193542,61.516639709472656,15,2.2606589794158936,0.6856905221939087,-13.74220085144043,1531.1140371124952,604.841062376112,44.887242218933714,3.208257275860548,0.25938940048217773,0.25863775610923767,6.819283962249756,18,7.441250801086426,0.0005427209543995559,286.5002746582031,13.563953399658203,44.887242218933714,3.2082572758605474
2172.289794921875,193.8456573486328,-8.342294692993164,0.09690989553928375,917.7634887695312,106.1002197265625,-7.406826972961426,0.12554959952831268,1641.40966796875,172.51687622070312,-8.038042068481445,0.11414172500371933,70.37309265136719,23,2.6025121212005615,1.3197273015975952,62.5826530456543,961.7313568673808,617.2399365423254,44.8881988522433,3.24972318397511,0.43007850646972656,0.4282614290714264,41.46651840209961,2,11.103822708129883,0.0008098585531115532,273.16815185546875,15.615072250366211,44.8881988522433,3.2497231839751097
981.1025390625,128.06631469726562,-7.479286193847656,0.14175890386104584,703.5204467773438,105.82874298095703,-7.118191719055176,0.16336415708065033,641.4058227539062,138.5972442626953,-7.017832279205322,0.23466673493385315,53.647315979003906,16,1.6161837577819824,1.3478995561599731,25.051074981689453,1735.1701375941527,612.3257763441718,44.887773133564316,3.1933954920228103,0.27861282229423523,0.2782714366912842,43.062255859375,0,8.832856178283691,0.0006442171288654208,202.78140258789062,9.697102546691895,44.887773133564316,3.1933954920228103
1572.900390625,148.0086212158203,-7.991753101348877,0.10219170153141022,1116.303955078125,106.14522552490234,-7.6194562911987305,0.1032637283205986,1153.9591064453125,166.31846618652344,-7.655476093292236,0.15652361512184143,62.63578796386719,26,2.0004513263702393,1.6211103200912476,-44.682979583740234,1558.2739756668045,623.9267563120368,44.888636135109934,3.206279139828466,0.24175119400024414,0.24111609160900116,-57.06110382080078,0,10.788284301757812,0.0007868339889682829,266.2467041015625,12.002708435058594,44.888636135109934,3.2062791398284785
3022.160400390625,142.4534149169922,-8.700794219970703,0.051190007477998734,2582.38037109375,108.06486511230469,-8.530050277709961,0.04544584080576897,2898.898681640625,143.0799560546875,-8.655582427978516,0.053601332008838654,167.77374267578125,40,1.5835962295532227,1.460374355316162,-10.3590087890625,1870.9692124770784,622.2264332675768,44.888486671252465,3.1835045426633393,0.0872807726264,0.08702535927295685,-58.769554138183594,0,4.591220855712891,0.000334857904817909,2752.616455078125,9.501577377319336,44.888486671252465,3.1835045426633393
1744.839111328125,132.35403442382812,-8.104388236999512,0.0823780745267868,1455.0484619140625,106.85993194580078,-7.907193660736084,0.0797567069530487,1631.728515625,135.57676696777344,-8.031620025634766,0.09023337066173553,100.03429412841797,27,1.799023151397705,1.233424425125122,81.63079071044922,1424.7465884288347,628.1052594955747,44.8889530219306,3.2160038852100743,0.16505302488803864,0.16450774669647217,82.00587463378906,0,6.6777496337890625,0.0004870361299254,726.76025390625,10.79413890838623,44.8889530219306,3.216003885210087
1464.30224609375,154.90501403808594,-7.914076805114746,0.11488533020019531,959.7283325195312,106.11207580566406,-7.455370903015137,0.12007326632738113,1105.583740234375,143.6897430419922,-7.608979225158691,0.1411444991827011,64.68592071533203,24,1.5967373847961426,1.509621024131775,-50.64786911010742,1347.8214069373316,644.0601145256428,44.89012680890989,3.2216061903716535,0.253620445728302,0.2529887855052948,-20.555545806884766,0,9.294182777404785,0.0006778641836717725,872.0534057617188,9.580424308776855,44.89012680890989,3.221606190371653
1466.4410400390625,155.5117950439453,-7.915661334991455,0.11516713351011276,1001.7513427734375,106.04150390625,-7.501899719238281,0.11495973914861679,1145.399169921875,168.92245483398438,-7.647392272949219,0.1601623147726059,56.74713134765625,24,2.540736436843872,1.3030412197113037,43.93785858154297,107.76126931134341,652.564160774705,44.89086422430559,3.3119084451216194,0.2850525379180908,0.28445321321487427,52.44356155395508,2,10.90084171295166,0.0007951050065457821,-6.786401748657227,15.24441909790039,44.89086422430558,3.3119084451216443
1157.404052734375,122.78839874267578,-7.658712387084961,0.11521317809820175,997.6240844726562,106.242431640625,-7.497417449951172,0.11565406620502472,1163.9188232421875,139.10252380371094,-7.664806842803955,0.1297902762889862,62.09577560424805,19,1.2967644929885864,1.1675502061843872,-63.647544860839844,851.0675042322769,648.5442735793611,44.89049941056145,3.257782086842413,0.2097691148519516,0.20948678255081177,85.0772705078125,2,5.1587677001953125,0.00037625699769705534,1221.5823974609375,7.780587196350098,44.89049941056145,3.257782086842413
968.6522216796875,122.87918853759766,-7.465419769287109,0.13776543736457825,856.1363525390625,106.02220153808594,-7.331357479095459,0.134488046169281,852.58544921875,124.68376922607422,-7.326844692230225,0.15881876647472382,55.5710563659668,16,1.5654922723770142,1.1428794860839844,-35.92841720581055,470.73227969610326,653.9499778110554,44.890930717028915,3.285478057168094,0.28587740659713745,0.28495800495147705,-41.8832893371582,2,7.197978496551514,0.00052500085439533,590.6012573242188,9.392953872680664,44.890930717028915,3.285478057168094
1819.800048828125,169.8577117919922,-8.15005874633789,0.10136578977108002,1170.25439453125,106.50148010253906,-7.670700550079346,0.09883373230695724,1229.7625732421875,174.71917724609375,-7.724553108215332,0.15429402887821198,67.23614501953125,30,1.7074880599975586,1.4243677854537964,78.74449920654297,1842.80547007399,662.1422463964675,44.89140855006425,3.1855555633528034,0.18480363488197327,0.18454167246818542,-88.47572326660156,0,5.828047752380371,0.0004250655183568597,1088.2947998046875,10.244928359985352,44.89140855006425,3.185555563352791
6397.62158203125,241.72276306152344,-9.515046119689941,0.0410325787961483,3422.40576171875,109.22386932373047,-8.83582878112793,0.03465899080038071,5328.1376953125,258.9893493652344,-9.316438674926758,0.052788130939006805,125.11158752441406,96,3.083160161972046,2.230595111846924,30.873899459838867,774.3946704295039,679.5025963199007,44.892771719756,3.2633656792720696,0.10622446984052658,0.1053304523229599,39.60083770751953,1,9.054404258728027,0.0006603888468816876,6031.59765625,18.498960494995117,44.892771719756,3.263365679272082
1667.177001953125,174.32647705078125,-8.054954528808594,0.11355636268854141,730.1799926757812,105.73847198486328,-7.15857458114624,0.157265305519104,718.28857421875,218.34803771972656,-7.140747547149658,0.3301263153553009,47.17770004272461,16,2.454477548599243,0.8721863627433777,11.411412239074707,408.2954666911823,672.0705027353373,44.89226271370478,3.290024738025375,0.284348726272583,0.28370529413223267,-36.370174407958984,2,8.755617141723633,0.0006386133027262986,418.8818054199219,14.726865768432617,44.89226271370478,3.290024738025375
1147.4075927734375,130.98751831054688,-7.649294376373291,0.12397725880146027,972.8505249023438,105.96360778808594,-7.4701151847839355,0.11828793585300446,999.0511474609375,156.00640869140625,-7.498969078063965,0.16958387196063995,75.33154296875,19,1.4215238094329834,1.1383742094039917,62.755001068115234,766.7672246994588,669.8096994465963,44.89206321361573,3.2639210591151286,0.20012801885604858,0.19943149387836456,30.57999610900879,3,5.396074295043945,0.0003935665008611977,1276.0748291015625,8.529142379760742,44.89206321361573,3.2639210591151286
83076.390625,283.5614013671875,-12.298693656921387,0.003706801449880004,66536.9375,169.9371795654297,-12.057657241821289,0.0027736742049455643,80732.9609375,256.67254638671875,-12.267626762390137,0.0034526961389929056,3894.482421875,225,2.2966456413269043,2.249232769012451,-16.255290985107422,1487.2899483250835,710.6705644809156,44.894987646910934,3.21144871548487,0.0059201777912676334,0.005863449536263943,78.24419403076172,0,3.8380703926086426,0.00027992663672193885,83242.0703125,13.779873847961426,44.894987646910934,3.21144871548487
3737.234130859375,171.43789672851562,-8.931375503540039,0.049818005412817,2667.542236328125,108.17062377929688,-8.565278053283691,0.04403802752494812,3425.466064453125,184.87791442871094,-8.836799621582031,0.058613166213035583,142.2717742919922,53,2.3237664699554443,1.731825351715088,-36.81188201904297,1803.4727282985461,684.0974283961895,44.89301761014244,3.1884202412993012,0.11048710346221924,0.1101255714893341,-15.106451034545898,0,7.464692115783691,0.0005444332491606474,1742.0233154296875,13.942598342895508,44.89301761014244,3.1884202412993012
7674410.5,1594.4373779296875,-17.21261215209961,0.00022562762023881078,2637996.0,848.1856689453125,-16.053184509277344,0.0003491778043098748,7554907.5,1476.778076171875,-17.195573806762695,0.00021228333935141563,54372.703125,1987,6.048366069793701,2.9763121604919434,89.9954605102539,1570.0260271005136,801.7523820768182,44.90164328013265,3.2054226903672833,0.0012677076738327742,0.0009663960081525147,89.90383911132812,4,25.462610244750977,0.0018570999382063746,7674162.5,36.29019546508789,44.90164328013265,3.2054226903672833
6458.02197265625,162.38816833496094,-9.525248527526855,0.027307672426104546,5314.59521484375,111.48645782470703,-9.313675880432129,0.02278147079050541,6215.705078125,176.0410614013672,-9.483725547790527,0.030757667496800423,310.68304443359375,65,1.9553732872009277,1.7350339889526367,-74.13922119140625,1983.0318410189436,691.8494252297784,44.893570580364724,3.1753415688603304,0.04558086395263672,0.045464590191841125,-89.63375854492188,0,4.1913299560546875,0.00030569417867809534,6565.80078125,11.732239723205566,44.893570580364724,3.1753415688603424
34645.5625,441.4754638671875,-11.349119186401367,0.013838492333889008,10143.5068359375,117.3445816040039,-10.015470504760742,0.012563329190015793,32889.06640625,457.2179870605469,-11.29262924194336,0.015097379684448242,382.2864074707031,420,5.731807231903076,4.130537033081055,-67.66265106201172,284.1856330130295,743.9342818318762,44.89753372651136,3.2990628492644616,0.06470751762390137,0.06433195620775223,-63.41462707519531,0,9.108549118041992,0.000664358667563647,27395.923828125,34.39084243774414,44.89753372651136,3.2990628492644616
1697.5968017578125,151.75843811035156,-8.074585914611816,0.09708410501480103,1152.778076171875,106.35607147216797,-7.654364109039307,0.10019508749246597,1335.3551025390625,152.75546264648438,-7.813992023468018,0.12423095107078552,65.28861999511719,28,1.8953248262405396,1.5004183053970337,18.210227966308594,318.487775726779,683.7208402087437,44.89312394871829,3.2965644213704857,0.2355409413576126,0.23473180830478668,41.32243728637695,3,8.31943416595459,0.0006068033399060369,780.521728515625,11.371949195861816,44.89312394871829,3.2965644213704977
1161.469482421875,121.53018951416016,-7.662519454956055,0.11363345384597778,956.7976684570312,106.02584838867188,-7.45205020904541,0.12034318596124649,1023.37255859375,133.34190368652344,-7.525084495544434,0.1415020376443863,71.39424133300781,19,1.7037200927734375,1.2545921802520752,72.21485137939453,104.46149646189856,684.3532929804354,44.8931910662083,3.3121490776739377,0.2176181972026825,0.2164510190486908,19.58664321899414,0,6.531350612640381,0.00047639405238442123,762.7789306640625,10.222320556640625,44.8931910662083,3.3121490776739377
676.0048828125,114.10456848144531,-7.074874401092529,0.1833086758852005,286.38433837890625,105.21501922607422,-6.142373085021973,0.3989865779876709,282.7182922363281,82.8203125,-6.128384590148926,0.31813597679138184,36.71846389770508,9,1.641990303993225,0.5101804733276367,28.387435913085938,1590.3588532160165,677.3841729241199,44.892543960063676,3.203942161236358,0.6245174407958984,0.6226898431777954,18.41609764099121,0,5.449395656585693,0.0003974473220296204,-579.5061645507812,9.85194206237793,44.892543960063676,3.2039421612363457
1120.5406494140625,113.8207015991211,-7.623569011688232,0.11031217873096466,1061.03466796875,106.19898986816406,-7.564323902130127,0.10869777202606201,1139.4422607421875,115.90910339355469,-7.641730785369873,0.11047272384166718,83.08211517333984,18,1.3919715881347656,1.0969680547714233,72.21263885498047,948.778960035991,686.267306578657,44.8932504365848,3.250666683850534,0.1877824366092682,0.18730105459690094,63.69772720336914,0,5.866247653961182,0.00042785482946783304,799.446533203125,8.351829528808594,44.89325043658479,3.2506666838505462
612.1082153320312,100.8301773071289,-6.967070579528809,0.17889250814914703,558.0759887695312,105.56117248535156,-6.866733551025391,0.20541901886463165,450.20794677734375,125.12715148925781,-6.633533000946045,0.3018340468406677,51.094810485839844,10,1.2971217632293701,0.7896208763122559,39.38151168823242,1928.2907702581697,681.2793802677107,44.89280166320326,3.179328921066923,0.2859465479850769,0.28535720705986023,55.95067596435547,0,6.034768581390381,0.00044014406739734113,473.5186462402344,7.782730579376221,44.89280166320326,3.1793289210669236
3812.3818359375,216.39210510253906,-8.952990531921387,0.06164173409342766,1886.5423583984375,107.31920623779297,-8.189166069030762,0.06177898123860359,3395.3349609375,225.87728881835938,-8.8272066116333,0.0722469910979271,98.32105255126953,62,3.097705125808716,1.9140794277191162,-86.62665557861328,745.6451198475288,709.437220727352,44.89496472094811,3.2654594460541193,0.20850838720798492,0.20732074975967407,85.1884994506836,0,11.916123390197754,0.0008691104594618082,2105.595703125,18.586231231689453,44.89496472094811,3.2654594460541193
21056.275390625,315.8116455078125,-10.808453559875488,0.01628832519054413,9033.142578125,115.95393371582031,-9.889596939086914,0.013940438628196716,19946.228515625,332.5757751464844,-10.749651908874512,0.018107548356056213,299.61871337890625,232,4.602559566497803,2.7062997817993164,4.771459579467773,1372.5807603977657,713.8650996660451,44.8952312898694,3.2198029693430135,0.05517992749810219,0.054250650107860565,6.685236930847168,0,9.494973182678223,0.0006925086490809917,17423.5,27.6153564453125,44.8952312898694,3.2198029693430135
1503.0035400390625,130.13552856445312,-7.942399978637695,0.09402984380722046,1243.4959716796875,106.51163482666016,-7.7366108894348145,0.09302132576704025,1302.881103515625,123.40718841552734,-7.787261962890625,0.10286449640989304,77.57521057128906,24,1.52371346950531,1.1987732648849487,17.28386116027832,322.45948202869334,688.2907198649293,44.893457987826835,3.296275258566169,0.16949462890625,0.16942588984966278,80.90510559082031,3,6.741714954376221,0.0004917272017337382,1046.4111328125,9.142280578613281,44.89345798782684,3.296275258566169
6168.10791015625,204.4840545654297,-9.475379943847656,0.036002885550260544,4028.16748046875,109.76685333251953,-9.012768745422363,0.02959330938756466,5912.52490234375,215.51087951660156,-9.42943286895752,0.039584580808877945,172.62249755859375,82,2.435459852218628,2.1787898540496826,13.53482723236084,1758.0458679371588,710.2074988905078,44.894931141095874,3.191728764322959,0.08642253279685974,0.0863572508096695,-24.052701950073242,0,6.642425060272217,0.00048446160508319736,5084.08740234375,14.61275863647461,44.894931141095874,3.191728764322959
6653.2255859375,304.8655700683594,-9.557580947875977,0.04976293072104454,2109.849853515625,107.59822845458984,-8.310628890991211,0.05538387969136238,5417.49560546875,292.36962890625,-9.33449649810791,0.05860889330506325,69.59785461425781,93,4.452083587646484,2.2283148765563965,77.79584503173828,159.5099467903024,728.2498918835938,44.89639821694996,3.3081411711768354,0.23567301034927368,0.23417693376541138,66.19107055664062,3,18.896360397338867,0.0013782792957499623,3697.849609375,26.712501525878906,44.89639821694996,3.3081411711768354
1119.4129638671875,139.46522521972656,-7.622475624084473,0.1353023797273636,743.8865356445312,105.75587463378906,-7.17876672744751,0.1543930172920227,921.8745727539062,153.1078338623047,-7.411679744720459,0.18036630749702454,47.637718200683594,18,1.848162055015564,1.5356274843215942,-42.41917037963867,125.27894400114793,706.4623367642535,44.894807083823814,3.3106334904918917,0.41636329889297485,0.4158119857311249,1.699755311012268,0,10.08932876586914,0.0007359083974733949,358.9873962402344,11.088972091674805,44.894807083823814,3.3106334904918917
1275.5162353515625,130.41632080078125,-7.764214992523193,0.11103905737400055,915.4573974609375,106.05604553222656,-7.40409517288208,0.12581345438957214,1018.051025390625,128.3188934326172,-7.519423961639404,0.1368834376335144,75.5089340209961,21,1.6865155696868896,1.1451480388641357,-67.91549682617188,1561.1587961782323,705.8201725259287,44.89462653790647,3.2060687630440383,0.22232399880886078,0.22195975482463837,-81.06649017333984,0,7.157318115234375,0.0005220134626142681,300.697021484375,10.11909294128418,44.89462653790646,3.2060687630440383
982.5239868164062,128.4753875732422,-7.480857849121094,0.14200596511363983,663.1826171875,105.65336608886719,-7.054082870483398,0.17301350831985474,540.23974609375,126.09439849853516,-6.831466197967529,0.2534773051738739,56.23189926147461,16,1.4151060581207275,1.3320273160934448,-1.377784252166748,1650.0353619832806,709.4511005704474,44.894884689337516,3.199595637828984,0.27376776933670044,0.2730119526386261,-35.02096939086914,0,7.302433490753174,0.0005325978854671121,212.48095703125,8.490636825561523,44.894884689337516,3.1995956378289967
4517207.0,1263.9066162109375,-16.637174606323242,0.00030386089929379523,2418019.0,812.627685546875,-15.958649635314941,0.0003649738500826061,4424670.0,1134.9893798828125,-16.614702224731445,0.00027857409440912306,54380.37890625,1559,4.058967113494873,2.918381929397583,-89.06671905517578,1818.465135415147,851.2806478215327,44.90524511833158,3.1873272106491073,0.0012048910139128566,0.000996248796582222,-89.75889587402344,4,20.650779724121094,0.0015061645535752177,4509237.0,24.353801727294922,44.90524511833158,3.1873272106490953
86591.3515625,287.7657470703125,-12.3436861038208,0.0036090624053031206,69004.9296875,171.87612915039062,-12.097200393676758,0.002704987535253167,84210.8125,258.0618591308594,-12.313419342041016,0.003328019054606557,4030.481201171875,231,2.3035051822662354,2.2540247440338135,31.116256713867188,1155.0618341190402,753.5293594923606,44.89815249782344,3.235644429006794,0.005833303090184927,0.005772594828158617,69.4003677368164,0,3.847010612487793,0.00028057958115823567,86869.5234375,13.82103157043457,44.898152497823446,3.2356444290067814
569.0325927734375,100.92057800292969,-6.887842655181885,0.19260714948177338,325.1316833496094,105.26445770263672,-6.280148506164551,0.3516027629375458,336.72991943359375,90.47984313964844,-6.318204402923584,0.2918098568916321,52.062137603759766,9,1.3067353963851929,0.6673795580863953,-56.793094635009766,1158.682267953961,710.5044885106429,44.89500449153278,3.2353806568328167,0.3464782238006592,0.3439290225505829,-63.75857162475586,0,5.537170886993408,0.0004038506594952196,160.45361328125,7.840412139892578,44.89500449153278,3.235380656832817
4958.5341796875,229.5709228515625,-9.238383293151855,0.050279781222343445,2644.240966796875,108.2630386352539,-8.555752754211426,0.044464047998189926,3973.890869140625,223.7897186279297,-8.998040199279785,0.06115810573101044,108.75634765625,78,2.9081411361694336,2.0245959758758545,15.41976547241211,21.00723005397638,737.627978215563,44.89709826252662,3.318226516416791,0.13656416535377502,0.1358417421579361,8.937169075012207,0,9.837878227233887,0.0007175734499469399,960.0337524414062,17.4488468170166,44.89709826252662,3.318226516416791
2871.873779296875,161.44546508789062,-8.645413398742676,0.0610506534576416,2135.601318359375,107.71165466308594,-8.323800086975098,0.054773733019828796,2443.978515625,174.3996124267578,-8.470243453979492,0.0774957612156868,122.72994995117188,43,2.0238659381866455,1.746647834777832,-52.99321746826172,1468.9171164576653,727.3227370485974,44.89620738264323,3.212786793869264,0.11393733322620392,0.11365626007318497,-17.905738830566406,0,6.780137062072754,0.0004945040564052761,1989.8204345703125,12.143196105957031,44.89620738264323,3.212786793869264
106087.6796875,307.7424011230469,-12.564162254333496,0.003150302218273282,84446.4296875,183.5430908203125,-12.316452980041504,0.0023604051675647497,102864.453125,273.6556396484375,-12.53066349029541,0.0028891421388834715,4803.97998046875,259,2.425813913345337,2.281043767929077,16.954153060913086,1132.6500161640095,757.4857684320497,44.89844400019117,3.237276611321981,0.005092372186481953,0.005028735846281052,72.423828125,0,3.88106107711792,0.00028306315653026104,106195.90625,14.55488395690918,44.89844400019116,3.237276611321993
3464.88232421875,214.21566772460938,-8.849221229553223,0.06714173406362534,1891.5511474609375,107.20307922363281,-8.192045211791992,0.061548713594675064,3291.32861328125,272.373046875,-8.793428421020508,0.08987165242433548,74.53986358642578,57,2.7519567012786865,1.947558879852295,-82.11487579345703,165.06864044131746,736.8826858720141,44.89702944411164,3.3077365086791266,0.21560856699943542,0.2148011326789856,84.05013275146484,3,13.880837440490723,0.0010124512482434511,3286.704833984375,16.51173973083496,44.89702944411164,3.3077365086791386
1239.4173583984375,146.15896606445312,-7.733044147491455,0.12806713581085205,900.4114379882812,106.1195068359375,-7.386102676391602,0.12799236178398132,1133.286865234375,162.30645751953125,-7.635849475860596,0.15553414821624756,53.94225311279297,20,1.9428385496139526,1.560495376586914,76.39558410644531,874.8161069931181,732.6831297661947,44.89665336098936,3.256053110583158,0.3362572193145752,0.3357125520706177,-72.70547485351562,2,8.11483097076416,0.0005918563110753894,839.776123046875,11.657031059265137,44.89665336098937,3.2560531105831463
4621021.5,1280.236328125,-16.66184425354004,0.0003008721396327019,2393544.0,808.5465087890625,-15.947603225708008,0.0003668541321530938,4527264.0,1151.8212890625,-16.639589309692383,0.00027629887335933745,54163.29296875,1666,4.362118244171143,3.021327495574951,-85.04041290283203,1417.0315129960265,858.1356716061545,44.90578127177369,3.216565613585742,0.001219947007484734,0.0009943438926711679,-89.91873168945312,4,13.938495635986328,0.001016594935208559,4603847.5,26.172710418701172,44.90578127177369,3.2165656135857423
15320.0458984375,367.4444274902344,-10.463150024414062,0.026047222316265106,4571.22412109375,110.42913818359375,-9.150081634521484,0.02623499557375908,13318.69140625,387.5345458984375,-10.31115436553955,0.031599391251802444,141.39283752441406,227,5.226170063018799,3.2962279319763184,89.7359390258789,99.84471659196494,782.2160448132032,44.90035359304679,3.3124864530165374,0.11630065739154816,0.11565036326646805,89.38162231445312,2,17.092914581298828,0.0012467391788959503,8767.69921875,31.35702133178711,44.90035359304679,3.312486453016538
1125.4573974609375,140.60986328125,-7.628322601318359,0.13568022847175598,707.5208129882812,105.7096939086914,-7.124348163604736,0.16225774586200714,799.6441040039062,128.0901641845703,-7.257241725921631,0.17395979166030884,49.756290435791016,18,1.816524624824524,1.0783673524856567,-26.051647186279297,1829.963492647119,739.6262208553534,44.89707720008174,3.1864903816820562,0.3585676848888397,0.3568441867828369,-26.575763702392578,0,8.372892379760742,0.0006106741493567824,-367.44720458984375,10.899147987365723,44.89707720008174,3.1864903816820562
7462.05078125,237.2317352294922,-9.682145118713379,0.034525852650403976,4199.7353515625,109.85707092285156,-9.05805492401123,0.028407692909240723,7115.07666015625,245.63070678710938,-9.630449295043945,0.037491507828235626,177.60874938964844,104,2.8486897945404053,2.4547529220581055,-79.12957763671875,1414.8588456752304,767.2593577623742,44.89913359361094,3.216723849535951,0.0942353755235672,0.09420701861381531,-74.63533020019531,2,7.706615924835205,0.0005620763404294848,6407.162109375,17.092138290405273,44.89913359361094,3.216723849535951
693.419677734375,115.4093246459961,-7.102490425109863,0.18074844777584076,397.3430480957031,105.43956756591797,-6.497913837432861,0.28818264603614807,363.357666015625,114.05127716064453,-6.400835990905762,0.34087538719177246,52.93464279174805,9,1.3896522521972656,0.8701038360595703,-33.65983963012695,50.67283093168667,741.2482622957392,44.89736027326833,3.316066436580417,0.35127732157707214,0.34990808367729187,-53.28239059448242,1,6.563751697540283,0.0004787573707289994,500.6401672363281,8.337913513183594,44.89736027326833,3.3160664365804173
2024.9461669921875,184.20960998535156,-8.266034126281738,0.09879355877637863,1077.8583984375,106.59041595458984,-7.581404209136963,0.10739554464817047,1821.48046875,210.36219787597656,-8.151061058044434,0.12542179226875305,73.2364273071289,22,3.807328462600708,1.3548561334609985,-49.362483978271484,905.8284739636629,753.5201645087091,44.8981749864837,3.2537948140013446,0.3607064187526703,0.36001476645469666,-68.86307525634766,2,13.617093086242676,0.00099316262640059,143.52597045898438,22.843971252441406,44.898174986483696,3.253794814001369
613.2258911132812,107.9956283569336,-6.969051361083984,0.19125619530677795,417.3430480957031,105.3404769897461,-6.551232814788818,0.2741144597530365,571.7094116210938,151.36163330078125,-6.892938137054443,0.28752148151397705,46.97955322265625,9,1.5435842275619507,0.6990506052970886,78.73990631103516,818.1553472573231,746.0788837620469,44.89763883841069,3.260179370964424,0.6322144865989685,0.6320151686668396,72.63347625732422,0,6.196276664733887,0.0004519272188190371,11.595010757446289,9.261505126953125,44.89763883841069,3.260179370964424
46900.04296875,248.0482177734375,-11.677932739257812,0.005743712652474642,37276.4921875,144.92596435546875,-11.428587913513184,0.004222221206873655,45460.3359375,232.85299682617188,-11.644082069396973,0.005562615115195513,2158.571044921875,181,2.2720694541931152,2.1644105911254883,0.0036470270715653896,305.3914482722646,777.7783278084619,44.90000831218222,3.2975190752587826,0.009003291837871075,0.008967021480202675,81.54607391357422,0,3.8598179817199707,0.0002815258631017059,46347.65234375,13.632416725158691,44.90000831218222,3.29751907525877
2103.66943359375,141.43861389160156,-8.307443618774414,0.07301638275384903,1651.1632080078125,106.7376937866211,-8.044474601745605,0.07020331919193268,1926.069091796875,144.45440673828125,-8.211679458618164,0.08144956082105637,99.8721923828125,32,2.0437979698181152,1.2214598655700684,6.478158473968506,1741.8194135315002,748.3317869567496,44.89772115311783,3.192910414587952,0.1401529759168625,0.13989710807800293,-9.629630088806152,0,8.923747062683105,0.0006508492515422404,1237.7657470703125,12.262787818908691,44.89772115311783,3.192910414587952
987.975830078125,131.62887573242188,-7.486865997314453,0.14468872547149658,136.44161987304688,105.10680389404297,-5.337367057800293,0.8365921378135681,241.2091827392578,110.98849487304688,-5.955984592437744,0.4997052848339081,39.70756149291992,10,1.8926993608474731,0.7771686315536499,-58.26272201538086,1946.8545756434676,756.7303578083033,44.898318980482,3.1779761164693388,0.4346275329589844,0.4332008361816406,-41.47610855102539,0,7.246991157531738,0.0005285594961605966,-304.8235168457031,11.356196403503418,44.89831898048201,3.1779761164693268
2239.0546875,128.94349670410156,-8.375162124633789,0.06254096329212189,1977.8953857421875,107.71820831298828,-8.240508079528809,0.05914467200636864,2028.8544921875,133.5337371826172,-8.26812744140625,0.07147759199142456,133.73178100585938,31,1.554674506187439,1.3047128915786743,18.111705780029297,528.7679314615516,755.2646634617513,44.89833884496016,3.2812528725172143,0.09878171980381012,0.09862563759088516,-44.423851013183594,0,4.591768264770508,0.00033490738132968545,2077.43359375,9.328046798706055,44.89833884496016,3.2812528725172263
1193.1561279296875,145.34654235839844,-7.69174337387085,0.13229312002658844,801.0457763671875,105.66287994384766,-7.259143352508545,0.14325009286403656,821.8810424804688,158.63694763183594,-7.287022590637207,0.20961637794971466,51.19159698486328,19,1.774254560470581,1.20196533203125,38.17311096191406,1216.3339225786508,760.2432708326132,44.898638093901205,3.231182187878983,0.29410040378570557,0.2935532331466675,50.92185974121094,0,8.738786697387695,0.000637357821688056,897.255615234375,10.645526885986328,44.89863809390121,3.23118218787897
16327.42578125,185.5252227783203,-10.532294273376465,0.012339997105300426,13516.6796875,120.9620590209961,-10.32717514038086,0.009718718007206917,15972.310546875,188.6261749267578,-10.508419036865234,0.012825196608901024,802.53271484375,100,2.0697858333587646,1.8107680082321167,88.67604064941406,1875.371045600408,780.9565929803059,44.90009665632675,3.1831827156048127,0.020289702340960503,0.02017444744706154,-80.00569152832031,0,3.9396982192993164,0.0002873415651265532,15978.44140625,12.41871452331543,44.90009665632675,3.1831827156048256
331015.75,443.7309265136719,-13.79962158203125,0.001455797115340829,260527.234375,284.5726623535156,-13.539632797241211,0.0011862326646223664,320773.03125,371.777587890625,-13.765494346618652,0.0012586795492097735,15484.5205078125,439,2.5374629497528076,2.469683885574341,-7.879976272583008,1066.0888397802858,819.2124643730341,44.90296610612822,3.242124241394259,0.0026057276409119368,0.002577094826847315,70.61417388916016,0,3.9085564613342285,0.00028506870148703456,330519.0,15.224777221679688,44.90296610612822,3.2421242413942584
2196.364501953125,156.65235900878906,-8.35426139831543,0.07745730131864548,1662.1429443359375,107.0380859375,-8.051671028137207,0.06993583589792252,1870.17822265625,166.8956756591797,-8.179707527160645,0.09691520035266876,103.8266830444336,35,1.9566400051116943,1.6415431499481201,-5.059599876403809,541.9484861673359,772.3550078502496,44.8995881144437,3.2802932302133576,0.15074993669986725,0.15012282133102417,26.583391189575195,0,7.146533966064453,0.000521241978276521,1785.0582275390625,11.739839553833008,44.8995881144437,3.2802932302133576
1064089.875,686.4342041015625,-15.067445755004883,0.0007005681982263923,832368.0,484.35150146484375,-14.800788879394531,0.0006319389212876558,1031463.3125,580.6580200195312,-15.033634185791016,0.000611359195318073,47256.59765625,758,2.727328062057495,2.6137280464172363,33.86197280883789,258.60259141521186,859.2123103201037,44.905972236439915,3.3009271405563134,0.0014040283858776093,0.001388806151226163,55.36790466308594,0,3.9605302810668945,0.0002888708550017327,1059207.875,16.363967895507812,44.905972236439915,3.3009271405563254
1088.9600830078125,143.20530700683594,-7.592529773712158,0.14281603693962097,326.4817810058594,105.18299865722656,-6.284647464752197,0.34987783432006836,174.08253479003906,169.4449462890625,-5.601888179779053,1.0570688247680664,37.655189514160156,13,2.0672924518585205,1.0071076154708862,-16.7478084564209,42.97718647008654,769.6048010869116,44.899436337484126,3.316627169702987,0.29450303316116333,0.2907438576221466,83.95542907714844,0,8.633793830871582,0.0006297442596405745,-15.136574745178223,12.403755187988281,44.899436337484126,3.316627169702987
1687.244140625,138.50833129882812,-8.067944526672363,0.08915132284164429,1370.9664306640625,106.50797271728516,-7.842566967010498,0.08436942845582962,1614.864990234375,141.86985778808594,-8.020340919494629,0.09540776908397675,69.49461364746094,27,1.9401723146438599,1.1208504438400269,62.21099853515625,92.94624907520311,786.0665649323937,44.900636081318595,3.3129888254010136,0.1745672971010208,0.17363235354423523,56.95029067993164,3,8.825078010559082,0.0006436920957639813,1509.39599609375,11.641034126281738,44.900636081318595,3.312988825401013
617.930908203125,108.56074523925781,-6.977349758148193,0.19079312682151794,166.40599060058594,105.22828674316406,-5.552922248840332,0.6867416501045227,242.35873413085938,95.06061553955078,-5.961146831512451,0.425962895154953,43.58427810668945,9,1.2703205347061157,0.7840165495872498,12.365553855895996,533.3575360273876,770.4002773818893,44.89944592159438,3.2809188020505364,0.39094364643096924,0.3889821767807007,9.183433532714844,1,5.949714660644531,0.00043395068496465683,-130.72833251953125,7.621923446655273,44.89944592159438,3.280918802050536
627.837158203125,109.6786880493164,-6.994617462158203,0.18971647322177887,413.1719970703125,105.37669372558594,-6.540327072143555,0.27697688341140747,378.3108825683594,105.08267974853516,-6.444622039794922,0.3016561269760132,40.808326721191406,9,2.1887707710266113,0.5872893929481506,-66.18759155273438,1705.1148522330636,783.5574039757047,44.9003008586557,3.1955836393502683,0.6137892007827759,0.6117236614227295,-76.53126525878906,0,6.769996643066406,0.0004937666235491633,-1452.5474853515625,13.132624626159668,44.9003008586557,3.1955836393502683
1691.8651123046875,160.2680206298828,-8.070914268493652,0.10287526249885559,1025.7044677734375,106.44249725341797,-7.527555465698242,0.11269968003034592,987.9490966796875,166.18438720703125,-7.4868364334106445,0.18267767131328583,54.96806716918945,28,2.0418736934661865,1.584035873413086,70.47621154785156,1077.4242263457152,792.1208025578961,44.90098301046593,3.241298613037986,0.21821735799312592,0.21782714128494263,61.236968994140625,0,10.773990631103516,0.0007857959717512131,398.8609924316406,12.251241683959961,44.90098301046593,3.2412986130379986
5404.673828125,156.47792053222656,-9.331923484802246,0.03144223615527153,4489.36181640625,110.48810577392578,-9.130461692810059,0.026727648451924324,5167.42529296875,162.9461669921875,-9.283185958862305,0.03424520418047905,284.75457763671875,58,1.7949633598327637,1.6832678318023682,67.77006530761719,333.7324573940411,797.5921178819881,44.901455428328866,3.2954555673183497,0.05307500436902046,0.05296120420098305,59.174102783203125,0,3.9359681606292725,0.00028707896126434207,4873.05224609375,10.769780158996582,44.901455428328866,3.2954555673183497
1125.246337890625,146.4184112548828,-7.628118991851807,0.1413116306066513,553.4387817382812,105.47232055664062,-6.8576741218566895,0.2069658786058426,646.2373046875,138.6019287109375,-7.025979995727539,0.23292015492916107,40.43668746948242,14,1.8131272792816162,1.245977759361267,12.175490379333496,1210.6398222628861,788.0705238660488,44.90067439013665,3.2315969389713253,0.4622565805912018,0.4616871178150177,-32.678733825683594,0,8.995924949645996,0.0006561120389960706,103.83491516113281,10.878763198852539,44.90067439013666,3.2315969389713133
1642.438720703125,176.88819885253906,-8.03872299194336,0.11696057766675949,729.2508544921875,105.77867126464844,-7.157192230224609,0.15752555429935455,327.6240234375,300.39971923828125,-6.2884392738342285,0.9957575798034668,43.4418830871582,24,2.2199466228485107,1.577024221420288,-59.311546325683594,408.31017205210844,795.638348698625,44.90130503610537,3.290024909206127,0.2588658332824707,0.25784897804260254,-54.26300811767578,1,11.210917472839355,0.0008176896953955293,2133.433349609375,13.319679260253906,44.90130503610537,3.290024909206139
23024.41015625,203.38720703125,-10.905470848083496,0.009593231603503227,18632.83203125,126.44448852539062,-10.675697326660156,0.007369717583060265,22470.943359375,203.67247009277344,-10.879053115844727,0.009843302890658379,1064.0283203125,122,2.0933704376220703,2.0278310775756836,40.22812271118164,663.4047075312718,814.7773818380659,44.90268031508136,3.2714491147216553,0.015675587579607964,0.015631992369890213,64.4923095703125,0,3.9066498279571533,0.0002849340089596808,22791.056640625,12.560222625732422,44.90268031508136,3.2714491147216553
9732.3291015625,230.2887420654297,-9.970541954040527,0.025697195902466774,6068.69580078125,112.27412414550781,-9.457738876342773,0.020091582089662552,8719.1015625,239.29925537109375,-9.851179122924805,0.029805706813931465,267.4183654785156,116,2.7885854244232178,2.3206987380981445,-80.6032943725586,384.94291270972906,815.902602509288,44.90279021989194,3.291726709893549,0.05636253580451012,0.056062232702970505,-83.96937561035156,0,6.6486639976501465,0.0004849331744480878,9066.1220703125,16.73151206970215,44.90279021989194,3.291726709893561
790.8294067382812,121.00234985351562,-7.245206832885742,0.16616548597812653,105.2967758178711,104.9002685546875,-5.056037425994873,1.0819106101989746,140.69503784179688,114.7463150024414,-5.370697021484375,0.8857064247131348,36.31315612792969,9,1.396367073059082,1.0559961795806885,63.83333969116211,36.94345726960996,797.0282606855304,44.901443941541494,3.3170668904103224,0.9586789011955261,0.9564226269721985,71.95671081542969,0,7.255966663360596,0.0005292451824061573,-84.58670806884766,8.378202438354492,44.901443941541494,3.317066890410322
41662.24609375,241.29849243164062,-11.549356460571289,0.006289871409535408,33365.859375,141.3493194580078,-11.308256149291992,0.004600671585649252,40310.671875,227.4720916748047,-11.5135498046875,0.006128270179033279,1941.6385498046875,172,2.2352590560913086,2.182447671890259,11.009916305541992,1869.701668573314,844.1492061991808,44.90471928167877,3.183595238231087,0.009805412031710148,0.009718071669340134,71.0411148071289,0,3.915255546569824,0.0002855596540030092,41695.078125,13.411554336547852,44.90471928167877,3.1835952382310864
7867.94091796875,224.86959838867188,-9.739652633666992,0.03103841096162796,4613.8203125,110.63925170898438,-9.160151481628418,0.026042241603136063,7553.42236328125,235.87753295898438,-9.695359230041504,0.0339135006070137,181.98028564453125,102,2.930197238922119,2.1437361240386963,20.629901885986328,200.43331648558484,835.4970388261647,44.9042426705137,3.3051625902959936,0.08538354933261871,0.08472070097923279,31.347379684448242,0,7.418006896972656,0.000541054003406316,6158.4873046875,17.58118438720703,44.90424267051371,3.305162590295981
5776.77880859375,227.12005615234375,-9.404213905334473,0.04269721731543541,3253.440673828125,109.01596069335938,-8.78085708618164,0.03638957813382149,5201.896484375,234.0681915283203,-9.290404319763184,0.04886642098426819,130.97364807128906,86,2.5850813388824463,2.4197885990142822,-58.36431884765625,1700.1400846978147,845.6313064070777,44.904841814446876,3.1959457257103145,0.11522163450717926,0.11482568085193634,-62.12268829345703,0,8.901185989379883,0.0006492052925750613,4708.74853515625,15.510488510131836,44.904841814446876,3.195945725710302
1454.0130615234375,151.05889892578125,-7.906420707702637,0.11282564699649811,1256.94091796875,106.48749542236328,-7.748287200927734,0.09200545400381088,1587.4835205078125,155.81143188476562,-8.0017728805542,0.10659084469079971,55.29831314086914,24,1.9636043310165405,1.3475966453552246,77.50582122802734,313.94044412573595,847.5531464831357,44.90511343606499,3.2968973858656674,0.3033699691295624,0.30287399888038635,-66.66973114013672,2,9.74045181274414,0.0007104409742169082,960.23876953125,11.781625747680664,44.90511343606499,3.2968973858656674
1271.956298828125,154.90211486816406,-7.761180400848389,0.13225588202476501,744.656494140625,105.83958435058594,-7.179890155792236,0.15435545146465302,841.7217407226562,176.91197204589844,-7.312921524047852,0.2282540500164032,46.76361846923828,19,2.0429506301879883,1.8383184671401978,41.698062896728516,1950.8854617512254,855.4329409334613,44.905538038407066,3.1776817084993967,0.45164379477500916,0.4512638747692108,-5.030028343200684,0,11.61310863494873,0.0008470071479678154,50.464637756347656,12.25770378112793,44.905538038407066,3.1776817084993967
653.8978881835938,110.20246887207031,-7.0387749671936035,0.1830253303050995,541.4544067382812,105.66435241699219,-6.83390474319458,0.21193192899227142,504.47589111328125,121.6392822265625,-6.757101058959961,0.26185643672943115,52.338253021240234,10,1.4652999639511108,0.8857322335243225,15.669753074645996,737.5296210987104,847.8836769665334,44.905095378230754,3.266051488180019,0.39549094438552856,0.39427852630615234,56.9296760559082,0,6.05763053894043,0.00044181494740769267,425.77734375,8.791799545288086,44.905095378230754,3.266051488180019
2175.787841796875,175.46820068359375,-8.34404182434082,0.08758136630058289,1415.0186767578125,106.68663024902344,-7.87690544128418,0.08187996596097946,1588.724609375,163.3539276123047,-8.0026216506958,0.11166338622570038,94.81782531738281,36,1.9804539680480957,1.566652774810791,40.46346664428711,641.6869350455108,860.1360603673758,44.90600131814952,3.273031052748018,0.19510908424854279,0.19451600313186646,40.313072204589844,0,6.868896961212158,0.0005009868764318526,1354.5601806640625,11.882723808288574,44.906001318149514,3.273031052748018
2294.358154296875,183.87432861328125,-8.401653289794922,0.08703415095806122,1451.4910888671875,106.81449127197266,-7.90453577041626,0.07991819083690643,2009.23486328125,173.4348907470703,-8.257576942443848,0.09374229609966278,79.41207885742188,38,2.3923048973083496,1.474371314048767,69.29369354248047,924.8646839628395,865.6451528668654,44.906376649880784,3.2524092120816017,0.22845734655857086,0.22772908210754395,65.38818359375,0,10.68752670288086,0.0007794917328283191,1317.8536376953125,14.353829383850098,44.906376649880784,3.2524092120816013
868.018310546875,122.38729095458984,-7.346322059631348,0.15312188863754272,712.3251342773438,105.7157974243164,-7.131695747375488,0.16117268800735474,730.4375,111.57878112792969,-7.158957481384277,0.16589312255382538,56.5975227355957,14,1.425513505935669,1.0102404356002808,42.64139938354492,1669.9625631226315,856.4583442623313,44.905636355876716,3.198143699783498,0.3117268979549408,0.3105572760105133,32.535736083984375,0,7.169902324676514,0.00052293436601758,480.308837890625,8.553081512451172,44.905636355876716,3.198143699783498
31770.48046875,216.69187927246094,-11.255059242248535,0.0074071078561246395,25840.080078125,133.944580078125,-11.03073501586914,0.005629386752843857,31094.787109375,210.32345581054688,-11.231719017028809,0.007345645222812891,1529.671142578125,139,2.141126871109009,2.00881028175354,5.375109672546387,117.36405533433921,884.8167423902828,44.90786040504875,3.311212155620391,0.011881589889526367,0.011810945346951485,62.759254455566406,0,3.855400800704956,0.00028120577917434275,31231.779296875,12.846761703491211,44.90786040504876,3.3112121556203786
2955.0390625,228.97059631347656,-8.676407814025879,0.08414848893880844,1231.4884033203125,106.3731460571289,-7.726075649261475,0.093806192278862,2348.079345703125,252.2884063720703,-8.42678165435791,0.11668481677770615,60.69606018066406,32,3.754572868347168,1.9774593114852905,61.457027435302734,579.6292705837358,875.5860645333353,44.9071379741838,3.2775503266159505,0.31653887033462524,0.31632375717163086,6.985196590423584,2,16.34331512451172,0.0011920122196897864,410.226806640625,22.527437210083008,44.907137974183804,3.277550326615938
1818.77294921875,186.73582458496094,-8.149446487426758,0.1115010529756546,638.8164672851562,105.70523071289062,-7.013440132141113,0.17970086634159088,697.5587768554688,203.28465270996094,-7.108952045440674,0.31648534536361694,42.70989990234375,15,2.119295835494995,1.1690529584884644,32.251373291015625,2020.501146927261,876.8883268793934,44.90710177308213,3.172610582681205,0.425432413816452,0.42469021677970886,17.817331314086914,1,9.423393249511719,0.000687302672304213,1133.3963623046875,12.715774536132812,44.90710177308213,3.172610582681205
1937.9052734375,174.0699920654297,-8.218331336975098,0.09754863381385803,1181.4927978515625,106.47455596923828,-7.681077480316162,0.09786887466907501,1534.59619140625,168.5837860107422,-7.964985370635986,0.11930304020643234,60.676185607910156,32,2.2184271812438965,1.5389851331710815,-39.033668518066406,785.3683682370352,877.7683547195115,44.90727723278166,3.262567986695411,0.2840595841407776,0.2837105989456177,-37.39003372192383,0,11.070534706115723,0.0008074298966675997,963.3679809570312,13.310563087463379,44.90727723278166,3.2625679866953976
4662.26025390625,155.2639923095703,-9.171491622924805,0.036166299134492874,3878.952392578125,109.70391845703125,-8.971786499023438,0.03071407973766327,4284.65087890625,165.55503845214844,-9.079788208007812,0.04196205735206604,247.1627197265625,54,1.9351214170455933,1.5455363988876343,78.45492553710938,1798.8589411961107,887.4757614224781,44.907894233751186,3.188755105233566,0.05883830040693283,0.058668144047260284,71.8980484008789,0,4.175708293914795,0.00030455554951913655,4632.7314453125,11.61072826385498,44.907894233751186,3.188755105233566
1108.0382080078125,136.95973205566406,-7.611386775970459,0.134235680103302,912.9813232421875,106.01163482666016,-7.401154518127441,0.12610185146331787,1279.285888671875,168.3803253173828,-7.76741886138916,0.14293992519378662,51.11404800415039,18,2.4363656044006348,1.0028369426727295,-69.68443298339844,1498.9450975326788,884.8355018731594,44.90772706671233,3.2105996395036107,0.35725894570350647,0.3560372292995453,89.21246337890625,3,9.357583045959473,0.0006824901793152094,799.281005859375,14.618193626403809,44.907727066712326,3.2105996395036236
1811.3404541015625,162.9998321533203,-8.145000457763672,0.09772752225399017,1095.6141357421875,106.3250503540039,-7.599143981933594,0.10539203882217407,1727.975341796875,207.1575469970703,-8.093843460083008,0.13019461929798126,66.08739471435547,19,1.8626530170440674,1.3479171991348267,0.7272172570228577,1499.5802817265392,880.2034881581832,44.90738817608678,3.2105533794338865,0.3158186972141266,0.3148876130580902,-75.11241912841797,3,9.486546516418457,0.0006918959552422166,1832.6778564453125,11.175918579101562,44.90738817608679,3.2105533794338736
724.533203125,103.29817962646484,-7.150145530700684,0.15483324229717255,527.5137329101562,105.4393081665039,-6.80558443069458,0.21706938743591309,528.3068237304688,102.10877990722656,-6.807215690612793,0.2098972201347351,53.55500411987305,12,1.3744570016860962,0.8729855418205261,-56.0654182434082,563.3074287717565,879.9241684441622,44.90745703037362,3.2787389449273654,0.22942624986171722,0.22870776057243347,-46.3016357421875,0,6.538276672363281,0.0004768744402099401,246.94932556152344,8.246742248535156,44.90745703037362,3.2787389449273654
178403.0625,361.6496887207031,-13.12850570678711,0.002201484516263008,140962.421875,221.0540313720703,-12.872757911682129,0.0017030403250828385,173071.671875,308.6625671386719,-13.095564842224121,0.001936813467182219,8329.2587890625,331,2.4455108642578125,2.359083414077759,43.0904426574707,1724.0328318911363,928.3546626182039,44.91089068489223,3.1942051398991635,0.003735681064426899,0.003674216102808714,80.50226593017578,2,3.8945393562316895,0.00028404814656823874,178336.53125,14.673065185546875,44.91089068489223,3.1942051398991755
3161.45263671875,193.05267333984375,-8.749716758728027,0.06631609797477722,2021.539794921875,107.44725036621094,-8.264205932617188,0.057722195982933044,2511.00634765625,193.4821014404297,-8.499619483947754,0.08368021994829178,79.78643798828125,51,2.188616991043091,2.001021146774292,-15.313565254211426,805.4993930269713,892.5961936971357,44.90836013426879,3.2611020992902215,0.1677853912115097,0.16750691831111908,-12.607874870300293,0,9.764236450195312,0.0007121540838852525,1374.7874755859375,13.131702423095703,44.90836013426879,3.2611020992902215
20228.576171875,194.2529754638672,-10.764913558959961,0.010428748093545437,16601.2265625,124.47953796386719,-10.550350189208984,0.00814305990934372,19734.650390625,198.0301971435547,-10.738073348999023,0.010897623375058174,995.5225219726562,111,2.045304298400879,1.9680970907211304,78.50798034667969,766.9383342396196,908.7136191312944,44.909543179993385,3.2639103903634514,0.017117928713560104,0.017052477225661278,52.764076232910156,0,3.909346103668213,0.0002851281897164881,19640.470703125,12.271825790405273,44.909543179993385,3.263910390363452
2407.440673828125,202.68502807617188,-8.453888893127441,0.09143151342868805,1312.9713134765625,106.51704406738281,-7.795638084411621,0.08810359984636307,2101.1787109375,201.51303100585938,-8.306157112121582,0.10415256768465042,60.72075271606445,39,2.533752918243408,1.6524767875671387,-28.610923767089844,285.2712561884778,893.8442126750624,44.90850379967977,3.298985626512802,0.2730002999305725,0.2726447284221649,-37.609798431396484,2,12.264272689819336,0.0008945201989263296,1759.0308837890625,15.20251750946045,44.908503799679764,3.298985626512814
3838.681396484375,189.1365509033203,-8.960454940795898,0.05350855365395546,2560.320068359375,108.11843872070312,-8.520735740661621,0.045860134065151215,3522.419921875,195.3063201904297,-8.86710262298584,0.06021504104137421,136.96376037597656,58,2.221142053604126,1.9917346239089966,14.57985782623291,1458.9547982742768,901.8432663405271,44.908974782571875,3.2135122571054975,0.12006545066833496,0.11984338611364365,-37.87770080566406,0,6.937011241912842,0.0005059469258412719,3070.279296875,13.326852798461914,44.908974782571875,3.2135122571054855
74198.2421875,275.39459228515625,-12.175984382629395,0.004030803218483925,58927.3046875,163.70748901367188,-11.92579174041748,0.0030170450918376446,71957.484375,246.77609252929688,-12.14268970489502,0.0037244053091853857,3508.006103515625,205,2.323822498321533,2.1452300548553467,21.735015869140625,366.1346920296701,925.1236700231005,44.910784408031304,3.293097638454973,0.006512841675430536,0.006464867852628231,60.3802490234375,0,3.896641492843628,0.00028420734452083707,73793.03125,13.9429349899292,44.910784408031304,3.293097638454973
597.1608276367188,105.86182403564453,-6.940228462219238,0.1925209015607834,501.8336181640625,105.53108215332031,-6.751399517059326,0.22837600111961365,387.3815612792969,112.14506530761719,-6.4703474044799805,0.3143916726112366,52.83790588378906,9,1.4648844003677368,0.8233537673950195,70.68977355957031,112.23829375262146,905.2736047780993,44.909357992238974,3.3115856977706013,0.3088429570198059,0.3075854182243347,53.61982345581055,2,6.552144527435303,0.0004779006412718445,224.41893005371094,8.789306640625,44.909357992238974,3.3115856977706013
81028.765625,481.1525573730469,-12.271597862243652,0.006448718253523111,34399.30859375,142.20457458496094,-11.341374397277832,0.004489455837756395,76910.6953125,467.400146484375,-12.214966773986816,0.0065998174250125885,1382.064697265625,617,5.859109878540039,3.99597430229187,-11.790593147277832,915.8708312351924,978.9269294497758,44.91466544100848,3.253065025506087,0.017508814111351967,0.016965877264738083,-8.447257041931152,0,6.335576057434082,0.0004620823310688138,82784.328125,35.154659271240234,44.91466544100848,3.2530650255060993
2538.378662109375,157.8004913330078,-8.511390686035156,0.06751212477684021,1846.16943359375,107.26868438720703,-8.165678977966309,0.06310027092695236,2215.02001953125,174.22325134277344,-8.363444328308105,0.08541974425315857,114.84803009033203,39,1.912680745124817,1.6071815490722656,83.64559173583984,1714.0011877236777,916.6407445137517,44.91003472279337,3.194935864575659,0.12399743497371674,0.12348596751689911,-67.84126281738281,3,6.238755702972412,0.00045502313878387213,2251.829833984375,11.47608470916748,44.91003472279337,3.194935864575659
1509.8677978515625,147.52867126464844,-7.947347164154053,0.10611268877983093,1117.6715087890625,106.3529052734375,-7.620785713195801,0.10333917289972305,1219.0792236328125,138.3673095703125,-7.7150797843933105,0.12326262146234512,74.93304443359375,25,1.656074047088623,1.3363583087921143,-59.03506088256836,1244.2817978649234,911.7711440755412,44.90972076708121,3.22914719272196,0.21290332078933716,0.21221967041492462,-50.682373046875,0,7.009884834289551,0.0005112612270750105,597.4205932617188,9.936444282531738,44.90972076708121,3.2291471927219595
8679.1064453125,160.3393096923828,-9.846187591552734,0.020062951371073723,7362.03466796875,113.96404266357422,-9.667494773864746,0.016811242327094078,8461.890625,170.84107971191406,-9.818668365478516,0.02192576415836811,428.7930908203125,70,1.8751803636550903,1.7217979431152344,-84.9604721069336,810.1522406801067,931.1897864426369,44.91118335656124,3.260763588924696,0.03446601331233978,0.034366168081760406,51.827945709228516,0,4.0093159675598145,0.0002924188447650522,7921.7392578125,11.251082420349121,44.91118335656124,3.2607635889246955
665.064453125,101.00532531738281,-7.057159423828125,0.16493406891822815,560.2407836914062,105.4809799194336,-6.870936870574951,0.20446982979774475,519.4873046875,96.59066772460938,-6.788937568664551,0.20192497968673706,67.40438842773438,11,1.0676721334457397,1.0107938051223755,-85.53302764892578,719.3176427019479,916.2012998704299,44.91009576219187,3.2673783485040415,0.2803284823894501,0.27947571873664856,36.433536529541016,0,4.36060905456543,0.000318041566060856,448.10113525390625,6.406032562255859,44.910095762191865,3.2673783485040415
547.3361206054688,93.92877197265625,-6.845635414123535,0.18636929988861084,379.2680358886719,105.7481460571289,-6.447365760803223,0.30280032753944397,307.3482971191406,98.54146575927734,-6.219077110290527,0.34819138050079346,54.47907257080078,9,1.2363688945770264,0.9763626456260681,7.634608745574951,101.54227936028316,914.7387988192172,44.910051772900175,3.31236469415352,0.24824301898479462,0.2470109760761261,29.297080993652344,0,4.836170196533203,0.00035274086985737085,442.0947570800781,7.418213367462158,44.910051772900175,3.3123646941535076
1271.7413330078125,141.00753784179688,-7.7609968185424805,0.12041299790143967,987.3087158203125,106.18819427490234,-7.486132621765137,0.11680275201797485,1016.7636108398438,130.01162719726562,-7.518050193786621,0.13886475563049316,61.55571746826172,21,1.6425522565841675,1.2194757461547852,89.19043731689453,1140.6845787937261,926.3596717507457,44.910797794444655,3.2366921393058794,0.248142808675766,0.24778173863887787,-69.0967025756836,0,6.581808090209961,0.0004800399474333972,570.276123046875,9.855313301086426,44.91079779444465,3.236692139305892
8384.751953125,294.9118957519531,-9.808725357055664,0.03819723054766655,3437.450927734375,108.96157836914062,-8.840591430664062,0.034424424171447754,7167.7939453125,297.9842529296875,-9.638463973999023,0.04514790698885918,126.01990509033203,131,3.6142611503601074,2.8741888999938965,60.56303787231445,1665.9179777981935,961.2094057297446,44.913298928267864,3.1984379942209933,0.13356707990169525,0.13331687450408936,66.98802185058594,0,12.298012733459473,0.0008969545597210526,4636.2783203125,21.685565948486328,44.913298928267864,3.1984379942209933
986.180419921875,129.4514923095703,-7.484890937805176,0.1425543576478958,620.62060546875,105.72351837158203,-6.982065677642822,0.18500149250030518,642.095458984375,137.01004028320312,-7.018999099731445,0.23173019289970398,51.74401092529297,16,1.9385411739349365,1.1520919799804688,-37.59184265136719,744.198406443642,937.3482388723178,44.91164051253299,3.2655666527355054,0.32798391580581665,0.3270397484302521,-14.176839828491211,0,8.944214820861816,0.0006523462943732738,175.20506286621094,11.631246566772461,44.91164051253299,3.2655666527355054
6994.85107421875,231.1170654296875,-9.611946105957031,0.035882554948329926,3609.314697265625,109.45339965820312,-8.893562316894531,0.032933227717876434,6729.72509765625,243.18075561523438,-9.569993019104004,0.039242956787347794,152.42831420898438,98,3.7179055213928223,1.8296667337417603,-52.72563934326172,780.272556233286,968.6770428236201,44.91392906541092,3.2629398917803623,0.12082111090421677,0.11972948908805847,-40.793663024902344,0,12.140962600708008,0.0008854990010149777,2861.96435546875,22.30743408203125,44.91392906541092,3.2629398917803627
1449.1220703125,146.5337371826172,-7.902762413024902,0.10981520265340805,1058.4476318359375,106.27810668945312,-7.561673641204834,0.1090446189045906,952.8491821289062,158.05706787109375,-7.4475603103637695,0.18014390766620636,72.66067504882812,24,2.0669331550598145,1.4251048564910889,-16.37017250061035,116.90916263994018,943.318654281015,44.91214166957007,3.3112461460247795,0.23665407299995422,0.2358929067850113,-35.341224670410156,0,9.361286163330078,0.0006827913457527757,-243.11932373046875,12.401598930358887,44.912141669570076,3.311246146024767
50759.9921875,235.91909790039062,-11.763803482055664,0.005047442391514778,41305.2109375,148.52322387695312,-11.54001235961914,0.003904984798282385,49750.1796875,226.30735778808594,-11.741986274719238,0.004940078593790531,2385.94677734375,160,2.130180597305298,2.0981545448303223,46.527183532714844,1376.7627889851046,969.672990783094,44.91394414294989,3.2194986014620133,0.008345003239810467,0.008255541324615479,80.06713104248047,0,3.851059675216675,0.0002808748104143888,50612.75,12.781084060668945,44.91394414294989,3.2194986014620133
3766.021728515625,143.588623046875,-8.939706802368164,0.041406359523534775,3188.76708984375,108.8960952758789,-8.75905704498291,0.03708679601550102,3479.43212890625,153.91941833496094,-8.853771209716797,0.048041313886642456,205.29623413085938,45,1.7374578714370728,1.5925133228302002,-20.435205459594727,1566.2250561034052,955.5548998168726,44.912894142727666,3.2056992877504973,0.07387702912092209,0.0738077387213707,-75.3542251586914,0,4.656825542449951,0.0003396440879441798,2870.71240234375,10.424747467041016,44.912894142727666,3.2056992877504973
944.3291015625,129.57669067382812,-7.437808513641357,0.1490161418914795,702.1148681640625,106.11604309082031,-7.116020679473877,0.16413556039333344,733.0459594726562,116.38127899169922,-7.162827968597412,0.17241765558719635,52.436378479003906,15,1.7222346067428589,0.9328337907791138,36.59031677246094,394.5064978087246,948.7091068772489,44.91250732896728,3.2910319175737723,0.2861081659793854,0.2854344844818115,82.4753189086914,0,7.576719760894775,0.0005526174791157246,717.947509765625,10.333407402038574,44.91250732896728,3.2910319175737723
2612.649169921875,186.37857055664062,-8.542702674865723,0.07747198641300201,1623.9549560546875,106.70346069335938,-8.026434898376465,0.0713566318154335,2153.50146484375,168.42767333984375,-8.332862854003906,0.08493722975254059,86.12061309814453,37,2.062946319580078,1.5631693601608276,-81.25254821777344,1907.6905051838805,961.2979546008447,44.91328476319599,3.1808273493520263,0.19183340668678284,0.19143736362457275,-69.65084838867188,2,8.068384170532227,0.0005884732818230987,1473.3060302734375,12.377677917480469,44.91328476319599,3.1808273493520143
1823.6893310546875,155.38739013671875,-8.152377128601074,0.09253259748220444,1185.52197265625,106.27393341064453,-7.684773921966553,0.09735247492790222,1180.7752685546875,146.0252685546875,-7.680418014526367,0.13430450856685638,100.11325073242188,30,1.581835389137268,1.5591464042663574,-52.577816009521484,1644.3120473248946,956.1155973720208,44.912928231037334,3.2000117216057884,0.16354450583457947,0.16274937987327576,-67.57591247558594,0,5.736222267150879,0.0004183705314062536,582.1912841796875,9.491012573242188,44.912928231037334,3.2000117216057884
1851.01171875,149.4251708984375,-8.168522834777832,0.08766867220401764,1279.673828125,106.47505950927734,-7.7677483558654785,0.09036046266555786,1475.847900390625,147.0422821044922,-7.922604084014893,0.1082007959485054,72.98974609375,30,1.7249164581298828,1.4661349058151245,-2.2339563369750977,1516.653925947832,956.2308981816482,44.912948043054534,3.2093098080558193,0.17479103803634644,0.1745719462633133,85.22991180419922,0,7.661494731903076,0.0005587879568338394,1167.1402587890625,10.349498748779297,44.912948043054534,3.2093098080558193
896.083251953125,131.39466857910156,-7.380870819091797,0.15924258530139923,503.87432861328125,105.4092025756836,-6.755805492401123,0.22718839347362518,501.4916076660156,125.18217468261719,-6.750658988952637,0.2710869610309601,37.82881164550781,12,1.5784379243850708,1.1436593532562256,-84.80281829833984,1111.6027867018038,952.6770126255014,44.91272588524279,3.2388102511135672,0.44464918971061707,0.4442313015460968,-14.017176628112793,0,8.035301208496094,0.0005860495730303228,96.57066345214844,9.470627784729004,44.91272588524279,3.238810251113567
818.4794311523438,120.64109802246094,-7.282519340515137,0.16007272899150848,690.5004272460938,105.77085876464844,-7.097909927368164,0.1663534939289093,716.351806640625,120.97188568115234,-7.137815952301025,0.1833951771259308,44.75543212890625,13,1.4691755771636963,1.204380989074707,75.2853012084961,2032.521699834292,959.2660457320549,44.91312595672076,3.1717342451545374,0.37471553683280945,0.37391042709350586,-73.54644775390625,0,7.954722881317139,0.0005801874794997275,-108.64679718017578,8.815053939819336,44.913125956720755,3.17173424515455
1144.350830078125,147.33644104003906,-7.646398067474365,0.13982370495796204,368.031005859375,105.40223693847656,-6.414710998535156,0.3110249638557434,426.3768310546875,105.14408111572266,-6.574483871459961,0.2678064703941345,44.63362503051758,14,1.4818689823150635,0.8701485395431519,-25.960569381713867,47.07916230381172,962.3027445813883,44.91353824917123,3.316331292089219,0.2911079227924347,0.29081442952156067,-17.368438720703125,0,6.7806477546691895,0.0004945675609633327,288.0577697753906,8.891214370727539,44.91353824917123,3.316331292089219
3056.783203125,153.52597045898438,-8.71316146850586,0.054544005542993546,2440.278564453125,108.05029296875,-8.468598365783691,0.04808574914932251,2723.685546875,156.78749084472656,-8.587892532348633,0.0625150054693222,145.7124786376953,43,1.7082030773162842,1.5910297632217407,-39.14075469970703,634.2958261575618,974.2082167905947,44.914348524816866,3.273570467958665,0.09178300201892853,0.09140723943710327,-76.987060546875,0,4.895347595214844,0.0003570432018022984,2671.673583984375,10.249217987060547,44.91434852481686,3.273570467958677
2160.031494140625,151.69789123535156,-8.336150169372559,0.07626921683549881,1615.604248046875,106.81593322753906,-8.020837783813477,0.0718010663986206,1965.4921875,169.57305908203125,-8.233677864074707,0.093694768846035,85.52338409423828,34,1.9105197191238403,1.4320361614227295,-47.79846954345703,285.1113430197045,972.9898973423711,44.9142954043219,3.298998360946829,0.15459467470645905,0.15413764119148254,78.82135772705078,0,7.673189640045166,0.0005596567643806338,1559.698486328125,11.463118553161621,44.9142954043219,3.298998360946829
6267.275390625,242.83396911621094,-9.492696762084961,0.042078521102666855,3256.774658203125,109.1805191040039,-8.78196907043457,0.03640719875693321,5214.3115234375,240.98440551757812,-9.29299259185791,0.050190530717372894,111.25064849853516,95,2.8402955532073975,2.4040448665618896,5.8049726486206055,95.1256438360974,988.3390871185499,44.91543855162603,3.312833077176734,0.1185048520565033,0.11841805279254913,-82.78662109375,0,9.835975646972656,0.000717412680387497,4381.1533203125,17.041772842407227,44.915438551626025,3.312833077176746
1107.991943359375,136.9482879638672,-7.61134147644043,0.13423007726669312,913.7775268554688,106.09517669677734,-7.402101039886475,0.12609125673770905,867.548583984375,135.62692260742188,-7.345734596252441,0.16977819800376892,59.12210464477539,18,1.8260724544525146,1.1775133609771729,7.43579626083374,137.8143598751254,970.3263453200344,44.91411589811171,3.309724287578858,0.30298948287963867,0.302079975605011,11.397948265075684,0,8.775073051452637,0.0006400317652150989,536.244140625,10.95643424987793,44.91411589811171,3.309724287578858
205818.203125,376.3773498535156,-13.283709526062012,0.0019859555177390575,162221.484375,233.61036682128906,-13.02527141571045,0.0015639164485037327,199697.78125,320.71856689453125,-13.250932693481445,0.0017441373784095049,9798.373046875,347,2.453972816467285,2.3941357135772705,13.509110450744629,475.05616278175336,1023.9849002677831,44.91800704049514,3.285167223824729,0.003426171140745282,0.003394843079149723,57.17960739135742,0,3.8819916248321533,0.0002831353049259633,205337.859375,14.723836898803711,44.91800704049514,3.285167223824729
599.7776489257812,106.23402404785156,-6.944975852966309,0.19235487282276154,141.51121520996094,105.1549072265625,-5.376977443695068,0.8069906234741211,169.27157592773438,116.67057037353516,-5.571460247039795,0.748526394367218,39.443634033203125,9,2.0473737716674805,0.8021976947784424,-61.344093322753906,972.0679978775513,971.4441593963282,44.91411244586462,3.2489723357874647,0.325226753950119,0.1298186331987381,-63.05683135986328,0,7.6614909172058105,0.0005587867344729602,-490.37127685546875,12.284242630004883,44.91411244586462,3.2489723357874767
1349.0357666015625,150.17605590820312,-7.825058460235596,0.12089464068412781,975.5167236328125,106.17327880859375,-7.473086833953857,0.11819805204868317,1173.63818359375,165.67527770996094,-7.673835754394531,0.15330393612384796,51.21973419189453,22,2.1126129627227783,1.517991304397583,-77.27462768554688,1224.538188561239,987.9317764895719,44.91529415885683,3.230585404517558,0.3019973933696747,0.3016062378883362,-42.568763732910156,3,10.727937698364258,0.0007824350032024086,855.0201416015625,12.675678253173828,44.91529415885684,3.230585404517545
1877.7200927734375,160.42520141601562,-8.184077262878418,0.09278367459774017,1387.2916259765625,106.56962585449219,-7.855419635772705,0.08342486619949341,1437.677490234375,142.47207641601562,-7.894153594970703,0.10762126743793488,64.49697875976562,31,1.9018301963806152,1.2646270990371704,-46.235740661621094,1222.5211626691535,983.8556441357115,44.91499616311033,3.2307322882715086,0.18020009994506836,0.1793839931488037,-64.40943908691406,3,7.533222675323486,0.0005494306096807122,1431.248291015625,11.410981178283691,44.91499616311033,3.230732288271497
11898.66796875,308.7259216308594,-10.188745498657227,0.028177637606859207,4659.4482421875,110.73413848876953,-9.170836448669434,0.025809338316321373,10286.2958984375,309.0955810546875,-10.030647277832031,0.032633498311042786,149.154052734375,170,4.426931381225586,2.465682029724121,-24.41769027709961,1169.277090331303,1006.2271799789969,44.916637865016426,3.234610163720407,0.10272754728794098,0.10150996595621109,-25.639841079711914,0,12.45419979095459,0.0009083386976271868,6254.744140625,26.561588287353516,44.91663786501642,3.23461016372042
724.6740112304688,102.381103515625,-7.150356769561768,0.1534288227558136,697.6759033203125,105.69718933105469,-7.109134197235107,0.16452789306640625,777.9798583984375,120.13297271728516,-7.227420806884766,0.16769638657569885,57.389652252197266,12,1.3799946308135986,0.9864563345909119,-64.42652130126953,1066.2044589916914,979.405116347767,44.9146856469664,3.242116682358763,0.3025287091732025,0.30192387104034424,-81.20285034179688,2,6.709665775299072,0.0004893652512691915,594.703857421875,8.27996826171875,44.9146856469664,3.242116682358763
10564.5283203125,91.59407043457031,-10.059625625610352,0.009415579959750175,10011.412109375,117.04386901855469,-10.001237869262695,0.012696475721895695,10406.1162109375,107.45735931396484,-10.043221473693848,0.01121443323791027,2150.63623046875,22,1.7618467807769775,0.5918108224868774,2.386371374130249,715.6027469267167,996.6198220693689,44.91598002475945,3.2676496816562617,0.012813513167202473,0.011955135501921177,-11.149020195007324,0,6.089601516723633,0.0004441445635166019,10072.4404296875,10.571081161499023,44.91598002475945,3.267649681656274
2562.815673828125,216.03855895996094,-8.521793365478516,0.0915469154715538,1107.3193359375,106.21630096435547,-7.610682010650635,0.10417130589485168,1433.7244873046875,212.18714904785156,-7.891164302825928,0.16072490811347961,54.80537796020508,40,2.6663296222686768,1.9879590272903442,-64.87503051757812,772.8295228870713,1014.629530618333,44.91729188285126,3.263482373015253,0.33804330229759216,0.33744895458221436,-64.58600616455078,0,13.80396842956543,0.0010067886905744672,-178.5327606201172,15.997978210449219,44.91729188285126,3.2634823730152536
6159.7734375,235.60574340820312,-9.473912239074707,0.04153851419687271,3207.3994140625,108.95923614501953,-8.765382766723633,0.036892734467983246,4942.00634765625,213.88475036621094,-9.234758377075195,0.04700091853737831,145.71119689941406,80,2.780857801437378,1.9086247682571411,-65.37239837646484,132.25520727058483,1022.6361326938143,44.91794444809358,3.3101299226294905,0.10987213999032974,0.10916609317064285,-62.700843811035156,0,7.620833396911621,0.0005558422417379916,4587.01123046875,16.68514633178711,44.91794444809358,3.3101299226294905
606.3736572265625,97.909912109375,-6.956851005554199,0.17535419762134552,403.0482482910156,105.32225036621094,-6.513392448425293,0.2837872803211212,665.2911987304688,197.25367736816406,-7.057529449462891,0.32199057936668396,51.997318267822266,10,1.4283486604690552,0.9469302296638489,24.985271453857422,288.85419461914336,1002.8389537679418,44.91647922400206,3.298726240732251,0.4148074984550476,0.4142233729362488,-2.1272854804992676,3,6.946327209472656,0.0005066406447440386,639.302490234375,8.57009220123291,44.91647922400206,3.2987262407322384
1080.302734375,144.03497314453125,-7.583863735198975,0.14479458332061768,305.81402587890625,105.11498260498047,-6.213643550872803,0.3732820153236389,85.50567626953125,369.8414306640625,-4.829987525939941,4.697323322296143,41.462127685546875,14,1.9455218315124512,1.653387427330017,89.29405212402344,909.1088711799129,1013.3263044655839,44.91718280582537,3.253557755513452,0.4189024567604065,0.4169018864631653,81.17682647705078,1,10.744343757629395,0.0007836333243176341,1304.4105224609375,11.673130989074707,44.91718280582537,3.2535577555134396
543.5968627929688,88.39759826660156,-6.838192462921143,0.1766010820865631,531.0185546875,105.48526763916016,-6.812774181365967,0.2157307118177414,747.2758178710938,166.64764404296875,-7.18370246887207,0.24218545854091644,68.06742095947266,9,1.6113957166671753,0.6421623826026917,33.234336853027344,292.5046522009224,1002.5470477269223,44.916457480716154,3.298460411829183,0.42969924211502075,0.42881134152412415,56.07524490356445,3,6.066171169281006,0.0004424450162332505,752.5535888671875,9.668374061584473,44.916457480716154,3.2984604118291836
761.8095703125,121.05297088623047,-7.204616069793701,0.1725674420595169,345.0464172363281,105.16508483886719,-6.344693660736084,0.33099687099456787,411.78143310546875,187.9890594482422,-6.5366668701171875,0.4957875907421112,36.4986572265625,10,1.7985963821411133,0.8850386142730713,13.858111381530762,323.63078545440214,1006.8247435149309,44.916767233471354,3.2961938780617612,0.6711900234222412,0.6699331402778625,23.10768699645996,0,7.541599273681641,0.0005500562838278711,247.34754943847656,10.79157829284668,44.916767233471354,3.2961938780617612
3266.147216796875,224.442626953125,-8.785089492797852,0.074627585709095,1592.13671875,106.90930938720703,-8.004950523376465,0.07292307913303375,3430.904296875,241.80535888671875,-8.838521957397461,0.0765397697687149,70.01600646972656,54,3.2396392822265625,2.108175039291382,-48.62532424926758,108.01957613740043,1028.8135576711154,44.91839907891816,3.311894822619178,0.2703093886375427,0.26918983459472656,-66.7907485961914,2,15.673730850219727,0.0011431995080783963,2696.1513671875,19.437835693359375,44.91839907891817,3.3118948226191653
5378.7626953125,204.7502899169922,-9.326705932617188,0.041340142488479614,3459.3466796875,109.06883239746094,-8.847485542297363,0.03424020856618881,4657.73681640625,206.41445922851562,-9.170437812805176,0.048127688467502594,152.89381408691406,76,2.6699399948120117,1.8178622722625732,-8.305183410644531,563.0787829284819,1027.8951938982339,44.91828400027865,3.2787572993318497,0.09859991073608398,0.09770897775888443,-5.847342491149902,0,7.8914794921875,0.0005755670717917383,3242.368896484375,16.01963996887207,44.91828400027865,3.2787572993318497
1079.271240234375,139.39540100097656,-7.582826614379883,0.14026446640491486,662.3623046875,105.69373321533203,-7.052739143371582,0.17329397797584534,771.3717041015625,130.59840393066406,-7.218159198760986,0.18386708199977875,45.47383499145508,17,1.5889102220535278,1.2285441160202026,9.857831954956055,869.6686187529714,1019.338813484408,44.917626642798446,3.2564300872842304,0.31801795959472656,0.3173060417175293,33.17691421508789,0,8.358169555664062,0.0006095992866903543,553.1351928710938,9.533461570739746,44.917626642798446,3.2564300872842304
5860.24072265625,169.7971649169922,-9.419788360595703,0.03146623820066452,4656.0361328125,110.69046783447266,-9.17004108428955,0.02581806480884552,5436.62548828125,173.56495666503906,-9.338323593139648,0.03467068821191788,297.925537109375,66,1.8564093112945557,1.8245161771774292,-85.82525634765625,666.8161216449324,1033.1764378826742,44.91865969610204,3.2712029009778987,0.052667003124952316,0.05255156755447388,29.975664138793945,0,4.254229545593262,0.00031028196099214256,5451.22314453125,11.138456344604492,44.91865969610204,3.2712029009778982
983890.375,660.0377197265625,-14.982366561889648,0.0007285374449566007,770847.75,466.91082763671875,-14.717421531677246,0.0006578019238077104,955331.5625,561.0257568359375,-14.950385093688965,0.0006377617828547955,44566.21484375,710,2.637472629547119,2.6033222675323486,40.84041213989258,1085.990164820014,1101.311498865204,44.923601993509884,3.24067651660207,0.001466202549636364,0.0014440768864005804,74.43964385986328,0,3.9792590141296387,0.0002902244741562754,980455.625,15.824835777282715,44.923601993509884,3.24067651660207
976.9312133789062,134.4763946533203,-7.4746599197387695,0.14948990941047668,461.9832763671875,105.5218505859375,-6.661565780639648,0.24805384874343872,491.0133056640625,140.8022003173828,-6.727733135223389,0.31141963601112366,59.9886360168457,15,1.7835890054702759,1.3037792444229126,76.6561508178711,238.66015719276015,1031.5721699592366,44.918587075445984,3.302381774444103,0.47150298953056335,0.47006672620773315,-86.59076690673828,0,9.12775707244873,0.0006657473277300596,51.508995056152344,10.701534271240234,44.91858707544598,3.302381774444115
3785.01123046875,191.88766479492188,-8.945167541503906,0.05505663901567459,2559.249267578125,108.19802856445312,-8.520281791687012,0.045913100242614746,3433.43359375,198.02711486816406,-8.839322090148926,0.06263626366853714,127.10926055908203,58,2.202791690826416,1.894636869430542,18.196502685546875,1574.438842049201,1047.7169227130855,44.91963485083218,3.2051009632197363,0.1283092200756073,0.12798035144805908,-39.70344924926758,0,7.185540676116943,0.0005240766913630068,3440.070556640625,13.216750144958496,44.91963485083218,3.2051009632197367
3578.865234375,238.18386840820312,-8.884363174438477,0.07227645069360733,1495.252685546875,106.62350463867188,-7.936786651611328,0.07744050770998001,2925.4013671875,279.333984375,-8.6654634475708,0.10369746387004852,67.64874267578125,41,2.494307279586792,1.8196626901626587,15.509485244750977,29.575027149191662,1044.3524621239194,44.919544582351975,3.317607266288146,0.27788540720939636,0.27752062678337097,85.00648498535156,2,12.770803451538086,0.0009314726339653134,2742.193603515625,14.965843200683594,44.91954458235198,3.3176072662881335
744.7858276367188,113.50457000732422,-7.180078506469727,0.16550524532794952,632.8821411132812,105.65628051757812,-7.003306865692139,0.18130187690258026,706.7776489257812,155.75465393066406,-7.123207092285156,0.23932498693466187,51.24162292480469,12,1.540531039237976,0.9610379338264465,20.73122787475586,254.53747029930682,1041.1268751534328,44.919284560779126,3.3012257447019926,0.33265575766563416,0.3314933180809021,26.452835083007812,1,7.26991081237793,0.0005302414647303522,745.3464965820312,9.243185997009277,44.919284560779126,3.301225744701992
6525.07373046875,107.31526184082031,-9.536463737487793,0.017861004918813705,4452.81201171875,110.44367980957031,-9.121585845947266,0.026936201378703117,5155.05712890625,137.43939208984375,-9.280583381652832,0.028953934088349342,654.5267944335938,28,2.4808146953582764,0.6288419961929321,-13.615182876586914,1893.5409669666303,1044.8857172135858,44.919399715016716,3.181857536054466,0.04055345803499222,0.03886456415057182,-14.578779220581055,3,7.465256214141846,0.0005444858106784523,4368.61865234375,14.8848876953125,44.919399715016716,3.181857536054466
1571.204345703125,149.30160522460938,-7.990581512451172,0.10319570451974869,1039.9979248046875,106.2136001586914,-7.542581081390381,0.11091172695159912,1053.87255859375,113.90483093261719,-7.556970119476318,0.11737723648548126,87.51776885986328,22,1.362799882888794,1.138832449913025,-77.99940490722656,493.681250726377,1054.5137864907954,44.92023888198393,3.2838113198947476,0.1793556958436966,0.17922911047935486,-46.19751739501953,3,4.460605144500732,0.000325335975503549,1000.8075561523438,8.176799774169922,44.92023888198393,3.283811319894748
3659.692138671875,75.75641632080078,-8.908611297607422,0.022480433806777,3560.275146484375,109.39321899414062,-8.878708839416504,0.03336849808692932,6051.05419921875,109.1296615600586,-9.454577445983887,0.019585812464356422,526.2579956054688,17,2.178175926208496,0.3843446671962738,-9.985396385192871,1884.2574089902132,1047.4448619065306,44.91958768261624,3.1825337653637624,0.049497608095407486,0.011038191616535187,-7.420754432678223,19,5.447606086730957,0.0003973263665102422,4943.4404296875,13.069055557250977,44.919587682616246,3.18253376536375
636.7693481445312,110.6138916015625,-7.009955406188965,0.1886502355337143,325.7867126464844,105.34840393066406,-6.2823333740234375,0.3511756658554077,360.54443359375,125.03089904785156,-6.392396926879883,0.3766070008277893,43.19932174682617,9,1.4979432821273804,1.2475512027740479,-63.01393508911133,1497.8362297489878,1059.2987414539034,44.920489061989215,3.2106804349780487,0.7466025948524475,0.7446582317352295,-53.49563980102539,0,8.17662239074707,0.0005963598378002644,55.26156997680664,8.987659454345703,44.920489061989215,3.2106804349780487
732.6224975585938,118.8276596069336,-7.162200450897217,0.17614370584487915,240.99021911621094,105.11544799804688,-5.95499849319458,0.47369298338890076,167.69265747070312,121.26696014404297,-5.561285018920898,0.7853410243988037,35.51868438720703,10,1.77519690990448,1.0061885118484497,-75.10057830810547,220.65845277503064,1064.6052454857293,44.92100619935383,3.3036931676371233,0.5303401947021484,0.529041588306427,81.0580062866211,0,7.992547988891602,0.0005829483270645142,-298.845703125,10.6511812210083,44.92100619935383,3.3036931676371233
15006.58203125,194.7282257080078,-10.440704345703125,0.014092139899730682,11943.8564453125,119.24011993408203,-10.192861557006836,0.010841956362128258,14661.5400390625,199.00791931152344,-10.415449142456055,0.014740784652531147,690.2409057617188,107,2.188961982727051,1.9562180042266846,61.009765625,1929.0966022088023,1092.5781521263634,44.92288498036308,3.1792672432815308,0.023448728024959564,0.023391922935843468,58.24183654785156,0,4.020699977874756,0.0002932552306447178,14734.6826171875,13.133771896362305,44.92288498036308,3.1792672432815428
8946.0859375,263.0328369140625,-9.879082679748535,0.03193057328462601,4288.83984375,110.24415588378906,-9.080849647521973,0.027915511280298233,7840.7412109375,266.5191650390625,-9.735893249511719,0.03691485524177551,167.67349243164062,126,3.112902879714966,2.6331088542938232,27.238557815551758,157.05475667409462,1098.83137547504,44.92351754910806,3.3083253128875825,0.09614302217960358,0.09559691697359085,-4.1100873947143555,0,8.880271911621094,0.0006476970156654716,6550.0478515625,18.677417755126953,44.92351754910806,3.308325312887582
1748.3826904296875,181.8209991455078,-8.10659122467041,0.11293729394674301,394.7701721191406,105.18695831298828,-6.490860939025879,0.2893659174442291,211.30433654785156,135.78384399414062,-5.8122711181640625,0.6978619694709778,44.28245544433594,11,1.7487138509750366,1.2579082250595093,7.019124507904053,1996.9271840312226,1070.4117559177591,44.92125804061329,3.1743262523580404,0.3907111585140228,0.390117347240448,56.10557556152344,0,8.876143455505371,0.0006473956163972616,507.6413269042969,10.49228286743164,44.92125804061329,3.1743262523580404
9393.5048828125,259.32696533203125,-9.932068824768066,0.029981257393956184,4974.5791015625,110.95793914794922,-9.241890907287598,0.024223219603300095,8390.7919921875,269.245361328125,-9.809507369995117,0.03484777733683586,208.0655059814453,128,3.0695626735687256,2.7059316635131836,31.04022979736328,1980.2413571953268,1098.830341985857,44.9233379578314,3.17554154413701,0.07616718858480453,0.07605478167533875,-14.231733322143555,0,7.151490688323975,0.0005216057179495692,8541.34375,18.417375564575195,44.9233379578314,3.1755415441370105
966.6742553710938,121.00547790527344,-7.463200569152832,0.13594232499599457,795.443603515625,105.77995300292969,-7.251523494720459,0.14441882073879242,825.552734375,140.3434295654297,-7.2918620109558105,0.18461929261684418,58.66344451904297,16,1.8792293071746826,1.232369065284729,18.297801971435547,658.6133546466609,1074.4413711231239,44.92167971143897,3.27180073762936,0.3326846957206726,0.3312888741493225,26.650266647338867,0,9.108978271484375,0.0006643618107773364,176.7911376953125,11.275375366210938,44.92167971143897,3.2718007376293596
9452.375,94.7536849975586,-9.938852310180664,0.0108864177018404,9281.37109375,116.09032440185547,-9.91903018951416,0.013583563268184662,9427.9296875,102.02519226074219,-9.936040878295898,0.011752246879041195,1388.232421875,25,1.3621412515640259,0.7142645716667175,-7.827290058135986,684.4300643566938,1072.692279738887,44.9215490609258,3.2699206392839564,0.013465490192174911,0.012553497217595577,-11.926209449768066,3,3.486341714859009,0.0002542755682952702,8807.6630859375,8.172847747802734,44.921549060925805,3.269920639283945
933.3180541992188,134.044189453125,-7.425074100494385,0.15597254037857056,565.4390869140625,105.69482421875,-6.880964756011963,0.20300078392028809,1084.601806640625,203.00189208984375,-7.5881757736206055,0.20326358079910278,44.899658203125,10,1.5139366388320923,0.746783435344696,7.017102241516113,612.9099252375132,1068.014228723238,44.92121421893355,3.2751289493459863,0.6243458390235901,0.6225085854530334,-9.683967590332031,19,6.344400405883789,0.0004627286398317665,1066.95654296875,9.083620071411133,44.92121421893355,3.275128949345986
527642.5625,520.5965576171875,-14.305849075317383,0.0010714977979660034,415016.09375,349.94189453125,-14.045162200927734,0.0009157160529866815,511947.0625,437.1363830566406,-14.273062705993652,0.0009273031027987599,23685.494140625,531,2.576655387878418,2.507128953933716,35.647579193115234,1070.7950667790276,1143.830254137402,44.92671400526045,3.2417834878651504,0.0020318590104579926,0.0020044464617967606,78.33172607421875,0,3.989776849746704,0.00029099153471179307,527403.625,15.459932327270508,44.92671400526044,3.2417834878651623
3461.714111328125,75.78836822509766,-8.848228454589844,0.023776130750775337,2627.925537109375,107.99994659423828,-8.549032211303711,0.04463137686252594,4388.8046875,105.00128936767578,-9.105865478515625,0.025982337072491646,500.71826171875,17,3.1429250240325928,0.32985398173332214,-2.7512779235839844,678.3486620273874,1073.0123687907342,44.92157311041467,3.2703635161093074,0.07266003638505936,0.011998957954347134,-6.316252708435059,19,6.071897983551025,0.00044285261537879705,2216.367919921875,18.8575496673584,44.92157311041467,3.2703635161093074
1011.0343627929688,137.8572235107422,-7.5119147300720215,0.14807899296283722,593.1697387695312,105.73004913330078,-6.932947635650635,0.19357499480247498,1455.5631103515625,259.93701171875,-7.9075775146484375,0.19393979012966156,41.55284881591797,12,2.2549078464508057,0.726630687713623,-58.640625,2012.7199454399138,1086.6127969630488,44.92244166773339,3.173175690348218,0.670161783695221,0.6681255102157593,-27.604808807373047,3,7.652280807495117,0.000558132422156632,1870.31298828125,13.529447555541992,44.92244166773339,3.173175690348218
4868.76123046875,243.05938720703125,-9.218545913696289,0.05421553552150726,2448.757568359375,108.06082916259766,-8.47236442565918,0.047923918813467026,6581.33837890625,298.4539489746094,-9.545785903930664,0.04924849048256874,98.19062805175781,67,4.256625175476074,2.420034408569336,-75.18645477294922,1425.3819072420986,1123.5657948030112,44.925196908629786,3.215957808757263,0.19827599823474884,0.19737215340137482,83.18645477294922,3,17.27747917175293,0.0012601278722286224,4236.71484375,25.539751052856445,44.925196908629786,3.215957808757275
4413.26513671875,234.93263244628906,-9.111900329589844,0.05781135708093643,2150.654052734375,107.52710723876953,-8.331426620483398,0.054297175258398056,4885.947265625,312.39544677734375,-9.222372055053711,0.06943617016077042,86.3552017211914,55,3.825321674346924,1.722243309020996,79.92204284667969,1426.5773085157987,1122.89666840793,44.92514784921618,3.215870739305694,0.18743623793125153,0.18685723841190338,27.90362548828125,3,15.393442153930664,0.0011227162322029471,4098.31591796875,22.95193099975586,44.925147849216174,3.215870739305694
724.8593139648438,101.94113159179688,-7.150634288787842,0.15273042023181915,601.1474609375,105.74017333984375,-6.947452545166016,0.19102440774440765,838.8032836914062,164.74090576171875,-7.309150218963623,0.21329031884670258,68.90778350830078,7,1.1021664142608643,0.8210124969482422,-45.391361236572266,1545.6798647832738,1085.0297010083855,44.92236681125251,3.2071956835993207,0.45559394359588623,0.4547263979911804,10.982595443725586,2,5.211081027984619,0.0003800697741098702,824.86376953125,6.6129984855651855,44.92236681125251,3.2071956835993207
12403.9716796875,333.66998291015625,-10.233901977539062,0.0292136762291193,3759.967041015625,109.63805389404297,-8.937959671020508,0.031667012721300125,10946.5908203125,344.5185546875,-10.098196983337402,0.03417932987213135,133.50662231445312,185,5.863779544830322,2.3494503498077393,16.499099731445312,764.5758165762182,1119.3979300660133,44.924957893591134,3.2640845618142555,0.14662684500217438,0.1449277251958847,14.671018600463867,0,20.83980941772461,0.001519941259175539,3587.224609375,35.18267822265625,44.924957893591134,3.2640845618142555
2796.891357421875,192.2714385986328,-8.61668872833252,0.07465673983097076,1736.3255615234375,107.09024810791016,-8.099078178405762,0.06698053330183029,1963.98193359375,177.76168823242188,-8.232843399047852,0.09829479455947876,106.00855255126953,46,2.2661397457122803,1.6425365209579468,-69.45584869384766,1947.9771838360737,1115.6428313513943,44.9245703394113,3.17789174259259,0.15029944479465485,0.14965204894542694,-71.69931030273438,0,7.363140106201172,0.0005370420985855162,1563.611083984375,13.596837997436523,44.9245703394113,3.1778917425925894
2784.305908203125,196.2059326171875,-8.61179256439209,0.07652881741523743,1601.718505859375,106.83944702148438,-8.011465072631836,0.07243946939706802,2130.743408203125,189.79017639160156,-8.321328163146973,0.096732497215271,102.06428527832031,41,2.6353752613067627,1.5669976472854614,63.889549255371094,905.9047568495877,1122.3084850370867,44.92515626514613,3.2537920805589553,0.19399374723434448,0.19391071796417236,73.93152618408203,2,11.492789268493652,0.000838219013530761,1567.572021484375,15.812252044677734,44.92515626514613,3.253792080558943
861.7577514648438,127.13277435302734,-7.338462829589844,0.1602146178483963,548.4031372070312,105.46590423583984,-6.847749710083008,0.208853617310524,573.394775390625,136.9427032470703,-6.896134376525879,0.2593671679496765,41.046539306640625,13,1.7357630729675293,1.229512333869934,10.123559951782227,361.9354149154922,1106.8031720819638,44.924078859520634,3.2934060009244495,0.47855859994888306,0.4780123233795166,1.8325893878936768,0,8.741982460021973,0.0006376021774485707,61.73320007324219,10.414578437805176,44.924078859520634,3.293406000924437
19178.521484375,365.2681579589844,-10.707037925720215,0.020683618262410164,6426.51220703125,113.16624450683594,-9.519938468933105,0.019123675301671028,16875.25,363.1560974121094,-10.56812572479248,0.023370767012238503,179.40121459960938,246,4.377047061920166,3.4748570919036865,-31.604015350341797,1178.4585148104093,1182.8188328813867,44.929555389026326,3.233942493321624,0.08105188608169556,0.08047822117805481,-32.09071350097656,0,12.07651424407959,0.0008807929116301239,13456.0390625,26.262283325195312,44.929555389026326,3.233942493321624
1514.546875,168.1634063720703,-7.950706958770752,0.12058091908693314,621.620849609375,105.47613525390625,-6.983813762664795,0.18427161872386932,685.7718505859375,141.7616729736328,-7.090449333190918,0.22449620068073273,56.89601516723633,18,1.8665027618408203,1.314308762550354,53.45804214477539,1408.1079475422973,1115.7197872322226,44.92462461940733,3.217215945592114,0.37973037362098694,0.3790823519229889,59.377685546875,0,9.376599311828613,0.0006838790723122656,210.08363342285156,11.199016571044922,44.92462461940733,3.217215945592114
810.5158081054688,118.99052429199219,-7.2719035148620605,0.15943391621112823,601.8106689453125,105.65821075439453,-6.948649883270264,0.19066597521305084,721.4671630859375,134.67227172851562,-7.145541191101074,0.202717587351799,52.29541015625,13,1.7693227529525757,1.196629285812378,22.199100494384766,1728.326754377081,1112.3309904307334,44.92434721410629,3.1938918183010823,0.4257194399833679,0.425246000289917,-26.633689880371094,0,8.707033157348633,0.0006350524490699172,-39.017948150634766,10.615936279296875,44.92434721410629,3.1938918183010947
2629.06884765625,208.5006103515625,-8.549505233764648,0.0861261859536171,1346.11962890625,106.64092254638672,-7.822709083557129,0.08603399246931076,2346.84033203125,215.31993103027344,-8.42620849609375,0.09963926672935486,63.54227066040039,43,2.7645442485809326,1.988798975944519,-23.911876678466797,829.1114199918052,1124.9243433786949,44.9253555332193,3.2593847421708886,0.32867565751075745,0.3281083106994629,-15.317081451416016,0,14.05953598022461,0.0010254239896312356,1625.6678466796875,16.587265014648438,44.9253555332193,3.2593847421708886
1271.32275390625,151.41819763183594,-7.760639667510986,0.12934572994709015,633.8743896484375,105.57466888427734,-7.005007743835449,0.18087825179100037,722.7701416015625,168.586181640625,-7.147500514984131,0.25330957770347595,45.20402526855469,20,2.5177242755889893,1.314645767211914,-20.44766616821289,373.6254690479422,1116.1055590324293,44.9247582737361,3.2925548590935874,0.3868381977081299,0.3861112594604492,-33.14917755126953,0,10.899571418762207,0.000794966472312808,-104.61064147949219,15.106346130371094,44.924758273736096,3.2925548590935994
9523.0703125,169.7062225341797,-9.946942329406738,0.019353102892637253,7804.6337890625,114.44608306884766,-9.730881690979004,0.015924954786896706,8940.9365234375,179.3318634033203,-9.878457069396973,0.021782327443361282,494.7037353515625,78,1.93118417263031,1.8182039260864258,7.640470027923584,344.1940485547793,1133.0315320044208,44.9259999239137,3.294698354790156,0.03176429495215416,0.03162866830825806,69.25045776367188,0,3.9801080226898193,0.0002902915875893086,9177.9658203125,11.587104797363281,44.9259999239137,3.294698354790156
13842.1259765625,267.04345703125,-10.353007316589355,0.020951204001903534,7466.81884765625,114.20244598388672,-9.682839393615723,0.016610000282526016,13187.0048828125,276.4178466796875,-10.300365447998047,0.022764060646295547,313.3058776855469,157,3.128582715988159,2.7400410175323486,-27.073095321655273,1365.1129012830127,1154.3388852847831,44.927453710748956,3.2203476156219764,0.056023161858320236,0.05585373938083649,-48.93998336791992,0,6.545039176940918,0.0004773600085172802,13181.7001953125,18.771495819091797,44.927453710748956,3.2203476156219883
5514.98974609375,84.53450012207031,-9.353861808776855,0.016646353527903557,5217.76904296875,111.33048248291016,-9.29371166229248,0.023171762004494667,5409.609375,106.29862976074219,-9.332914352416992,0.021339861676096916,951.35009765625,21,1.9236977100372314,0.596569836139679,-73.33238983154297,1584.2982361302602,1132.6246496567146,44.925844664711256,3.20438280918045,0.034523580223321915,0.03129828721284866,-60.61919403076172,0,6.392610549926758,0.0004662459541577846,4985.8798828125,11.542186737060547,44.925844664711256,3.20438280918045
40808.7578125,238.49267578125,-11.526883125305176,0.006346751470118761,32444.0859375,140.31512451171875,-11.277838706970215,0.004696764051914215,39661.91015625,226.12319946289062,-11.49593448638916,0.006191577762365341,1925.6646728515625,168,2.2343575954437256,2.1545894145965576,-87.2166976928711,903.9700533612144,1154.755622402524,44.92753026318858,3.2539332953623132,0.010040657594799995,0.009969458915293217,59.993133544921875,0,3.9004886150360107,0.0002844794071279466,40721.7265625,13.406145095825195,44.92753026318857,3.2539332953623252
973.8348388671875,125.57251739501953,-7.471213340759277,0.14003580808639526,621.8499755859375,105.55937194824219,-6.9842143058776855,0.18434908986091614,596.2973022460938,124.407470703125,-6.938657283782959,0.22657576203346252,54.8730583190918,16,1.5391877889633179,1.1816610097885132,-46.28252410888672,1212.886981807624,1129.119060597919,44.92562367743621,3.2314346660529485,0.2729134261608124,0.27240344882011414,-56.52458953857422,0,6.337446212768555,0.00046221769298426807,-37.68972396850586,9.235126495361328,44.92562367743621,3.2314346660529485
3019.293212890625,191.50096130371094,-8.699763298034668,0.06888037174940109,1792.3758544921875,107.1604995727539,-8.133572578430176,0.06492851674556732,3422.1494140625,240.8938446044922,-8.835747718811035,0.07644631713628769,96.37935638427734,49,2.71138596534729,1.9829920530319214,-47.615745544433594,1381.5718902451172,1147.3146334111607,44.92693830416719,3.2191487985579528,0.22488556802272797,0.22449658811092377,-18.959400177001953,3,10.484424591064453,0.0007646778831258416,3164.750244140625,16.2683162689209,44.92693830416719,3.2191487985579528
788.21240234375,111.58850860595703,-7.241608142852783,0.15374678373336792,624.3755493164062,105.60403442382812,-6.988614559173584,0.18368108570575714,598.5123901367188,100.03711700439453,-6.94268274307251,0.18151722848415375,68.69384765625,13,1.4195586442947388,0.8978970050811768,-39.778648376464844,12.776858338689765,1131.0982656464637,44.92589442652823,3.3188320318619016,0.25887683033943176,0.2583932876586914,74.48261260986328,0,6.269378662109375,0.00045727091492153704,-815.3604736328125,8.517352104187012,44.92589442652823,3.318832031861901
945.6893310546875,129.81936645507812,-7.439371109008789,0.14908050000667572,750.921630859375,105.8475341796875,-7.188986301422119,0.15307912230491638,735.8292236328125,128.875,-7.166942596435547,0.19020479917526245,47.10962677001953,15,1.527733564376831,1.303000807762146,-46.52486038208008,1436.5556842287926,1133.4787349415612,44.92592096910697,3.2151439809154643,0.2789802849292755,0.27856653928756714,-6.825582504272461,0,7.392681121826172,0.000539183325599879,730.620849609375,9.166400909423828,44.92592096910697,3.2151439809154647
1546.5263671875,168.34796142578125,-7.973393440246582,0.1182171180844307,360.4735107421875,105.26795959472656,-6.392183303833008,0.31714120507240295,358.66668701171875,101.88546752929688,-6.386727809906006,0.3084970712661743,44.7004508972168,9,1.9191620349884033,0.6383176445960999,44.099853515625,1386.2756760864688,1132.0807031200432,44.92582349631518,3.2188061493833398,0.3525358736515045,0.35200610756874084,-63.082725524902344,2,6.607243537902832,0.0004818968882318586,-267.2773742675781,11.514972686767578,44.92582349631518,3.2188061493833278
639.6060180664062,107.81880950927734,-7.014781475067139,0.18306773900985718,313.0181579589844,105.2490005493164,-6.2389235496521,0.3651558756828308,296.00201416015625,109.0666275024414,-6.178236484527588,0.40015387535095215,42.6278076171875,10,1.3717385530471802,1.007355809211731,32.62567901611328,21.614245466100243,1136.7020039885708,44.926303535568856,3.3181886110548926,0.42163795232772827,0.4201444089412689,25.71124839782715,0,6.938876152038574,0.000506101583596319,-23.7071533203125,8.23043155670166,44.92630353556885,3.318188611054905
3096.43408203125,230.8274688720703,-8.727154731750488,0.08095719665288925,1272.477783203125,106.54816436767578,-7.76162576675415,0.09093385189771652,1759.60546875,194.0906219482422,-8.113537788391113,0.11978958547115326,72.03255462646484,41,2.3429207801818848,1.9001351594924927,-78.32051086425781,1037.6953236617132,1154.5879044760065,44.927504332383734,3.2441942283818554,0.22475551068782806,0.22387278079986572,-56.155487060546875,0,11.061362266540527,0.0008067524177022278,1749.98681640625,14.057524681091309,44.92750433238373,3.2441942283818803
4286.84814453125,250.6976318359375,-9.080345153808594,0.0635099783539772,1302.858642578125,106.38095092773438,-7.787243366241455,0.08867401629686356,3495.144775390625,279.9987487792969,-8.858662605285645,0.0870002955198288,67.35453796386719,48,4.584205627441406,2.0111286640167236,-22.954975128173828,701.7042227554239,1167.0822128950665,44.92845317195279,3.268663785322376,0.38367873430252075,0.38122954964637756,-12.11766242980957,2,18.215333938598633,0.0013285264139994979,-1248.203857421875,27.505233764648438,44.928453171952796,3.2686637853223637
554.2228393554688,96.9161148071289,-6.859210968017578,0.18990719318389893,371.12945556640625,105.44769287109375,-6.423813343048096,0.3085613250732422,313.28057861328125,115.89598083496094,-6.239833831787109,0.40175819396972656,51.815040588378906,9,1.4671040773391724,1.045934796333313,19.606229782104492,1674.0451283379873,1145.7949269569606,44.92679979043633,3.197845672143387,0.4183775782585144,0.4173661172389984,-4.470591068267822,1,7.403332710266113,0.0005399656947702169,533.7621459960938,8.802624702453613,44.92679979043632,3.197845672143412
1089.8240966796875,130.39291381835938,-7.593390941619873,0.1299353837966919,714.5745849609375,105.8014144897461,-7.1351189613342285,0.1607954353094101,729.331787109375,138.68240356445312,-7.157312870025635,0.20650283992290497,59.475852966308594,18,2.145212173461914,0.9829505681991577,-1.1000313758850098,1119.9796290567158,1148.786984927697,44.92707167886862,3.2382013818047497,0.28630414605140686,0.28573480248451233,19.564167022705078,0,8.689244270324707,0.0006337439990602434,290.17327880859375,12.871273040771484,44.927071678868614,3.238201381804762
1820.8251953125,170.2496337890625,-8.150671005249023,0.10154248028993607,1085.71484375,106.10652923583984,-7.589289665222168,0.10613439232110977,1266.31201171875,151.25494384765625,-7.756351947784424,0.12971752882003784,56.09144973754883,23,2.23993182182312,1.1673072576522827,66.53807067871094,1310.1054231055894,1160.6940560283117,44.92792392764322,3.2243540917918625,0.26581406593322754,0.264937162399292,-71.18243408203125,2,9.682073593139648,0.0007061575306579471,501.74462890625,13.439590454101562,44.92792392764322,3.2243540917918745
2054.720458984375,176.87852478027344,-8.281882286071777,0.0934872105717659,1336.7318115234375,106.42369842529297,-7.815110683441162,0.08646172285079956,1742.3209228515625,164.81317138671875,-8.10282039642334,0.10272912681102753,84.03244018554688,34,2.4975321292877197,1.2544138431549072,-41.65155029296875,1329.5411903106435,1159.6559944090995,44.92784610156625,3.2229384949785396,0.250095933675766,0.24888792634010315,-49.06406021118164,2,9.673744201660156,0.0007055503665469587,229.42933654785156,14.985193252563477,44.92784610156625,3.2229384949785276
573.2493896484375,101.81080627441406,-6.8958587646484375,0.19287684559822083,340.8155822753906,105.2012939453125,-6.331298351287842,0.33522120118141174,314.5822448730469,101.82735443115234,-6.244335651397705,0.351528137922287,47.93661117553711,9,1.2670583724975586,0.9696667194366455,-13.63603401184082,978.3767047722779,1151.9029722260834,44.927313942040776,3.2485143461549106,0.31337878108024597,0.3117620348930359,65.0806655883789,0,6.2179951667785645,0.00045350499567575753,310.60614013671875,7.602350234985352,44.92731394204078,3.2485143461548986
723.5082397460938,117.40425872802734,-7.148608684539795,0.17622607946395874,269.00213623046875,105.52513122558594,-6.074389457702637,0.4260199964046478,208.31887817382812,127.46879577636719,-5.796821594238281,0.6645154356956482,36.6661491394043,9,1.8582879304885864,1.0403980016708374,24.738739013671875,489.2440546202259,1153.4431073412138,44.927477849679036,3.2841358305445665,1.043462872505188,1.04310142993927,71.32855224609375,0,8.317779541015625,0.0006066574715077877,-623.3233642578125,11.149727821350098,44.927477849679036,3.2841358305445665
3047.822509765625,153.8457794189453,-8.70997428894043,0.05481832101941109,2391.584716796875,107.78694915771484,-8.446714401245117,0.04894521087408066,2831.482421875,157.5756378173828,-8.630034446716309,0.06043729558587074,163.02877807617188,43,1.7228257656097412,1.657067060470581,19.792531967163086,516.2634150107253,1166.9452660758882,44.92846286994583,3.2821683931112102,0.09961538761854172,0.0993937999010086,42.7142219543457,0,5.287824630737305,0.00038566699367947876,2675.124755859375,10.336954116821289,44.92846286994583,3.28216839311121
2401.25244140625,207.2290802001953,-8.451094627380371,0.09372224658727646,1023.7091064453125,105.98674774169922,-7.525441646575928,0.11243585497140884,1564.45654296875,185.89068603515625,-7.9859089851379395,0.12903988361358643,45.350101470947266,19,2.371729850769043,1.7191215753555298,18.725759506225586,255.64505679202597,1168.526214697376,44.92860672840436,3.301147157285395,0.34315285086631775,0.3427596092224121,-65.55418395996094,2,12.10203742980957,0.0008826716803014278,976.3714599609375,14.230379104614258,44.92860672840436,3.3011471572853948
1586.4420166015625,161.2624969482422,-8.001060485839844,0.11039235442876816,1015.7841186523438,106.14176177978516,-7.517003536224365,0.11347878724336624,1485.2669677734375,246.56024169921875,-7.929511070251465,0.18028032779693604,59.7886848449707,26,2.0398976802825928,1.4755275249481201,-73.83074951171875,2012.0027119542913,1179.0200875406183,44.9292002973989,3.173227262944366,0.3075917065143585,0.30707529187202454,-58.043914794921875,3,8.928443908691406,0.0006512158433906734,1681.643798828125,12.239385604858398,44.9292002973989,3.173227262944366
1650.5562744140625,144.86241149902344,-8.044075965881348,0.0953136682510376,1357.595947265625,106.6553726196289,-7.831926345825195,0.08531826734542847,1343.1163330078125,152.04440307617188,-7.820283889770508,0.1229381412267685,77.61824798583984,27,1.7345690727233887,1.6096398830413818,-48.46099090576172,194.0804222047534,1177.290443803975,44.92925476238962,3.3056304740055196,0.19469289481639862,0.1940586268901825,72.71775817871094,0,7.806069374084473,0.0005693435668945312,608.5665283203125,10.407414436340332,44.92925476238962,3.3056304740055196
2304.052490234375,190.80030822753906,-8.406230926513672,0.08993247151374817,1181.0311279296875,106.4739761352539,-7.6806535720825195,0.09790659695863724,1769.847900390625,237.21981811523438,-8.119839668273926,0.14556093513965607,64.53235626220703,28,2.175323724746704,1.3531804084777832,-89.20648956298828,2013.6502734071594,1188.6930448790463,44.92990762401791,3.1731071724088977,0.2909910976886749,0.290361225605011,78.31633758544922,3,9.280526161193848,0.0006768963648937643,1967.42041015625,13.051942825317383,44.92990762401791,3.1731071724088977
112805.1328125,321.9715576171875,-12.63082218170166,0.0030996915884315968,88807.390625,186.79981994628906,-12.371122360229492,0.002284321002662182,108811.71875,276.55828857421875,-12.591689109802246,0.0027602016925811768,5244.318359375,272,2.3906776905059814,2.3420746326446533,-55.81161880493164,1269.0518269378294,1243.2215413291226,44.933964911489966,3.22734462359162,0.004983044695109129,0.004906770307570696,83.45317077636719,0,3.8907179832458496,0.00028376776026561856,112346.3515625,14.344066619873047,44.933964911489966,3.22734462359162
6924.07763671875,65.79598999023438,-9.60090446472168,0.010319706052541733,6757.83642578125,113.2113037109375,-9.574519157409668,0.018193319439888,6724.07763671875,61.44123840332031,-9.569082260131836,0.009923321194946766,3888.164306640625,10,0.5146455764770508,0.4543890357017517,6.991231918334961,1657.0030808055853,1181.9477549098565,44.92944572249754,3.199086986436729,0.005275695119053125,0.005118996370583773,-89.07246398925781,0,0.9859974384307861,7.191424811026081e-05,6808.6787109375,3.0878734588623047,44.92944572249754,3.199086986436729
604.6608276367188,96.37482452392578,-6.953779697418213,0.17309382557868958,628.219482421875,105.56747436523438,-6.995278358459473,0.18249398469924927,676.1237182617188,114.41889953613281,-7.075065612792969,0.18378134071826935,50.32890701293945,10,1.3450158834457397,1.0593634843826294,75.40202331542969,1889.8255288329617,1188.5803110184365,44.92991000321801,3.1821274323494384,0.35416895151138306,0.3535242974758148,-74.1173324584961,0,7.131467819213867,0.0005201449966989458,586.2609252929688,8.07009506225586,44.92991000321801,3.1821274323494255
1143.8983154296875,143.60508728027344,-7.645968437194824,0.1363365352153778,737.447265625,105.78907775878906,-7.169327259063721,0.1557900309562683,840.7888793945312,150.14984130859375,-7.311717510223389,0.1939401626586914,57.12247848510742,18,1.8165382146835327,1.4219074249267578,54.844635009765625,1495.5026040137916,1197.3617689118084,44.930588278262626,3.21085059628894,0.43954846262931824,0.4386553466320038,-77.1717529296875,0,9.622814178466797,0.0007018402684479952,188.78868103027344,10.899229049682617,44.93058827826262,3.210850596288953
671.2136840820312,104.90370178222656,-7.06715202331543,0.16973048448562622,483.2652282714844,105.46597290039062,-6.710464000701904,0.23700451850891113,422.1130065917969,84.35314178466797,-6.563571929931641,0.21702130138874054,51.655616760253906,11,1.2523119449615479,0.707977294921875,-77.40921020507812,770.7007242894667,1194.9387602198037,44.93048393541072,3.2636393794855456,0.24380825459957123,0.2431056648492813,-70.02845764160156,0,5.608762264251709,0.00040907145012170076,238.2410430908203,7.513871669769287,44.93048393541072,3.2636393794855456
1975.2535400390625,183.5822296142578,-8.239057540893555,0.10093402862548828,905.1688842773438,106.04301452636719,-7.391824245452881,0.12722787261009216,1375.8028564453125,237.45787048339844,-7.846390724182129,0.18743909895420074,51.9041633605957,14,1.6951308250427246,0.978443443775177,61.940757751464844,515.9334923099445,1207.3478124340077,44.93141901326063,3.2821930113162416,0.36548638343811035,0.36457595229148865,-52.36594772338867,2,7.69948148727417,0.0005615599220618606,1695.406494140625,10.170784950256348,44.93141901326063,3.2821930113162416
6836.2529296875,130.1862030029297,-9.587045669555664,0.020681243389844894,2945.6884765625,108.51533508300781,-8.672966957092285,0.04000683128833771,7697.35009765625,183.2388916015625,-9.715852737426758,0.025852719321846962,486.8907165527344,48,6.36519193649292,0.5125575661659241,42.76000213623047,465.5173815915926,1248.326032539317,44.93442271334298,3.2858651266197323,0.12795555591583252,0.012982969172298908,43.27610397338867,3,10.820935249328613,0.0007892223657108843,-625.9284057617188,38.1911506652832,44.93442271334298,3.2858651266197207
1106.9013671875,136.67446899414062,-7.610272407531738,0.13409367203712463,790.2482299804688,105.77335357666016,-7.24440860748291,0.14535921812057495,860.2315063476562,144.9775390625,-7.336538314819336,0.1830270141363144,49.65671157836914,18,2.145603895187378,1.1263184547424316,0.4872506260871887,1416.8163550917434,1205.9131620902228,44.9312213298135,3.216581919356407,0.3387514650821686,0.3379630744457245,19.441286087036133,0,9.306129455566406,0.000678740965668112,-124.94908905029297,12.87362289428711,44.931221329813496,3.216581919356419
1814.202880859375,159.4116973876953,-8.146714210510254,0.09542543441057205,1201.2064208984375,106.82764434814453,-7.699044227600098,0.09658192098140717,1881.646240234375,160.89718627929688,-8.186345100402832,0.09286248683929443,63.62860870361328,23,1.6429274082183838,1.304662823677063,82.70281219482422,1344.353204051001,1209.9510237372053,44.931523737706655,3.221859871599029,0.2913866937160492,0.29046231508255005,56.75526428222656,3,8.6117582321167,0.0006280957022681832,1501.6365966796875,9.857564926147461,44.931523737706655,3.221859871599029
930.268798828125,133.80213928222656,-7.421521186828613,0.15620122849941254,306.5374755859375,105.19914245605469,-6.2162089347839355,0.37269920110702515,457.9462890625,162.42181396484375,-6.652036190032959,0.3851763606071472,38.5360107421875,9,1.9403516054153442,0.5396509766578674,-29.20638656616211,2018.145372227452,1264.065795561249,44.935419862970754,3.1727791829229575,0.7243702411651611,0.7223902344703674,-12.488445281982422,0,6.1027045249938965,0.0004451172717381269,374.55133056640625,11.642109870910645,44.935419862970754,3.1727791829229575
683.7445678710938,108.93810272216797,-7.0872344970703125,0.17302773892879486,366.1678466796875,105.35832977294922,-6.409200668334961,0.31247732043266296,549.49755859375,179.75942993164062,-6.84991455078125,0.3552677035331726,49.44202423095703,6,1.033373475074768,0.8798325061798096,-79.02153015136719,134.6597150288517,1204.5389237988643,44.931255184581765,3.3099579878886023,0.2054959535598755,0.17817391455173492,-87.15553283691406,2,3.9421920776367188,0.00028752812067978084,513.666259765625,6.2002410888671875,44.93125518458177,3.30995798788859
1558.0201416015625,169.58071899414062,-7.9814324378967285,0.11820428818464279,815.8224487304688,105.76444244384766,-7.278989315032959,0.1407906711101532,1104.3016357421875,167.5891571044922,-7.607719421386719,0.16481170058250427,61.388431549072266,24,2.513653516769409,1.284242033958435,-13.652207374572754,1669.692898892079,1214.308475272026,44.93181155047132,3.198162615960737,0.4643000066280365,0.46269139647483826,-31.638107299804688,0,10.621871948242188,0.0007747135823592544,-275.0126953125,15.081920623779297,44.93181155047132,3.198162615960737
41592.984375,235.2607879638672,-11.547550201416016,0.006142699625343084,33388.52734375,141.24696350097656,-11.308993339538574,0.004594219382852316,40588.84765625,222.7781219482422,-11.521017074584961,0.0059606777504086494,1913.8046875,163,2.1646597385406494,2.129915475845337,42.943233489990234,393.7471820115788,1240.5997386205217,44.93386526224314,3.29109153498432,0.009777998551726341,0.00973264779895544,58.427303314208984,0,3.855612277984619,0.00028120900969952345,41436.1953125,12.987958908081055,44.93386526224314,3.29109153498432
733.2308349609375,109.96746063232422,-7.163101673126221,0.16287457942962646,527.3615112304688,105.27296447753906,-6.805271148681641,0.21678949892520905,587.32958984375,120.8285903930664,-6.922204494476318,0.2234177440404892,48.565818786621094,12,1.7103363275527954,0.9944875836372375,80.27651977539062,719.0186414475477,1217.130916474247,44.93211300968214,3.2674034758638832,0.40074387192726135,0.40009957551956177,37.95376205444336,0,7.797903060913086,0.0005687351222150028,-216.92120361328125,10.262018203735352,44.93211300968214,3.267403475863883
865.242431640625,129.0875701904297,-7.342844486236572,0.1620229184627533,536.1055908203125,105.61612701416016,-6.823125839233398,0.21394874155521393,499.770751953125,112.279541015625,-6.746927261352539,0.24398303031921387,45.520469665527344,12,1.5380561351776123,0.9774509072303772,-18.14371109008789,1243.6460946405523,1214.8285335546118,44.93189046724672,3.2291948716954355,0.39661291241645813,0.39516544342041016,-31.582555770874023,0,7.327186107635498,0.0005344044766388834,180.69769287109375,9.228336334228516,44.93189046724672,3.2291948716954235
1394.9107666015625,148.60427856445312,-7.861366271972656,0.1156950294971466,950.0234985351562,106.05854034423828,-7.4443359375,0.12123866379261017,1096.7750244140625,162.94906616210938,-7.60029411315918,0.16134820878505707,62.769248962402344,12,1.2157477140426636,0.9167569279670715,-8.339407920837402,1318.2269374731916,1212.9815725418473,44.93174798372448,3.223762800975439,0.3006405532360077,0.29890376329421997,-26.996191024780273,2,5.176008224487305,0.0003775101504288614,910.392822265625,7.294486045837402,44.93174798372448,3.2237628009754387
2833.04345703125,163.58929443359375,-8.630633354187012,0.06270922720432281,2133.081298828125,107.42372131347656,-8.322518348693848,0.054691851139068604,2506.576416015625,164.77195739746094,-8.497702598571777,0.07138914614915848,107.50757598876953,43,2.128490686416626,1.5161539316177368,0.2797839343547821,1212.920606226831,1224.4037806788108,44.93259397892408,3.231432781795577,0.1246810182929039,0.12437419593334198,-44.77021789550781,0,6.971705436706543,0.000508477387484163,1972.89013671875,12.770944595336914,44.93259397892408,3.2314327817955766
1112.5374755859375,138.01829528808594,-7.615786552429199,0.1347261369228363,769.6798095703125,106.11904907226562,-7.215775012969971,0.14973147213459015,915.4913330078125,164.13818359375,-7.404135704040527,0.19470863044261932,62.55598449707031,18,1.5354194641113281,1.4019776582717896,-60.42884063720703,323.1252164986838,1222.0762078743178,44.932517664931474,3.296234077749877,0.30481570959091187,0.30440112948417664,75.00765991210938,0,8.779998779296875,0.0006403716979548335,923.5575561523438,9.212516784667969,44.932517664931474,3.296234077749877
1211.304931640625,137.68238830566406,-7.708133697509766,0.12343966215848923,893.88525390625,106.06999206542969,-7.378204345703125,0.12886667251586914,905.8873291015625,125.61517333984375,-7.392685413360596,0.15059055387973785,67.96333312988281,20,1.5069243907928467,1.1856637001037598,-65.43447875976562,427.8206586147549,1225.1351282102423,44.93273002170644,3.288609956186502,0.20788735151290894,0.207544207572937,-74.77928924560547,0,5.971019268035889,0.00043549592373892665,479.3973388671875,9.041545867919922,44.93273002170644,3.2886099561865025
3315.88720703125,107.36161804199219,-8.801499366760254,0.03516244888305664,2187.038330078125,107.89749908447266,-8.349640846252441,0.05357779562473297,3358.593994140625,134.8641815185547,-8.815393447875977,0.043608278036117554,216.5073699951172,30,3.356257438659668,0.5943344235420227,43.397430419921875,445.09316155136014,1230.5712091843825,44.93312588090678,3.287352206100458,0.14756432175636292,0.14385893940925598,44.00580978393555,3,8.44972038269043,0.0006162792560644448,689.8399658203125,20.137544631958008,44.93312588090678,3.2873522061004583
1157.3040771484375,137.16168212890625,-7.658618927001953,0.12871085107326508,863.3239135742188,105.8247299194336,-7.340434551239014,0.13311997056007385,1365.65380859375,198.28237915039062,-7.838351726531982,0.15767881274223328,69.7666015625,16,1.5713725090026855,1.3755382299423218,52.38047409057617,622.5705981385488,1232.101600676106,44.93321861829433,3.274427576912007,0.40593546628952026,0.4055827260017395,-9.035809516906738,2,7.047956466674805,0.000514039013069123,1139.60107421875,9.428235054016113,44.93321861829434,3.274427576911995
710.0922241210938,116.84205627441406,-7.128286838531494,0.17869576811790466,199.5972442626953,105.18745422363281,-5.7503862380981445,0.5723204016685486,300.4079895019531,144.4581298828125,-6.194278717041016,0.5222282409667969,37.19467544555664,6,1.4513767957687378,0.42352813482284546,24.47264862060547,815.6825563950209,1222.5128583625178,44.9324965225233,3.26036380485541,0.8745144605636597,0.8724647760391235,30.568941116333008,2,4.653877258300781,0.0003394271188881248,421.802978515625,8.708260536193848,44.9324965225233,3.2603638048554107
4647.361328125,98.05850219726562,-9.16801643371582,0.022914407774806023,3076.502197265625,108.55619812011719,-8.72014331817627,0.0383201539516449,4027.764892578125,134.71908569335938,-9.012660026550293,0.03632409870624542,550.2074584960938,22,2.301424264907837,0.859062910079956,33.2965202331543,454.10395822063185,1237.9851412204464,44.93366735244291,3.2866961279496323,0.06217276304960251,0.060124143958091736,35.6724853515625,3,7.8220953941345215,0.0005705031217075884,3034.098388671875,13.80854606628418,44.93366735244291,3.2866961279496327
3145.510009765625,209.44790649414062,-8.744227409362793,0.07231273502111435,1651.874755859375,106.77957916259766,-8.044942855834961,0.070200614631176,2424.552490234375,180.5496063232422,-8.461579322814941,0.08087136596441269,72.07463836669922,42,2.120238780975342,1.7855345010757446,-70.6874771118164,776.767124411645,1244.7687347088308,44.934128874747614,3.2631981831358265,0.21124182641506195,0.21082179248332977,63.49372482299805,2,10.362818717956543,0.000755804474465549,2049.675537109375,12.72143268585205,44.934128874747614,3.2631981831358265
607.9199829101562,107.328369140625,-6.959616184234619,0.1917334645986557,377.6780090332031,105.49752044677734,-6.442804336547852,0.3033544719219208,348.4784851074219,94.05426025390625,-6.355440139770508,0.2931111454963684,40.74893569946289,9,1.5006252527236938,0.5809398889541626,-22.480920791625977,1382.717107337157,1228.4818439275018,44.932875502654085,3.219065671879079,0.5964370965957642,0.594855785369873,-21.449291229248047,1,5.5608930587768555,0.00040558254113420844,311.2132263183594,9.003751754760742,44.932875502654085,3.219065671879079
914.7554321289062,122.30046081542969,-7.403262615203857,0.14519542455673218,810.461669921875,105.84037017822266,-7.271831035614014,0.1418236643075943,1032.5955810546875,165.56094360351562,-7.534825801849365,0.17412352561950684,58.56060791015625,15,1.7634605169296265,1.4576410055160522,-56.224510192871094,876.9650313931766,1240.9561190740505,44.93383936065082,3.2559009245092483,0.4244323968887329,0.42352649569511414,-17.720457077026367,0,9.599456787109375,0.0007001287885941565,944.042724609375,10.58076286315918,44.933839360650815,3.2559009245092607
579.3281860351562,102.9791030883789,-6.90731143951416,0.19304309785366058,543.2156982421875,105.62516021728516,-6.837430953979492,0.21116645634174347,575.9151611328125,189.84312438964844,-6.900896072387695,0.35798612236976624,47.70448303222656,9,1.404168725013733,0.8768859505653381,-42.83198547363281,50.34435844014148,1235.5892235930305,44.93353665952652,3.316098401649224,0.28862255811691284,0.2874113619327545,35.94792556762695,3,6.624298095703125,0.00048315204912796617,751.6450805664062,8.425012588500977,44.93353665952652,3.316098401649224
888.043701171875,126.3693618774414,-7.3710856437683105,0.15453870594501495,516.1098022460938,105.42478942871094,-6.78185510635376,0.221835196018219,478.92926025390625,157.65396118164062,-6.70067834854126,0.35748955607414246,57.8555908203125,8,1.4710204601287842,0.6369163990020752,21.65501594543457,49.36099296905495,1235.1474253441781,44.93350444022932,3.3161700011774813,0.3749591112136841,0.3737236261367798,50.377906799316406,3,5.054868698120117,0.0003686838026624173,762.6971435546875,8.826122283935547,44.93350444022932,3.316170001177494
741.9794921875,118.49555206298828,-7.1759796142578125,0.17343628406524658,274.1188659667969,105.11613464355469,-6.094847202301025,0.4164474904537201,-116.39263916015625,262.5393371582031,99.0,99.0,39.023834228515625,9,2.113191604614258,1.035244107246399,71.74378204345703,2000.3749926005278,1261.291694390425,44.935218493225236,3.1740737667511714,0.3718830645084381,0.17082102596759796,68.1668930053711,18,8.851638793945312,0.0006456163246184587,14.797459602355957,12.679149627685547,44.935218493225236,3.174073766751159
3992.227294921875,236.0260772705078,-9.00303840637207,0.0642058402299881,1891.6812744140625,107.20323944091797,-8.192119598388672,0.06154457479715347,3524.295654296875,221.55323791503906,-8.867680549621582,0.06827089190483093,76.8004379272461,60,2.6545517444610596,2.1639344692230225,77.77181243896484,1025.8446786314337,1259.695092740597,44.93519470951974,3.2450582280137197,0.23236782848834991,0.23224331438541412,-21.194679260253906,2,13.214973449707031,0.0009638239280320704,1940.737548828125,15.927310943603516,44.935194709519735,3.245058228013743
2114.057861328125,174.23446655273438,-8.31279182434082,0.08950494229793549,1201.4674072265625,106.41752624511719,-7.69927978515625,0.09619023650884628,1569.116943359375,219.86810302734375,-7.989138126373291,0.15217269957065582,64.66802978515625,20,2.0041213035583496,1.3981863260269165,3.862916946411133,1552.1681865248354,1243.1963144371232,44.933935523469025,3.206723205759822,0.22756849229335785,0.22668886184692383,-49.866146087646484,2,10.024903297424316,0.0007311695953831077,1635.95458984375,12.024727821350098,44.933935523469025,3.2067232057598223
1332.1585693359375,144.24388122558594,-7.811389923095703,0.11759024858474731,917.86181640625,106.100341796875,-7.406943321228027,0.12553629279136658,874.0971069335938,144.2338104248047,-7.353899002075195,0.179199680685997,60.88963317871094,22,2.0092613697052,1.171814203262329,56.80828857421875,306.3310809784242,1256.9166547707343,44.93506878642776,3.2974576610212063,0.2492544800043106,0.24845892190933228,-84.07781982421875,0,9.184982299804688,0.0006699083605781198,140.03952026367188,12.05556869506836,44.93506878642776,3.2974576610212063
1462.739501953125,154.43408203125,-7.912917613983154,0.1146584302186966,991.1234130859375,106.02804565429688,-7.49031925201416,0.11617771536111832,1313.9600830078125,190.93826293945312,-7.796455383300781,0.1578122228384018,55.26152420043945,24,1.9414387941360474,1.5328781604766846,57.66994094848633,490.51744818880564,1264.087733498201,44.93557319892137,3.2840447751642485,0.31485795974731445,0.3139103353023529,59.5150260925293,0,10.332711219787598,0.0007536125485785306,1160.88916015625,11.648633003234863,44.93557319892137,3.2840447751642485
1810.10302734375,178.0218963623047,-8.144258499145508,0.10680706053972244,985.9738159179688,106.06278991699219,-7.484663486480713,0.11682277172803879,1003.873779296875,139.73313903808594,-7.504197597503662,0.15116460621356964,56.171546936035156,17,2.746995210647583,0.8262498378753662,-49.40986633300781,692.1489047900372,1266.1762670682244,44.93570411297469,3.2693609439124316,0.2975635528564453,0.29641586542129517,85.6776123046875,2,9.017111778259277,0.0006576566374860704,963.66455078125,16.481971740722656,44.93570411297469,3.269360943912432
4172.28369140625,188.3140411376953,-9.050934791564941,0.04901609197258949,2821.470703125,108.48262023925781,-8.626189231872559,0.04175557196140289,3624.9306640625,193.68954467773438,-8.898249626159668,0.05802782624959946,126.84976959228516,61,2.284579038619995,1.8878341913223267,72.23616790771484,1678.326578804047,1270.1338186110413,44.93589400949012,3.1975336744131058,0.10776963084936142,0.10746579617261887,-72.8905258178711,0,7.672667026519775,0.0005596129922196269,3116.89111328125,13.707473754882812,44.93589400949012,3.1975336744131058
1345.2821044921875,149.1859893798828,-7.822033405303955,0.12043271958827972,758.6968994140625,105.89872741699219,-7.200170516967773,0.15158362686634064,1094.1246337890625,200.29541015625,-7.597667217254639,0.19880807399749756,55.618377685546875,22,3.7523193359375,1.2646629810333252,-45.762149810791016,186.03370944275272,1279.5465627186888,44.936738025827076,3.3062183136804135,0.38046592473983765,0.3802967667579651,-83.04827117919922,3,13.059123992919922,0.0009524740744382143,-1241.0284423828125,22.513916015625,44.936738025827076,3.306218313680414
1631.3609619140625,152.41574096679688,-8.03137493133545,0.1014634370803833,1299.7293701171875,106.50035095214844,-7.784632205963135,0.08898727595806122,2078.492431640625,219.18289184570312,-8.294370651245117,0.11452176421880722,59.69942092895508,27,2.845289468765259,1.2275631427764893,47.36342239379883,190.8692508284659,1280.0012943132463,44.936770758255356,3.305866192863368,0.263007789850235,0.2612588703632355,29.001049041748047,3,11.197829246520996,0.0008167190826497972,1182.52392578125,17.07173728942871,44.936770758255356,3.3058661928633555
1825.187255859375,154.93557739257812,-8.153268814086914,0.09218782186508179,1161.1868896484375,106.3255386352539,-7.66225528717041,0.09944095462560654,1779.38330078125,194.10430908203125,-8.1256742477417,0.11846648156642914,76.31640625,26,3.235658645629883,1.3950246572494507,-50.05398178100586,189.13716397184285,1279.520825482493,44.936735795279155,3.3059923162603657,0.28426820039749146,0.2831694185733795,-55.35730743408203,3,12.735511779785156,0.0009288708679378033,520.1998901367188,19.413951873779297,44.936735795279155,3.3059923162603653
760.3340454101562,116.83890533447266,-7.202511310577393,0.16688328981399536,373.1971435546875,105.4088134765625,-6.429845809936523,0.30673861503601074,640.2167358398438,227.6233673095703,-7.015817642211914,0.3861176371574402,44.652137756347656,12,4.199910640716553,1.4846705198287964,-55.986507415771484,190.33972633264258,1282.2627547850277,44.93693629270245,3.305904796258138,0.47910991311073303,0.47789615392684937,62.857444763183594,3,14.974891662597656,0.0010922006331384182,-2947.708740234375,25.199462890625,44.93693629270245,3.305904796258138
1871.727294921875,165.6112823486328,-8.180606842041016,0.09608977288007736,1201.7373046875,106.21205139160156,-7.69952392578125,0.09598294645547867,1629.964111328125,153.0142059326172,-8.030445098876953,0.10194913297891617,82.98822784423828,18,1.7450883388519287,1.5332285165786743,37.488189697265625,957.3099135170783,1278.580929894643,44.93658344680064,3.2500498473968005,0.2702488303184509,0.2698645293712616,9.605267524719238,2,9.299919128417969,0.0006782819982618093,1383.3687744140625,10.470529556274414,44.93658344680063,3.250049847396812
2027.6287841796875,197.6173858642578,-8.267471313476562,0.10584406554698944,639.7142944335938,105.74776458740234,-7.014965057373047,0.1795208752155304,884.805419921875,240.38739013671875,-7.367119312286377,0.29504871368408203,42.44854736328125,11,1.305760383605957,1.2527223825454712,29.967161178588867,1260.9379567563317,1281.3365166850624,44.93675384593085,3.227935818626082,0.3774990141391754,0.376446008682251,34.88166809082031,2,7.645848274230957,0.0005576466792263091,1359.5404052734375,7.834562301635742,44.93675384593085,3.227935818626082
675.9739379882812,113.19596099853516,-7.074824810028076,0.18185733258724213,202.79307556152344,105.02498626708984,-5.767632961273193,0.5624310970306396,260.06671142578125,109.02237701416016,-6.037712097167969,0.4552612602710724,36.95554733276367,6,1.9978125095367432,0.40029165148735046,-13.615164756774902,24.865770761390916,1273.1100545328081,44.93628513296973,3.3179544903505613,1.2318123579025269,1.2311594486236572,18.19802474975586,18,5.322239398956299,0.00038818412576802075,230.15211486816406,11.986875534057617,44.93628513296973,3.3179544903505738
10826.9736328125,307.77154541015625,-10.086267471313477,0.030871037393808365,3867.217041015625,109.64965057373047,-8.968496322631836,0.03079204447567463,9620.125,313.0287170410156,-9.957951545715332,0.03533729538321495,131.13296508789062,149,4.925734043121338,2.292128801345825,-31.92220687866211,275.80781140246074,1322.9399746377037,44.939903078199784,3.2996816256842836,0.13825906813144684,0.13648773729801178,-25.950529098510742,2,15.73768424987793,0.0011478278320282698,5131.416015625,29.554405212402344,44.93990307819978,3.299681625684296
5809.26171875,73.58621978759766,-9.41030216217041,0.013756418600678444,5678.4560546875,111.9629135131836,-9.385575294494629,0.021412814036011696,5849.08447265625,88.97396087646484,-9.417719841003418,0.016519803553819656,904.1923217773438,15,1.631977915763855,0.4558943212032318,76.13719940185547,897.5259165431958,1294.4703337884432,44.93775215301482,3.254404085822847,0.0195145383477211,0.018595732748508453,70.44369506835938,3,5.130190372467041,0.0003741660912055522,5261.40869140625,9.79186725616455,44.93775215301482,3.254404085822847
916.3056640625,132.64630126953125,-7.4051008224487305,0.15721160173416138,395.22222900390625,105.4368667602539,-6.492103576660156,0.28972166776657104,480.1643981933594,195.45550537109375,-6.703474998474121,0.44206666946411133,38.665687561035156,8,1.6856482028961182,0.8206316232681274,-36.89071273803711,100.41526442800796,1290.7367083895765,44.9375664526765,3.3124533292161993,0.5152974724769592,0.5143190026283264,-44.817630767822266,2,7.025649547576904,0.0005124214221723378,761.651611328125,10.113889694213867,44.9375664526765,3.3124533292161993
1384.9736328125,123.60201263427734,-7.853603839874268,0.09692010283470154,1080.408203125,106.05855560302734,-7.583969593048096,0.10660747438669205,1161.3621826171875,140.6643524169922,-7.662419319152832,0.13153646886348724,78.44009399414062,22,1.787639856338501,1.2967501878738403,84.84013366699219,663.4849316314137,1302.404018599268,44.93835768273652,3.271448942890134,0.17036788165569305,0.16992081701755524,-66.31803131103516,3,9.113365173339844,0.0006646763649769127,843.4702758789062,10.725839614868164,44.93835768273652,3.2714489428901214
2142.053955078125,164.43434143066406,-8.327075958251953,0.08336657285690308,1627.4527587890625,107.03545379638672,-8.02877140045166,0.07142481207847595,2192.729736328125,200.4855499267578,-8.352462768554688,0.09929509460926056,83.97039794921875,35,2.818690776824951,1.6753498315811157,-35.40401840209961,660.3770505277865,1301.493920654727,44.938291436406615,3.271675266219127,0.20310112833976746,0.2025173306465149,57.031429290771484,3,12.769428253173828,0.0009313286282122135,562.2272338867188,16.91214370727539,44.938291436406615,3.271675266219127
558364.4375,543.9501342773438,-14.367294311523438,0.001057964633218944,435125.21875,357.5621337890625,-14.096535682678223,0.0008924155263230205,539727.375,449.74237060546875,-14.330435752868652,0.0009049387299455702,23668.8203125,577,2.7150955200195312,2.5359599590301514,28.755523681640625,403.5243026165195,1437.7016133145562,44.94828536346584,3.290382977113778,0.001982536166906357,0.0019622917752712965,67.55802917480469,0,4.039604663848877,0.0002946254098787904,555790.5,16.290573120117188,44.94828536346584,3.290382977113778
3790.7890625,82.33771514892578,-8.946824073791504,0.023588428273797035,4016.846435546875,109.83272552490234,-9.009713172912598,0.02969452179968357,4187.0078125,101.56098937988281,-9.05475902557373,0.026342255994677544,471.1119384765625,20,1.9650965929031372,0.5533722639083862,73.75239562988281,898.8801663449401,1298.8285723669835,44.93807084416722,3.2543055050203837,0.050147898495197296,0.046724770218133926,74.89430236816406,3,6.199035167694092,0.0004521213413681835,3459.692626953125,11.790579795837402,44.93807084416722,3.2543055050203837
624.1371459960938,104.52899169921875,-6.9882001876831055,0.1818806678056717,611.827880859375,105.71234893798828,-6.966573238372803,0.18764036893844604,585.2327270507812,98.91938018798828,-6.91832160949707,0.18356192111968994,56.27095413208008,10,1.377889633178711,0.8815481066703796,33.58594512939453,1651.2217830529657,1295.0784193321122,44.93772106598899,3.1995080494035424,0.2908020615577698,0.29020971059799194,-3.5174970626831055,0,5.235603332519531,0.0003818633558694273,414.1969909667969,8.267337799072266,44.93772106598899,3.1995080494035433
609.4140625,107.51966857910156,-6.962281227111816,0.19160430133342743,247.75538635253906,105.24890899658203,-5.985057830810547,0.4613434076309204,312.4986267089844,110.0853042602539,-6.237120151519775,0.3825701177120209,36.1018180847168,9,1.6079871654510498,0.9036263227462769,30.249500274658203,995.7754687021429,1300.8602781356249,44.93820927113438,3.2472485967567613,0.8901189565658569,0.8895772099494934,42.633995056152344,0,7.202273845672607,0.0005252920091152191,-446.2364196777344,9.64792251586914,44.93820927113438,3.2472485967567613
4784.65869140625,153.70877075195312,-9.199627876281738,0.03488811478018761,3960.6689453125,109.76402282714844,-8.994421005249023,0.03009686805307865,4720.44677734375,165.24734497070312,-9.184957504272461,0.03801729530096054,232.50927734375,54,1.883606195449829,1.671524167060852,35.933143615722656,1527.2690652982376,1327.3495060446796,44.94009331189929,3.20853700495044,0.06474640220403671,0.0645347535610199,55.925865173339844,0,4.789041996002197,0.00034929101821035147,4242.6416015625,11.301637649536133,44.94009331189929,3.2085370049504274
4907.7841796875,91.96878051757812,-9.227213859558105,0.020350955426692963,3833.039794921875,109.64771270751953,-8.958858489990234,0.031066052615642548,4661.38671875,120.8284683227539,-9.171287536621094,0.02815036103129387,445.244140625,25,2.817981243133545,0.5472120046615601,-63.6257209777832,1462.9831278332254,1324.8629878707359,44.939917686110135,3.2132195930746916,0.0738278180360794,0.06983792781829834,-62.81368637084961,0,7.421658515930176,0.0005413003382273018,2465.916748046875,16.907886505126953,44.939917686110135,3.213219593074704
909.6137084960938,129.62364196777344,-7.39714241027832,0.15475940704345703,549.14990234375,105.63270568847656,-6.849227428436279,0.20889946818351746,570.6881713867188,113.33382415771484,-6.890997409820557,0.2156703770160675,63.539512634277344,14,1.9090843200683594,0.7870432138442993,-68.71656799316406,1003.0581289125759,1322.343499532725,44.93978010357291,3.2467184045389286,0.3118121922016144,0.3106110095977783,87.97077178955078,0,6.854637622833252,0.0004999374505132437,-432.39093017578125,11.454505920410156,44.93978010357291,3.246718404538928
1411.5225830078125,160.4578094482422,-7.8742194175720215,0.12345334142446518,742.664794921875,105.8370590209961,-7.1769819259643555,0.15476571023464203,838.6068725585938,111.70886993408203,-7.308896064758301,0.14466352760791779,57.376731872558594,15,1.3890265226364136,0.9601762890815735,16.610939025878906,831.4701604363618,1317.9497544231256,44.93947687607487,3.259215157944245,0.29316654801368713,0.29275211691856384,-12.400918960571289,2,5.77088737487793,0.00042089459020644426,679.2379760742188,8.334158897399902,44.93947687607487,3.2592151579442445
3132.505126953125,229.48594665527344,-8.739729881286621,0.07955988496541977,1230.3201904296875,106.37167358398438,-7.725045204162598,0.09389396011829376,2151.900146484375,244.25003051757812,-8.33205509185791,0.12326572835445404,53.76542282104492,38,2.597799062728882,1.8902114629745483,-89.34931182861328,896.5226068986093,1342.271024202135,44.94124918794748,3.254477701554977,0.30775150656700134,0.3068222105503082,32.97221755981445,2,12.219310760498047,0.0008912045159377158,2368.25732421875,15.586793899536133,44.94124918794748,3.254477701554977
2294.8095703125,185.23477172851562,-8.401866912841797,0.08766084909439087,1415.62255859375,106.68738555908203,-7.877368927001953,0.08184561878442764,1628.1873779296875,165.38304138183594,-8.029260635375977,0.1103103905916214,78.9563980102539,38,1.8089072704315186,1.7783313989639282,11.32044506072998,741.2955623560094,1331.6597261841987,44.940489594115775,3.265782613362922,0.205126091837883,0.20493285357952118,36.88600158691406,0,8.010726928710938,0.0005842553218826652,1233.2684326171875,10.853443145751953,44.940489594115775,3.265782613362934
11606.0009765625,342.6359558105469,-10.161706924438477,0.03206122666597366,3587.62548828125,109.3067398071289,-8.887018203735352,0.03308793529868126,10264.0791015625,338.16009521484375,-10.028300285339355,0.035779330879449844,123.07135772705078,180,4.714358806610107,2.7946650981903076,42.52857208251953,469.35741165809816,1363.873709023325,44.942876372514284,3.2855873775344255,0.1465531289577484,0.14556768536567688,47.04556655883789,2,15.188782691955566,0.0011077839881181717,6919.1240234375,28.286151885986328,44.94287637251428,3.285587377534438
16664.923828125,272.4232482910156,-10.554508209228516,0.017752954736351967,8968.240234375,115.68977355957031,-9.881768226623535,0.01400933600962162,16401.015625,286.8844299316406,-10.537177085876465,0.018996169790625572,353.1249084472656,177,3.1755425930023193,2.922816276550293,-87.07730102539062,220.66873949212996,1359.6178348688206,44.94259300062734,3.303697676859228,0.04854540526866913,0.04842137172818184,-68.76197814941406,0,6.042393684387207,0.00044070195872336626,16572.67578125,19.053255081176758,44.94259300062734,3.303697676859228
2795.28857421875,211.77195739746094,-8.616066932678223,0.08227571099996567,1254.162841796875,106.40176391601562,-7.745884895324707,0.09213501214981079,1861.8236083984375,225.93443298339844,-8.174846649169922,0.13178734481334686,57.16225051879883,21,2.108814239501953,1.2020536661148071,-50.54152297973633,1279.5541866923654,1340.7859767814489,44.941100673227446,3.2265802514234743,0.2935943603515625,0.2931462228298187,59.251060485839844,2,9.32789421081543,0.0006803270662203431,1571.044921875,12.652885437011719,44.941100673227446,3.2265802514234867
41328.49609375,463.42010498046875,-11.540623664855957,0.012177414260804653,12220.1728515625,119.55086517333984,-10.217693328857422,0.010624418966472149,38883.64453125,469.8122863769531,-11.474417686462402,0.013121613301336765,428.9527893066406,466,5.227170944213867,4.764833450317383,51.56064224243164,540.0526137154847,1395.3811039245445,44.94517365644917,3.280439492359549,0.0533154271543026,0.05296986177563667,-42.540828704833984,0,9.137948036193848,0.0006664684624411166,36476.1796875,31.363025665283203,44.94517365644917,3.280439492359549
562.7205810546875,99.42411041259766,-6.875731945037842,0.19187957048416138,515.927490234375,105.46605682373047,-6.7814717292785645,0.22200044989585876,530.6002807617188,103.17768859863281,-6.81191873550415,0.2111777365207672,43.61265182495117,9,1.5723285675048828,0.8406019806861877,-32.12458038330078,539.2082847299305,1328.6338480669558,44.94029033077828,3.2804999009198914,0.4054929316043854,0.4045650362968445,-30.340839385986328,0,6.865840911865234,0.0005007555591873825,78.3159408569336,9.433971405029297,44.940290330778275,3.2804999009199034
1001.5486450195312,132.785888671875,-7.50167989730835,0.14398249983787537,631.7937622070312,105.69630432128906,-7.001438140869141,0.1816830188035965,391.05548095703125,152.64161682128906,-6.48059606552124,0.4239009618759155,49.54479217529297,16,2.3085262775421143,1.1776551008224487,-66.16084289550781,1579.210414167777,1342.079668634051,44.94116573888259,3.2047535514659216,0.3896794319152832,0.38900694251060486,-27.183589935302734,0,9.873679161071777,0.0007201439584605396,-275.56829833984375,13.851158142089844,44.94116573888259,3.2047535514659335
764.15576171875,117.52994537353516,-7.2079548835754395,0.16703076660633087,515.4244995117188,105.63126373291016,-6.780412673950195,0.2225652039051056,771.8570556640625,168.62527465820312,-7.218842029571533,0.23725512623786926,55.052223205566406,12,1.5128341913223267,0.95472651720047,44.50518798828125,27.91850357900778,1348.9749837719198,44.94183619882005,3.317733764687747,0.5340180993080139,0.5331249833106995,51.21506118774414,1,7.180530548095703,0.0005237176083028316,657.564697265625,9.077005386352539,44.94183619882005,3.317733764687735
25182.568359375,355.67828369140625,-11.002750396728516,0.015338650904595852,7790.16650390625,114.2760238647461,-9.728866577148438,0.015930823981761932,23596.09765625,379.4357604980469,-10.932100296020508,0.017463363707065582,246.03790283203125,287,5.93341064453125,2.7589895725250244,75.8847885131836,735.8672123946388,1413.8697283320673,44.94650456247595,3.2661790939597277,0.07133916020393372,0.06989871710538864,75.2371597290039,0,15.85698127746582,0.0011565128806978464,18585.88671875,35.6004638671875,44.94650456247595,3.2661790939597277
1335.6639404296875,133.71998596191406,-7.814242839813232,0.10872488468885422,1064.5458984375,106.28581237792969,-7.567911148071289,0.10842782258987427,898.1697998046875,134.03453063964844,-7.383396148681641,0.1620645672082901,64.43781280517578,22,1.6038382053375244,1.2803409099578857,25.786893844604492,1917.4471860618196,1354.6215690026552,44.94205173777149,3.180114480999456,0.17902545630931854,0.17873932421207428,6.718990325927734,0,7.343832015991211,0.0005356411566026509,676.423583984375,9.623029708862305,44.94205173777149,3.180114480999468
1835.2684326171875,181.36773681640625,-8.159249305725098,0.10732237249612808,883.69189453125,105.97453308105469,-7.365752220153809,0.13023582100868225,1175.18798828125,158.9357147216797,-7.675268173217773,0.14687368273735046,60.081207275390625,25,1.8716379404067993,1.5761903524398804,-65.13235473632812,1032.810407805091,1358.0423355623695,44.942388481897595,3.2445518387957737,0.31459900736808777,0.3141772449016571,30.234111785888672,2,8.591005325317383,0.00062657828675583,675.0132446289062,11.229827880859375,44.942388481897595,3.2445518387957613
1516.3525390625,143.1227569580078,-7.952000617980957,0.10250341892242432,1167.032958984375,106.20938110351562,-7.667707920074463,0.09883472323417664,1375.013427734375,147.6928253173828,-7.845767498016357,0.1166493371129036,95.75021362304688,25,1.7999017238616943,1.4074262380599976,39.42003631591797,1848.5747272855058,1363.7376627606661,44.94272467542941,3.1851317080826185,0.21717198193073273,0.21650266647338867,56.335384368896484,3,6.724823474884033,0.000490489648655057,771.8690185546875,10.799409866333008,44.94272467542941,3.1851317080826185
729.8967895507812,108.5169448852539,-7.158153533935547,0.16146036982536316,439.27838134765625,105.2437515258789,-6.606849670410156,0.26018744707107544,377.480712890625,117.84205627441406,-6.44223690032959,0.33902785181999207,59.832096099853516,12,1.5404335260391235,1.1084126234054565,-46.740535736083984,1726.349809603199,1363.7011950628134,44.94273326371941,3.1940353825585874,0.31857770681381226,0.31753623485565186,12.482256889343262,1,7.812974452972412,0.0005698510212823749,-96.36840057373047,9.24260139465332,44.94273326371941,3.194035382558587
571.0870971679688,101.36360168457031,-6.891756057739258,0.19275671243667603,724.6840209960938,105.73149108886719,-7.150371551513672,0.15844754874706268,773.5590209960938,182.34275817871094,-7.22123384475708,0.2559911012649536,46.583892822265625,9,1.813887596130371,0.9144187569618225,-12.624028205871582,474.2389982275512,1361.1131009710953,44.94267384952293,3.2852318296351766,0.3830035626888275,0.3829193413257599,-30.75631332397461,3,7.699629783630371,0.0005615675472654402,521.3279418945312,10.883325576782227,44.94267384952294,3.285231829635164
643.47216796875,111.27618408203125,-7.021324634552002,0.18780289590358734,307.1799621582031,105.53224182128906,-6.21848201751709,0.3730972707271576,260.22027587890625,102.82522583007812,-6.038352966308594,0.4291294813156128,42.47355270385742,9,1.8369330167770386,0.657823383808136,48.62339782714844,38.54062411247409,1365.452689105034,44.94304072044706,3.3169606075917635,0.3691790997982025,0.3687697947025299,-52.18428421020508,0,6.561653137207031,0.00047857838217169046,-120.24855041503906,11.021597862243652,44.94304072044706,3.3169606075917635
1328.8770751953125,141.4860382080078,-7.808712005615234,0.11562682688236237,972.3823852539062,105.88037872314453,-7.469592571258545,0.11825192719697952,1169.0924072265625,148.24537658691406,-7.66962194442749,0.13770894706249237,64.38430786132812,22,2.3686463832855225,1.0649484395980835,22.233415603637695,1848.1024865180063,1366.8201272548417,44.942950168180055,3.185166099652746,0.2843194603919983,0.28267598152160645,33.66219711303711,3,9.508906364440918,0.0006935530109331012,-204.77857971191406,14.211877822875977,44.942950168180055,3.1851660996527458
2624.87548828125,223.96310424804688,-8.547771453857422,0.09266112744808197,895.5078125,105.90689086914062,-7.380173206329346,0.12843537330627441,1168.8209228515625,263.13641357421875,-7.669370174407959,0.24449095129966736,47.065956115722656,28,2.422412157058716,1.5470832586288452,53.63034439086914,106.06283506286094,1374.7230473884554,44.943711324042155,3.312043776503984,0.3357970416545868,0.3351821005344391,44.98981475830078,0,11.600811004638672,0.0008461088873445988,1744.4056396484375,14.534473419189453,44.94371132404216,3.3120437765039723
14246.87890625,186.7443084716797,-10.384299278259277,0.014235000126063824,11611.5673828125,118.90216827392578,-10.162226676940918,0.011120613664388657,13767.8896484375,193.37742614746094,-10.34716796875,0.015253455378115177,680.6231079101562,99,2.0830419063568115,1.932795763015747,-87.70071411132812,1921.5526336043438,1393.243567309471,44.94487611987381,3.179815222595133,0.0236221794039011,0.02348601631820202,-89.12122344970703,0,3.928581953048706,0.00028654205380007625,13654.111328125,12.498250961303711,44.94487611987381,3.179815222595133
2235.65869140625,161.65817260742188,-8.373514175415039,0.0785275399684906,1613.12158203125,106.8537826538086,-8.01916790008545,0.07193704694509506,1963.700439453125,166.97088623046875,-8.232687950134277,0.09234116226434708,93.0420913696289,36,2.0921854972839355,1.5705183744430542,-76.67959594726562,1649.093270661647,1390.6677445431849,44.94471293788057,3.1996631084978358,0.18923541903495789,0.18913210928440094,-85.12202453613281,0,9.3360013961792,0.000680932542309165,1704.9263916015625,12.553112983703613,44.94471293788057,3.199663108497848
1023.5745239257812,136.4110107421875,-7.525298595428467,0.14473040401935577,554.0614013671875,105.68036651611328,-6.8588948249816895,0.20714107155799866,490.97076416015625,154.86363220214844,-6.727639198303223,0.34254974126815796,64.51571655273438,16,1.773127555847168,1.5885497331619263,-45.40547561645508,256.58767288224874,1383.5435751411205,44.9443395420816,3.3010824382105275,0.3363579213619232,0.3348838686943054,-54.2613639831543,0,10.051054954528809,0.0007330714142881334,-416.9053649902344,10.638765335083008,44.9443395420816,3.3010824382105275
691.3208618164062,110.71031951904297,-7.099199295043945,0.17391549050807953,332.5787048339844,105.149169921875,-6.304736137390137,0.3433533012866974,497.9281921386719,182.13967895507812,-6.742916584014893,0.39725345373153687,49.09798049926758,6,1.143437385559082,0.6577759385108948,24.583255767822266,1281.9561735405723,1374.7760839240573,44.94358676606188,3.226405510081736,0.43951237201690674,0.4387417435646057,15.442858695983887,2,4.894637584686279,0.00035698918509297073,555.2977905273438,6.860624313354492,44.94358676606188,3.226405510081748
1109.2086181640625,137.24539184570312,-7.612533092498779,0.1343737244606018,762.2150268554688,105.90319061279297,-7.205193519592285,0.1508903205394745,936.7029418945312,147.29380798339844,-7.429004669189453,0.1707703322172165,53.29835891723633,18,1.9648834466934204,1.2659575939178467,-12.845947265625,639.4790723758232,1387.963672367392,44.944619932375026,3.2731984748663177,0.3409443497657776,0.3399389982223511,-0.8490992784500122,0,9.442289352416992,0.0006886646151542664,446.445556640625,11.789300918579102,44.944619932375026,3.273198474866317
51829.50390625,337.445556640625,-11.786442756652832,0.007070603780448437,23529.009765625,131.50770568847656,-10.929009437561035,0.006069841794669628,50432.4453125,357.7480773925781,-11.75677490234375,0.0077036600559949875,825.4142456054688,329,4.329269886016846,3.134874105453491,51.94506072998047,707.5842348703543,1442.6837777250346,44.94861566996925,3.268239332232584,0.022297188639640808,0.021909208968281746,68.48078918457031,2,8.958778381347656,0.0006533990381285548,49929.59765625,25.97562026977539,44.94861566996925,3.2682393322325844
5090.41162109375,199.43716430664062,-9.266881942749023,0.04254837706685066,3328.12841796875,108.94735717773438,-8.805500030517578,0.0355505608022213,4448.5419921875,205.21482849121094,-9.12054443359375,0.050098054111003876,149.6522216796875,72,2.636723279953003,1.8605421781539917,72.4510498046875,16.026595694629847,1415.8012004863929,44.94672748089515,3.31860118637742,0.09400857985019684,0.09350494295358658,84.23292541503906,16,7.987036228179932,0.0005825380212627351,155.96336364746094,15.82033920288086,44.94672748089515,3.31860118637742
2903.639404296875,186.5444793701172,-8.657356262207031,0.06977013498544693,1891.93896484375,107.61101531982422,-8.192267417907715,0.06177026033401489,2513.59716796875,184.8074188232422,-8.500739097595215,0.07984606921672821,89.47559356689453,47,2.0916390419006348,1.9015506505966187,12.762711524963379,189.7076812815381,1408.7611736587596,44.946192327449666,3.305953311935669,0.18508821725845337,0.18463777005672455,43.75055694580078,0,8.642925262451172,0.0006303705740720034,1787.9500732421875,12.549834251403809,44.946192327449666,3.305953311935669
5359.46533203125,93.71259307861328,-9.322803497314453,0.018989184871315956,2896.629638671875,108.61589813232422,-8.654732704162598,0.040722109377384186,5073.3671875,145.85821533203125,-9.263240814208984,0.0312222670763731,515.6345825195312,18,4.324469566345215,0.3799273669719696,14.033501625061035,1572.3436557522284,1404.189379028948,44.94570933447411,3.205253838690024,0.12838929891586304,0.008418463170528412,15.0946683883667,19,7.662868976593018,0.0005588981439359486,1331.3626708984375,25.94681739807129,44.94570933447411,3.2052538386900125
1510.4178466796875,151.24456787109375,-7.947742938995361,0.10874580591917038,1063.105224609375,106.32515716552734,-7.566440582275391,0.10861494392156601,957.6829223632812,152.42312622070312,-7.453054428100586,0.17284584045410156,75.15789794921875,25,1.728377342224121,1.5609461069107056,29.42203140258789,630.0599094322415,1413.5934801243784,44.946496060907485,3.273884843192194,0.22157877683639526,0.2211049497127533,59.85421371459961,0,9.616153717041016,0.0007013447466306388,582.2406616210938,10.370264053344727,44.946496060907485,3.273884843192194
633.5926513671875,110.28853607177734,-7.004525184631348,0.18903841078281403,465.6491394042969,105.48503875732422,-6.670146942138672,0.24601516127586365,520.0916748046875,155.5936279296875,-6.7901997566223145,0.3248940408229828,39.501678466796875,9,1.3685739040374756,0.6167529821395874,39.51111602783203,652.4067424552107,1408.1486116676415,44.94609523280703,3.2722572932647567,0.43985849618911743,0.4390115439891815,42.93321228027344,0,5.470388889312744,0.0003989774559158832,643.3765258789062,8.211442947387695,44.94609523280703,3.2722572932647567
1529.8565673828125,55.50934600830078,-7.961627006530762,0.03940444439649582,2448.952880859375,107.77720642089844,-8.472451210021973,0.04779432713985443,3802.4140625,110.3661880493164,-8.950148582458496,0.03152146935462952,298.827392578125,9,1.449602723121643,0.3645531237125397,3.537057876586914,1580.419393904127,1405.96474632425,44.94583840722182,3.2046655806208975,0.1319468766450882,0.1274571716785431,13.517988204956055,3,4.307040691375732,0.0003141380148008466,3562.86669921875,8.697616577148438,44.94583840722182,3.2046655806209094
3065.08154296875,90.88713836669922,-8.716105461120605,0.032202545553445816,2977.05712890625,108.4331283569336,-8.684468269348145,0.039555296301841736,4140.515625,122.94751739501953,-9.042635917663574,0.03224743530154228,448.72747802734375,23,2.7587990760803223,0.580209493637085,8.294867515563965,1587.6361790345816,1407.767919503553,44.94596959773054,3.204139889776871,0.0856119692325592,0.08236149698495865,12.232261657714844,19,7.562727451324463,0.0005515948869287968,2688.27685546875,16.55279541015625,44.94596959773054,3.204139889776871
1705.5927734375,180.1531524658203,-8.07968807220459,0.11470869928598404,565.973876953125,105.69550323486328,-6.881990909576416,0.20281025767326355,509.31732177734375,140.04055786132812,-6.7674713134765625,0.29860371351242065,40.62100601196289,16,1.8068066835403442,1.2619878053665161,-79.27985382080078,380.94953685095265,1416.2525321083228,44.94671861351222,3.2920265813071237,0.3678187131881714,0.3671587407588959,-81.06190490722656,1,9.038000106811523,0.0006591805722564459,-241.12213134765625,10.840840339660645,44.94671861351221,3.292026581307136
10580.154296875,349.9483947753906,-10.061229705810547,0.03592045605182648,3243.5576171875,108.84307861328125,-8.77755355834961,0.03644257411360741,8509.8271484375,328.2595520019531,-9.824801445007324,0.04189155250787735,117.74093627929688,166,3.7585103511810303,3.3273372650146484,-0.2923755943775177,1959.8719653377905,1441.0432357553757,44.94836864604833,3.1770233889434722,0.14311282336711884,0.14297308027744293,23.995223999023438,0,13.108951568603516,0.0009561445913277566,7612.92578125,22.551061630249023,44.94836864604833,3.1770233889434722
5681.7978515625,230.71035766601562,-9.386214256286621,0.044097211211919785,3104.601318359375,108.83248901367188,-8.73001480102539,0.03806997090578079,4888.13037109375,225.31085205078125,-9.222856521606445,0.05005750060081482,113.8538818359375,86,2.6112349033355713,2.280457019805908,-9.808362007141113,482.72890204356645,1434.053495697405,44.94800946920238,3.2846148055412647,0.12329395115375519,0.12289036065340042,-2.046642780303955,0,8.652938842773438,0.0006310943863354623,3323.112060546875,15.667409896850586,44.94800946920238,3.284614805541265
2078.940673828125,162.4622344970703,-8.294605255126953,0.08486725389957428,1517.31103515625,106.7743148803711,-7.952686786651611,0.07642263174057007,1906.5631103515625,170.812255859375,-8.200628280639648,0.09729660302400589,91.72479248046875,34,2.005092144012451,1.6687148809432983,-29.8306884765625,297.5885739815511,1427.5590906390335,44.94755537124139,3.2980974785113286,0.21248967945575714,0.2120431661605835,-40.141658782958984,0,8.7848539352417,0.0006407187902368605,1168.6690673828125,12.030552864074707,44.94755537124139,3.298097478511316
608.0302734375,98.94288635253906,-6.959813117980957,0.17672142386436462,590.8507690429688,105.68569946289062,-6.928694725036621,0.19425322115421295,593.0263671875,100.02975463867188,-6.932684898376465,0.18318293988704681,53.32156753540039,10,1.369175672531128,0.6290645003318787,27.013072967529297,1815.7286904336029,1412.9685129404586,44.94632840196548,3.1875243336309076,0.3000684976577759,0.2985735833644867,36.430824279785156,0,5.526849269866943,0.00040311296470463276,270.0555419921875,8.21505355834961,44.94632840196548,3.18752433363092
58669.16015625,256.5788879394531,-11.921024322509766,0.004749423358589411,47193.75,154.010498046875,-11.684711456298828,0.003544015809893608,57027.6015625,236.2098388671875,-11.890213012695312,0.004498241003602743,2759.060302734375,190,2.2480692863464355,2.1597836017608643,62.0974235534668,1134.0730625948436,1451.2038312870575,44.949192735072565,3.2371773520299856,0.007691845763474703,0.0075903395190835,80.63910675048828,0,3.963322162628174,0.0002890627074521035,58572.2578125,13.488415718078613,44.949192735072565,3.2371773520299856
2454.6611328125,174.61781311035156,-8.47497844696045,0.07725504040718079,1706.645751953125,106.7664794921875,-8.080358505249023,0.06793934851884842,1948.5653076171875,165.6429443359375,-8.224287033081055,0.09231830388307571,103.4921875,40,1.9223363399505615,1.6680140495300293,-34.6610221862793,1146.0394193739314,1431.5590139064775,44.947754453694955,3.2363056012317393,0.1712355613708496,0.17088603973388672,26.15424919128418,0,6.725526332855225,0.0004905226523987949,1635.371826171875,11.534017562866211,44.947754453694955,3.2363056012317513
4615.0283203125,204.2362823486328,-9.160435676574707,0.04806050658226013,2905.26953125,108.38459014892578,-8.657965660095215,0.040514543652534485,4415.59130859375,201.96876525878906,-9.112472534179688,0.049673546105623245,127.1840591430664,69,2.379556655883789,1.9674968719482422,-87.2257080078125,1911.3262284122072,1444.391562049818,44.94861790345529,3.180559996581936,0.11729525029659271,0.116859070956707,89.63104248046875,2,7.507899761199951,0.0005476110382005572,4051.79345703125,14.277339935302734,44.948617903455286,3.180559996581949
1154.8262939453125,145.13211059570312,-7.656291484832764,0.13648240268230438,778.9439697265625,105.96570587158203,-7.228765487670898,0.14773687720298767,853.490966796875,133.98976135253906,-7.327997207641602,0.17049141228199005,48.07444381713867,18,1.5302759408950806,1.3806953430175781,-32.71990203857422,574.9673803973035,1431.109615929971,44.94778370361874,3.2778973591953644,0.3350381553173065,0.33428090810775757,-79.28726196289062,0,8.697966575622559,0.0006343776476569474,357.331787109375,9.181655883789062,44.94778370361874,3.277897359195377
1255.114013671875,118.41098022460938,-7.746707916259766,0.10245628654956818,1116.1982421875,106.18631744384766,-7.619353294372559,0.10331349074840546,1161.62255859375,121.46509552001953,-7.662662506103516,0.11355762183666229,84.78956604003906,20,1.3104475736618042,1.1678731441497803,78.71907806396484,1194.9609521265702,1432.4495900877096,44.94781448396292,3.2327423643146966,0.17973947525024414,0.17943355441093445,58.00205993652344,0,5.333315372467041,0.0003889831423293799,1130.4844970703125,7.862685203552246,44.94781448396292,3.2327423643146966
45370.36328125,407.396484375,-11.64193058013916,0.0097515769302845,18796.78515625,126.7911605834961,-10.685209274291992,0.00732546579092741,43156.3671875,400.7525634765625,-11.58761215209961,0.010084659792482853,663.3131103515625,406,4.37153959274292,4.035255432128906,-31.172117233276367,108.56940366991569,1489.6343641835138,44.95211917482038,3.311863706918346,0.029265308752655983,0.029153766110539436,-47.581878662109375,0,6.60097599029541,0.00048144033644348383,44635.46875,26.229236602783203,44.95211917482038,3.311863706918346
2542.682861328125,187.26873779296875,-8.513230323791504,0.07998396456241608,1597.7406005859375,106.99817657470703,-8.00876522064209,0.07272771745920181,2153.393310546875,192.66673278808594,-8.332808494567871,0.09716574847698212,84.60478973388672,42,2.171877861022949,1.77422034740448,-37.105098724365234,501.55974504315253,1449.4432714318607,44.94913329237672,3.283243698850402,0.21572843194007874,0.21526196599006653,-72.37983703613281,0,8.665889739990234,0.000632038398180157,2022.4837646484375,13.031267166137695,44.94913329237673,3.2832436988503892
2535.8974609375,193.5478515625,-8.510329246520996,0.08288701623678207,1436.01220703125,106.54888153076172,-7.892895221710205,0.0805787593126297,1909.2823486328125,191.3564453125,-8.20217514038086,0.10884356498718262,71.09805297851562,42,2.3626182079315186,1.8230963945388794,22.118698120117188,68.90856506902321,1451.236266738998,44.949314199879936,3.314751040448767,0.21295228600502014,0.21252185106277466,23.655597686767578,0,10.484668731689453,0.0007646998856216669,1328.729248046875,14.175708770751953,44.94931419987994,3.3147510404487543
2889.31787109375,179.33584594726562,-8.65198802947998,0.06740647554397583,2007.9293212890625,107.4709701538086,-8.256871223449707,0.058126285672187805,2576.813232421875,172.61068725585938,-8.52770709991455,0.07274691015481949,103.46817779541016,46,2.103943347930908,1.640350103378296,52.47604751586914,1874.1682529337209,1456.88033054238,44.9495346925852,3.1832669275792274,0.15182805061340332,0.15159879624843597,-74.70573425292969,0,7.147779941558838,0.0005213433178141713,2113.759033203125,12.62366008758545,44.9495346925852,3.183266927579215
2234.075439453125,180.55006408691406,-8.3727445602417,0.08776667714118958,1221.380615234375,106.68904876708984,-7.717127323150635,0.0948633924126625,1550.5762939453125,184.69972229003906,-7.976233005523682,0.1293608695268631,69.42548370361328,20,3.3589351177215576,1.1816426515579224,-71.3669204711914,427.8146341308082,1464.174924890149,44.950219483453516,3.288614516473462,0.24936692416667938,0.24884791672229767,61.96369934082031,2,11.939778327941895,0.0008708169916644692,-345.2212829589844,20.153610229492188,44.950219483453516,3.2886145164734617
3694.3115234375,69.03562927246094,-8.91883373260498,0.02029409073293209,3628.65234375,109.31710052490234,-8.89936351776123,0.03271692991256714,4150.1337890625,78.40431213378906,-9.04515552520752,0.020516708493232727,585.028076171875,14,2.167076349258423,0.2925601303577423,89.42447662353516,707.0075173154784,1459.5272935557755,44.94984797255433,3.2682815860635754,0.054902710020542145,0.051035232841968536,89.0910873413086,3,4.7280192375183105,0.00034483292256481946,4695.927734375,13.002458572387695,44.94984797255433,3.2682815860635754
657.0751953125,112.5299301147461,-7.044037818908691,0.18598708510398865,163.73020935058594,105.05838012695312,-5.535322189331055,0.6968377828598022,95.1513671875,107.8089828491211,-4.946037769317627,1.230466365814209,40.331947326660156,9,1.5167165994644165,0.9272589087486267,-3.611443519592285,1024.6051657054343,1451.6185875889478,44.949234709376235,3.245150413546762,0.4541144073009491,0.4505162537097931,34.30447769165039,0,7.0846357345581055,0.0005167123745195568,-483.0863037109375,9.100299835205078,44.949234709376235,3.245150413546762
2814.01318359375,149.18849182128906,-8.62331485748291,0.05757567286491394,2320.5625,107.94197082519531,-8.413983345031738,0.05051576346158981,2459.08642578125,147.93739318847656,-8.476934432983398,0.06533320993185043,145.83181762695312,40,1.8592963218688965,1.3929827213287354,56.4112434387207,1920.51355945529,1463.831310891199,44.95003884968737,3.1798906061637937,0.09680479019880295,0.09628044813871384,61.77145767211914,0,5.2876667976379395,0.0003856726107187569,2346.387451171875,11.155777931213379,44.95003884968737,3.1798906061637937
8491.7236328125,280.32440185546875,-9.822489738464355,0.03585047274827957,3785.2109375,109.7088623046875,-8.94522476196289,0.03147614002227783,7579.99658203125,268.02557373046875,-9.699172973632812,0.03840051591396332,146.79510498046875,119,3.4880473613739014,2.3995471000671387,-74.50943756103516,1411.0265370290265,1487.1079277039723,44.951790363990725,3.2170047808267515,0.11688755452632904,0.11655125766992569,-83.4818344116211,2,10.524740219116211,0.0007676263339817524,5308.31005859375,20.92828369140625,44.951790363990725,3.2170047808267515
15651.1103515625,197.1015167236328,-10.48636245727539,0.01367648970335722,12448.494140625,119.62423706054688,-10.237792015075684,0.010435954667627811,14928.8037109375,201.9158172607422,-10.435062408447266,0.014688422903418541,740.5926513671875,110,2.175374746322632,2.008822441101074,57.70536422729492,1106.1116272676975,1478.7453496487005,44.95121036537726,3.239214196049232,0.021807944402098656,0.021657709032297134,-86.34313201904297,0,4.077367782592773,0.0002973803784698248,14835.34375,13.052248001098633,44.95121036537726,3.239214196049232
4202.88818359375,80.09270477294922,-9.058869361877441,0.020695453509688377,4194.87841796875,110.0103759765625,-9.056798934936523,0.028480269014835358,4167.01513671875,86.39827728271484,-9.049562454223633,0.022516964003443718,854.4523315429688,19,1.06889808177948,0.7052980065345764,-78.09607696533203,706.9450295186307,1465.914808106074,44.95031527636185,3.2682862332394826,0.02027982473373413,0.01949315145611763,-80.89002990722656,3,2.4746663570404053,0.0001804870698833838,4099.54052734375,6.413388252258301,44.95031527636184,3.2682862332394946
2300.57275390625,69.3854751586914,-8.404589653015137,0.03275385499000549,1987.8658447265625,107.03782653808594,-8.245967864990234,0.058476317673921585,4577.16259765625,125.18378448486328,-9.151491165161133,0.02970171719789505,311.1775817871094,14,2.6501498222351074,0.44606754183769226,84.85668182373047,816.168260805328,1476.576671687768,44.951083152914485,3.260331657707497,0.07456976920366287,0.017720889300107956,85.55316162109375,3,6.48921012878418,0.0004732836678158492,2659.0048828125,15.900898933410645,44.951083152914485,3.260331657707498
5343.39599609375,168.93136596679688,-9.319543838500977,0.03433386981487274,4143.365234375,110.22576141357422,-9.04338264465332,0.028890810906887054,4737.92626953125,162.59185791015625,-9.188970565795898,0.03726836293935776,246.5916290283203,54,1.8591804504394531,1.594874620437622,26.132816314697266,154.6927196672636,1474.5123249526096,44.95100732644891,3.3085045636942767,0.057793717831373215,0.05748380720615387,67.50154113769531,0,4.943524360656738,0.00036055422970093787,4465.640625,11.155082702636719,44.95100732644892,3.308504563694265
6785.8056640625,121.97698974609375,-9.57900333404541,0.019521191716194153,4093.805419921875,110.00635528564453,-9.030318260192871,0.02918235957622528,6449.50146484375,185.88783264160156,-9.523815155029297,0.03130074217915535,747.2698364257812,33,3.405108690261841,0.6487496495246887,-89.75037384033203,816.8403280523208,1482.2748494323369,44.951499931890176,3.260282788882089,0.06187621131539345,0.05950823053717613,85.5663833618164,3,7.61895227432251,0.0005556801334023476,4891.67041015625,20.430652618408203,44.951499931890176,3.2602827888820896
2844.4423828125,198.4932098388672,-8.634992599487305,0.07578413933515549,1623.68408203125,106.74412536621094,-8.026253700256348,0.07139573991298676,2542.93798828125,200.71995544433594,-8.513339042663574,0.0857204794883728,74.28083801269531,47,2.8089821338653564,1.656996726989746,25.310731887817383,383.73807982550096,1479.5407978640244,44.95134875339925,3.291824695311166,0.23687559366226196,0.23572328686714172,21.14201545715332,2,12.933011054992676,0.0009432576480321586,1116.5155029296875,16.853893280029297,44.95134875339926,3.291824695311154
966.0466918945312,119.06498718261719,-7.46249532699585,0.13384920358657837,847.43017578125,105.88725280761719,-7.3202595710754395,0.13569679856300354,879.725341796875,127.317626953125,-7.360867977142334,0.15717057883739471,54.27680969238281,16,1.3971490859985352,1.1647459268569946,-79.56423950195312,586.8800648755091,1471.4444643465804,44.950733281390384,3.2770304575772093,0.27751415967941284,0.277396559715271,-54.73970413208008,0,6.207071304321289,0.0004527060082182288,811.0078125,8.382894515991211,44.950733281390384,3.2770304575772213
710.1280517578125,114.18364715576172,-7.1283416748046875,0.17462123930454254,304.373291015625,105.65300750732422,-6.208516597747803,0.3769685626029968,239.5353240966797,72.91020965576172,-5.948423862457275,0.330558717250824,44.521148681640625,8,1.3424392938613892,0.4423147439956665,-52.941505432128906,1732.1242533295965,1468.7219424522793,44.95041402409052,3.193614636378058,0.2864912450313568,0.2854194939136505,-74.47993469238281,2,4.572166919708252,0.00033347998396493495,191.77810668945312,8.054636001586914,44.95041402409052,3.193614636378058
1096.79345703125,119.40780639648438,-7.600312232971191,0.11823272705078125,1065.2552490234375,106.24552154541016,-7.568634033203125,0.10831454396247864,1143.5548095703125,122.34268951416016,-7.645642280578613,0.11618521809577942,60.84941101074219,18,1.4301568269729614,1.1720397472381592,-66.47737884521484,1542.7890878207845,1474.7829627212695,44.950875673624495,3.207406842599445,0.2342260777950287,0.23388861119747162,-54.84290313720703,0,6.863781452178955,0.000500616617500782,715.4121704101562,8.580941200256348,44.9508756736245,3.2074068425994327
2500.338134765625,209.52618408203125,-8.494997024536133,0.09100586175918579,688.0386352539062,106.01570129394531,-7.094032287597656,0.1673351526260376,1912.737060546875,353.5812683105469,-8.204137802124023,0.2007538080215454,59.90776443481445,40,5.925224304199219,2.4878435134887695,64.33779907226562,48.882231052135175,1498.5508035329685,44.95277858815617,3.3162104508540096,0.32431620359420776,0.3241521716117859,53.80947494506836,18,23.03942108154297,0.001680377870798111,-354.1698303222656,35.55134582519531,44.952778588156164,3.316210450854034
562.5462646484375,99.37931060791016,-6.875395774841309,0.19185253977775574,308.3987731933594,105.4923095703125,-6.222781658172607,0.3714821934700012,444.171142578125,101.99808502197266,-6.618875980377197,0.24938566982746124,40.4615478515625,9,1.6917201280593872,0.7171064019203186,57.06404113769531,389.52963099831646,1479.9700615712734,44.95137949503497,3.2914029325400795,0.40772688388824463,0.4066922068595886,35.934288024902344,3,6.574728965759277,0.00047952192835509777,64.17030334472656,10.150321006774902,44.95137949503497,3.2914029325400915
1289.4453125,126.34989166259766,-7.776007175445557,0.10641473531723022,952.437744140625,105.97904205322266,-7.447091579437256,0.12084069848060608,895.267578125,129.88609313964844,-7.379882335662842,0.15755769610404968,72.75906372070312,21,1.4910967350006104,1.2935600280761719,-84.54225158691406,807.6928242465965,1483.2499684871254,44.95157227788824,3.260949023349714,0.17155228555202484,0.17124827206134796,89.3767318725586,0,6.678043842315674,0.00048705594963394105,600.0250854492188,8.94658088684082,44.95157227788824,3.260949023349714
2784.519775390625,55.8503303527832,-8.611875534057617,0.021782375872135162,2790.80517578125,108.32352447509766,-8.614323616027832,0.04215247184038162,2850.270751953125,65.31815338134766,-8.637215614318848,0.024887289851903915,834.38671875,9,0.8104768395423889,0.5239787697792053,73.92989349365234,816.7743141014124,1478.7911194654525,44.951245085182684,3.260287548761166,0.019472965970635414,0.01913335733115673,64.98307800292969,3,1.8217697143554688,0.00013286883768159896,2757.16943359375,4.862861156463623,44.95124508518268,3.2602875487611778
543.4022827148438,89.5260238647461,-6.837803840637207,0.1789194941520691,465.6316223144531,105.52649688720703,-6.670106410980225,0.2461211085319519,524.4420776367188,118.9328842163086,-6.799243927001953,0.2462828904390335,59.03659439086914,9,1.2543582916259766,0.8808240294456482,56.23842239379883,974.6679318383303,1482.4436611856327,44.951495014985014,3.2487878644150534,0.33969825506210327,0.33861544728279114,36.771541595458984,0,6.270936012268066,0.00045736526953987777,630.694580078125,7.526149749755859,44.95149501498501,3.2487878644150534
1088.08837890625,129.01376342773438,-7.591660499572754,0.12876614928245544,901.4212036132812,105.99699401855469,-7.387319564819336,0.12770138680934906,857.1878051757812,126.43144226074219,-7.3326897621154785,0.1601802408695221,56.53712463378906,18,1.7454968690872192,1.0938189029693604,54.09782028198242,1820.076164029608,1486.5190967373858,44.95170742771991,3.1872074462177244,0.24559935927391052,0.2455243617296219,72.82805633544922,0,6.9261860847473145,0.000505179341416806,355.4479064941406,10.472981452941895,44.95170742771991,3.1872074462177244
920.9171752929688,133.03701782226562,-7.41055154800415,0.15688511729240417,632.5537109375,105.7386703491211,-7.002743721008301,0.1815374493598938,824.538818359375,207.10011291503906,-7.290527820587158,0.27277153730392456,50.0994758605957,13,2.218108654022217,1.1529923677444458,-10.92544937133789,985.3382367613927,1487.513878807278,44.951864758077356,3.2480107670176097,0.44842690229415894,0.4472832679748535,-18.187366485595703,0,9.57496452331543,0.000698341871611774,503.0091552734375,13.3086519241333,44.951864758077356,3.2480107670176217
1278.8538818359375,144.10650634765625,-7.767052173614502,0.12237493693828583,921.3345947265625,105.89830780029297,-7.411043643951416,0.12482497096061707,840.1602172851562,147.9471435546875,-7.310905456542969,0.19123804569244385,55.79651641845703,21,1.685150146484375,1.5604181289672852,16.212779998779297,1381.0018002067527,1492.588544810463,44.952194300361455,3.2191918383313327,0.25247398018836975,0.2516847848892212,-10.034603118896484,2,9.709675788879395,0.0007081782096065581,244.26678466796875,10.11090087890625,44.952194300361455,3.2191918383313327
731.8582153320312,118.7645492553711,-7.161067485809326,0.17623400688171387,249.8924560546875,105.0851821899414,-5.994382858276367,0.45668649673461914,-18.184873580932617,142.65289306640625,99.0,99.0,37.88974380493164,10,1.7781072854995728,1.3763593435287476,43.99764633178711,355.8141168473112,1492.6350754411399,44.95230999840835,3.2938585130887574,0.30340576171875,0.2141386717557907,42.55112838745117,0,9.3653564453125,0.0006830538040958345,-287.3323669433594,10.668643951416016,44.95230999840835,3.2938585130887694
1937.798583984375,148.34005737304688,-8.218271255493164,0.08313418179750443,1368.9266357421875,106.4231948852539,-7.8409504890441895,0.08442789316177368,1952.0482177734375,224.04315185546875,-8.226226806640625,0.12464387714862823,73.08873748779297,18,2.4008562564849854,0.7232879996299744,2.3750550746917725,48.48739221730037,1500.4546376759681,44.95291793927161,3.3162392470401247,0.20380735397338867,0.20246364176273346,35.302791595458984,3,7.879752159118652,0.0005747085670009255,2053.4013671875,14.40513801574707,44.95291793927161,3.316239247040125
1020.5221557617188,135.96078491210938,-7.5220561027526855,0.14468418061733246,501.98199462890625,105.82115936279297,-6.751720428466797,0.2289360612630844,491.5443115234375,105.22726440429688,-6.728906631469727,0.23248526453971863,52.98804473876953,11,1.3365508317947388,1.0545036792755127,-62.646820068359375,860.0316312872254,1588.240326044184,44.959246959053026,3.2571385508123267,0.29507118463516235,0.2940201461315155,-64.2134017944336,0,4.732193946838379,0.0003451374068390578,162.1524658203125,8.019305229187012,44.959246959053026,3.2571385508123387
579.6724853515625,103.04181671142578,-6.907956600189209,0.19304592907428741,490.22930908203125,105.51631927490234,-6.7259979248046875,0.23374924063682556,494.0772705078125,110.30655670166016,-6.734487056732178,0.24245786666870117,42.767417907714844,9,1.8522170782089233,0.7434020042419434,-49.40153121948242,879.8307605916903,1504.3576126308142,44.95310844727578,3.255695392466392,0.5501238107681274,0.5493390560150146,-50.1726188659668,0,7.009331226348877,0.0005112184444442391,-275.1217041015625,11.113302230834961,44.95310844727578,3.2556953924664045
2615.6416015625,205.46572875976562,-8.5439453125,0.08530823886394501,1343.0247802734375,106.51383972167969,-7.820209980010986,0.08612948656082153,1709.1671142578125,171.2969207763672,-8.081961631774902,0.10884158313274384,64.4354019165039,32,2.1113028526306152,1.589607834815979,-81.93077850341797,1128.9900761751735,1517.3190781428589,44.95402959042699,3.23754819187681,0.2277992218732834,0.22749941051006317,52.742305755615234,2,10.873952865600586,0.0007930861902423203,1553.1397705078125,12.667817115783691,44.95402959042699,3.23754819187681
606.6273193359375,98.08597564697266,-6.957304954528809,0.17559605836868286,523.1429443359375,105.59964752197266,-6.796550750732422,0.21921582520008087,531.4627075195312,126.08505249023438,-6.8136820793151855,0.2576443552970886,57.32523727416992,10,1.678347110748291,0.9088367819786072,66.47858428955078,582.4381504317214,1507.5649662579503,44.95337635202297,3.2773545601944596,0.43032804131507874,0.4295130968093872,40.58668899536133,0,7.381021499633789,0.0005383262177929282,205.39305114746094,10.070082664489746,44.95337635202297,3.2773545601944596
1287.427734375,153.51608276367188,-7.7743072509765625,0.12949733436107635,764.6195068359375,105.78219604492188,-7.208613395690918,0.15024396777153015,781.9169921875,138.73330688476562,-7.232901573181152,0.19268588721752167,49.68320846557617,15,1.9906054735183716,1.1223167181015015,-81.34428405761719,1599.4357655087417,1510.1515493037057,44.95345704016829,3.203280525819639,0.4181622266769409,0.41619762778282166,-79.3056640625,2,8.945649147033691,0.0006524633499793708,-350.8516540527344,11.943633079528809,44.95345704016829,3.2032805258196384
4700.111328125,229.80030822753906,-9.180270195007324,0.053097281605005264,2521.897216796875,108.27299499511719,-8.504318237304688,0.04662540182471275,4613.66845703125,239.28172302246094,-9.160116195678711,0.056323934346437454,96.8165512084961,75,2.7988555431365967,2.375127077102661,29.477951049804688,1346.7011381487455,1528.3653787463484,44.95481473819664,3.2216905277947623,0.1705692559480667,0.17023447155952454,28.83139419555664,0,11.649923324584961,0.0008496900554746389,3734.4814453125,16.793132781982422,44.95481473819663,3.221690527794774
2298.234375,188.18325805664062,-8.403486251831055,0.08892349153757095,1233.3707275390625,106.49887084960938,-7.727734088897705,0.0937737226486206,1883.06298828125,180.14646911621094,-8.187162399291992,0.10389406234025955,61.515838623046875,30,2.2339441776275635,1.7158499956130981,78.53121185302734,1675.8093893444902,1527.8996593758197,44.95474770612149,3.1977170126053713,0.3155076205730438,0.3151366412639618,53.621944427490234,2,11.732789039611816,0.0008557530818507075,581.680419921875,13.403665542602539,44.95474770612149,3.197717012605371
1520.6917724609375,141.5323486328125,-7.955102920532227,0.10107513517141342,1154.9901123046875,106.56439971923828,-7.656445503234863,0.10019907355308533,1358.3980712890625,151.336669921875,-7.8325676918029785,0.12098929286003113,80.05801391601562,25,1.678695559501648,1.3236945867538452,29.689228057861328,1717.8644189431827,1519.8310355774233,44.954153509922726,3.194653403776797,0.20359912514686584,0.203146830201149,41.47080993652344,0,6.952733516693115,0.0005071122432127595,1012.1187744140625,10.072173118591309,44.95415350992273,3.194653403776785
905.849365234375,116.38867950439453,-7.392640113830566,0.13953545689582825,771.1393432617188,105.87317657470703,-7.217832088470459,0.14910180866718292,695.3970947265625,115.39356994628906,-7.105582237243652,0.18020986020565033,68.83399200439453,15,1.7046899795532227,0.9330712556838989,-1.249603271484375,1630.6048416320834,1516.574080603603,44.953923741387015,3.201010002695981,0.22482627630233765,0.2247866541147232,47.81378173828125,0,6.879901885986328,0.0005017965449951589,582.6409301757812,10.228139877319336,44.953923741387015,3.201010002695981
851.7283325195312,125.86992645263672,-7.3257527351379395,0.1604910045862198,428.5569152832031,105.60370635986328,-6.580021381378174,0.2676088511943817,435.0904235839844,116.97608184814453,-6.59644889831543,0.2919761538505554,53.02906799316406,13,2.0761547088623047,0.763353705406189,59.54039001464844,265.4383739169098,1527.0388820080627,44.954837636361475,3.3004407910588514,0.36921706795692444,0.3689841330051422,56.22035217285156,0,7.524885177612305,0.0005488211172632873,-420.60064697265625,12.456928253173828,44.954837636361475,3.3004407910588514
1232.355712890625,153.2342071533203,-7.726840019226074,0.13503597676753998,554.657958984375,105.47386932373047,-6.860063076019287,0.20651397109031677,920.2908325195312,213.40562438964844,-7.409812927246094,0.2518317997455597,46.21202087402344,9,1.4659688472747803,0.716217577457428,11.171154022216797,1101.8691916332186,1518.9761927569452,44.95415370709612,3.2395235920426924,0.5430350303649902,0.5414619445800781,76.26151275634766,0,6.111084938049316,0.0004457083996385336,897.5870971679688,8.795812606811523,44.95415370709612,3.2395235920426924
2126.75390625,168.09619140625,-8.319293022155762,0.08583619445562363,1418.3695068359375,106.73185729980469,-7.8794732093811035,0.08172115683555603,1579.506591796875,163.34634399414062,-7.996303558349609,0.11230983585119247,88.7632827758789,35,2.0580484867095947,1.5114656686782837,-13.294705390930176,67.48565193238476,1528.2018135444196,44.95494596599332,3.3148563872621715,0.1747397780418396,0.17387953400611877,9.222339630126953,0,7.809938430786133,0.0005696151056326926,1303.8734130859375,12.348291397094727,44.95494596599332,3.314856387262172
3221.06005859375,175.03158569335938,-8.769996643066406,0.059012964367866516,2202.779052734375,107.59217834472656,-8.357427597045898,0.053044404834508896,2832.300048828125,185.629150390625,-8.630348205566406,0.07117652148008347,115.38082122802734,49,2.5435116291046143,1.5971262454986572,77.69635009765625,68.77779740182488,1542.084991664765,44.955961638277245,3.3147626086402946,0.13014063239097595,0.1296379566192627,55.99473190307617,1,9.7482271194458,0.0007109827711246908,2481.382568359375,15.261070251464844,44.955961638277245,3.3147626086402946
1162.299560546875,138.77947998046875,-7.663295269012451,0.12966924905776978,702.394287109375,105.62034606933594,-7.116452217102051,0.16330386698246002,933.1768798828125,156.64968872070312,-7.424910068511963,0.18230366706848145,58.346092224121094,19,2.9665915966033936,0.9546933770179749,2.473555088043213,387.74300369569625,1524.7270459953559,44.95465427629647,3.2915339059876767,0.38036149740219116,0.37890157103538513,21.93075942993164,19,10.078779220581055,0.0007350852247327566,-601.4195556640625,17.799549102783203,44.95465427629647,3.291533905987689
3306.84814453125,234.55577087402344,-8.798535346984863,0.07703031599521637,1321.2222900390625,106.28067016601562,-7.8024396896362305,0.08735911548137665,2035.2093505859375,241.48260498046875,-8.271522521972656,0.1288565695285797,74.84028625488281,22,2.5189430713653564,1.7665495872497559,47.19855499267578,543.9358865149837,1553.6788734669476,44.956754419224,3.280159408260087,0.26143157482147217,0.2606636881828308,55.44461441040039,2,12.0103178024292,0.0008759574266150594,1750.852294921875,15.113658905029297,44.956754419224,3.2801594082600753
1232.048095703125,144.57623291015625,-7.726569175720215,0.1274380385875702,744.2805786132812,105.88044738769531,-7.179341793060303,0.1544930338859558,887.7433471679688,164.11549377441406,-7.370718479156494,0.20076684653759003,53.49607849121094,20,2.0639302730560303,1.4763524532318115,-29.873279571533203,389.14023626319937,1530.081488715889,44.955045861637046,3.291432255785964,0.33328863978385925,0.33273717761039734,-49.30922317504883,3,10.455982208251953,0.0007625958533026278,729.9721069335938,12.383581161499023,44.955045861637046,3.2914322557859643
1099.2647705078125,134.49566650390625,-7.602755546569824,0.13287271559238434,847.3656616210938,105.88717651367188,-7.32017707824707,0.13570702075958252,1142.317626953125,142.96080017089844,-7.644467353820801,0.13591265678405762,53.27271270751953,18,2.320801019668579,0.914728045463562,-1.1514582633972168,386.9092048186741,1527.6133508234884,44.95486554365817,3.291594684257698,0.32549649477005005,0.3239344656467438,-8.785116195678711,19,8.718779563903809,0.0006358949467539787,633.9968872070312,13.924806594848633,44.95486554365817,3.2915946842576975
2244.51904296875,133.73178100585938,-8.377808570861816,0.064705491065979,1795.8924560546875,107.08319854736328,-8.135701179504395,0.06475463509559631,1718.6661376953125,136.46693420410156,-8.08797836303711,0.08623146265745163,139.1292724609375,32,1.7491178512573242,1.2013165950775146,76.49100494384766,8.611077072775092,1541.0531365132438,44.95589326454713,3.319144054924515,0.09999997168779373,0.09914440661668777,81.15599060058594,17,5.082738876342773,0.00037070841062813997,-1304.283203125,10.494707107543945,44.95589326454713,3.319144054924515
631.8202514648438,110.10360717773438,-7.001483917236328,0.18925084173679352,297.8697509765625,105.31282043457031,-6.185066223144531,0.3839588165283203,230.4104461669922,124.01195526123047,-5.90625524520874,0.584509015083313,44.533870697021484,9,1.4846534729003906,1.225220799446106,17.64328384399414,1951.0341152044468,1531.2419111367217,44.95496629272204,3.177666804834386,0.4178397059440613,0.41600048542022705,66.16471862792969,0,8.066266059875488,0.000588343245908618,-86.17311096191406,8.907920837402344,44.95496629272204,3.177666804834386
38163.0390625,227.76211547851562,-11.454107284545898,0.006481393240392208,30953.53125,138.9444580078125,-11.226775169372559,0.004874845501035452,37189.01171875,218.2270050048828,-11.426036834716797,0.006372703239321709,1834.81884765625,153,2.1946871280670166,2.0389959812164307,-84.68187713623047,1021.0405924286663,1575.3583222580958,44.958286815203046,3.2454114130952694,0.010346822440624237,0.010272602550685406,84.04798889160156,0,3.8955721855163574,0.000284120615106076,37828.59375,13.168123245239258,44.958286815203046,3.2454114130952694
5670.95703125,84.63607025146484,-9.384140968322754,0.0162079818546772,5203.2978515625,111.39163208007812,-9.29069709777832,0.02324896864593029,5456.95166015625,107.38215637207031,-9.342374801635742,0.021370360627770424,820.9298095703125,21,2.4131734371185303,0.48588255047798157,-75.79991149902344,1687.1750266005927,1551.8295988455295,44.956496847391186,3.1968890633688445,0.04743160679936409,0.04412539303302765,-73.43434143066406,0,6.4624199867248535,0.0004713498638011515,4272.35986328125,14.479040145874023,44.956496847391186,3.1968890633688445
6458.43212890625,217.80677795410156,-9.525318145751953,0.03662470355629921,3856.8720703125,109.71678161621094,-8.965588569641113,0.030893538147211075,5877.4765625,221.00340270996094,-9.422977447509766,0.04083549976348877,145.30996704101562,89,2.6580841541290283,2.120668411254883,11.7655668258667,1322.4362881286,1557.1278716019947,44.9569211055104,3.2234581797235773,0.09629678726196289,0.09597013145685196,0.009335704147815704,0,8.029830932617188,0.0005856574280187488,5637.21435546875,15.948505401611328,44.95692110551041,3.2234581797235653
760.752197265625,116.91642761230469,-7.203107833862305,0.16690222918987274,607.0877685546875,105.74771881103516,-6.958128929138184,0.18916872143745422,708.6893920898438,106.53593444824219,-7.1261396408081055,0.16325631737709045,57.91685485839844,12,1.6607736349105835,0.8375257849693298,-73.95259857177734,503.7395475780691,1550.5697899427603,44.956531581899995,3.2830867613714694,0.3636946976184845,0.3630596697330475,-60.978424072265625,0,6.703935146331787,0.0004889432457275689,235.95864868164062,9.964641571044922,44.95653158189999,3.283086761371482
610.5478515625,100.17945861816406,-6.964299201965332,0.17819224298000336,541.2033081054688,105.8295669555664,-6.833401203155518,0.21236181259155273,748.2819213867188,177.45864868164062,-7.1851630210876465,0.25755012035369873,51.979095458984375,10,1.6304173469543457,0.8947046995162964,-67.99935150146484,1917.1221564774326,1551.7840142752289,44.95647177489558,3.180137311457546,0.38617244362831116,0.38502833247184753,-53.680667877197266,0,7.216578006744385,0.0005263671628199518,263.0561218261719,9.782504081726074,44.95647177489559,3.1801373114575338
1227.6583251953125,150.1976776123047,-7.722693920135498,0.1328665167093277,765.0231323242188,105.8240737915039,-7.209186553955078,0.15022414922714233,985.4246826171875,200.76821899414062,-7.484058380126953,0.221259206533432,55.46530532836914,19,1.7495306730270386,1.30190110206604,88.03376770019531,810.7460685368684,1557.651274113122,44.95701476742914,3.2607277063925246,0.3842584490776062,0.3836992084980011,-86.63445281982422,0,9.033108711242676,0.0006588194519281387,840.5394287109375,10.497183799743652,44.957014767429136,3.260727706392549
1147.374267578125,130.90573120117188,-7.64926290512085,0.12390344589948654,794.958251953125,105.98599243164062,-7.250860691070557,0.1447884738445282,1027.541259765625,152.4846649169922,-7.529498100280762,0.16115979850292206,62.831607818603516,19,2.33744478225708,1.102864146232605,85.99567413330078,1321.9647241831774,1567.0876513178905,44.95764966879577,3.223492595950087,0.30601242184638977,0.30489909648895264,-74.17362213134766,1,9.613325119018555,0.0007011501584202051,554.635986328125,14.02466869354248,44.95764966879577,3.223492595950087
924946.5,652.3054809570312,-14.915291786193848,0.0007658862159587443,718649.3125,451.6700439453125,-14.641292572021484,0.0006825494347140193,897030.375,548.8914794921875,-14.882018089294434,0.0006645217072218657,40392.1328125,732,2.7161216735839844,2.6494905948638916,58.640846252441406,1667.649400214512,1652.8374075663012,44.963886447142656,3.1983115494315055,0.0015357468510046601,0.001507360371761024,81.86724853515625,0,4.03306245803833,0.00029416094184853137,921019.8125,16.296730041503906,44.96388644714265,3.198311549431518
313.1754150390625,77.45904541015625,-6.239469051361084,0.26860514283180237,254.64105224609375,105.29925537109375,-6.0148210525512695,0.4490830898284912,179.30886840820312,53.78432846069336,-5.634004592895508,0.32574954628944397,35.43764114379883,4,0.8368189930915833,0.31903260946273804,-58.01533126831055,869.5853727358867,1558.1090401375304,44.957041693934755,3.256442307915842,0.37165912985801697,0.37085363268852234,-44.104515075683594,2,3.021432399749756,0.0002203649637522176,164.77426147460938,5.020914077758789,44.95704169393475,3.256442307915855
36955.76171875,224.0168914794922,-11.419205665588379,0.006583069451153278,30200.580078125,138.3098907470703,-11.200037956237793,0.004973564296960831,36042.2109375,217.01669311523438,-11.39202880859375,0.006539002992212772,1716.7796630859375,148,2.1532816886901855,2.0688962936401367,78.85614013671875,1470.5387415045193,1605.1974539630721,44.960421835020504,3.2126703013177673,0.010548005811870098,0.010423888452351093,84.10800170898438,0,3.911252021789551,0.00028527117683552206,36757.28515625,12.919690132141113,44.960421835020504,3.212670301317767
68656.2890625,649.7085571289062,-12.091700553894043,0.010277041234076023,9885.1904296875,116.5990982055664,-9.987462997436523,0.01280973106622696,65253.54296875,654.0660400390625,-12.036510467529297,0.01088547334074974,279.33929443359375,829,11.059953689575195,4.40720272064209,79.6821517944336,759.1128580822202,1723.8359427464438,44.969177643701556,3.26449084721433,0.0847938135266304,0.0831373780965805,79.6584701538086,0,24.12944221496582,0.0017598483245819807,39422.421875,66.35972595214844,44.969177643701556,3.2644908472143297
2538.888671875,173.43800354003906,-8.511609077453613,0.07418745011091232,1745.694580078125,107.18368530273438,-8.104920387268066,0.06667917966842651,2462.98974609375,170.6090087890625,-8.478656768798828,0.07522621005773544,96.2662353515625,41,2.4011919498443604,1.436355471611023,-34.59807205200195,496.75783055622884,1588.7090521833406,44.959322659097396,3.2835959310780107,0.20349490642547607,0.20236364006996155,-32.360347747802734,0,8.741084098815918,0.0006375193479470909,1364.5811767578125,14.40715217590332,44.959322659097396,3.2835959310780223
1166.80322265625,140.0172576904297,-7.66749382019043,0.13032081723213196,759.4639892578125,105.85836791992188,-7.201267719268799,0.1513727903366089,717.4547729492188,150.0395050048828,-7.139486312866211,0.22711244225502014,47.54953384399414,19,2.1197121143341064,1.275892734527588,-35.00791931152344,392.96388275075077,1590.1422413368828,44.9594396028504,3.2911549809370273,0.3060934841632843,0.3046588897705078,-36.4853401184082,0,9.847869873046875,0.0007182419067248702,-89.06001281738281,12.718273162841797,44.9594396028504,3.2911549809370153
319037.03125,442.04058837890625,-13.759602546691895,0.001504703308455646,250156.625,279.5740661621094,-13.495530128479004,0.0012137094745412469,309125.3125,368.43878173828125,-13.725336074829102,0.0012943764450028539,14849.2236328125,445,2.5628957748413086,2.4626641273498535,19.4465389251709,100.98310882202755,1641.0341407617195,44.96319770927901,3.312419629790043,0.0026783880311995745,0.0026502113323658705,72.54206848144531,0,3.9416072368621826,0.00028747718897648156,318733.0,15.377374649047852,44.963197709279,3.312419629790055
2770.39404296875,183.86346435546875,-8.606353759765625,0.07207484543323517,1814.5133056640625,107.39218139648438,-8.146900177001953,0.06427503377199173,2393.1826171875,179.31008911132812,-8.447439193725586,0.08136895298957825,93.3647689819336,45,2.089453935623169,1.7826197147369385,-38.75516128540039,1414.4320984943154,1602.0620678305897,44.96019826423106,3.21675730402614,0.17223255336284637,0.17194749414920807,85.57830047607422,0,7.5564656257629395,0.0005511363851837814,2105.641845703125,12.536724090576172,44.96019826423106,3.216757304026128
1041.2001953125,131.65176391601562,-7.543835639953613,0.13731636106967926,651.1295166015625,105.59661102294922,-7.034168243408203,0.1761215180158615,735.8663330078125,106.57018280029297,-7.16699743270874,0.15727749466896057,52.32562255859375,14,1.4224998950958252,0.9389989972114563,-21.55987548828125,246.7171632128935,1590.6072933200041,44.95949082426968,3.3018055065371827,0.31004101037979126,0.30931535363197327,-12.090998649597168,2,6.726118087768555,0.000490562233608216,240.93862915039062,8.53499984741211,44.95949082426968,3.3018055065371827
1394.4901123046875,137.52645874023438,-7.861038684844971,0.10710275918245316,1024.3406982421875,106.152587890625,-7.526111125946045,0.11254234611988068,1024.4912109375,125.74188995361328,-7.526270389556885,0.13329122960567474,61.66873550415039,23,1.426571011543274,1.2833495140075684,-69.84375762939453,1968.68724371821,1598.5039069688187,44.95988396906687,3.176380374114556,0.1712297797203064,0.17079976201057434,-60.105411529541016,0,5.631472587585449,0.00041075548506341875,872.9246826171875,8.559426307678223,44.95988396906687,3.176380374114556
4578.01416015625,161.8654327392578,-9.151692390441895,0.03839784115552902,3652.815185546875,109.42678833007812,-8.906569480895996,0.03253312408924103,4277.8857421875,168.17227172851562,-9.078072547912598,0.04269284009933472,227.2564239501953,56,1.9107935428619385,1.7148730754852295,-29.56630516052246,926.3916859396048,1611.92958483885,44.960972480438315,3.252305618597374,0.065472811460495,0.06531105935573578,2.074256181716919,0,4.944373607635498,0.00036061310674995184,4038.510986328125,11.464761734008789,44.96097248043831,3.2523056185973864
84030.640625,291.3506164550781,-12.311094284057617,0.0037653737235814333,66534.125,169.93496704101562,-12.057611465454102,0.002773754997178912,81105.9921875,252.5723876953125,-12.272632598876953,0.0033819156233221292,3927.13134765625,217,2.328484296798706,2.172213077545166,48.325740814208984,1639.803409966066,1662.9940594696243,44.96463206410825,3.200340119464527,0.006027772556990385,0.005934550426900387,84.19988250732422,0,3.937042474746704,0.0002871569595299661,83968.0703125,13.970905303955078,44.96463206410825,3.200340119464527
676.4344482421875,114.13829040527344,-7.075564384460449,0.1832464039325714,308.4486083984375,105.20158386230469,-6.222957134246826,0.37039855122566223,297.5368957519531,73.0169448852539,-6.183852195739746,0.266509473323822,34.51634979248047,9,1.056315541267395,0.6658756732940674,-34.645503997802734,1434.4644940572173,1595.8023723200895,44.95973834535589,3.215298045560537,0.3021545708179474,0.30190277099609375,-15.990457534790039,0,4.985417366027832,0.00036361548700369895,426.55548095703125,6.337893486022949,44.95973834535589,3.215298045560549
35619.52734375,221.63096618652344,-11.379220008850098,0.006757283117622137,28944.037109375,137.18035888671875,-11.153897285461426,0.005147100426256657,34826.9765625,214.23036193847656,-11.354789733886719,0.00668028648942709,1698.6219482421875,145,2.2000129222869873,2.0016446113586426,56.348358154296875,1303.2592390473167,1626.2292817088785,44.961977566436005,3.2248555423652756,0.011050413362681866,0.01093630213290453,82.19269561767578,0,3.9330122470855713,0.000286855356534943,35187.33984375,13.200077056884766,44.961977566436005,3.224855542365276
3934.19921875,169.21998596191406,-8.987140655517578,0.04671164229512215,3012.64453125,108.71897888183594,-8.697369575500488,0.03919108584523201,3430.1884765625,170.08685302734375,-8.838294982910156,0.053849611431360245,138.89080810546875,54,2.1183359622955322,1.5946232080459595,77.67098999023438,1544.2994416558258,1616.1648033239003,44.96121652054799,3.2072972309311814,0.09285743534564972,0.09229657053947449,76.35264587402344,0,6.758322715759277,0.0004929282004013658,2901.587890625,12.710016250610352,44.96121652054799,3.207297230931181
39785.90625,235.62892150878906,-11.499322891235352,0.006431750021874905,31877.125,140.02178955078125,-11.258697509765625,0.004770306870341301,38508.11328125,225.43704223632812,-11.46388053894043,0.006357741542160511,1797.9583740234375,164,2.2462542057037354,2.123391628265381,58.78536605834961,1508.4353829671763,1639.2961309674383,44.96291202286629,3.2099098617289683,0.010208336636424065,0.010125037282705307,82.12496948242188,0,3.918113946914673,0.0002857728977687657,39478.140625,13.47752571105957,44.96291202286629,3.209909861728968
1552.80517578125,164.0321807861328,-7.977792263031006,0.11472073197364807,800.3270874023438,106.03407287597656,-7.258168697357178,0.14388242363929749,907.9241943359375,146.5227813720703,-7.3951239585876465,0.17526103556156158,52.02923583984375,14,1.956688642501831,1.2665035724639893,-30.59574317932129,2021.0251365435772,1605.4934534200747,44.96039040090532,3.1725672123661925,0.348132848739624,0.3474178612232208,-81.8002700805664,2,9.424510955810547,0.0006874214159324765,515.0142822265625,11.740131378173828,44.96039040090532,3.1725672123661917
5335.08837890625,159.4713897705078,-9.317853927612305,0.032461680471897125,4355.38916015625,110.20610809326172,-9.097567558288574,0.02747948095202446,4937.7060546875,171.91038513183594,-9.233813285827637,0.03781000152230263,265.03692626953125,59,2.0181946754455566,1.6772513389587402,-71.87016296386719,977.4725611369262,1632.0887752857413,44.962441468824956,3.2485853993968736,0.05618631839752197,0.05613012611865997,84.31182098388672,0,4.421703338623047,0.0003224932006560266,4612.95947265625,12.10916805267334,44.96244146882495,3.2485853993968856
676.9873657226562,107.01964569091797,-7.076451301574707,0.17167726159095764,632.4850463867188,105.5728988647461,-7.002625942230225,0.18127252161502838,1602.640869140625,285.6763000488281,-8.012090682983398,0.19358326494693756,54.546871185302734,11,2.0390524864196777,0.9706452488899231,-81.11846923828125,869.5899002457455,1620.2852190962951,44.96159006023543,3.256442838742401,0.7929742932319641,0.7916259765625,-38.61075210571289,0,8.416505813598633,0.0006138486787676811,1474.70068359375,12.234314918518066,44.96159006023543,3.256442838742401
1435.5953369140625,158.5392303466797,-7.892580032348633,0.11993184685707092,546.6961059570312,105.46373748779297,-6.844365119934082,0.20950143039226532,1274.822998046875,205.80313110351562,-7.763624668121338,0.17532017827033997,45.96478271484375,9,1.1857796907424927,0.754526674747467,-25.550029754638672,872.3946880099548,1619.1590543912494,44.96150736388922,3.256238539851129,0.5946543216705322,0.5933545231819153,15.530420303344727,17,5.634706974029541,0.0004109613364562392,1188.298583984375,7.114678382873535,44.96150736388922,3.256238539851129
3267.657958984375,225.12026977539062,-8.785591125488281,0.07481829822063446,1190.311279296875,106.44457244873047,-7.689151287078857,0.09711644798517227,2682.921142578125,301.0874938964844,-8.57151985168457,0.12187500298023224,62.82297897338867,21,2.109701156616211,1.8014307022094727,-58.51945495605469,202.91195013854934,1632.8285643661195,44.96258513424201,3.304996546035491,0.3220594823360443,0.3209834098815918,69.54338836669922,2,11.682557106018066,0.0008520535193383694,2421.12353515625,12.658206939697266,44.96258513424201,3.304996546035491
3630.06787109375,237.02523803710938,-8.899786949157715,0.07091035693883896,1358.72265625,106.53363037109375,-7.832827091217041,0.08515021204948425,2860.731689453125,311.1723937988281,-8.641192436218262,0.11812824755907059,85.06321716308594,33,2.1956417560577393,1.5216116905212402,75.33491516113281,1948.6870163457488,1648.9124508959746,44.96357247233639,3.17783726452334,0.2658050060272217,0.2651837468147278,-80.0154037475586,2,10.561074256896973,0.0007703184965066612,3270.70263671875,13.173851013183594,44.96357247233638,3.177837264523352
1464.642578125,167.51490783691406,-7.9143290519714355,0.12420859187841415,539.1264038085938,105.45409393310547,-6.829226493835449,0.21242354810237885,459.9652404785156,121.59014129638672,-6.65681266784668,0.28708016872406006,47.435211181640625,11,1.6188733577728271,0.9396469593048096,86.85330963134766,1853.059131098717,1632.0148605500167,44.962345587876555,3.184804238001578,0.46472635865211487,0.46386969089508057,-47.32382583618164,0,7.370823383331299,0.0005376171902753413,371.0976257324219,9.713239669799805,44.962345587876555,3.1848042380015658
8484.7587890625,257.45611572265625,-9.821599006652832,0.032952893525362015,4372.255859375,110.14722442626953,-9.101763725280762,0.027358846738934517,7576.09716796875,271.2695617675781,-9.698614120483398,0.038885291665792465,183.36924743652344,120,3.0356249809265137,2.8436198234558105,-14.870038032531738,1448.3805606190817,1660.7848680975571,44.96448992329176,3.214284668634552,0.09128773957490921,0.09114602953195572,34.918766021728516,0,9.050568580627441,0.0006601130589842796,6893.1728515625,18.213748931884766,44.96448992329175,3.2142846686345643
1207.8955078125,131.95123291015625,-7.705073356628418,0.11863529682159424,1000.2600708007812,106.2045669555664,-7.500282287597656,0.11530817300081253,1043.3262939453125,126.62896728515625,-7.546050548553467,0.1318082958459854,78.697998046875,20,1.6449825763702393,1.1163305044174194,-21.282873153686523,1780.78970893908,1630.0585664684463,44.962209398532586,3.190069234443814,0.22414113581180573,0.2240748405456543,-7.273601531982422,0,7.019871234893799,0.0005120155983604491,307.8593444824219,9.869895935058594,44.96220939853258,3.190069234443826
2292.191650390625,198.68931579589844,-8.400627136230469,0.09413549304008484,863.98046875,105.82556915283203,-7.341259956359863,0.13301986455917358,1859.00439453125,289.2215881347656,-8.173200607299805,0.16895852982997894,52.34537124633789,18,3.777940273284912,1.0226283073425293,-40.76835250854492,1390.7009969634075,1661.4494816485026,44.96454453336922,3.2184862987435827,0.4229750335216522,0.4224035441875458,-1.9955716133117676,2,11.779260635375977,0.0008591297664679587,-1166.543701171875,22.667640686035156,44.964544533369214,3.2184862987435827
1671.3670654296875,140.83944702148438,-8.057679176330566,0.09151289612054825,1411.7342529296875,106.60041809082031,-7.874382495880127,0.08200414478778839,1456.160400390625,140.1670684814453,-7.908022880554199,0.10453617572784424,92.74404907226562,27,1.586584448814392,1.4340969324111938,-83.96951293945312,701.550574103471,1660.488665513959,44.96455018859819,3.2686822083432707,0.1700626015663147,0.16966858506202698,-84.98733520507812,0,5.528573513031006,0.00040321890264749527,1228.489013671875,9.519506454467773,44.96455018859818,3.2686822083432703
1097.5228271484375,145.4384002685547,-7.601033687591553,0.1439114511013031,605.0286865234375,105.53797149658203,-6.954440116882324,0.18943604826927185,680.9080200195312,169.84608459472656,-7.08272123336792,0.270892471075058,37.30926513671875,7,1.2882760763168335,0.46105995774269104,66.39710235595703,2025.917372091977,1662.448568460947,44.96455535844882,3.172210437904411,0.4850947856903076,0.48402139544487,-66.35147094726562,2,4.572922229766846,0.00033354954211972654,924.7567138671875,7.729656219482422,44.96455535844882,3.172210437904423
676.8726196289062,113.30500030517578,-7.076267242431641,0.18179082870483398,520.9110107421875,105.59680938720703,-6.7919087409973145,0.2201491743326187,744.0126342773438,192.8201904296875,-7.178950786590576,0.2814505100250244,42.25875473022461,10,1.790792465209961,1.240021824836731,-64.41816711425781,1097.1701607752864,1663.802070534997,44.96474806799454,3.239867369200098,0.6421481370925903,0.641450822353363,81.19290161132812,3,8.918475151062012,0.0006504649063572288,519.0297241210938,10.744754791259766,44.96474806799454,3.2398673692000974
737.3713989257812,111.41685485839844,-7.169215679168701,0.16409465670585632,478.05279541015625,105.62519073486328,-6.6986894607543945,0.23995040357112885,403.4305114746094,120.62406158447266,-6.5144219398498535,0.32470953464508057,43.322505950927734,12,1.3898520469665527,1.1768362522125244,-35.68607711791992,328.3016634497674,1662.1153387197105,44.96471290884763,3.295865599025743,0.31038275361061096,0.3091661036014557,-31.24898910522461,1,7.645549774169922,0.0005576171679422259,494.1485290527344,8.339112281799316,44.96471290884763,3.295865599025755
413.8886413574219,88.91474151611328,-6.542208671569824,0.23330287635326385,278.9458312988281,105.12229919433594,-6.113799571990967,0.4092651903629303,183.81747436523438,110.9190444946289,-5.660966873168945,0.6553135514259338,35.80161666870117,6,1.1710941791534424,0.6834059953689575,-52.498863220214844,1093.9449967977803,1663.9007921908806,44.96475564294754,3.2401022853134775,0.3550134301185608,0.35306525230407715,-27.0269718170166,3,5.3243560791015625,0.00038832941208966076,379.8316650390625,7.026565074920654,44.96475564294754,3.240102285313478
18595.83203125,341.1639404296875,-10.673539161682129,0.019924037158489227,5994.70849609375,112.30257415771484,-9.444419860839844,0.020344708114862442,17253.080078125,353.2179260253906,-10.592166900634766,0.022233402356505394,186.1950225830078,238,5.705012798309326,2.516026258468628,65.72915649414062,1813.4509093783122,1731.3157942957914,44.969611934218136,3.1876896376034587,0.09178807586431503,0.09018422663211823,66.01822662353516,0,16.31192398071289,0.0011897721560671926,11926.23828125,34.23007583618164,44.969611934218136,3.187689637603471
1392.4737548828125,138.55142211914062,-7.859467506408691,0.10805722326040268,1114.281005859375,106.38976287841797,-7.617486953735352,0.1036895364522934,1165.776123046875,127.61894226074219,-7.666537761688232,0.11888575553894043,71.79850769042969,23,1.6552685499191284,1.1540597677230835,5.711861610412598,879.2156023478872,1678.1353421108308,44.96582082218257,3.2557425786196177,0.1987762302160263,0.1984516978263855,-87.1912841796875,0,5.938947677612305,0.00043315073708072305,1032.04638671875,9.931611061096191,44.96582082218257,3.2557425786196177
1056.85986328125,140.6260528564453,-7.5600433349609375,0.14450344443321228,413.792724609375,105.46051025390625,-6.541956901550293,0.2767813801765442,495.34423828125,105.23211669921875,-6.737267971038818,0.23071244359016418,44.07103729248047,8,1.3913421630859375,0.9639630317687988,-20.149141311645508,1717.8508306219737,1674.5424442750787,44.96546898499503,3.194654382663235,0.7197167277336121,0.7186926603317261,-33.869239807128906,2,6.916833877563477,0.0005044987192377448,203.49856567382812,8.348052978515625,44.96546898499503,3.1946543826632223
1811.458251953125,162.41586303710938,-8.145071029663086,0.09737107157707214,1265.0142822265625,106.57982635498047,-7.7552385330200195,0.09149754047393799,1459.1748046875,148.50787353515625,-7.910268306732178,0.11052791774272919,66.25047302246094,30,1.9117332696914673,1.3896421194076538,64.52992248535156,1905.184979758236,1691.8101037235615,44.966713882426035,3.181006464106812,0.21683382987976074,0.21615147590637207,63.92884063720703,0,8.847691535949707,0.0006453444948419929,984.9447021484375,11.470399856567383,44.966713882426035,3.1810064641068125
2807.334716796875,179.3131866455078,-8.620735168457031,0.06936619430780411,1776.1937255859375,107.14022064208984,-8.123725891113281,0.06550765037536621,2508.697509765625,194.608154296875,-8.498620986938477,0.08424469828605652,92.45448303222656,45,2.7989730834960938,1.5677119493484497,-43.612369537353516,1259.159361321395,1700.178943046263,44.967391313960306,3.2280684333631453,0.18800784647464752,0.18734237551689148,-70.75096893310547,0,12.10114860534668,0.000882600259501487,1167.0167236328125,16.793838500976562,44.9673913139603,3.228068433363157
154666.796875,345.3841857910156,-12.973492622375488,0.002425130922347307,121397.8125,208.74862670898438,-12.710527420043945,0.0018674226012080908,150002.6875,296.98883056640625,-12.940247535705566,0.0021501604933291674,6815.794921875,309,2.4387693405151367,2.358276605606079,71.9819564819336,1751.6643937678264,1744.7132259293057,44.97059780856608,3.1921909941036217,0.004103637766093016,0.00404404429718852,83.45133972167969,0,3.9357380867004395,0.0002870664175134152,154210.375,14.63261604309082,44.97059780856608,3.1921909941036217
622.6494140625,104.1494369506836,-6.98560905456543,0.1816532462835312,524.4072265625,105.47685241699219,-6.799171447753906,0.21843303740024567,585.1068115234375,119.91720581054688,-6.918087959289551,0.2225748896598816,43.54278564453125,10,1.7767146825790405,1.0152283906936646,20.572860717773438,1865.8672045449712,1700.523886830821,44.9673548940777,3.1838709406239163,0.5015933513641357,0.5006788372993469,6.753932476043701,1,8.032106399536133,0.0005858541117049754,91.26456451416016,10.660287857055664,44.9673548940777,3.1838709406239163
1347.5006103515625,149.78311157226562,-7.823822498321533,0.1207156851887703,849.6257934570312,106.01395416259766,-7.323069095611572,0.13550807535648346,853.3471069335938,147.9591064453125,-7.327814102172852,0.1882980465888977,60.58509063720703,22,1.8537074327468872,1.3783525228500366,60.55937576293945,940.7683462771028,1706.8894679712603,44.96791725515767,3.2512597599349617,0.33090919256210327,0.32913386821746826,66.47587585449219,0,9.570446014404297,0.0006980117177590728,347.4031066894531,11.122244834899902,44.96791725515767,3.2512597599349617
1573.3060302734375,167.20228576660156,-7.992033004760742,0.1154140904545784,967.7823486328125,106.12226867675781,-7.464444160461426,0.11908543854951859,1058.8023681640625,149.6151885986328,-7.562037467956543,0.153458371758461,52.34370422363281,25,1.7486722469329834,1.4977800846099854,-18.365774154663086,523.763573638318,1708.3001394221699,44.96806860398835,3.281631418181594,0.2591998875141144,0.25891590118408203,-74.12328338623047,0,9.690330505371094,0.0007067486876621842,923.033935546875,10.492033004760742,44.96806860398835,3.281631418181594
4870.24951171875,66.16908264160156,-9.218877792358398,0.01475481316447258,4841.02685546875,110.91464233398438,-9.2123441696167,0.024881765246391296,4844.78369140625,78.1982192993164,-9.213186264038086,0.017528804019093513,832.0861206054688,12,1.331188678741455,0.4509965479373932,48.344322204589844,836.3492208505194,1705.9790068196633,44.96786250018722,3.2588651409183482,0.022906742990016937,0.01997566409409046,49.48664093017578,0,4.598029136657715,0.00033535182592459023,4266.0107421875,7.9871320724487305,44.96786250018722,3.2588651409183473
2475.792724609375,189.56239318847656,-8.484285354614258,0.08315104991197586,1376.7489013671875,106.47417449951172,-7.847136974334717,0.08398841321468353,1742.4681396484375,204.5093231201172,-8.102911949157715,0.12746122479438782,78.69718170166016,37,2.936760425567627,1.656274676322937,-61.876461029052734,1164.672906576945,1728.2182203777866,44.969452515232504,3.2349511937033664,0.23085781931877136,0.23042070865631104,-46.34538269042969,2,13.221864700317383,0.0009643351659178734,440.5048522949219,17.620563507080078,44.969452515232504,3.234951193703366
543.41943359375,89.72266387939453,-6.8378376960754395,0.17930682003498077,462.0576477050781,105.35592651367188,-6.661740303039551,0.24762392044067383,586.9613647460938,138.54449462890625,-6.921523571014404,0.256335973739624,56.38904571533203,9,1.2088723182678223,0.9397098422050476,-79.30760955810547,384.7854033579348,1710.345859307973,44.96823475935221,3.2917530711245973,0.3729078471660614,0.3725522458553314,-51.576480865478516,1,6.359738349914551,0.0004638372047338635,446.72247314453125,7.253233909606934,44.96823475935221,3.291753071124597
682.9507446289062,114.63997650146484,-7.085973262786865,0.18229573965072632,44.6606330871582,104.94779968261719,-4.124812126159668,2.5519859790802,123.52558898925781,93.7325668334961,-5.2293925285339355,0.8240686655044556,34.2261962890625,9,1.4562493562698364,0.7256070375442505,-61.3802490234375,38.83854693494846,1722.328701181592,44.96915328098642,3.3169472229250005,0.35778170824050903,0.354376882314682,-78.74970245361328,0,6.1308465003967285,0.00044714563409797847,-198.14952087402344,8.737496376037598,44.96915328098642,3.3169472229250125
716.5383911132812,117.43831634521484,-7.13809871673584,0.17799188196659088,354.963623046875,105.21935272216797,-6.375459671020508,0.32191526889801025,370.6620178222656,92.9157943725586,-6.422445297241211,0.27223333716392517,42.41229248046875,10,1.2624156475067139,0.8656652569770813,64.0134506225586,1584.6984424557386,1727.2590755474816,44.969337937641995,3.2043545994715603,0.3202136158943176,0.3193891942501068,31.736530303955078,1,6.236241817474365,0.00045485360897146165,218.73277282714844,7.574493885040283,44.969337937641995,3.2043545994715603
1991.0989990234375,190.6872100830078,-8.247732162475586,0.10400603711605072,539.0022583007812,105.61980438232422,-6.828976631164551,0.2128063589334488,1246.4544677734375,239.22117614746094,-7.739191055297852,0.2084265500307083,64.59688568115234,13,2.370297431945801,1.0586037635803223,-22.5324649810791,1632.0267743226086,1741.4359611466273,44.97037003281243,3.2009067843100745,0.5570335388183594,0.5560359954833984,-68.16585540771484,2,9.48370361328125,0.0006917177815921605,676.0977783203125,14.221784591674805,44.97037003281243,3.2009067843100745
16955.595703125,207.09744262695312,-10.573282241821289,0.013264519162476063,13242.3095703125,120.65711975097656,-10.304909706115723,0.009895074181258678,16181.291015625,208.59844970703125,-10.52253246307373,0.013999990187585354,772.5979614257812,121,2.174556016921997,2.134073257446289,66.27685546875,47.2264767814915,1763.8228018186778,44.972188202615335,3.316337428546457,0.020859245210886,0.020794013515114784,81.17699432373047,0,3.9801008701324463,0.00029028282733634114,16716.146484375,13.04733657836914,44.972188202615335,3.3163374285464564
965.8509521484375,132.98838806152344,-7.462275505065918,0.149531751871109,647.82568359375,105.758056640625,-7.0286455154418945,0.17729036509990692,590.8943481445312,127.87114715576172,-6.928774356842041,0.23501336574554443,47.96979522705078,15,1.8662949800491333,0.9924290180206299,-68.91866302490234,1273.4785850115952,1746.798956678217,44.97079976843875,3.2270257814891465,0.376865416765213,0.3758334219455719,-56.51216125488281,0,8.139963150024414,0.000593691598623991,-82.11927032470703,11.197770118713379,44.97079976843875,3.2270257814891465
664.187744140625,99.24845886230469,-7.055727005004883,0.1622791588306427,650.3482666015625,105.63705444335938,-7.032865047454834,0.17640061676502228,720.3102416992188,136.28623962402344,-7.143798828125,0.2054765373468399,64.73892211914062,11,1.3912123441696167,0.7762933969497681,-55.09530258178711,224.275476686188,1742.2441846660643,44.970587794192404,3.3034432458268905,0.2925674319267273,0.29171106219291687,-43.411685943603516,0,4.9557623863220215,0.00036144047044217587,619.1370239257812,8.347273826599121,44.970587794192404,3.3034432458268905
979.3875122070312,137.03077697753906,-7.477386474609375,0.15194743871688843,397.5147705078125,105.27363586425781,-6.498383045196533,0.28760483860969543,408.2810363769531,129.38169860839844,-6.527398109436035,0.34414657950401306,51.55195617675781,14,2.2712671756744385,0.6697389483451843,35.73334884643555,1778.9770647951173,1749.6855618533973,44.9709587932619,3.190201171273529,0.3034343123435974,0.30268535017967224,49.2759895324707,0,7.370790958404541,0.000537615327630192,87.18413543701172,13.627603530883789,44.9709587932619,3.190201171273517
912.8819580078125,121.5475845336914,-7.401036739349365,0.14459775388240814,766.90234375,105.70232391357422,-7.211850166320801,0.1496836245059967,721.5543212890625,133.85748291015625,-7.145672798156738,0.20146678388118744,78.56241607666016,15,2.0735511779785156,1.0247347354888916,-63.109615325927734,926.1888476758534,1752.1329347171468,44.971228452111085,3.2523223017630194,0.2830444574356079,0.2822969853878021,-56.07705307006836,0,6.232144355773926,0.00045453556231223047,-5.30118465423584,12.441307067871094,44.971228452111085,3.2523223017630194
778.6021118164062,119.85160064697266,-7.2282891273498535,0.16716989874839783,538.8951416015625,105.66109466552734,-6.828760623931885,0.21293188631534576,306.74462890625,115.8884048461914,-6.216942310333252,0.41029179096221924,48.41748046875,12,2.1188912391662598,0.7569761872291565,-44.9632453918457,11.11646870138413,1756.3696470568436,44.97164732995651,3.3189669219727644,0.29540354013442993,0.2944721579551697,-11.223994255065918,16,7.5705132484436035,0.0005521451239474118,-3531.4541015625,12.713347434997559,44.97164732995651,3.3189669219727644
4469.9951171875,147.41506958007812,-9.125767707824707,0.03581497445702553,3793.40380859375,109.51927185058594,-8.947572708129883,0.03135387971997261,4153.07080078125,159.38568115234375,-9.045923233032227,0.041678279638290405,221.001953125,50,1.7741162776947021,1.6103888750076294,79.3298110961914,1755.300519929292,1771.3107959619254,44.97254272265028,3.191926081672753,0.062496453523635864,0.062460701912641525,26.102970123291016,0,4.651957035064697,0.00033930703648366034,3888.903076171875,10.644697189331055,44.97254272265028,3.191926081672753
1690.79248046875,156.6354217529297,-8.070225715637207,0.10060729831457138,1238.814453125,106.54681396484375,-7.732515811920166,0.09340368956327438,1250.15869140625,139.96958923339844,-7.74241304397583,0.12159014493227005,72.06405639648438,28,1.6497275829315186,1.358150839805603,-84.47021484375,475.23727966602735,1779.7250114611281,44.97329960460125,3.2851670073678965,0.19972969591617584,0.19957104325294495,61.162193298339844,0,7.165140151977539,0.0005225767381489277,1159.986572265625,9.898365020751953,44.97329960460125,3.285167007367896
3745.306884765625,237.76846313476562,-8.93371868133545,0.06894402951002121,1621.7620849609375,106.86463928222656,-8.024968147277832,0.0715610459446907,2661.48486328125,209.3355712890625,-8.562809944152832,0.08541789650917053,71.60882568359375,42,2.2475218772888184,1.8046385049819946,-84.37969207763672,100.9207418559103,1805.6180134323179,44.9752395053472,3.312428203728622,0.23092219233512878,0.23050518333911896,-52.55984115600586,2,11.16227912902832,0.0008141014259308577,2360.44384765625,13.48513126373291,44.9752395053472,3.312428203728622
1651.5650634765625,144.6254119873047,-8.04473876953125,0.09509961307048798,1249.73095703125,106.39617156982422,-7.74204158782959,0.0924568921327591,1398.25439453125,192.70834350585938,-7.8639655113220215,0.1496732383966446,67.56409454345703,27,1.643222451210022,1.5412225723266602,66.69264221191406,1999.4435713390703,1805.998188670491,44.97505617263168,3.1741384885969497,0.1783294379711151,0.17819663882255554,32.17621994018555,1,7.580231666564941,0.000552908459212631,1645.508056640625,9.859334945678711,44.975056172631675,3.1741384885969617
2429.880859375,179.89817810058594,-8.46396255493164,0.08040288090705872,1539.2445068359375,106.96566772460938,-7.968268871307373,0.07546865195035934,1986.966796875,176.54393005371094,-8.245476722717285,0.09649215638637543,97.69416809082031,37,2.4748892784118652,1.4692672491073608,-47.40048599243164,522.6966079907304,1814.0733544694508,44.975806709992696,3.2817112196675664,0.1835208237171173,0.18307249248027802,38.17829895019531,2,10.651985168457031,0.0007768832147121429,1332.887939453125,14.849335670471191,44.975806709992696,3.2817112196675664
1055.0513916015625,140.42298889160156,-7.5581841468811035,0.1445421278476715,562.09521484375,105.52481842041016,-6.8745245933532715,0.2038799673318863,741.3776245117188,160.62538146972656,-7.175098896026611,0.23529057204723358,43.953006744384766,16,2.0975635051727295,1.4970144033432007,85.92182922363281,560.3210208749488,1809.8796323284087,44.97549541654255,3.2789708998998623,0.5222116708755493,0.5211571455001831,-81.60574340820312,0,10.615053176879883,0.0007741901790723205,359.81097412109375,12.585380554199219,44.97549541654256,3.2789708998998504
1742.939208984375,132.5210418701172,-8.103205680847168,0.08257193118333817,1453.4959716796875,106.57090759277344,-7.906034469604492,0.07962595671415329,1611.5030517578125,134.74722290039062,-8.018077850341797,0.09080682694911957,91.31554412841797,27,1.460632562637329,1.3542852401733398,-19.168909072875977,1886.9231480767482,1810.6161014634617,44.97540454786491,3.182336579581454,0.15033413469791412,0.15000884234905243,77.80410766601562,0,5.183027267456055,0.0003780492697842419,1545.01953125,8.763795852661133,44.97540454786491,3.1823365795814538
10148.8046875,319.0529479980469,-10.016036987304688,0.034141115844249725,3526.6513671875,109.15165710449219,-8.868406295776367,0.03361225500702858,8622.953125,308.0172119140625,-9.839139938354492,0.03879259154200554,113.40950012207031,143,4.748985767364502,2.321638822555542,-51.4783821105957,1807.9432523942608,1846.1689928248918,44.978012396871364,3.188090738158259,0.14283190667629242,0.14142373204231262,-56.489463806152344,2,16.391721725463867,0.0011956021189689636,4268.984375,28.493915557861328,44.97801239687136,3.188090738158271
854.0878295898438,118.27661895751953,-7.328756332397461,0.15039250254631042,533.1785888671875,105.90206909179688,-6.817181587219238,0.21570569276809692,450.8748474121094,98.7368392944336,-6.6351399421691895,0.2378225475549698,56.91401290893555,10,1.5921653509140015,0.5134283900260925,-49.04591751098633,1792.399743384265,1810.6982624629395,44.975419738469725,3.1892232128815254,0.2970335781574249,0.29599928855895996,-69.97624206542969,0,5.382020473480225,0.0003925595374312252,42.57571792602539,9.55299186706543,44.975419738469725,3.189223212881513
828.2359008789062,122.6289291381836,-7.295385360717773,0.16079358756542206,267.9493408203125,105.1082534790039,-6.070131778717041,0.4260042905807495,235.01138305664062,119.52456665039062,-5.927722454071045,0.5523293018341064,31.102428436279297,9,1.488985300064087,1.1524674892425537,-46.535789489746094,909.0532505774104,1812.461247259068,44.975643378667534,3.2535712704195974,0.820761501789093,0.8198832869529724,-47.37987518310547,0,7.832719326019287,0.0005712717538699508,110.65479278564453,8.93391227722168,44.97564337866753,3.25357127041961
5087.7060546875,167.4256134033203,-9.266304969787598,0.035737957805395126,4000.18701171875,109.69273376464844,-9.005200386047363,0.029780184850096703,4552.759765625,172.24581909179688,-9.145687103271484,0.041086938232183456,231.82919311523438,61,1.9443047046661377,1.7403961420059204,25.36027717590332,1179.4764924509907,1826.335677021019,44.97662770973935,3.2338738859784417,0.06051841750741005,0.060296978801488876,32.704044342041016,0,4.449123382568359,0.0003244974068365991,3672.45947265625,11.665828704833984,44.97662770973935,3.2338738859784417
3731.22412109375,208.18821716308594,-8.929628372192383,0.060594700276851654,2082.4658203125,107.56405639648438,-8.2964448928833,0.056094348430633545,2861.327392578125,190.30633544921875,-8.64141845703125,0.07222965359687805,96.18202209472656,49,2.526033401489258,1.5934842824935913,58.58198928833008,1777.7878936168063,1827.549234235839,44.97665359463022,3.1902877487364263,0.144907146692276,0.14461544156074524,-88.36006927490234,2,8.84605884552002,0.0006452229572460055,2721.236328125,15.156200408935547,44.97665359463022,3.1902877487364263
1824.3466796875,155.18580627441406,-8.1527681350708,0.09237925708293915,1227.21923828125,106.4911117553711,-7.7223052978515625,0.09423691034317017,1405.7181396484375,160.49952697753906,-7.86974573135376,0.1239953339099884,75.86199951171875,30,1.946350336074829,1.5387870073318481,74.4590835571289,1397.944992508734,1826.6266230103913,44.97662520905221,3.2179596508308626,0.1975841224193573,0.19730623066425323,22.914392471313477,0,9.11893081665039,0.000665101280901581,1072.4327392578125,11.678102493286133,44.9766252090522,3.2179596508308745
2154.8251953125,152.195068359375,-8.33353042602539,0.07670406252145767,1545.32470703125,106.6865463256836,-7.9725494384765625,0.07497555762529373,1667.3880615234375,155.88026428222656,-8.055091857910156,0.101527638733387,87.0406265258789,34,1.9582773447036743,1.4577488899230957,31.679136276245117,670.8156676391035,1833.364576802651,44.97720028356471,3.2709237359631658,0.14649319648742676,0.14637252688407898,71.67356872558594,0,8.662080764770508,0.0006317549268715084,1008.0199584960938,11.749664306640625,44.97720028356471,3.2709237359631658
1168.198974609375,140.37074279785156,-7.668792247772217,0.13049371540546417,905.44482421875,105.87816619873047,-7.392155170440674,0.1269913762807846,1002.54345703125,215.49781799316406,-7.502758026123047,0.23343689739704132,47.3494873046875,11,1.6248308420181274,0.8250855207443237,-12.62819766998291,1914.5769106361427,1834.69812183293,44.97716313108215,3.180321701980669,0.3821004629135132,0.3817164897918701,86.71247863769531,2,6.915328025817871,0.0005044058198109269,520.6188354492188,9.748985290527344,44.97716313108215,3.1803217019806684
1862.6444091796875,179.57444763183594,-8.175324440002441,0.10469945520162582,1005.7332153320312,106.17027282714844,-7.50620698928833,0.1146436408162117,1488.60009765625,230.5087890625,-7.931945323944092,0.1681664139032364,48.82964324951172,15,2.478703737258911,0.9020252823829651,-85.05818176269531,198.9639945430032,1859.9163900241656,44.97919995805447,3.30528942000835,0.40300115942955017,0.4025006890296936,-38.98111343383789,2,8.949201583862305,0.0006526918150484562,1132.8756103515625,14.872222900390625,44.979199958054465,3.305289420008362
6559.05859375,163.62045288085938,-9.54210376739502,0.027091054245829582,5321.66796875,111.53421783447266,-9.315119743347168,0.022760938853025436,6193.88037109375,175.40176391601562,-9.479907035827637,0.030753955245018005,299.3165588378906,66,1.939163088798523,1.80384361743927,34.90165328979492,593.6839358818812,1868.6497489617395,44.97979069465832,3.276542157895539,0.046779923141002655,0.04674864560365677,21.277957916259766,0,4.269140720367432,0.0003113620914518833,6193.73388671875,11.634978294372559,44.97979069465832,3.276542157895551
13500.578125,298.05511474609375,-10.325881004333496,0.023975851014256477,6412.9892578125,112.87913513183594,-9.517651557922363,0.019115380942821503,12351.560546875,291.8114318847656,-10.229304313659668,0.025657260790467262,268.792724609375,169,3.9141554832458496,2.48964262008667,-34.67445755004883,548.4485451880926,1893.928336640036,44.981645361427546,3.279837279806923,0.07075059413909912,0.07023914158344269,-44.02316665649414,0,7.013146877288818,0.0005114904488436878,8740.2744140625,23.48493194580078,44.98164536142754,3.2798372798069346
727.3704223632812,107.07042694091797,-7.154388904571533,0.15986144542694092,569.38427734375,105.57555389404297,-6.888513565063477,0.20136673748493195,641.1456298828125,127.0657730102539,-7.017391681671143,0.21522946655750275,71.77617645263672,12,1.8816308975219727,1.0289862155914307,-61.901092529296875,398.5297854416052,1872.3939000637258,44.9800882405532,3.290755599696978,0.5046387314796448,0.5042976140975952,-10.486372947692871,0,8.323871612548828,0.0006070844829082489,148.24612426757812,11.289785385131836,44.9800882405532,3.29075559969699
667.974609375,103.29434967041016,-7.061899662017822,0.1679370105266571,660.1611328125,105.73233795166016,-7.049124717712402,0.17393529415130615,596.9822998046875,131.2552032470703,-6.939903736114502,0.23877282440662384,50.65000915527344,11,1.6778069734573364,0.6620439291000366,-75.6632308959961,1579.5885069924682,1872.7602061621928,44.979980280020975,3.204727305203168,0.32639628648757935,0.3252719044685364,-81.3025131225586,0,6.287905693054199,0.00045862546539865434,705.895263671875,10.066842079162598,44.979980280020975,3.204727305203168
623.4049682617188,104.34408569335938,-6.9869256019592285,0.1817721724510193,436.6639709472656,105.5311050415039,-6.600368499755859,0.2624599039554596,405.8489685058594,103.01521301269531,-6.52091121673584,0.2756555378437042,53.260990142822266,10,1.4239095449447632,0.8841532468795776,-5.0023884773254395,1984.9760500640418,1864.221689276595,44.97931562263604,3.175192305230579,0.3287482261657715,0.3283456265926361,-86.4836654663086,0,6.699118614196777,0.0004886410315521061,211.5185546875,8.54345703125,44.97931562263604,3.175192305230579
3386.054931640625,218.02325439453125,-8.824234962463379,0.06992599368095398,1737.141845703125,107.09127044677734,-8.099588394165039,0.06694969534873962,2268.567138671875,175.5156707763672,-8.389379501342773,0.08402220904827118,72.50726318359375,33,2.201448917388916,1.6228374242782593,-47.03889083862305,1036.556757354125,1878.8485329614778,44.980484841105444,3.244284978295291,0.215713232755661,0.21513892710208893,-2.8779499530792236,2,11.325563430786133,0.000826024916023016,2004.620361328125,13.208693504333496,44.980484841105444,3.2442849782953034
679.419677734375,107.75968170166016,-7.080345153808594,0.1722455471754074,568.265625,105.32511901855469,-6.886378288269043,0.2012845277786255,485.01470947265625,110.29552459716797,-6.7143874168396,0.2469635158777237,48.88751983642578,6,1.1495282649993896,0.37713855504989624,25.447708129882812,319.1476276610843,1875.5393142212015,44.98032808544496,3.296537039620207,0.3358786106109619,0.3337029218673706,18.07705307006836,2,3.8897149562835693,0.00028368819039314985,625.2784423828125,6.897169589996338,44.98032808544496,3.296537039620219
2235.598388671875,152.83248901367188,-8.37348461151123,0.07424235343933105,1682.2227783203125,106.81773376464844,-8.064708709716797,0.06895879656076431,1750.9835205078125,150.96157836914062,-8.10820484161377,0.09362982213497162,101.81481170654297,35,1.7913857698440552,1.4797004461288452,-49.7669792175293,287.4488179950789,1886.0671395685708,44.98110218983378,3.2988458768342674,0.13650664687156677,0.13616780936717987,-81.0126953125,0,6.411149978637695,0.00046758350799791515,1244.4749755859375,10.74831485748291,44.98110218983378,3.2988458768342674
1329.5975341796875,137.21923828125,-7.809300422668457,0.11207909882068634,1066.17626953125,106.123046875,-7.569572448730469,0.10809621959924698,1177.017822265625,203.06301879882812,-7.676957607269287,0.18736031651496887,76.95784759521484,22,1.8710912466049194,1.1122093200683594,4.3600640296936035,826.5174906253337,1885.906668451675,44.98102542195022,3.259584068151024,0.23485875129699707,0.23424512147903442,-2.1174159049987793,1,8.631829261779785,0.0006295518833212554,1448.0462646484375,11.226547241210938,44.981025421950214,3.259584068151024
796.3457641601562,123.85916137695312,-7.252754211425781,0.16891035437583923,400.5468444824219,105.44364929199219,-6.506633281707764,0.2858886420726776,410.15655517578125,95.29733276367188,-6.532373905181885,0.2523253560066223,37.95587921142578,11,1.2311753034591675,0.8912160992622375,74.96800231933594,324.82936027766766,1888.9461930258324,44.98130820381829,3.296123555966162,0.33693867921829224,0.33581578731536865,60.96194839477539,0,6.248983860015869,0.0004557562933769077,226.8234100341797,7.387051582336426,44.98130820381828,3.296123555966174
45501.984375,248.42884826660156,-11.645075798034668,0.005929274018853903,35987.18359375,143.78736877441406,-11.390369415283203,0.004339130129665136,44177.8984375,233.9901580810547,-11.613012313842773,0.005752046126872301,2013.633056640625,182,2.349346876144409,2.1845641136169434,-2.3956120014190674,876.8617824377465,1919.5333914393404,44.983479265997424,3.2559176487201693,0.009399344213306904,0.009344194084405899,80.74241638183594,0,3.984618663787842,0.0002906139998231083,45722.6875,14.096080780029297,44.98347926599742,3.2559176487201813
556.7254638671875,97.7371597290039,-6.864102840423584,0.19065511226654053,503.6686096191406,105.40894317626953,-6.755362033843994,0.2272806167602539,448.8798522949219,152.69247436523438,-6.6303253173828125,0.3694173991680145,47.76859664916992,6,1.3532274961471558,0.5027254223823547,-40.436683654785156,1153.8636193925856,1895.2876347573963,44.98167400540368,3.2357403351797087,0.4549373984336853,0.453467458486557,-56.96223449707031,2,4.901310443878174,0.0003574777801986784,680.13916015625,8.119364738464355,44.98167400540368,3.2357403351797087
1468.9237060546875,156.17059326171875,-7.9174981117248535,0.11545954644680023,981.0217895507812,106.01525115966797,-7.479196548461914,0.11735983937978745,1272.8658447265625,156.94056701660156,-7.761956691741943,0.13390056788921356,62.44143295288086,24,1.8367204666137695,1.5266906023025513,1.007300853729248,966.6820763420036,1913.2054067130457,44.98300594000167,3.2493751290896857,0.30653145909309387,0.3056093156337738,13.449115753173828,0,8.05396556854248,0.0005874104099348187,503.47900390625,11.020322799682617,44.98300594000167,3.2493751290896853
788167.0,601.167724609375,-14.741545677185059,0.0008283373317681253,615990.125,420.0136413574219,-14.473934173583984,0.0007404904463328421,765194.1875,511.5867919921875,-14.709428787231445,0.0007260683341883123,35045.9375,610,2.6061291694641113,2.5564074516296387,34.5446891784668,1025.8448377795357,1990.2763344976727,44.988636488042296,3.245066728249283,0.0016530436696484685,0.0016321594594046474,71.65230560302734,0,4.004401206970215,0.00029205967439338565,786134.5,15.636775016784668,44.988636488042296,3.245066728249295
1652.6260986328125,144.382568359375,-8.04543685913086,0.09487897157669067,1247.870849609375,106.43494415283203,-7.740424156188965,0.09262845665216446,1615.1461181640625,207.612060546875,-8.020529747009277,0.13959522545337677,73.97216033935547,27,1.9115811586380005,1.2771605253219604,77.9787826538086,508.1625571464553,1919.2148580640012,44.98350005719198,3.2827719305860183,0.20218874514102936,0.20216387510299683,-0.23787353932857513,2,8.286947250366211,0.000604391738306731,1385.583251953125,11.469487190246582,44.983500057191975,3.28277193058603
1388.7884521484375,143.63912963867188,-7.856590270996094,0.11232242733240128,797.5179443359375,105.74120330810547,-7.2543511390686035,0.1439904272556305,939.1725463867188,186.02755737304688,-7.431863307952881,0.21511055529117584,65.87833404541016,20,1.6363223791122437,1.1157550811767578,76.95146179199219,888.1204478977136,1921.0877486378033,44.98359164626681,3.255097609671925,0.2080954760313034,0.20784279704093933,60.59886932373047,3,6.8887481689453125,0.0005024239653721452,846.5531616210938,9.817934036254883,44.9835916462668,3.2550976096719366
2300.300537109375,178.2282257080078,-8.404461860656738,0.08414372056722641,1448.22216796875,106.56426239013672,-7.902088165283203,0.07991093397140503,2281.15283203125,229.06739807128906,-8.3953857421875,0.10905327647924423,91.23173522949219,33,2.537550449371338,1.6609392166137695,8.078631401062012,1218.5960680866028,1928.6039917073983,44.98410362656361,3.231025318928697,0.26590827107429504,0.2651089131832123,-0.6462469100952148,3,11.945968627929688,0.000871285970788449,1517.6397705078125,15.225302696228027,44.98410362656361,3.2310253189286975
981.6128540039062,135.06468200683594,-7.479850769042969,0.14942780137062073,568.9888916015625,105.65792083740234,-6.887759685516357,0.20166386663913727,983.9030151367188,291.4547119140625,-7.4823808670043945,0.3216981887817383,54.446292877197266,15,2.5840563774108887,1.3038318157196045,9.152326583862305,511.5217235082631,1930.2187846661188,44.98430462612735,3.282527506835761,0.6372396349906921,0.6355384588241577,3.6204471588134766,3,10.997115135192871,0.0008020522654987872,864.3135986328125,15.504338264465332,44.98430462612735,3.282527506835761
675.0491943359375,106.37673950195312,-7.073338508605957,0.17113588750362396,590.964599609375,105.68584442138672,-6.928903579711914,0.1942160725593567,910.04833984375,213.399169921875,-7.397661209106445,0.25465846061706543,44.124061584472656,11,2.209303140640259,0.7037901878356934,61.83768844604492,508.08859244803136,1931.6786181349908,44.98441183730899,3.2827775811821507,0.5073537826538086,0.506684422492981,67.52326202392578,0,7.4528021812438965,0.0005435548955574632,723.96435546875,13.255819320678711,44.984411837309,3.2827775811821382
1871.1466064453125,146.46241760253906,-8.180269241333008,0.0850057303905487,1450.1583251953125,106.77184295654297,-7.903538703918457,0.0799596980214119,1729.8609619140625,145.7807159423828,-8.095027923583984,0.09152057021856308,88.14046478271484,30,1.7882791757583618,1.371678352355957,-68.30682373046875,1311.2954009547122,1942.1813826359164,44.98508642595602,3.2242726724353683,0.17178566753864288,0.17099492251873016,-47.49271011352539,0,6.6155104637146,0.00048250987310893834,1673.7637939453125,10.72967529296875,44.98508642595602,3.2242726724353683
1948.472900390625,159.57363891601562,-8.224235534667969,0.08893989026546478,1348.7020263671875,106.47990417480469,-7.824790000915527,0.0857396051287651,1478.132080078125,159.19143676757812,-7.924283027648926,0.11695971339941025,78.39677429199219,32,1.948327898979187,1.4999827146530151,15.277880668640137,1560.792894278459,1947.3476563660488,44.985437425599436,3.206096869041991,0.1821291595697403,0.1814369112253189,-70.22893524169922,0,7.7309746742248535,0.0005638810689561069,704.715087890625,11.689967155456543,44.985437425599436,3.206096869041991
1329.640869140625,142.39817810058594,-7.809335708618164,0.1163054034113884,968.5297241210938,106.16444396972656,-7.465282440185547,0.1190408393740654,1382.1458740234375,206.4038848876953,-7.85138463973999,0.16217869520187378,77.38262939453125,22,2.3982720375061035,0.9973753690719604,-52.2296142578125,23.359342580220098,1953.2306201570284,44.986048952855164,3.3180805725567812,0.3103656470775604,0.3095925748348236,-45.57601547241211,0,9.258259773254395,0.0006752299959771335,318.95709228515625,14.389632225036621,44.986048952855164,3.3180805725567812
636.4547119140625,110.5820083618164,-7.009418964385986,0.18868909776210785,276.5609130859375,105.20248413085938,-6.1044769287109375,0.41310936212539673,260.1404113769531,93.92806243896484,-6.03801965713501,0.39211854338645935,42.68009567260742,9,1.2577418088912964,0.8232830166816711,-22.261619567871094,282.7797290847865,1942.682710140101,44.98524464488411,3.299187280778788,0.2906021177768707,0.2898187041282654,-58.162025451660156,0,6.068249225616455,0.00044257374247536063,178.58572387695312,7.546450614929199,44.98524464488411,3.299187280778788
189895.484375,355.6167907714844,-13.19628620147705,0.0020337493624538183,151380.921875,227.2942352294922,-12.950178146362305,0.0016305987956002355,184877.96875,309.8968811035156,-13.16721248626709,0.0018203791696578264,8540.0546875,304,2.374011516571045,2.3187057971954346,47.1444206237793,338.7643601476966,1994.3725735208666,44.98901910553038,3.2951111571641487,0.003575206734240055,0.0035547621082514524,73.78217315673828,0,3.9682912826538086,0.00028941777418367565,190031.25,14.24406909942627,44.989019105530375,3.295111157164161
1831.874267578125,187.54547119140625,-8.157238960266113,0.11118360608816147,461.5294189453125,105.89387512207031,-6.66049861907959,0.24917316436767578,412.1778869628906,132.7250213623047,-6.5377116203308105,0.349701851606369,49.7393798828125,13,2.3456368446350098,0.8912842869758606,-55.771385192871094,1029.062881014738,1952.1302844857046,44.985845930599766,3.244831805312912,0.34618496894836426,0.345124751329422,-65.81321716308594,2,8.651815414428711,0.0006310169119387865,58.845577239990234,14.073821067810059,44.98584593059976,3.244831805312924
968.056884765625,116.01338195800781,-7.464752197265625,0.13014785945415497,757.3395385742188,105.77295684814453,-7.198226451873779,0.15167494118213654,743.166259765625,105.5478515625,-7.177714824676514,0.15423865616321564,69.72789001464844,16,1.6431559324264526,0.7998549938201904,39.74936294555664,179.68087631754747,1956.9341842762674,44.986300162079914,3.3066962036845418,0.19998928904533386,0.19941484928131104,50.964141845703125,0,6.846348285675049,0.0004993221373297274,235.61355590820312,9.858935356140137,44.98630016207992,3.3066962036845293
13096.2060546875,330.2733459472656,-10.292863845825195,0.027387844398617744,4552.8525390625,110.56523895263672,-9.145709037780762,0.026373321190476418,12771.52734375,357.0687561035156,-10.265606880187988,0.03036259114742279,163.79942321777344,190,4.018153190612793,3.6594715118408203,33.539913177490234,820.1276820019837,1999.0888679337697,44.98930526634872,3.260051370543185,0.12196579575538635,0.12142582982778549,83.9005355834961,0,13.719466209411621,0.001000612392090261,11067.5673828125,24.108919143676758,44.98930526634872,3.260051370543185
3786.3173828125,249.6066131591797,-8.945542335510254,0.07159272581338882,1299.0687255859375,106.45841979980469,-7.784080505371094,0.08899747580289841,2357.123046875,204.9124755859375,-8.43095588684082,0.09440956264734268,60.89048767089844,35,2.335057497024536,2.1206703186035156,-13.777153015136719,1293.7308770657528,1976.0886259138024,44.987568378676066,3.2255524921101895,0.3092377483844757,0.30805373191833496,-46.49287796020508,2,13.341007232666016,0.0009730415767990053,1857.2757568359375,14.010345458984375,44.98756837867607,3.2255524921101775
795.2183227539062,114.78025817871094,-7.251215934753418,0.1567511111497879,702.3248291015625,105.66168975830078,-7.116344928741455,0.16338393092155457,720.9657592773438,122.77242279052734,-7.144786834716797,0.18493367731571198,62.69451904296875,13,1.6933608055114746,1.028001308441162,-44.14264678955078,13.38148088906104,1977.9231154316997,44.98785676914891,3.318807905100519,0.2981210947036743,0.29766032099723816,-50.255592346191406,0,7.864475727081299,0.0005735767190344632,-614.6930541992188,10.160164833068848,44.98785676914891,3.3188079051005186
867.0825805664062,122.16214752197266,-7.345150947570801,0.15300513803958893,862.6329345703125,106.03042602539062,-7.339565277099609,0.1334855705499649,943.81982421875,186.6180877685547,-7.437222957611084,0.2147308588027954,59.69070053100586,14,1.6260675191879272,0.9595891237258911,76.08000946044922,920.7697076090722,1980.4958389147619,44.98793334183951,3.2527203761441505,0.303749680519104,0.3035999834537506,-88.36932373046875,0,6.733483791351318,0.000491101061925292,934.7549438476562,9.756404876708984,44.98793334183951,3.2527203761441505
1755.49169921875,155.69876098632812,-8.110997200012207,0.09631993621587753,1210.6280517578125,106.38795471191406,-7.707526683807373,0.09543585032224655,1482.87939453125,203.26515197753906,-7.927764415740967,0.1488630473613739,78.47704315185547,24,1.7376699447631836,1.322145700454712,-24.46978759765625,813.682020736888,1984.8535268626715,44.988264751748396,3.260520620275315,0.2117726355791092,0.2115148901939392,19.15635108947754,2,6.702657699584961,0.0004888499388471246,1738.0052490234375,10.426019668579102,44.988264751748396,3.2605206202753148
1395.173828125,148.72373962402344,-7.861570835113525,0.11576620489358902,969.0220336914062,105.83477783203125,-7.465834140777588,0.11861088871955872,1204.155029296875,163.7071990966797,-7.7017059326171875,0.1476437896490097,64.01641082763672,23,1.879721999168396,1.6436940431594849,32.99854278564453,1741.6180340666772,1994.1958052344357,44.988845033646896,3.1929229238511763,0.3319028913974762,0.3309365510940552,31.11343765258789,0,8.332900047302246,0.0006077987491153181,999.9615478515625,11.278331756591797,44.988845033646896,3.1929229238511763
667.7517700195312,103.16180419921875,-7.061537742614746,0.16777749359607697,650.9496459960938,105.59638214111328,-7.033868312835693,0.17616979777812958,667.2117309570312,115.36077117919922,-7.060659408569336,0.18776917457580566,51.18349075317383,11,1.5975379943847656,0.9782938361167908,86.64846801757812,1343.3729810980988,1994.3901900112064,44.98890147795796,3.2219363198060504,0.34805920720100403,0.3472599387168884,67.88414001464844,0,6.692361831665039,0.0004881175991613418,-108.80452728271484,9.585227966308594,44.98890147795796,3.2219363198060504
863.0275268554688,121.12322998046875,-7.340061664581299,0.15241672098636627,568.0569458007812,105.44943237304688,-6.885979652404785,0.20159614086151123,778.264892578125,148.62890625,-7.227818489074707,0.20739853382110596,58.55239486694336,10,2.3128600120544434,0.8212728500366211,85.2630386352539,187.06727756408236,2007.0263262507524,44.98996389408238,3.3061595532371197,0.39996352791786194,0.39953798055648804,64.3735580444336,2,8.24406909942627,0.0006012601079419255,237.19239807128906,13.87716007232666,44.98996389408238,3.3061595532371197
177472.875,365.3861999511719,-13.122830390930176,0.002235887572169304,138984.203125,219.74961853027344,-12.857413291931152,0.0017170878127217293,171564.90625,309.0702209472656,-13.086071014404297,0.0019564039539545774,8076.53173828125,331,2.4500808715820312,2.385965347290039,52.4301643371582,753.9497823598665,2048.317071433175,44.99291413576405,3.2648725263920504,0.003773214528337121,0.003742043161764741,78.63929748535156,0,3.967933416366577,0.0002893953933380544,176130.90625,14.700485229492188,44.99291413576405,3.2648725263920504
724.4996948242188,117.46517944335938,-7.150095462799072,0.1760762482881546,583.9279174804688,105.46964263916016,-6.915897846221924,0.1961544007062912,998.9061279296875,187.24295043945312,-7.498811721801758,0.20356851816177368,37.92762756347656,9,1.2676475048065186,0.7429468035697937,58.571807861328125,185.9946852828101,2005.933850503787,44.9898841065811,3.3062376406781064,0.5956477522850037,0.5944336652755737,71.87649536132812,3,5.78335428237915,0.00042179427691735327,889.2159423828125,7.605885028839111,44.9898841065811,3.306237640678094
1269.3973388671875,151.14849853515625,-7.758994102478027,0.12931117415428162,795.239990234375,105.94505310058594,-7.251245498657227,0.14468125998973846,757.6412353515625,169.26158142089844,-7.1986589431762695,0.2426188886165619,42.84169006347656,14,2.0990149974823,0.8254833221435547,57.484832763671875,1183.4381199111622,2009.9467068691768,44.990057179104376,3.233587263555427,0.3389631509780884,0.33818989992141724,-56.296993255615234,2,7.871036529541016,0.0005740784108638763,260.0163879394531,12.59408950805664,44.990057179104376,3.233587263555426
596.2850952148438,105.73482513427734,-6.938634872436523,0.19257234036922455,327.2926025390625,105.39186096191406,-6.2873406410217285,0.3497040867805481,340.880859375,125.8819351196289,-6.331506729125977,0.4010426998138428,39.95749282836914,9,1.5292631387710571,1.2486352920532227,-67.39252471923828,1996.4793207009839,2009.4519481797274,44.98993562871466,3.174353414023138,0.7997718453407288,0.7990850806236267,36.69001770019531,0,8.26590633392334,0.0006029336364008486,179.1914520263672,9.175579071044922,44.98993562871466,3.174353414023126
187437.359375,675.6088256835938,-13.182140350341797,0.0039144339971244335,55456.640625,160.91732788085938,-11.859884262084961,0.003151222597807646,181206.078125,657.9523315429688,-13.145431518554688,0.003943224437534809,1992.9697265625,1297,8.964844703674316,5.084179401397705,56.22987365722656,546.1790063954144,2146.716953369973,45.000137509990886,3.280007930643463,0.01604035310447216,0.015336589887738228,56.4135856628418,0,7.5708770751953125,0.0005521650891751051,182236.703125,53.78907012939453,45.000137509990886,3.280007930643463
1010.4542846679688,135.5037384033203,-7.51129150390625,0.14563456177711487,300.77252197265625,105.1501693725586,-6.1955952644348145,0.37966597080230713,231.63665771484375,110.97691345214844,-5.912018299102783,0.5203016400337219,35.42777633666992,11,1.696682095527649,0.8679966330528259,62.193965911865234,1555.4699453511466,2012.0970503619246,44.99017359629854,3.206484915629937,0.37968239188194275,0.3791901469230652,-16.383270263671875,0,7.2513861656188965,0.0005289028049446642,180.53195190429688,10.180092811584473,44.99017359629854,3.206484915629937
2029.234619140625,157.8599395751953,-8.268330574035645,0.08448303490877151,1566.11083984375,107.2445068359375,-7.987056255340576,0.07436736673116684,1800.538818359375,158.08497619628906,-8.138505935668945,0.09534939378499985,86.41819763183594,33,1.878245234489441,1.512072205543518,84.5248794555664,505.65019041682535,2026.8899851639674,44.99137712223102,3.28295722512791,0.17579224705696106,0.1754763424396515,-70.89512634277344,0,7.333448886871338,0.0005348490085452795,1463.81005859375,11.269471168518066,44.99137712223102,3.28295722512791
100952.984375,326.82391357421875,-12.510297775268555,0.0035158025566488504,77635.46875,178.29478454589844,-12.225150108337402,0.0024940678849816322,96922.796875,290.60528564453125,-12.466064453125,0.0032561724074184895,4590.0458984375,305,2.899871587753296,2.3850796222686768,-25.525794982910156,1583.730924480411,2062.1930759714264,44.99383446055455,3.2044261635204094,0.005498271901160479,0.0054155983962118626,87.50444793701172,0,4.011884689331055,0.00029262134921737015,100296.6875,17.399229049682617,44.99383446055455,3.2044261635204094
4301.6220703125,152.35044860839844,-9.084080696105957,0.03846283629536629,3553.701416015625,109.26506042480469,-8.876702308654785,0.03339105844497681,4052.242919921875,159.9860382080078,-9.019238471984863,0.042876213788986206,213.15921020507812,51,1.786889672279358,1.6860147714614868,-43.76474380493164,1900.9980688172066,2045.8180997918753,44.99260443611681,3.181310378392769,0.06971323490142822,0.06960366666316986,2.2959015369415283,0,5.128419876098633,0.00037407453055493534,3844.357666015625,10.721338272094727,44.99260443611681,3.1813103783927685
2071.264404296875,183.5630645751953,-8.29058837890625,0.09624531120061874,1131.6455078125,106.41167449951172,-7.634275913238525,0.10211950540542603,1660.8602294921875,197.3766632080078,-8.050832748413086,0.1290602684020996,69.28270721435547,34,2.6551852226257324,1.6968302726745605,17.157413482666016,856.6492992604062,2042.3843515573215,44.99246784386632,3.257391891048683,0.3288275897502899,0.3287509083747864,17.042449951171875,0,12.096091270446777,0.0008822156232781708,280.5010681152344,15.931111335754395,44.99246784386633,3.2573918910486706
230599.15625,386.1275634765625,-13.407144546508789,0.0018184564542025328,182302.984375,244.8805694580078,-13.151984214782715,0.0014587818877771497,223980.609375,330.3974914550781,-13.375526428222656,0.001601976458914578,10302.7548828125,352,2.4448046684265137,2.3763773441314697,47.03974914550781,494.09059063515986,2085.630171186845,44.99567550157227,3.283800454288551,0.0032203802838921547,0.0031931563280522823,69.65103912353516,0,3.950413942337036,0.00028811435913667083,230686.03125,14.668828010559082,44.99567550157227,3.2838004542885386
2838.660888671875,206.46414184570312,-8.632783889770508,0.0789879709482193,1428.7542724609375,106.62185668945312,-7.887393951416016,0.08104356378316879,1943.4539794921875,213.023681640625,-8.221435546875,0.11903740465641022,78.46173858642578,47,2.5355701446533203,2.0906901359558105,65.90504455566406,1849.3522841330523,2057.775589211103,44.993484041358315,3.185073378633747,0.21636304259300232,0.21579447388648987,30.56170082092285,0,11.441180229187012,0.0008345315582118928,1678.7841796875,15.213420867919922,44.993484041358315,3.1850733786337475
1227.1734619140625,152.7913818359375,-7.722264766693115,0.13521432876586914,820.2265625,105.93540954589844,-7.284834384918213,0.14026106894016266,1201.095458984375,263.5683288574219,-7.698943614959717,0.2383117824792862,42.61895751953125,18,2.686870813369751,1.1462972164154053,41.45973205566406,746.6719281703153,2068.3608060824,44.99438116961511,3.2654030001942274,0.4291585385799408,0.4285707175731659,-33.74112319946289,2,10.512473106384277,0.0007667115423828363,962.5252075195312,16.121225357055664,44.99438116961511,3.265403000194228
41230.97265625,239.22763061523438,-11.53805923461914,0.006301117595285177,32955.9140625,140.92831420898438,-11.294833183288574,0.004644026979804039,39912.1875,226.27175903320312,-11.502763748168945,0.006156794261187315,1896.4176025390625,169,2.2366943359375,2.1615030765533447,-53.50337600708008,1394.6275953176817,2096.245686294087,44.99634544956809,3.2182031910970754,0.009918099269270897,0.009804555214941502,-83.71292877197266,0,3.9331867694854736,0.0002868758456315845,41185.51171875,13.420166015625,44.996345449568096,3.218203191097063
7244.72998046875,299.57647705078125,-9.650055885314941,0.044907134026288986,2714.176025390625,108.26892852783203,-8.584095001220703,0.04332071542739868,5925.27001953125,286.1756286621094,-9.431770324707031,0.05245106667280197,96.02957153320312,118,3.716947317123413,2.5823845863342285,-30.40683937072754,1566.4403021374837,2087.397907123838,44.99567968777874,3.2056859722923465,0.16203296184539795,0.16142499446868896,-36.36750030517578,0,12.950583457946777,0.0009445974719710648,4828.95703125,22.30168342590332,44.99567968777874,3.205685972292346
4977.52978515625,223.4340057373047,-9.242534637451172,0.04874894767999649,2808.02490234375,108.3044662475586,-8.621002197265625,0.04188661277294159,4344.47119140625,225.47239685058594,-9.094841957092285,0.056361984461545944,105.13552856445312,77,2.6468069553375244,2.2173547744750977,-47.34767532348633,1366.777030630923,2083.1461347173677,44.995390449904555,3.2202320417232175,0.13034619390964508,0.1302054524421692,0.1556101143360138,0,9.311901092529297,0.0006791821215301752,3346.7216796875,15.880842208862305,44.995390449904555,3.2202320417232175
974.2817993164062,136.9940948486328,-7.4717116355896,0.15270282328128815,360.41400146484375,105.3094482421875,-6.392004013061523,0.3173185884952545,492.9781494140625,134.4442596435547,-6.73206901550293,0.29617229104042053,35.935916900634766,13,3.1485722064971924,0.6834439039230347,-19.4816837310791,197.82361353065136,2066.9639944452447,44.99434740209277,3.30537773798647,0.6366114616394043,0.636296808719635,-24.156265258789062,16,8.77845573425293,0.0006402326980605721,-611.548583984375,18.891433715820312,44.99434740209277,3.30537773798647
1280.2352294921875,144.5710906982422,-7.768224239349365,0.12263699620962143,977.483642578125,106.09329986572266,-7.475273609161377,0.11787135899066925,1164.72509765625,159.61380004882812,-7.665558815002441,0.14882531762123108,69.17316436767578,17,1.3726941347122192,1.1659754514694214,41.246646881103516,313.97247214631903,2079.6055358791477,44.9952574349011,3.2969188550587765,0.25523343682289124,0.25492310523986816,51.95105743408203,2,6.48180627822876,0.0004727334016934037,1002.80126953125,8.236165046691895,44.995257434901085,3.2969188550588
875.3283081054688,124.0006103515625,-7.355427265167236,0.15384474396705627,557.1055908203125,105.47698974609375,-6.864843845367432,0.20561273396015167,598.9714965820312,102.20166015625,-6.943515300750732,0.18530264496803284,46.811790466308594,10,1.4384146928787231,0.858372151851654,-21.57586097717285,962.4561917371906,2069.6373833840253,44.99444872217897,3.249685232109921,0.40830856561660767,0.40782514214515686,-81.12191772460938,2,6.633538722991943,0.00048381355009041727,421.6413879394531,8.630488395690918,44.99444872217897,3.249685232109921
1274.019287109375,151.78851318359375,-7.762939929962158,0.12938761711120605,755.8350830078125,105.93641662597656,-7.196067810058594,0.15221171081066132,708.5828857421875,130.53382873535156,-7.1259765625,0.2000609189271927,41.60305404663086,10,2.534775972366333,0.6382876634597778,-61.506866455078125,855.2165020601312,2079.1338530639423,44.995156096369534,3.2574968690197728,0.3101928234100342,0.3098480999469757,80.34382629394531,2,7.6036858558654785,0.0005545669118873775,246.7426300048828,15.208656311035156,44.995156096369534,3.2574968690197728
3567.94873046875,223.5480499267578,-8.881046295166016,0.06804279237985611,1863.4923095703125,107.12708282470703,-8.175819396972656,0.06243117153644562,3002.1826171875,228.53416442871094,-8.69359302520752,0.0826692208647728,81.89019012451172,59,2.6070680618286133,2.323986053466797,-50.67201232910156,1361.9886755715593,2108.525848806199,44.99724721937277,3.2205810773006047,0.20301786065101624,0.20284171402454376,-11.706801414489746,0,10.753082275390625,0.0007842981722205877,2371.378662109375,15.64240837097168,44.997247219372774,3.2205810773005923
587.4967041015625,104.38412475585938,-6.922513484954834,0.19295625388622284,358.26141357421875,105.43130493164062,-6.385499954223633,0.3195945620536804,268.2955322265625,198.09097290039062,-6.071533679962158,0.8018277287483215,45.951812744140625,9,1.4509696960449219,0.8900832533836365,86.52924346923828,1456.8815807228211,2094.1278004234405,44.99618371619511,3.213667825592011,0.4876228868961334,0.4869697690010071,44.46342086791992,0,6.786060810089111,0.0004949598805978894,405.9449768066406,8.705818176269531,44.99618371619511,3.213667825592011
664.5477905273438,111.72923278808594,-7.0563154220581055,0.18258723616600037,178.65679931640625,105.2439193725586,-5.630048751831055,0.6397455334663391,159.79074096679688,105.84188079833984,-5.5088791847229,0.7193425893783569,51.81081008911133,10,1.6505928039550781,0.8061519861221313,68.37432098388672,1941.4949229251722,2095.1970821524856,44.99621167083104,3.1783594446579175,0.2766490876674652,0.2702959179878235,0.04835432395339012,0,6.889229774475098,0.0005025158752687275,-490.1266174316406,9.903556823730469,44.99621167083104,3.178359444657917
3525.65771484375,245.9329833984375,-8.8681001663208,0.07575415819883347,1334.522705078125,106.54420471191406,-7.813314914703369,0.08670291304588318,2297.94580078125,220.80877685546875,-8.403349876403809,0.10435334593057632,67.15697479248047,46,2.6553304195404053,2.150341033935547,45.876136779785156,1476.636047234423,2112.2570438732214,44.99750748585348,3.2122287506686797,0.2644590735435486,0.2634817063808441,-80.72708129882812,2,12.481021881103516,0.0009103403426706791,2008.4324951171875,15.931982040405273,44.99750748585348,3.2122287506686797
2591.246826171875,176.8260955810547,-8.533771514892578,0.07410839200019836,1783.898193359375,107.14987182617188,-8.128425598144531,0.0652306079864502,2057.695556640625,173.472412109375,-8.283452987670898,0.09155438095331192,99.58158874511719,42,2.000608205795288,1.7553484439849854,37.079010009765625,702.9678908819862,2116.2003862444835,44.99788584635497,3.2685872336231707,0.1591305285692215,0.15868587791919708,-12.645063400268555,0,6.59604549407959,0.00048107162001542747,1222.06396484375,12.00364875793457,44.99788584635497,3.2685872336231707
14380.404296875,293.3843994140625,-10.394427299499512,0.02215622365474701,7169.5673828125,113.92927551269531,-9.638731956481934,0.01725727505981922,13495.5791015625,295.3161926269531,-10.325478553771973,0.02376432903110981,295.26519775390625,180,3.3327431678771973,2.9989099502563477,-11.015464782714844,1465.1517024967602,2144.8272822869135,44.99989082894456,3.2130656216372926,0.06044565141201019,0.06010535731911659,84.04281616210938,0,7.015740871429443,0.0005117142572999001,13328.0615234375,19.9964599609375,44.99989082894455,3.213065621637305
1516.6011962890625,155.10165405273438,-7.952178478240967,0.11106439679861069,1160.1597900390625,106.36539459228516,-7.661294460296631,0.09956629574298859,1640.5223388671875,184.17201232910156,-8.037455558776855,0.12191897630691528,67.47096252441406,25,2.3113505840301514,1.0600610971450806,-41.16633605957031,32.13933711336671,2116.8595006868177,44.99801895659016,3.3174457370489527,0.31117507815361023,0.30988356471061707,-33.78132629394531,1,8.947988510131836,0.0006525948992930353,1907.4058837890625,13.86810302734375,44.99801895659016,3.3174457370489527
2135.59912109375,139.3709259033203,-8.323799133300781,0.07087323814630508,1782.552978515625,107.35221099853516,-8.127606391906738,0.06540310382843018,2041.0479736328125,147.5574951171875,-8.274633407592773,0.07851233333349228,117.55047607421875,32,1.7597246170043945,1.4361510276794434,-45.43790817260742,1924.9274907317968,2124.292200826933,44.99834108351293,3.179566520131103,0.1366361528635025,0.136228546500206,-27.588144302368164,0,6.195162296295166,0.0004518892092164606,1704.6353759765625,10.558347702026367,44.998341083512926,3.1795665201311274
2162.739013671875,200.5972137451172,-8.337510108947754,0.1007280945777893,816.0044555664062,105.97136688232422,-7.279231548309326,0.14103464782238007,1236.77099609375,174.7245635986328,-7.7307233810424805,0.1534244269132614,51.538352966308594,19,2.5495731830596924,1.2397215366363525,-36.42475891113281,313.7387198007143,2140.388621235012,44.99970397815208,3.296937397795278,0.39885684847831726,0.39853963255882263,30.73919677734375,2,10.650100708007812,0.0007767354254610837,1130.98388671875,15.297439575195312,44.99970397815208,3.296937397795278
768.676025390625,119.92648315429688,-7.214358329772949,0.16943439841270447,316.1225891113281,105.21137237548828,-6.249638557434082,0.36144065856933594,320.3475341796875,125.86003112792969,-6.2640533447265625,0.42667409777641296,33.39826965332031,9,1.5062018632888794,1.2220828533172607,-16.77044105529785,1984.941908499535,2122.9360107594007,44.9982360341084,3.175193518590556,0.4449237585067749,0.44365888833999634,-49.18332290649414,0,8.114546775817871,0.0005918986280448735,157.96185302734375,9.037211418151855,44.9982360341084,3.175193518590556
1821.1082763671875,156.2390594482422,-8.150839805603027,0.093171626329422,1304.441162109375,106.54737091064453,-7.7885613441467285,0.08870499581098557,1441.5428466796875,156.38677978515625,-7.897068977355957,0.11781546473503113,82.0989761352539,30,1.821738600730896,1.5495291948318481,-59.088375091552734,1849.1755576564358,2133.393282848906,44.999014210420725,3.1850861043943506,0.2274988889694214,0.2271081954240799,69.6721420288086,0,8.149776458740234,0.0005944572039879858,875.0138549804688,10.930431365966797,44.999014210420725,3.1850861043943506
6237.21240234375,110.89644622802734,-9.487476348876953,0.019308872520923615,4246.609375,110.19271087646484,-9.07010555267334,0.028179960325360298,6269.49462890625,159.7952117919922,-9.493081092834473,0.027679679915308952,415.3476257324219,36,3.8856472969055176,0.7208913564682007,52.60083770751953,866.1386453048136,2143.9522206364677,44.99989593811369,3.2567023773307087,0.06690538674592972,0.06330865621566772,42.14213562011719,2,10.023096084594727,0.0007310251239687204,2303.10546875,23.313884735107422,44.99989593811369,3.25670237733072
571.8491821289062,101.52334594726562,-6.8932037353515625,0.19280320405960083,315.08001708984375,105.21004486083984,-6.246052265167236,0.36263203620910645,291.5401916503906,92.80138397216797,-6.161746025085449,0.34568923711776733,52.06562805175781,9,2.029170274734497,0.5280447602272034,-11.807077407836914,1913.6467025605668,2131.088278261394,44.99883920850817,3.1803884717814395,0.6462656259536743,0.6438259482383728,-1.8475005626678467,16,6.174277305603027,0.00045036530354991555,-721.0387573242188,12.17502212524414,44.998839208508166,3.1803884717814523
2496.584228515625,154.22552490234375,-8.493365287780762,0.06708723306655884,1894.862548828125,107.32962036132812,-8.193943977355957,0.06151367723941803,2079.970703125,153.4085693359375,-8.295143127441406,0.08009810000658035,112.44915771484375,38,1.8285633325576782,1.4928237199783325,6.869840145111084,291.8915122563763,2145.7207190422214,45.00009683214794,3.298528715614022,0.11841384321451187,0.11817051470279694,-82.17339324951172,0,5.93603515625,0.00043292788905091584,1758.718017578125,10.971380233764648,45.00009683214794,3.298528715614022
7471.64208984375,66.84069061279297,-9.683540344238281,0.009715265594422817,7456.03369140625,114.07473754882812,-9.681269645690918,0.016615424305200577,7411.14306640625,69.53267669677734,-9.674713134765625,0.010189047083258629,2657.646484375,10,0.7067010998725891,0.5166248083114624,-46.438011169433594,866.8244725926609,2135.8961742382053,44.99930659808284,3.256652285059447,0.007741191890090704,0.007273539900779724,-9.861517906188965,3,1.329953908920288,9.699894144432619e-05,7409.39404296875,4.240206718444824,44.99930659808283,3.2566522850594586
666.7876586914062,112.02935028076172,-7.059968948364258,0.1824626922607422,320.29022216796875,105.2582778930664,-6.263859272003174,0.35689660906791687,276.7090759277344,92.77992248535156,-6.105058670043945,0.3641333281993866,37.0745964050293,7,1.2660820484161377,0.8217465877532959,77.49838256835938,399.44986136455185,2140.5956564893527,44.99970821761978,3.290694796374176,0.45716655254364014,0.45667365193367004,57.656532287597656,2,6.082846164703369,0.0004436364979483187,-83.71034240722656,7.596492290496826,44.99970821761978,3.290694796374176
1205.5992431640625,147.27369689941406,-7.703007221221924,0.13266368210315704,753.1402587890625,106.01559448242188,-7.192189693450928,0.15287050604820251,897.1552734375,138.0545654296875,-7.382169246673584,0.16711406409740448,45.588626861572266,19,1.9361655712127686,1.1476309299468994,87.45120239257812,1663.1439480068143,2153.1054599263302,45.00047498420438,3.19864059914585,0.30884265899658203,0.3080897629261017,-80.36894989013672,0,8.921268463134766,0.0006507156067527831,85.11740112304688,11.616992950439453,45.00047498420438,3.19864059914585
5821.3037109375,75.50444030761719,-9.412550926208496,0.014085817150771618,5781.99951171875,112.16507720947266,-9.405195236206055,0.02106732688844204,5804.6220703125,87.66761779785156,-9.409435272216797,0.01640193536877632,1287.2010498046875,16,1.2438700199127197,0.5554428100585938,-23.068679809570312,866.4477184065462,2138.856168801556,44.99952315159857,3.2566797781859553,0.015289335511624813,0.013702908530831337,-16.277761459350586,3,3.421093463897705,0.0002495142398402095,5823.3857421875,7.463220119476318,44.99952315159857,3.2566797781859553
1380.3035888671875,156.20806884765625,-7.849936485290527,0.12290192395448685,913.0541381835938,106.0942611694336,-7.401241302490234,0.12619006633758545,1591.713134765625,258.7419128417969,-8.004661560058594,0.17653539776802063,47.60281753540039,22,1.842100977897644,1.4985969066619873,-52.08966064453125,322.04037725565405,2148.617486910707,45.00030488496982,3.2963329736747307,0.41032227873802185,0.4097655415534973,-56.238338470458984,0,9.949896812438965,0.0007256679818965495,1610.2763671875,11.052605628967285,45.00030488496983,3.2963329736747187
639.5318603515625,107.80513763427734,-7.014655590057373,0.1830657422542572,370.8525695800781,105.65464782714844,-6.423003196716309,0.30939775705337524,210.1527099609375,105.90575408935547,-5.806337356567383,0.5472860336303711,46.03080368041992,10,1.875166893005371,0.6898687481880188,-77.11617279052734,505.8586592725287,2154.16218204383,45.000687184011646,3.282944863605388,0.2685917019844055,0.26768606901168823,-43.924659729003906,0,6.79172945022583,0.0004953388124704361,-37.16685485839844,11.251001358032227,45.000687184011646,3.2829448636053886
1142.52880859375,148.26507568359375,-7.644668102264404,0.14092937111854553,372.96295166015625,105.32544708251953,-6.429164409637451,0.30668845772743225,376.6181335449219,145.28396606445312,-6.43975305557251,0.4189346432685852,42.191200256347656,9,1.7642734050750732,0.6291630268096924,-76.42731475830078,1376.1963213540137,2153.975595681818,45.000569747567475,3.219546379518639,0.4259447157382965,0.4248230755329132,8.075652122497559,2,6.285708904266357,0.0004584629205055535,27.221996307373047,10.585639953613281,45.00056974756747,3.2195463795186505
990.4869995117188,137.9562530517578,-7.489622116088867,0.1512594223022461,360.94146728515625,105.55916595458984,-6.39359188079834,0.31760621070861816,356.23162841796875,122.37287902832031,-6.379331111907959,0.3730632960796356,50.83963394165039,10,2.3170454502105713,0.7756513953208923,85.0364761352539,2000.8151551988578,2162.511160484899,45.001128672519535,3.1740366708617254,0.7019436359405518,0.6993631720542908,66.9098892211914,2,8.017394065856934,0.0005848159198649228,503.7947692871094,13.902273178100586,45.001128672519535,3.1740366708617254
2573.1201171875,155.574951171875,-8.52614974975586,0.06566129624843597,1938.0374755859375,107.30207824707031,-8.218405723571777,0.0601278655230999,2193.0302734375,153.5074920654297,-8.352611541748047,0.07601770758628845,101.46949005126953,39,1.815521478652954,1.4934324026107788,-86.2337417602539,752.2184030500258,2164.745769305563,45.0014307444765,3.265000793923902,0.12794560194015503,0.12778232991695404,-23.1334285736084,0,6.247133731842041,0.00045562561717815697,1870.77978515625,10.893129348754883,45.0014307444765,3.2650007939239023
1432.9530029296875,158.09718322753906,-7.890579700469971,0.11981798708438873,906.5460205078125,106.12726593017578,-7.393474578857422,0.1271355301141739,1006.9354858398438,170.74559020996094,-7.507503986358643,0.1841525286436081,50.82686233520508,23,2.0031657218933105,1.7144674062728882,74.12487030029297,1715.0632242112326,2160.1916605211372,45.00098779203374,3.1948577784678873,0.38588976860046387,0.3855796456336975,77.20835876464844,0,11.103426933288574,0.0008098878897726536,331.2493896484375,12.018994331359863,45.00098779203373,3.1948577784679
2766.544189453125,184.42953491210938,-8.604844093322754,0.07239735126495361,1784.49072265625,107.19145202636719,-8.128786087036133,0.06523425132036209,2308.971435546875,188.18003845214844,-8.408546447753906,0.08850846439599991,88.76478576660156,45,2.236468553543091,1.8118185997009277,-33.67476272583008,463.21280330414174,2170.450774574155,45.00188407553965,3.2860513631819623,0.17829309403896332,0.1774827092885971,-41.458980560302734,0,10.066604614257812,0.0007341826567426324,1454.562255859375,13.418811798095703,45.00188407553965,3.286051363181962
674.9652099609375,114.02259826660156,-7.0732035636901855,0.18345914781093597,323.7330627441406,105.34578704833984,-6.275467872619629,0.35339462757110596,345.7838134765625,114.98604583740234,-6.347011566162109,0.3611356019973755,34.57574462890625,9,1.416087031364441,1.1261622905731201,7.425805568695068,892.8644995053604,2157.7028642142263,45.00089850024661,3.2547558390908655,0.5530902147293091,0.5523636341094971,76.826171875,0,7.548565864562988,0.0005505486624315381,-46.62274932861328,8.496521949768066,45.000898500246606,3.2547558390908895
1255.8997802734375,108.38838195800781,-7.747387409210205,0.09372545778751373,1141.365234375,106.42394256591797,-7.643561363220215,0.10126154124736786,1150.376220703125,109.11529541015625,-7.652099609375,0.10300908982753754,97.19759368896484,19,1.2339465618133545,1.1477205753326416,-84.28794860839844,1397.6600005412256,2172.486091028464,45.00192116857297,3.2179828288428207,0.14234481751918793,0.1420002579689026,-63.438087463378906,0,4.589077949523926,0.0003347162564750761,786.5675048828125,7.403679370880127,45.00192116857297,3.2179828288428207
794.3134155273438,121.99920654296875,-7.2499799728393555,0.16679957509040833,584.3062133789062,105.59452819824219,-6.916601181030273,0.1962595134973526,624.0758056640625,120.86942291259766,-6.988093376159668,0.21033373475074768,53.375343322753906,12,1.8557385206222534,0.7378864288330078,24.763187408447266,666.6236825864491,2178.6274798240297,45.00245670025247,3.271235725573298,0.35749465227127075,0.3563157916069031,30.011178970336914,0,6.366619110107422,0.0004643378488253802,117.83942413330078,11.134430885314941,45.00245670025247,3.2712357255733098
616.203857421875,108.35604858398438,-6.974310874938965,0.1909671127796173,391.5953063964844,105.34919738769531,-6.482093811035156,0.2921619117259979,405.4126892089844,107.17872619628906,-6.5197434425354,0.2871052026748657,35.79520034790039,9,1.4656866788864136,0.920657217502594,60.40809631347656,1107.3449319789559,2181.0342939285792,45.002579546794614,3.2391324065080203,0.5348948240280151,0.53326016664505,56.43687438964844,1,6.938146114349365,0.0005060371477156878,311.02593994140625,8.794119834899902,45.002579546794614,3.2391324065080203
1329.8436279296875,154.45883178710938,-7.809501647949219,0.12613685429096222,689.8795166015625,105.97674560546875,-7.096932888031006,0.16682732105255127,775.6846313476562,129.76242065429688,-7.224213123321533,0.18167433142662048,46.15746307373047,13,2.239638328552246,0.8886879086494446,-89.05027770996094,1595.296766482073,2187.386689737542,45.0029893397958,3.203583944911849,0.3859110474586487,0.385403573513031,44.356361389160156,2,8.44033145904541,0.0006156325107440352,25.992034912109375,13.437829971313477,45.002989339795796,3.203583944911861
25398.69921875,544.922607421875,-11.012028694152832,0.02329985238611698,3790.29443359375,109.55541229248047,-8.94668197631836,0.031389959156513214,23312.01953125,538.575927734375,-10.918950080871582,0.025089779868721962,117.40459442138672,380,6.300357341766357,5.327826976776123,-23.60352897644043,1998.095846527237,2246.5558676134033,45.00727518202389,3.1742343673270947,0.18645231425762177,0.18588575720787048,-10.6815767288208,0,23.62616729736328,0.0017233870457857847,19624.49609375,37.80214309692383,45.00727518202388,3.1742343673271183
3717.872802734375,114.57479095458984,-8.925736427307129,0.03346758335828781,3006.144775390625,108.5498046875,-8.695024490356445,0.03921470791101456,3165.690185546875,102.36210632324219,-8.751171112060547,0.035115644335746765,418.1817626953125,24,2.1263697147369385,0.5704012513160706,-1.9230332374572754,225.4405103567068,2187.096047334597,45.00313214003277,3.303369553219586,0.06022457033395767,0.057356685400009155,-0.4771053194999695,19,6.574018478393555,0.00047945600817911327,2185.269287109375,12.758218765258789,45.00313214003277,3.3033695532195737
4854.6748046875,117.55945587158203,-9.215400695800781,0.026298273354768753,2909.490478515625,108.59150695800781,-8.659542083740234,0.040532998740673065,4708.43310546875,138.59033203125,-9.182190895080566,0.03196585550904274,285.1177673339844,38,3.723080635070801,0.5927022099494934,33.62881088256836,69.37691312330148,2204.6707197993105,45.00443813482096,3.3147362800628746,0.11794727295637131,0.11376515030860901,33.90655517578125,3,8.890254974365234,0.000648381479550153,4130.97607421875,22.338483810424805,45.00443813482095,3.314736280062887
3680.942138671875,71.2820053100586,-8.914897918701172,0.021030554547905922,3008.733642578125,108.59331512451172,-8.695959091186523,0.039196670055389404,3560.962890625,91.629638671875,-8.878918647766113,0.02794463001191616,619.46337890625,15,2.829059600830078,0.3129405379295349,34.90000534057617,57.39569722260744,2196.927450430039,45.003873235412215,3.3156086456034752,0.07976651936769485,0.07607375830411911,34.490177154541016,3,5.604644775390625,0.0004087564302608371,2845.573486328125,16.97435760498047,45.003873235412215,3.3156086456034752
2235.619873046875,55.233646392822266,-8.373495101928711,0.026830920949578285,2192.642822265625,107.70149993896484,-8.35241985321045,0.053343765437603,2174.341796875,74.9443588256836,-8.3433198928833,0.03743182122707367,400.816162109375,9,1.5287641286849976,0.37052300572395325,7.358428001403809,220.19768011434581,2186.1450713787317,45.00306325063793,3.303751372339591,0.050651490688323975,0.04715660586953163,8.735833168029785,19,4.463124752044678,0.00032550437026657164,1826.9532470703125,9.172584533691406,45.00306325063792,3.303751372339603
778.3551635742188,122.1771240234375,-7.227944374084473,0.17046763002872467,263.0521545410156,105.55902862548828,-6.05010461807251,0.4357961118221283,196.63592529296875,118.56222534179688,-5.734157085418701,0.6548069715499878,36.289066314697266,10,1.8632653951644897,0.8831310272216797,61.8829345703125,1005.6003786754743,2207.6074877978913,45.004535165908145,3.2465444863921724,0.6361491680145264,0.6343982219696045,41.28390884399414,0,7.668800354003906,0.0005593232926912606,-424.33160400390625,11.17959213256836,45.00453516590814,3.246544486392184
990.31005859375,136.10330200195312,-7.4894280433654785,0.1492544561624527,622.85986328125,105.56065368652344,-6.985975742340088,0.18405243754386902,763.2389526367188,185.90052795410156,-7.206651210784912,0.2645147740840912,48.19233322143555,10,1.7359464168548584,0.770858645439148,-81.37885284423828,1467.9205450247337,2221.2498021526644,45.005479793560774,3.2128643534532433,0.5105088949203491,0.509519636631012,49.568416595458984,2,6.908926963806152,0.0005039260722696781,507.9333801269531,10.415678024291992,45.005479793560774,3.2128643534532433
576.6798095703125,102.48491668701172,-6.902337074279785,0.1929989904165268,229.05419921875,105.34973907470703,-5.899845600128174,0.499487966299057,235.0536346435547,108.99156951904297,-5.92791748046875,0.50356525182724,41.25015640258789,9,1.3893722295761108,1.0023466348648071,67.85052490234375,581.3174282188174,2217.4710544851664,45.005308661115905,3.277450096335343,0.5044417977333069,0.5021987557411194,44.8227424621582,0,7.049557209014893,0.0005141443107277155,-238.8401641845703,8.336233139038086,45.0053086611159,3.2774500963353543
18533.54296875,400.89739990234375,-10.669896125793457,0.02349116839468479,3978.0830078125,109.94465637207031,-8.999184608459473,0.030014431104063988,15910.8876953125,413.26910400390625,-10.504236221313477,0.028207743540406227,133.67996215820312,273,8.556703567504883,2.312575340270996,-74.37556457519531,1563.2519256516266,2304.5726391729977,45.011563141421014,3.2059191336701724,0.16836796700954437,0.16585902869701385,-72.99913024902344,0,26.6969051361084,0.0019472637213766575,1408.9208984375,51.3402214050293,45.011563141421014,3.2059191336701844
4071.783203125,153.2214813232422,-9.02446174621582,0.04086625576019287,3260.4638671875,109.02461242675781,-8.783198356628418,0.03631407395005226,3823.24267578125,165.8414306640625,-8.956079483032227,0.04710760340094566,191.8328399658203,50,1.91612708568573,1.684677004814148,60.54137420654297,613.9501613175524,2234.4971435947577,45.00654997248485,3.2750735518852743,0.07148583233356476,0.07144340127706528,5.6408891677856445,0,4.715948104858398,0.0003439480788074434,3683.08203125,11.4967622756958,45.00654997248484,3.2750735518852863
16055.2470703125,192.2108154296875,-10.514042854309082,0.013001415878534317,12951.5400390625,120.22395324707031,-10.280803680419922,0.010080902837216854,15601.73828125,194.64657592773438,-10.482932090759277,0.01354888640344143,780.3681640625,106,2.072948932647705,1.9202104806900024,60.45095443725586,697.2707441167063,2245.8774417290433,45.00737197550287,3.269004760838659,0.021339088678359985,0.02126285992562771,86.23260498046875,0,3.9989888668060303,0.0002916595549322665,15921.8076171875,12.43769359588623,45.00737197550287,3.2690047608386594
813.7081909179688,119.68107604980469,-7.276171684265137,0.15973004698753357,551.8869018554688,105.5947494506836,-6.854625225067139,0.20778876543045044,644.590087890625,136.2116241455078,-7.023209095001221,0.22948820888996124,45.94398880004883,7,0.9820511341094971,0.6275188326835632,-40.73372268676758,373.93805078549866,2220.1082430944784,45.005527923991714,3.292554864815381,0.3730628192424774,0.371508926153183,4.6799092292785645,2,4.371114730834961,0.00031879497691988945,582.598388671875,5.892306804656982,45.00552792399171,3.2925548648153926
891.9628295898438,127.01959228515625,-7.375866889953613,0.15465137362480164,553.2459106445312,105.55502319335938,-6.857295513153076,0.20720036327838898,530.6493530273438,126.9489517211914,-6.812018871307373,0.2598072588443756,49.27550506591797,11,1.6344491243362427,1.1530297994613647,-14.087505340576172,1846.657495790698,2229.5021444846784,45.00604312786997,3.1852693877751856,0.4361706078052521,0.4356133043766022,5.775158405303955,2,8.21138858795166,0.0005989563069306314,241.13442993164062,9.806694984436035,45.00604312786997,3.185269387775186
2616.82373046875,205.76869201660156,-8.54443645477295,0.0853954330086708,1232.2608642578125,106.41525268554688,-7.726756572723389,0.09378449618816376,1402.9234619140625,159.81405639648438,-7.867585182189941,0.1237117126584053,63.705081939697266,32,2.0200681686401367,1.471248745918274,-25.874061584472656,466.1157082650375,2281.7080319717784,45.01002209823527,3.285842540672928,0.24166329205036163,0.24096056818962097,-3.2485084533691406,0,10.325791358947754,0.0007530845468863845,-92.23664855957031,12.12040901184082,45.01002209823527,3.285842540672928
3962084.0,1185.405029296875,-16.494810104370117,0.0003249173460062593,2285868.5,790.4799194335938,-15.897627830505371,0.0003755514626391232,3877125.5,1063.8392333984375,-16.471275329589844,0.00029798608738929033,53779.97265625,1397,3.7306430339813232,2.8944480419158936,-89.85015869140625,1719.636812807074,2355.9117813143166,45.01530089834714,3.1945246831813683,0.0012086257338523865,0.0010111532174050808,89.57807922363281,4,19.71549415588379,0.001438079634681344,3953975.0,22.38385772705078,45.01530089834714,3.1945246831813683
1529.4532470703125,139.1115264892578,-7.961340427398682,0.09877720475196838,1113.718017578125,106.26557922363281,-7.61693811416626,0.10362085700035095,1174.661376953125,138.32418823242188,-7.674781799316406,0.12788371741771698,70.40494537353516,25,1.651839256286621,1.3582912683486938,35.9134407043457,534.7258042565559,2239.8165494494697,45.00694906783848,3.280844211368992,0.18883928656578064,0.18826840817928314,73.09268951416016,0,7.1403584480285645,0.0005207653739489615,611.2054443359375,9.911035537719727,45.00694906783848,3.280844211368992
1667.00341796875,168.70314025878906,-8.054841041564941,0.10990475863218307,850.9822387695312,105.89176177978516,-7.324801445007324,0.13513612747192383,689.5001220703125,161.93890380859375,-7.0963358879089355,0.2550625503063202,50.50001907348633,27,2.5259387493133545,1.218814730644226,37.22956848144531,180.96055476811114,2245.052680840771,45.00737766416243,3.306610683236883,0.2608584463596344,0.2606373727321625,-36.194435119628906,0,10.510241508483887,0.0007665299926884472,-228.6980438232422,15.155632019042969,45.00737766416243,3.306610683236883
4041.764892578125,225.4501495361328,-9.016427993774414,0.060577213764190674,2015.380859375,107.39881896972656,-8.260892868041992,0.05787249282002449,3412.087158203125,204.53555297851562,-8.832550048828125,0.06509962677955627,102.96488952636719,53,2.4704055786132812,1.9402475357055664,78.62744903564453,359.03913302975303,2260.477707449689,45.00848289222362,3.2936410312638813,0.17963807284832,0.17919105291366577,-85.75009155273438,2,10.098640441894531,0.0007365148630924523,2637.136962890625,14.822433471679688,45.00848289222362,3.2936410312638813
5471.38232421875,246.16770935058594,-9.345242500305176,0.04886116832494736,2605.86572265625,108.3770751953125,-8.53987979888916,0.04516637325286865,4562.90380859375,240.1660614013672,-9.148103713989258,0.05716104432940483,107.92232513427734,87,3.0101025104522705,2.221667766571045,-88.01590728759766,341.3540226653636,2273.6140886798903,45.00944611062949,3.294929455497104,0.14845894277095795,0.1481199562549591,30.613597869873047,0,10.682926177978516,0.0007791272364556789,3899.815673828125,18.06061553955078,45.00944611062949,3.2949294554971043
1214.9937744140625,148.58351135253906,-7.711435317993164,0.132808655500412,589.879638671875,105.39420318603516,-6.926908493041992,0.1940363645553589,586.1637573242188,140.1142120361328,-6.920047283172607,0.25959303975105286,54.895084381103516,19,1.965964913368225,1.1777600049972534,-44.2053337097168,1661.601874524996,2249.1349962029994,45.00749817617353,3.198753143183787,0.3097194731235504,0.30905619263648987,26.695777893066406,0,8.512409210205078,0.0006208980921655893,40.754573822021484,11.79578971862793,45.00749817617353,3.1987531431837866
717.8206176757812,115.36705017089844,-7.140039920806885,0.17454028129577637,315.0521240234375,105.33472442626953,-6.245955944061279,0.36309391260147095,346.65838623046875,95.20782470703125,-6.349754333496094,0.29826393723487854,40.06991958618164,11,1.479449987411499,0.7536349892616272,67.134521484375,1203.8952980259749,2248.5191293125745,45.007504116712866,3.2320996411712013,0.3551594913005829,0.35310399532318115,61.330589294433594,0,6.2998833656311035,0.0004594905476551503,-25.000755310058594,8.876699447631836,45.00750411671287,3.2320996411711898
1630.77587890625,153.1307373046875,-8.030985832214355,0.10197598487138748,957.9264526367188,106.10979461669922,-7.4533305168151855,0.12029654532670975,1007.938232421875,130.0025177001953,-7.508584976196289,0.1400708258152008,62.97829818725586,20,1.6104145050048828,1.2327157258987427,-7.318569183349609,1919.8054105551275,2249.2614845689895,45.007480786629834,3.179939289433465,0.21687300503253937,0.2167300283908844,-30.187246322631836,0,7.522143840789795,0.0005486885202117264,883.7593383789062,9.662487030029297,45.007480786629834,3.179939289433465
2081.508056640625,120.32781219482422,-8.295945167541504,0.0627794861793518,1911.6756591796875,107.26908111572266,-8.203535079956055,0.0609382800757885,2005.0653076171875,133.5098114013672,-8.255321502685547,0.07231268286705017,99.69761657714844,28,1.5541913509368896,1.3128833770751953,85.19982147216797,1421.1541956305275,2254.9639350939583,45.007950707923605,3.2162717626904316,0.1159009039402008,0.11510022729635239,-63.60837936401367,0,5.915997505187988,0.00043150177225470543,1573.9141845703125,9.32514762878418,45.007950707923605,3.216271762690432
1329.3238525390625,142.06382751464844,-7.80907678604126,0.11605999618768692,912.603759765625,105.76317596435547,-7.400705814361572,0.1258583515882492,861.9602661132812,141.15548706054688,-7.338717937469482,0.17784446477890015,68.5898208618164,22,1.9207720756530762,1.2041133642196655,76.49270629882812,1104.1702096187846,2261.5365837561194,45.00846788597424,3.2393647164176502,0.20738522708415985,0.20679759979248047,31.215356826782227,0,8.116280555725098,0.0005919664399698377,349.5472106933594,11.524632453918457,45.00846788597425,3.2393647164176382
2088.494873046875,193.48170471191406,-8.299583435058594,0.10060887783765793,876.2879638671875,106.04771423339844,-7.356616973876953,0.13142691552639008,965.6812744140625,150.9878387451172,-7.4620842933654785,0.16980011761188507,56.48630142211914,24,2.499652147293091,1.0548449754714966,56.01051712036133,85.35319405510984,2343.9974675313124,45.014628421192555,3.3135767738742956,0.2474319189786911,0.24650238454341888,59.41452407836914,0,9.723042488098145,0.0007091138395480812,198.5501708984375,14.997913360595703,45.01462842119255,3.3135767738743076
785.1896362304688,108.64643859863281,-7.237436294555664,0.15026947855949402,802.1222534179688,105.82978820800781,-7.26060152053833,0.14328382909297943,911.7109985351562,108.82121276855469,-7.3996429443359375,0.12962423264980316,51.37694549560547,13,1.557032823562622,0.8748685717582703,16.78450584411621,1931.7185655152734,2257.610572788475,45.008090174500424,3.179071168681398,0.29300758242607117,0.29203224182128906,27.203441619873047,2,6.648916721343994,0.00048499397234991193,372.3288879394531,9.34219741821289,45.00809017450042,3.17907116868141
757.85009765625,119.36531829833984,-7.198958396911621,0.17105062305927277,87.72508239746094,104.91949462890625,-4.857809543609619,1.2988595962524414,-90.60491943359375,166.04444885253906,99.0,99.0,32.08189010620117,9,1.6541434526443481,0.9838106036186218,-25.647415161132812,55.62305928875934,2261.5029533326997,45.0085975459669,3.3157396272417428,2.220130205154419,2.21625018119812,22.53019142150879,0,7.626043796539307,0.0005561788566410542,-148.19949340820312,9.924860954284668,45.00859754596689,3.3157396272417548
6714.4912109375,305.99853515625,-9.567532539367676,0.04949212074279785,2157.002685546875,107.90068817138672,-8.334627151489258,0.05432545021176338,5513.5234375,318.9014587402344,-9.353572845458984,0.06281409412622452,86.87197875976562,59,2.522235631942749,1.987101435661316,-81.36619567871094,1599.9267000033026,2277.2069271504456,45.00955779356083,3.203246909563562,0.21793395280838013,0.2173794060945511,-35.69306564331055,2,11.1952543258667,0.0008165806066244841,5611.73583984375,15.133413314819336,45.00955779356083,3.203246909563562
21404.576171875,377.2480773925781,-10.826266288757324,0.019140366464853287,7126.6826171875,113.84029388427734,-9.632218360900879,0.017347561195492744,19569.970703125,380.6043395996094,-10.728975296020508,0.02112094685435295,246.59954833984375,275,4.380634784698486,3.7758331298828125,-53.65989303588867,233.34329338317286,2320.4867307870227,45.01288897586812,3.302797572121206,0.07632331550121307,0.07604067772626877,-42.46176528930664,0,10.456426620483398,0.0007626042934134603,17407.732421875,26.283809661865234,45.01288897586812,3.3027975721212055
785.5138549804688,120.8363265991211,-7.237884521484375,0.16706039011478424,541.7601318359375,105.41594696044922,-6.834517478942871,0.211314395070076,582.1878051757812,149.9184112548828,-6.912657737731934,0.2796544134616852,47.00343322753906,12,1.8036621809005737,1.4248746633529663,59.186981201171875,1653.0253095450773,2274.599577449441,45.0093614042736,3.199378094986086,0.6298660039901733,0.6289333701133728,-75.78856658935547,0,9.598519325256348,0.0007001197664067149,-267.0229187011719,10.821972846984863,45.0093614042736,3.1993780949860855
8278.9033203125,256.7518005371094,-9.79493236541748,0.03367987647652626,3845.488037109375,109.5831069946289,-8.96237850189209,0.03094724379479885,6917.8623046875,261.9092712402344,-9.599929809570312,0.04111580550670624,137.39471435546875,118,3.825035810470581,2.1058714389801025,-74.79808044433594,1701.9307019390835,2306.4640068018603,45.011686544459394,3.195814781750707,0.10710957646369934,0.10590310394763947,-74.507568359375,0,11.560622215270996,0.000843244488351047,4842.7578125,22.950214385986328,45.01168654445938,3.195814781750733
3982.623291015625,90.78581237792969,-9.000423431396484,0.024755891412496567,2631.45947265625,108.24718475341797,-8.550491333007812,0.04467347264289856,3794.923583984375,178.5275421142578,-8.948007583618164,0.05108954384922981,450.53302001953125,24,7.337895393371582,0.4981878399848938,28.232521057128906,1438.7471546249465,2291.160539730819,45.01059600988277,3.214990254914112,0.09880881011486053,0.0942901074886322,26.186309814453125,19,11.456963539123535,0.0008356531616300344,-8652.494140625,44.027374267578125,45.01059600988277,3.214990254914112
19587.17578125,318.4122619628906,-10.72992992401123,0.017654189839959145,8808.3125,115.5418930053711,-9.862232208251953,0.014245462603867054,18523.337890625,330.6800231933594,-10.66929817199707,0.01938735321164131,311.9049072265625,223,3.7562263011932373,3.303567886352539,61.5684700012207,774.6433028816089,2328.941909104056,45.01343803076701,3.2633704332184448,0.05464383214712143,0.05384891480207443,27.49791145324707,0,7.69883918762207,0.0005615052650682628,17938.4140625,22.537357330322266,45.01343803076701,3.2633704332184448
6001.0732421875,93.7296371459961,-9.445571899414062,0.01696203090250492,4426.5927734375,110.3324966430664,-9.115174293518066,0.027068469673395157,5904.4609375,130.84912109375,-9.427950859069824,0.02406691201031208,1077.8349609375,26,3.464440107345581,0.5336175560951233,-29.49761962890625,1688.586293627069,2282.5397166058765,45.00993830814271,3.1967870653770536,0.056695468723773956,0.0538070909678936,-18.53668975830078,19,8.132256507873535,0.0005931733176112175,3175.16259765625,20.786640167236328,45.0099383081427,3.1967870653770656
10667.1123046875,110.02297973632812,-10.070116996765137,0.01120124664157629,9753.5458984375,116.67268371582031,-9.972906112670898,0.012990816496312618,10287.650390625,159.06178283691406,-10.030790328979492,0.01679111272096634,1330.5220947265625,35,2.1934311389923096,1.1985353231430054,20.086109161376953,1675.4351695106734,2289.2213869606426,45.0104283557697,3.1977452981572814,0.027743732556700706,0.025694355368614197,27.876317977905273,2,9.70849895477295,0.0007081447984091938,9246.818359375,13.160587310791016,45.0104283557697,3.1977452981572934
794.174072265625,121.98149108886719,-7.249789237976074,0.16680461168289185,476.8555908203125,105.74789428710938,-6.695967197418213,0.24083228409290314,434.1934814453125,116.03598022460938,-6.594208240509033,0.2902279198169708,42.676639556884766,12,2.1417553424835205,0.7249963879585266,13.874481201171875,30.21676064491994,2280.429459418751,45.0099854828107,3.317590536751626,0.41885626316070557,0.4179500341415405,-28.523286819458008,16,7.447671890258789,0.0005431692115962505,442.67205810546875,12.850532531738281,45.00998548281069,3.3175905367516387
2968.590576171875,81.149169921875,-8.681375503540039,0.029686814174056053,2587.38232421875,108.15203857421875,-8.532151222229004,0.045394573360681534,3803.29638671875,111.35415649414062,-8.950400352478027,0.03179626166820526,508.3919982910156,19,3.060286045074463,0.446448415517807,25.133657455444336,1433.691957166624,2288.706540930452,45.01041710071528,3.215358542499704,0.0871436595916748,0.01563667319715023,23.476655960083008,19,6.981813430786133,0.0005092422943562269,1636.86083984375,18.361717224121094,45.01041710071527,3.2153585424997164
4968.361328125,88.1165771484375,-9.240532875061035,0.019260797649621964,4494.41748046875,110.2960433959961,-9.131683349609375,0.02665117383003235,4517.66455078125,71.77642059326172,-9.137285232543945,0.017254311591386795,1081.2667236328125,13,0.9559134244918823,0.5595141649246216,58.45218276977539,1822.3985343878815,2295.302693408351,45.01085771656436,3.1870369191430465,0.016511505469679832,0.015150505118072033,46.34829330444336,0,2.7005088329315186,0.00019698140386026353,4257.31591796875,5.735480308532715,45.01085771656436,3.187036919143047
582.4182739257812,103.5302963256836,-6.913087368011475,0.1930466592311859,465.0791015625,105.15188598632812,-6.668817043304443,0.24553875625133514,602.8558959960938,199.96580505371094,-6.950533866882324,0.3602235019207001,39.28464126586914,9,1.477354884147644,0.8437713980674744,2.3783955574035645,1372.8356857364947,2312.6777463593776,45.012177111818204,3.2197924573562804,0.5134217739105225,0.5127891898155212,0.6710066795349121,1,6.665666580200195,0.0004861800989601761,488.45684814453125,8.864129066467285,45.012177111818204,3.2197924573562684
2155145.25,913.87158203125,-15.833691596984863,0.0004605093563441187,1663541.125,676.6220092773438,-15.552583694458008,0.00044171526678837836,2096130.0,794.4594116210938,-15.803545951843262,0.00041160755790770054,52891.578125,1059,2.9060614109039307,2.7751760482788086,80.09053802490234,1583.460525913633,2412.2880745754037,45.01943852470713,3.2044471176530975,0.0012064353795722127,0.0010827076621353626,89.90978240966797,4,9.875398635864258,0.0007203163113445044,2144735.5,17.436368942260742,45.01943852470713,3.204447117653098
564.2860107421875,99.81712341308594,-6.878748416900635,0.19210363924503326,369.3235778808594,105.36235046386719,-6.418517589569092,0.30981916189193726,496.2751770019531,134.4475555419922,-6.739306449890137,0.29421186447143555,51.50468826293945,9,1.1299155950546265,0.8044639229774475,-1.0166172981262207,1376.8562953030873,2315.789862540307,45.0124042634116,3.219499558269974,0.376376748085022,0.3754903972148895,23.94344711303711,1,5.680173873901367,0.000414300593547523,458.2765197753906,6.77949333190918,45.0124042634116,3.2194995582699732
885.997314453125,126.01679992675781,-7.3685808181762695,0.1544634997844696,601.5162963867188,105.40902709960938,-6.948118686676025,0.19030939042568207,750.22412109375,124.57349395751953,-7.1879777908325195,0.18032853305339813,55.45033645629883,11,2.0198872089385986,0.7813705205917358,1.6007717847824097,131.45732956502806,2331.1090184906025,45.01367946664819,3.310218535766273,0.5129814743995667,0.5113505721092224,27.571428298950195,2,7.509158611297607,0.0005476533551700413,156.61456298828125,12.11932373046875,45.013679466648185,3.3102185357662846
2020.4659423828125,183.27761840820312,-8.263628959655762,0.09851168096065521,1035.6552734375,106.24930572509766,-7.53803825378418,0.11141423881053925,1466.607177734375,158.49290466308594,-7.9157843589782715,0.11736155301332474,59.873653411865234,23,1.8963093757629395,1.4965084791183472,82.32235717773438,1230.2054410218143,2347.264858637601,45.0147231175065,3.2301839860364554,0.34140393137931824,0.3407372534275055,56.490386962890625,2,10.088890075683594,0.0007358523434959352,1179.1163330078125,11.377856254577637,45.0147231175065,3.2301839860364554
7111.08935546875,169.32887268066406,-9.629839897155762,0.0258597731590271,5712.4208984375,112.1988296508789,-9.392050743103027,0.021330349147319794,6834.4013671875,183.7998504638672,-9.586750984191895,0.029206162318587303,320.1928405761719,71,2.0565149784088135,1.7620521783828735,-41.25990295410156,829.5122793756262,2351.335594140589,45.01506914316146,3.2593739833911615,0.044206708669662476,0.04413756728172302,-28.483978271484375,0,4.149993896484375,0.0003026760241482407,6988.771484375,12.339090347290039,45.01506914316146,3.2593739833911615
16582.798828125,253.0398406982422,-10.549144744873047,0.016571464017033577,9983.7109375,117.31090545654297,-9.99822998046875,0.012760750949382782,15784.62890625,267.6452941894531,-10.495586395263672,0.018414294347167015,395.3907775878906,161,3.1247692108154297,2.5320816040039062,77.36788177490234,1788.191041357962,2378.0922807098823,45.01691577861261,3.1895294038726787,0.039141491055488586,0.03887205198407173,56.5926513671875,0,5.943882942199707,0.00043356174137443304,14389.228515625,18.748615264892578,45.01691577861261,3.1895294038726787
2790.68798828125,166.22256469726562,-8.614277839660645,0.06468573212623596,2089.1845703125,107.53175354003906,-8.299942016601562,0.05589715763926506,2496.0078125,167.39840698242188,-8.493114471435547,0.07283417135477066,113.7698974609375,43,1.8271723985671997,1.7933602333068848,-45.796714782714844,994.9361646814434,2350.2733430165094,45.01497116068485,3.2473234685356984,0.13510547578334808,0.13453224301338196,-82.09416198730469,0,6.40744686126709,0.0004673280636779964,2465.387939453125,10.963034629821777,45.014971160684844,3.2473234685357104
2824.477294921875,153.48953247070312,-8.627345085144043,0.05901610106229782,2263.807861328125,107.6276626586914,-8.387099266052246,0.05163142830133438,2444.930419921875,149.39646911621094,-8.47066593170166,0.06635958701372147,148.1766815185547,41,1.719052791595459,1.5174273252487183,-84.84245300292969,781.6398213509613,2355.7007562695508,45.01539437845303,3.262861290686249,0.08978407829999924,0.08967239409685135,50.47061538696289,2,4.367373943328857,0.00031852925894781947,2485.150390625,10.314316749572754,45.015394378453024,3.2628612906862613
4506.00048828125,142.0028533935547,-9.134477615356445,0.034224387258291245,3918.901611328125,109.71292114257812,-8.982911109924316,0.03040347620844841,4411.8740234375,154.02197265625,-9.111557960510254,0.037913110107183456,230.94677734375,48,1.7710700035095215,1.4912781715393066,-30.29190444946289,1577.5711128512125,2350.6118643382792,45.014928597913766,3.204876008416898,0.060779131948947906,0.060706671327352524,3.5031473636627197,0,4.437740802764893,0.0003236891352571547,3666.907958984375,10.626420021057129,45.014928597913766,3.204876008416898
937.0875854492188,132.95155334472656,-7.429450511932373,0.15407885611057281,623.1065673828125,105.56097412109375,-6.986405849456787,0.18398010730743408,651.4790649414062,136.21841430664062,-7.034750938415527,0.2270728349685669,47.68673324584961,14,1.5166057348251343,1.45095956325531,-15.411938667297363,1844.425684149143,2349.955304082305,45.01485226446126,3.185431761536878,0.35966384410858154,0.359056681394577,-0.7972596883773804,0,8.877791404724121,0.0006475723348557949,286.4644470214844,9.099634170532227,45.01485226446126,3.1854317615368775
620.352294921875,103.5311508178711,-6.981595993041992,0.18124350905418396,633.2986450195312,105.65680694580078,-7.004021167755127,0.18118354678153992,714.6484985351562,110.57471466064453,-7.135231018066406,0.1680324524641037,41.26801681518555,10,1.325028419494629,0.8610877394676208,31.14487075805664,238.32890285755764,2349.0022221375525,45.01497425406798,3.3024352304792317,0.3580222427845001,0.3569888174533844,32.86232376098633,2,6.373824119567871,0.00046485307393595576,500.43896484375,7.950170516967773,45.01497425406798,3.302435230479244
7147.0712890625,238.94122314453125,-9.635320663452148,0.0363072045147419,3951.29248046875,110.19029998779297,-8.99184799194336,0.03028544783592224,6784.7138671875,239.1282196044922,-9.578828811645508,0.038276225328445435,186.46359252929688,102,2.976140022277832,2.206688404083252,63.98371124267578,478.26475883761594,2386.1774474156186,45.0176621932797,3.284960125511457,0.09989704191684723,0.09950994700193405,49.28746032714844,0,7.298641204833984,0.0005323069635778666,6043.69580078125,17.856840133666992,45.0176621932797,3.2849601255114567
6144.2587890625,156.702392578125,-9.471173286437988,0.027697205543518066,5145.33203125,111.24308013916016,-9.278533935546875,0.023479530587792397,5950.3486328125,168.20643615722656,-9.436355590820312,0.030699409544467926,289.3304138183594,61,1.853001356124878,1.7343474626541138,58.20979309082031,1533.1061193763182,2379.3627470147358,45.017036141570266,3.2081158885551657,0.05006270110607147,0.049925968050956726,82.02812957763672,0,4.347488880157471,0.00031710488838143647,5642.90478515625,11.11800765991211,45.017036141570266,3.2081158885551657
1461.41552734375,154.0135040283203,-7.9119343757629395,0.11444976925849915,1015.2611083984375,106.09986114501953,-7.516444206237793,0.11349242925643921,1295.695556640625,168.39340209960938,-7.781257629394531,0.14114059507846832,66.89237976074219,24,1.964326024055481,1.6641076803207397,1.7158939838409424,272.93362229195867,2375.3069920218213,45.01689388863256,3.29991552331143,0.3077588379383087,0.30707240104675293,-21.996234893798828,0,9.052403450012207,0.0006602064822800457,990.8842163085938,11.785956382751465,45.01689388863256,3.299915523311418
745.8784790039062,113.77607727050781,-7.181670188903809,0.1656581163406372,613.42529296875,106.0037612915039,-6.969404220581055,0.18766765296459198,876.866943359375,226.8001708984375,-7.357334136962891,0.2808920741081238,48.312347412109375,12,1.468866229057312,1.1623846292495728,-60.48249435424805,1038.9300266416951,2377.2677320296866,45.016940194979355,3.2441189788809277,0.47570115327835083,0.47536611557006836,10.89734172821045,0,7.812862396240234,0.0005698350723832846,873.3014526367188,8.813197135925293,45.01694019497935,3.2441189788809397
1316.3455810546875,152.42127990722656,-7.79842472076416,0.12574927508831024,708.7982788085938,105.83544158935547,-7.126306533813477,0.16215798258781433,935.6198120117188,224.41036987304688,-7.427748680114746,0.2604793608188629,49.02174758911133,12,1.9182695150375366,0.9370134472846985,-49.76942825317383,907.2239890536421,2392.8253937795726,45.01809415145523,3.2537137475678874,0.4034034311771393,0.4027901887893677,30.804649353027344,2,8.017898559570312,0.0005847824504598975,836.8230590820312,11.50961685180664,45.01809415145523,3.2537137475678874
3578.21826171875,219.9718780517578,-8.884166717529297,0.06676212698221207,1854.0997314453125,106.99267578125,-8.170332908630371,0.06266871094703674,2686.9130859375,195.85153198242188,-8.573134422302246,0.07915952801704407,98.72511291503906,54,2.943403482437134,1.4820399284362793,33.43565368652344,1129.076499637864,2416.5063900144855,45.01979921108724,3.2375522879084944,0.18493027985095978,0.18404683470726013,30.423343658447266,2,10.905484199523926,0.0007954057073220611,804.6478881835938,17.66042137145996,45.01979921108724,3.2375522879084944
7403.31640625,160.45541381835938,-9.673565864562988,0.023537367582321167,6181.08642578125,112.36951446533203,-9.477662086486816,0.019743015989661217,7330.53369140625,173.7692413330078,-9.66283893585205,0.025743473321199417,349.78009033203125,67,1.8645143508911133,1.7648853063583374,-23.111122131347656,1240.8073604080614,2421.686696262812,45.02016484418405,3.2294123918674646,0.04165877401828766,0.04164499789476395,-9.996630668640137,0,4.1197662353515625,0.0003004844475071877,6814.216796875,11.18708610534668,45.02016484418405,3.2294123918674646
7689.74462890625,174.69241333007812,-9.7147798538208,0.024671295657753944,6024.55322265625,112.29928588867188,-9.449811935424805,0.020243331789970398,7247.21826171875,193.37603759765625,-9.650428771972656,0.028977515175938606,349.8748474121094,76,2.2158203125,1.8859387636184692,42.267372131347656,1449.34005712948,2433.873555936203,45.02103209068484,3.2142194011392164,0.042101792991161346,0.04197461158037186,-63.04677200317383,0,4.16928243637085,0.000304104236420244,6642.57373046875,13.294921875,45.021032090684834,3.214219401139228
1342.360107421875,148.335693359375,-7.819672584533691,0.12000696361064911,934.3800048828125,105.9974594116211,-7.426308631896973,0.12319745123386383,1095.8590087890625,145.1956024169922,-7.599386692047119,0.14388933777809143,58.400909423828125,22,1.9785645008087158,1.238081932067871,-38.73644256591797,606.0312918067416,2419.478218885778,45.02008150724977,3.275654373682217,0.2920128405094147,0.29085588455200195,-27.865398406982422,1,9.369800567626953,0.0006833668448962271,771.3648681640625,11.871387481689453,45.02008150724977,3.2756543736822294
965.8575439453125,135.83030700683594,-7.462282657623291,0.1527261584997177,595.92138671875,105.65072631835938,-6.937972545623779,0.1925366222858429,463.8630676269531,137.6324920654297,-6.6659746170043945,0.32222631573677063,39.14871597290039,9,1.959364652633667,0.4936736524105072,39.67939376831055,1976.1002954063138,2417.647704245919,45.01978926674185,3.1758362936630626,0.35595497488975525,0.3544209599494934,36.11271667480469,0,5.862247943878174,0.00042762208613567054,1746.301025390625,11.756187438964844,45.01978926674185,3.175836293663062
937.252685546875,128.23324584960938,-7.4296417236328125,0.14858458936214447,469.17266845703125,105.4895248413086,-6.6783318519592285,0.2441779524087906,472.7915954589844,115.13426208496094,-6.68667459487915,0.26446282863616943,59.165061950683594,15,1.6691890954971313,0.9432041049003601,-70.74877166748047,1541.747029233806,2418.9629086312434,45.019931276675,3.2074864805749526,0.23567931354045868,0.23508484661579132,-70.89112091064453,1,7.4998064041137695,0.0005470365285873413,50.271629333496094,10.015134811401367,45.019931276675,3.2074864805749526
1757.4185791015625,166.2733612060547,-8.112188339233398,0.10274892300367355,1227.82421875,106.40965270996094,-7.722840309143066,0.09411842375993729,1455.7618408203125,157.7918701171875,-7.907725811004639,0.11771291494369507,62.52510452270508,29,1.8257765769958496,1.6327390670776367,57.66564178466797,570.9261460480933,2427.148682557771,45.02064707229179,3.2782116461474393,0.2404307723045349,0.2401994913816452,-4.637936592102051,0,10.341476440429688,0.0007542322273366153,791.7142333984375,10.954659461975098,45.02064707229179,3.2782116461474393
623.3419189453125,104.32799530029297,-6.986815929412842,0.18176253139972687,496.4147644042969,105.60710144042969,-6.739611625671387,0.2310352623462677,529.91845703125,131.18658447265625,-6.810522556304932,0.26885008811950684,45.79457473754883,10,1.7041292190551758,1.180206537246704,-48.95561599731445,277.90281838184353,2422.3702666866598,45.020335869255725,3.2995548654563525,0.48368850350379944,0.4831570088863373,-67.45468139648438,0,8.484806060791016,0.0006188100669533014,423.4886779785156,10.224775314331055,45.020335869255725,3.299554865456352
983.4054565429688,128.7200927734375,-7.4818315505981445,0.1421489119529724,798.146728515625,105.90742492675781,-7.255207061767578,0.14410315454006195,674.9127197265625,118.18046569824219,-7.073119163513184,0.19016382098197937,48.70909881591797,16,1.8532246351242065,0.9089211821556091,-6.243221759796143,1199.762216988744,2420.5137043065465,45.02008389111007,3.2324026854303054,0.30767664313316345,0.3066170811653137,2.7001781463623047,0,7.759739398956299,0.0005659713060595095,-98.80213165283203,11.11934757232666,45.02008389111007,3.232402685430317
1674.11376953125,179.46141052246094,-8.059462547302246,0.11641687154769897,703.5828857421875,105.62185668945312,-7.118288040161133,0.16303031146526337,1110.18359375,230.7628631591797,-7.613487243652344,0.22573605179786682,43.56927490234375,9,1.9246549606323242,0.5874497294425964,-14.328685760498047,1974.7736097295904,2421.8032496466035,45.02009329107357,3.1759329514292394,0.43563374876976013,0.4353944659233093,49.31019592285156,19,6.344557285308838,0.00046280428068712354,1980.2161865234375,11.547929763793945,45.02009329107357,3.175932951429252
305011.6875,428.19573974609375,-13.71079158782959,0.0015245991526171565,240581.703125,274.9371032714844,-13.453156471252441,0.001241082325577736,296262.71875,362.2139587402344,-13.679192543029785,0.0013277551624923944,13482.75390625,412,2.4859073162078857,2.4476239681243896,15.578128814697266,314.5011341714033,2493.1734980859756,45.02551010490045,3.296891081556728,0.0027331169694662094,0.0027157627046108246,73.44351196289062,0,3.9563732147216797,0.00028854451375082135,304593.25,14.915443420410156,45.02551010490045,3.2968910815567396
974.3983154296875,125.79975891113281,-7.471841335296631,0.14020809531211853,698.5306396484375,105.73966979980469,-7.110463619232178,0.1643926203250885,744.8403930664062,116.39488220214844,-7.1801581382751465,0.1697072833776474,67.28670501708984,16,1.4958840608596802,1.0609644651412964,-29.0529842376709,142.33498170071613,2432.57473070448,45.02110039353813,3.3094292231017217,0.26753178238868713,0.2670811712741852,-58.388423919677734,0,5.248833656311035,0.0003828034386970103,634.6481323242188,8.97530460357666,45.02110039353813,3.3094292231017217
23809.59765625,201.44735717773438,-10.941880226135254,0.009188388474285603,19401.943359375,127.22418212890625,-10.719613075256348,0.0071212174370884895,23321.587890625,199.35287475585938,-10.919395446777344,0.009283125400543213,1118.01611328125,120,2.080704689025879,1.9542678594589233,39.2859001159668,1253.3097064457972,2472.954657904157,45.023912898258445,3.228502068251102,0.015002713538706303,0.014908283948898315,-80.8726577758789,0,3.8952367305755615,0.0002841090608853847,23116.26953125,12.484228134155273,45.023912898258445,3.228502068251102
41451.31640625,228.48435974121094,-11.543846130371094,0.0059861550107598305,33583.14453125,141.6173858642578,-11.315303802490234,0.004579573404043913,40568.5546875,221.78146362304688,-11.52047348022461,0.005936979316174984,1971.3175048828125,153,2.176574945449829,2.0739707946777344,62.634212493896484,276.8343090447605,2478.965630544199,45.02447585736577,3.299634238120436,0.009884122759103775,0.009826458990573883,68.7737808227539,0,4.007052421569824,0.00029224014724604785,41620.9609375,13.059450149536133,45.02447585736577,3.299634238120448
918.5477905273438,125.8136215209961,-7.407754421234131,0.14874957501888275,382.3048400878906,105.33735656738281,-6.456024646759033,0.29922816157341003,310.6554870605469,120.520751953125,-6.2306976318359375,0.42132052779197693,30.761411666870117,9,2.3041775226593018,0.7511834502220154,45.920284271240234,891.2338821002279,2453.430866527491,45.02252882498251,3.25487961513688,0.7463548183441162,0.7459948062896729,-41.6807861328125,0,7.866818428039551,0.0005737635656259954,-249.2844696044922,13.825065612792969,45.02252882498251,3.25487961513688
681.19921875,113.81842803955078,-7.083185195922852,0.18145471811294556,445.7751770019531,105.29361724853516,-6.6227898597717285,0.2565169036388397,464.2233581542969,117.94084930419922,-6.666817665100098,0.27590978145599365,44.162601470947266,10,1.4660348892211914,1.0985766649246216,73.20707702636719,941.3092309884718,2454.4705731964796,45.0225986658041,3.251231738489165,0.40019261837005615,0.3996344804763794,30.755258560180664,0,7.586211204528809,0.0005533002549782395,-192.89768981933594,8.796209335327148,45.0225986658041,3.251231738489165
1256.685302734375,149.23992919921875,-7.748066425323486,0.12896989285945892,821.9620971679688,105.97891235351562,-7.2871294021606445,0.1400223970413208,920.8748779296875,160.7753448486328,-7.410501480102539,0.1896045058965683,64.05261993408203,20,2.092203140258789,1.4469925165176392,-52.348140716552734,1967.9596127262093,2461.8224821359063,45.023020543447416,3.176429300252242,0.29436513781547546,0.2936217784881592,76.8135986328125,0,9.944336891174316,0.0007253928342834115,1218.9061279296875,12.553218841552734,45.02302054344741,3.1764293002522543
3750.98779296875,256.66400146484375,-8.93536376953125,0.0743103176355362,1166.818359375,106.66139221191406,-7.667508125305176,0.09927362203598022,1655.8822021484375,183.58822631835938,-8.047574043273926,0.12040518969297409,61.6783332824707,32,2.384352207183838,1.6458747386932373,62.24827575683594,1990.292837358093,2510.3150361207868,45.02656449928778,3.1748014939734883,0.24152351915836334,0.24115583300590515,-16.768198013305664,2,11.872093200683594,0.0008660220773890615,1831.468505859375,14.306113243103027,45.02656449928778,3.1748014939735003
2345.335205078125,200.00978088378906,-8.425512313842773,0.09261389076709747,1099.10498046875,106.1646957397461,-7.602598190307617,0.1048988625407219,1710.1251220703125,181.8316650390625,-8.08257007598877,0.11547061055898666,64.84855651855469,28,2.346127510070801,1.2161753177642822,-63.440399169921875,1529.397555805639,2481.448670902521,45.024502411216766,3.208386573188045,0.2988949120044708,0.29755643010139465,-63.33842086791992,3,9.603692054748535,0.0007004962535575032,1245.04638671875,14.076765060424805,45.024502411216766,3.208386573188045
10616.5390625,244.9232635498047,-10.064957618713379,0.02505398914217949,6203.1328125,112.59037017822266,-9.481527328491211,0.019711513072252274,10441.2431640625,256.55950927734375,-10.046880722045898,0.02668491005897522,252.68914794921875,129,2.7955546379089355,2.5894713401794434,55.564697265625,1894.7613683359446,2502.155899068509,45.02597752625115,3.181763334281344,0.06480676680803299,0.06460969150066376,41.10576248168945,3,6.233377933502197,0.00045469184988178313,10218.6201171875,16.773326873779297,45.02597752625115,3.181763334281344
7163.1318359375,167.1396484375,-9.637757301330566,0.025339985266327858,5781.705078125,112.12570190429688,-9.405139923095703,0.02106100507080555,7024.7392578125,180.9403839111328,-9.616575241088867,0.027972746640443802,330.5562744140625,70,2.0564565658569336,1.7915282249450684,77.21611022949219,1819.6009151707729,2500.015097524454,45.025828767703494,3.1872404255857303,0.045216090977191925,0.045136019587516785,-83.11351013183594,0,4.2261247634887695,0.00030826934380456805,6061.14453125,12.338739395141602,45.02582876770349,3.1872404255857414
997.5628051757812,132.00912475585938,-7.497350692749023,0.14371216297149658,724.370361328125,105.85519409179688,-7.149901866912842,0.15870161354541779,815.015380859375,141.11082458496094,-7.277914524078369,0.18802878260612488,62.00392532348633,16,2.4228527545928955,0.9462714791297913,78.7974624633789,1306.5583876251126,2499.5278602899584,45.0258500838542,3.2246228025463934,0.46926021575927734,0.46783211827278137,80.4791259765625,0,9.062907218933105,0.0006610318087041378,342.3615417480469,14.537117004394531,45.0258500838542,3.224622802546394
3331.41455078125,228.43557739257812,-8.806571960449219,0.07446717470884323,1297.815185546875,106.33343505859375,-7.783031940460205,0.0889788568019867,2718.3681640625,245.45433044433594,-8.585770606994629,0.09806007891893387,73.52418518066406,55,3.4244961738586426,2.038027763366699,-50.09585189819336,1892.1296397447195,2515.000189846682,45.026917089113184,3.181955069511925,0.3106372356414795,0.3094215393066406,-48.10552978515625,3,15.481411933898926,0.0011292879935353994,1114.696044921875,20.546977996826172,45.026917089113184,3.1819550695119254
684.7677001953125,114.77664947509766,-7.088858127593994,0.18202880024909973,125.61620330810547,105.09297180175781,-5.24761438369751,0.9085688591003418,66.91143798828125,104.68403625488281,-4.563750743865967,1.6990647315979004,33.604286193847656,9,1.9682515859603882,0.6304728984832764,11.424556732177734,1961.872200399543,2492.058471646404,45.02523227955386,3.1768727575638347,0.3804059326648712,0.3697677552700043,-1.5328632593154907,16,6.650453090667725,0.0004851205740123987,-644.65771484375,11.80950927734375,45.025232279553855,3.1768727575638467
564.3474731445312,99.83222961425781,-6.878866672515869,0.1921117901802063,448.97186279296875,105.46380615234375,-6.630548000335693,0.25510215759277344,372.96905517578125,99.73393249511719,-6.429182052612305,0.29040223360061646,72.6008529663086,9,1.7682501077651978,0.7010911703109741,44.985084533691406,1900.9350360903948,2497.816651922705,45.02565956686139,3.1813134567233163,0.33750563859939575,0.3361227810382843,41.600765228271484,3,4.6899285316467285,0.0003421056899242103,575.0519409179688,10.609500885009766,45.02565956686139,3.1813134567233163
1186.99658203125,144.28782653808594,-7.686123847961426,0.13201098144054413,525.8529052734375,105.64452362060547,-6.802160739898682,0.21817879378795624,807.0750122070312,195.67994689941406,-7.267284870147705,0.2633069157600403,49.91114807128906,9,1.6145981550216675,0.5926408767700195,-83.71275329589844,1153.5238495723527,2511.0135230557094,45.026708227085145,3.2357724096911578,0.7322384715080261,0.7305588722229004,63.93681716918945,2,5.830160140991211,0.00042523344745859504,543.7662963867188,9.687588691711426,45.026708227085145,3.2357724096911578
1739.221435546875,173.60829162597656,-8.100887298583984,0.10840402543544769,959.436279296875,106.02919006347656,-7.455040454864502,0.12001600116491318,1019.4560546875,152.4775390625,-7.520921230316162,0.16243036091327667,69.29325103759766,28,2.078054189682007,1.3121660947799683,-32.55492401123047,801.0620910938816,2509.0048167521077,45.026604809094835,3.261449379852828,0.25714126229286194,0.25652623176574707,-60.54127502441406,0,8.16268253326416,0.0005953381187282503,706.3822021484375,12.468324661254883,45.02660480909484,3.2614493798528157
4491.66748046875,78.12275695800781,-9.13101863861084,0.018888600170612335,3130.258544921875,108.8641357421875,-8.738950729370117,0.03776891157031059,4494.115234375,98.69477081298828,-9.131610870361328,0.023849526420235634,676.6641845703125,18,3.1866135597229004,0.31114843487739563,46.49027633666992,239.5670864179557,2523.4986786084,45.027738328046595,3.3023499003227683,0.06185559183359146,0.006692855153232813,48.02598190307617,3,5.936243534088135,0.00043293763883411884,1777.524169921875,19.11968231201172,45.027738328046595,3.3023499003227688
715.7221069335938,115.05451202392578,-7.1368608474731445,0.17457781732082367,371.45751953125,105.15719604492188,-6.4247727394104,0.3074394762516022,362.28668212890625,101.8902359008789,-6.39763069152832,0.3054288327693939,41.2738037109375,11,1.89273202419281,0.6364691257476807,-56.77085876464844,662.5821556684056,2512.785940346305,45.026899036313445,3.271537081856867,0.4222223162651062,0.41886845231056213,-69.90523529052734,0,6.551450729370117,0.0004778186557814479,97.3490982055664,11.356391906738281,45.026899036313445,3.271537081856867
4631.47998046875,172.40126037597656,-9.164299011230469,0.04042503982782364,3489.6201171875,109.26641845703125,-8.856945037841797,0.034004658460617065,4515.3876953125,177.84242248535156,-9.136737823486328,0.0427730418741703,189.43341064453125,60,1.9791150093078613,1.835939645767212,-59.41845703125,866.4045662060287,2532.349833081148,45.02830401439178,3.256689766097077,0.08308090269565582,0.0826740488409996,-43.05141067504883,0,5.244345188140869,0.00038249429780989885,4238.51513671875,11.874690055847168,45.028304014391786,3.256689766097065
4085.066162109375,88.52629852294922,-9.027997970581055,0.023534394800662994,3341.08056640625,108.96331787109375,-8.809717178344727,0.03541792929172516,4461.20263671875,111.1647720336914,-9.123629570007324,0.02706107497215271,529.0597534179688,23,2.9048118591308594,0.4725872576236725,47.064720153808594,248.18739751280094,2532.6686178740547,45.02840792468675,3.3017222817337655,0.08304866403341293,0.07956594228744507,46.462364196777344,3,6.998615264892578,0.0005104177980683744,2295.593505859375,17.428871154785156,45.028407924686746,3.3017222817337775
2425.2802734375,195.74334716796875,-8.461904525756836,0.0876506045460701,1105.345458984375,106.25499725341797,-7.608745098114014,0.10439535230398178,1188.525634765625,146.0323944091797,-7.687521457672119,0.1334352195262909,82.47837829589844,28,2.0678701400756836,1.2215869426727295,-87.13593292236328,1272.5524333984563,2545.7102545993203,45.02923160214054,3.227100843832578,0.19109448790550232,0.19026972353458405,-69.13291931152344,0,7.4909868240356445,0.0005463778506964445,839.0883178710938,12.407220840454102,45.02923160214054,3.227100843832578
1818.0059814453125,157.43649291992188,-8.148988723754883,0.09404591470956802,1326.3941650390625,106.49287414550781,-7.8066816329956055,0.08719222247600555,1539.7535400390625,150.0461883544922,-7.9686279296875,0.10582873225212097,85.57261657714844,30,2.1556146144866943,1.2048134803771973,-31.097999572753906,741.7009271602975,2533.6155790798543,45.02841239330783,3.265774104829274,0.20527935028076172,0.20453183352947235,-44.41469192504883,0,9.555320739746094,0.0006969055393710732,855.955078125,12.933687210083008,45.02841239330783,3.265774104829274
837.1580200195312,123.81866455078125,-7.307018756866455,0.16062328219413757,432.72900390625,105.484619140625,-6.590539932250977,0.26472988724708557,416.6307373046875,110.21224212646484,-6.549378395080566,0.28728196024894714,45.23793029785156,13,2.042764902114868,0.686156690120697,42.58240509033203,1997.2834278253326,2536.293048422073,45.02846352641999,3.1742918870881205,0.3585689663887024,0.3565261662006378,46.62627410888672,0,7.0725884437561035,0.0005159192369319499,1008.6326293945312,12.256589889526367,45.02846352641999,3.1742918870881205
4011.05517578125,195.2335205078125,-9.008146286010742,0.05285980552434921,2553.934326171875,108.0295181274414,-8.518024444580078,0.04593699052929878,3422.7041015625,200.21768188476562,-8.835923194885254,0.0635276660323143,123.3079833984375,61,2.2419025897979736,2.051090955734253,57.19048309326172,930.1803618404726,2553.0092296181924,45.02980702376169,3.252044096957927,0.12712189555168152,0.12677431106567383,40.12799835205078,0,7.895081996917725,0.0005758288316428661,2789.73095703125,13.451416015625,45.02980702376169,3.2520440969579267
1794.5738525390625,61.53532791137695,-8.134902954101562,0.03723857179284096,1852.1767578125,107.43926239013672,-8.169205665588379,0.06299562752246857,1854.5474853515625,74.36920166015625,-8.170595169067383,0.043549682945013046,303.3480224609375,11,1.5737097263336182,0.40676119923591614,51.19228744506836,253.37350438104752,2538.2665652336937,45.02881670028184,3.3013446978120298,0.06942880898714066,0.06569705903530121,44.7701301574707,3,4.751301288604736,0.00034651844180189073,1640.024169921875,9.442258834838867,45.02881670028184,3.3013446978120298
2541.950927734375,96.99998474121094,-8.512917518615723,0.04144139215350151,2079.0126953125,107.6410903930664,-8.294642448425293,0.056227754801511765,2352.3544921875,126.28852844238281,-8.428756713867188,0.05830300599336624,221.5310821533203,24,2.460345983505249,0.7101635932922363,48.325138092041016,262.6938138864352,2547.890044309115,45.029519372871306,3.3006661005614713,0.09834621101617813,0.09487969428300858,46.21064758300781,3,7.904271602630615,0.0005764687084592879,679.24365234375,14.762075424194336,45.029519372871306,3.3006661005614713
3265.834716796875,224.29173278808594,-8.784985542297363,0.07458455115556717,1607.25146484375,107.17357635498047,-8.015209197998047,0.07241586595773697,3034.755859375,285.2000732421875,-8.705309867858887,0.10206003487110138,74.97761535644531,25,1.5805107355117798,1.3837684392929077,73.8878402709961,54.4962036158493,2549.346603223693,45.029654156795495,3.3158303952468073,0.22685189545154572,0.22608977556228638,-49.287742614746094,3,8.137490272521973,0.0005934720393270254,3810.461669921875,9.483064651489258,45.029654156795495,3.315830395246807
3990.025146484375,71.48273468017578,-9.002439498901367,0.019456081092357635,4047.617919921875,109.91015625,-9.017998695373535,0.02948955073952675,4133.6123046875,81.1198501586914,-9.040823936462402,0.02131214737892151,994.8150634765625,15,1.1909241676330566,0.6003276109695435,44.46004104614258,257.227505979013,2542.1617693274475,45.02910110381457,3.3010640920438017,0.018958967179059982,0.018477872014045715,30.44757843017578,3,2.612682580947876,0.0001905462850118056,3754.90234375,7.14554500579834,45.02910110381457,3.301064092043802
4590.0673828125,201.0787811279297,-9.154547691345215,0.04757480323314667,2992.622802734375,108.65397644042969,-8.690130233764648,0.03942970186471939,4531.29833984375,239.6923828125,-9.140556335449219,0.05744621157646179,125.91048431396484,68,2.308973550796509,1.9511606693267822,-46.88796615600586,33.47264785021622,2562.7759039732446,45.03063938322299,3.3173620477343153,0.11710373312234879,0.11676665395498276,-46.66519546508789,2,7.095827102661133,0.0005175022524781525,4706.75390625,13.853841781616211,45.030639383223,3.3173620477343033
5521.6552734375,88.21947479248047,-9.355173110961914,0.017351020127534866,4475.22705078125,110.35202026367188,-9.12703800201416,0.026779042556881905,5466.56787109375,107.39418029785156,-9.344286918640137,0.02133515663444996,665.1261596679688,23,2.801586151123047,0.43380990624427795,-81.23709106445312,1112.7960125696109,2563.230489936843,45.030532082289334,3.2387402778700474,0.04640434682369232,0.008957062847912312,-79.61587524414062,0,6.5807905197143555,0.00047998083755373955,3057.55126953125,16.80951690673828,45.030532082289334,3.2387402778700474
1077.5340576171875,139.1275634765625,-7.581077575683594,0.14022065699100494,508.28436279296875,105.4148178100586,-6.7652668952941895,0.22522923350334167,1922.9752197265625,268.45684814453125,-8.20993423461914,0.15161097049713135,40.56500244140625,9,1.5470662117004395,0.7957152724266052,-46.080604553222656,54.452498434748186,2548.62425824745,45.02960132352257,3.315833556089673,0.5288031101226807,0.5273069739341736,-14.911688804626465,19,6.623558521270752,0.00048305996460840106,2109.94384765625,9.282397270202637,45.02960132352257,3.315833556089673
7533.498046875,223.20164489746094,-9.69249153137207,0.03217588737607002,4559.21484375,110.57295989990234,-9.147225379943848,0.026338359341025352,6692.49560546875,233.52035522460938,-9.563970565795898,0.03789365291595459,205.57101440429688,99,2.9099600315093994,2.174586296081543,-51.65595626831055,651.9412724551003,2579.121479467124,45.03175228064225,3.2723136423879744,0.07750746607780457,0.07730172574520111,-41.63167953491211,0,6.799808025360107,0.0004959320067428052,5383.77197265625,17.459760665893555,45.031752280642245,3.2723136423879864
682.8281860351562,114.0069808959961,-7.085778713226318,0.18132172524929047,240.53538513183594,105.03157043457031,-5.952947616577148,0.4742099940776825,281.90093994140625,129.25047302246094,-6.125241279602051,0.4979267418384552,41.1796875,10,1.9207721948623657,1.0542253255844116,0.6242321133613586,2022.4335152379126,2554.8041894380203,45.02981469652633,3.172458894760151,0.6244785189628601,0.6221988797187805,-0.04288486763834953,0,8.513858795166016,0.0006210589199326932,72.39749908447266,11.524633407592773,45.02981469652632,3.172458894760163
3229.246826171875,186.6383056640625,-8.77275276184082,0.06276670843362808,2118.779052734375,107.44657897949219,-8.315214157104492,0.05507274717092514,2450.88818359375,180.56919860839844,-8.473308563232422,0.08001105487346649,97.3090591430664,51,1.9638913869857788,1.9499374628067017,-86.59317016601562,685.9821522577085,2572.2513291434157,45.031245387717966,3.2698337775724626,0.13440565764904022,0.13424250483512878,-29.79268455505371,0,7.710480213165283,0.0005623518954962492,2137.60205078125,11.783348083496094,45.031245387717966,3.269833777572462
5912.61767578125,185.60943603515625,-9.429449081420898,0.03409181162714958,4230.814453125,110.09398651123047,-9.066060066223145,0.028259823098778725,5595.3916015625,225.24673461914062,-9.369576454162598,0.043717753142118454,194.51150512695312,73,2.14335298538208,2.0608227252960205,15.320895195007324,288.9845509837067,2582.977497468477,45.03208234360388,3.2987521121007823,0.07321593165397644,0.0730283260345459,-62.30828857421875,0,5.647400379180908,0.0004118724900763482,5952.2919921875,12.86011791229248,45.03208234360389,3.298752112100771
8166.2548828125,141.7706298828125,-9.780056953430176,0.018853550776839256,2646.28515625,108.18470001220703,-8.556591987609863,0.04439755156636238,7660.69921875,197.02340698242188,-9.710671424865723,0.02793053351342678,1103.0518798828125,33,3.707818031311035,0.509522020816803,79.58323669433594,1754.182516102897,2629.854101372031,45.03533077199527,3.192007387271255,0.09880288690328598,0.01639343798160553,79.03705596923828,2,8.221579551696777,0.0005997144617140293,3919.408203125,22.24690818786621,45.03533077199527,3.192007387271267
1817.282958984375,157.755126953125,-8.14855670928955,0.09427374601364136,1287.1485595703125,106.48448944091797,-7.77407169342041,0.08984366804361343,1365.2928466796875,125.23468017578125,-7.838064670562744,0.09961588680744171,83.4515609741211,23,1.673728585243225,1.0990984439849854,54.4002685546875,986.3338066803487,2600.2810317219482,45.03325736129778,3.247954011076595,0.20041199028491974,0.19966161251068115,55.44044876098633,2,5.663205146789551,0.000413049798225984,829.8862915039062,10.04237174987793,45.03325736129778,3.247954011076595
696.362060546875,111.74546813964844,-7.1070876121521,0.17427080869674683,418.0770568847656,105.5489273071289,-6.553140640258789,0.27417466044425964,417.6854248046875,130.23426818847656,-6.552123069763184,0.33861467242240906,43.901268005371094,11,2.0077366828918457,1.0224918127059937,5.169035911560059,779.6490808901586,2594.2867861495674,45.03284502143937,3.263010899493941,0.489871621131897,0.48969218134880066,38.07789611816406,0,8.572854995727539,0.0006252535386011004,-1082.003662109375,12.046420097351074,45.03284502143937,3.263010899493941
6884.69189453125,182.92849731445312,-9.594711303710938,0.028855372220277786,5254.888671875,111.68914031982422,-9.301408767700195,0.023082204163074493,6362.32470703125,188.16519165039062,-9.509039878845215,0.03211835399270058,305.4857177734375,77,1.9763476848602295,1.961552381515503,-0.08012232184410095,473.8959951967512,2615.622000261312,45.034445360648725,3.285283955819588,0.04730495437979698,0.04717544466257095,-46.50386428833008,0,4.113043308258057,0.000299973355140537,6269.37353515625,11.858085632324219,45.034445360648725,3.285283955819588
634.0305786132812,110.33384704589844,-7.005275726318359,0.1889854520559311,228.5825653076172,105.18284606933594,-5.897607803344727,0.4997256398200989,200.10536193847656,108.9485092163086,-5.753146648406982,0.5912789106369019,37.925987243652344,9,1.8909645080566406,0.7162469029426575,-87.83491516113281,1421.1387379128441,2596.028261215893,45.03289418656979,3.2162752493023743,0.3982902467250824,0.39580774307250977,-75.02053833007812,0,6.951127052307129,0.000507013697642833,-100.28614807128906,11.345787048339844,45.03289418656979,3.2162752493023747
1954.8111572265625,158.01805114746094,-8.227762222290039,0.08778730779886246,1366.623291015625,106.62570190429688,-7.8391218185424805,0.08473111689090729,1439.4810791015625,178.59451293945312,-7.895514965057373,0.13473857939243317,78.0207290649414,32,1.9693470001220703,1.6736881732940674,85.2827377319336,1370.6303083075077,2608.5223563180034,45.03381376540121,3.2199554858875277,0.18287937343120575,0.1823684722185135,-84.73822784423828,0,8.973928451538086,0.0006545521318912506,1296.0872802734375,11.816082000732422,45.03381376540121,3.219955485887539
805.9495849609375,117.91866302490234,-7.2657694816589355,0.1588928997516632,576.2644653320312,105.66716766357422,-6.901554584503174,0.1991351991891861,480.440185546875,140.7921142578125,-6.704098224639893,0.31825029850006104,46.442359924316406,13,1.3509173393249512,1.0327720642089844,1.2321964502334595,49.295185726347654,2601.282460357396,45.03345393233352,3.3162108275482804,0.2598824203014374,0.25931182503700256,-23.080812454223633,0,6.860208034515381,0.0005003180122002959,728.7070922851562,8.105504035949707,45.033453932333515,3.3162108275482924
55200.4453125,254.9693145751953,-11.854856491088867,0.0050162035040557384,43853.05859375,150.92501831054688,-11.604999542236328,0.0037375856190919876,54480.42578125,241.64706420898438,-11.840600967407227,0.0048169358633458614,2507.404052734375,189,2.305954694747925,2.2520623207092285,41.023216247558594,700.1595651303126,2638.387587933394,45.036080755953584,3.268802398183337,0.008232316002249718,0.008210590109229088,75.83155822753906,3,3.9573280811309814,0.0002886222500819713,56573.03515625,13.83572769165039,45.036080755953584,3.2688023981833374
685593.375,571.7669677734375,-14.590166091918945,0.000905695662368089,537146.875,393.9703063964844,-14.32523250579834,0.0007965265540406108,665080.4375,483.2427978515625,-14.557185173034668,0.00078907998977229,30705.123046875,589,2.58656907081604,2.5500853061676025,8.247601509094238,708.7768933622774,2681.0358198584036,45.03919888458494,3.2681755404632593,0.001768305548466742,0.0017577775288373232,77.81194305419922,0,3.9947562217712402,0.000291352451313287,684310.6875,15.519414901733398,45.03919888458494,3.2681755404632593
1189.82666015625,149.24664306640625,-7.688709259033203,0.13622307777404785,577.6256713867188,105.62747192382812,-6.904116153717041,0.19859130680561066,569.4595947265625,154.93165588378906,-6.888657093048096,0.29546570777893066,45.0451774597168,14,1.9039688110351562,0.7846218347549438,-77.39496612548828,806.2006060694403,2622.1469273832204,45.034879283117384,3.2610772012680944,0.36579030752182007,0.3646637201309204,62.4426155090332,2,7.303835868835449,0.0005327003891579807,251.72225952148438,11.423812866210938,45.034879283117384,3.2610772012680944
6849.7294921875,118.60684967041016,-9.589183807373047,0.01880468986928463,6025.13671875,112.37789916992188,-9.44991683959961,0.020255539566278458,6073.95263671875,111.14434051513672,-9.458678245544434,0.019872192293405533,662.7914428710938,27,1.6657400131225586,0.7505279183387756,-36.752098083496094,186.06516518580875,2623.7246950215367,45.035076787268736,3.306249711390755,0.027751799672842026,0.02552226185798645,-33.75931930541992,0,6.675485134124756,0.00048684890498407185,5430.919921875,9.994440078735352,45.035076787268736,3.306249711390755
14500.833984375,169.4312744140625,-10.403482437133789,0.012689088471233845,12935.3037109375,120.27861022949219,-10.279441833496094,0.010098145343363285,15948.57421875,189.18846130371094,-10.506804466247559,0.01288257259875536,667.4680786132812,84,2.074145793914795,1.8144689798355103,51.46904754638672,694.8526802609351,2644.2233714415356,45.036508269888884,3.2691891116371212,0.023004431277513504,0.022816447541117668,-54.52553176879883,3,4.3105902671813965,0.00031438679434359074,17225.341796875,12.44487476348877,45.036508269888884,3.269189111637121
634.6126098632812,110.39383697509766,-7.006271839141846,0.18891479074954987,150.3465576171875,104.95791625976562,-5.4427337646484375,0.7581437230110168,139.04254150390625,78.51225280761719,-5.3578691482543945,0.6132246255874634,34.84994888305664,5,1.1248201131820679,0.6954604983329773,9.447466850280762,602.4386848036813,2619.0589510192526,45.03467979353542,3.275920538811072,0.44792208075523376,0.4448488652706146,19.712753295898438,2,5.163830757141113,0.0003766134614124894,-130.70994567871094,6.748920440673828,45.0346797935354,3.275920538811095
974.24609375,134.12876892089844,-7.4716715812683105,0.14951442182064056,632.577392578125,105.69730377197266,-7.002784252166748,0.18145965039730072,782.8866577148438,152.98590087890625,-7.234247207641602,0.21221806108951569,52.34701156616211,15,2.1605494022369385,1.2811346054077148,3.9373881816864014,919.4934347610872,2626.930302853586,45.035214763659454,3.252823890380336,0.4960388243198395,0.49416154623031616,17.00635528564453,0,9.963268280029297,0.0007266731117852032,232.48406982421875,12.963296890258789,45.03521476365945,3.252823890380348
2214.982666015625,140.78712463378906,-8.363426208496094,0.06902754306793213,1792.4498291015625,107.0788803100586,-8.133617401123047,0.06487638503313065,1965.277587890625,144.4908447265625,-8.233559608459473,0.07984472811222076,119.68466186523438,33,1.6635149717330933,1.4764931201934814,-89.84296417236328,1376.7626994071597,2639.0796705973166,45.03604778185059,3.2195089059420776,0.12210287153720856,0.12152879685163498,86.67665100097656,0,5.815280914306641,0.00042416382348164916,1718.6746826171875,9.98108959197998,45.03604778185059,3.2195089059420776
2199.417236328125,167.54937744140625,-8.355769157409668,0.08273038268089294,1547.7767333984375,106.81261444091797,-7.974270820617676,0.07494524121284485,1425.427734375,162.54795837402344,-7.884862899780273,0.12384147942066193,90.29783630371094,36,1.9284064769744873,1.5783993005752563,-72.14705657958984,877.5165425591546,2653.2765330931634,45.03714695263357,3.2558824132924546,0.14278914034366608,0.14187216758728027,-64.13358306884766,0,6.718928337097168,0.0004900447092950344,831.3773803710938,11.570438385009766,45.03714695263356,3.2558824132924666
88267.453125,454.47845458984375,-12.364501953125,0.0055916826240718365,26244.890625,134.3171844482422,-11.047612190246582,0.005557975731790066,85949.5859375,486.4616394042969,-12.335609436035156,0.006146595347672701,773.293212890625,581,6.1949615478515625,4.0933122634887695,47.875,1855.8727801322143,2721.512830682955,45.04202280680664,3.1845965602728663,0.024859759956598282,0.023984793573617935,52.23564147949219,0,11.928653717041016,0.0008701463812030852,82451.0625,37.169769287109375,45.04202280680664,3.184596560272866
3202.568115234375,213.35049438476562,-8.76374626159668,0.07234776020050049,1736.12060546875,107.13084411621094,-8.098949432373047,0.06701383739709854,2344.373291015625,171.15606689453125,-8.425066947937012,0.07928579300642014,92.13253784179688,43,1.9726879596710205,1.7450072765350342,-8.620939254760742,1785.867634751201,2696.636784348909,45.04021110906102,3.1896983069622493,0.18358497321605682,0.18334631621837616,1.0268170833587646,0,6.914902210235596,0.0005044059944339097,2121.747802734375,11.836128234863281,45.04021110906102,3.1896983069622493
2453.839111328125,212.28428649902344,-8.474615097045898,0.0939510390162468,888.5408935546875,105.98067474365234,-7.3716936111450195,0.1295326054096222,933.361572265625,166.14027404785156,-7.425124645233154,0.1933102309703827,56.755496978759766,26,2.019209861755371,1.581255555152893,66.17546844482422,144.46381903442452,2697.069595840025,45.040447369180995,3.309282044243203,0.2994157671928406,0.29919546842575073,-81.77286529541016,0,10.704325675964355,0.0007806724752299488,-71.14212036132812,12.115259170532227,45.040447369180995,3.309282044243203
14469.4931640625,188.71714782714844,-10.40113353729248,0.014164064079523087,11828.4208984375,119.29363250732422,-10.182316780090332,0.010952677577733994,13875.61328125,190.6034698486328,-10.355630874633789,0.01491792593151331,696.6891479492188,101,2.0013670921325684,1.9248032569885254,63.82742691040039,89.04340418859464,2681.586137723978,45.03932247009585,3.313318240184634,0.02232065238058567,0.022273393347859383,70.74297332763672,0,3.9537415504455566,0.00028834788827225566,14213.8681640625,12.00820255279541,45.03932247009585,3.313318240184634
1101.5311279296875,145.00929260253906,-7.604991912841797,0.14296472072601318,464.8758850097656,105.48405456542969,-6.668342590332031,0.24642206728458405,456.4444274902344,123.372802734375,-6.648469924926758,0.293535977602005,50.732940673828125,11,1.4434428215026855,1.2726938724517822,-6.727598190307617,1109.0921313342787,2664.688770953381,45.03795270035145,3.239011465538645,0.4160233736038208,0.4150422513484955,41.31831359863281,0,6.839136123657227,0.0004988258588127792,-22.794288635253906,8.660656929016113,45.03795270035145,3.239011465538633
818.0716552734375,124.74898529052734,-7.281978130340576,0.16560578346252441,588.2042236328125,105.47508239746094,-6.923820495605469,0.19473838806152344,680.978759765625,211.19287109375,-7.082833766937256,0.3368026614189148,45.816768646240234,12,1.5104506015777588,0.9937241673469543,14.15169906616211,1128.5382264434688,2667.182512898781,45.03813269798843,3.2375947211330485,0.3782099783420563,0.3773233890533447,38.49540328979492,2,7.321273326873779,0.0005339928320609033,699.6843872070312,9.062704086303711,45.03813269798843,3.2375947211330485
1004.2471923828125,133.28575134277344,-7.50460147857666,0.14413614571094513,671.8301391601562,105.74715423583984,-7.068148612976074,0.1709381639957428,792.3087158203125,148.6416015625,-7.247236251831055,0.20373974740505219,56.34513854980469,16,2.0848512649536133,1.2250378131866455,-75.36302185058594,820.7275659870686,2672.572507685047,45.03856544612798,3.2600198742510753,0.47172605991363525,0.4697261452674866,-66.69001770019531,0,9.568486213684082,0.0006978731835260987,-16.47173309326172,12.50910758972168,45.03856544612798,3.2600198742510753
2238.7255859375,186.2285919189453,-8.375001907348633,0.09033901244401932,1065.6778564453125,106.16364288330078,-7.569064617156982,0.10818815976381302,1769.6314697265625,223.93380737304688,-8.119707107543945,0.1374252885580063,86.40874481201172,20,1.651138186454773,1.4651694297790527,-39.131343841552734,162.77642440076582,2673.797476703201,45.03874259672778,3.3079474931579957,0.31589215993881226,0.314619779586792,15.906164169311523,2,8.871766090393066,0.0006470239022746682,1670.8067626953125,9.906828880310059,45.03874259672777,3.3079474931580073
30287.009765625,227.4768829345703,-11.203141212463379,0.008156628347933292,23675.31640625,131.5904998779297,-10.935739517211914,0.006036129780113697,29395.48828125,220.93524169921875,-11.17070198059082,0.008162329904735088,1351.9993896484375,153,2.2845518589019775,2.1332767009735107,72.79083251953125,1877.766875728814,2709.603875181504,45.041149632743036,3.1830010222876157,0.013346293941140175,0.013238687999546528,-89.16002655029297,0,3.998370409011841,0.0002916656085290015,30106.8125,13.707311630249023,45.04114963274303,3.1830010222876273
277.8038635253906,72.91618347167969,-6.10934591293335,0.2850463390350342,396.7672119140625,105.35578918457031,-6.496339321136475,0.28837159276008606,446.16827392578125,122.47151947021484,-6.623746871948242,0.2981029450893402,39.4823112487793,4,0.6981928944587708,0.47990402579307556,85.39767456054688,1728.787543320358,2673.700503425762,45.038539961144906,3.1938579526489375,0.46937063336372375,0.4682510197162628,60.8325309753418,2,3.3186283111572266,0.00024207365640904754,342.8620300292969,4.189157485961914,45.0385399611449,3.1938579526489494
735.0833740234375,110.65144348144531,-7.165841579437256,0.16347460448741913,582.8649291992188,105.6341323852539,-6.913919925689697,0.19681860506534576,615.7653198242188,97.8489990234375,-6.973537921905518,0.17257225513458252,63.00083923339844,12,1.2858716249465942,0.8621818423271179,0.688363254070282,1202.6502420996524,2683.5105714375227,45.0393178219386,3.232195270978748,0.2427665740251541,0.24223987758159637,24.039897918701172,0,5.275402545928955,0.0003847770276479423,709.2316284179688,7.7152299880981445,45.0393178219386,3.232195270978748
727.1047973632812,116.66992950439453,-7.153992652893066,0.17425760626792908,509.4725341796875,105.54080200195312,-6.767801761627197,0.22497250139713287,741.0872192382812,211.2310791015625,-7.174673080444336,0.30954110622406006,38.89845275878906,11,1.650638461112976,1.0006681680679321,-26.84451675415039,385.24078215615907,2689.561346215124,45.039865331667016,3.2917436817024486,0.5778191089630127,0.5767666101455688,-34.10435104370117,0,7.683435440063477,0.0005603660829365253,371.5521545410156,9.903830528259277,45.039865331667016,3.2917436817024486
2699.371826171875,144.398681640625,-8.578156471252441,0.058093875646591187,2197.155029296875,107.38157653808594,-8.35465145111084,0.053076084703207016,2482.91796875,155.1774139404297,-8.487405776977539,0.06787282973527908,134.15069580078125,38,1.86048424243927,1.502678394317627,-39.99587631225586,1113.8178292334217,2698.0263394941344,45.04039023894331,3.238667605748303,0.11288461089134216,0.11230605095624924,88.43342590332031,0,6.280167102813721,0.0004580574168357998,1818.5540771484375,11.1629056930542,45.04039023894331,3.238667605748303
5267.3662109375,106.75840759277344,-9.303983688354492,0.022010929882526398,3252.142578125,109.13472747802734,-8.780424118041992,0.036443762481212616,5131.5859375,152.51097106933594,-9.275629043579102,0.0322759710252285,499.7567443847656,33,4.2184271812438965,0.6222596168518066,-32.851036071777344,138.54727270586505,2710.04387077893,45.0413971938972,3.309713387055746,0.09972886741161346,0.0956747904419899,-32.19776153564453,18,9.701168060302734,0.0007075111498124897,655.6851806640625,25.310562133789062,45.04139719389719,3.309713387055758
6038.5546875,97.22393035888672,-9.452332496643066,0.017485175281763077,5016.7373046875,111.20588684082031,-9.251053810119629,0.02407333254814148,5817.70947265625,142.76004028320312,-9.411880493164062,0.026649218052625656,579.9575805664062,28,2.6110827922821045,0.8560423851013184,17.8278865814209,147.38636837912674,2709.2268038029365,45.04133620867762,3.30906954023194,0.05095485970377922,0.047367870807647705,18.85837173461914,19,8.947880744934082,0.0006525738281197846,4422.4501953125,15.666496276855469,45.04133620867761,3.3090695402319517
895.0577392578125,125.06880187988281,-7.379627704620361,0.15174967050552368,272.1064147949219,105.1968002319336,-6.086846828460693,0.4198493957519531,234.04110717773438,104.89817810058594,-5.923230171203613,0.4867496192455292,28.640966415405273,9,1.478168249130249,0.8982002139091492,-75.54107666015625,1977.6990275804437,2714.117878887919,45.041469403232156,3.17571804487632,0.613602876663208,0.6123971343040466,-40.31978988647461,1,6.8815412521362305,0.0005019916570745409,179.12205505371094,8.869009017944336,45.041469403232156,3.1757180448763194
8491.88671875,93.77633666992188,-9.822510719299316,0.011992753483355045,8439.146484375,115.07406616210938,-9.815746307373047,0.014808421023190022,8511.2197265625,118.75035095214844,-9.824979782104492,0.015152103267610073,1427.3770751953125,25,1.4777439832687378,0.9547064304351807,-25.638134002685547,152.7119371745624,2714.3627520128057,45.041711142871065,3.3086817911839184,0.01759542152285576,0.016213472932577133,-69.01148223876953,3,3.926213026046753,0.0002863409463316202,8081.73779296875,8.866463661193848,45.041711142871065,3.3086817911839184
7023.609375,94.17581176757812,-9.616400718688965,0.014561591669917107,6815.25732421875,113.27938079833984,-9.58370590209961,0.01805088296532631,6866.2275390625,100.79112243652344,-9.591795921325684,0.015941673889756203,1045.3541259765625,26,1.3031150102615356,0.7928010821342468,26.014446258544922,157.67115500948572,2713.1130213712995,45.0416190468734,3.3083205326415337,0.01634751632809639,0.015501582995057106,29.087881088256836,3,4.047713279724121,0.00029520210227929056,6541.1220703125,7.818690299987793,45.0416190468734,3.3083205326415337
3493.385498046875,209.09922790527344,-8.858116149902344,0.06500335037708282,1976.78955078125,107.43206024169922,-8.239901542663574,0.05902055278420448,2970.139404296875,202.09120178222656,-8.681941986083984,0.0738925039768219,109.70536804199219,57,2.6044671535491943,1.8238118886947632,-8.732946395874023,1027.694327712555,2731.070920814783,45.04281759658773,3.2449427238419326,0.18522340059280396,0.18450504541397095,8.277029991149902,0,9.544539451599121,0.0006961448234505951,1664.26416015625,15.626802444458008,45.042817596587724,3.2449427238419437
1207.7255859375,134.21054077148438,-7.704920768737793,0.12068358063697815,892.6090087890625,105.8205337524414,-7.37665319442749,0.12874740362167358,806.2359619140625,153.71978759765625,-7.266155242919922,0.20706059038639069,54.327857971191406,20,1.8284003734588623,1.478041172027588,-65.7239990234375,1633.5840080022786,2730.6173450168753,45.04271269861603,3.2007956405120797,0.2793898582458496,0.2784987688064575,-81.71613311767578,0,9.844073295593262,0.0007180567481555045,187.018798828125,10.970401763916016,45.04271269861603,3.200795640512091
785.7274780273438,105.41044616699219,-7.238179683685303,0.14569395780563354,630.9701538085938,105.61241912841797,-7.000021934509277,0.1817757785320282,635.4342041015625,111.46439361572266,-7.007676601409912,0.1905001848936081,70.82080841064453,9,1.6475154161453247,0.8843364119529724,39.808109283447266,1915.1393315792425,2728.5724069365297,45.04253285659521,3.1802772984874017,0.32092249393463135,0.3202607035636902,80.78475189208984,2,7.212121486663818,0.0005261011538095772,-87.88284301757812,9.885092735290527,45.04253285659521,3.1802772984873893
900.7528686523438,128.48609924316406,-7.386514186859131,0.15491031110286713,35.39469528198242,104.85250091552734,-3.872345447540283,3.2171435356140137,-60.375648498535156,112.65568542480469,99.0,99.0,33.54587173461914,10,1.862725853919983,0.8056064248085022,87.62452697753906,970.2386083613966,2759.978921137635,45.0449389846286,3.2491291317950717,0.35000860691070557,0.1442612260580063,88.04718017578125,0,7.320418357849121,0.0005339221679605544,-840.2235717773438,11.176355361938477,45.0449389846286,3.2491291317950832
15073.8681640625,282.6747131347656,-10.445561408996582,0.020365359261631966,8531.3916015625,115.40939331054688,-9.827549934387207,0.014690990559756756,13198.1416015625,279.1800842285156,-10.301281929016113,0.022972140461206436,389.2657165527344,149,3.0556604862213135,2.5445737838745117,-9.679780006408691,1952.9243157008518,2782.9474049126266,45.046505224171774,3.17752321667185,0.04207959771156311,0.041982170194387436,-68.4428482055664,0,5.569271087646484,0.0004062661901116371,14083.6591796875,18.33396339416504,45.046505224171774,3.1775232166718386
4695.23046875,230.17816162109375,-9.179141998291016,0.05323987454175949,2492.0751953125,108.03365325927734,-8.491402626037598,0.04707905277609825,3879.020263671875,217.78561401367188,-8.971805572509766,0.0609729178249836,97.85546112060547,75,2.511988401412964,2.1932551860809326,77.48368835449219,383.5596358544866,2785.7957978535883,45.04690429698584,3.291868702082461,0.13844600319862366,0.1378978192806244,84.95559692382812,0,8.110933303833008,0.000591543794143945,3407.911865234375,15.071929931640625,45.046904296985836,3.2918687020824726
933.447021484375,132.54867553710938,-7.425224304199219,0.15421107411384583,527.9683227539062,105.60578155517578,-6.806519508361816,0.21722492575645447,691.7591552734375,163.28640747070312,-7.099887371063232,0.25634506344795227,39.971046447753906,10,2.136380910873413,0.7196597456932068,-17.415143966674805,1317.580292596778,2769.687148661934,45.045606317575405,3.223822186057062,0.4573952853679657,0.4557633697986603,-20.4957275390625,18,7.4105634689331055,0.000540523265954107,350.6649475097656,12.81828498840332,45.04560631757541,3.22382218605705
1867.0057373046875,180.24984741210938,-8.177864074707031,0.1048477441072464,1050.0406494140625,106.06137084960938,-7.553015232086182,0.10969351977109909,1814.748046875,244.51248168945312,-8.147041320800781,0.14632365107536316,61.33112716674805,21,1.9482102394104004,1.2573421001434326,69.6366195678711,760.6398602648046,2784.6449985609383,45.046769848689735,3.264399472545254,0.34241628646850586,0.3415697515010834,52.89580535888672,0,9.155749320983887,0.0006677680066786706,1859.4532470703125,11.689261436462402,45.046769848689735,3.2643994725452545
20246.771484375,511.49237060546875,-10.765889167785645,0.02743552066385746,3607.28173828125,109.4109115600586,-8.892950057983398,0.03293899819254875,16551.8984375,470.64837646484375,-10.547119140625,0.030880091711878777,129.7872314453125,293,5.360337734222412,4.622281551361084,50.875946044921875,1628.5847036452185,2828.6060997809755,45.04987904889035,3.2011601128871803,0.17746660113334656,0.1771213710308075,59.71583557128906,0,19.60854721069336,0.0014303192729130387,15601.974609375,32.162025451660156,45.04987904889035,3.20116011288718
1331.8681640625,135.54298400878906,-7.811152935028076,0.11052121222019196,1075.688720703125,106.17630767822266,-7.579216480255127,0.10719408094882965,1093.22265625,130.9288787841797,-7.596771717071533,0.13006386160850525,72.97477722167969,22,1.4978326559066772,1.3055540323257446,48.32905960083008,1214.6759094220702,2777.7938321828537,45.04621155528258,3.2313201291543647,0.2059154361486435,0.20545579493045807,80.65157318115234,0,8.112282752990723,0.0005916975205764174,1025.6878662109375,8.986995697021484,45.04621155528258,3.2313201291543647
2061.93896484375,58.11789321899414,-8.285689353942871,0.030610039830207825,1993.9442138671875,107.16802978515625,-8.249282836914062,0.058368973433971405,1989.2225341796875,61.77717971801758,-8.246708869934082,0.03372675180435181,632.0621948242188,10,0.6742163300514221,0.5558848977088928,-21.04768180847168,1799.6949431174673,2771.709110935782,45.04569951623142,3.1886904819994166,0.02290448173880577,0.022514257580041885,29.54967498779297,0,1.2872059345245361,9.389592742081732e-05,2006.55029296875,4.045298099517822,45.04569951623142,3.188690481999404
1356.7279052734375,157.8868408203125,-7.831232070922852,0.12638135254383087,621.5733032226562,105.72472381591797,-6.983730792999268,0.18472003936767578,1128.9642333984375,180.1917266845703,-7.63170051574707,0.1733342856168747,43.19369125366211,17,2.414642810821533,1.266813039779663,-5.606635093688965,944.3173879584494,2779.6940499190077,45.046384124944076,3.251017941841665,0.6179490685462952,0.617171049118042,18.35352325439453,2,10.47632122039795,0.0007640991825610399,496.091552734375,14.4878568649292,45.04638412494407,3.251017941841677
728.001953125,116.78958892822266,-7.155331134796143,0.17422136664390564,455.8630676269531,105.34803009033203,-6.647086143493652,0.2509700059890747,409.31378173828125,154.79281616210938,-6.5301408767700195,0.4106995761394501,44.07952880859375,11,1.3845529556274414,0.8219765424728394,-54.232208251953125,1200.4035179592015,2780.7766721025737,45.046431432959224,3.232360064286821,0.32316160202026367,0.3225383758544922,-20.640697479248047,0,6.365632057189941,0.00046429861686192453,338.43060302734375,8.307317733764648,45.04643143295922,3.232360064286833
553.1486206054688,96.53387451171875,-6.857104778289795,0.1895255297422409,492.9708557128906,105.39530944824219,-6.732053279876709,0.23218271136283875,473.6093444824219,104.15923309326172,-6.6885504722595215,0.23884014785289764,56.5318489074707,9,1.739372968673706,0.7008175849914551,89.2026596069336,1639.061470055142,2785.3091453077773,45.04671163865764,3.200396575928349,0.34704306721687317,0.3459739685058594,84.7991943359375,0,6.576070308685303,0.00047968156286515296,-169.17098999023438,10.436237335205078,45.046711638657634,3.200396575928361
52305.3671875,244.47654724121094,-11.796365737915039,0.005075990222394466,42140.55859375,149.42300415039062,-11.561750411987305,0.003850765060633421,51230.6953125,231.0045928955078,-11.773825645446777,0.004896888043731451,2455.547119140625,173,2.2104086875915527,2.1006784439086914,49.423004150390625,893.9754649632773,2811.7800824871774,45.048737148296595,3.2546861287733915,0.008286598138511181,0.008249220438301563,-86.30239868164062,0,3.9396047592163086,0.000287336966721341,52382.84375,13.262452125549316,45.048737148296595,3.2546861287733915
8832.421875,175.3651885986328,-9.865199089050293,0.02156221680343151,7105.40380859375,113.4300308227539,-9.628972053527832,0.017336806282401085,8474.296875,186.1730194091797,-9.820259094238281,0.023858487606048584,403.4433288574219,80,1.9574928283691406,1.9376001358032227,-66.09571838378906,712.5589110571474,2804.2230497557475,45.04820801039298,3.2679026002404927,0.03644159436225891,0.03641601279377937,-37.322532653808594,0,4.153329372406006,0.0003029186627827585,8299.4716796875,11.744956970214844,45.048208010392976,3.2679026002405047
1355.566162109375,157.75189208984375,-7.830301761627197,0.1263815462589264,403.1990051269531,105.19771575927734,-6.513798713684082,0.2833457291126251,480.43359375,105.21308898925781,-6.704083442687988,0.2378297746181488,50.83732986450195,11,2.069319009780884,0.6320934295654297,68.59920501708984,366.92896143161386,2804.377643450645,45.04826565325087,3.2930806372952732,0.46406856179237366,0.46343982219696045,63.75025177001953,2,6.8297882080078125,0.0004981071688234806,167.28341674804688,12.415914535522461,45.04826565325087,3.2930806372952732
847.3893432617188,114.8028793334961,-7.320207595825195,0.14712944626808167,706.6427612304688,105.54285430908203,-7.122999668121338,0.16220295429229736,660.0690307617188,122.70580291748047,-7.048973560333252,0.20188570022583008,61.15762710571289,14,1.6649565696716309,1.0324031114578247,7.283668041229248,1415.9072999037335,2794.150518899397,45.04738372550392,3.2166577604244964,0.3046080470085144,0.30302149057388306,15.247323036193848,0,6.600908279418945,0.0004814755520783365,284.1864929199219,9.989739418029785,45.04738372550392,3.2166577604244964
632.3543701171875,110.15959167480469,-7.002401351928711,0.18918713927268982,321.3176574707031,105.55022430419922,-6.267336368560791,0.35674214363098145,325.32147216796875,97.44963836669922,-6.2807817459106445,0.3253099322319031,38.59519577026367,9,1.3298773765563965,0.8679627776145935,-16.80002212524414,1811.6940966508826,2795.939496254281,45.047470137549965,3.18781595630054,0.43825793266296387,0.4376755654811859,-31.945505142211914,1,6.411369323730469,0.0004676831013057381,280.4268798828125,7.979264259338379,45.047470137549965,3.1878159563005517
4805.58544921875,88.1290054321289,-9.204365730285645,0.01991601288318634,2811.65380859375,108.47046661376953,-8.622405052185059,0.04189666733145714,6774.5966796875,138.22329711914062,-9.577208518981934,0.022157849743962288,384.55194091796875,11,1.9732859134674072,0.36208146810531616,63.48716354370117,902.5464277788441,2805.163223596875,45.04825212856529,3.2540615813150966,0.16863951086997986,0.164155513048172,68.50511932373047,3,5.025433540344238,0.00036653270944952965,6605.615234375,11.839715957641602,45.04825212856529,3.2540615813150966
2226.012939453125,203.42974853515625,-8.368819236755371,0.09924682229757309,901.0740356445312,106.03783416748047,-7.386901378631592,0.12779980897903442,724.374755859375,155.06585693359375,-7.149908065795898,0.23247845470905304,51.478267669677734,23,1.9733062982559204,1.4027292728424072,83.67578125,1949.4488420406965,2808.8735135751463,45.04840146840729,3.1777763552015483,0.24635104835033417,0.24590137600898743,73.25924682617188,0,9.96337604522705,0.0007268083281815052,660.2593383789062,11.839838027954102,45.04840146840729,3.1777763552015488
3866.447265625,88.79898071289062,-8.968279838562012,0.02494168095290661,3689.76220703125,109.55204010009766,-8.917495727539062,0.03224422410130501,3758.1298828125,103.13629150390625,-8.937429428100586,0.029803656041622162,576.3338623046875,23,1.7231301069259644,0.6387114524841309,62.83268356323242,906.1905587159097,2812.038269089049,45.048754465774046,3.2537962083724885,0.03351366147398949,0.0322989858686924,60.461849212646484,2,5.3480305671691895,0.0003900617593899369,3461.57861328125,10.338780403137207,45.04875446577404,3.2537962083725005
8982.3076171875,101.74085235595703,-9.883469581604004,0.012300911359488964,7427.94921875,114.0032958984375,-9.677172660827637,0.016667800024151802,8700.9013671875,110.37773132324219,-9.848910331726074,0.013776758685708046,2163.7685546875,30,2.45707368850708,0.4941558539867401,-19.356691360473633,347.15744236015036,2805.020621656932,45.04831538432434,3.294520876689817,0.020297439768910408,0.018766872584819794,-20.138826370239258,0,5.045127868652344,0.00036794846528209746,7040.9169921875,14.74244213104248,45.04831538432434,3.2945208766898166
2384.85595703125,173.9615478515625,-8.443655014038086,0.07921746373176575,1566.91650390625,106.71371459960938,-7.987614631652832,0.07396124303340912,2018.1890869140625,175.9469451904297,-8.262404441833496,0.09467813372612,86.91165924072266,39,2.3077659606933594,1.59306001663208,38.93088912963867,138.06517616507125,2978.27649074134,45.06101652896592,3.3097567796216136,0.19979748129844666,0.19945931434631348,45.565189361572266,0,9.749177932739258,0.0007110084407031536,1348.726318359375,13.846595764160156,45.06101652896593,3.309756779621602
65097.3828125,388.2228698730469,-12.03390884399414,0.006476604845374823,0.0,0.0,99.0,99.0,0.0,0.0,99.0,99.0,426.4766845703125,432,122.00457763671875,0.06636116653680801,-0.0024525823537260294,1954.059649658669,1.0,44.8430394681409,3.1774601610363757,0.8791010975837708,0.0007967528654262424,-0.0070001292042434216,58,17.068086624145508,0.0012448240304365754,0.0,732.0274658203125,44.8430394681409,3.1774601610363757
203375.78125,547.7120971679688,-13.270748138427734,0.0029247107449918985,3522.622802734375,99.4542465209961,-8.867165565490723,0.030661050230264664,150888.515625,686.721435546875,-12.946640014648438,0.004942586179822683,1020.8627319335938,888,87.48066711425781,0.8747382760047913,89.99761962890625,1874.944407382906,3962.360177560793,45.13275481598467,3.183196766715184,0.22189630568027496,0.0026928228326141834,89.94181060791016,59,52.51310729980469,0.0038314538542181253,-371673.4375,524.884033203125,45.13275481598467,3.1831967667151835
337995.53125,699.3648071289062,-13.822277069091797,0.0022471011616289616,4508.17138671875,101.16609954833984,-9.135001182556152,0.024370498955249786,333831.0625,992.1612548828125,-13.808816909790039,0.0032276418060064316,444.0997314453125,1447,170.95420837402344,0.6369462609291077,-89.99433898925781,4413.705559505794,3699.4162143171056,45.11338137309788,2.997984861087304,0.3309248983860016,0.0016153280157595873,-89.94829559326172,51,62.6434440612793,0.004570212215185165,-2118754.5,1025.7252197265625,45.11338137309788,2.9979848610873043
472179.21875,822.3683471679688,-14.185267448425293,0.001891425927169621,4199.0341796875,100.23239135742188,-9.057873725891113,0.025923194363713264,305098.5625,951.1455078125,-13.711100578308105,0.0033856076188385487,1571.55517578125,2000,215.63427734375,0.6557983756065369,89.98072052001953,2044.47127213885,3078.5254878685723,45.068110067597644,3.170848253558716,0.36011838912963867,0.0014569557970389724,89.93807220458984,59,71.38957214355469,0.005208014044910669,-6425023.5,1293.8056640625,45.06811006759764,3.1708482535587277
363155.59375,732.2001342773438,-13.900232315063477,0.002189610619097948,0.0,0.0,99.0,99.0,0.0,169.3069305419922,99.0,99.0,912.512451171875,1587,170.84933471679688,1.0758250951766968,-89.96669006347656,2044.4881025789443,2251.253936949425,45.00761424219091,3.170853708137275,0.32170185446739197,0.0025725264567881823,-89.91788482666016,51,81.390380859375,0.0059369876980781555,-603752.25,1025.095947265625,45.00761424219091,3.1708537081372747
212554.15625,560.2068481445312,-13.318674087524414,0.002862257184460759,0.0,0.0,99.0,99.0,0.0,0.0,99.0,99.0,917.004150390625,929,100.20708465576172,0.676439642906189,89.92076873779297,2044.362398414156,1918.4196742138056,44.98327370836082,3.170864971270082,0.25089696049690247,0.002090522786602378,89.89505767822266,50,49.42325210571289,0.0036050337366759777,0.0,601.2424926757812,44.98327370836082,3.1708649712700816
1234907.0,1334.989013671875,-15.229085922241211,0.001174013945274055,0.0,0.0,99.0,99.0,0.0,191.16014099121094,99.0,99.0,1385.7928466796875,5272,587.233642578125,0.7735324501991272,-89.99678802490234,2044.5037143527538,855.6224214606452,44.90554448057773,3.1708623575902486,0.5841115117073059,0.001040058210492134,-89.99447631835938,51,127.95288848876953,0.009332344867289066,-11246037.0,3523.40185546875,44.90554448057773,3.170862357590236
370270.96875,411.806640625,-13.92129898071289,0.001207823632284999,316681.5,309.259033203125,-13.751556396484375,0.0010605461429804564,360913.8125,355.6121520996094,-13.893508911132812,0.001070047146640718,22409.078125,290,2.5275816917419434,1.6309430599212646,1.3265873193740845,449.76483308648585,4091.329285877418,45.142367591746975,3.287078813071287,0.0021858084946870804,0.0019354631658643484,-0.5150916576385498,24,3.876002311706543,0.0002826933341566473,370134.40625,15.16549015045166,45.142367591746975,3.287078813071275
240179.375,585.0401611328125,-13.451339721679688,0.00264532957226038,3684.8984375,99.10065460205078,-8.916064262390137,0.029206588864326477,199371.90625,732.7366333007812,-13.249159812927246,0.003991294652223587,358.7567138671875,1012,119.3523178100586,0.5600979924201965,-89.98820495605469,2.489003995585025,3878.6273385891236,45.12688122524986,3.3196626548218147,0.27645179629325867,0.0017032596515491605,-89.9820556640625,51,49.08110809326172,0.003579413751140237,-858211.375,716.1138916015625,45.12688122524987,3.3196626548218036
342869.65625,693.0364990234375,-13.837822914123535,0.00219511310569942,3701.60986328125,99.43186950683594,-8.920976638793945,0.029171904549002647,265360.34375,961.9236450195312,-13.559590339660645,0.003936718683689833,411.0015869140625,1419,171.15882873535156,0.5711889266967773,-89.99750518798828,2.5221694041939817,3373.3699885423775,45.08993216610084,3.3196431867257425,0.3319210112094879,0.0014040679670870304,89.99227142333984,51,59.356834411621094,0.00432882085442543,-5128271.0,1026.9530029296875,45.08993216610084,3.3196431867257425
928408.5,1095.4976806640625,-14.919347763061523,0.0012814515503123403,0.0,0.0,99.0,99.0,47643.453125,1465.0072021484375,-11.695008277893066,0.03339384123682976,3672.203125,3526,472.1522521972656,2.349987030029297,-89.85123443603516,1.9664649603359987,2798.280545565743,45.04787034788929,3.3196643806139576,0.5731425881385803,0.003264185506850481,-89.81090545654297,59,199.97837829589844,0.014584389515221119,-11234070.0,2832.91357421875,45.04787034788929,3.3196643806139576
145234.765625,501.0741271972656,-12.905176162719727,0.003746806178241968,0.0,0.0,99.0,99.0,0.0,0.0,99.0,99.0,413.78125,742,75.67792510986328,0.6752966046333313,-89.98770904541016,2.8566081846257765,89.03176313473345,44.849626596719006,3.3195433378660493,0.27292850613594055,0.002597131533548236,89.87419891357422,58,42.91261291503906,0.0031302757561206818,0.0,454.06756591796875,44.849626596719006,3.3195433378660613
731942.0625,1079.40966796875,-14.661191940307617,0.0016015460714697838,0.0,0.0,99.0,99.0,0.0,0.0,99.0,99.0,548.2435302734375,3334,339.7977294921875,0.6530175805091858,-89.97710418701172,2.8937725785892625,1245.3611313107117,44.93425703613647,3.3195539177278306,0.4565492868423462,0.0010675183730199933,-89.97986602783203,59,89.42750549316406,0.006522531621158123,-1147979.5,2038.786376953125,44.93425703613648,3.319553917727818
26577.37109375,228.58621215820312,-11.061280250549316,0.00934045109897852,20546.482421875,128.5286102294922,-10.781844139099121,0.006793478038161993,25581.208984375,221.58743286132812,-11.019803047180176,0.009407059289515018,1187.772216796875,153,2.382828950881958,2.1506669521331787,38.69007873535156,1330.8953048650644,4060.8687704449208,45.14002091056805,3.222859178883486,0.014929213561117649,0.014835027046501637,-62.77363967895508,0,4.0179243087768555,0.00029310095123946667,26348.0234375,14.296974182128906,45.14002091056805,3.2228591788834855
4411.91943359375,158.9917449951172,-9.11156940460205,0.03913603723049164,3581.266357421875,109.2989273071289,-8.885091781616211,0.03314432129263878,4110.263671875,167.3860321044922,-9.034674644470215,0.04422617331147194,198.75860595703125,54,1.8985857963562012,1.6860439777374268,-19.86833953857422,737.7608759465882,4065.2565361985216,45.14042017363538,3.2660907788847022,0.06974019855260849,0.06961914151906967,-34.453399658203125,0,4.973023891448975,0.0003627240948844701,4101.40234375,11.391514778137207,45.14042017363537,3.2660907788847133
791.2545166015625,121.60543060302734,-7.245790481567383,0.16690394282341003,382.4413146972656,105.79354858398438,-6.456411838531494,0.3004167973995209,348.6781311035156,289.2770080566406,-6.356061935424805,0.9009880423545837,42.2722053527832,12,2.091292142868042,1.0836929082870483,-33.518646240234375,1792.8584575287823,4063.575874261055,45.14016442552073,3.1891804654078566,0.5919873714447021,0.5906368494033813,-11.688157081604004,0,9.01034164428711,0.0006573726423084736,664.0338134765625,12.547752380371094,45.14016442552073,3.189180465407856
1848.686767578125,177.18409729003906,-8.167158126831055,0.10408573597669601,872.9071655273438,105.9195556640625,-7.352420330047607,0.13177648186683655,940.3381958007812,140.45321655273438,-7.433210372924805,0.16220992803573608,63.38877487182617,20,1.9072755575180054,1.2009299993515015,74.23077392578125,1455.1568542275324,4059.7433152468902,45.139923360385545,3.2138007990096287,0.30887699127197266,0.307284414768219,75.86651611328125,0,9.058587074279785,0.0006608301773667336,402.5732727050781,11.443653106689453,45.13992336038555,3.2138007990096167
829.2644653320312,125.16326904296875,-7.296732425689697,0.16391310095787048,345.3067932128906,105.37328338623047,-6.345512866973877,0.331402063369751,222.21612548828125,123.11762237548828,-5.866939067840576,0.6016923189163208,39.69257736206055,10,1.8142513036727905,1.023928165435791,63.950897216796875,1420.5145471472779,4061.352538918172,45.14004523169483,3.2163261913285544,0.48853951692581177,0.4871672987937927,38.99967956542969,0,8.152125358581543,0.0005946977180428803,122.86014556884766,10.885507583618164,45.14004523169483,3.216326191328555
1079.4278564453125,129.82655334472656,-7.58298397064209,0.13061700761318207,201.51007080078125,105.06501007080078,-5.760741710662842,0.5662277340888977,169.04925537109375,115.728759765625,-5.570033073425293,0.7434604167938232,34.382389068603516,9,1.489491581916809,1.0054556131362915,-50.47407150268555,1978.6120593997982,4060.575271361827,45.13992503307585,3.175636336518833,0.5182008743286133,0.5174325108528137,66.11511993408203,0,7.313014030456543,0.0005335687310434878,314.4865417480469,8.936949729919434,45.13992503307584,3.175636336518856
3377.77978515625,163.3936309814453,-8.821578025817871,0.05253317207098007,2576.251953125,108.29998016357422,-8.527470588684082,0.04565305635333061,2830.086669921875,158.95703125,-8.629499435424805,0.060997191816568375,154.42323303222656,48,1.8285430669784546,1.587408185005188,-18.9700984954834,750.4464884142579,4056.755792702589,45.1397968534327,3.2651661387855473,0.08972857147455215,0.08943136036396027,-24.112632751464844,0,5.13205623626709,0.0003743244451470673,2698.167724609375,10.971258163452148,45.139796853432685,3.26516613878557
1729.7818603515625,171.9886932373047,-8.094978332519531,0.10797876864671707,1016.0551147460938,106.22453308105469,-7.5172929763793945,0.11353699862957001,1356.2879638671875,144.6820068359375,-7.8308796882629395,0.11584904044866562,56.55611038208008,14,2.209882974624634,1.088755488395691,-55.68653106689453,546.062406543915,4054.4097728698316,45.13965419290579,3.2800606409161186,0.31051549315452576,0.30927684903144836,-29.36653709411621,2,9.285558700561523,0.0006772464839741588,239.47769165039062,13.259298324584961,45.13965419290579,3.2800606409161186
931.3363647460938,133.67706298828125,-7.422766208648682,0.15587632358074188,440.7749328613281,105.3703384399414,-6.610542297363281,0.2596159279346466,209.2022247314453,137.3838348388672,-5.801415920257568,0.7131800055503845,43.01292037963867,12,2.2784264087677,0.9803425669670105,38.505741119384766,627.0620119132428,4053.341759209219,45.13956455247958,3.2741578904363977,0.38231387734413147,0.38140612840652466,-4.452595233917236,0,8.944740295410156,0.0006523992633447051,-875.391357421875,13.67055892944336,45.13956455247958,3.2741578904363973
568.9486694335938,100.90208435058594,-6.887682914733887,0.19260026514530182,391.9329833984375,105.39115905761719,-6.483029365539551,0.29202646017074585,333.2782897949219,114.97144317626953,-6.3070173263549805,0.3746388256549835,47.329132080078125,9,1.8703999519348145,0.5239997506141663,11.430399894714355,264.91249035130585,4056.80838821339,45.13987066628288,3.3005477791211626,0.43789830803871155,0.43575069308280945,7.804318428039551,0,5.901472091674805,0.00043040455784648657,148.88751220703125,11.222399711608887,45.13987066628288,3.300547779121162
2684.91552734375,209.8204345703125,-8.57232666015625,0.08486858755350113,1355.4405517578125,106.4884033203125,-7.830201148986816,0.08532015979290009,2037.6661376953125,205.7692108154297,-8.272832870483398,0.10966730862855911,64.71212005615234,44,2.6610589027404785,1.8723732233047485,-59.169918060302734,353.32770230316146,4048.3936503380196,45.13924230583445,3.2941050620883456,0.2467053085565567,0.24619537591934204,-61.4322509765625,0,11.070601463317871,0.0008074103971011937,1557.24072265625,15.966353416442871,45.13924230583445,3.294105062088357
4529.55810546875,187.8895721435547,-9.14013957977295,0.045048121362924576,3110.41015625,108.638427734375,-8.732044219970703,0.03793111443519592,4181.2626953125,194.6377410888672,-9.053268432617188,0.05055329203605652,156.6162567138672,64,2.2337000370025635,1.9518728256225586,-48.191627502441406,427.6740732430035,4044.1231118917854,45.13891916223636,3.2886874658971825,0.10069543868303299,0.10046719759702682,-66.79317474365234,0,6.696995258331299,0.0004884373629465699,4157.09423828125,13.402200698852539,45.138919162236355,3.2886874658971825
872.8031005859375,129.6847686767578,-7.352290630340576,0.16136246919631958,473.39825439453125,105.66070556640625,-6.688066482543945,0.24239109456539154,476.55877685546875,192.6338653564453,-6.695291042327881,0.4389812648296356,40.88422775268555,12,2.1369690895080566,0.9283812046051025,-7.70731782913208,1867.3565255353674,4045.30263558529,45.13882018237912,3.183748867571523,0.38061022758483887,0.3795378804206848,-36.9764404296875,3,8.426617622375488,0.0006147971726022661,397.8448181152344,12.82181453704834,45.13882018237912,3.1837488675715235
550.3944091796875,95.44210815429688,-6.851685047149658,0.18831974267959595,409.1979064941406,105.49615478515625,-6.5298333168029785,0.27998390793800354,268.7611083984375,127.5324478149414,-6.073416233062744,0.5153284072875977,57.186767578125,9,1.502176284790039,0.5430474877357483,80.89007568359375,1865.9733941990123,4042.4889556132384,45.138614603840956,3.1838497564393418,0.2692507803440094,0.2662629187107086,80.98279571533203,3,5.376292705535889,0.00039224824286065996,605.5280151367188,9.013057708740234,45.138614603840956,3.18384975643933
1153.7720947265625,135.75436401367188,-7.655300140380859,0.12778021395206451,814.5098266601562,105.96946716308594,-7.277240753173828,0.14129091799259186,904.6159057617188,176.34034729003906,-7.391160488128662,0.2116982638835907,62.87762451171875,9,1.8079071044921875,0.7319453954696655,-40.10627365112305,1370.4583616326809,4042.334692691353,45.138660852496834,3.2199751766305655,0.3299007713794708,0.32918646931648254,43.53676986694336,1,6.870004177093506,0.0005011595785617828,920.0963745117188,10.847442626953125,45.13866085249684,3.219975176630555
4717.26318359375,228.52072143554688,-9.184225082397461,0.0526096373796463,2233.8134765625,107.63090515136719,-8.3726167678833,0.05232628434896469,4099.44677734375,235.3022003173828,-9.03181266784668,0.06233479827642441,85.52184295654297,75,3.6518709659576416,1.7570074796676636,-72.18412017822266,1773.5306446554214,4033.9310327240973,45.13799902891047,3.1905900172288923,0.17677979171276093,0.17543455958366394,-70.87797546386719,0,15.191015243530273,0.0011082881828770041,2511.458740234375,21.911226272583008,45.137999028910464,3.1905900172289154
2060.05517578125,194.2007293701172,-8.284697532653809,0.10237686336040497,1026.065673828125,106.23719024658203,-7.527937889099121,0.11244268715381622,1312.9671630859375,172.26104736328125,-7.795634746551514,0.14248299598693848,64.42547607421875,32,2.3065602779388428,1.5149598121643066,40.112056732177734,1499.5346484604433,4035.358210712168,45.13813505686257,3.210565723542514,0.2639126777648926,0.2628358006477356,58.46882629394531,2,9.667935371398926,0.0007052886649034917,1262.966796875,13.839361190795898,45.138135056862566,3.2105657235425253
636.2222290039062,110.55839538574219,-7.009022235870361,0.18871773779392242,57.00834274291992,104.96359252929688,-4.389845848083496,1.999540090560913,112.789794921875,150.2274627685547,-5.130674362182617,1.446469783782959,37.34801483154297,9,1.2026047706604004,1.048775553703308,-58.264469146728516,357.94940474489226,4038.53880752069,45.13852104718461,3.2937680415626542,0.32113730907440186,0.31152018904685974,-85.22402954101562,1,6.705324649810791,0.0004890385316684842,268.7341003417969,7.215628623962402,45.138521047184604,3.2937680415626653
11610.4853515625,127.46662139892578,-10.162125587463379,0.011922735720872879,5773.056640625,112.34930419921875,-9.403514862060547,0.021134618669748306,11240.666015625,161.22718811035156,-10.12697982788086,0.015576722100377083,1225.072021484375,28,2.225372314453125,0.5583124756813049,85.56838989257812,1437.0022081160885,4031.7028868873044,45.13787533558028,3.2151243113539385,0.06806809455156326,0.06368094682693481,85.58853912353516,2,3.985564708709717,0.0002907473826780915,10255.6865234375,13.35223388671875,45.137875335580276,3.21512431135395
2317.3330078125,205.96005249023438,-8.412470817565918,0.09652157127857208,976.8884887695312,106.1337890625,-7.474612712860107,0.11798817664384842,1247.469970703125,156.22006225585938,-7.74007511138916,0.13599926233291626,61.68560791015625,23,1.988606572151184,1.454929232597351,-89.3507308959961,548.9464915980485,4034.448459015098,45.138194238463306,3.279850052712074,0.2819182872772217,0.28159967064857483,72.79031372070312,2,9.53657054901123,0.0006955538992770016,749.71826171875,11.931639671325684,45.138194238463306,3.2798500527120744
620.4840087890625,108.85778045654297,-6.981826305389404,0.19052796065807343,228.1028594970703,105.14061737060547,-5.895326614379883,0.5005755424499512,348.65496826171875,135.11224365234375,-6.355989456176758,0.42085129022598267,43.040618896484375,9,1.658790111541748,0.6984730958938599,12.268949508666992,2015.0063722865732,4036.3817894795043,45.138152284618656,3.172982963294223,0.8979172110557556,0.8951694369316101,28.341978073120117,0,6.423546314239502,0.0004686752217821777,290.37091064453125,9.952740669250488,45.138152284618656,3.1729829632942224
1126.77783203125,145.36749267578125,-7.629595756530762,0.1401066780090332,715.5866088867188,105.71994018554688,-7.136655330657959,0.16044437885284424,874.1897583007812,144.23390197753906,-7.3540143966674805,0.1791808009147644,41.863460540771484,17,2.015977382659912,1.2118034362792969,3.948240041732788,698.2509063248096,4032.4450573591685,45.138026591068986,3.268969593110151,0.4301912784576416,0.42950767278671265,5.874366760253906,0,9.356988906860352,0.0006824762676842511,-80.27417755126953,12.095864295959473,45.138026591068986,3.2689695931101515
615.6271362304688,108.2870101928711,-6.973294258117676,0.19102421402931213,389.6484069824219,105.26360321044922,-6.476682186126709,0.2933831214904785,272.0828857421875,99.5980224609375,-6.086752891540527,0.39753860235214233,44.15843963623047,9,1.7165783643722534,0.6982765793800354,-30.97557830810547,1719.5829403627592,4029.1107853265553,45.1376526401919,3.194523332543714,0.3768768310546875,0.3760983347892761,-88.30165100097656,1,6.534873008728027,0.0004767558421008289,747.9661865234375,10.299469947814941,45.1376526401919,3.1945233325437132
5542.388671875,100.93244171142578,-9.35924243927002,0.019777147099375725,3166.25927734375,108.90853118896484,-8.75136661529541,0.03735470026731491,5362.8955078125,125.1525650024414,-9.323498725891113,0.02534371241927147,408.12939453125,30,3.7721023559570312,0.46242329478263855,-67.36421203613281,1125.0408732579551,4012.086128830018,45.136480280072846,3.237864077871004,0.06842367351055145,0.010794943198561668,-67.70396423339844,0,7.897564888000488,0.0005760823842138052,3252.095458984375,22.632614135742188,45.136480280072846,3.237864077871004
91334.765625,297.1460876464844,-12.401590347290039,0.0035331633407622576,71960.0234375,174.04367065429688,-12.142727851867676,0.002626617206260562,88607.9765625,265.3347473144531,-12.368681907653809,0.0032520045060664415,3984.93701171875,247,2.368730068206787,2.321376323699951,54.06410217285156,166.59888112024598,4007.8678720199896,45.13630682443584,3.307709878754974,0.005777197889983654,0.005749760195612907,-7.185169696807861,0,4.013247489929199,0.0002926879096776247,91402.8203125,14.212380409240723,45.13630682443585,3.3077098787549626
1573.654541015625,167.25106811523438,-7.992273330688477,0.11542219668626785,751.933837890625,105.64189147949219,-7.190449237823486,0.1525760442018509,857.30029296875,122.92143249511719,-7.332832336425781,0.15571285784244537,50.32210159301758,16,1.7186745405197144,1.0398355722427368,2.147507429122925,964.3415093930714,4017.0034824395975,45.13686104357076,3.249576788582008,0.3272789418697357,0.32626914978027344,30.100046157836914,0,7.9947028160095215,0.0005831468151882291,575.7130126953125,10.312047004699707,45.13686104357076,3.2495767885820075
1387.0450439453125,163.2238311767578,-7.855226516723633,0.12779763340950012,250.31704711914062,105.16898345947266,-5.9962263107299805,0.45627540349960327,260.5958557128906,123.15946960449219,-6.039918899536133,0.5132513642311096,36.73789596557617,9,1.9562513828277588,0.939965009689331,19.358327865600586,1951.9462446204964,4011.1170071097276,45.136311573253835,3.1775815686657913,0.5671181082725525,0.5656131505966187,-16.39202117919922,0,8.110337257385254,0.0005917335511185229,404.0582275390625,11.737508773803711,45.136311573253835,3.177581568665803
2056.506591796875,137.9601593017578,-8.282825469970703,0.07285399734973907,1809.058349609375,107.22222137451172,-8.143630981445312,0.06436681747436523,1815.258544921875,159.47552490234375,-8.147346496582031,0.0954081267118454,102.85195922851562,31,1.6283084154129028,1.3413589000701904,-29.200782775878906,131.55021882845773,4015.0126027374495,45.13683452767864,3.310263795275013,0.1251581609249115,0.12461520731449127,-38.598899841308594,0,5.680501461029053,0.0004142792022321373,1789.8179931640625,9.769850730895996,45.13683452767864,3.310263795275013
744.2160034179688,118.79560852050781,-7.1792473793029785,0.1733529418706894,513.4891967773438,105.46295166015625,-6.7763285636901855,0.22304804623126984,389.0271911621094,133.5235137939453,-6.474949836730957,0.3727414011955261,39.11034393310547,11,2.2018370628356934,0.9381716251373291,-7.995549201965332,1167.9095337040812,4009.2677660724207,45.13626865880054,3.2347394251576485,0.4310576319694519,0.4290420711040497,-2.1343650817871094,0,8.599735260009766,0.0006273079197853804,-29.133106231689453,13.21102237701416,45.13626865880054,3.2347394251576485
763.7064819335938,117.45066833496094,-7.2073163986206055,0.16701629757881165,580.8681030273438,105.54869842529297,-6.910193920135498,0.19733548164367676,555.0257568359375,101.06712341308594,-6.860782623291016,0.19775459170341492,50.91067123413086,12,1.2701555490493774,0.9365877509117126,-24.776935577392578,1762.690727069202,4006.2163492029613,45.13597381699022,3.191380652075787,0.2998308837413788,0.2991020679473877,-12.58664321899414,0,6.50991153717041,0.00047493912279605865,482.5191650390625,7.620933532714844,45.13597381699022,3.191380652075787
1715.173583984375,169.01806640625,-8.085770606994629,0.10701751708984375,972.362548828125,106.1692886352539,-7.469570636749268,0.1185770109295845,831.401611328125,164.0693817138672,-7.299527168273926,0.21431200206279755,64.72611999511719,23,2.2393555641174316,1.3814361095428467,-18.017139434814453,1507.7859448519885,4004.1852952156382,45.13585479725194,3.2099643071187027,0.2238931804895401,0.2236689180135727,-53.49532699584961,0,10.535717010498047,0.0007685933378525078,178.84397888183594,13.43613338470459,45.13585479725194,3.2099643071187023
1492.3717041015625,161.00982666015625,-7.9346923828125,0.11716697365045547,888.2379760742188,106.14533996582031,-7.371323108673096,0.12977810204029083,1005.3353881835938,177.03610229492188,-7.505777359008789,0.19124086201190948,52.0302619934082,24,1.8270009756088257,1.5700891017913818,-84.89141845703125,1528.162542015706,4003.8265097810727,45.13582613483512,3.2084788495938916,0.27684980630874634,0.2759350538253784,-18.904586791992188,0,10.143600463867188,0.0007399917230941355,935.6820068359375,10.962005615234375,45.13582613483511,3.2084788495939036
2546.3193359375,200.49798583984375,-8.514781951904297,0.08551198244094849,1451.302490234375,106.77327728271484,-7.90439510345459,0.07989773154258728,1902.3973388671875,187.3065185546875,-8.19825267791748,0.10692554712295532,67.24903106689453,39,2.083641767501831,1.9571400880813599,-24.026628494262695,1464.1348286793973,3995.988993941375,45.135260750271456,3.213146454747214,0.277101069688797,0.2767283618450165,18.37656021118164,2,12.103060722351074,0.0008829218568280339,1330.4237060546875,12.501850128173828,45.135260750271456,3.213146454747214
2976.195068359375,187.2053680419922,-8.68415355682373,0.06831038743257523,1854.361572265625,107.15648651123047,-8.170486450195312,0.06275580078363419,2253.01123046875,187.55767822265625,-8.381908416748047,0.09040684252977371,120.70116424560547,44,2.305795907974243,1.5079944133758545,-56.938507080078125,1405.791018468597,3996.7367149270885,45.13532251660398,3.2173995595982574,0.14455431699752808,0.1443757265806198,-48.72136306762695,2,7.528672218322754,0.0005492107011377811,2416.704345703125,13.834775924682617,45.13532251660398,3.2173995595982574
1207.6365966796875,132.62049865722656,-7.704840660095215,0.11926258355379105,884.9039306640625,105.85211181640625,-7.3672404289245605,0.12990719079971313,895.2674560546875,162.78292846679688,-7.379881858825684,0.19746306538581848,69.77088165283203,20,1.770179033279419,1.744064450263977,-6.253431797027588,189.99202475855398,3994.1719133025017,45.13530185582773,3.306005003350505,0.28233781456947327,0.28159889578819275,7.993358612060547,0,10.525071144104004,0.0007676007808186114,388.46502685546875,10.621074676513672,45.13530185582772,3.3060050033505166
2144.124755859375,195.51486206054688,-8.328125,0.09902834892272949,948.0308837890625,106.09727478027344,-7.442056179046631,0.12153785675764084,1016.1149291992188,193.00958251953125,-7.517356872558594,0.20628415048122406,68.19390106201172,34,2.34824800491333,1.8417162895202637,19.55756378173828,104.90050228693202,3995.706186480976,45.13542684298759,3.3122049244973932,0.27865198254585266,0.2783747613430023,-25.898239135742188,0,12.465171813964844,0.0009090813691727817,1308.332763671875,14.08948802947998,45.1354268429876,3.312204924497382
15665.1328125,403.8360290527344,-10.487335205078125,0.027996310964226723,3633.33984375,109.5228271484375,-8.900765419006348,0.032736215740442276,15448.2001953125,423.0627746582031,-10.47219467163086,0.029741080477833748,119.95341491699219,245,6.456988334655762,3.2151734828948975,-48.60930252075195,745.6330521725072,3979.868667714175,45.13417567354379,3.2655156686493023,0.1762838214635849,0.1747869998216629,-43.54176330566406,3,25.119661331176758,0.0018321790266782045,8432.056640625,38.74192810058594,45.13417567354379,3.265515668649302
13988.734375,274.9661865234375,-10.364445686340332,0.021346697583794594,7100.55126953125,113.53997802734375,-9.628230094909668,0.0173654705286026,13301.935546875,291.49871826171875,-10.309786796569824,0.023798612877726555,278.67962646484375,166,3.210958242416382,3.018885612487793,-14.701065063476562,759.5119994587724,3972.2576802750023,45.13361724093919,3.264504097414553,0.060093242675065994,0.05991467460989952,-12.53057861328125,3,7.670412540435791,0.000559466250706464,13456.69921875,19.265748977661133,45.13361724093919,3.264504097414553
811.182861328125,121.9144515991211,-7.272797107696533,0.16321732103824615,50.52738952636719,104.95530700683594,-4.258817195892334,2.2558350563049316,79.84423065185547,97.1108169555664,-4.755609035491943,1.32085120677948,38.09992599487305,9,1.484769344329834,0.7213109135627747,-6.165390491485596,931.0378278199211,3990.5272111861254,45.13492963038678,3.252003735638536,0.3918095827102661,0.32335177063941956,-89.39482879638672,0,6.1727824211120605,0.0004502486845012754,-264.4075622558594,8.908616065979004,45.134929630386786,3.2520037356385245
11972.71875,96.20743560791016,-10.19548225402832,0.008726612664759159,11102.30859375,118.43659973144531,-10.113533020019531,0.011585171334445477,11952.3994140625,117.10186767578125,-10.19363784790039,0.010639924556016922,2655.725830078125,24,2.16064190864563,0.5627802610397339,61.589534759521484,1312.799392861689,3980.568278716172,45.13415182761742,3.2241781352308725,0.015567904338240623,0.013446004129946232,41.25846481323242,0,6.582462787628174,0.0004801734467037022,10752.12890625,12.963851928710938,45.13415182761742,3.2241781352308725
2400.239013671875,142.33529663085938,-8.45063591003418,0.06440030783414841,1959.5294189453125,107.41048431396484,-8.230379104614258,0.059528470039367676,2106.18310546875,146.87371826171875,-8.308740615844727,0.07573171705007553,119.58546447753906,35,1.6199450492858887,1.5264097452163696,33.3947639465332,718.3764579734213,3980.4555068611235,45.13422237805058,3.2675020235036136,0.10690892487764359,0.10664050281047821,-67.7192153930664,0,6.080088138580322,0.0004434673464857042,1645.86669921875,9.719670295715332,45.13422237805058,3.2675020235036136
3882.93603515625,217.02479553222656,-8.972900390625,0.06069863960146904,2252.94921875,107.93895721435547,-8.381878852844238,0.05203033611178398,3149.574951171875,208.60206604003906,-8.745630264282227,0.0719277486205101,91.95621490478516,63,2.604609489440918,1.956228256225586,39.0148811340332,629.366690403356,3975.4790401754385,45.133871008421025,3.2739884405136754,0.15585710108280182,0.15558749437332153,29.64696502685547,0,9.2428617477417,0.0006741405813954771,2562.955322265625,15.627656936645508,45.13387100842103,3.2739884405136634
956.0083618164062,135.09719848632812,-7.4511542320251465,0.1534668207168579,468.53509521484375,105.48870849609375,-6.676855087280273,0.24450834095478058,542.3867797851562,182.77203369140625,-6.835772514343262,0.3659573495388031,34.52617645263672,12,2.537445068359375,0.7310106754302979,38.99016571044922,856.8842854683959,3972.2657572626144,45.13360443905139,3.2574078313994597,0.583143413066864,0.582072377204895,50.67444610595703,0,8.146014213562012,0.0005941677954979241,-251.68409729003906,15.22467041015625,45.133604439051396,3.2574078313994486
1487.289794921875,160.10707092285156,-7.930988788604736,0.11690814048051834,798.1045532226562,105.98998260498047,-7.2551493644714355,0.14422310888767242,918.9196166992188,159.40689086914062,-7.408193588256836,0.18839067220687866,48.12066650390625,17,2.068499803543091,0.9763730764389038,19.64230728149414,436.56454222652854,3972.370479680765,45.133671350043784,3.2880379240591093,0.32853394746780396,0.32832637429237366,-67.8941879272461,2,8.50263500213623,0.0006201286450959742,673.36962890625,12.410999298095703,45.133671350043784,3.288037924059121
1582.0772705078125,159.94293212890625,-7.9980692863464355,0.1097911149263382,874.2278442382812,105.83856964111328,-7.354061603546143,0.13147680461406708,1274.85009765625,194.31883239746094,-7.76364803314209,0.1655333787202835,56.16365051269531,18,2.5916857719421387,1.6966071128845215,-75.19049072265625,906.0427316739562,3971.572435843191,45.133547065269354,3.2538251674948335,0.33319422602653503,0.33214297890663147,-52.153480529785156,2,12.56921672821045,0.0009168043034151196,-323.5453796386719,15.550114631652832,45.13354706526935,3.253825167494845
860.930908203125,128.43289184570312,-7.33742094039917,0.16200849413871765,160.18792724609375,105.22035217285156,-5.5115742683410645,0.7133452892303467,174.85867309570312,281.5283203125,-5.606718063354492,1.748496413230896,38.9383659362793,11,1.87344491481781,1.252587080001831,47.25891876220703,1983.861195694349,3965.5967097639264,45.132979877775625,3.1752552310035056,0.7308114767074585,0.7287846803665161,-70.50707244873047,0,9.169610023498535,0.0006690194131806493,439.031982421875,11.240669250488281,45.132979877775625,3.175255231003505
1473.7220458984375,157.33486938476562,-7.92103910446167,0.11594158411026001,1050.4093017578125,106.14433288574219,-7.553396224975586,0.10974078625440598,1296.6044921875,186.8717498779297,-7.782018661499023,0.1565185934305191,63.8065071105957,24,1.9520118236541748,1.5201807022094727,81.53352355957031,1383.3554164446534,3963.8168199774145,45.13291824954576,3.219035013362795,0.32147762179374695,0.3209361732006073,-33.8224983215332,0,10.31773853302002,0.000752663763705641,877.9852905273438,11.71207046508789,45.13291824954576,3.2190350133627956
1571.70703125,155.074951171875,-7.990929126739502,0.10715190321207047,957.8527221679688,106.23336029052734,-7.453246593475342,0.12044589966535568,1172.793701171875,135.12149047851562,-7.673054218292236,0.12512169778347015,55.21371078491211,14,1.5171239376068115,1.2517940998077393,-46.376041412353516,1009.9728079475931,3959.5616476368004,45.1326549240089,3.246250419120806,0.3386976420879364,0.3365846276283264,-63.989620208740234,2,8.243277549743652,0.0006012814119458199,940.7363891601562,9.102743148803711,45.1326549240089,3.246250419120806
4011.138427734375,219.8788604736328,-9.008169174194336,0.05953133851289749,2085.880126953125,107.85272979736328,-8.298223495483398,0.0561528243124485,3093.843017578125,191.0438690185547,-8.726245880126953,0.06706017255783081,113.07281494140625,50,2.1228668689727783,2.0236549377441406,-46.920509338378906,18.9581366036202,3958.631071535259,45.13272887016699,3.318465413250396,0.1519007831811905,0.1517648845911026,54.999969482421875,2,7.898702144622803,0.0005760423955507576,2612.896728515625,12.737201690673828,45.13272887016699,3.318465413250385
1006.348388671875,133.66201782226562,-7.506870746612549,0.14424125850200653,663.2833862304688,105.81904602050781,-7.054247856140137,0.17325851321220398,696.4694213867188,127.9819564819336,-7.107254981994629,0.19956138730049133,44.18396759033203,16,1.644762396812439,1.1798063516616821,39.68313217163086,1503.3748435388634,3955.238574394112,45.13227646407537,3.210286020383104,0.3685312569141388,0.367713987827301,37.84788131713867,0,8.33323860168457,0.0006079153972677886,352.05096435546875,9.868574142456055,45.13227646407537,3.210286020383104
7330.84521484375,188.7829132080078,-9.662884712219238,0.027966521680355072,5442.19970703125,111.600830078125,-9.339436531066895,0.02227012999355793,6608.81298828125,203.958740234375,-9.550308227539062,0.03351572901010513,301.0563659667969,82,2.4013280868530273,1.9432756900787354,12.938907623291016,67.30148240712725,3948.4524768126444,45.13197724626463,3.314942883775736,0.04658878967165947,0.04652278870344162,-8.6112642288208,0,4.393251419067383,0.0003203965607099235,6966.85693359375,14.407968521118164,45.131977246264626,3.3149428837757466
648.4917602539062,111.75215911865234,-7.02976131439209,0.18714632093906403,329.501953125,105.3946762084961,-6.294644832611084,0.3473685383796692,266.1258544921875,102.83293914794922,-6.062717437744141,0.41963818669319153,36.82931137084961,9,1.5233649015426636,0.8580443263053894,-54.51743698120117,107.68421915121287,3951.1162903859845,45.13216592856199,3.3120007237273756,0.4790686070919037,0.47654488682746887,-53.96245574951172,0,6.827443599700928,0.0004979234072379768,-0.5570183396339417,9.140189170837402,45.13216592856199,3.3120007237273756
2187.0322265625,195.89385986328125,-8.349637985229492,0.09727370738983154,1196.923828125,106.49401092529297,-7.695166110992432,0.09662476927042007,1627.0001220703125,239.43467712402344,-8.02846908569336,0.1598193198442459,77.93846893310547,35,2.644845724105835,1.3799753189086914,-9.044829368591309,49.55252684770997,3943.7921636417373,45.131639161441356,3.3162358919039385,0.2708247900009155,0.2699323296546936,-9.320967674255371,0,10.013249397277832,0.0007302567828446627,1894.3924560546875,15.869073867797852,45.131639161441356,3.3162358919039385
2393.759521484375,162.29144287109375,-8.447701454162598,0.07362832874059677,1741.5247802734375,107.17845916748047,-8.102324485778809,0.06683557480573654,2070.673828125,154.11199951171875,-8.290279388427734,0.08082664757966995,123.29806518554688,33,1.7328096628189087,1.5699083805084229,-86.66927337646484,1435.8223330631338,3935.108564135818,45.13081274764524,3.2152104302785247,0.15540027618408203,0.15509453415870667,60.43754577636719,2,6.225704669952393,0.0004541603848338127,1366.1583251953125,10.396858215332031,45.13081274764524,3.2152104302785247
47194.890625,243.0384979248047,-11.684737205505371,0.005592550616711378,37714.8125,145.30137634277344,-11.441280364990234,0.004183960612863302,45980.66015625,228.89059448242188,-11.656437873840332,0.005406081210821867,2135.572265625,173,2.2174272537231445,2.136108160018921,20.62966537475586,668.9084664619222,3926.357491424683,45.13027369084878,3.271105978912336,0.009046811610460281,0.008993820287287235,-82.8141860961914,0,3.965153455734253,0.0002892052289098501,46452.51171875,13.304563522338867,45.13027369084878,3.2711059789123356
4319.61865234375,183.36056518554688,-9.088613510131836,0.04609887674450874,3013.13232421875,108.75982666015625,-8.697545051574707,0.03919946402311325,3787.22998046875,191.53057861328125,-8.945804595947266,0.054921992123126984,161.6112518310547,61,2.311549425125122,1.8314489126205444,-67.17152404785156,594.0886363213951,3926.063069439617,45.130262725599245,3.2765582273921083,0.08686131238937378,0.08677643537521362,-10.843317985534668,0,6.454256534576416,0.0004707454645540565,3436.21826171875,13.86929702758789,45.13026272559925,3.2765582273920972
3559.367919921875,201.48875427246094,-8.878432273864746,0.06147630512714386,2220.619873046875,107.49237060546875,-8.366185188293457,0.0525694265961647,2896.2216796875,199.8643035888672,-8.654579162597656,0.07494337856769562,92.30577087402344,57,2.386396646499634,1.953884243965149,71.77619171142578,1132.7302878048688,3922.8047810723674,45.129951210012145,3.23730297450614,0.14549604058265686,0.14504031836986542,68.71530151367188,0,8.896065711975098,0.0006489130319096148,2383.116455078125,14.318380355834961,45.129951210012145,3.2373029745061395
21835.244140625,201.987548828125,-10.847894668579102,0.010046074166893959,17655.87109375,125.26309967041016,-10.617222785949707,0.007704843766987324,21330.166015625,203.9945068359375,-10.82248592376709,0.010386137291789055,922.2568359375,120,2.174870491027832,1.996521234512329,51.37821960449219,1791.495927846035,3905.4833752301893,45.128605239971606,3.1892815933221366,0.016690783202648163,0.016628647223114967,-55.6298828125,0,4.116798400878906,0.00030034445808269083,21429.73046875,13.049222946166992,45.12860523997161,3.1892815933221246
564.243408203125,99.806640625,-6.878666400909424,0.1920979619026184,436.8387756347656,105.53132629394531,-6.600802898406982,0.26235541701316833,433.52484130859375,105.15320587158203,-6.592535018920898,0.2634136974811554,44.63233184814453,9,1.4411122798919678,0.929019033908844,-9.740236282348633,1652.4192516095015,3912.4391530936923,45.12912955831333,3.199420840115769,0.4284006953239441,0.4277927875518799,11.138667106628418,0,6.910625457763672,0.0005041518597863615,286.3282775878906,8.646673202514648,45.12912955831333,3.1994208401157684
659.1825561523438,112.7143783569336,-7.04751443862915,0.18569637835025787,323.56781005859375,105.17927551269531,-6.274913311004639,0.3530162274837494,201.5840606689453,114.81754302978516,-5.7611403465271,0.6185600757598877,35.23274612426758,9,1.8136097192764282,0.8554530739784241,8.204055786132812,1906.0791451498485,3896.9107872156214,45.12796592889083,3.180927594677964,0.40247029066085815,0.40168753266334534,50.144798278808594,1,7.444509029388428,0.0005431371391750872,-134.1897735595703,10.881658554077148,45.12796592889083,3.1809275946779754
1883.2412109375,158.34474182128906,-8.187264442443848,0.09131193161010742,1185.493896484375,106.2739028930664,-7.68474817276001,0.09735474735498428,1437.851318359375,165.88926696777344,-7.894284725189209,0.12529511749744415,88.1565170288086,28,1.7247589826583862,1.3126647472381592,-65.49913024902344,1193.477590126326,3894.0340924762963,45.12783970900678,3.232875126107059,0.1768919825553894,0.17669671773910522,-42.30852508544922,2,6.188477516174316,0.0004514162428677082,1415.1114501953125,10.348553657531738,45.12783970900678,3.232875126107058
1148.560302734375,127.24818420410156,-7.650384426116943,0.12031717598438263,1004.6757202148438,106.2513427734375,-7.505064964294434,0.1148519441485405,1007.6717529296875,128.30804443359375,-7.508297920227051,0.1382816731929779,71.24185180664062,19,1.6110056638717651,1.2032923698425293,77.0233383178711,1874.7968224972187,3885.61132513929,45.12714310117914,3.183208530545698,0.23023881018161774,0.22962382435798645,27.72050666809082,0,8.328933715820312,0.0006076566642150283,657.7381591796875,9.666033744812012,45.12714310117915,3.1832085305456865
1681.4544677734375,171.18260192871094,-8.064212799072266,0.11056160926818848,874.7596435546875,105.92190551757812,-7.354722023010254,0.13150033354759216,1298.7149658203125,180.31817626953125,-7.78378438949585,0.15078407526016235,53.645999908447266,24,2.48805570602417,1.5532641410827637,-63.81691360473633,758.6536156528825,3883.0299988342945,45.12709307682113,3.2645651617767113,0.3734429180622101,0.3720998466014862,-69.14220428466797,2,11.781064987182617,0.0008592847734689713,24.816160202026367,14.92833423614502,45.127093076821126,3.2645651617767233
26691.673828125,244.30169677734375,-11.065939903259277,0.009939865209162235,15883.30859375,123.45484161376953,-10.502352714538574,0.008441059850156307,25844.181640625,263.2539367675781,-11.030906677246094,0.01106221042573452,750.555419921875,172,3.3613028526306152,2.233362913131714,2.810293197631836,1500.4981455833156,3875.9248690226423,45.12647754011927,3.2104959062630947,0.02807493694126606,0.026697931811213493,-0.29550454020500183,0,9.037829399108887,0.000659308978356421,23764.29296875,20.167816162109375,45.12647754011927,3.2104959062630947
787.267578125,104.00353240966797,-7.2403059005737305,0.14346817135810852,764.6331787109375,105.78221130371094,-7.208632946014404,0.15024130046367645,783.7373657226562,114.54511260986328,-7.235426425933838,0.15872152149677277,78.25636291503906,13,1.407517433166504,1.1387993097305298,80.76744079589844,805.7399146632,3879.5726321606417,45.126833784987014,3.261133701337427,0.28687015175819397,0.28640350699424744,26.72757911682129,2,4.828516960144043,0.0003521846083458513,353.72357177734375,8.445104598999023,45.126833784987014,3.2611337013374264
1154.7015380859375,143.26649475097656,-7.656174182891846,0.13474254310131073,367.6879577636719,105.27716064453125,-6.413698673248291,0.3109457492828369,408.857177734375,131.89474487304688,-6.528929233551025,0.3503367304801941,29.741374969482422,12,1.6981945037841797,1.1699883937835693,-55.7080192565918,1928.2831091832522,3877.71144437521,45.12655973018554,3.179308957563796,0.5095804929733276,0.508415699005127,-12.795557022094727,0,8.432915687561035,0.0006152514251880348,56.69615173339844,10.189167022705078,45.12655973018554,3.179308957563796
3748.194091796875,239.6169891357422,-8.934555053710938,0.0694265142083168,1751.268310546875,107.068115234375,-8.108382225036621,0.06639529019594193,3249.181884765625,268.7124938964844,-8.779435157775879,0.08981392532587051,84.92691040039062,51,2.6263155937194824,2.0555458068847656,-59.66653060913086,1594.3921023264002,3865.6721523154188,45.12571676921262,3.203651303960523,0.2294941544532776,0.22920678555965424,-39.67454147338867,2,11.104965209960938,0.0008101247367449105,3382.7607421875,15.757893562316895,45.12571676921262,3.2036513039605223
587.0972900390625,104.3191146850586,-6.9217753410339355,0.1929672658443451,563.5051879882812,105.69236755371094,-6.87724494934082,0.2036927193403244,580.4445190429688,146.9687042236328,-6.909401893615723,0.2749754786491394,42.75883102416992,9,1.1770563125610352,0.6792066693305969,-87.68608093261719,1409.8117074880772,3867.1420593910234,45.12584632130511,3.2171064563341454,0.2924063503742218,0.2909609079360962,57.54001235961914,2,5.32141637802124,0.0003881878510583192,774.0294799804688,7.062337875366211,45.125846321305104,3.2171064563341565
2176.0576171875,182.36724853515625,-8.344176292419434,0.0910135954618454,1277.943115234375,106.5550537109375,-7.7662787437438965,0.09055081754922867,1681.1470947265625,164.09796142578125,-8.064014434814453,0.1060052290558815,60.50950622558594,32,2.105236291885376,1.5080286264419556,-12.826497077941895,1036.7664688296197,3862.363489165308,45.125544354047534,3.24429662812996,0.25155961513519287,0.25099146366119385,-29.612621307373047,2,10.414554595947266,0.0007596571231260896,1119.2696533203125,12.631418228149414,45.125544354047534,3.24429662812996
1531.973388671875,159.8448486328125,-7.963128089904785,0.11331234872341156,1062.2562255859375,106.48860168457031,-7.565573215484619,0.10886885970830917,986.1994018554688,169.44277954101562,-7.484911918640137,0.18658991158008575,59.55926513671875,25,2.058608293533325,1.627021312713623,-11.910323143005371,1212.4285471908029,3862.8741498306217,45.12555890671853,3.23149366308287,0.26030367612838745,0.259927362203598,29.713769912719727,0,10.964659690856934,0.0007998141809366643,27.329998016357422,12.35165023803711,45.12555890671853,3.23149366308287
655.750732421875,112.41273498535156,-7.041846752166748,0.18616865575313568,215.24557495117188,105.08255767822266,-5.832335472106934,0.5301835536956787,266.64666748046875,138.2337188720703,-6.064840316772461,0.5629990696907043,38.191436767578125,9,1.4190053939819336,0.8829030990600586,-62.34739303588867,1543.6968076339565,3862.9427986609626,45.12552316786994,3.2073469008934534,0.8106937408447266,0.8090392351150513,-85.04548645019531,0,6.682661533355713,0.00048750414862297475,-13.050680160522461,8.514032363891602,45.12552316786994,3.207346900893442
13640.0390625,267.11444091796875,-10.33703899383545,0.02126726135611534,6670.97509765625,113.22425079345703,-9.560473442077637,0.018432317301630974,12342.1474609375,277.9820556640625,-10.228476524353027,0.024459965527057648,238.186279296875,156,3.515843152999878,2.498497724533081,39.836151123046875,788.6872341959214,3853.0419281668287,45.124896196961124,3.262375983318714,0.0646461471915245,0.06395946443080902,48.695777893066406,0,8.82363224029541,0.0006435788236558437,10921.84375,21.09505844116211,45.124896196961124,3.262375983318714
2126.60986328125,184.64918518066406,-8.319219589233398,0.09429515898227692,866.2277221679688,105.86975860595703,-7.344079971313477,0.132730171084404,1048.1517333984375,152.5028076171875,-7.551060199737549,0.1580096185207367,53.86764144897461,18,2.3341355323791504,1.1967339515686035,67.5889892578125,1422.417284621635,3849.3047126904225,45.12454053820685,3.21618758904963,0.29752397537231445,0.29636698961257935,45.584312438964844,2,10.009078025817871,0.0007301452569663525,-92.83842468261719,14.004813194274902,45.12454053820685,3.21618758904963
636.3585205078125,110.5722427368164,-7.009254455566406,0.18870094418525696,213.7071990966797,105.12223052978516,-5.82454776763916,0.5342016816139221,226.928466796875,129.193359375,-5.8897223472595215,0.6182740926742554,42.59449768066406,9,1.5638631582260132,1.2531588077545166,22.97779655456543,1739.5565954429017,3848.53756669683,45.124447255688104,3.193068763973422,0.48232775926589966,0.4808691442012787,-23.113903045654297,0,8.37480354309082,0.0006109772948548198,-53.752891540527344,9.3831787109375,45.124447255688104,3.193068763973422
1253.8973388671875,148.78677368164062,-7.745655059814453,0.12886416912078857,728.7899780273438,105.90213012695312,-7.156506061553955,0.15780913829803467,780.64599609375,144.14678955078125,-7.231135368347168,0.20053060352802277,52.8131217956543,20,2.1942386627197266,1.0936737060546875,-20.82505989074707,1251.2540360775045,3839.98345629194,45.12388022881454,3.228663663710199,0.2994095981121063,0.2986949682235718,-1.6469560861587524,0,9.2734375,0.0006764530553482473,151.8064422607422,13.16543197631836,45.12388022881454,3.228663663710199
1087.570556640625,124.4512710571289,-7.591143608093262,0.12427154928445816,794.3626708984375,105.86128997802734,-7.250047206878662,0.14472654461860657,700.093017578125,128.8377685546875,-7.112889289855957,0.19985604286193848,59.8448371887207,18,1.6397181749343872,1.1665326356887817,60.53749084472656,73.81368765736927,3839.3949148325487,45.124001589111224,3.314464939098668,0.20968569815158844,0.20907272398471832,56.30339050292969,0,8.264758110046387,0.0006027426570653915,831.1687622070312,9.838309288024902,45.124001589111224,3.3144649390986793
3437.1005859375,240.09280395507812,-8.84048080444336,0.07586067914962769,1221.634521484375,106.48407745361328,-7.717353343963623,0.09466145932674408,1174.018798828125,192.55203247070312,-7.674187660217285,0.17811597883701324,72.77494812011719,39,2.5759522914886475,1.6810405254364014,74.7607650756836,1569.317208075535,3834.997712862786,45.12347683522002,3.205479334772695,0.20218901336193085,0.20183126628398895,-60.1965217590332,0,11.636531829833984,0.0008488946477882564,312.7419738769531,15.455713272094727,45.12347683522002,3.205479334772707
51350.65234375,506.9569091796875,-11.776365280151367,0.010721484199166298,12464.0146484375,119.78787994384766,-10.239145278930664,0.010437218472361565,47918.11328125,523.9955444335938,-11.701249122619629,0.011875658296048641,441.6885681152344,573,6.670551776885986,4.65041446685791,-27.35982322692871,1773.6317126102392,3824.466332400026,45.12268338045858,3.190584777161419,0.05728517845273018,0.05670379474759102,-39.9735107421875,0,10.654951095581055,0.0007773279794491827,40013.875,40.023311614990234,45.12268338045858,3.1905847771614195
2804.709716796875,171.81103515625,-8.619719505310059,0.06652623414993286,1964.27978515625,107.29412841796875,-8.23300838470459,0.059320177882909775,2147.248046875,172.9101104736328,-8.329705238342285,0.08745164424180984,98.89840698242188,44,2.0938615798950195,1.6798412799835205,65.98519897460938,1982.7490819804054,3831.3720478060936,45.1231657000126,3.175338470614164,0.12876681983470917,0.1285465955734253,66.35737609863281,0,7.608232498168945,0.0005550886271521449,1497.5692138671875,12.563169479370117,45.1231657000126,3.175338470614164
604.5537719726562,96.24075317382812,-6.953587532043457,0.17288364470005035,650.0147705078125,105.7608413696289,-7.032308101654053,0.17669793963432312,689.8013305664062,151.4663543701172,-7.0968098640441895,0.23846353590488434,61.75710678100586,10,1.4672048091888428,0.703242838382721,40.91771697998047,181.31199984894937,3833.9686799397623,45.12358870098474,3.3066327054930196,0.35224321484565735,0.35127222537994385,28.292163848876953,0,5.290153980255127,0.00038581297849304974,286.7026672363281,8.803228378295898,45.12358870098473,3.3066327054930307
4028.122802734375,177.5072021484375,-9.01275634765625,0.04785674065351486,2828.547119140625,108.37029266357422,-8.628908157348633,0.04160798341035843,3650.179443359375,179.0308074951172,-8.90578556060791,0.053265176713466644,161.63365173339844,53,2.0539841651916504,1.815045952796936,49.0473747253418,935.5850293484517,3823.972363797287,45.12275065923903,3.2516702353898888,0.09618467837572098,0.09586276113986969,79.45704650878906,2,6.784633636474609,0.0004948718124069273,2759.95361328125,12.323904991149902,45.122750659239024,3.251670235389901
1236.24267578125,121.56068420410156,-7.730259418487549,0.10678720474243164,1029.69580078125,106.11812591552734,-7.531772136688232,0.11192071437835693,1152.575439453125,135.9088134765625,-7.654173374176025,0.12805840373039246,95.15052795410156,20,1.6440064907073975,1.3017096519470215,-1.6705421209335327,1406.8758389808766,3825.8560303847403,45.12282789079665,3.2173204226327097,0.20435059070587158,0.20334026217460632,-54.5608024597168,0,6.466872215270996,0.00047174410428851843,560.4108276367188,9.864038467407227,45.12282789079664,3.2173204226327323
1015.781494140625,135.23289489746094,-7.517000675201416,0.14458121359348297,758.2680053710938,105.73274993896484,-7.199556827545166,0.15143164992332458,1118.1732177734375,155.40647888183594,-7.621272563934326,0.15093496441841125,47.28781509399414,16,2.341550588607788,1.2373995780944824,50.11747741699219,1553.9216698387263,3819.1486321593475,45.12231978188907,3.206601669026723,0.4832947552204132,0.4819519519805908,50.25760269165039,3,10.194779396057129,0.0007437130552716553,-69.98002624511719,14.04930305480957,45.12231978188907,3.206601669026723
583.7879028320312,103.76659393310547,-6.915637493133545,0.19303332269191742,308.81610107421875,105.07717895507812,-6.224249839782715,0.36952027678489685,277.0855712890625,113.94966888427734,-6.106534957885742,0.44661054015159607,48.52334213256836,9,2.357377052307129,0.6180223822593689,88.10760498046875,1551.1772191288933,3817.8086669071386,45.1222221290916,3.2068017328531484,0.3235357403755188,0.32207340002059937,79.05492401123047,3,7.212006092071533,0.000526118150446564,-269.5716857910156,14.144262313842773,45.1222221290916,3.2068017328531484
2058.092529296875,178.98121643066406,-8.283661842346191,0.09444356709718704,1151.6192626953125,106.27228546142578,-7.6532721519470215,0.10021688789129257,3129.346923828125,293.1886901855469,-8.73863410949707,0.10174740105867386,79.99638366699219,34,3.816781997680664,1.4236979484558105,50.28711700439453,1678.8098299062392,3808.462031095116,45.121523871970496,3.1974975972502784,0.3591966927051544,0.3587563931941986,42.98500442504883,2,13.977030754089355,0.0010196613147854805,2784.915283203125,22.900691986083984,45.121523871970496,3.1974975972502784
6280.44873046875,165.7839813232422,-9.494976997375488,0.028666965663433075,5083.6259765625,111.28661346435547,-9.265434265136719,0.023773830384016037,6043.3427734375,175.28648376464844,-9.453192710876465,0.03149930760264397,300.22808837890625,66,1.9660794734954834,1.7677700519561768,39.8460693359375,931.3070482920388,3787.1329743569663,45.120057515357374,3.2519815126979124,0.05134477838873863,0.051172371953725815,68.374267578125,0,4.363501071929932,0.0003182730288244784,5500.62646484375,11.796476364135742,45.12005751535737,3.251981512697924
2857.451171875,182.6470489501953,-8.639946937561035,0.06941664963960648,1892.724853515625,107.0820083618164,-8.192718505859375,0.0614410825073719,2478.009521484375,181.19418334960938,-8.485257148742676,0.07940924912691116,88.94169616699219,46,2.1052348613739014,1.8006260395050049,-59.30420684814453,1799.4052263892597,3786.188771646435,45.119881700538755,3.1887061476247114,0.16836820542812347,0.16775915026664734,-20.690217971801758,0,8.279379844665527,0.0006040200241841376,1305.759033203125,12.63140869140625,45.119881700538755,3.1887061476247114
984.5473022460938,129.02780151367188,-7.483091354370117,0.14232347905635834,759.5752563476562,105.77579498291016,-7.201426982879639,0.15123257040977478,901.3733520507812,145.01564025878906,-7.387261867523193,0.1747189313173294,53.291873931884766,16,2.124035120010376,1.0403696298599243,-51.83641052246094,1858.636825256907,3737.949135023654,45.116347949796136,3.184388418891223,0.4596608579158783,0.457859069108963,-55.10618591308594,0,8.89654541015625,0.0006490511586889625,87.98722076416016,12.744211196899414,45.11634794979614,3.1843884188912113
1644.296875,146.4984130859375,-8.039950370788574,0.09675702452659607,1234.5318603515625,106.50033569335938,-7.728755950927734,0.09368681907653809,1285.132080078125,143.09486389160156,-7.772369384765625,0.12092221528291702,80.83405303955078,27,1.6195935010910034,1.4761056900024414,46.782936096191406,907.7225835108256,3732.147233931469,45.116040055719566,3.2536994812042392,0.1906050443649292,0.19033518433570862,-30.064977645874023,0,6.871981143951416,0.0005012368783354759,988.3352661132812,9.717560768127441,45.116040055719566,3.2536994812042397
9026.5029296875,91.25447845458984,-9.888798713684082,0.010979043319821358,8498.4951171875,115.18128967285156,-9.823354721069336,0.014718709513545036,9095.3583984375,103.71818542480469,-9.897049903869629,0.012384112924337387,2309.59130859375,23,1.6574153900146484,0.6227626800537109,-3.891627788543701,245.93280899582325,3710.6097953538083,45.11455854204806,3.3019209202366246,0.010652437806129456,0.009740774519741535,-85.21009063720703,3,2.2324209213256836,0.00016281256102956831,8518.6884765625,9.94449234008789,45.11455854204805,3.3019209202366353
3843.7294921875,84.47696685791016,-8.961881637573242,0.023867961019277573,3060.742919921875,108.53670501708984,-8.714567184448242,0.03851054236292839,4221.8076171875,103.7381820678711,-9.063746452331543,0.02668517269194126,638.8463134765625,21,2.589175224304199,0.43420276045799255,-0.9670297503471375,264.9609915489102,3710.0968392833365,45.11451823676907,3.3005345521575427,0.0677366852760315,0.06488624215126038,-0.13939213752746582,3,6.326321601867676,0.0004613857890944928,2546.73876953125,15.535051345825195,45.11451823676907,3.300534552157542
1592.167724609375,55.387786865234375,-8.004972457885742,0.03777939826250076,1492.4998779296875,106.57898712158203,-7.934785842895508,0.07755094766616821,1571.9010009765625,70.83251953125,-7.991063117980957,0.04893699660897255,372.40679931640625,9,1.2024052143096924,0.4598202705383301,-4.094224452972412,257.71443765309175,3710.1902965114464,45.114526134627795,3.301062524430569,0.048360977321863174,0.04618261381983757,-0.7704392671585083,3,3.6839518547058105,0.00026867451379075646,1274.977783203125,7.214431285858154,45.11452613462779,3.3010625244305802
2745.540771484375,188.0556640625,-8.596570014953613,0.07438550889492035,1610.1719970703125,106.68611907958984,-8.017180442810059,0.07195574790239334,2074.993408203125,162.411376953125,-8.29254150390625,0.08500207960605621,83.9949951171875,35,2.341893434524536,1.3424310684204102,58.068912506103516,1977.9303412695056,3707.1089708818363,45.114080175387585,3.1756916056370104,0.16870862245559692,0.16829292476177216,47.626129150390625,2,9.759307861328125,0.0007120140944607556,1361.3948974609375,14.051361083984375,45.114080175387585,3.1756916056370104
1874.341552734375,162.2703857421875,-8.182122230529785,0.09402002394199371,1201.1605224609375,106.49935150146484,-7.699002742767334,0.09628880023956299,1388.514404296875,151.36338806152344,-7.8563761711120605,0.11838597804307938,72.1612777709961,31,2.05869722366333,1.332059383392334,-75.77246856689453,1389.6896276464822,3696.9991469274037,45.113408000700936,3.218572883729747,0.19774523377418518,0.19710969924926758,-63.2234001159668,0,8.290263175964355,0.000604745524469763,847.5853271484375,12.35218334197998,45.11340800070094,3.218572883729735
1232.6815185546875,144.72119140625,-7.7271270751953125,0.1275002658367157,850.6788330078125,105.9739990234375,-7.324414253234863,0.13528932631015778,1051.302734375,161.56285095214844,-7.554319381713867,0.1668950766324997,51.2489013671875,14,1.9426006078720093,1.0448976755142212,-7.548986434936523,2018.7291075456128,3694.029455320663,45.113119547989236,3.172717238229626,0.38819536566734314,0.3871917128562927,1.6834924221038818,2,8.524208068847656,0.0006219103815965354,965.248779296875,11.655603408813477,45.11311954798923,3.172717238229626
3379.84912109375,204.09730529785156,-8.822243690490723,0.06557975709438324,1961.2916259765625,107.5755386352539,-8.231355667114258,0.059566374868154526,3017.968994140625,236.54168701171875,-8.699286460876465,0.08511826395988464,84.57318115234375,48,2.118412971496582,1.8486403226852417,47.46327209472656,848.0528471758679,3675.5718065174588,45.11191118995628,3.2580469451577003,0.18434059619903564,0.18368394672870636,2.217817544937134,3,8.715909957885742,0.000635721895378083,3337.931396484375,12.710477828979492,45.111911189956274,3.2580469451577
10880.099609375,99.17073059082031,-10.091582298278809,0.00989875290542841,9966.4033203125,117.14175415039062,-9.996346473693848,0.012764479033648968,10782.5087890625,121.29129791259766,-10.081799507141113,0.012216298840939999,1478.386474609375,27,2.0760700702667236,0.6817765831947327,71.43688201904297,366.57210187552556,3677.3185499528013,45.11210649375027,3.2931303712659425,0.018569156527519226,0.016719389706850052,85.61690521240234,3,6.475164890289307,0.00047224786248989403,9737.3720703125,12.4564208984375,45.11210649375027,3.293130371265942
7181.00537109375,99.13838195800781,-9.640462875366211,0.014992926269769669,4874.5341796875,111.15223693847656,-9.219832420349121,0.024763664230704308,6879.3505859375,124.15292358398438,-9.593868255615234,0.019599243998527527,746.2478637695312,21,2.550562858581543,0.528728187084198,81.57734680175781,362.026358630079,3667.5910782496117,45.111395825233274,3.293461313118279,0.055486422032117844,0.05224026367068291,87.32681274414062,3,6.935962677001953,0.0005058544338680804,6237.5439453125,15.303377151489258,45.11139582523327,3.293461313118302
10751.6669921875,254.46859741210938,-10.078689575195312,0.02570326067507267,5983.65673828125,112.17237854003906,-9.442416191101074,0.020358655601739883,10696.8056640625,278.76055908203125,-10.073135375976562,0.028301343321800232,278.54901123046875,135,3.3439018726348877,2.3871400356292725,22.627599716186523,862.3719267083316,3675.835966144533,45.11192856791565,3.257003490390512,0.06970072537660599,0.0694100633263588,19.244508743286133,3,6.421809196472168,0.00046839582500979304,10635.1953125,20.063411712646484,45.11192856791565,3.2570034903905114
968.7074584960938,115.539306640625,-7.465481758117676,0.1295289844274521,795.4141235351562,105.77991485595703,-7.25148344039917,0.14442412555217743,960.5248413085938,173.8840789794922,-7.456271648406982,0.19659888744354248,63.447628021240234,9,1.25071120262146,0.9232932329177856,-43.050132751464844,199.08291293674364,3673.3978700474277,45.11184427509775,3.3053331568919644,0.39796119928359985,0.39717936515808105,57.37249755859375,2,5.715371608734131,0.0004168243904132396,750.757568359375,7.50426721572876,45.11184427509775,3.305333156891964
1424.0377197265625,156.49342346191406,-7.883803844451904,0.1193450540304184,809.9719848632812,105.79839324951172,-7.271174907684326,0.14185312390327454,980.2525634765625,149.544677734375,-7.478344917297363,0.16567721962928772,48.41128158569336,23,2.2850890159606934,1.1568433046340942,8.550570487976074,438.00273864389396,3606.176836678499,45.106893913086886,3.2879240981672155,0.3500072658061981,0.3488950729370117,20.402114868164062,0,9.73553466796875,0.0007100400980561972,-487.0134582519531,13.71053409576416,45.10689391308689,3.2879240981672044
348002.40625,708.2969360351562,-13.853955268859863,0.0022103595547378063,0.0,0.0,99.0,99.0,0.0,0.0,99.0,99.0,440.67578125,1484,160.00515747070312,0.6511790156364441,89.99110412597656,2.9271412659796807,433.780791817981,44.87486131432968,3.3195398517665993,0.3052610754966736,0.0014566194731742144,89.98262023925781,50,61.27739715576172,0.004469719249755144,0.0,960.0309448242188,44.87486131432968,3.3195398517665993
14652.3916015625,98.17660522460938,-10.41477108001709,0.0072766137309372425,-4986.20849609375,104.7654037475586,99.0,99.0,12934.5009765625,64.26415252685547,-10.279374122619629,0.005395714193582535,12827.2890625,17,0.5356552004814148,0.24138785898685455,-12.21514892578125,950.089560872792,3567.903288683209,45.10402443259944,3.2506097092365596,0.010843631811439991,0.004682207014411688,-7.468658447265625,2,2.042994737625122,0.00014901395479682833,-422.29095458984375,3.213931083679199,45.10402443259944,3.2506097092365596
5816.5595703125,106.07897186279297,-9.411665916442871,0.019805826246738434,2353.241455078125,107.57657623291016,-8.429165840148926,0.04964563250541687,6962.33740234375,124.24263763427734,-9.606887817382812,0.0193796269595623,395.3319091796875,25,4.0522637367248535,0.3107876777648926,-88.1536636352539,1733.7601231671945,3505.507189240609,45.099365488642384,3.193493594991167,0.09067799896001816,0.009816593490540981,-84.33271026611328,3,6.700300216674805,0.0004887921386398375,3006.3095703125,24.313583374023438,45.099365488642384,3.1934935949911667
2367.730712890625,133.6341552734375,-8.435831069946289,0.0612935796380043,2070.20263671875,107.3043212890625,-8.290032386779785,0.05629037693142891,2231.5361328125,157.06358337402344,-8.371509552001953,0.0764366090297699,118.10347747802734,33,1.8041491508483887,1.2559199333190918,81.74385833740234,1879.4010479196036,3509.0506180964812,45.09960854654807,3.1828769344908863,0.10867468267679214,0.10841155052185059,-56.0342903137207,0,6.091197490692139,0.0004443738143891096,2120.83544921875,10.824894905090332,45.09960854654807,3.1828769344908863
545.4649658203125,92.676025390625,-6.841917037963867,0.18451444804668427,582.4816284179688,105.71646881103516,-6.913205623626709,0.1971016377210617,630.6139526367188,105.40457153320312,-6.999408721923828,0.1815205067396164,51.63432312011719,9,1.3163827657699585,0.9666829109191895,88.69241333007812,209.01153511327192,3509.1135984151692,45.09982900902435,3.3046048769841523,0.3783664405345917,0.37775447964668274,-72.1867446899414,0,6.735524654388428,0.0004912245785817504,455.4893493652344,7.898296356201172,45.09982900902435,3.304604876984152
1179.723388671875,142.91903686523438,-7.679450511932373,0.13156479597091675,776.8489379882812,105.79772186279297,-7.225841522216797,0.14790046215057373,833.2647705078125,142.6702423095703,-7.301957607269287,0.18594315648078918,56.18280029296875,19,2.028982639312744,1.1633574962615967,-7.4314494132995605,2016.4549919778347,4082.0986358340106,45.14149483124861,3.172876464937597,0.2967524230480194,0.29572752118110657,10.993622779846191,16,9.196650505065918,0.0006710119778290391,-174.68064880371094,12.173895835876465,45.14149483124861,3.172876464937597
1118.2821044921875,139.239013671875,-7.621378421783447,0.1352195143699646,753.205810546875,105.85042572021484,-7.192284107208252,0.15261906385421753,944.4693603515625,199.0990447998047,-7.43796968460083,0.22893443703651428,50.18314743041992,14,2.4656689167022705,1.0144844055175781,63.845985412597656,1461.092293363879,3497.718776149759,45.09882766827768,3.2133681297435355,0.3169794976711273,0.3162318170070648,64.83680725097656,2,9.468826293945312,0.0006907142815180123,362.4975280761719,14.794013977050781,45.09882766827768,3.2133681297435355
606.739501953125,98.16131591796875,-6.957505702972412,0.1756984442472458,661.8696899414062,105.61026763916016,-7.051931381225586,0.17328599095344543,898.5380859375,174.46444702148438,-7.383841037750244,0.21086294949054718,66.7952880859375,10,1.397782325744629,0.7697094082832336,20.26841926574707,1845.3843277542094,3495.926636119985,45.09865259251849,3.1853567863301495,0.3572993576526642,0.3562656342983246,16.021867752075195,1,4.544555187225342,0.0003315374779049307,1046.4617919921875,8.386693954467773,45.09865259251849,3.1853567863301495
4052.439453125,209.07308959960938,-9.019290924072266,0.056028813123703,2460.2587890625,108.07511901855469,-8.477452278137207,0.04770619422197342,3442.46240234375,197.47999572753906,-8.842172622680664,0.06229938194155693,102.49299621582031,61,2.495103120803833,1.8020203113555908,37.79325485229492,984.5247644625625,3493.5408134178524,45.098582189096334,3.248099318926062,0.14800255000591278,0.14768846333026886,43.939064025878906,2,8.465197563171387,0.0006174437585286796,2291.092529296875,14.970619201660156,45.098582189096334,3.248099318926062
638.2620239257812,110.76415252685547,-7.012497425079346,0.1884647160768509,192.92979431152344,105.55274963378906,-5.713498115539551,0.5941554307937622,127.83578491210938,129.09033203125,-5.266631126403809,1.0966577529907227,32.74626922607422,9,1.8631030321121216,1.0714881420135498,28.615631103515625,971.3288547326689,3494.6929018724913,45.09866817360174,3.2490609342621473,0.7491051554679871,0.746179461479187,73.14883422851562,0,8.453032493591309,0.00061655486933887,-598.6318969726562,11.178618431091309,45.098668173601745,3.2490609342621353
574.4607543945312,102.05355834960938,-6.89815092086792,0.19292904436588287,441.5136413574219,105.66160583496094,-6.61236047744751,0.25989797711372375,673.411865234375,192.77102661132812,-7.070702075958252,0.31087860465049744,44.3115234375,9,1.2974658012390137,1.186366319656372,7.517024993896484,1844.0932877560474,3492.7610476945747,45.09842126078731,3.1854509244391807,0.6966792941093445,0.6951188445091248,58.69233322143555,1,7.414945602416992,0.0005409396253526211,688.6101684570312,7.784794807434082,45.09842126078731,3.18545092443918
1147.179931640625,130.03599548339844,-7.649078845977783,0.12310108542442322,796.4041137695312,105.73979187011719,-7.252833843231201,0.14418987929821014,940.626708984375,142.00286865234375,-7.4335432052612305,0.16394932568073273,65.72518157958984,19,1.8527723550796509,1.2727985382080078,-61.90240478515625,430.8420948570978,3485.175109324086,45.09804641461046,3.2884427190811616,0.2855977714061737,0.28438687324523926,-60.10234832763672,0,9.19228744506836,0.000670416746288538,419.4815979003906,11.116634368896484,45.09804641461046,3.2884427190811616
673.1395874023438,105.68345642089844,-7.070262908935547,0.17050287127494812,649.1555786132812,105.7183609008789,-7.030871868133545,0.1768607497215271,581.3406982421875,102.17849731445312,-6.91107702255249,0.1908791959285736,64.85394287109375,11,1.7332665920257568,0.712038516998291,21.153305053710938,718.2928742237708,3484.432155947124,45.09795189963812,3.2674988448060627,0.31372037529945374,0.31304293870925903,21.383914947509766,0,6.6320648193359375,0.0004837142478208989,340.1423034667969,10.399599075317383,45.09795189963812,3.2674988448060627
1931.326416015625,132.93968200683594,-8.214639663696289,0.07475302368402481,1665.1485595703125,106.8781967163086,-8.053632736206055,0.06970532238483429,1951.861083984375,153.29640197753906,-8.22612190246582,0.08529289811849594,86.61068725585938,29,1.708017349243164,1.3210375308990479,-61.9308967590332,1412.9858161594811,3466.4727008745626,45.09654867048061,3.2168742178796292,0.1525755375623703,0.15216977894306183,-76.44010925292969,0,6.179177284240723,0.00045074085937812924,1778.69140625,10.248104095458984,45.09654867048061,3.2168742178796292
547.1178588867188,93.80096435546875,-6.845202445983887,0.1861899495124817,816.1323852539062,105.97152709960938,-7.279401779174805,0.1410127580165863,1037.2381591796875,183.1352081298828,-7.539696216583252,0.1917446255683899,65.33467864990234,9,1.532766342163086,0.7273467183113098,7.669890403747559,876.2316457834559,3441.009964300534,45.09475522273964,3.2559897497537236,0.4314042925834656,0.4306119382381439,-45.385459899902344,3,4.936660289764404,0.00036006735172122717,1174.320068359375,9.196598052978516,45.09475522273964,3.2559897497537236
1149.42431640625,126.52739715576172,-7.651200771331787,0.11954571306705475,917.4481811523438,105.81069946289062,-7.406454086303711,0.12525004148483276,829.1517333984375,130.6577911376953,-7.2965850830078125,0.1711319535970688,62.139339447021484,14,1.9981698989868164,1.0102540254592896,25.921051025390625,559.4878253369068,3440.0237488411226,45.094726429907624,3.279068696700324,0.2651788890361786,0.2648017704486847,58.474246978759766,2,8.500582695007324,0.0006199796334840357,148.1993865966797,11.989019393920898,45.094726429907624,3.279068696700324
3506.216796875,231.67227172851562,-8.862096786499023,0.07175713777542114,1495.548583984375,106.82890319824219,-7.9370012283325195,0.07757433503866196,3033.982421875,261.5888977050781,-8.705032348632812,0.09363453835248947,71.79795837402344,33,2.179964065551758,1.5557671785354614,22.400920867919922,436.3740251375852,3435.9860715955156,45.094448500030296,3.288038411259507,0.2907058894634247,0.28991419076919556,-22.448936462402344,2,9.81838321685791,0.0007160793757066131,2537.505615234375,13.079784393310547,45.094448500030296,3.288038411259507
693.677001953125,115.42770385742188,-7.102893352508545,0.18071016669273376,396.9842834472656,105.18978118896484,-6.496933460235596,0.2877597510814667,533.4887084960938,249.1346435546875,-6.817812919616699,0.5071526765823364,35.03895950317383,9,2.2999188899993896,0.6140061020851135,69.25720977783203,680.4582805703151,3428.4091767543537,45.09386031276726,3.270254451947601,1.1245523691177368,1.1222898960113525,64.56273651123047,1,7.099311351776123,0.0005177888087928295,-92.19044494628906,13.79951286315918,45.093860312767255,3.2702544519476135
6735.52392578125,193.18453979492188,-9.570928573608398,0.031148046255111694,4892.677734375,110.7798080444336,-9.22386646270752,0.024589166045188904,5807.64404296875,184.23976135253906,-9.40999984741211,0.03445190191268921,300.381103515625,68,2.098808765411377,1.8171718120574951,76.17501068115234,374.4275627640794,3421.714686333501,45.09341365894898,3.2925511831641763,0.0505024679005146,0.0503593385219574,-89.234375,0,4.103456497192383,0.000299272796837613,5308.09033203125,12.592852592468262,45.09341365894898,3.2925511831641763
648.8684692382812,111.78722381591797,-7.030391693115234,0.18709635734558105,298.94140625,105.18944549560547,-6.188965320587158,0.38213419914245605,412.0703430175781,109.20942687988281,-6.537428379058838,0.28781843185424805,44.43949890136719,9,2.115431547164917,0.6827977299690247,-38.475608825683594,1418.359536349351,3396.700593447653,45.091446054977524,3.2164823091970787,0.664669394493103,0.6624220609664917,-9.575827598571777,0,7.180703639984131,0.0005237943842075765,-281.10943603515625,12.692588806152344,45.091446054977524,3.2164823091970787
1275.5509033203125,142.85874938964844,-7.764244556427002,0.12162948399782181,904.0601806640625,106.1241226196289,-7.390493392944336,0.1274813413619995,992.4494018554688,154.59170532226562,-7.4917707443237305,0.16916388273239136,55.991851806640625,21,2.0246646404266357,1.3588882684707642,41.851219177246094,611.233361470566,3395.739059626065,45.091480769878586,3.275297532249785,0.2871553599834442,0.28684407472610474,-30.847871780395508,0,9.933085441589355,0.0007244619191624224,344.2365417480469,12.147987365722656,45.091480769878586,3.2752975322497964
3612.896484375,213.1889190673828,-8.894639015197754,0.06408242136240005,1959.6717529296875,107.12507629394531,-8.23045825958252,0.059365980327129364,3072.0361328125,219.79067993164062,-8.718565940856934,0.07769852876663208,100.8904037475586,54,2.4053242206573486,2.0220606327056885,85.87413024902344,583.396547645236,3386.219587935609,45.09078848664567,3.277325485957833,0.1619759500026703,0.16169242560863495,-63.88418960571289,2,8.488807678222656,0.0006191219436004758,3469.57421875,14.43194580078125,45.09078848664567,3.277325485957833
4593.724609375,209.5676727294922,-9.155412673950195,0.04954378306865692,2833.62255859375,108.25537109375,-8.630854606628418,0.041489411145448685,3993.57666015625,214.82188415527344,-9.00340461730957,0.058417949825525284,121.1531753540039,70,2.43670392036438,2.1598398685455322,26.166919708251953,482.17594842339753,3386.9769369647947,45.0908580255629,3.284700200172987,0.12035718560218811,0.11999568343162537,18.402774810791016,0,8.679976463317871,0.0006330556352622807,3454.666259765625,14.620223999023438,45.09085802556291,3.284700200172976
1204.5830078125,147.12522888183594,-7.702091693878174,0.1326417475938797,649.3294677734375,105.71858215332031,-7.031162738800049,0.1768137514591217,743.4408569335938,136.3090362548828,-7.1781158447265625,0.19911687076091766,66.32284545898438,19,2.1320574283599854,1.0429447889328003,-45.205604553222656,41.683185917012445,3385.1353098462046,45.090786835050835,3.3167908273226074,0.3034965395927429,0.3021138608455658,-32.754703521728516,0,8.924529075622559,0.0006508573424071074,536.6416625976562,12.79234504699707,45.090786835050835,3.316790827322619
10319.404296875,171.71124267578125,-10.034136772155762,0.018070656806230545,8457.3203125,115.24726104736328,-9.818081855773926,0.014798839576542377,10134.44921875,180.2232666015625,-10.014500617980957,0.01931259036064148,507.8663330078125,81,1.9177213907241821,1.8617123365402222,77.02261352539062,1291.1457297656696,3369.0229283306967,45.08943770426534,3.2257533475274083,0.030957547947764397,0.03081241250038147,73.73292541503906,0,3.9865286350250244,0.0002907878952100873,9748.3720703125,11.506328582763672,45.08943770426535,3.2257533475273967
1418.1527099609375,155.316162109375,-7.879307270050049,0.11893878132104874,858.0221557617188,105.73526000976562,-7.333746433258057,0.1338292807340622,880.068115234375,124.71336364746094,-7.36129093170166,0.15389572083950043,52.96096420288086,12,1.6572331190109253,1.10880708694458,-46.597904205322266,1614.2093080821237,3368.6987413747784,45.08937534492048,3.202208036641701,0.31259360909461975,0.3119494318962097,0.6548590064048767,2,8.107545852661133,0.0005914255743846297,344.14129638671875,9.943398475646973,45.089375344920484,3.202208036641689
78848.1015625,268.7105712890625,-12.24197769165039,0.0037010363303124905,57295.04296875,162.44406127929688,-11.895292282104492,0.0030790490563958883,37150.7109375,242.4300537109375,-11.424918174743652,0.007086783181875944,3331.954833984375,199,2.6176950931549072,2.2603282928466797,55.84177017211914,953.664329843001,3357.185366036489,45.088615181440225,3.2503461230797654,0.005421857815235853,0.005344882141798735,-86.19086456298828,0,14.58639144897461,0.001063902978785336,1912.2080078125,15.706171035766602,45.088615181440225,3.2503461230797654
65107.3671875,270.9231872558594,-12.034075736999512,0.004519036505371332,51716.16015625,157.68214416503906,-11.784065246582031,0.0033112051896750927,62992.19921875,242.30087280273438,-11.99821662902832,0.00417732261121273,2980.205810546875,203,2.274785280227661,2.2183454036712646,37.33756637573242,59.76906118751313,3340.031083085831,45.0874855336676,3.3154718323866597,0.00712220836430788,0.007115278393030167,41.37171936035156,0,3.9334070682525635,0.00028686027508229017,65655.5625,13.648712158203125,45.0874855336676,3.3154718323866597
805.16748046875,123.82893371582031,-7.264715671539307,0.16701894998550415,549.6287841796875,105.63331604003906,-6.850173473358154,0.2087186574935913,424.78912353515625,137.59437561035156,-6.570433616638184,0.3517686426639557,41.54362487792969,10,2.4214394092559814,0.5005040168762207,88.06926727294922,515.4532524181112,3304.665931584999,45.08483395588054,3.2822737127118584,0.6066257357597351,0.6049529910087585,87.86600494384766,0,6.571430683135986,0.0004792745166923851,-20.93684196472168,14.528636932373047,45.08483395588054,3.282273712711847
548.3428344726562,94.47700500488281,-6.847630500793457,0.18711291253566742,322.1090087890625,105.17741394042969,-6.270007133483887,0.35460877418518066,542.2997436523438,177.91871643066406,-6.835598468780518,0.35629692673683167,48.43236541748047,9,2.648017644882202,1.4200562238693237,86.16834259033203,198.7590765687584,3760.9859707530213,45.11824928367519,3.3053593667242676,0.25512346625328064,0.25360244512557983,38.98573303222656,3,11.620461463928223,0.0008474866044707596,87.49237823486328,15.888105392456055,45.1182492836752,3.305359366724257
865.8361206054688,121.85431671142578,-7.3435893058776855,0.1528393030166626,532.1277465820312,105.44518280029297,-6.81503963470459,0.21519921720027924,506.17431640625,115.17318725585938,-6.7607502937316895,0.24710476398468018,56.77037811279297,14,1.5954620838165283,0.976686418056488,-15.25910758972168,1435.897544281235,3780.929250282822,45.11953933955126,3.2152049438267842,0.3311183452606201,0.33033791184425354,-25.659080505371094,0,7.223853588104248,0.0005269652465358377,-101.30618286132812,9.572772979736328,45.11953933955126,3.2152049438267842
985.0296020507812,129.1548614501953,-7.483623027801514,0.14239387214183807,855.0582275390625,106.10335540771484,-7.329989433288574,0.13476070761680603,999.8876953125,127.44429016113281,-7.4998779296875,0.13842004537582397,53.310279846191406,16,1.9084572792053223,0.9674915075302124,5.1034722328186035,1659.258301553154,3760.8466606244065,45.118044514346415,3.1989231584649302,0.32400965690612793,0.32289090752601624,6.740360260009766,0,8.127224922180176,0.0005928958998993039,635.0122680664062,11.450743675231934,45.118044514346415,3.19892315846493
2473.98828125,171.70758056640625,-8.48349380493164,0.07537401467561722,1875.046142578125,107.58993530273438,-8.18252944946289,0.062314555048942566,2805.29296875,185.01922607421875,-8.619945526123047,0.07162562757730484,77.83325958251953,28,3.00069522857666,1.3439197540283203,54.617652893066406,197.47641304761729,3762.056687000564,45.11832776996796,3.3054528504262644,0.195181742310524,0.19471301138401031,77.39230346679688,3,12.035440444946289,0.0008777504554018378,1489.4559326171875,18.00417137145996,45.118327769967955,3.3054528504262755
595.74658203125,105.65609741210938,-6.9376540184021,0.19260290265083313,280.90826416015625,105.04151153564453,-6.121411323547363,0.4060937166213989,340.2185974121094,113.0604476928711,-6.329395294189453,0.36089634895324707,50.547874450683594,9,1.642669916152954,0.8854700326919556,27.01182746887207,1127.452462782231,3770.2884654453524,45.11879998368653,3.237686401817581,0.5177104473114014,0.517075777053833,-7.224404811859131,0,5.941834926605225,0.00043341369018889964,244.21990966796875,9.856019973754883,45.11879998368652,3.237686401817592
3161.0390625,204.5824432373047,-8.749574661254883,0.07028591632843018,1841.5322265625,107.22207641601562,-8.162948608398438,0.06323167681694031,2702.6240234375,221.05471801757812,-8.579463958740234,0.08882679045200348,75.72872924804688,52,2.7632696628570557,2.0705699920654297,-66.05585479736328,1513.1275097941918,3711.7625180311743,45.114472594450355,3.209575519499718,0.21957425773143768,0.2192104607820511,-73.24996185302734,0,14.05064868927002,0.0010249768383800983,945.4537963867188,16.579618453979492,45.114472594450355,3.2095755194997175
831.0682983398438,122.86442565917969,-7.299091815948486,0.16055330634117126,539.3556518554688,105.82722473144531,-6.82968807220459,0.21308456361293793,353.4042053222656,131.00579833984375,-6.3706793785095215,0.4025766849517822,58.705535888671875,13,1.810015082359314,1.1417897939682007,55.278907775878906,1186.493318919616,3694.894393353198,45.113279521033874,3.2333827772731762,0.31527286767959595,0.31434375047683716,-71.69866180419922,0,7.802942276000977,0.0005691714468412101,-515.1495361328125,10.860090255737305,45.113279521033874,3.233382777273176
4499.9365234375,226.13243103027344,-9.133015632629395,0.054574064910411835,2468.739501953125,107.84244537353516,-8.48118782043457,0.04743995890021324,3906.612548828125,232.38427734375,-8.979500770568848,0.06460054963827133,121.49518585205078,66,2.294928550720215,2.0565319061279297,-1.811251163482666,1352.497917698524,3656.803865626905,45.11047346035001,3.2212835361250245,0.15277063846588135,0.15275727212429047,86.26457214355469,2,7.629549980163574,0.0005565417814068496,3890.41796875,13.769571304321289,45.11047346035,3.221283536125036
862.71728515625,121.0389175415039,-7.3396711349487305,0.15236540138721466,672.0220336914062,105.6231689453125,-7.068458557128906,0.17068900167942047,914.6947021484375,192.37112426757812,-7.403190612792969,0.2283986508846283,50.30404281616211,9,1.8223210573196411,0.6877577900886536,-47.93292999267578,1092.5962809898028,3717.386450179427,45.11493626944761,3.2402262478057517,0.6033880114555359,0.6023784875869751,-71.835205078125,2,6.683932304382324,0.0004875384329352528,448.2139892578125,10.933926582336426,45.11493626944761,3.2402262478057517
857.7830200195312,126.64480590820312,-7.333443641662598,0.16033922135829926,419.0893249511719,105.42575073242188,-6.555766582489014,0.27319324016571045,472.1684875488281,126.8870849609375,-6.685242652893066,0.2918436527252197,47.68060302734375,13,1.950448989868164,0.9843637347221375,-2.661081314086914,1413.7541750735788,3455.101313586944,45.09571706768296,3.2168181766628945,0.43201324343681335,0.4304819107055664,9.40146541595459,0,8.288679122924805,0.0006046181661076844,277.01629638671875,11.702693939208984,45.09571706768296,3.2168181766628945
808.3447875976562,123.68270111083984,-7.268991470336914,0.16616599261760712,351.2518310546875,105.380859375,-6.364046573638916,0.32581642270088196,405.37554931640625,114.10073852539062,-6.519643783569336,0.30567556619644165,36.451454162597656,12,2.0511996746063232,0.713603675365448,-64.12042236328125,208.79055333360068,3724.833782078,45.11560415557869,3.3046274256305233,0.548470675945282,0.5481141209602356,-80.2160873413086,0,7.229057312011719,0.0005272192065604031,341.55322265625,12.307197570800781,45.11560415557869,3.3046274256305233
558.5617065429688,98.28978729248047,-6.867677688598633,0.1911028027534485,495.69451904296875,105.44029998779297,-6.738035202026367,0.2310055047273636,586.1424560546875,157.05014038085938,-6.920008182525635,0.2909812331199646,49.98202896118164,9,1.0692721605300903,0.7897049784660339,84.43508911132812,1615.952439304496,3215.2797263283637,45.078156548202216,3.2020810544280236,0.3000655472278595,0.2992691099643707,-42.77134704589844,2,4.4306817054748535,0.0003232021117582917,596.074951171875,6.415633201599121,45.07815654820221,3.2020810544280356
256158.109375,405.67962646484375,-13.521269798278809,0.0017199068097397685,199397.765625,254.08094787597656,-13.249300956726074,0.0013838264858350158,248431.75,344.3446350097656,-13.488018035888672,0.001505275722593069,10977.2109375,387,2.5568909645080566,2.4516854286193848,11.745308876037598,1266.9410347816552,3440.587334101669,45.094673800004635,3.227517838998026,0.003097065957263112,0.0030524199828505516,-85.9815902709961,0,4.009279727935791,0.00029244786128401756,255900.75,15.34134578704834,45.09467380000463,3.2275178389980375
1189.558837890625,56.92025375366211,-7.688464641571045,0.05196497589349747,1261.881591796875,106.4114990234375,-7.752546310424805,0.09157981723546982,1418.5364990234375,79.30292510986328,-7.87960147857666,0.060712557286024094,230.8201446533203,9,1.768454909324646,0.4162789285182953,42.57161331176758,293.0777164324183,2869.9872446488284,45.05307452297595,3.298462025826603,0.09901538491249084,0.095559261739254,34.2396354675293,3,5.10258150100708,0.00037213682662695646,2962.659423828125,10.610729217529297,45.05307452297595,3.2984620258266024
5803.4169921875,252.01393127441406,-9.409209251403809,0.04715965315699577,2846.632080078125,108.3523178100586,-8.635828018188477,0.0413367822766304,4332.1416015625,223.0255889892578,-9.091756820678711,0.05590901896357536,132.87570190429688,82,2.7799630165100098,2.0889546871185303,-7.122594833374023,1917.0463338573102,3574.4902810218073,45.104389516857815,3.1801319458753516,0.11547080427408218,0.11517342925071716,-0.9829981923103333,0,8.354238510131836,0.0006094819400459528,3308.84716796875,16.679779052734375,45.104389516857815,3.180131945875351
1838.1474609375,175.05262756347656,-8.160950660705566,0.10342323035001755,937.18798828125,106.08354949951172,-7.429566860198975,0.12292809784412384,1452.969970703125,248.31137084960938,-7.905641555786133,0.1855965107679367,60.18509292602539,22,2.502078056335449,1.0603508949279785,-3.339211940765381,508.84209135427955,2829.7097462615716,45.05009916768965,3.2827436304141773,0.3482765257358551,0.34805816411972046,35.1871337890625,2,9.753273010253906,0.0007113302126526833,442.06689453125,15.012468338012695,45.050099167689645,3.2827436304141884
40340.05078125,113.90843200683594,-11.514341354370117,0.00306654442101717,1106.3865966796875,106.09143829345703,-7.609767436981201,0.10413657128810883,40229.26171875,113.97952270507812,-11.51135540008545,0.0030769086442887783,31969.921875,9,0.8294740915298462,0.30358004570007324,-89.0743637084961,949.9959920690109,3645.949494660808,45.109731433388006,3.2506176238190063,0.0017202021554112434,0.001686559640802443,86.32926177978516,0,0.0,0.0,-58045.67578125,4.976844787597656,45.109731433388006,3.250617623819006
1118.90771484375,139.3646697998047,-7.62198543548584,0.13526587188243866,630.9209594726562,105.6537857055664,-6.999937534332275,0.18186114728450775,692.6953125,140.2162628173828,-7.10135555267334,0.2198294997215271,73.85443878173828,11,1.019287347793579,0.9417054653167725,68.10934448242188,1647.133334301004,3688.754162933793,45.112774521695,3.1998073721107168,0.3032681941986084,0.30302223563194275,-2.1861560344696045,2,3.123044967651367,0.00022782900487072766,537.1758422851562,6.115724086761475,45.11277452169501,3.1998073721107048
783.6983642578125,120.58425903320312,-7.235372543334961,0.16709809005260468,520.7556762695312,105.55516052246094,-6.7915849685668945,0.22012798488140106,478.2735595703125,118.88074493408203,-6.699191093444824,0.269938588142395,43.564186096191406,12,1.5320125818252563,1.0707882642745972,81.97071075439453,1413.8631869481787,3250.1691973767674,45.080731569755216,3.2168093570591063,0.3365252614021301,0.33575594425201416,-86.17527770996094,0,7.656932353973389,0.0005585242761299014,147.36927795410156,9.192075729370117,45.080731569755216,3.2168093570591063
8625.6064453125,257.0355224609375,-9.839473724365234,0.03236185014247894,4324.783203125,110.36725616455078,-9.089910507202148,0.02771441452205181,7630.11767578125,245.46676635742188,-9.706328392028809,0.034937456250190735,159.140869140625,109,3.447345018386841,1.9843387603759766,-5.061975479125977,1860.20211663622,3685.6008574281905,45.11252008768612,3.1842748484997188,0.09765718132257462,0.09651710838079453,-4.3282012939453125,0,9.326116561889648,0.0006803857977502048,6237.47998046875,20.684070587158203,45.112520087686114,3.18427484849973
2596.0927734375,167.34024047851562,-8.53580093383789,0.07000192999839783,1867.936279296875,107.29592895507812,-8.178404808044434,0.06238080933690071,2084.756591796875,163.0916748046875,-8.297637939453125,0.08495838940143585,108.71642303466797,41,1.8172889947891235,1.6864017248153687,-89.41950988769531,105.71462926933083,3711.5728544934345,45.114649738710874,3.312136704965518,0.13257108628749847,0.1322564333677292,49.802337646484375,0,6.898136138916016,0.0005030777538195252,1876.5328369140625,10.90373420715332,45.11464973871088,3.3121367049655066
6406.5107421875,166.7799072265625,-9.51655387878418,0.02827170491218567,5176.1630859375,111.24095916748047,-9.285019874572754,0.02333923429250717,6141.1298828125,171.5771484375,-9.470621109008789,0.030341776087880135,298.95013427734375,67,1.8425413370132446,1.8153361082077026,-60.9470329284668,639.1896041751133,3658.900345896867,45.11072086630211,3.273266254214674,0.0498446449637413,0.0497191958129406,63.433414459228516,3,4.282671928405762,0.00031235802453011274,5849.99462890625,11.055248260498047,45.11072086630211,3.273266254214674
3171.236083984375,227.72811889648438,-8.753071784973145,0.0779862254858017,1489.798828125,106.65767669677734,-7.93281888961792,0.07774890959262848,2376.377197265625,225.27076721191406,-8.439788818359375,0.10294832289218903,78.44818878173828,52,2.9855523109436035,1.9754074811935425,-85.47407531738281,82.27982685984908,3566.3033024064816,45.10402992939998,3.3138393411187193,0.24754051864147186,0.24702589213848114,73.85279846191406,0,13.897479057312012,0.0010135332122445107,1263.650634765625,17.913314819335938,45.10402992939998,3.3138393411187312
2191.380126953125,196.45578002929688,-8.351794242858887,0.09735918045043945,1098.7464599609375,106.3290023803711,-7.602243900299072,0.10509549081325531,1976.556396484375,187.9427032470703,-8.23977279663086,0.10326331853866577,60.98625183105469,32,2.5217738151550293,1.6617108583450317,87.85697937011719,682.2232860966537,3355.965974878545,45.08856245131614,3.2701243394693233,0.3956049382686615,0.39394211769104004,71.21570587158203,2,12.269400596618652,0.0008948673494160175,442.6441650390625,15.130642890930176,45.08856245131615,3.270124339469312
5071.66015625,99.48246002197266,-9.2628755569458,0.02130228467285633,3915.443359375,109.907958984375,-8.981952667236328,0.030484424903988838,4505.9794921875,100.9032974243164,-9.134472846984863,0.024319015443325043,750.8292846679688,19,2.6639325618743896,0.37619152665138245,4.609486103057861,905.9162468704128,3609.205565062745,45.107050491870474,3.253829305816089,0.06402727216482162,0.05949651077389717,5.411076068878174,3,5.968453407287598,0.0004353304975666106,2830.91259765625,15.98359489440918,45.107050491870474,3.253829305816089
6216.84326171875,98.94573211669922,-9.483924865722656,0.017284506931900978,5601.93359375,111.79283905029297,-9.370844841003418,0.021672341972589493,5991.455078125,110.05496215820312,-9.443830490112305,0.019948357716202736,946.1629638671875,29,2.123222589492798,0.5981031060218811,4.621318340301514,916.1276734953962,3610.268697109363,45.107126865199206,3.253085195697821,0.02527330256998539,0.024230584502220154,7.0336079597473145,3,6.728514671325684,0.0004907692200504243,4697.78466796875,12.739336013793945,45.10712686519921,3.2530851956978095
1790.5557861328125,180.3778076171875,-8.132469177246094,0.10940195620059967,1100.9976806640625,106.20830535888672,-7.604465961456299,0.10476154088973999,1299.9122314453125,167.09231567382812,-7.784785270690918,0.13959577679634094,53.67367935180664,28,2.3032584190368652,1.397720217704773,-39.99893569946289,1264.1706292992696,3513.3553276268262,45.09999518926179,3.227720266588388,0.29495009779930115,0.294564425945282,-72.21449279785156,2,9.88998031616211,0.0007214065408334136,553.1544799804688,13.819550514221191,45.09999518926179,3.227720266588388
30967.1796875,216.64109802246094,-11.227253913879395,0.007597470656037331,24735.900390625,132.8660430908203,-10.983319282531738,0.005833324044942856,30356.46484375,216.01730346679688,-11.205628395080566,0.007728001102805138,1391.1805419921875,139,2.1829473972320557,2.1011557579040527,30.885801315307617,1309.3680563491444,3538.2476067297844,45.10180975035017,3.2244264201846535,0.01273621991276741,0.012684664689004421,-78.24251556396484,0,3.978551149368286,0.0002902115520555526,30294.837890625,13.097684860229492,45.10180975035017,3.224426420184641
1510.387939453125,151.20970153808594,-7.947721481323242,0.10872288793325424,921.2282104492188,106.14584350585938,-7.410918235778809,0.12513118982315063,1009.4119262695312,169.461181640625,-7.510170936584473,0.18231886625289917,63.538089752197266,25,2.6089653968811035,1.285422921180725,52.83109664916992,120.49245445063224,3640.29201571049,45.109434962671806,3.311057824303373,0.27864789962768555,0.27800604701042175,67.185546875,0,10.971600532531738,0.0008001549285836518,-357.6106872558594,15.653792381286621,45.109434962671806,3.311057824303373
5147.5732421875,211.94650268554688,-9.279006004333496,0.0447150319814682,3181.395751953125,108.96736145019531,-8.75654411315918,0.0371970534324646,4665.74658203125,212.68490600585938,-9.172303199768066,0.04950457811355591,135.07781982421875,76,2.4672298431396484,2.133427381515503,-50.545379638671875,1554.4463876482446,3622.8365233118484,45.107965387201105,3.206563811869415,0.10969359427690506,0.1095384880900383,-82.12117767333984,0,7.652440071105957,0.0005582355079241097,4700.9873046875,14.80337905883789,45.107965387201105,3.2065638118694264
10062.1865234375,191.46954345703125,-10.006731033325195,0.020665083080530167,7603.638671875,114.47794342041016,-9.702553749084473,0.01635046675801277,9810.46875,203.92076110839844,-9.97922420501709,0.02257363498210907,423.1722106933594,94,2.369638442993164,1.9256467819213867,-8.632884979248047,1760.1047192228434,3581.331152181241,45.10490687960608,3.191572770650352,0.038462456315755844,0.038389429450035095,-71.524169921875,0,4.52159309387207,0.0003298590600024909,9645.384765625,14.217830657958984,45.104906879606084,3.19157277065034
1216.5242919921875,148.78713989257812,-7.712801933288574,0.13282334804534912,679.8923950195312,105.38430786132812,-7.0811004638671875,0.1683315634727478,670.2766723632812,110.52082061767578,-7.0656352043151855,0.17906875908374786,52.38901138305664,13,1.39490807056427,1.0646448135375977,-46.398963928222656,693.5295076879058,3624.2618474596866,45.108180396363636,3.269306004881987,0.31832507252693176,0.3179915249347687,29.133508682250977,2,7.282055854797363,0.0005311231361702085,429.7286376953125,8.3694486618042,45.10818039636364,3.269306004881975
562.9126586914062,99.47323608398438,-6.876102447509766,0.19190888106822968,364.0897521972656,105.18939971923828,-6.403021335601807,0.31375694274902344,411.5486755371094,90.59080505371094,-6.53605318069458,0.2390521913766861,51.348548889160156,9,2.007929801940918,0.507820725440979,89.48457336425781,535.8503644397716,3659.7053525927395,45.1107942733981,3.2807960524980753,0.5179980993270874,0.5146932601928711,84.75050354003906,1,6.0211181640625,0.0004391446418594569,-42.30262756347656,12.047578811645508,45.1107942733981,3.2807960524980757
543.4107666015625,89.15811157226562,-6.837820529937744,0.17818143963813782,628.9981079101562,105.8582534790039,-6.996623516082764,0.18277011811733246,1056.83935546875,236.81590270996094,-7.560022354125977,0.24335020780563354,63.74742126464844,9,2.159163236618042,0.8512668013572693,-51.48175048828125,1459.6555766398135,3498.34211108871,45.098873420408545,3.213472845948186,0.46046966314315796,0.458975613117218,83.5162124633789,3,8.10859489440918,0.0005914904177188873,812.773681640625,12.954978942871094,45.098873420408545,3.213472845948197
1588.1451416015625,161.7291717529297,-8.002225875854492,0.11059308797121048,1013.3653564453125,106.22113800048828,-7.514415264129639,0.11383471637964249,1350.21923828125,180.3565216064453,-7.826010704040527,0.14506323635578156,56.55280685424805,26,2.9470760822296143,1.3051210641860962,21.663055419921875,1081.985922259124,3571.597861203604,45.10427727875625,3.2409979661355677,0.36117374897003174,0.3594547510147095,33.83809280395508,0,11.753012657165527,0.0008572747465223074,248.3496856689453,17.682456970214844,45.10427727875625,3.2409979661355677
2135.869140625,146.0648193359375,-8.323936462402344,0.07426784187555313,1691.037841796875,106.91071319580078,-8.070383071899414,0.06865904480218887,1775.8004150390625,155.97361755371094,-8.123485565185547,0.09538647532463074,99.28739166259766,33,1.9662480354309082,1.4487229585647583,-69.57626342773438,750.4622570912429,3567.4068320775723,45.10401505801342,3.2651564095592533,0.13903655111789703,0.13872773945331573,-54.31489181518555,0,6.82883882522583,0.0004980707890354097,1372.4873046875,11.79748821258545,45.10401505801342,3.2651564095592533
4728.67724609375,212.3686981201172,-9.186849594116211,0.048773132264614105,2792.758056640625,108.28553771972656,-8.615083694458008,0.04210823029279709,4149.18798828125,215.42759704589844,-9.044907569885254,0.0563855804502964,125.45954895019531,72,2.5773754119873047,2.1138229370117188,-74.1413803100586,1018.269715319122,3627.721103783551,45.10838949225263,3.2456419710109006,0.13009147346019745,0.1298525184392929,-87.1936264038086,0,8.954066276550293,0.0006531117833219469,3304.2646484375,15.464252471923828,45.10838949225263,3.2456419710109117
701.555419921875,112.72305297851562,-7.11515474319458,0.17449402809143066,396.9001159667969,105.14806365966797,-6.496703147888184,0.2877066433429718,418.96075439453125,144.5682830810547,-6.55543327331543,0.37473952770233154,48.113834381103516,11,2.127380847930908,1.1497632265090942,-85.19605255126953,1046.9755375112084,3608.230766050136,45.10696054294011,3.2435497881593003,0.6379086971282959,0.636737048625946,88.73590850830078,0,9.36279582977295,0.0006829275516793132,-120.49267578125,12.76428508758545,45.10696054294011,3.2435497881593003
14379.4404296875,195.80538940429688,-10.394354820251465,0.01478810328990221,11334.5712890625,118.55204772949219,-10.13601303100586,0.0113588348031044,13730.0341796875,201.11708068847656,-10.344179153442383,0.015907691791653633,653.7201538085938,107,2.205449342727661,2.007725954055786,30.610462188720703,324.5620730266955,3605.136912790335,45.10683421083734,3.2961892031516338,0.023891810327768326,0.023817192763090134,-76.43277740478516,0,3.957998275756836,0.00028866322827525437,13394.619140625,13.232696533203125,45.10683421083734,3.2961892031516333
5237.310546875,74.78722381591797,-9.297770500183105,0.015507753938436508,5198.7705078125,111.34687805175781,-9.289752006530762,0.02325986512005329,5076.43798828125,83.97876739501953,-9.263897895812988,0.017965538427233696,1187.9820556640625,16,1.277571439743042,0.558708906173706,36.49592590332031,1268.2078335172753,3599.1710950980696,45.10626974557173,3.2274266087890524,0.01998102478682995,0.017540793865919113,35.034114837646484,0,5.022923469543457,0.0003663911484181881,4925.98779296875,7.665428638458252,45.10626974557173,3.2274266087890524
788.0997924804688,103.44908142089844,-7.241453170776367,0.14255262911319733,861.6383056640625,105.86394500732422,-7.33831262588501,0.13342982530593872,842.853271484375,188.29669189453125,-7.314380168914795,0.24261660873889923,55.47484588623047,13,1.62660551071167,1.1454702615737915,-77.20745849609375,1461.5552751090834,3521.140629747075,45.10054027256269,3.2133344342513848,0.2559203505516052,0.2553560733795166,69.49913787841797,2,8.164419174194336,0.0005955643719062209,1096.9088134765625,9.75963306427002,45.10054027256269,3.213334434251385
9273.18359375,261.4886169433594,-9.918071746826172,0.0306234247982502,4255.24072265625,110.04426574707031,-9.072310447692871,0.02808491513133049,8187.134765625,263.8063049316406,-9.782830238342285,0.03499315306544304,164.79808044433594,128,4.156519412994385,1.9109703302383423,75.96188354492188,1806.7817828729426,3610.3022701930727,45.10702008753301,3.188169914542944,0.10410883277654648,0.10266552865505219,77.97920227050781,0,11.853973388671875,0.0008647841750644147,4516.86328125,24.939117431640625,45.10702008753301,3.188169914542944
131139.25,197.51950073242188,-12.794331550598145,0.0016357130371034145,92358.078125,189.10353088378906,-12.413686752319336,0.0022235894575715065,114518.765625,185.07821655273438,-12.647192001342773,0.0017551267519593239,81918.1875,11,1.643234133720398,0.2891581654548645,-89.97799682617188,949.9988367053663,3506.162224303564,45.0995096820497,3.2506154317667106,0.003151357639580965,0.00014843160170130432,-89.52806854248047,6,0.0,0.0,113562.65625,9.859404563903809,45.09950968204971,3.2506154317666986
2351.84375,205.9404754638672,-8.428521156311035,0.0950961783528328,1063.717529296875,106.07868957519531,-7.567065715789795,0.10830079764127731,1516.6953125,166.6110382080078,-7.952245712280273,0.11929857730865479,54.84898376464844,29,1.95799720287323,1.6206268072128296,-33.817501068115234,73.85563338531706,3722.9092049444116,45.11548349112629,3.3144581355137426,0.2830752432346344,0.2827449142932892,26.607419967651367,2,10.669526100158691,0.000778120185714215,1559.7198486328125,11.7479829788208,45.115483491126284,3.3144581355137537
1038.9212646484375,130.94512939453125,-7.541456699371338,0.13687890768051147,806.6796875,106.12462615966797,-7.26675271987915,0.14287126064300537,951.4814453125,129.0994873046875,-7.446000576019287,0.14735130965709686,55.246944427490234,12,1.8163268566131592,0.8052971363067627,-14.126340866088867,171.9048595680644,3620.4829090224466,45.10797875605321,3.30731161307415,0.4103497266769409,0.40891262888908386,-38.11578369140625,2,7.226412296295166,0.0005270230467431247,172.2864990234375,10.897960662841797,45.10797875605321,3.3073116130741496
2638.46533203125,79.46814727783203,-8.553378105163574,0.03270931914448738,2096.425048828125,107.33712768554688,-8.303698539733887,0.055603284388780594,2461.590576171875,102.50725555419922,-8.478039741516113,0.045223962515592575,299.02008056640625,18,2.653273820877075,0.4280862808227539,-86.86203002929688,1735.1787183652073,3490.79919302132,45.09828985641421,3.193390262730149,0.11214873939752579,0.10812357068061829,-86.6197738647461,3,6.359287738800049,0.0004639143298845738,748.7891845703125,15.91964340209961,45.09828985641422,3.1933902627301376
3271.98583984375,97.47671508789062,-8.787028312683105,0.03235335275530815,2925.284912109375,108.32861328125,-8.665420532226562,0.04021655395627022,3045.355712890625,114.3305435180664,-8.709095001220703,0.040771253407001495,393.8719787597656,26,1.8154687881469727,0.8052387833595276,-84.68356323242188,1733.9812608740754,3543.131126764055,45.10211657969543,3.1934772789305113,0.04741539806127548,0.04572743922472,-89.26840209960938,3,5.001557350158691,0.0003648692509159446,2225.07080078125,10.892812728881836,45.102116579695426,3.1934772789305232
3713.34375,100.34953308105469,-8.924412727355957,0.0293481033295393,2182.689697265625,107.56710815429688,-8.347479820251465,0.05352014675736427,6305.79345703125,202.6824188232422,-9.499349594116211,0.03490648791193962,235.88729858398438,28,3.8739893436431885,0.5504769086837769,-88.20823669433594,1731.998231981245,3527.674489045165,45.10098659269303,3.193621912219124,0.09231653064489365,0.016368094831705093,-89.22515869140625,3,8.738680839538574,0.0006374955410137773,2661.66015625,23.24393653869629,45.10098659269303,3.193621912219124
1750.84765625,64.91759490966797,-8.108120918273926,0.0402664989233017,1413.753173828125,106.479736328125,-7.87593412399292,0.08179432898759842,1589.6912841796875,84.91277313232422,-8.003281593322754,0.05800829082727432,280.2665710449219,12,2.5116348266601562,0.3005411922931671,-87.35006713867188,1735.796816792956,3481.9531860925185,45.0976429515493,3.193345251503053,0.08869639039039612,0.013679299503564835,-86.21372985839844,3,5.168127059936523,0.000377018004655838,772.5717163085938,15.069808959960938,45.0976429515493,3.193345251503053
1236.1015625,145.47317504882812,-7.730135440826416,0.12780816853046417,779.4872436523438,105.88375854492188,-7.229522705078125,0.14751975238323212,764.639404296875,137.1300811767578,-7.208641529083252,0.19476273655891418,64.92207336425781,12,2.472900390625,0.8625041842460632,53.534950256347656,261.4443335304593,3546.597785287698,45.102562546822014,3.3007860535620632,0.3009220361709595,0.3000550866127014,45.9251594543457,2,8.73939323425293,0.0006373721407726407,-82.23544311523438,14.83740234375,45.10256254682201,3.3007860535620743
1461.8641357421875,162.3575897216797,-7.912267684936523,0.12061335891485214,741.4139404296875,105.71134948730469,-7.175151824951172,0.15484267473220825,822.3939208984375,131.485595703125,-7.2876996994018555,0.17363134026527405,48.62306594848633,16,1.7353407144546509,1.149338722229004,-85.5146713256836,1263.33968184529,3490.9582276936903,45.09835754742969,3.2277806662127766,0.3410986661911011,0.34074702858924866,35.87959289550781,0,8.449196815490723,0.0006163098732940853,461.5831298828125,10.412044525146484,45.09835754742969,3.227780666212776
1966.1864013671875,61.20310974121094,-8.234062194824219,0.033804818987846375,2021.1820068359375,107.36531066894531,-8.264013290405273,0.0576883889734745,2010.59814453125,88.09563446044922,-8.258313179016113,0.04758378118276596,249.88636779785156,11,1.5948385000228882,0.5436728596687317,-7.953915119171143,253.19501654644284,3710.4017056469875,45.11454225791026,3.3013918060139944,0.06631040573120117,0.06362327188253403,-3.1140921115875244,3,5.545632839202881,0.0004044485976919532,1394.14111328125,9.56903076171875,45.11454225791026,3.3013918060139944
2294.661865234375,182.44424438476562,-8.401796340942383,0.08634581416845322,1327.067626953125,106.5348129272461,-7.80723237991333,0.08718229830265045,1607.6976318359375,184.1480712890625,-8.015510559082031,0.12439204752445221,67.26522064208984,38,2.5196280479431152,1.577372431755066,78.77823638916016,310.08443775131207,3576.796374712132,45.10476384323849,3.2972432101192353,0.19435536861419678,0.19424030184745789,-60.21950912475586,0,11.128717422485352,0.0008116333046928048,643.2744140625,15.117768287658691,45.10476384323849,3.297243210119235
3748.744384765625,214.9176788330078,-8.934714317321777,0.062261007726192474,2002.3944091796875,107.66748046875,-8.253873825073242,0.058393530547618866,2899.6162109375,204.73394775390625,-8.655851364135742,0.07667948305606842,100.8814697265625,50,2.808124303817749,1.7403475046157837,-6.454354286193848,66.21410415243659,3537.5353056493973,45.10192850980447,3.3150088071128447,0.14902886748313904,0.14865222573280334,-9.06135368347168,2,10.950328826904297,0.0007985982811078429,2138.4228515625,16.848745346069336,45.10192850980447,3.3150088071128447
7646.06103515625,176.77137756347656,-9.70859432220459,0.025107530876994133,6001.01416015625,112.2321548461914,-9.445561408996582,0.02031058631837368,7283.71826171875,187.6591033935547,-9.655882835388184,0.027979910373687744,372.89959716796875,77,2.1947038173675537,1.7929515838623047,65.82764434814453,239.46148878936972,3511.0058288612963,45.099962945876925,3.3023865545132822,0.0437638983130455,0.043672773987054825,71.8991928100586,0,4.330850601196289,0.0003158519393764436,6749.666015625,13.168222427368164,45.099962945876925,3.3023865545132822
916.2981567382812,130.5009765625,-7.405092239379883,0.15467023849487305,411.421142578125,105.41598510742188,-6.535716533660889,0.2782593071460724,336.0135498046875,125.87673950195312,-6.315891742706299,0.4068351984024048,49.8127555847168,10,1.8916057348251343,1.000379204750061,3.6781978607177734,401.7008019998619,3665.221428812302,45.11121681084982,3.2905705749954794,0.423867791891098,0.4226367771625519,40.7906494140625,2,8.228389739990234,0.0006001175497658551,259.36981201171875,11.349634170532227,45.11121681084982,3.2905705749954794
1086.9072265625,125.6865463256836,-7.590481281280518,0.12558163702487946,947.7212524414062,106.13812255859375,-7.441701412200928,0.12162436544895172,1049.1138916015625,135.8065643310547,-7.552056789398193,0.1405814290046692,62.243438720703125,18,1.8486793041229248,1.1579924821853638,-11.269495964050293,1898.1107694052298,3560.9897377059524,45.103404375402455,3.181512508084061,0.26187804341316223,0.261194109916687,-12.499246597290039,0,8.523153305053711,0.0006218007765710354,543.4053344726562,11.09207534790039,45.103404375402455,3.1815125080840607
186163.640625,365.6718444824219,-13.174736976623535,0.0021331750322133303,145930.0625,223.95343017578125,-12.910362243652344,0.0016666436567902565,180670.890625,313.35052490234375,-13.142220497131348,0.0018835279624909163,7897.97265625,335,2.5024402141571045,2.363614320755005,16.534408569335938,1684.5091944427697,3079.3983890075956,45.068212435692615,3.1970845886324746,0.0037045867647975683,0.0036518978886306286,-79.03823852539062,0,3.9548580646514893,0.00028849233058281243,185588.75,15.014640808105469,45.068212435692615,3.197084588632475
1063.433837890625,57.99448776245117,-7.566776275634766,0.059225134551525116,1031.351806640625,105.91382598876953,-7.533516883850098,0.11152587085962296,1018.606201171875,71.32656860351562,-7.520015716552734,0.07604572921991348,191.75704956054688,9,1.2582052946090698,0.45032456517219543,-80.73136138916016,1734.140431110517,3537.0385185191153,45.101671062446535,3.1934657089230747,0.08646505326032639,0.08368287235498428,-79.88148498535156,3,3.981578826904297,0.0002904604480136186,546.5123901367188,7.54923152923584,45.101671062446535,3.1934657089230747
2563.009521484375,205.0261993408203,-8.521875381469727,0.08687382936477661,1071.407958984375,106.29447937011719,-7.574887275695801,0.10774216055870056,2716.18701171875,286.1991882324219,-8.584898948669434,0.11442964524030685,63.978694915771484,33,2.9150519371032715,1.3307301998138428,-21.316123962402344,1858.0109652075278,3797.8414027659014,45.12072729821834,3.184433392396755,0.44038188457489014,0.4394960105419159,-28.562950134277344,0,11.803285598754883,0.0008611205848865211,1756.0467529296875,17.490310668945312,45.12072729821834,3.184433392396755
708.92626953125,113.98873901367188,-7.126502513885498,0.1746186763048172,558.3582153320312,105.52006530761719,-6.867282390594482,0.20523524284362793,1086.9949951171875,209.37095642089844,-7.590569019317627,0.20917931199073792,59.565765380859375,11,1.653701901435852,0.81911700963974,65.25079345703125,875.1298141100503,3443.8432700686467,45.09496255795545,3.2560700838356573,0.7181477546691895,0.7171891927719116,-85.99491119384766,1,6.9515886306762695,0.0005070311017334461,882.9223022460938,9.922211647033691,45.09496255795545,3.2560700838356573
724.5750122070312,102.76409912109375,-7.150208473205566,0.15402382612228394,661.1575317382812,105.77498626708984,-7.050762176513672,0.17374320328235626,652.3720703125,96.77521514892578,-7.036238193511963,0.16110113263130188,69.53033447265625,12,1.5501291751861572,0.7236074209213257,-42.7998161315918,1902.2999652539972,3525.538963369706,45.10081173005713,3.1812074693500985,0.2410765290260315,0.2396908849477768,-52.07745361328125,0,5.859568119049072,0.00042747912812046707,308.8148498535156,9.300775527954102,45.10081173005713,3.1812074693501105
652.8116455078125,110.03631591796875,-7.0369696617126465,0.18305347859859467,535.6244506835938,105.65694427490234,-6.822151184082031,0.21422366797924042,416.6937255859375,143.807373046875,-6.549542427062988,0.37479519844055176,43.84321212768555,10,1.6671419143676758,0.634640097618103,-50.84700012207031,1446.1205255772857,3512.7734247544895,45.09993029917682,3.214459378926511,0.3867197632789612,0.38468137383461,-43.398948669433594,1,6.134872913360596,0.0004475143796298653,605.4578857421875,10.002851486206055,45.09993029917682,3.214459378926511
2200.510009765625,66.7310791015625,-8.356307983398438,0.032933253794908524,2482.5712890625,108.2646484375,-8.48725414276123,0.04736033454537392,4165.7646484375,105.75534057617188,-9.049237251281738,0.02757004089653492,372.622802734375,13,1.742553949356079,0.49547943472862244,-87.2656478881836,1734.6415987731518,3517.3213839511304,45.10022926168652,3.193429280409153,0.14080210030078888,0.13700582087039948,-87.40280151367188,3,5.53369140625,0.00040368782356381416,3725.75048828125,10.455324172973633,45.10022926168652,3.193429280409153
605.1159057617188,91.63814544677734,-6.954596519470215,0.16446274518966675,618.8262329101562,105.72123718261719,-6.978921890258789,0.18553392589092255,645.113037109375,107.47859191894531,-7.024089336395264,0.18093225359916687,63.89369583129883,10,1.1213937997817993,0.7021521329879761,33.9814453125,54.5880265720077,2944.535713670234,45.0585605381069,3.315836276676895,0.2511054575443268,0.24960528314113617,39.18472671508789,3,3.6442294120788574,0.00026577257085591555,644.7626953125,6.728363037109375,45.0585605381069,3.315836276676895
1356.302001953125,151.8609619140625,-7.830891132354736,0.1215960755944252,896.1769409179688,106.15538024902344,-7.380984306335449,0.12864060699939728,822.843994140625,166.70851135253906,-7.288293838500977,0.2200240194797516,70.187744140625,22,1.8936767578125,1.7435534000396729,-78.07866668701172,1472.1352481888357,3067.041507785556,45.06733323426722,3.2125618902329043,0.3074781000614166,0.3068636655807495,14.225761413574219,0,9.964603424072266,0.0007268500630743802,83.92476654052734,11.362060546875,45.06733323426722,3.212561890232904
603.7951049804688,94.54231262207031,-6.952223777770996,0.17004601657390594,450.8219299316406,105.17529296875,-6.635012626647949,0.2533603012561798,406.84259033203125,98.67694091796875,-6.523566246032715,0.2634020149707794,57.26386642456055,10,1.431158185005188,0.8193462491035461,5.989512920379639,1686.4933350762158,3431.7502328083337,45.09397757227299,3.1969392614942422,0.275117963552475,0.27484697103500366,43.27418518066406,0,6.462685585021973,0.0004714483511634171,237.37469482421875,8.586949348449707,45.09397757227299,3.1969392614942422
1163.645751953125,139.16702270507812,-7.664551734924316,0.12988092005252838,869.8272094726562,105.99826049804688,-7.3485822677612305,0.13234135508537292,1299.6590576171875,216.69500732421875,-7.784573554992676,0.18107116222381592,62.84416198730469,19,1.8706097602844238,0.9546749591827393,6.4653239250183105,1172.437554697904,3523.3753481569106,45.10073946610054,3.234405691285677,0.375744491815567,0.3748282194137573,10.559814453125,0,7.743107318878174,0.0005647967336699367,951.9772338867188,11.223658561706543,45.10073946610054,3.234405691285677
1377.1685791015625,155.71156311035156,-7.84746789932251,0.12279016524553299,704.91259765625,105.62355041503906,-7.120337963104248,0.16272538900375366,714.6980590820312,150.0370330810547,-7.135306358337402,0.2279846966266632,54.5175666809082,19,1.9727799892425537,1.3662902116775513,-53.761348724365234,768.9306744829362,3533.1721705382156,45.10150912346009,3.263810040685125,0.24908456206321716,0.24835997819900513,89.54493713378906,2,8.944190979003906,0.0006523577612824738,-17.52885627746582,11.836679458618164,45.10150912346009,3.2638100406851134
1350.6024169921875,157.1635284423828,-7.826318740844727,0.12637293338775635,841.0279541015625,105.9617691040039,-7.312026023864746,0.13682599365711212,956.8809814453125,135.71533203125,-7.452144622802734,0.15402840077877045,54.64558792114258,18,1.726810097694397,1.2468479871749878,76.60847473144531,159.43658872535403,3681.0757935458173,45.11241159852796,3.3082218445067326,0.35034483671188354,0.34908077120780945,66.94438934326172,2,7.524291515350342,0.0005487467860803008,170.58676147460938,10.360860824584961,45.11241159852796,3.3082218445067326
9663.0634765625,127.37235260009766,-9.962786674499512,0.014314960688352585,7245.41796875,113.7111587524414,-9.650158882141113,0.01704392023384571,9607.0087890625,146.28057861328125,-9.956470489501953,0.016535917297005653,1089.1690673828125,48,3.199233293533325,0.6927710175514221,-3.460574150085449,276.5451223778332,3710.296990939551,45.11453117426512,3.2996905584884115,0.02312922477722168,0.022016137838363647,-9.960962295532227,3,6.915417194366455,0.0005043501150794327,7226.31201171875,19.19540023803711,45.11453117426512,3.2996905584884115
3378.500732421875,64.1116714477539,-8.821809768676758,0.020608335733413696,3080.845458984375,108.68244171142578,-8.721674919128418,0.03831062838435173,3237.931640625,78.23738861083984,-8.77566909790039,0.026240766048431396,978.1109619140625,12,1.5446202754974365,0.3996671438217163,-29.172439575195312,311.11159236655,2815.6763351175987,45.049099697489986,3.2971468538902187,0.02297118678689003,0.021375883370637894,-55.254661560058594,3,4.664068222045898,0.0003401562280487269,2659.40625,9.267721176147461,45.049099697489986,3.29714685389023
2113.3291015625,177.05201721191406,-8.312417984008789,0.09098369628190994,1312.9720458984375,106.64022827148438,-7.795638561248779,0.08820544183254242,1741.2662353515625,171.95950317382812,-8.102163314819336,0.10724840313196182,75.49561309814453,35,2.081493854522705,1.6040990352630615,-50.45433807373047,681.5655891670997,3471.406355998331,45.09700441605102,3.270174661090596,0.24969159066677094,0.2489304393529892,-69.78660583496094,2,8.438384056091309,0.0006154553848318756,713.3605346679688,12.48896312713623,45.09700441605102,3.270174661090596
675.4542846679688,113.13252258300781,-7.0739898681640625,0.18189524114131927,518.4140014648438,105.51071166992188,-6.786691665649414,0.22102919220924377,793.1754150390625,223.34756469726562,-7.248423099517822,0.3058030307292938,46.197261810302734,10,1.8203176259994507,0.7607464790344238,50.67965316772461,223.0823856611533,3451.404632734891,45.09560669676141,3.303578048808795,0.6239094138145447,0.6222601532936096,51.220272064208984,0,7.029506683349609,0.0005126655451022089,947.8915405273438,10.921905517578125,45.09560669676141,3.3035780488087956
727202.625,578.4953002929688,-14.654138565063477,0.0008639213629066944,568077.5625,404.4394226074219,-14.386018753051758,0.0007731712539680302,706438.75,494.6007995605469,-14.622686386108398,0.0007603440317325294,30858.193359375,576,2.622432231903076,2.500792980194092,73.00581359863281,2026.121551738867,3219.6490498890366,45.07843139952197,3.1721843471513744,0.0017557843821123242,0.001712727127596736,-79.35224151611328,0,4.0961198806762695,0.0002988248015753925,725076.1875,15.734593391418457,45.07843139952197,3.172184347151375
5943.41162109375,306.7200622558594,-9.435089111328125,0.056044913828372955,1797.854736328125,107.20819091796875,-8.136886596679688,0.06475945562124252,3897.101318359375,244.7609405517578,-8.97685432434082,0.06820720434188843,69.48059844970703,72,2.9922096729278564,2.3190267086029053,-52.52373123168945,748.2361700173965,3466.5764446325247,45.09664208286034,3.265316699374369,0.2423439770936966,0.2417054921388626,-65.39569091796875,2,14.400407791137695,0.0010503078810870647,3278.091552734375,17.953258514404297,45.09664208286034,3.2653166993743694
9429.8291015625,275.53497314453125,-9.936259269714355,0.03173238784074783,4413.5830078125,110.23729705810547,-9.111978530883789,0.027124831452965736,8455.0107421875,265.1832275390625,-9.817785263061523,0.03406133875250816,163.9901123046875,127,3.0861284732818604,2.6246395111083984,-6.601948261260986,1938.0903736327318,3495.103459523719,45.09858243095835,3.1785986674221087,0.09721360355615616,0.09672239422798157,-40.1263427734375,2,8.966747283935547,0.0006541635375469923,6504.2646484375,18.51677131652832,45.09858243095835,3.1785986674221083
13924.0751953125,181.40330505371094,-10.359416007995605,0.014148443005979061,11486.748046875,118.7611312866211,-10.150492668151855,0.01122811995446682,13567.53125,190.96011352539062,-10.331252098083496,0.015285219065845013,636.2666015625,94,2.011319398880005,1.9335122108459473,76.19198608398438,1099.537040149397,3600.1887179856435,45.10636564842353,3.2397192158145587,0.02389928326010704,0.023783128708600998,-85.19781494140625,0,4.063004970550537,0.0002963607257697731,13360.13671875,12.067916870117188,45.10636564842353,3.2397192158145587
2488.940673828125,199.18060302734375,-8.490036010742188,0.08690851181745529,1318.8221435546875,106.81160736083984,-7.8004655838012695,0.0879553034901619,1550.0006103515625,181.71339416503906,-7.975829601287842,0.12731656432151794,64.38958740234375,38,2.448486804962158,1.566398024559021,-69.83401489257812,648.286937125592,3655.338319458396,45.11045912622995,3.272603293748391,0.24960578978061676,0.2492387890815735,-79.96424865722656,1,11.009337425231934,0.0008029706077650189,329.5736999511719,14.69092082977295,45.110459126229955,3.2726032937483795
871.7813720703125,123.24714660644531,-7.351018905639648,0.15353207290172577,789.1715087890625,106.01995086669922,-7.242928504943848,0.14589688181877136,834.6994018554688,131.49815368652344,-7.303825378417969,0.17108793556690216,47.43425750732422,14,1.5195884704589844,1.326464056968689,72.40440368652344,632.9188113503008,3416.2448521032975,45.09297731882722,3.2737179801622918,0.35085541009902954,0.3502366542816162,-78.75714111328125,0,8.4942626953125,0.0006195249734446406,335.7472229003906,9.117530822753906,45.092977318827224,3.27371798016228
10738.54296875,185.86239624023438,-10.077363014221191,0.01879645697772503,8419.2314453125,115.20287322998047,-9.813180923461914,0.014860064722597599,10274.3203125,190.93629455566406,-10.029382705688477,0.0201820470392704,470.4273681640625,92,2.12949275970459,1.8812779188156128,6.974184036254883,1700.550784378109,3701.988305068986,45.11373609048676,3.195913344867254,0.0317043773829937,0.031668469309806824,-44.47713851928711,0,4.1193695068359375,0.00030051631620153785,9876.2509765625,12.776956558227539,45.11373609048676,3.1959133448672543
2181.614990234375,185.25384521484375,-8.346944808959961,0.09221868962049484,1360.623291015625,106.4127197265625,-7.834344863891602,0.084934763610363,1538.229248046875,171.80088806152344,-7.967552661895752,0.12129256129264832,59.11133575439453,36,1.9953755140304565,1.6870040893554688,-4.509891033172607,1372.448971311744,3122.4020287504663,45.0713934437222,3.219826703134313,0.23629404604434967,0.23596803843975067,12.744512557983398,0,8.21595573425293,0.0005992899532429874,1087.7850341796875,11.97225284576416,45.0713934437222,3.219826703134313
1050.138671875,129.2098388671875,-7.553116798400879,0.13362224400043488,227.7052459716797,105.26490783691406,-5.8934326171875,0.5020424127578735,253.7322235107422,106.98853302001953,-6.010939121246338,0.45792192220687866,27.808469772338867,9,1.92563796043396,0.7389570474624634,56.68042755126953,2012.4547612646493,2838.4735394419795,45.05055954657656,3.1731840617802716,0.5171740651130676,0.515224039554596,60.05195999145508,0,7.126672267913818,0.0005198850412853062,38.80967712402344,11.553827285766602,45.05055954657656,3.1731840617802716
5229.384765625,202.25575256347656,-9.296126365661621,0.042002979665994644,3371.645751953125,109.00096893310547,-8.819604873657227,0.035108983516693115,5201.94287109375,209.9189453125,-9.290413856506348,0.043824389576911926,155.4512939453125,74,2.5295963287353516,1.9992812871932983,44.260597229003906,26.026381029618765,3744.223899230864,45.11704934756742,3.317943378809567,0.10390529036521912,0.10374453663825989,35.951873779296875,0,7.286966800689697,0.000531429483089596,4779.19140625,15.17757797241211,45.11704934756742,3.317943378809578
4427.94580078125,244.5203094482422,-9.115506172180176,0.0599711611866951,2033.3896484375,107.42132568359375,-8.270551681518555,0.057371966540813446,3318.07421875,238.55360412597656,-8.802215576171875,0.07807818800210953,84.11167907714844,70,2.8289051055908203,2.3797929286956787,6.01537561416626,1530.7783687757737,3767.431482769541,45.11854100112985,3.2082888231110473,0.18445098400115967,0.18412630259990692,-63.13335418701172,2,12.437493324279785,0.0009073091205209494,2502.411376953125,16.973430633544922,45.11854100112984,3.2082888231110585
1836.150634765625,132.6424560546875,-8.159770965576172,0.07845200598239899,1342.2255859375,106.59497833251953,-7.819563865661621,0.08624640852212906,1568.600341796875,138.7060546875,-7.988780975341797,0.09603133052587509,87.96422576904297,25,2.022085189819336,1.1457606554031372,-35.08296203613281,542.7140485633065,3505.647687741417,45.099527700624165,3.2802923649847457,0.1476382166147232,0.14711761474609375,19.23759651184082,2,9.110800743103027,0.0006644848617725074,778.14404296875,12.132511138916016,45.09952770062416,3.2802923649847573
1288.8509521484375,156.42352294921875,-7.775506973266602,0.1318041831254959,761.6047973632812,105.73699188232422,-7.204324245452881,0.15077422559261322,956.6015014648438,139.68771362304688,-7.451827526092529,0.1585831195116043,52.864349365234375,19,1.8269197940826416,1.2759711742401123,7.070735454559326,1535.0349533224228,3592.8357110769143,45.105773985692664,3.207978740974486,0.3805765211582184,0.3793685734272003,0.8492065072059631,1,9.138985633850098,0.0006666717818006873,402.79736328125,10.961519241333008,45.105773985692664,3.2079787409744855
5278.4931640625,255.9283447265625,-9.306275367736816,0.05265483260154724,2460.461181640625,107.91327667236328,-8.477540969848633,0.047630831599235535,4106.7509765625,245.7678680419922,-9.033745765686035,0.06499149650335312,89.8740234375,86,2.8493051528930664,2.445546865463257,-0.8965811729431152,1405.5098680924418,3405.7689769810136,45.09211072138735,3.217418841604843,0.16400392353534698,0.16369807720184326,-3.22914981842041,0,10.549517631530762,0.0007695300737395883,3272.3671875,17.0958309173584,45.09211072138735,3.217418841604843
789.552734375,112.3614501953125,-7.243453025817871,0.15454894304275513,655.255126953125,105.85021209716797,-7.0410261154174805,0.175432950258255,658.875,142.5060272216797,-7.0470075607299805,0.23488757014274597,58.493228912353516,13,1.8968842029571533,1.2643831968307495,25.56546974182129,1551.6333762482666,3422.6814403350013,45.09333000049872,3.2067689259016525,0.3790307641029358,0.3777143359184265,49.71090316772461,0,7.001508712768555,0.0005107390461489558,-358.3891296386719,11.381305694580078,45.09333000049871,3.2067689259016636
877.8976440429688,124.49068450927734,-7.358609676361084,0.15400072932243347,285.05975341796875,105.1301040649414,-6.1373395919799805,0.4005170464515686,302.2959899902344,125.84076690673828,-6.201080799102783,0.45208364725112915,29.151689529418945,9,1.7738142013549805,1.019989013671875,-49.4580078125,1093.6961703574786,3793.321573287044,45.1204885550831,3.2401468247007372,0.9479883313179016,0.9466885328292847,-38.371665954589844,0,8.044437408447266,0.0005867800791747868,-456.5817565917969,10.642885208129883,45.1204885550831,3.2401468247007488
966.3499145507812,117.95069885253906,-7.462836265563965,0.13255494832992554,823.3838500976562,105.980712890625,-7.289005756378174,0.13978299498558044,899.9205932617188,117.5084228515625,-7.385510444641113,0.1418060064315796,57.10036849975586,16,1.2120474576950073,1.0835907459259033,-36.72293472290039,1049.7260847177579,3161.120363987168,45.07426495581731,3.2433436401431277,0.22750774025917053,0.22716878354549408,-51.07419204711914,1,6.8439178466796875,0.0004991840687580407,934.7769165039062,7.272284507751465,45.07426495581731,3.243343640143127
2175.9482421875,182.28704833984375,-8.344120979309082,0.09097814559936523,1359.0538330078125,106.65721130371094,-7.833091735839844,0.08522821217775345,1503.642333984375,200.0235137939453,-7.942861557006836,0.14446622133255005,61.8322868347168,36,2.619722604751587,1.7758013010025024,-8.93703556060791,1410.4071622698027,3498.206836197368,45.09886947057153,3.2170622700632983,0.22603122889995575,0.2251724898815155,11.18041706085205,0,12.929712295532227,0.0009431619546376169,184.1707000732422,15.71833610534668,45.098869470571536,3.2170622700632867
1216.561767578125,140.12045288085938,-7.712835311889648,0.12508268654346466,637.6737670898438,105.74517059326172,-7.011496543884277,0.18009093403816223,702.0098266601562,125.39706420898438,-7.11585807800293,0.19398760795593262,55.609527587890625,13,1.088547945022583,0.9215689897537231,37.461246490478516,359.0780191702926,3463.1420516457592,45.09644541763405,3.293670599587128,0.22297491133213043,0.2226259857416153,54.85940170288086,2,4.356231212615967,0.00031770768691785634,742.6991577148438,6.531287670135498,45.09644541763405,3.293670599587128
1127.809814453125,145.47628784179688,-7.630589485168457,0.14008323848247528,379.3144836425781,105.37508392333984,-6.447498321533203,0.30169516801834106,252.53369140625,129.21995544433594,-6.00579833984375,0.5556995868682861,72.04450988769531,9,1.7625523805618286,0.711502194404602,86.54139709472656,1436.0786270952308,3499.9336799148336,45.098992636423546,3.2151912433960694,0.30133432149887085,0.3001590073108673,-78.9018783569336,0,5.026002883911133,0.00036662552156485617,-104.37805938720703,10.57531452178955,45.098992636423546,3.2151912433960694
2809.136962890625,214.98687744140625,-8.621432304382324,0.08311298489570618,1349.8116455078125,106.76861572265625,-7.825683116912842,0.0859014019370079,1810.0050048828125,191.85787963867188,-8.14419937133789,0.11511441320180893,53.036773681640625,42,2.754638195037842,1.5816502571105957,-61.00777816772461,680.4351066703484,3440.826542062559,45.09476836384086,3.2702563983237742,0.2659420967102051,0.26515689492225647,-55.84346008300781,0,12.511446952819824,0.0009125238284468651,1374.583740234375,16.527828216552734,45.09476836384086,3.2702563983237742
2488.940185546875,199.18043518066406,-8.490036010742188,0.08690845966339111,1214.0364990234375,106.47449493408203,-7.7105793952941895,0.09524532407522202,2915.76513671875,357.0395202636719,-8.661881446838379,0.13298222422599792,68.69029235839844,35,3.8149073123931885,1.5135337114334106,21.889606475830078,684.0033454903058,3792.634607284703,45.120493650100194,3.270003447605863,0.3070407211780548,0.3063846826553345,-29.93076515197754,3,14.408807754516602,0.001050925930030644,2356.6982421875,22.88944435119629,45.120493650100194,3.2700034476058626
6373.33447265625,115.85309600830078,-9.510916709899902,0.01974107325077057,4334.55859375,110.14099884033203,-9.092362403869629,0.02759522758424282,5813.5068359375,129.91632080078125,-9.41109561920166,0.024269193410873413,568.2542724609375,34,3.0230488777160645,0.6066268682479858,-1.162410020828247,876.008583196109,3402.186017099634,45.091916206291856,3.256005360474663,0.05775761231780052,0.05407455936074257,0.29199740290641785,0,8.099340438842773,0.0005907440208829939,3273.845458984375,18.138294219970703,45.091916206291856,3.2560053604746626
2660.672119140625,61.01996612548828,-8.562478065490723,0.024906368926167488,3023.924560546875,108.89378356933594,-8.701427459716797,0.03910767287015915,2947.7421875,74.87008666992188,-8.673724174499512,0.02758345566689968,533.3555908203125,11,1.2157686948776245,0.4690655469894409,-27.775283813476562,315.78922732046306,2813.703050278672,45.04895472651894,3.2968060674969935,0.02890889160335064,0.027383707463741302,-16.284276962280273,3,4.478572845458984,0.00032662792364135385,2732.6591796875,7.294611930847168,45.04895472651894,3.296806067496993
719.2153930664062,117.67893981933594,-7.142147541046143,0.177692711353302,428.9930419921875,105.31377410888672,-6.581125736236572,0.2666028141975403,405.6925964355469,89.36612701416016,-6.5204925537109375,0.23922450840473175,38.318016052246094,10,1.558335542678833,0.615178644657135,5.622690677642822,1477.95106617588,3214.7163816426987,45.07813143214071,3.212138629327973,0.3752049505710602,0.3740359842777252,2.5949978828430176,0,5.835653305053711,0.0004256775719113648,-66.04106140136719,9.350013732910156,45.07813143214071,3.2121386293279723
5919.2763671875,261.0813293457031,-9.430671691894531,0.04790016636252403,2567.292236328125,108.16756439208984,-8.523688316345215,0.045756369829177856,4971.80419921875,247.12704467773438,-9.24128532409668,0.053980398923158646,108.41365814208984,91,3.3533380031585693,2.1267194747924805,-61.29264450073242,969.9117969760217,3773.738388910007,45.11907293190536,3.2491679390611363,0.1643618941307068,0.16328342258930206,-56.06092071533203,2,11.692557334899902,0.0008528590551577508,1190.29736328125,20.120027542114258,45.11907293190535,3.249167939061148
3820.4873046875,106.81204223632812,-8.955296516418457,0.030362064018845558,3234.18896484375,108.75106811523438,-8.774413108825684,0.03651724010705948,3465.884033203125,134.97096252441406,-8.84953498840332,0.0422917976975441,417.41845703125,31,2.3334381580352783,0.8867208361625671,89.71367645263672,830.8215750889455,4078.0825832884357,45.14134510466901,3.2593087622022887,0.06220937892794609,0.060154661536216736,-89.04375457763672,3,8.606871604919434,0.0006277839420363307,2352.9072265625,14.000629425048828,45.141345104669014,3.2593087622022776
4353.9990234375,202.40927124023438,-9.097220420837402,0.050486110150814056,2757.775634765625,108.4441146850586,-8.601397514343262,0.04270482063293457,3749.720947265625,198.79258728027344,-8.93499755859375,0.057574618607759476,113.31051635742188,66,2.229656457901001,2.0622456073760986,16.672496795654297,418.12910375351817,3608.256028537507,45.10704880424526,3.2893721392874737,0.11844279617071152,0.1181829571723938,-32.32640075683594,0,7.299882411956787,0.000532399513758719,3265.2041015625,13.377939224243164,45.10704880424526,3.289372139287474
1614.4736328125,76.3852767944336,-8.0200777053833,0.051381707191467285,1350.4029541015625,106.4409408569336,-7.82615852355957,0.08560027927160263,1336.8214111328125,93.13421630859375,-7.815183639526367,0.07565988600254059,186.12747192382812,15,2.0339462757110596,0.5130863189697266,1.410090684890747,1903.6930992270698,2832.3144915415696,45.050120383883936,3.181110976371382,0.11422157287597656,0.1108156219124794,3.2088451385498047,3,6.0922932624816895,0.0004444176738616079,516.7215576171875,12.203678131103516,45.050120383883936,3.181110976371382
691.2866821289062,114.94780731201172,-7.099145412445068,0.18058110773563385,411.6038513183594,105.20844268798828,-6.536198616027832,0.2775881886482239,397.77435302734375,98.66460418701172,-6.499092102050781,0.26937323808670044,41.69281768798828,10,1.798553705215454,0.6522548198699951,-35.556190490722656,804.6575682594771,3320.899515744172,45.085981498759985,3.2612028886100943,0.4295750856399536,0.4279623031616211,-39.69145202636719,0,6.464083671569824,0.0004714652895927429,9.922403335571289,10.791322708129883,45.085981498759985,3.261202888610094
1153.3658447265625,147.97862243652344,-7.6549177169799805,0.1393354833126068,703.7827758789062,105.70494842529297,-7.11859655380249,0.16311222314834595,590.5635375976562,159.81613159179688,-6.928166389465332,0.2938893139362335,46.509559631347656,17,1.829323410987854,1.6548595428466797,19.332378387451172,316.8229611214789,3229.3920461814764,45.07935697641973,3.2967424868783857,0.38173678517341614,0.3814660608768463,-2.040731191635132,0,10.421772956848145,0.0007600726094096899,423.2510070800781,10.975940704345703,45.07935697641973,3.2967424868783857
1935.6884765625,172.89418029785156,-8.21708869934082,0.09700067341327667,1297.6812744140625,106.4566650390625,-7.7829203605651855,0.08909116685390472,1506.9498291015625,159.90142822265625,-7.945247173309326,0.11523472517728806,70.2753677368164,29,1.8129923343658447,1.4842332601547241,-32.809593200683594,1247.843915475797,3430.166197706285,45.093914151482444,3.2289095060577275,0.2209530770778656,0.22070981562137604,-41.88687515258789,2,7.705578327178955,0.0005620633019134402,1441.436767578125,10.877954483032227,45.093914151482444,3.2289095060577395
2769.900634765625,174.8040008544922,-8.606160163879395,0.06853572279214859,1815.1173095703125,107.27061462402344,-8.147261619567871,0.06418091803789139,2366.369384765625,179.89920043945312,-8.435206413269043,0.08256129920482635,99.26262664794922,44,2.2195303440093994,1.7000820636749268,46.43013000488281,692.3747986823385,3427.1784657694484,45.093768677508756,3.269386163661618,0.1542177051305771,0.15398280322551727,34.65224838256836,0,7.8975701332092285,0.0005760109634138644,1808.6048583984375,13.317182540893555,45.093768677508756,3.269386163661618
132364.078125,318.4834289550781,-12.804425239562988,0.002613042714074254,105059.5,198.0050506591797,-12.553587913513184,0.0020467780996114016,128808.6875,281.0869445800781,-12.774863243103027,0.0023698743898421526,5933.73046875,262,2.3203165531158447,2.3008320331573486,36.183143615722656,962.6933673135775,3448.7847874246327,45.0953122843717,3.249689547181697,0.004499680362641811,0.004449330735951662,-88.05677032470703,0,3.9728221893310547,0.000289772026007995,111950.765625,13.921899795532227,45.0953122843717,3.249689547181697
574.326416015625,102.02690124511719,-6.897896766662598,0.19292376935482025,119.95269775390625,105.04408264160156,-5.1975250244140625,0.9510238170623779,136.0370635986328,110.86119079589844,-5.334143161773682,0.8850180506706238,42.53940200805664,9,1.3610841035842896,1.022204041481018,-61.32821273803711,1175.0281814921073,3406.528961635201,45.092194866404164,3.234215788001463,0.38628074526786804,0.384626179933548,79.78204345703125,0,7.046164035797119,0.0005139557179063559,-260.46136474609375,8.166504859924316,45.092194866404164,3.234215788001463
779.2366333007812,122.37616729736328,-7.229173183441162,0.17055219411849976,337.4061279296875,105.03040313720703,-6.320382595062256,0.3380585312843323,315.906005859375,110.08946228027344,-6.248894691467285,0.3784579932689667,46.37845230102539,11,1.2826251983642578,1.134712815284729,-10.302427291870117,1825.8944482506665,2829.018308586427,45.04988757791032,3.1867809611893496,0.3134220838546753,0.3129197359085083,20.43297576904297,0,7.208255290985107,0.0005258159362711012,30.357698440551758,7.695751190185547,45.04988757791032,3.1867809611893616
2053.8818359375,154.17160034179688,-8.281438827514648,0.0815189853310585,1512.3121337890625,106.76802825927734,-7.949103832244873,0.07667072862386703,1756.6246337890625,162.82130432128906,-8.11169719696045,0.10066119581460953,97.46109008789062,33,2.178191900253296,1.4178038835525513,-86.4556884765625,1063.1054459282905,3386.969861125197,45.09077893477592,3.242371665817441,0.17941460013389587,0.17883719503879547,42.14608383178711,0,8.567830085754395,0.0006249340367503464,1371.7108154296875,13.069150924682617,45.09077893477592,3.242371665817453
3508.64501953125,163.06353759765625,-8.862848281860352,0.05047162249684334,2658.064453125,108.11839294433594,-8.561413764953613,0.0441737100481987,3196.529541015625,176.84388732910156,-8.761696815490723,0.06008155271410942,172.54876708984375,49,2.031193494796753,1.7695832252502441,20.16443634033203,434.3939135086072,3335.9894466453707,45.08713603693291,3.2881800838872555,0.1000773087143898,0.09998172521591187,-39.654029846191406,0,6.270577430725098,0.00045732787111774087,2727.453125,12.18716049194336,45.08713603693291,3.288180083887255
908.5570068359375,119.28950500488281,-7.395880222320557,0.14258697628974915,837.4609985351562,106.03982543945312,-7.3074116706848145,0.13750998675823212,860.4902954101562,124.6922836303711,-7.336864948272705,0.15737053751945496,58.18614959716797,15,1.439640998840332,1.2096168994903564,52.28805923461914,710.4657037223152,3408.4300676591915,45.092395178260624,3.2680676371370145,0.2912965714931488,0.29120779037475586,-81.464111328125,0,7.890958309173584,0.0005755298188887537,526.769775390625,8.637845993041992,45.09239517826063,3.268067637137003
4548.45556640625,236.6191864013672,-9.144659996032715,0.05649575591087341,2195.21337890625,107.62340545654297,-8.353692054748535,0.05324266850948334,3654.588134765625,239.2007598876953,-8.907095909118652,0.07108106464147568,106.18189239501953,74,3.4517228603363037,1.9130045175552368,9.057945251464844,1095.2351981452337,3412.2913974974094,45.09262643525119,3.2400306265100505,0.17578940093517303,0.1745036542415619,5.4338531494140625,0,11.809489250183105,0.0008613858371973038,1602.122314453125,20.710336685180664,45.09262643525119,3.24003062651005
1251.8106689453125,118.90145874023438,-7.743846416473389,0.10315217077732086,1092.4796142578125,106.36224365234375,-7.596033573150635,0.10573139786720276,1119.375,115.88585662841797,-7.622438907623291,0.1124306321144104,75.05601501464844,20,1.3758811950683594,1.0934685468673706,5.834630966186523,1224.5058790616026,2843.457895775202,45.051012479571334,3.2306046053872652,0.17076969146728516,0.17041757702827454,-0.1333589255809784,0,5.253841876983643,0.00038320934982039034,700.4144287109375,8.255287170410156,45.051012479571334,3.230604605387265
668.0145874023438,113.4616928100586,-7.061964988708496,0.18445615470409393,216.76934814453125,105.16776275634766,-5.839994430541992,0.5268834829330444,311.372802734375,100.74290466308594,-6.233201503753662,0.35136914253234863,32.73601531982422,9,1.8911606073379517,0.524296760559082,-12.289416313171387,508.4108654474972,3307.718332589825,45.08505816251103,3.2827868647221883,0.7256603837013245,0.7245333194732666,-22.902307510375977,1,5.93630313873291,0.00043295230716466904,-64.07200622558594,11.346963882446289,45.08505816251103,3.2827868647221883
1995.99462890625,135.3363800048828,-8.250398635864258,0.07363512367010117,1694.8218994140625,106.95639038085938,-8.072810173034668,0.06853501498699188,1693.465576171875,136.442138671875,-8.071941375732422,0.08749877661466599,119.43446350097656,30,1.6765785217285156,1.2928816080093384,51.494354248046875,853.8570778290349,3799.016270323127,45.12093689045766,3.257625904884384,0.12347128987312317,0.12283772975206375,76.15492248535156,0,5.7656168937683105,0.0004205369623377919,1548.8214111328125,10.059471130371094,45.12093689045766,3.257625904884384
8488.8642578125,177.0157470703125,-9.822123527526855,0.02264603227376938,6784.5986328125,113.12703704833984,-9.578810691833496,0.0181080661714077,8120.4423828125,184.1437530517578,-9.77394962310791,0.024626750499010086,399.37115478515625,80,1.9871772527694702,1.9215667247772217,71.35352325439453,1511.1424817114928,3393.8961277030867,45.09122989731125,3.2097200631408636,0.038006946444511414,0.03788904845714569,-80.65807342529297,0,4.056639671325684,0.0002959161065518856,7860.728515625,11.923063278198242,45.09122989731125,3.2097200631408636
933.7447509765625,127.50763702392578,-7.425570487976074,0.14829887449741364,730.6109619140625,105.86311340332031,-7.159215450286865,0.1573578119277954,789.708984375,150.83126831054688,-7.2436676025390625,0.20742167532444,48.623844146728516,15,2.050677537918091,1.28151273727417,-77.95692443847656,567.429461489822,3329.076617633567,45.0866118819783,3.2784874940549593,0.4173101484775543,0.416637122631073,-89.63627624511719,0,8.821989059448242,0.0006434195674955845,-251.47927856445312,12.304065704345703,45.0866118819783,3.2784874940549593
2526.75537109375,207.1707763671875,-8.506407737731934,0.0890420451760292,1066.4189453125,106.28817749023438,-7.569819450378418,0.1082397848367691,1360.5341796875,212.65594482421875,-7.834273815155029,0.16974535584449768,55.1258544921875,16,1.7950583696365356,0.9016234278678894,-28.792821884155273,1824.920377576649,3340.1979933466496,45.087267621605456,3.18684960475593,0.2496141940355301,0.24936538934707642,-80.123779296875,2,7.604990005493164,0.0005547901964746416,1504.136962890625,10.770350456237793,45.087267621605456,3.186849604755942
627.599365234375,105.35896301269531,-6.994206428527832,0.18231350183486938,497.2139587402344,105.5666732788086,-6.741358280181885,0.2305755913257599,494.0250549316406,112.27267456054688,-6.734372615814209,0.24680554866790771,40.8492431640625,10,1.4401583671569824,1.0591998100280762,-13.526573181152344,1982.6499482016986,3333.2806005380435,45.086744953560974,3.1753520492894585,0.4159857928752899,0.41481706500053406,-8.238767623901367,0,7.381197929382324,0.0005384844844229519,501.1029052734375,8.640950202941895,45.086744953560974,3.1753520492894705
5442.11962890625,156.12030029296875,-9.339420318603516,0.03115452453494072,4513.0859375,110.63566589355469,-9.136183738708496,0.026622656732797623,5084.2099609375,168.8148193359375,-9.265558242797852,0.036059267818927765,261.2170104980469,58,2.053483247756958,1.5516891479492188,60.02614974975586,764.4994396595633,3344.777770110829,45.087733081191374,3.264129360214647,0.053396664559841156,0.05311019718647003,88.29151153564453,0,4.476672172546387,0.00032650952925905585,4939.07421875,12.320899963378906,45.08773308119138,3.2641293602146355
925.4269409179688,125.5696792602539,-7.415855407714844,0.14735758304595947,645.9869384765625,105.7970962524414,-7.025559425354004,0.17786063253879547,657.8804321289062,120.90696716308594,-7.045367240905762,0.199587881565094,46.939208984375,15,1.461496353149414,1.1755245923995972,73.92906951904297,338.01806538589466,3271.2151292248845,45.08241262282282,3.295199587330823,0.2816721498966217,0.2809092402458191,77.22087860107422,0,7.837360382080078,0.000571589742321521,72.2115707397461,8.768978118896484,45.08241262282282,3.295199587330823
606.67919921875,98.1209945678711,-6.957397937774658,0.17564372718334198,306.3103942871094,105.15724182128906,-6.215404510498047,0.3728269338607788,320.9097900390625,105.00931549072266,-6.265957355499268,0.3553650379180908,57.40463638305664,10,1.7118022441864014,0.7988935708999634,86.89210510253906,139.29527018581848,3245.7298297291923,45.080577266540004,3.3096755674741476,0.26738545298576355,0.2656978666782379,-61.037574768066406,0,6.985137462615967,0.0005094250664114952,-540.7652587890625,10.27081298828125,45.080577266540004,3.3096755674741476
4894.98583984375,301.2848815917969,-9.22437858581543,0.06684296578168869,1127.089111328125,106.24128723144531,-7.6298956871032715,0.10236815363168716,1818.1005859375,243.1682586669922,-8.14904499053955,0.14525088667869568,73.3052749633789,36,2.7828712463378906,1.755137324333191,85.02530670166016,1678.1869583324237,3789.0513828666603,45.1201046541188,3.1975431231455516,0.2985895872116089,0.2984628975391388,46.71466064453125,2,13.249422073364258,0.0009665776160545647,1980.273681640625,16.697227478027344,45.1201046541188,3.1975431231455516
2601.296875,211.5979461669922,-8.53797435760498,0.08833876997232437,1114.071533203125,106.14240264892578,-7.617282867431641,0.1034679114818573,2006.592041015625,190.85231018066406,-8.256147384643555,0.10329235345125198,47.5143928527832,33,2.1603598594665527,1.9524743556976318,-13.054401397705078,1788.9886311371222,2864.340549391813,45.05247455301167,3.1894705117060584,0.3531571328639984,0.35279572010040283,-59.95238494873047,2,12.309856414794922,0.0008979561971500516,1575.16015625,12.962159156799316,45.05247455301167,3.1894705117060584
4547.47509765625,268.052001953125,-9.144425392150879,0.06401453167200089,1440.5220947265625,106.80070495605469,-7.896299839019775,0.08051634579896927,3384.091796875,250.666259765625,-8.82360553741455,0.08044213056564331,73.36503601074219,40,3.0286009311676025,2.414275884628296,-78.28694152832031,1837.1280355838371,3366.0131275474923,45.08915396045424,3.1859595894788026,0.300943523645401,0.2993822991847992,-60.86830139160156,2,16.21863555908203,0.0011831701267510653,2085.875,18.171606063842773,45.08915396045424,3.1859595894788146
2637.21875,142.1487579345703,-8.552865028381348,0.05853649973869324,2178.69287109375,107.52142333984375,-8.345490455627441,0.053595561534166336,2393.517822265625,146.39068603515625,-8.447591781616211,0.06642118096351624,119.4375228881836,37,1.610615849494934,1.5042036771774292,-27.67032241821289,762.287858357647,2861.914916014587,45.052420833214356,3.26428095934086,0.10478602349758148,0.10462962836027145,67.52986907958984,0,4.960654258728027,0.000361802609404549,2266.36376953125,9.663695335388184,45.052420833214356,3.26428095934086
82808.546875,282.4630126953125,-12.295187950134277,0.0037043860647827387,65199.6640625,168.7995147705078,-12.035613059997559,0.0028116137254983187,80517.5390625,256.1330261230469,-12.264726638793945,0.003454656805843115,3598.4541015625,217,2.2930195331573486,2.2733893394470215,55.533103942871094,1871.7887378204216,3362.7613991311623,45.08891242883023,3.1834330691358765,0.006281462498009205,0.006197584327310324,-70.78144073486328,0,4.06106424331665,0.00029626215109601617,82588.8203125,13.75811767578125,45.08891242883023,3.1834330691358765
57879.01171875,254.5877227783203,-11.906302452087402,0.004776900168508291,46457.609375,153.25318908691406,-11.667642593383789,0.0035824691876769066,56518.46484375,236.383544921875,-11.880475997924805,0.004542100243270397,2692.725341796875,187,2.219073534011841,2.1610889434814453,26.577045440673828,679.0764449330219,2862.456363969508,45.05247140151187,3.2703430515844953,0.007680391892790794,0.007642205338925123,71.43572235107422,0,3.865928888320923,0.0002819567744154483,57175.16015625,13.314441680908203,45.05247140151187,3.2703430515844953
1692.5819091796875,160.90846252441406,-8.07137393951416,0.10324262082576752,1093.9449462890625,106.19938659667969,-7.5974884033203125,0.10542810708284378,1427.8094482421875,157.76808166503906,-7.886675834655762,0.11999930441379547,68.92951965332031,28,1.9944615364074707,1.4562585353851318,22.364521026611328,223.22635594686264,3364.639976747965,45.08926146021359,3.3035649626736827,0.27033424377441406,0.27000272274017334,80.15238952636719,0,8.730447769165039,0.0006367157329805195,648.2461547851562,11.966769218444824,45.08926146021359,3.303564962673683
2256.707763671875,199.5804901123047,-8.383687973022461,0.09604451805353165,940.6893310546875,106.12922668457031,-7.433615684509277,0.12252327799797058,1033.898193359375,157.43247985839844,-7.536194324493408,0.165366068482399,56.005714416503906,18,1.9820501804351807,1.4571738243103027,69.14482116699219,659.8560761939406,3350.672287252408,45.088178397935216,3.27175390654594,0.30606764554977417,0.3054085373878479,32.701416015625,2,10.17842960357666,0.0007423601346090436,561.6025390625,11.892301559448242,45.08817839793521,3.271753906545951
590.0328369140625,104.78913116455078,-6.92719030380249,0.1928723156452179,392.20477294921875,105.26686096191406,-6.4837822914123535,0.2914799153804779,410.262451171875,139.945556640625,-6.532654285430908,0.37044793367385864,44.12822723388672,9,1.6456712484359741,0.6363692879676819,-2.3774240016937256,477.16688658996475,3342.365020312645,45.08759626504525,3.2850640226446735,0.4539338946342468,0.4521096646785736,4.28872537612915,0,6.103123664855957,0.0004451175918802619,351.2283630371094,9.874027252197266,45.08759626504525,3.2850640226446735
2779.46435546875,198.8567352294922,-8.609902381896973,0.07769785076379776,1568.6826171875,106.96170806884766,-7.988837718963623,0.07404965907335281,2163.624755859375,180.35546875,-8.3379545211792,0.09052680432796478,76.03497314453125,40,2.325151205062866,1.62783682346344,-51.501548767089844,701.9041657045894,2864.5297506891156,45.052620019380285,3.2686800750827043,0.19568246603012085,0.19492706656455994,-56.05955505371094,2,9.130146026611328,0.00066589773632586,1794.3431396484375,13.950906753540039,45.052620019380285,3.2686800750826928
1228.4703369140625,60.6988525390625,-7.723411560058594,0.05365937948226929,1189.2333984375,106.23744201660156,-7.688167572021484,0.09701532125473022,1165.7010498046875,73.11495208740234,-7.666468143463135,0.0681159496307373,177.4723358154297,10,1.0567669868469238,0.6065720319747925,-5.354972839355469,1898.1003571204574,2832.538809675651,45.05013737374591,3.181518580894399,0.060198139399290085,0.05966067686676979,-22.783668518066406,3,3.4137656688690186,0.0002490254701115191,971.7986450195312,6.340601921081543,45.05013737374591,3.1815185808943984
1429.9117431640625,164.8897247314453,-7.888273239135742,0.12523166835308075,435.35595703125,105.61235046386719,-6.597111225128174,0.26345112919807434,435.2147216796875,128.56143188476562,-6.596758842468262,0.32080191373825073,47.4708251953125,11,1.707470417022705,1.1320561170578003,-20.696001052856445,827.9830804012716,2820.8393303422417,45.04940820039331,3.259494084724295,0.4108578562736511,0.4098762571811676,-1.4516884088516235,0,8.316898345947266,0.0006065923371352255,286.93927001953125,10.24482250213623,45.049408200393316,3.2594940847242824
1485.8414306640625,159.83848571777344,-7.929931163787842,0.11682578921318054,1021.2681884765625,106.10746002197266,-7.5228495597839355,0.1128329485654831,1065.0850830078125,145.91885375976562,-7.568460941314697,0.14878423511981964,55.241695404052734,24,1.7968811988830566,1.4242862462997437,89.08049011230469,852.1760978957219,2868.246269292048,45.05287215954173,3.2577324077996246,0.3091164529323578,0.30901196599006653,25.015676498413086,0,9.354702949523926,0.0006822876166552305,124.89540100097656,10.78128719329834,45.05287215954173,3.2577324077996246
1491.5618896484375,131.81507873535156,-7.934103012084961,0.09597401320934296,1293.4285888671875,106.49240112304688,-7.779356002807617,0.0894140973687172,1491.240234375,139.41812133789062,-7.933868885040283,0.10153164714574814,74.82768249511719,24,1.6737842559814453,1.330992341041565,-46.11822509765625,274.36403025119984,3342.0414669512043,45.08760141445711,3.299838873581436,0.1885998547077179,0.18834033608436584,-57.03236389160156,0,7.4218363761901855,0.0005412813043221831,1222.1402587890625,10.042705535888672,45.08760141445711,3.299838873581436
694.6530151367188,115.30567169189453,-7.104419708251953,0.18026548624038696,199.197021484375,105.14532470703125,-5.748207092285156,0.5732406377792358,235.9549560546875,132.546630859375,-5.932072639465332,0.6100555658340454,40.72529220581055,10,3.013505220413208,0.6820608973503113,-57.34601593017578,799.7537291157956,2844.1562526191424,45.05111715390724,3.2615511212101262,0.4947509467601776,0.11683715134859085,-57.61549377441406,0,8.578107833862305,0.0006256427732296288,-1924.2115478515625,18.081031799316406,45.05111715390724,3.261551121210126
1690.6328125,157.1460723876953,-8.070123672485352,0.10094482451677322,1072.533447265625,106.2958984375,-7.576026916503906,0.10763053596019745,1200.9481201171875,156.18006896972656,-7.698810577392578,0.14123137295246124,60.446685791015625,20,1.6921988725662231,1.2978414297103882,-29.52670669555664,844.3274031267758,3784.2768047434756,45.11986042050037,3.2583201480528494,0.23778825998306274,0.23655495047569275,15.76708698272705,2,8.869001388549805,0.000646892236545682,1151.7330322265625,10.153193473815918,45.11986042050037,3.2583201480528494
642.4346923828125,111.17572784423828,-7.0195722579956055,0.18793636560440063,257.267578125,105.13623809814453,-6.025962829589844,0.4438101053237915,260.5646667480469,106.99710845947266,-6.039788722991943,0.4459501802921295,43.10519027709961,9,1.249680995941162,1.0751168727874756,-65.50791931152344,886.3330562922106,2862.9892128712495,45.052483275829076,3.255243812128948,0.5761592984199524,0.5755519866943359,-23.138517379760742,0,6.9229559898376465,0.0005049295723438263,210.89279174804688,7.498085975646973,45.05248327582908,3.2552438121289367
742.7599487304688,118.62638854980469,-7.177121162414551,0.17344534397125244,567.3247680664062,105.6143798828125,-6.884579181671143,0.20217205584049225,391.22711181640625,139.14320373535156,-6.481072425842285,0.3862450122833252,41.55405807495117,11,1.9948841333389282,0.6466784477233887,-76.51725006103516,221.99166771869022,2838.084927414911,45.05075100769561,3.3036391700126484,0.3358133137226105,0.3345620334148407,-27.846113204956055,0,6.782248497009277,0.0004946342087350786,-88.28146362304688,11.969305038452148,45.05075100769561,3.3036391700126484
1195.1578369140625,145.67408752441406,-7.693562984466553,0.13236917555332184,718.3777465820312,105.7234878540039,-7.1408820152282715,0.1598263680934906,696.330322265625,129.68028259277344,-7.107038497924805,0.20224997401237488,64.13094329833984,19,1.5703456401824951,1.280275821685791,76.78292846679688,1244.2621514794655,3316.336519311256,45.0855908372532,3.2291695902441435,0.247222438454628,0.24695058166980743,78.67630767822266,0,8.48321533203125,0.0006187797407619655,367.2422790527344,9.422073364257812,45.0855908372532,3.2291695902441435
1636.613037109375,149.17665100097656,-8.034865379333496,0.09898848086595535,1216.3314208984375,106.31285858154297,-7.712629795074463,0.0949212983250618,1293.9083251953125,146.8760528564453,-7.779758930206299,0.12327565252780914,62.20330810546875,27,1.9770368337631226,1.2697150707244873,22.837305068969727,312.4004205736879,2876.3308661086485,45.0535358246929,3.2970546736102815,0.21001935005187988,0.20962558686733246,14.446112632751465,0,7.425593852996826,0.0005415574414655566,513.5502319335938,11.862220764160156,45.053535824692894,3.297054673610293
2898.239013671875,207.21249389648438,-8.655335426330566,0.07764465361833572,1454.430419921875,106.8591537475586,-7.906732559204102,0.07979002594947815,2020.323974609375,191.43434143066406,-8.26355266571045,0.10290315002202988,70.91333770751953,30,2.6950690746307373,1.5994420051574707,51.68177795410156,893.4650303484268,3311.552097564992,45.085286097986696,3.254731882314021,0.23739737272262573,0.23581326007843018,60.455101013183594,2,12.444624900817871,0.0009076751885004342,954.6431274414062,16.170413970947266,45.08528609798669,3.254731882314033
4031.490966796875,99.3078842163086,-9.013664245605469,0.026751482859253883,3383.181884765625,109.17564392089844,-8.82331371307373,0.03504533693194389,5837.8701171875,170.69992065429688,-9.41563606262207,0.0317547507584095,418.5455322265625,28,3.0716664791107178,1.0707426071166992,89.06532287597656,830.6780985842652,4065.3974947244865,45.140417625884666,3.2593190415110493,0.08863649517297745,0.08499681949615479,89.87236022949219,3,6.671054840087891,0.0004865853697992861,4792.369140625,18.42999839782715,45.140417625884666,3.25931904151105
703.0850219726562,112.99647521972656,-7.117519378662109,0.17453674972057343,330.066162109375,105.60279846191406,-6.296502590179443,0.3474595546722412,392.435791015625,98.65733337402344,-6.484421730041504,0.273017555475235,50.73084259033203,11,1.3476369380950928,0.9069544076919556,54.19734573364258,1884.0595502541507,3287.546876831576,45.08341121849684,3.1825391775984024,0.33923566341400146,0.33864808082580566,84.90087127685547,0,5.35227632522583,0.00039045573794282973,-222.34996032714844,8.085821151733398,45.08341121849684,3.1825391775984024
2358.978515625,190.7920379638672,-8.43181037902832,0.08783469349145889,1251.7772216796875,106.31645965576172,-7.743817329406738,0.09223660081624985,1555.2098388671875,177.45266723632812,-7.979472637176514,0.12391485273838043,68.11688232421875,33,2.1054930686950684,1.754394769668579,51.04704666137695,1742.693393553066,2837.646449043791,45.05052752010571,3.192844449873459,0.23979397118091583,0.23903322219848633,62.748069763183594,2,11.2033109664917,0.0008172285160981119,1187.7257080078125,12.63295841217041,45.0505275201057,3.1928444498734705
592.389404296875,105.15396881103516,-6.931518077850342,0.19277389347553253,395.2442321777344,105.43689727783203,-6.49216365814209,0.2897056043148041,398.59136962890625,86.87213134765625,-6.501319885253906,0.23669137060642242,44.87562561035156,9,1.608374834060669,0.5597453117370605,-87.99434661865234,495.37191655791435,3292.533701489807,45.083949519783836,3.283736445029467,0.3684416115283966,0.3672107756137848,82.2759780883789,0,5.652517795562744,0.00041225424502044916,82.83753967285156,9.650249481201172,45.083949519783836,3.283736445029467
2119.29248046875,181.91305541992188,-8.31547737121582,0.09321864694356918,1321.805419921875,106.5281753540039,-7.802918910980225,0.0875239297747612,1731.021484375,183.04644775390625,-8.095756530761719,0.11483880877494812,81.20056915283203,35,2.2680044174194336,1.728149652481079,61.794464111328125,1329.4635181673643,2857.066629616234,45.05199502365935,3.222957063184647,0.2664181888103485,0.26584720611572266,28.756101608276367,0,9.690509796142578,0.0007068270351737738,1199.257568359375,13.608026504516602,45.05199502365935,3.222957063184647
1112.5833740234375,138.028564453125,-7.61583137512207,0.13473059237003326,689.427001953125,105.64529418945312,-7.096220970153809,0.16641469299793243,810.6216430664062,134.76112365722656,-7.272045612335205,0.18054117262363434,71.826416015625,14,1.9425657987594604,1.1083431243896484,82.14360046386719,729.0123753697322,3285.8976491699755,45.08343206542034,3.266713830519605,0.3125063180923462,0.3114640712738037,36.90312194824219,2,7.900301456451416,0.0005762100336141884,-52.94267272949219,11.655394554138184,45.08343206542034,3.2667138305196053
7448.7373046875,82.9306869506836,-9.680206298828125,0.012091006152331829,7396.150390625,113.85057830810547,-9.672513961791992,0.016717037186026573,7328.65185546875,86.2463150024414,-9.66256046295166,0.012780454009771347,1844.25,19,0.9067583084106445,0.7740545868873596,57.53514099121094,542.9858201778354,3264.95529960199,45.08192605688977,3.280266851334681,0.011224664747714996,0.010751720517873764,7.727519512176514,0,1.8784409761428833,0.00013700081035494804,7370.97119140625,5.440549850463867,45.08192605688977,3.280266851334693
9285.5205078125,229.39076232910156,-9.919515609741211,0.026828691363334656,5716.65478515625,111.77404022216797,-9.392854690551758,0.021233852952718735,8406.59375,232.6301727294922,-9.81155014038086,0.030052168294787407,224.9137420654297,113,2.6909291744232178,2.3170907497406006,-44.90831756591797,676.2266475736177,3737.1017708163163,45.11643404919166,3.270569050366507,0.06275082379579544,0.06247823312878609,86.86329650878906,0,6.177911281585693,0.00045059251715429127,7602.14697265625,16.14557456970215,45.11643404919166,3.270569050366507
1783.205078125,147.99522399902344,-8.128003120422363,0.09013142436742783,1384.4505615234375,106.56604766845703,-7.853193759918213,0.08359325677156448,1670.19580078125,152.33297729492188,-8.056918144226074,0.09905043244361877,66.40340423583984,29,1.9530588388442993,1.347877860069275,86.86426544189453,938.3133283497317,3757.4018978418667,45.117882609626854,3.2514705199414147,0.21836501359939575,0.2175891101360321,60.49054718017578,0,9.715141296386719,0.0007086202967911959,-11306.6064453125,11.718353271484375,45.117882609626854,3.2514705199414142
3089.68505859375,205.58229064941406,-8.724785804748535,0.07226055860519409,1716.9219970703125,106.984130859375,-8.08687686920166,0.06767038255929947,2838.724365234375,267.2821350097656,-8.632807731628418,0.10225310921669006,80.18036651611328,46,2.3201091289520264,1.8502578735351562,-8.864145278930664,685.2111357921681,2941.871978725448,45.058278682920125,3.269897839502188,0.21671058237552643,0.21604759991168976,-36.870792388916016,2,9.747480392456055,0.0007109222351573408,3115.7744140625,13.920654296875,45.058278682920125,3.269897839502188
1874.293701171875,169.5769805908203,-8.18209457397461,0.09825599938631058,1353.597412109375,106.4449691772461,-7.828723907470703,0.0854014977812767,2289.4287109375,193.8933563232422,-8.399317741394043,0.09197411686182022,70.53099060058594,31,2.541255235671997,1.7163784503936768,87.30237579345703,196.03922311306644,3761.6365686760555,45.118297261724386,3.3055575481351327,0.22069256007671356,0.21972157061100006,-32.37137985229492,3,10.447951316833496,0.0007619737880304456,1796.2578125,15.24753189086914,45.11829726172438,3.3055575481351442
764.6238403320312,120.984130859375,-7.208619594573975,0.17183451354503632,527.514892578125,105.52229309082031,-6.805586814880371,0.21723976731300354,684.0982666015625,207.53688049316406,-7.087796211242676,0.3294629752635956,44.5338020324707,11,1.7326860427856445,0.7415946125984192,-72.76632690429688,2005.9251767909298,3085.465062145808,45.0686214627224,3.1736578685355186,0.4222886264324188,0.42127853631973267,37.5687141418457,2,6.768688678741455,0.0004937857738696039,774.4483032226562,10.396116256713867,45.0686214627224,3.173657868535518
1352.455810546875,151.00132751464844,-7.827807903289795,0.12125160545110703,830.5073852539062,105.98973846435547,-7.298358917236328,0.1385958343744278,887.1614379882812,142.720947265625,-7.370006561279297,0.17470884323120117,50.646881103515625,22,1.9873552322387695,1.1804548501968384,30.450456619262695,749.707620944409,3220.9484789363705,45.078679565883206,3.265204680823073,0.306475967168808,0.305536687374115,21.498414993286133,0,9.168292999267578,0.0006686915294267237,204.5261688232422,11.924131393432617,45.078679565883206,3.2652046808230732
916.2025146484375,122.82978057861328,-7.4049787521362305,0.14559350907802582,651.4371337890625,105.67985534667969,-7.03468132019043,0.17617711424827576,660.8763427734375,110.5093994140625,-7.050300598144531,0.18159706890583038,62.20635986328125,15,1.675496220588684,0.8653595447540283,46.2569694519043,2037.6735379159884,3802.7394857018694,45.121066410799735,3.171334283803121,0.2810010015964508,0.2796596884727478,47.39986038208008,17,7.1944804191589355,0.0005249075475148857,-1748.4285888671875,10.052977561950684,45.121066410799735,3.171334283803121
562.9156494140625,99.47398376464844,-6.876108169555664,0.1919092983007431,294.91632080078125,105.22590637207031,-6.174246788024902,0.38748395442962646,321.81756591796875,102.90562438964844,-6.26902437210083,0.34726354479789734,52.90752410888672,9,1.6389163732528687,0.7775856256484985,-38.45688247680664,877.2165436471446,3102.3578338210077,45.069990046788064,3.2559122192697414,0.5113033652305603,0.5086116194725037,-28.883934020996094,0,6.74053430557251,0.0004916289472021163,33.02152633666992,9.833498001098633,45.069990046788064,3.2559122192697414
5221.603515625,80.57193756103516,-9.294509887695312,0.01675751991569996,4888.05029296875,111.32591247558594,-9.22283935546875,0.024733776226639748,4953.23046875,93.64759063720703,-9.237221717834473,0.020532313734292984,1110.0457763671875,19,1.8676564693450928,0.45573776960372925,-9.089093208312988,207.6220074269724,2830.8201950349644,45.05022164710345,3.304685657747295,0.034856270998716354,0.03101855143904686,-7.471920490264893,0,5.493693828582764,0.00040065866778604686,4117.63232421875,11.205938339233398,45.05022164710345,3.3046856577472954
21559.435546875,215.92074584960938,-10.83409309387207,0.01087644137442112,16709.7578125,124.49113464355469,-10.557425498962402,0.00809092354029417,20718.373046875,209.9410858154297,-10.790888786315918,0.011004532687366009,957.371337890625,131,2.182774543762207,2.1113288402557373,-65.31389617919922,1608.4929202556302,3191.9858171345513,45.07645404264426,3.202624713948211,0.017451118677854538,0.017364250496029854,-73.04960632324219,0,3.9811244010925293,0.00029040733352303505,20810.884765625,13.096647262573242,45.07645404264426,3.20262471394821
2503.3427734375,74.45877075195312,-8.49630069732666,0.03230169788002968,2290.4951171875,107.78282165527344,-8.399823188781738,0.05110342800617218,2314.413330078125,86.0511245727539,-8.411102294921875,0.040378060191869736,453.7996826171875,16,1.877361536026001,0.4319532513618469,61.7879524230957,296.60520535087824,2893.2720718106048,45.05477708908866,3.2982057331391883,0.050030577927827835,0.04748164117336273,58.384071350097656,3,5.360110282897949,0.000390918692573905,1862.3233642578125,11.264169692993164,45.05477708908866,3.2982057331391883
15224.505859375,188.8194122314453,-10.456357955932617,0.013468935154378414,12127.5712890625,119.15335083007812,-10.209434509277344,0.010669945739209652,14874.6728515625,197.49668884277344,-10.431118965148926,0.014419235289096832,683.406982421875,102,2.187279462814331,1.887155294418335,46.35354232788086,1534.4251736504102,3151.4958615351225,45.07350177044753,3.208022708149214,0.02278067357838154,0.022700853645801544,-85.70600128173828,0,4.02176570892334,0.00029336631996557117,14609.23046875,13.123676300048828,45.07350177044753,3.208022708149214
9419.640625,103.52406311035156,-9.935086250305176,0.011935395188629627,9010.70703125,115.77685546875,-9.886897087097168,0.013953805901110172,9095.34765625,125.65912628173828,-9.897047996520996,0.015003914013504982,1696.4246826171875,31,1.4127628803253174,1.1272969245910645,75.60687255859375,301.69843950101233,2899.0385912536185,45.05519814521457,3.297834886583379,0.013866440393030643,0.012617195025086403,-64.29739379882812,3,3.938814878463745,0.00028726219898089767,8853.8837890625,8.476577758789062,45.055198145214554,3.2978348865834026
906.1312866210938,113.87641906738281,-7.392977714538574,0.13648109138011932,986.7266235351562,106.18745422363281,-7.48549222946167,0.11687084287405014,1053.043701171875,191.327392578125,-7.556116104125977,0.19731521606445312,57.09089279174805,15,2.1765248775482178,0.8110419511795044,-35.84138870239258,852.841172977485,2834.1105123945663,45.05037557209291,3.257683331157306,0.2571388781070709,0.2564590871334076,-18.18356704711914,2,7.945214748382568,0.000579485553316772,718.2838134765625,13.059148788452148,45.05037557209291,3.257683331157306
545.162353515625,92.42558288574219,-6.841314792633057,0.18411795794963837,185.15463256835938,104.96074676513672,-5.66883659362793,0.6156333684921265,73.09237670898438,119.342529296875,-4.659680366516113,1.773180603981018,48.18153381347656,9,1.6406015157699585,1.0039145946502686,34.97957229614258,639.0308431803779,2875.7176938677103,45.053446608272424,3.273260679767941,0.29238972067832947,0.26327410340309143,89.44425964355469,0,7.672362804412842,0.0005595720722340047,-320.63311767578125,9.843608856201172,45.05344660827242,3.2732606797679527
1701.2105712890625,68.50894927978516,-8.076894760131836,0.04373398423194885,1678.6983642578125,106.73133087158203,-8.062431335449219,0.06904768198728561,1702.195556640625,83.79483795166016,-8.077523231506348,0.053461067378520966,296.0323486328125,13,1.212387204170227,0.6058441400527954,-4.859724044799805,1894.1643810416588,2833.1129717341464,45.05017977335327,3.1818054361139207,0.05430315434932709,0.05239865928888321,-6.029829025268555,3,3.2313766479492188,0.00023572046484332532,1280.40478515625,7.274323463439941,45.050179773353264,3.1818054361139323
1872.528076171875,163.87832641601562,-8.181071281433105,0.09504362940788269,1198.5406494140625,106.2903823852539,-7.696631908416748,0.09630992263555527,1401.481201171875,156.35238647460938,-7.86646842956543,0.12115659564733505,86.3187026977539,31,1.8653846979141235,1.5264893770217896,1.9996302127838135,752.323395950685,2864.450189090091,45.05260755847527,3.265006944931854,0.20644511282444,0.20596040785312653,21.91678810119629,1,7.1520233154296875,0.0005216283607296646,1151.1103515625,11.19230842590332,45.05260755847528,3.2650069449318426
1407.214599609375,159.9312286376953,-7.870900630950928,0.12342489510774612,608.9869384765625,105.50153350830078,-6.961520195007324,0.18813978135585785,872.1681518554688,182.4153594970703,-7.351500511169434,0.22713863849639893,46.38773727416992,11,2.0955240726470947,1.0004411935806274,-12.179888725280762,1167.1630882149232,3083.1760872807777,45.06855013739762,3.2347855022726355,0.4207497835159302,0.41982367634773254,84.94618225097656,2,8.663928985595703,0.0006319414242170751,731.0228881835938,12.573144912719727,45.068550137397615,3.2347855022726475
1047.9361572265625,139.59927368164062,-7.55083703994751,0.14466989040374756,738.4888305664062,105.58335876464844,-7.1708598136901855,0.15526778995990753,745.5687255859375,145.6245574951172,-7.181219100952148,0.21211762726306915,41.6859245300293,16,1.781793475151062,1.1015970706939697,-34.908565521240234,132.4190699849317,3790.852522591878,45.12044314672547,3.3101936209222727,0.2910815179347992,0.29106757044792175,7.228687286376953,0,8.381363868713379,0.0006112514529377222,593.12451171875,10.690760612487793,45.12044314672547,3.310193620922273
1294.615234375,148.3613739013672,-7.780351638793945,0.1244543120265007,901.4390258789062,105.99701690673828,-7.387341022491455,0.1276988834142685,1001.82958984375,151.01998901367188,-7.501984596252441,0.16370819509029388,56.86651611328125,21,2.0904479026794434,1.2684839963912964,73.28147888183594,1570.621352755838,3197.4194695760502,45.07685574427841,3.2053848361108415,0.34646865725517273,0.34559985995292664,74.22618865966797,1,9.750720024108887,0.0007112714229151607,-8.629801750183105,12.54268741607666,45.07685574427841,3.205384836110842
682.764892578125,108.68408203125,-7.0856781005859375,0.17287197709083557,430.30670166015625,105.56448364257812,-6.584445476531982,0.26642167568206787,465.914306640625,110.27227020263672,-6.670764923095703,0.25703370571136475,50.25183868408203,11,1.3241013288497925,1.0640068054199219,-75.22342681884766,1652.159999805239,2898.268313044317,45.054970654548235,3.199442156622979,0.35546743869781494,0.35523656010627747,62.65679931640625,0,7.090900897979736,0.0005172420642338693,238.3544921875,7.944607734680176,45.054970654548235,3.199442156622979
1030.4013671875,140.1983184814453,-7.532516002655029,0.1477631777524948,672.4248046875,105.66510772705078,-7.0691094398498535,0.17065449059009552,1049.94189453125,210.90921020507812,-7.552913188934326,0.21815244853496552,43.10112762451172,11,1.5810356140136719,1.0405625104904175,-40.09750747680664,1245.5167552798484,2889.560861537828,45.05438146831283,3.229074153207461,0.5439581274986267,0.5429946184158325,40.59577941894531,2,7.667998790740967,0.0005592987290583551,871.8384399414062,9.486213684082031,45.05438146831283,3.2290741532074607
5595.59423828125,170.54595947265625,-9.36961555480957,0.03309977427124977,4350.54052734375,110.20020294189453,-9.096358299255371,0.027508631348609924,5011.09619140625,178.21629333496094,-9.249832153320312,0.038622867316007614,259.63226318359375,65,1.9592148065567017,1.8260774612426758,76.2923812866211,1049.995674775627,3118.7399209756722,45.071165689738564,3.243323416519612,0.057521212846040726,0.05729222297668457,85.32803344726562,0,4.3350605964660645,0.00031619134824723005,4696.63232421875,11.755289077758789,45.07116568973857,3.2433234165196008
795.0289916992188,123.75,-7.250957489013672,0.1690410077571869,100.02685546875,105.10192108154297,-5.000291347503662,1.1411004066467285,-72.80731201171875,166.70205688476562,99.0,99.0,40.73310089111328,11,2.5370659828186035,0.775684654712677,-66.646728515625,38.173368518892175,3144.7553211753643,45.073206959605955,3.317038516362218,0.37655696272850037,0.1091405600309372,-66.2680435180664,16,8.392417907714844,0.0006120530306361616,382.953369140625,15.222395896911621,45.073206959605955,3.317038516362218
2478.076171875,187.19027709960938,-8.485286712646484,0.08203486353158951,1481.34912109375,106.97482299804688,-7.926643371582031,0.07842489331960678,1756.6759033203125,181.26345825195312,-8.11172866821289,0.11205943673849106,88.86808013916016,41,2.496796131134033,1.530716896057129,22.63631248474121,1885.5791318375955,3119.78509754637,45.07114370254294,3.1824295668811384,0.18298806250095367,0.18248501420021057,32.71380615234375,0,9.047826766967773,0.0006600371561944485,670.5654296875,14.9807767868042,45.07114370254294,3.1824295668811384
1131.1732177734375,145.8262939453125,-7.633822917938232,0.14000274240970612,601.4099731445312,105.49188995361328,-6.9479265213012695,0.1904926747083664,572.748779296875,129.55226135253906,-6.8949103355407715,0.24564653635025024,42.55195236206055,14,1.7018414735794067,1.200877070426941,-66.02497863769531,1587.9473915578433,3008.090376642725,45.06300889147122,3.204121849865657,0.37187355756759644,0.37107521295547485,-51.51264572143555,2,8.553509712219238,0.0006239304202608764,453.5793151855469,10.21104907989502,45.06300889147123,3.2041218498656447
5343.8037109375,168.92596435546875,-9.319625854492188,0.03433015197515488,4199.18896484375,110.05541229248047,-9.057913780212402,0.02846268191933632,4865.5029296875,180.54696655273438,-9.217819213867188,0.040298815816640854,236.0791473388672,63,2.029066324234009,1.8258919715881348,-42.73264694213867,351.7256594941017,2870.2657572985327,45.05308680158752,3.294189899423768,0.06294036656618118,0.06274255365133286,-75.96056365966797,0,4.869765281677246,0.00035515899071469903,4472.064453125,12.174398422241211,45.05308680158752,3.2941898994237686
4921.80126953125,298.9743347167969,-9.230310440063477,0.06596896052360535,1033.305908203125,106.36983489990234,-7.535572052001953,0.11179423332214355,1928.694580078125,320.13433837890625,-8.21315860748291,0.18025968968868256,54.979957580566406,23,2.71036958694458,1.3960466384887695,50.121498107910156,1503.184876210042,3149.9134409690146,45.073389707651806,3.210299429554147,0.3524838984012604,0.35093680024147034,-47.85715103149414,3,11.6568021774292,0.000850296055432409,4797.87841796875,16.262218475341797,45.0733897076518,3.2102994295541465
74730.9453125,284.4170227050781,-12.183751106262207,0.004133185837417841,58397.23046875,163.35255432128906,-11.915980339050293,0.003037830116227269,72537.953125,259.1932678222656,-12.151412963867188,0.003880504984408617,3305.97412109375,232,2.388073682785034,2.314897298812866,-20.28244400024414,1719.9445711002707,3220.306461747056,45.07851234716219,3.1945016927430827,0.006751684937626123,0.006652897223830223,-77.1229476928711,0,4.006572723388672,0.00029227155027911067,74110.1171875,14.328441619873047,45.07851234716218,3.194501692743094
1570.4073486328125,150.2228546142578,-7.990030765533447,0.10388515889644623,1074.3157958984375,106.13334655761719,-7.577829837799072,0.10728763788938522,1217.1378173828125,129.37548828125,-7.713349342346191,0.11543621122837067,72.87186431884766,19,1.5392160415649414,1.2303135395050049,-33.4869384765625,475.24010996350523,3076.8660382438106,45.068179928572675,3.285197674664721,0.23381611704826355,0.23299650847911835,-49.01640319824219,2,6.9953932762146,0.0005101907881908119,1024.7186279296875,9.235296249389648,45.068179928572675,3.285197674664721
971.4998779296875,124.52910614013672,-7.468606948852539,0.13920599222183228,789.7324829101562,105.81407165527344,-7.24370002746582,0.14551012217998505,983.7227783203125,198.02359008789062,-7.482182025909424,0.21861201524734497,51.53339385986328,16,1.7369956970214844,0.8204478025436401,-14.072909355163574,920.8084262673667,3148.875467680542,45.07338618087402,3.252736864848976,0.28922387957572937,0.28827613592147827,-15.017449378967285,1,7.132108688354492,0.0005201933672651649,1118.7781982421875,10.421974182128906,45.07338618087402,3.252736864848976
2380.73291015625,208.71343994140625,-8.441776275634766,0.09520714730024338,1200.8265380859375,106.49893188476562,-7.698700428009033,0.09631519764661789,1640.82275390625,187.70269775390625,-8.037653923034668,0.12423348426818848,50.089962005615234,37,2.2183520793914795,1.8969968557357788,-41.282596588134766,1574.2291981726005,3070.0128291268343,45.06753863761878,3.2051217017756533,0.28106918931007385,0.28079161047935486,-80.18921661376953,0,12.295442581176758,0.0008968866895884275,1302.390625,13.310111999511719,45.067538637618775,3.205121701775665
3644.8671875,84.69026184082031,-8.904204368591309,0.025233738124370575,2363.015869140625,107.79196166992188,-8.433666229248047,0.04953926429152489,3540.39306640625,118.65779113769531,-8.872629165649414,0.03639775514602661,464.65032958984375,15,1.7778525352478027,0.5031198263168335,-84.7901611328125,830.6618775499443,4059.6455867341647,45.139997063812004,3.2593201428804854,0.09239187836647034,0.087523452937603,-89.9906005859375,3,5.633972644805908,0.0004109404981136322,3206.912109375,10.667115211486816,45.139997063812004,3.259320142880486
846.0724487304688,109.5069351196289,-7.318519115447998,0.14056070148944855,675.4168701171875,106.0409927368164,-7.073929786682129,0.17050287127494812,681.9937744140625,121.83507537841797,-7.084451198577881,0.1940089464187622,52.562286376953125,14,1.4786328077316284,1.1678142547607422,-16.481794357299805,1804.4183142179277,3205.053498787117,45.077387646462356,3.188344739119356,0.25925010442733765,0.2589879035949707,36.22615051269531,0,7.857439994812012,0.0005731943529099226,419.2813415527344,8.871796607971191,45.077387646462356,3.1883447391193562
543.40087890625,89.49203491210938,-6.837800979614258,0.17885203659534454,407.772216796875,105.45285034179688,-6.526043891906738,0.2808474600315094,310.63311767578125,135.074462890625,-6.230619430541992,0.4722318947315216,57.1067008972168,9,1.478665828704834,0.696489155292511,29.351486206054688,53.387836318954975,2946.040137910616,45.05867074512734,3.3159237475727767,0.16790635883808136,0.1657101958990097,0.6628672480583191,3,6.05158805847168,0.0004413404385559261,339.20220947265625,8.871994972229004,45.05867074512734,3.3159237475727767
1451.5120849609375,142.4737548828125,-7.9045515060424805,0.10659676790237427,1122.791748046875,106.19464874267578,-7.625748157501221,0.10271485894918442,1344.47607421875,142.3842010498047,-7.821382522583008,0.11501078307628632,80.44795227050781,20,1.3187074661254883,1.256807565689087,80.49800109863281,963.167745457454,3154.662047735148,45.07380383162956,3.2496505520245855,0.24246744811534882,0.24199289083480835,35.61815643310547,2,5.144589900970459,0.0003752326301764697,1201.4124755859375,7.91224479675293,45.07380383162956,3.2496505520245855
12159.4638671875,192.29335021972656,-10.212285995483398,0.01717432402074337,9476.5322265625,116.2781982421875,-9.94162368774414,0.013325351290404797,11759.1181640625,196.48388671875,-10.175936698913574,0.01814604550600052,507.5150146484375,100,2.1619503498077393,1.9563668966293335,30.378129959106445,1462.613782190871,3112.512465298971,45.07065949587564,3.2132559626266453,0.029138365760445595,0.029053237289190292,-67.62362670898438,0,4.109001159667969,0.0002997244009748101,11368.775390625,12.971702575683594,45.07065949587564,3.2132559626266337
783.4671630859375,122.50729370117188,-7.235052108764648,0.16981302201747894,132.3724822998047,105.01829528808594,-5.304494380950928,0.8615829348564148,118.48140716552734,133.25119018554688,-5.1841254234313965,1.2213797569274902,34.869789123535156,10,1.614682912826538,1.258976936340332,-36.662200927734375,242.81810766770286,2894.7118715826273,45.054889870009454,3.3021237959555862,0.6188000440597534,0.6180842518806458,70.13006591796875,0,8.530611038208008,0.000622144085355103,-257.46124267578125,9.68809700012207,45.05488987000946,3.3021237959555862
824.9909057617188,126.05911254882812,-7.291122913360596,0.16594146192073822,280.30450439453125,105.29042053222656,-6.119075298309326,0.4079327881336212,281.27423095703125,128.40054321289062,-6.122824668884277,0.495754599571228,33.70941925048828,11,2.219543218612671,0.8835567831993103,-6.408266067504883,416.42996956154605,3160.8987115672658,45.074333769193416,3.2894842065273435,0.3771044909954071,0.14172345399856567,-7.037026882171631,0,8.37765121459961,0.0006109984242357314,-688.0049438476562,13.317258834838867,45.074333769193416,3.2894842065273435
729723.6875,596.409912109375,-14.657896041870117,0.0008875978528521955,566478.6875,403.86492919921875,-14.382959365844727,0.0007742520538158715,707363.4375,498.3766784667969,-14.624106407165527,0.0007651470950804651,31532.46484375,658,2.6837477684020996,2.6010265350341797,29.801088333129883,1424.5960485317885,3107.0799432679514,45.07026674350487,3.216026468719039,0.0017340328777208924,0.0017074005445465446,-82.4882583618164,0,4.006183624267578,0.0002922223065979779,727291.75,16.10248565673828,45.070266743504874,3.2160264687190274
5045.09912109375,95.71320343017578,-9.257174491882324,0.02060307189822197,3103.3349609375,108.66996002197266,-8.729571342468262,0.03802863135933876,4902.587890625,129.8169708251953,-9.22606372833252,0.02875649183988571,454.07183837890625,22,3.153223752975464,0.6008207201957703,-81.95345306396484,1283.2373322940705,4071.920000315378,45.140834907168795,3.226333228433385,0.07655753940343857,0.0215903427451849,-76.03743743896484,2,8.23320484161377,0.0006005922332406044,3773.259033203125,18.919342041015625,45.140834907168795,3.2263332284333845
1642.280029296875,58.64390182495117,-8.038618087768555,0.038779791444540024,1733.224609375,107.08635711669922,-8.097137451171875,0.06709793210029602,1887.5643310546875,72.94401550292969,-8.189754486083984,0.04196794703602791,476.6177978515625,10,1.649139642715454,0.319444864988327,58.55812072753906,293.8294416937515,2888.084958497537,45.054398088631885,3.29840778220204,0.06939858198165894,0.06694424152374268,64.67719268798828,3,4.300140857696533,0.0003136139130219817,1473.1041259765625,9.894838333129883,45.054398088631885,3.29840778220204
3780.279541015625,248.51087951660156,-8.943809509277344,0.07139229029417038,1454.1004638671875,106.8177719116211,-7.9064860343933105,0.07977723330259323,2311.308837890625,263.3035583496094,-8.409645080566406,0.12371677160263062,62.48562240600586,49,3.349915027618408,1.6417688131332397,-10.643645286560059,1991.192940711741,3076.7336323644745,45.067984504038414,3.174731789465095,0.23949682712554932,0.23901934921741486,-13.108155250549316,2,14.061668395996094,0.001025814563035965,2540.001708984375,20.099491119384766,45.067984504038414,3.174731789465095
7201.6279296875,259.7254333496094,-9.643576622009277,0.0391663983464241,3462.3857421875,109.31304931640625,-8.848438262939453,0.034286756068468094,6518.12744140625,303.1540832519531,-9.535306930541992,0.05050918832421303,147.5113525390625,109,3.447147846221924,2.27558970451355,82.31995391845703,534.0958973655067,3073.1737411299937,45.06790179903062,3.280909881431108,0.11588015407323837,0.11546652764081955,89.1888656616211,3,10.055693626403809,0.0007333907415159047,6697.80712890625,20.68288803100586,45.067901799030615,3.280909881431131
1574.8216552734375,55.418697357177734,-7.993078231811523,0.03821684047579765,1707.853515625,107.01365661621094,-8.08112621307373,0.06804847717285156,1564.7943115234375,64.34341430664062,-7.986143112182617,0.04465567693114281,491.9812927246094,9,1.6630958318710327,0.25830936431884766,61.038692474365234,281.8242319692601,2861.0745926196882,45.05242420457755,3.299281509262225,0.049101367592811584,0.04654291644692421,79.2862777709961,3,3.8714301586151123,0.00028234737692400813,1040.1317138671875,9.978574752807617,45.05242420457755,3.299281509262225
5832.033203125,125.8046875,-9.414549827575684,0.023426460102200508,3204.103515625,108.83460998535156,-8.764266014099121,0.03688844293355942,6408.75537109375,172.4221649169922,-9.516934394836426,0.02921791560947895,608.160400390625,44,5.100597858428955,0.6518480777740479,62.21208572387695,307.0385521459922,2912.772701297298,45.05620191151737,3.2974462801189555,0.1338469535112381,0.1302161067724228,62.768951416015625,3,10.924177169799805,0.0007967127021402121,2073.554931640625,30.603588104248047,45.05620191151737,3.297446280118955
40688.1328125,384.9449157714844,-11.523669242858887,0.010274498723447323,14628.576171875,122.29745483398438,-10.413004875183105,0.009079149924218655,38762.51171875,407.1466064453125,-11.471030235290527,0.011406929232180119,453.68255615234375,380,5.321974277496338,3.4764974117279053,-88.7600326538086,541.5880655651235,3115.542966128607,45.070999394480815,3.2803650879726094,0.03926636651158333,0.03826179727911949,74.33246612548828,0,10.520914077758789,0.000767321849707514,37948.953125,31.931846618652344,45.070999394480815,3.2803650879726094
3111.992431640625,73.59134674072266,-8.732596397399902,0.02568136155605316,2569.91015625,108.17081451416016,-8.524794578552246,0.04571113362908363,5553.37939453125,108.51560974121094,-9.361392974853516,0.021220942959189415,506.9872741699219,16,2.8134968280792236,0.36314186453819275,60.12874984741211,287.6057830453909,2877.087032224809,45.05359456108443,3.298860821009452,0.07112567126750946,0.014368448406457901,61.032169342041016,3,6.027191162109375,0.0004395694413688034,3832.201171875,16.8809814453125,45.05359456108443,3.298860821009452
3573.7236328125,221.319091796875,-8.88280200958252,0.06725548952817917,1858.6365966796875,107.1209945678711,-8.172986030578613,0.06259071826934814,3100.04736328125,211.1767120361328,-8.728421211242676,0.07397884130477905,91.9833984375,59,2.6474449634552,1.9742823839187622,47.83395004272461,757.9335253669622,3126.2395209290676,45.071752335229306,3.2646034722678245,0.20294813811779022,0.20243234932422638,40.26612854003906,0,11.47219181060791,0.0008367248228751123,1898.05908203125,15.88467025756836,45.071752335229306,3.264603472267825
4184.94921875,257.447509765625,-9.05422592163086,0.06680797785520554,1665.3121337890625,106.87840270996094,-8.053739547729492,0.06969860941171646,4497.755859375,369.3722229003906,-9.132490158081055,0.08918630331754684,66.641845703125,55,3.0778539180755615,1.9286855459213257,59.539947509765625,681.650043890113,3795.330456673988,45.12069110382389,3.2701749847964834,0.30919113755226135,0.3087424337863922,32.29663848876953,3,14.610294342041016,0.001065621618181467,4327.27099609375,18.46712303161621,45.12069110382389,3.270174984796483
4905.259765625,259.6149597167969,-9.226655006408691,0.05747745558619499,1953.28955078125,107.36193084716797,-8.226916313171387,0.05969163775444031,6807.55078125,422.906494140625,-9.582477569580078,0.06746573746204376,85.69352722167969,72,4.009537220001221,2.0096347332000732,67.58882141113281,1501.8823334621925,3152.147295727712,45.07355321296686,3.2103943625836657,0.2568976581096649,0.2562699019908905,88.71138763427734,3,17.027217864990234,0.001242036814801395,7046.8310546875,24.05722427368164,45.07355321296686,3.2103943625836773
10538.9150390625,312.70159912109375,-10.056989669799805,0.03222285583615303,3621.68408203125,109.30854034423828,-8.897275924682617,0.03277731314301491,9218.4384765625,314.9476318359375,-9.911643028259277,0.03710315376520157,123.32062530517578,159,4.104058742523193,2.8018250465393066,-17.079986572265625,565.8342452703188,3111.554268380666,45.070704362865754,3.278598591787989,0.12498441338539124,0.1240852028131485,-11.815719604492188,1,13.931119918823242,0.0010160412639379501,8307.296875,24.624351501464844,45.070704362865754,3.2785985917879885
3377.02197265625,204.49168395996094,-8.821334838867188,0.06576148420572281,2071.033447265625,107.59046936035156,-8.290468215942383,0.05641784891486168,3209.07666015625,275.5276794433594,-8.765950202941895,0.09324272722005844,95.97825622558594,55,2.2130343914031982,1.9617847204208374,59.71668243408203,537.6518642987221,3061.414587750396,45.067041314702365,3.280650538560592,0.16245785355567932,0.16241340339183807,-12.24780559539795,3,8.586316108703613,0.0006262249662540853,4313.22265625,13.278205871582031,45.06704131470237,3.2806505385605806
750.5965576171875,114.87201690673828,-7.188516616821289,0.16620248556137085,832.9796142578125,106.0754165649414,-7.301586151123047,0.1382961869239807,945.1646728515625,170.0548553466797,-7.4387688636779785,0.19539406895637512,46.9126091003418,9,1.5230449438095093,0.67397540807724,37.19538879394531,1424.7906781093168,2923.6991295138773,45.056856500376036,3.216011254215632,0.36375877261161804,0.3632444441318512,-28.8310604095459,2,6.041515350341797,0.0004406782682053745,916.6277465820312,9.138269424438477,45.056856500376036,3.216011254215632
603.8438110351562,94.82308197021484,-6.9523115158081055,0.17053726315498352,562.3748168945312,105.52517700195312,-6.875064849853516,0.20377929508686066,611.156982421875,107.43616485595703,-6.965382099151611,0.1909095048904419,45.23689270019531,10,1.2881094217300415,1.087233543395996,-48.652626037597656,119.45950036676156,3020.6085742852524,45.064115335057636,3.3111133892514224,0.33840110898017883,0.3378068804740906,-30.11199951171875,0,7.069578170776367,0.0005155838443897665,509.7076416015625,7.728656768798828,45.064115335057636,3.311113389251423
595.6995239257812,105.6491928100586,-6.937568187713623,0.19260552525520325,620.4942016601562,105.55764770507812,-6.981844425201416,0.18474887311458588,671.549072265625,113.45325469970703,-7.067694187164307,0.1834716796875,46.439666748046875,9,1.2538206577301025,0.7614213228225708,16.898597717285156,231.30435046463487,3022.2923613499033,45.06422264268005,3.3029662653852396,0.35642191767692566,0.3555312156677246,39.9758186340332,1,5.823383808135986,0.00042470297194086015,700.7007446289062,7.522923946380615,45.06422264268005,3.3029662653852507
252581.0625,398.4365539550781,-13.506002426147461,0.0017131216591224074,199281.859375,254.01968383789062,-13.248669624328613,0.0013842975022271276,245231.265625,339.56854248046875,-13.473939895629883,0.0015037701232358813,11134.0771484375,368,2.463270902633667,2.3876113891601562,52.601253509521484,461.6014390529515,3031.2519833952206,45.06484581732581,3.2861900851032386,0.0030606219079345465,0.003035431494936347,-77.14557647705078,0,3.9784388542175293,0.0002901565167121589,252038.125,14.779624938964844,45.06484581732581,3.2861900851032386
28619.755859375,100.37036895751953,-11.141664505004883,0.0038086355198174715,23360.45703125,131.3021697998047,-10.92120361328125,0.0061040823347866535,16025.6572265625,83.24254608154297,-10.512039184570312,0.005641041789203882,10228.0908203125,10,1.6452441215515137,0.06663011759519577,-89.70700073242188,950.0018487609017,3080.964819887177,45.068416074822736,3.2506086860143912,0.003422963200137019,0.0031467939261347055,89.91667938232422,0,1.861983060836792,0.0001358072622679174,958.1778564453125,9.871464729309082,45.068416074822736,3.2506086860143912
905.8978881835938,114.32716369628906,-7.392698287963867,0.1370566189289093,830.4667358398438,105.98968505859375,-7.298305511474609,0.13860253989696503,796.1323852539062,119.23921203613281,-7.252463340759277,0.1626535803079605,71.99696350097656,15,1.6063685417175293,1.027574062347412,53.5493278503418,216.3112445539617,3070.1424449160927,45.067724417785755,3.3040598654090334,0.27809134125709534,0.27713507413864136,30.421106338500977,0,5.408998966217041,0.0003944809432141483,328.94281005859375,9.638211250305176,45.067724417785755,3.304059865409022
1147.2376708984375,130.45840454101562,-7.649133682250977,0.12349475175142288,836.9675903320312,105.83264923095703,-7.306771755218506,0.13732223212718964,823.1178588867188,133.95932006835938,-7.2886552810668945,0.17674238979816437,64.88842010498047,19,1.9541131258010864,1.0810022354125977,-61.45946502685547,782.5422405791547,2886.4258573216866,45.05421078556953,3.2628058541431058,0.26225146651268005,0.2607903480529785,-56.47148513793945,0,7.4163689613342285,0.0005409105215221643,361.06085205078125,11.724678993225098,45.05421078556954,3.2628058541431058
2401.931640625,171.02542114257812,-8.451401710510254,0.07732676714658737,1586.093505859375,106.7788314819336,-8.000822067260742,0.07311158627271652,1815.8525390625,168.80764770507812,-8.147701263427734,0.10095814615488052,111.00109100341797,32,2.16985821723938,1.1968193054199219,-62.92230987548828,1421.9325855418754,2892.6237059790556,45.05458432582358,3.2162193342112366,0.15812349319458008,0.15752118825912476,-54.72053527832031,2,9.648958206176758,0.0007038089679554105,1449.26611328125,13.019149780273438,45.054584325823576,3.216219334211248
603.9310302734375,93.35034942626953,-6.952468395233154,0.1678643375635147,717.2108154296875,105.6391830444336,-7.139117240905762,0.15995875000953674,913.7987670898438,154.52337646484375,-7.402126312255859,0.18364261090755463,59.779693603515625,10,1.5509696006774902,0.8774040341377258,-60.43408203125,1500.8732933358435,2946.632558388152,45.058524680295406,3.210467141348724,0.424984872341156,0.42331284284591675,-64.2381591796875,1,6.967776775360107,0.0005082490388303995,493.4713439941406,9.305817604064941,45.058524680295406,3.2104671413487234
1555.5792236328125,55.4555778503418,-7.979730129241943,0.03871532529592514,1673.3055419921875,106.97029876708984,-8.058938026428223,0.0694252997636795,1673.6240234375,69.46759796142578,-8.059144973754883,0.045076917856931686,424.7490539550781,9,1.091356873512268,0.46134525537490845,62.88513946533203,309.1566301758846,2916.9026183639667,45.05650367719428,3.2972921070670416,0.03921310231089592,0.03789836913347244,54.91307067871094,3,3.105036497116089,0.00022645392164122313,1536.523193359375,6.5481414794921875,45.056503677194286,3.2972921070670305
3201.612060546875,197.6114501953125,-8.763422012329102,0.06703061610460281,1880.734375,107.39347076416016,-8.185818672180176,0.06201264634728432,2736.701416015625,201.3935089111328,-8.59306812286377,0.07991860061883926,91.17478942871094,52,2.7635045051574707,1.7236413955688477,61.87202453613281,1290.6903487396567,3034.5971909073164,45.06498238909673,3.2257838663909184,0.1783052682876587,0.17752203345298767,72.80757141113281,0,10.24791431427002,0.0007474893936887383,2054.610595703125,16.58102798461914,45.06498238909673,3.2257838663909184
594.917724609375,105.5339584350586,-6.936142444610596,0.1926482915878296,453.56732177734375,105.34510040283203,-6.641604423522949,0.2522332966327667,488.70599365234375,118.89253234863281,-6.72261905670166,0.26420238614082336,39.25726318359375,9,1.5114861726760864,1.0763801336288452,-0.8990017771720886,898.6175737506978,4072.345344911507,45.14091635928464,3.2543675914061168,0.5497007966041565,0.5485618710517883,84.08605194091797,0,7.625028133392334,0.0005561764119192958,-134.02828979492188,9.068917274475098,45.14091635928463,3.254367591406128
5030.38525390625,146.39974975585938,-9.254003524780273,0.031605955213308334,2454.23828125,107.8649673461914,-8.474791526794434,0.047730229794979095,4356.18115234375,164.28648376464844,-9.09776496887207,0.0409567728638649,246.44908142089844,48,4.382043361663818,0.7040573954582214,62.13088607788086,323.00802550962595,2942.566455207921,45.058378782269386,3.2962838296101573,0.1575227677822113,0.1531253159046173,61.01089096069336,3,10.52148151397705,0.0007673446671105921,-129.75277709960938,26.292259216308594,45.058378782269386,3.296283829610169
676.1337280273438,113.21541595458984,-7.0750813484191895,0.18184559047222137,410.2864074707031,105.16515350341797,-6.532717704772949,0.27836495637893677,454.2341003417969,122.48036193847656,-6.643199443817139,0.2928306758403778,38.662349700927734,10,1.9730833768844604,0.903352677822113,88.44739532470703,573.5707160176329,2966.633245227039,45.060104596147156,3.2780315519274574,0.6131283640861511,0.612148642539978,-87.26543426513672,0,7.983990669250488,0.0005822969833388925,-733.4131469726562,11.838500022888184,45.06010459614716,3.2780315519274463
2864.6806640625,73.80801391601562,-8.642690658569336,0.027980607002973557,2805.488037109375,108.62410736083984,-8.620020866394043,0.042048219591379166,2853.6513671875,90.58724975585938,-8.63850212097168,0.034474343061447144,469.7659912109375,16,1.5167187452316284,0.5350648760795593,62.545284271240234,316.3218117927523,2930.0392878855528,45.057463487859316,3.296770533644544,0.03771446645259857,0.036075763404369354,64.94963073730469,3,4.621621608734131,0.0003370604244992137,2556.285400390625,9.100312232971191,45.05746348785931,3.296770533644556
3728.326171875,91.2490005493164,-8.928784370422363,0.02657933160662651,2317.8876953125,107.85752868652344,-8.412731170654297,0.05053449049592018,4128.07763671875,141.93487548828125,-9.039369583129883,0.037339724600315094,343.9029541015625,24,4.876434326171875,0.4455971419811249,44.293338775634766,285.1225829017415,2864.2733541111193,45.052657707367,3.2990413392801314,0.1620931774377823,0.15749941766262054,39.9124870300293,3,8.82157039642334,0.0006433663656935096,49.31681823730469,29.25860595703125,45.052657707367,3.299041339280132
577.6854248046875,102.67508697509766,-6.904228687286377,0.1930205225944519,523.554931640625,105.3512191772461,-6.79740571975708,0.21852803230285645,686.486328125,191.06997680664062,-7.091579914093018,0.3022667467594147,41.6500244140625,9,2.3734524250030518,0.5306423902511597,89.59162902832031,1469.6760965504857,4067.740254761093,45.14050631545062,3.212742324039146,0.49218040704727173,0.4914831519126892,-84.1678466796875,2,6.70046329498291,0.0004888055846095085,459.16400146484375,14.240715026855469,45.14050631545062,3.212742324039146
1690.896240234375,156.40858459472656,-8.070292472839355,0.10045544058084488,1159.2061767578125,106.36418914794922,-7.660401821136475,0.09964708238840103,1320.4794921875,153.45700073242188,-7.8018293380737305,0.1262074112892151,63.6340446472168,28,2.0554111003875732,1.3248846530914307,-31.566801071166992,497.07710310240856,2949.075139657597,45.0588308576713,3.2836036427249073,0.24646547436714172,0.24553318321704865,-33.813289642333984,0,9.881953239440918,0.0007207151502370834,301.14312744140625,12.332466125488281,45.0588308576713,3.2836036427249073
5454.59521484375,100.99705505371094,-9.341906547546387,0.020108330994844437,3198.940673828125,108.90863800048828,-8.7625150680542,0.03697311133146286,3561.23388671875,107.0489730834961,-8.87900161743164,0.03264463692903519,947.1516723632812,24,2.032076120376587,0.619051456451416,34.97748947143555,296.8990085410504,2872.56847324005,45.053262786094756,3.2981837438586483,0.04581532999873161,0.04391850158572197,37.02850341796875,3,5.481395721435547,0.000399764277972281,5114.974609375,12.19245719909668,45.05326278609476,3.2981837438586363
6075.6455078125,238.7224578857422,-9.45898151397705,0.04267079010605812,3179.28662109375,108.72351837158203,-8.755824089050293,0.0371384397149086,5009.94189453125,236.28466796875,-9.249581336975098,0.051219187676906586,120.62940979003906,92,3.3408761024475098,1.952101707458496,26.09122657775879,53.04551315728437,3061.5429088561773,45.06711875161451,3.315952450549979,0.11535339057445526,0.114403635263443,22.993791580200195,0,10.119317054748535,0.0007379967137239873,4735.83935546875,20.045257568359375,45.0671187516145,3.3159524505499904
4823.8154296875,232.96817016601562,-9.208477020263672,0.052448820322752,2534.138916015625,108.12639617919922,-8.509575843811035,0.046337347477674484,4195.31689453125,258.824462890625,-9.05691146850586,0.06699931621551514,106.35031127929688,77,2.8393778800964355,2.199866771697998,42.45293426513672,1825.8962399276252,2929.6788774379243,45.05724853835769,3.1867804834994633,0.1563958376646042,0.1562667191028595,-84.0774917602539,1,11.238119125366211,0.0008197893621399999,4245.82763671875,17.036266326904297,45.05724853835769,3.186780483499463
9270.4814453125,220.09231567382812,-9.917756080627441,0.025782939046621323,5715.23388671875,111.96793365478516,-9.392584800720215,0.021275974810123444,8392.8046875,223.5074920654297,-9.809767723083496,0.0289210993796587,251.22767639160156,100,2.6493380069732666,2.1578927040100098,-20.257038116455078,558.2138733028162,3059.842774095808,45.066923550234335,3.2791525251513303,0.06104502081871033,0.060725998133420944,-38.32376480102539,0,6.677468776702881,0.0004870082775596529,8412.7734375,15.896028518676758,45.066923550234335,3.27915252515133
22450.625,204.470458984375,-10.878070831298828,0.009890812449157238,18058.66796875,125.79852294921875,-10.641714096069336,0.007565186824649572,21735.341796875,205.32948303222656,-10.842916488647461,0.010259227827191353,1085.602783203125,123,2.1284308433532715,2.0518293380737305,71.22976684570312,1315.2097838418858,3012.1514807206095,45.06333799107705,3.223996973829087,0.01599973440170288,0.01587650738656521,89.76590728759766,0,3.9656269550323486,0.00028925607330165803,21877.7109375,12.770585060119629,45.063337991077056,3.223996973829075
916.2715454101562,122.85408020019531,-7.405060291290283,0.14561134576797485,709.2445068359375,105.83600616455078,-7.126989841461182,0.1620568037033081,728.1406860351562,128.8669891357422,-7.155538082122803,0.19220125675201416,55.043235778808594,15,2.3678319454193115,0.8117954730987549,52.67089080810547,624.0589685560337,2998.2991032934083,45.062413658862994,3.274354152172407,0.4835761785507202,0.48179855942726135,56.48728561401367,0,8.293556213378906,0.0006048783543519676,-1093.791259765625,14.206991195678711,45.06241365886299,3.274354152172418
894.8963012695312,127.48674774169922,-7.37943172454834,0.15471133589744568,431.88232421875,105.4835433959961,-6.588413715362549,0.2652461528778076,529.6263427734375,116.14635467529297,-6.809924125671387,0.23815836012363434,47.53112030029297,14,2.4772281646728516,0.6514812707901001,-55.183265686035156,70.55664609801012,2997.302386760513,45.0624176851842,3.314674820667783,0.35368040204048157,0.35212111473083496,-56.04949188232422,0,7.5940842628479,0.0005538342520594597,115.01314544677734,14.86336898803711,45.06241768518421,3.3146748206677716
6024.6689453125,176.99998474121094,-9.449832916259766,0.03190581500530243,4564.7822265625,110.7379150390625,-9.148550033569336,0.026345478370785713,5729.11572265625,183.58753967285156,-9.395218849182129,0.03480049595236778,250.7963104248047,70,2.0880935192108154,1.8341017961502075,-16.230606079101562,1449.9701033686083,3039.0874163698013,45.065291645003626,3.2141770208131337,0.058446235954761505,0.05829869583249092,76.41216278076172,0,4.446518898010254,0.0003243411483708769,5051.55224609375,12.528560638427734,45.065291645003626,3.2141770208131453
5887.064453125,183.52316284179688,-9.4247465133667,0.033854931592941284,4305.69921875,110.30436706542969,-9.08510971069336,0.027821389958262444,5277.79443359375,182.65916442871094,-9.306131362915039,0.03758537024259567,251.6082000732422,66,2.064631938934326,1.7938282489776611,-83.41277313232422,1429.1073275341525,2874.8980120292695,45.053287217616266,3.2156964105957906,0.06147197633981705,0.06141725927591324,-24.82561492919922,0,4.344532489776611,0.0003168963885400444,4899.60205078125,12.387791633605957,45.053287217616266,3.21569641059579
2084.926513671875,76.05174255371094,-8.29772663116455,0.039613958448171616,2019.15283203125,107.48499298095703,-8.262923240661621,0.05781073123216629,2199.83251953125,94.37020111083984,-8.355974197387695,0.04658810794353485,286.2895812988281,16,1.885974645614624,0.5256983637809753,58.29649353027344,313.39242665566064,2924.6405075529847,45.05706903266476,3.2969837713877324,0.07900254428386688,0.0760779157280922,60.47945022583008,3,5.9360737800598145,0.00043292492046020925,1542.78466796875,11.315847396850586,45.05706903266475,3.2969837713877443
203023.4375,374.7667541503906,-13.268865585327148,0.00200467836111784,160349.921875,232.5133514404297,-13.01267147064209,0.0015747403958812356,196583.25,316.314208984375,-13.233866691589355,0.0017474389169365168,9123.224609375,332,2.431154251098633,2.3510894775390625,37.568695068359375,704.4580260544825,2964.2752603209783,45.05991457297541,3.268496127693322,0.0034479021560400724,0.0034207613207399845,79.4437484741211,0,3.929030656814575,0.00028656056383624673,202672.703125,14.586925506591797,45.05991457297541,3.268496127693322
25896.521484375,466.5178527832031,-11.033103942871094,0.019563956186175346,6037.87060546875,112.27623748779297,-9.45220947265625,0.020194536074995995,23802.142578125,466.6558532714844,-10.941539764404297,0.02129170671105385,196.52964782714844,377,5.325247287750244,4.720300674438477,-20.0347900390625,1848.8461929988441,2939.24369809133,45.05794551594865,3.1851078102368207,0.10643245279788971,0.10608822107315063,18.0156307220459,0,15.008187294006348,0.0010948114795610309,20918.505859375,31.95148468017578,45.05794551594865,3.1851078102368207
707.2349243164062,113.70934295654297,-7.1239094734191895,0.17460724711418152,533.7625732421875,105.61314392089844,-6.818370342254639,0.21488183736801147,367.36767578125,116.89832305908203,-6.412752151489258,0.3455708920955658,44.52117919921875,11,1.717309832572937,0.909180223941803,8.665501594543457,1083.3256511017596,2983.421123527845,45.06126561641497,3.240893046119703,0.31771132349967957,0.3169580101966858,5.261259078979492,0,7.46840238571167,0.0005447299918159842,82.02696228027344,10.303858757019043,45.06126561641497,3.2408930461196914
662.4674072265625,111.44438934326172,-7.052911281585693,0.18269367516040802,455.4289855957031,105.4720230102539,-6.64605188369751,0.25150489807128906,432.0477600097656,103.04935455322266,-6.588829517364502,0.2590259909629822,42.60391616821289,10,1.71436607837677,0.7292050719261169,-21.23309326171875,1299.92089309958,2971.1640370293253,45.06034248100517,3.2251107046266654,0.46730753779411316,0.4654703736305237,-35.044830322265625,0,6.675323486328125,0.0004869007971137762,30.31363296508789,10.2861967086792,45.06034248100517,3.2251107046266654
2057.4287109375,178.6389617919922,-8.28331184387207,0.09429338574409485,1144.978271484375,106.1814956665039,-7.646993160247803,0.10071204602718353,1405.1495361328125,169.1287841796875,-7.869306564331055,0.13071481883525848,71.6260986328125,31,2.272027015686035,1.48086678981781,-81.82694244384766,1347.0185208002126,2963.6422129873094,45.05978673891028,3.221678726076523,0.21919922530651093,0.218881756067276,-5.7064337730407715,2,10.989564895629883,0.0008015891653485596,760.1339721679688,13.632162094116211,45.05978673891028,3.2216787260765227
603.7896118164062,93.98165130615234,-6.952214241027832,0.16903913021087646,418.9072265625,105.38400268554688,-6.555294513702393,0.2732037603855133,399.55767822265625,107.17138671875,-6.50394868850708,0.2912924289703369,52.508846282958984,10,1.5829675197601318,0.5711600184440613,-72.5809555053711,911.5359116487006,2997.496176685475,45.0623169054519,3.2534099339837534,0.2774074971675873,0.27574822306632996,-79.314208984375,0,5.664770603179932,0.00041316685383208096,183.6775360107422,9.497804641723633,45.06231690545191,3.253409933983742
1302.76220703125,123.7056884765625,-7.787162780761719,0.10312271863222122,1221.375,106.48374938964844,-7.717122554779053,0.0946812778711319,1186.4002685546875,119.67787170410156,-7.685577869415283,0.10955001413822174,74.3249740600586,21,1.6274001598358154,1.037294864654541,66.76052856445312,351.0926852946683,2964.258709439009,45.059961420913,3.294238594056048,0.17993268370628357,0.1795448213815689,59.976104736328125,2,6.623562812805176,0.0004830658726859838,1028.2025146484375,9.764400482177734,45.059961420913,3.2942385940560475
16939.435546875,290.30596923828125,-10.572247505187988,0.018611734732985497,8778.4111328125,115.5450210571289,-9.858539581298828,0.014294372871518135,15463.1025390625,287.2080078125,-10.473241806030273,0.020171107724308968,369.3324890136719,177,3.3599321842193604,2.755993366241455,-18.710670471191406,751.3224094582669,2992.35715356735,45.06196208291919,3.265082451773517,0.04715718701481819,0.04675567150115967,-4.639337062835693,0,6.360279083251953,0.00046388470218516886,16188.8310546875,20.15959358215332,45.061962082919194,3.2650824517735053
1330.2896728515625,142.9762725830078,-7.809865474700928,0.11672061681747437,995.5606079101562,106.0749282836914,-7.495169162750244,0.11571106314659119,1107.8721923828125,150.38848876953125,-7.611224174499512,0.14741943776607513,58.23918151855469,22,1.9028210639953613,1.4075716733932495,-28.998058319091797,1775.0505070721729,2958.3859344985763,45.05935327955949,3.190486080737449,0.29580146074295044,0.2951689660549164,-81.08654022216797,0,9.79986572265625,0.0007148676086217165,324.3147888183594,11.416926383972168,45.05935327955949,3.190486080737449
