FLUX_ISOCOR,FLUXERR_ISOCOR,MAG_ISOCOR,MAGERR_ISOCOR,FLUX_APER,FLUXERR_APER,MAG_APER,MAGERR_APER,FLUX_AUTO,FLUXERR_AUTO,MAG_AUTO,MAGERR_AUTO,FLUX_MAX,ISOAREA_IMAGE,A_IMAGE,B_IMAGE,THETA_IMAGE,XWIN_IMAGE,YWIN_IMAGE,ra_deg,dec_deg,ERRAWIN_IMAGE,ERRBWIN_IMAGE,ERRTHETAWIN_IMAGE,FLAGS,FWHM_IMAGE,FWHM_WORLD,FLUX_GROWTH,FLUX_GROWTHSTEP,ra_deg_sextractor,dec_deg_sextractor
41455584.0,3423.21533203125,-19.043956756591797,8.96769852261059e-05,2645209.25,855.185791015625,-16.056150436401367,0.00035109955933876336,41057288.0,3383.92333984375,-19.033475875854492,8.950763731263578e-05,54158.76953125,7785,30.38569450378418,3.2511954307556152,89.91101837158203,1302.1366416995195,454.16488093704385,44.84028993935955,3.2757589797061732,0.002100186888128519,0.0007541972445324063,-89.92491149902344,4,59.66747283935547,0.0043657138012349606,41407936.0,182.3141632080078,44.84028993935956,3.2757589797061804
29617.681640625,217.60108947753906,-11.178877830505371,0.007978841662406921,10240.10546875,66.88154602050781,-10.025760650634766,0.007093028165400028,29543.044921875,229.99143981933594,-11.176137924194336,0.008454467169940472,376.8341979980469,704,6.213271617889404,5.144238471984863,-55.154659271240234,1497.3483025867256,68.11225697918223,44.81200695533782,3.2614968704723055,0.031617287546396255,0.03085828386247158,-48.30515670776367,3,6.504671096801758,0.00047602044651284814,33142.05078125,37.27962875366211,44.812006955337814,3.261496870472299
16207.5703125,164.3358612060547,-10.52429485321045,0.011011443100869656,6941.66796875,59.63804244995117,-9.603659629821777,0.009330165572464466,16109.1171875,173.28366088867188,-10.517679214477539,0.011681959964334965,285.3831481933594,372,4.73490571975708,3.6776299476623535,75.52824401855469,1501.2229550862264,47.0732175564978,44.810465248406985,3.261214588333712,0.03693845123052597,0.03572150692343712,77.18492126464844,3,6.252496719360352,0.00045756984036415815,17773.806640625,28.409435272216797,44.81046524840698,3.261214588333705
4902.80419921875,49.046546936035156,-9.22611141204834,0.01086409855633974,4273.81591796875,53.13542556762695,-9.07703971862793,0.013502001762390137,5382.99853515625,57.04231262207031,-9.327560424804688,0.011508075520396233,856.4793701171875,28,2.8957486152648926,0.49752286076545715,-59.92192459106445,101.88087868072739,34.072621890863374,44.809469802434336,3.3636236226833036,0.022455936297774315,0.01776309870183468,-71.08646392822266,3,7.171384811401367,0.0005246647051535547,5175.85400390625,17.374492645263672,44.809469802434336,3.363623622683304
1752.436767578125,93.9053726196289,-8.109106063842773,0.058193959295749664,824.8096923828125,43.265968322753906,-7.290884494781494,0.05696688964962959,1387.4453125,94.33782958984375,-7.855539798736572,0.0738413855433464,40.96753692626953,68,3.4182281494140625,1.9722621440887451,-62.716529846191406,1439.4583951679285,34.34808773128389,44.80953131404907,3.265736498510814,0.18606005609035492,0.18472516536712646,-55.47020721435547,2,15.572120666503906,0.001139586209319532,634.918701171875,20.509368896484375,44.80953131404907,3.265736498510814
7432.0791015625,103.15200805664062,-9.677775382995605,0.015072912909090519,4348.5390625,53.41496276855469,-9.095858573913574,0.01333980169147253,7095.32373046875,109.15814208984375,-9.62743091583252,0.016707587987184525,156.95382690429688,167,2.9871668815612793,2.667754888534546,-40.513755798339844,961.738869731478,22.771508391713677,44.80867061116256,3.3007025089181496,0.041769564151763916,0.04110723361372948,-45.20439529418945,0,6.58922815322876,0.0004821575421374291,6543.849609375,17.92300033569336,44.80867061116256,3.3007025089181496
3784.041259765625,92.85513305664062,-8.944890022277832,0.026648936793208122,2294.687744140625,47.777191162109375,-8.401808738708496,0.02261136844754219,3537.3916015625,104.25213623046875,-8.871707916259766,0.03200601786375046,89.0875473022461,117,3.1309750080108643,2.2099626064300537,-65.57621765136719,214.22959576581266,23.05160984848992,44.808666462224615,3.3554039406004605,0.06791526824235916,0.06650877743959427,-89.64688873291016,0,6.470038890838623,0.0004733651003334671,3743.87060546875,18.785850524902344,44.808666462224615,3.3554039406004605
468.17083740234375,53.607757568359375,-6.676011085510254,0.1243520975112915,371.728759765625,41.78096008300781,-6.425565242767334,0.12206245213747025,388.48162841796875,51.27840805053711,-6.473426342010498,0.14334873855113983,19.093994140625,20,1.7999886274337769,1.1436784267425537,63.57881164550781,463.0059028993294,10.559990494394071,44.80775999561404,3.3372010939886225,0.2836097180843353,0.2811049520969391,63.6237907409668,16,8.584857940673828,0.0006281232344917953,154.56039428710938,10.799931526184082,44.807759995614035,3.337201093988614
283.5680236816406,46.42401123046875,-6.131643295288086,0.1777932345867157,145.4452362060547,41.090972900390625,-5.4067487716674805,0.30681511759757996,224.74075317382812,68.17634582519531,-5.879204750061035,0.3294440805912018,14.829238891601562,10,1.442126750946045,0.9040212631225586,-18.318038940429688,852.7234959504868,15.878044759770065,44.8081622487927,3.3086812839589177,0.8343966007232666,0.8339112401008606,13.70301342010498,0,6.818460464477539,0.0004989209701307118,120.30378723144531,8.65276050567627,44.8081622487927,3.308681283958918
6332.42138671875,47.44035339355469,-9.503924369812012,0.008135943673551083,6248.06640625,58.07946014404297,-9.489363670349121,0.010095009580254555,6318.884765625,52.20939636230469,-9.501601219177246,0.008973008021712303,1562.1103515625,14,1.5280624628067017,0.4953796863555908,-58.11884689331055,108.69422519286142,23.482051814954755,44.8086940004173,3.3631259712132326,0.01036571804434061,0.009080657735466957,74.88145446777344,3,5.175518989562988,0.00037864712066948414,6162.7265625,9.168375015258789,44.8086940004173,3.3631259712132326
234.2630157470703,41.819332122802734,-5.924259185791016,0.19386668503284454,96.72283172607422,40.927101135253906,-4.963822364807129,0.4595278203487396,75.43861389160156,43.45083236694336,-4.693984031677246,0.6255099773406982,15.60958480834961,9,1.5388280153274536,0.9294805526733398,33.613304138183594,1938.3374178065797,27.411486693486893,44.80903293188081,3.229216280149638,0.4591507613658905,0.4563030004501343,-41.16838836669922,0,7.145226955413818,0.000522961956448853,-129.8109893798828,9.2329683303833,44.80903293188081,3.229216280149638
3175.932373046875,42.4597282409668,-8.754677772521973,0.01451896969228983,3024.810302734375,49.76150131225586,-8.70174503326416,0.01786591112613678,3158.167236328125,48.76509094238281,-8.748587608337402,0.016768867149949074,307.0755920410156,24,2.1344449520111084,0.536201000213623,-71.38805389404297,100.36914011555285,39.49904139409001,44.809867384041965,3.363733784924782,0.032293617725372314,0.025558659806847572,-71.83434295654297,3,6.383785247802734,0.0004670419730246067,2898.1787109375,12.806669235229492,44.809867384041965,3.3637337849247815
28343.48828125,228.22280883789062,-11.131133079528809,0.008744511753320694,7244.314453125,60.35564041137695,-9.649992942810059,0.009047954343259335,26857.146484375,236.82485961914062,-11.072649955749512,0.009576288983225822,242.94485473632812,753,6.639729976654053,5.833889484405518,80.52271270751953,1459.6006382546364,116.52987566647404,44.815554197127774,3.2642568192796753,0.04539757966995239,0.044283512979745865,61.6822395324707,0,8.964960098266602,0.000656049931421876,26975.689453125,39.83837890625,44.81555419712779,3.2642568192796824
3760.7197265625,113.63568115234375,-8.938177108764648,0.03281508758664131,1614.873291015625,45.758262634277344,-8.020345687866211,0.030772369354963303,3392.6328125,114.6923828125,-8.826342582702637,0.036713648587465286,54.60746765136719,136,3.488659620285034,2.8060905933380127,-13.808708190917969,272.0915052171686,62.10129764519887,44.811530132555816,3.351166936809922,0.1171477884054184,0.11578428000211716,-30.34651756286621,2,11.33517837524414,0.0008293084683828056,3049.507080078125,20.931957244873047,44.8115301325558,3.3511669368099133
6771.748046875,137.91610717773438,-9.576751708984375,0.02211790718138218,2544.23486328125,48.424659729003906,-8.513893127441406,0.02066994085907936,6019.64111328125,135.16099548339844,-9.44892692565918,0.02438431791961193,91.62281799316406,215,4.7310791015625,2.7793521881103516,-77.43946075439453,1772.8722809615015,88.61687857780117,44.81351526674236,3.2413263738097955,0.08503670990467072,0.08248213678598404,-79.63578796386719,0,11.264119148254395,0.0008243725169450045,4317.46337890625,28.386474609375,44.81351526674237,3.241326373809802
221.66798400878906,30.667142868041992,-5.864257335662842,0.1502450555562973,319.9560852050781,41.68834686279297,-6.262725830078125,0.14149923622608185,273.643310546875,34.48526382446289,-6.092962265014648,0.13686063885688782,23.817298889160156,9,1.586069107055664,0.420852392911911,27.405750274658203,1440.4443992395506,30.48489339375702,44.8092482286727,3.2656645725989306,0.29086220264434814,0.2833460867404938,29.404260635375977,3,4.854019641876221,0.0003552235721144825,498.068115234375,9.516414642333984,44.8092482286727,3.2656645725989306
264.8352355957031,44.62256622314453,-6.05743932723999,0.18298210203647614,190.41925048828125,41.305152893066406,-5.699276924133301,0.2355717569589615,160.81283569335938,46.97170639038086,-5.515801906585693,0.3172089755535126,17.76398468017578,10,1.8843014240264893,0.924135148525238,-44.27511215209961,1132.4814135598508,39.12018573221964,44.809873406437205,3.288205057655093,0.40810084342956543,0.4062713384628296,-10.150805473327637,0,7.890810012817383,0.0005774173769168556,-89.92301177978516,11.305809020996094,44.809873406437205,3.2882050576550927
4091.91796875,58.4536247253418,-9.029817581176758,0.015513663180172443,2065.629150390625,47.01383590698242,-8.287631034851074,0.02471742033958435,7449.7412109375,104.40077209472656,-9.680353164672852,0.015219218097627163,213.35755920410156,42,5.675483226776123,0.5394449234008789,63.61471939086914,1562.950550773995,252.49772813311765,44.82551987592847,3.2566829169545954,0.07886562496423721,0.009344330988824368,63.342037200927734,3,10.480981826782227,0.0007669719052501023,4874.79345703125,34.05289840698242,44.825519875928485,3.256682916954602
3140.325927734375,119.75797271728516,-8.742436408996582,0.041415177285671234,1170.6451416015625,44.38429260253906,-7.67106294631958,0.04117502644658089,2415.89404296875,152.54165649414062,-8.457695007324219,0.06857098639011383,43.071266174316406,130,3.944188356399536,2.552565336227417,38.212120056152344,1481.3729062622265,74.99914044241663,44.812511280925214,3.262665812834856,0.1320418268442154,0.13006708025932312,38.98553466796875,3,13.19736385345459,0.0009657943155616522,3831.8203125,23.665130615234375,44.812511280925214,3.262665812834856
305.8797607421875,47.23575210571289,-6.213876724243164,0.16770650446414948,19.08632469177246,40.66461944580078,-3.201805830001831,2.313791513442993,28.051830291748047,38.91751480102539,-3.619903087615967,1.5066546201705933,12.775681495666504,9,1.9795790910720825,0.6309422254562378,69.32550048828125,1563.9209263370847,59.926556960106815,44.81140854823468,3.2566242543120616,0.3924686908721924,0.12562105059623718,68.80998992919922,0,6.672286510467529,0.0004882950452156365,-576.4535522460938,11.877474784851074,44.81140854823468,3.2566242543120616
210.27732849121094,34.81183624267578,-5.806981086730957,0.1797894984483719,222.3379364013672,41.332420349121094,-5.8675336837768555,0.20188643038272858,200.3565216064453,52.358055114746094,-5.7545084953308105,0.28379833698272705,18.868541717529297,9,1.0588932037353516,0.972753643989563,32.42564392089844,122.70319472086511,56.03754206770069,44.81108015811508,3.362098245515924,0.32411158084869385,0.3212117552757263,29.738143920898438,0,6.05208683013916,0.00044277377310208976,235.47662353515625,6.353359222412109,44.81108015811508,3.362098245515924
235.75282287597656,42.0123291015625,-5.931142330169678,0.1935306191444397,136.7793731689453,41.04591751098633,-5.340051651000977,0.32589611411094666,156.86886596679688,41.79296112060547,-5.488842010498047,0.2893318235874176,16.564220428466797,9,1.3522015810012817,1.006160020828247,-81.84046173095703,564.4080558216009,61.40023033877863,44.81148903640594,3.3297769326178646,0.4921114146709442,0.4892180860042572,47.76790237426758,0,6.967010974884033,0.0005097519606351852,35.35871124267578,8.11320972442627,44.81148903640594,3.3297769326178646
684.8943481445312,66.74188232421875,-7.089058876037598,0.10582900047302246,399.9744567871094,41.85845184326172,-6.505080699920654,0.11365295946598053,465.8756103515625,75.26283264160156,-6.670674800872803,0.17544476687908173,24.693761825561523,21,2.1545255184173584,2.0261178016662598,-30.970800399780273,896.0689715748574,72.92182007753973,44.812343793117876,3.305504989685684,0.3319462239742279,0.33023568987846375,18.142475128173828,2,12.52361011505127,0.0009163674549199641,327.5980529785156,12.927152633666992,44.812343793117876,3.305504989685684
2283.609375,105.85428619384766,-8.396554946899414,0.050340376794338226,1081.821533203125,44.04794692993164,-7.585389137268066,0.04421808198094368,1772.0335693359375,154.62948608398438,-8.121179580688477,0.09476548433303833,51.588233947753906,96,3.158637762069702,2.284903049468994,-47.8382682800293,1488.8913928626039,99.88993861970968,44.814335479752245,3.262113868641165,0.12237899750471115,0.12143751233816147,-53.30827713012695,3,9.26472282409668,0.0006779953837394714,3168.3369140625,18.951826095581055,44.81433547975225,3.2621138686411717
320.3768310546875,49.318931579589844,-6.264152526855469,0.16717925667762756,223.72621154785156,41.33705520629883,-5.874292373657227,0.20065614581108093,298.8587646484375,88.94622039794922,-6.18866491317749,0.3232148587703705,14.984612464904785,11,1.7873399257659912,0.8252710700035095,59.97163009643555,1243.8662028424321,88.38476791139496,44.813486498243584,3.2800493356361518,0.4960300624370575,0.4924548268318176,66.83187866210938,0,7.257163047790527,0.0005310532287694514,157.43115234375,10.724039077758789,44.81348649824359,3.280049335636159
281.02587890625,45.561954498291016,-6.121865749359131,0.1760701984167099,62.151336669921875,40.74616241455078,-4.483626365661621,0.7119771838188171,48.864501953125,42.987056732177734,-4.2224836349487305,0.9553754329681396,19.706262588500977,11,1.7163479328155518,0.8286466002464294,-48.62843322753906,51.90126300103242,87.03771252789043,44.813348996090184,3.3672761190466276,0.35100874304771423,0.3499378561973572,-51.02804183959961,0,7.124856948852539,0.0005212458199821413,-37.08612060546875,10.298088073730469,44.81334899609017,3.3672761190466187
283.5141906738281,42.976707458496094,-6.131436824798584,0.16462211310863495,170.4080352783203,41.19058609008789,-5.578725337982178,0.26250508427619934,171.29725646972656,62.550872802734375,-5.584375858306885,0.3965635597705841,22.244535446166992,12,1.4870929718017578,0.9089304208755493,-11.57911491394043,159.84005771805954,83.38257463452928,44.81308535917944,3.3593786952500353,0.30002665519714355,0.2987864017486572,-11.407174110412598,0,6.944037437438965,0.0005080275586806238,197.59323120117188,8.922557830810547,44.81308535917944,3.359378695250035
1514.9354248046875,64.7872085571289,-7.950985431671143,0.046443503350019455,1168.033447265625,44.44993209838867,-7.668638229370117,0.04132812097668648,1382.3646240234375,67.14723205566406,-7.851556301116943,0.0527515634894371,63.82572555541992,52,2.0461337566375732,1.5987874269485474,50.35923767089844,1044.3624581746292,101.15881683232084,44.814417264614434,3.2946500486344577,0.09511478990316391,0.09418981522321701,45.258384704589844,2,6.100591659545898,0.00044639757834374905,1042.0594482421875,12.276802062988281,44.814417264614434,3.294650048634457
643.3349609375,55.94012451171875,-7.021092891693115,0.0944313257932663,505.23187255859375,42.25040817260742,-6.758727073669434,0.09081759303808212,505.85870361328125,51.593162536621094,-6.760073184967041,0.11076249927282333,31.494277954101562,27,1.540113925933838,1.2935044765472412,-66.10726165771484,75.2871370023073,94.93071783691995,44.813928287606466,3.365564358037927,0.16290971636772156,0.1614239662885666,-60.85504150390625,0,5.394626140594482,0.0003946645010728389,392.493408203125,9.240683555603027,44.81392828760646,3.3655643580379175
1214.971435546875,83.61921691894531,-7.7114152908325195,0.0747428834438324,628.0938720703125,42.6956672668457,-6.99506139755249,0.07382255792617798,1036.4017333984375,99.74614715576172,-7.538820266723633,0.10451962053775787,33.978660583496094,46,2.605363368988037,1.7403193712234497,-33.04616165161133,517.5703624580658,105.79227035070532,44.814740446189404,3.3332009091293333,0.24127401411533356,0.2400248646736145,-31.197288513183594,2,10.315513610839844,0.0007547307759523392,1041.500732421875,15.632180213928223,44.81474044618938,3.333200909129317
479.16448974609375,57.10945510864258,-6.701211452484131,0.1294354498386383,-285.03424072265625,37.074188232421875,99.0,99.0,152.71725463867188,42.16946029663086,-5.459720134735107,0.2998746633529663,18.474884033203125,17,3.0276968479156494,0.45599228143692017,-89.78861999511719,2044.2951852304402,117.72999704499595,44.81565340812828,3.2214534620849484,0.34110841155052185,0.052192628383636475,-89.48612976074219,16,7.0187458992004395,0.0005137022235430777,-4057.516845703125,18.166181564331055,44.81565340812827,3.221453462084942
287.33294677734375,46.35251998901367,-6.145963668823242,0.1751933991909027,169.84523010253906,41.061256408691406,-5.575133323669434,0.2625479996204376,163.92266845703125,51.313194274902344,-5.536597728729248,0.33995378017425537,21.944252014160156,11,2.198768377304077,0.9290428757667542,-51.952735900878906,1877.0499004177955,106.4060023454857,44.81482078822803,3.233698607629326,0.758726954460144,0.7553046941757202,-48.9288444519043,0,8.55150318145752,0.0006258601788431406,-174.72789001464844,13.192609786987305,44.81482078822803,3.2336986076293264
6076.6142578125,55.45402526855469,-9.45915412902832,0.009910629130899906,3297.297119140625,50.52409744262695,-8.795394897460938,0.01664065010845661,6337.5234375,85.53935241699219,-9.504798889160156,0.014658050611615181,583.6039428710938,29,3.1331565380096436,0.5150064826011658,78.31231689453125,1377.0024076852526,152.86981405115486,44.81821522750069,3.2703003036201594,0.05606206879019737,0.04802704229950905,77.38230895996094,3,7.593439102172852,0.0005556647083722055,5570.58935546875,18.798938751220703,44.81821522750069,3.270300303620159
390.5817565917969,52.4879264831543,-6.4792799949646,0.14594098925590515,160.28733825683594,41.06106185913086,-5.5122480392456055,0.2782023549079895,181.2949981689453,48.40475845336914,-5.645964622497559,0.2899559736251831,19.39178466796875,11,2.205432415008545,0.825954794883728,-4.259562015533447,1013.3291614389333,105.51267785290158,44.814735442744556,3.2969209629958582,0.6368232369422913,0.6337297558784485,2.8311500549316406,16,8.071982383728027,0.0005906448932364583,-376.1585998535156,13.23259449005127,44.814735442744556,3.2969209629958582
228.20310974121094,40.948028564453125,-5.895803928375244,0.1948683261871338,-358.1669616699219,37.7917594909668,99.0,99.0,169.35702514648438,23.19649314880371,-5.57200813293457,0.1487472504377365,15.72418212890625,9,2.2621026039123535,0.27415284514427185,-88.1822509765625,2044.0,127.99235011843219,44.81640543190916,3.2214744829290534,0.38659510016441345,0.05280907824635506,-87.6318359375,19,4.674981117248535,0.000342160725267604,-2842.596923828125,13.572615623474121,44.816405431909146,3.221474482929047
7508.3076171875,146.11981201171875,-9.688855171203613,0.021134737879037857,2664.44580078125,48.76585388183594,-8.564017295837402,0.019876446574926376,6851.716796875,148.33425903320312,-9.589498519897461,0.023511042818427086,86.90721893310547,250,4.242368698120117,3.7462289333343506,-12.904547691345215,897.6903110597401,181.4578638876966,44.82029717853631,3.305378422180912,0.08236905932426453,0.08201129734516144,-60.06214904785156,2,10.009193420410156,0.0007323557510972023,6265.4267578125,25.454212188720703,44.82029717853631,3.3053784221809117
4095.735107421875,99.5489730834961,-9.030829429626465,0.02639579586684704,2338.05517578125,47.792686462402344,-8.422137260437012,0.022199159488081932,3825.660888671875,105.72289276123047,-8.956766128540039,0.030011823400855064,87.48054504394531,131,2.9521803855895996,2.716503620147705,-18.170011520385742,257.0181019808516,164.0050129603031,44.81899670480424,3.3522615294354776,0.06947052478790283,0.06935696303844452,22.085575103759766,3,6.9506425857543945,0.0005085046286694705,3789.19873046875,17.71308135986328,44.81899670480424,3.352261529435477
1751.362548828125,30.687828063964844,-8.108440399169922,0.019029174000024796,2594.900390625,48.568756103515625,-8.53530216217041,0.020326662808656693,5407.93017578125,62.83793258666992,-9.3325777053833,0.01261887513101101,318.9321594238281,12,1.589573621749878,0.3837721049785614,85.654052734375,1375.1141554117808,144.6636560805347,44.817613846273595,3.270439060739097,0.031473930925130844,0.008187330327928066,86.78813171386719,3,4.635779857635498,0.0003392332000657916,5125.6689453125,9.53744125366211,44.817613846273595,3.2704390607390965
160416.875,242.9547119140625,-13.0131254196167,0.0016447696834802628,128361.046875,192.49649047851562,-12.771082878112793,0.0016286185709759593,156622.84375,224.5260772705078,-12.987137794494629,0.0015568311791867018,6955.62158203125,400,2.418614625930786,2.3280014991760254,24.288278579711914,676.1572737618042,189.15144942062483,44.82085400693776,3.3215896166695242,0.0037148729898035526,0.0036447092425078154,46.05052185058594,0,4.194655418395996,0.00030690073617734015,160219.984375,14.511688232421875,44.82085400693776,3.3215896166695242
1991.7650146484375,96.75625610351562,-8.248095512390137,0.052755869925022125,950.2645874023438,43.69407272338867,-7.444611549377441,0.049935318529605865,1642.77734375,98.44145965576172,-8.038947105407715,0.06507724523544312,44.2449951171875,83,2.998405694961548,2.451054334640503,-9.641242027282715,271.50450759718706,162.40735295987545,44.81888017966427,3.351201690869569,0.16480602324008942,0.1638350635766983,-1.696467638015747,3,11.154168128967285,0.0008160345023497939,1310.8450927734375,17.990434646606445,44.818880179664276,3.3512016908695776
584.3964233398438,57.565773010253906,-6.916769027709961,0.10697606205940247,421.4250183105469,42.038307189941406,-6.561800956726074,0.10833149403333664,474.19488525390625,61.64109420776367,-6.689892292022705,0.14117029309272766,25.530719757080078,25,2.6541848182678223,1.1198911666870117,-29.63016128540039,143.10530160063047,152.48913638731094,44.81814853899491,3.3605973791612773,0.2163236439228058,0.2146943211555481,-31.885459899902344,3,10.326446533203125,0.0007554635521955788,120.37389373779297,15.925108909606934,44.81814853899491,3.360597379161277
397.2417297363281,48.616939544677734,-6.4976372718811035,0.13291150331497192,377.06494140625,41.97063064575195,-6.441040515899658,0.12088131159543991,394.8828125,59.843143463134766,-6.491170406341553,0.1645796000957489,24.538732528686523,17,1.976540446281433,1.3908894062042236,-27.83412742614746,143.59206667503088,149.55858721335008,44.817933824111606,3.360562010448467,0.259886771440506,0.25902485847473145,-77.43424224853516,3,9.111695289611816,0.0006665954715572298,307.2955322265625,11.85924243927002,44.817933824111606,3.360562010448467
305.8638000488281,44.189552307128906,-6.213819980621338,0.15689942240715027,179.04739379882812,41.187705993652344,-5.632420063018799,0.249821275472641,195.45947265625,59.38172912597656,-5.727641582489014,0.32993313670158386,21.28944969177246,13,2.6680712699890137,1.0255873203277588,-52.504119873046875,143.94153793395876,155.62028463359576,44.818378003603634,3.360535929232012,0.33324986696243286,0.33116161823272705,68.93346405029297,3,9.905919075012207,0.0007246977766044438,-249.81178283691406,16.008426666259766,44.81837800360363,3.360535929232003
384.9880065917969,53.40604019165039,-6.46361780166626,0.15065133571624756,-393.7003479003906,37.58315658569336,99.0,99.0,225.43202209472656,32.324989318847656,-5.882538795471191,0.1557229459285736,15.975242614746094,12,2.947739601135254,0.29065996408462524,89.41072845458984,2044.1004478762957,177.41817086426605,44.82002731297843,3.221464262197575,0.43715742230415344,0.03972418233752251,89.4858627319336,18,5.512125015258789,0.0004034238518215716,-4010.87060546875,17.686437606811523,44.820027312978446,3.22146426219758
268.8551025390625,43.58743667602539,-6.073795795440674,0.17606493830680847,222.60035705566406,41.30158615112305,-5.868814468383789,0.20149797201156616,226.21719360351562,51.797542572021484,-5.8863139152526855,0.2486642599105835,18.279733657836914,11,1.9800167083740234,1.0152331590652466,-13.938961029052734,1931.9603479282612,153.79237790111327,44.81829421550852,3.229675758328568,0.5009790658950806,0.4985981285572052,-16.885900497436523,1,8.482584953308105,0.000620814214926213,91.58358001708984,11.88010025024414,44.81829421550853,3.229675758328574
519.5968627929688,61.08237838745117,-6.789166450500488,0.12766717374324799,236.88633728027344,41.33341979980469,-5.936349868774414,0.1894921064376831,352.1834411621094,70.55484008789062,-6.366922378540039,0.21756432950496674,20.743785858154297,11,1.172312617301941,0.9778445363044739,51.7259635925293,524.1900160731806,167.4247021798902,44.81925688598225,3.332711680794501,0.40720734000205994,0.4023369550704956,59.68446350097656,3,4.497531414031982,0.00032905302941799164,397.3279724121094,7.033875465393066,44.81925688598225,3.332711680794501
689.4274291992188,58.25591278076172,-7.096221446990967,0.0917658880352974,520.29296875,42.392372131347656,-6.790619850158691,0.0884849950671196,539.0435180664062,58.79781723022461,-6.829059600830078,0.11845876276493073,29.04466438293457,29,1.7691404819488525,1.5120450258255005,-9.917319297790527,1722.7079011970611,163.52516037553798,44.81900357891959,3.244994099868256,0.19952480494976044,0.197677344083786,-42.415645599365234,0,7.817389011383057,0.0005720984190702438,442.38348388671875,10.614843368530273,44.81900357891959,3.2449940998682565
2164.392578125,100.37786102294922,-8.338339805603027,0.05036533623933792,958.9891357421875,43.691627502441406,-7.45453405380249,0.04947825148701668,2011.8154296875,100.10906219482422,-8.258970260620117,0.05403996631503105,38.4099006652832,83,3.7643792629241943,2.0029444694519043,85.80155181884766,1446.8164708990898,191.9881292978567,44.82108337341436,3.2651876256749977,0.18973757326602936,0.18596628308296204,86.06156921386719,2,15.523726463317871,0.001135981292463839,878.4710083007812,22.586275100708008,44.82108337341436,3.2651876256749977
1311.7210693359375,90.04156494140625,-7.7946038246154785,0.07454720139503479,525.2108764648438,42.22258377075195,-6.8008341789245605,0.08730535954236984,883.2091064453125,85.74361419677734,-7.365159034729004,0.10543093830347061,25.639118194580078,37,2.913658857345581,1.9484713077545166,24.371870040893555,1930.5792499354848,199.6474785503181,44.821654366468444,3.2297741308560606,0.27697324752807617,0.27656471729278564,21.57813262939453,2,14.287209510803223,0.0010456186719238758,268.3599853515625,17.481952667236328,44.82165436646844,3.229774130856055
383.65106201171875,51.152259826660156,-6.459840774536133,0.14479656517505646,244.02870178222656,41.388916015625,-5.968602180480957,0.1841929405927658,211.37982177734375,61.05018615722656,-5.812658786773682,0.3136557638645172,21.480236053466797,11,1.3076587915420532,0.8742653131484985,-24.907726287841797,1251.5524287191315,163.05791614782558,44.81895868984886,3.279481686948374,0.26067855954170227,0.25843125581741333,-17.144954681396484,2,6.380253314971924,0.0004668723267968744,238.06886291503906,7.845952987670898,44.81895868984887,3.2794816869483814
323.7330322265625,48.38434982299805,-6.275467395782471,0.1623109132051468,248.65725708007812,41.40433883666992,-5.989002704620361,0.1808316856622696,320.60235595703125,71.4164047241211,-6.264916896820068,0.2419140487909317,17.3011531829834,13,1.9856467247009277,1.241477370262146,-66.3552474975586,541.9172652606563,175.01051909842053,44.81981334592981,3.3314138941046196,0.4141433537006378,0.4109896421432495,-44.771522521972656,0,9.399585723876953,0.000687702908180654,293.6253967285156,11.913880348205566,44.81981334592981,3.331413894104619
982.8831176757812,68.12767791748047,-7.481254577636719,0.07527513056993484,688.5777587890625,42.875335693359375,-7.094882488250732,0.06762143224477768,755.8408813476562,63.05228042602539,-7.196075916290283,0.09059417247772217,41.43384552001953,41,1.8775805234909058,1.575147271156311,-11.740545272827148,1240.858377844575,176.6446490128148,44.81995401815394,3.280263463453301,0.14691682159900665,0.14655505120754242,66.84326934814453,0,5.951125144958496,0.0004354676930233836,683.288330078125,11.265482902526855,44.81995401815394,3.2802634634533017
443.9902648925781,51.4254035949707,-6.618433475494385,0.12578651309013367,-355.1261901855469,37.826416015625,99.0,99.0,185.72708129882812,28.366374969482422,-5.6721882820129395,0.1658664047718048,19.386367797851562,9,2.5283195972442627,0.28867506980895996,90.0,3.0,186.970051883294,44.82066949622548,3.3708454822197065,0.38053280115127563,0.039980899542570114,90.0,18,5.080256938934326,0.0003716479695867747,-3178.816650390625,15.169918060302734,44.82066949622548,3.3708454822197065
17923.578125,107.34858703613281,-10.633562088012695,0.006504313088953495,14349.3427734375,74.86039733886719,-10.392080307006836,0.0056656524538993835,17487.046875,104.16931915283203,-10.606791496276855,0.0064692385494709015,766.1188354492188,166,2.2019693851470947,2.1442270278930664,44.39057540893555,453.95080135568367,212.47915504478325,44.822555769694446,3.3378477526694468,0.012746195308864117,0.012603637762367725,45.54890060424805,0,4.179290294647217,0.00030576021526940167,17634.25,13.211816787719727,44.82255576969443,3.337847752669439
527.783447265625,49.83988952636719,-6.8061394691467285,0.10255365073680878,431.4852294921875,42.04014587402344,-6.587414741516113,0.10581034421920776,427.6179504394531,50.09233474731445,-6.577640056610107,0.12721700966358185,27.21198081970215,22,1.513180136680603,1.270146369934082,-34.71593475341797,1675.9971888797256,182.67840127398196,44.820406158669186,3.2484123004903935,0.18784183263778687,0.18619586527347565,-72.20355224609375,0,6.933909893035889,0.0005074334912933409,280.7742919921875,9.079080581665039,44.82040615866919,3.2484123004904006
1211.1004638671875,68.93168640136719,-7.707950592041016,0.06181139871478081,839.7971801757812,43.253177642822266,-7.310436248779297,0.05593368038535118,1137.786376953125,70.6976318359375,-7.6401519775390625,0.06747982650995255,44.82773971557617,48,2.2768566608428955,1.5930531024932861,16.293773651123047,1626.5185456224713,201.93271772704833,44.821816042984864,3.2520330172183813,0.147518590092659,0.1456884741783142,16.988431930541992,0,7.242316722869873,0.0005299929762259126,842.9842529296875,13.661140441894531,44.82181604298485,3.2520330172183747
651.2652587890625,67.07609558105469,-7.03439474105835,0.11185095459222794,341.12060546875,41.711219787597656,-6.332269668579102,0.1327928602695465,429.644775390625,67.38510131835938,-6.582773685455322,0.17032726109027863,23.009244918823242,15,2.5612566471099854,0.9853655099868774,-71.48450469970703,1190.2647990165215,200.37808172326433,44.821691809417665,3.283964765443538,0.2808475196361542,0.28055188059806824,23.822673797607422,2,9.511346817016602,0.000695970025844872,163.2439422607422,15.36754035949707,44.82169180941767,3.2839647654435447
518.3212890625,60.91845703125,-6.786497592926025,0.12763790786266327,56.646488189697266,40.775753021240234,-4.382932662963867,0.7817336916923523,39.99502944946289,41.40544891357422,-4.005014896392822,1.1242976188659668,21.428524017333984,10,1.428199291229248,0.9305861592292786,-8.184598922729492,1167.1564623224326,191.83026570529847,44.821064845024424,3.285656640719984,0.3942371904850006,0.390748530626297,-0.09221358597278595,0,6.885132312774658,0.0005038016242906451,-143.20411682128906,8.569195747375488,44.821064845024424,3.285656640719984
313.042724609375,48.36739730834961,-6.239008903503418,0.16779497265815735,195.0681610107422,41.177730560302734,-5.725465774536133,0.22924815118312836,183.3258819580078,50.3996467590332,-5.658059597015381,0.29856130480766296,16.927698135375977,12,1.868333339691162,1.1150344610214233,-53.799354553222656,1574.1243973047503,207.54781549627222,44.82222638522644,3.255867930196758,0.4794235825538635,0.4755461812019348,-46.06946563720703,0,8.636444091796875,0.0006320056854747236,-134.32131958007812,11.210000038146973,44.82222638522644,3.255867930196758
447.6239318847656,48.277191162109375,-6.627283096313477,0.11712740361690521,367.2891540527344,41.813331604003906,-6.412520408630371,0.12363359332084656,352.1874694824219,47.530338287353516,-6.366934776306152,0.1465638428926468,23.859390258789062,19,1.377419352531433,1.2346391677856445,38.597023010253906,877.1129745357277,210.11949136010418,44.822396755443094,3.3068821902034666,0.19000332057476044,0.18896427750587463,25.542293548583984,0,6.4573516845703125,0.000472466490464285,165.42613220214844,8.26451587677002,44.822396755443094,3.3068821902034666
88926.3671875,194.56101989746094,-12.372576713562012,0.0023760474286973476,70248.6640625,144.99288940429688,-12.116595268249512,0.002241498325020075,86279.703125,177.57110595703125,-12.339771270751953,0.002235082210972905,3896.584716796875,362,2.5067503452301025,2.4413464069366455,-51.37687683105469,415.23863627734715,275.1658302123851,44.82714755632445,3.340675291296707,0.005066980607807636,0.005004479084163904,44.238033294677734,0,4.157492160797119,0.0003041559539269656,88561.1171875,15.040502548217773,44.82714755632445,3.3406752912967064
540.0463256835938,64.06641387939453,-6.831077575683594,0.1288336217403412,224.79318237304688,41.245418548583984,-5.879457950592041,0.19926105439662933,180.62594604492188,57.382896423339844,-5.6419501304626465,0.345010370016098,16.217151641845703,19,2.318493366241455,1.1006567478179932,85.72010803222656,1891.937883058752,220.1070685787215,44.82315290867739,3.2326018246531856,0.4101483225822449,0.4039919972419739,60.124183654785156,0,9.564423561096191,0.0006999665638431907,-162.7351837158203,13.91096019744873,44.82315290867739,3.2326018246531856
493.4994812011719,55.931819915771484,-6.733216762542725,0.12308413535356522,321.0313720703125,41.644737243652344,-6.266368865966797,0.14087776839733124,320.3447570800781,51.73194122314453,-6.264044284820557,0.17537632584571838,24.5948543548584,16,1.63752281665802,1.2562779188156128,71.4747543334961,344.7707375856203,220.09491686948874,44.82310986034445,3.345836016790456,0.2490670531988144,0.24730227887630463,54.046051025390625,2,7.797731876373291,0.0005704745999537408,114.14901733398438,9.8251371383667,44.82310986034445,3.345836016790456
3208.287109375,42.552433013916016,-8.7656831741333,0.014403929933905602,2557.96240234375,48.42317199707031,-8.519735336303711,0.02055838145315647,6060.7197265625,66.26265716552734,-9.456310272216797,0.011873383074998856,527.6646118164062,24,2.9744248390197754,0.37286314368247986,64.00811767578125,1553.881596149108,233.0788152317766,44.824096755338736,3.2573480244149597,0.03944108262658119,0.007232156116515398,63.061187744140625,3,6.282949924468994,0.00045977288391441107,5000.19970703125,17.84654998779297,44.82409675533872,3.2573480244149526
496.3526916503906,56.9130744934082,-6.739475727081299,0.12452355027198792,376.9585876464844,41.81389236450195,-6.440733909606934,0.12046385556459427,478.3373718261719,58.65523910522461,-6.69933557510376,0.1331687569618225,23.870254516601562,21,2.379910469055176,1.1291699409484863,-52.927650451660156,1748.9996954240996,234.60084950508514,44.8242123109493,3.2430649753331986,0.35114315152168274,0.34821608662605286,-54.94237518310547,0,9.816339492797852,0.0007183732814155519,-5.551680088043213,14.279462814331055,44.8242123109493,3.243064975333199
4099.73779296875,40.0507926940918,-9.031889915466309,0.010609254240989685,3457.981689453125,51.025108337402344,-8.84705638885498,0.016024742275476456,3787.802734375,44.663734436035156,-8.945968627929688,0.01280552800744772,789.7843627929688,8,1.1009775400161743,0.31761178374290466,67.3820571899414,1549.4488790427931,223.81168234866732,44.82341760291599,3.257673099467223,0.017457835376262665,0.012524791061878204,54.74280548095703,2,3.4797539710998535,0.00025464166537858546,3998.64208984375,6.605865478515625,44.82341760291599,3.2576730994672225
210.97030639648438,36.23611068725586,-5.810553550720215,0.18653059005737305,-387.7536926269531,37.75707244873047,99.0,99.0,171.86520385742188,33.59166717529297,-5.587969779968262,0.2122625708580017,17.45940399169922,9,3.569122552871704,0.28867506980895996,90.0,3.0,233.40244416080867,44.824071650133284,3.370841423092318,0.5278927683830261,0.041601963341236115,90.0,18,6.0529046058654785,0.00044279455323703587,-4705.23828125,21.414735794067383,44.824071650133284,3.370841423092318
221.50631713867188,39.75309753417969,-5.863465309143066,0.1949012726545334,209.78265380859375,41.24287414550781,-5.804423809051514,0.2135055661201477,169.01388549804688,51.00677490234375,-5.569806098937988,0.32774442434310913,16.88792610168457,9,1.93045175075531,0.5734866261482239,74.03179931640625,1838.5416662961043,230.88563336921425,44.823941762500255,3.236510206771388,0.47352731227874756,0.46711066365242004,76.53862762451172,0,6.277310848236084,0.0004593931371346116,23.30648422241211,11.582710266113281,44.82394176250026,3.2365102067713942
4334.65478515625,50.573978424072266,-9.092386245727539,0.01267075352370739,2692.169189453125,48.8978271484375,-8.575255393981934,0.019725000485777855,5961.73095703125,66.30377960205078,-9.438430786132812,0.01207801979035139,349.1936950683594,24,2.295509099960327,0.5242493748664856,63.604957580566406,1561.1771930286936,248.3911412073907,44.82521892801661,3.2568129936150143,0.040047112852334976,0.010260001756250858,62.06713104248047,3,6.481199264526367,0.000474278669571504,5555.5966796875,13.773054122924805,44.82521892801661,3.2568129936150143
305.5524597167969,47.99356460571289,-6.212714672088623,0.17057958245277405,85.36795806884766,40.888816833496094,-4.828237056732178,0.5201629996299744,-130.5855712890625,108.89505767822266,99.0,99.0,16.956401824951172,10,2.040915012359619,0.992118775844574,-76.99671936035156,559.7140520733146,244.34361750851235,44.82489425103785,3.3301061328565096,0.36400386691093445,0.17245586216449738,-74.29578399658203,16,8.513654708862305,0.0006228713900782168,-142.18417358398438,12.245490074157715,44.82489425103784,3.3301061328565016
216.9764862060547,38.69633865356445,-5.841031551361084,0.193681001663208,-406.27587890625,37.75707244873047,99.0,99.0,112.52201843261719,20.594348907470703,-5.128093719482422,0.19876521825790405,19.733352661132812,5,1.4612553119659424,0.28867506980895996,90.0,2048.1307740397574,238.53644398919766,44.82450592989288,3.2211655985942294,0.32973676919937134,0.05839196592569351,90.0,19,3.8351223468780518,0.00028068007668480277,-1761.7177734375,8.767532348632812,44.82450592989287,3.2211655985942236
260.35821533203125,44.47081756591797,-6.038928031921387,0.18549561500549316,51.7647819519043,40.759239196777344,-4.285086154937744,0.8551090359687805,52.448116302490234,47.694026947021484,-4.2993245124816895,0.9875609874725342,13.872284889221191,9,2.022135019302368,0.8736087083816528,11.734513282775879,1785.068412421297,243.45795315787348,44.824862011165436,3.24042401046474,0.3717174232006073,0.15401853621006012,11.444721221923828,0,7.94816780090332,0.0005816611810587347,-71.76749420166016,12.132810592651367,44.824862011165436,3.24042401046474
258.4556579589844,37.077545166015625,-6.030965328216553,0.15579544007778168,-371.7659606933594,37.8090934753418,99.0,99.0,126.015869140625,30.31845474243164,-5.251062870025635,0.2612833082675934,20.724136352539062,11,3.0337119102478027,0.28867506980895996,90.0,3.0,261.0817187136127,44.82609970062147,3.37083898616724,0.36976101994514465,0.033776506781578064,90.0,17,5.573788166046143,0.00040774091030471027,-4014.303955078125,18.2022705078125,44.826099700621455,3.3708389861672314
1031.510986328125,83.91787719726562,-7.533684730529785,0.0883507952094078,366.80841064453125,41.7490234375,-6.411098003387451,0.12360523641109467,531.88037109375,81.64202117919922,-6.814535140991211,0.166697695851326,23.311426162719727,33,2.696194648742676,1.895816445350647,-76.30980682373047,63.20704969832092,339.2891576902586,44.83183223949175,3.3664270694688057,0.3729095458984375,0.371543824672699,-65.21922302246094,0,13.554891586303711,0.0009915658738464117,-407.0882263183594,16.177167892456055,44.83183223949175,3.3664270694688057
539.1831665039062,57.94646072387695,-6.829340934753418,0.11671331524848938,336.4940490722656,41.71162796020508,-6.317443370819092,0.13461999595165253,402.4151916503906,59.58626174926758,-6.511685848236084,0.16080576181411743,20.69795799255371,19,1.9322150945663452,1.3794856071472168,19.422313690185547,72.28235703483512,259.7415983381768,44.826004326709516,3.3657700700197046,0.33614665269851685,0.3336789309978485,38.0845947265625,2,9.776124000549316,0.0007151649333536625,251.7337188720703,11.593290328979492,44.826004326709516,3.3657700700197046
569.673828125,61.45500564575195,-6.889065742492676,0.11715500056743622,351.8843688964844,41.715396881103516,-6.366000175476074,0.12874376773834229,498.9852600097656,64.29646301269531,-6.7452192306518555,0.1399359107017517,22.45156478881836,21,2.0256168842315674,1.5533549785614014,5.914795398712158,1015.3919790021403,256.375995841089,44.825790235351725,3.296759124536313,0.3589783310890198,0.3546317517757416,0.4482933580875397,2,10.610220909118652,0.0007763301837258041,376.97784423828125,12.153701782226562,44.825790235351725,3.296759124536313
590.6834716796875,64.91653442382812,-6.92838716506958,0.11935217678546906,337.3124694824219,41.6357307434082,-6.3200812339782715,0.13404901325702667,458.2485656738281,55.44876480102539,-6.652752876281738,0.13140763342380524,20.492403030395508,18,1.742911458015442,1.3298693895339966,-37.53363037109375,699.9371826586851,258.55288517433826,44.82594008236148,3.3198440993597242,0.4386248290538788,0.4365110695362091,-21.375959396362305,2,8.01089096069336,0.0005861022509634495,148.3211212158203,10.45746898651123,44.82594008236148,3.319844099359724
1128.193603515625,29.086624145507812,-7.6309590339660645,0.027998806908726692,1119.01025390625,44.16424560546875,-7.622085094451904,0.042861420661211014,1113.78564453125,29.39588737487793,-7.617003917694092,0.0286625474691391,359.770263671875,13,0.7479031682014465,0.6167868971824646,-16.402769088745117,1869.72573062705,262.8700110542749,44.82628598768308,3.2342253250638815,0.022975388914346695,0.02034139446914196,3.1843507289886475,0,1.3805445432662964,0.00010103217209689319,1092.5390625,4.487419128417969,44.826285987683065,3.2342253250638753
911.604248046875,71.94979095458984,-7.399515628814697,0.08571425080299377,529.171630859375,42.31300735473633,-6.808991432189941,0.08683746308088303,721.1548461914062,67.25247192382812,-7.145071506500244,0.1012767031788826,31.582883834838867,39,2.2229816913604736,1.566876769065857,60.74178695678711,379.2894518850172,281.0538874723386,44.827577668920235,3.343305231517727,0.20993681252002716,0.20801633596420288,46.346317291259766,0,10.932185173034668,0.0007997748907655478,582.8933715820312,13.337890625,44.82757766892023,3.343305231517719
404.94171142578125,54.50796127319336,-6.518481254577637,0.14618313312530518,287.86700439453125,41.51897430419922,-6.147979736328125,0.15663346648216248,222.1007080078125,49.191375732421875,-5.866374969482422,0.24052977561950684,18.379072189331055,16,1.7782976627349854,1.0477339029312134,-20.24736213684082,1746.231415803566,270.68450460767957,44.82685628287577,3.2432653478983307,0.26693135499954224,0.2641924321651459,-31.50827407836914,0,8.164319038391113,0.0005974675877951086,-0.7002475261688232,10.66978645324707,44.82685628287577,3.2432653478983307
1160.9940185546875,76.31680297851562,-7.662075042724609,0.0713871419429779,656.749755859375,42.72684860229492,-7.043499946594238,0.0706530287861824,1018.6646728515625,88.77326202392578,-7.520078182220459,0.09464131295681,38.430824279785156,49,2.7583987712860107,1.9163607358932495,-6.854753017425537,1693.6678863043426,288.83671577338896,44.828185321836045,3.2471119976083167,0.1994428038597107,0.198591947555542,-11.445080757141113,3,13.048264503479004,0.000954857561737299,998.2071533203125,16.550392150878906,44.82818532183603,3.24711199760831
308.057861328125,45.060245513916016,-6.221580505371094,0.15885141491889954,230.31565856933594,41.295623779296875,-5.905808925628662,0.19471992552280426,181.98963928222656,33.63321304321289,-5.650116443634033,0.20070192217826843,16.951324462890625,9,1.1318960189819336,0.8182938098907471,-49.51678466796875,317.5049521338559,271.3883815449289,44.82686719222217,3.3478267959696053,0.31407907605171204,0.31215348839759827,-70.582275390625,2,5.734630107879639,0.0004195297078695148,158.03692626953125,6.791376113891602,44.82686719222217,3.3478267959696058
607.82275390625,58.651588439941406,-6.959442615509033,0.10479309409856796,554.4151000976562,42.44154739379883,-6.859587669372559,0.08313539624214172,802.9608764648438,66.19422912597656,-7.261735916137695,0.08952731639146805,24.741470336914062,26,2.188392162322998,1.475409746170044,69.5571517944336,2022.8688096168985,289.9859636003964,44.828275471118175,3.223012046028207,0.23138217628002167,0.23060546815395355,-27.209503173828125,3,10.76457691192627,0.0007878058240748942,704.7384033203125,13.130352973937988,44.828275471118175,3.223012046028207
234.53094482421875,38.287071228027344,-5.925500392913818,0.17728900909423828,158.3575897216797,41.070533752441406,-5.4990973472595215,0.28165751695632935,154.96609497070312,37.663692474365234,-5.475591659545898,0.2639465630054474,22.057493209838867,10,1.180397868156433,0.9659689664840698,5.285722255706787,69.63202047152443,276.7885013059204,44.82725323213523,3.3659624936980754,0.27223289012908936,0.2702861428260803,57.8443717956543,0,6.371737480163574,0.00046611629659309983,42.521270751953125,7.0823869705200195,44.82725323213523,3.3659624936980754
1391.268798828125,84.83154296875,-7.858527660369873,0.06621801108121872,740.7813720703125,42.966773986816406,-7.174225330352783,0.06299013644456863,1306.4423828125,96.79174041748047,-7.790225505828857,0.0804596021771431,28.1815185546875,49,2.847047805786133,1.5833393335342407,-17.524080276489258,1702.6445736452451,292.15080721887557,44.82842833667699,3.246454671321781,0.20598122477531433,0.20353183150291443,-26.397592544555664,3,12.727045059204102,0.0009313517948612571,1279.6905517578125,17.082286834716797,44.82842833667699,3.246454671321781
868.4838256835938,73.90851593017578,-7.346904277801514,0.09241928160190582,558.5526123046875,42.37776184082031,-6.867660045623779,0.08239555358886719,715.0467529296875,84.50912475585938,-7.135836124420166,0.12835092842578888,27.355850219726562,26,2.2011971473693848,1.4201972484588623,75.35531616210938,2021.0324291156737,289.3302522520144,44.82822739561266,3.223146531317884,0.24027971923351288,0.23795872926712036,65.55728149414062,3,9.872005462646484,0.000722482509445399,679.3970947265625,13.207182884216309,44.828227395612664,3.22314653131789
242.29269409179688,41.08644104003906,-5.960850715637207,0.18415690958499908,182.67926025390625,41.199867248535156,-5.6542229652404785,0.24492685496807098,210.2401885986328,42.74211883544922,-5.806789398193359,0.22078529000282288,18.28144645690918,10,1.8090578317642212,0.8097383975982666,-85.88695526123047,1372.0116260649313,289.6365877983709,44.828236785559255,3.270656343486296,0.5075421929359436,0.5055105686187744,30.47884750366211,0,7.23184871673584,0.0005291775451041758,-96.87376403808594,10.854347229003906,44.828236785559234,3.270656343486282
1281.4063720703125,76.36125183105469,-7.769217014312744,0.0647166445851326,823.51318359375,43.2769775390625,-7.2891764640808105,0.05707108974456787,967.1702880859375,71.74700927734375,-7.463757514953613,0.08056208491325378,35.115966796875,53,2.158578634262085,1.819641351699829,41.460697174072266,1754.996509155076,297.9409182027462,44.828853628302106,3.2426219785545505,0.14620639383792877,0.14594613015651703,-15.324560165405273,0,7.5154619216918945,0.000549979682546109,617.1503295898438,12.951471328735352,44.828853628302106,3.2426219785545505
3498.175537109375,40.4576301574707,-8.859603881835938,0.012559971772134304,3437.9501953125,50.95807647705078,-8.84074878692627,0.016096938401460648,3449.050537109375,42.0758056640625,-8.84424877166748,0.013248377479612827,652.6265869140625,18,1.233873724937439,0.5519269108772278,-52.754573822021484,1004.7166844169333,291.25427588540344,44.82834555403898,3.297537819738184,0.017792262136936188,0.013919979333877563,-46.595619201660156,0,4.6562395095825195,0.0003406831528991461,3291.47900390625,7.403242111206055,44.82834555403897,3.2975378197381766
4261.14013671875,87.83372497558594,-9.073814392089844,0.022385424003005028,2648.922607421875,48.74881362915039,-8.557673454284668,0.019985942170023918,4114.3447265625,95.02352142333984,-9.035751342773438,0.02508188970386982,101.47659301757812,114,2.6456007957458496,2.3819761276245117,-22.790388107299805,1707.564069245866,317.66444082953456,44.83029788795014,3.2460929110772065,0.05983351171016693,0.05942899361252785,-25.851795196533203,3,6.678792953491211,0.0004887430695816875,4272.50244140625,15.873604774475098,44.830297887950124,3.2460929110772
537.3604736328125,56.35854721069336,-6.825664520263672,0.11390004307031631,365.2532653808594,41.79094314575195,-6.406485080718994,0.12425614148378372,390.00372314453125,58.1662483215332,-6.477672100067139,0.16196908056735992,25.331804275512695,23,2.0554168224334717,1.2529277801513672,50.80020523071289,1029.4927563959386,303.3409325281055,44.82923187711107,3.2957237259131227,0.26889753341674805,0.26616427302360535,24.716941833496094,0,9.608458518981934,0.0007030228734947741,-4.5068254470825195,12.332500457763672,44.82923187711107,3.2957237259131227
560.9839477539062,58.01890182495117,-6.872375965118408,0.11231788247823715,378.0968933105469,41.833309173583984,-6.444007873535156,0.12015696614980698,626.1978149414062,124.64309692382812,-6.99177885055542,0.21616555750370026,29.197614669799805,24,3.1194350719451904,1.6064945459365845,11.243236541748047,1702.4244458150274,295.3129038211618,44.82866002906253,3.246470582013744,0.3037412762641907,0.30142760276794434,-15.057695388793945,19,13.421099662780762,0.0009821405401453376,1056.061767578125,18.716609954833984,44.82866002906253,3.246470582013744
404.47772216796875,54.45222091674805,-6.517236709594727,0.14620116353034973,264.9522705078125,41.52174758911133,-6.057919025421143,0.1701914668083191,214.5884246826172,46.42909622192383,-5.829015731811523,0.23497073352336884,22.91348648071289,12,1.6071288585662842,1.0527522563934326,82.83274841308594,1454.3706960311365,296.7588359853166,44.828760608243726,3.264627674155391,0.34429413080215454,0.3429271876811981,-36.27486801147461,2,7.777076244354248,0.0005690829711966217,134.9248809814453,9.642772674560547,44.828760608243726,3.264627674155391
551.4978637695312,61.32929992675781,-6.8538594245910645,0.12076859176158905,174.72804260253906,41.14140319824219,-5.6059064865112305,0.255709171295166,187.5985870361328,39.89162826538086,-5.683073997497559,0.230930894613266,23.18606948852539,10,1.2663179636001587,0.8778379559516907,-66.95122528076172,151.83800422350998,304.8485742881233,44.82931243161853,3.3599454052596798,0.2982771694660187,0.29654693603515625,-70.71134185791016,2,5.571347713470459,0.000407566549256444,128.35946655273438,7.597908020019531,44.82931243161853,3.3599454052596798
124613.9140625,217.87725830078125,-12.738916397094727,0.0018987823277711868,100202.984375,171.1392364501953,-12.502202033996582,0.0018548071384429932,121486.3046875,200.81396484375,-12.711318016052246,0.0017951320623978972,5514.443359375,361,2.348829746246338,2.303957462310791,34.11569595336914,678.782694003716,353.0854559483337,44.832865823500136,3.3213846706869217,0.00418437272310257,0.004122115205973387,40.66335678100586,0,4.13911247253418,0.0003028183418791741,124451.21875,14.092978477478027,44.832865823500136,3.321384670686922
2091.59423828125,64.88692474365234,-8.301193237304688,0.033690664917230606,1694.6695556640625,45.969669342041016,-8.072712898254395,0.029458874836564064,1994.25830078125,70.51496887207031,-8.2494535446167,0.038399867713451385,89.1610336303711,60,1.8800956010818481,1.776829481124878,49.21360397338867,1698.0165092786765,316.3204534109894,44.830199219434434,3.246791898248727,0.06498870998620987,0.06407429277896881,37.7878303527832,3,4.946077823638916,0.00036194513086229563,2105.981689453125,11.280573844909668,44.830199219434434,3.246791898248727
517.3397216796875,52.274749755859375,-6.784439563751221,0.10973519831895828,421.8592224121094,41.96174240112305,-6.562918663024902,0.10802288353443146,446.0238342285156,59.412078857421875,-6.623394966125488,0.1446593552827835,28.816347122192383,22,1.6682171821594238,1.2018370628356934,48.70917510986328,264.5018668768808,309.8997783956383,44.82968689753026,3.351701707980509,0.22514042258262634,0.22492638230323792,21.52597427368164,0,7.087949752807617,0.0005185219924896955,367.7605285644531,10.009303092956543,44.82968689753027,3.3517017079805176
298.6310119628906,47.54210662841797,-6.18783712387085,0.17289137840270996,220.2132110595703,41.357025146484375,-5.8571085929870605,0.20395566523075104,224.14010620117188,60.26917266845703,-5.876298904418945,0.2920152246952057,15.093300819396973,7,1.2576931715011597,0.5932019352912903,72.46417236328125,691.9076583887255,306.4092873063401,44.82944632294881,3.3204279321465613,0.3889480233192444,0.38669565320014954,70.42947387695312,3,5.137409210205078,0.0003758617676794529,233.0316925048828,7.546158790588379,44.82944632294881,3.3204279321465613
842.3421630859375,71.7142105102539,-7.313721179962158,0.09245842695236206,443.4151611328125,42.016944885253906,-6.617026329040527,0.102906733751297,596.9523315429688,73.746826171875,-6.939848899841309,0.13416323065757751,31.06856918334961,36,2.977140188217163,1.3942644596099854,-32.97502136230469,841.5913822926617,324.4122807163573,44.83077018821345,3.3094730383836835,0.26815998554229736,0.2655048668384552,-15.936178207397461,0,12.211188316345215,0.0008934132056310773,113.00514221191406,17.86284065246582,44.830770188213464,3.309473038383691
272.2835998535156,44.22809982299805,-6.08755350112915,0.17640326917171478,123.0063705444336,40.95164108276367,-5.224819183349609,0.3615543246269226,105.1010971069336,41.621761322021484,-5.054018020629883,0.4300738573074341,17.90475845336914,8,1.4373546838760376,0.9199165105819702,-17.825841903686523,1905.6314405776552,315.1413471847665,44.830116724307665,3.231593508150878,0.5127276182174683,0.5074263215065002,-81.63428497314453,3,6.8672685623168945,0.0005025615682825446,125.09471130371094,8.624128341674805,44.830116724307665,3.2315935081508775
2227.345947265625,87.31928253173828,-8.36946964263916,0.042574770748615265,1298.0169677734375,44.763729095458984,-7.783200740814209,0.03745206072926521,1916.1962890625,85.68609619140625,-8.206099510192871,0.04856240376830101,68.20709228515625,84,2.47497296333313,2.199003219604492,50.864234924316406,1057.6621715268611,335.3419928577634,44.83157742679011,3.293659819003203,0.1070469319820404,0.10650008171796799,59.99534225463867,0,7.037472724914551,0.0005149082862772048,1556.8575439453125,14.849838256835938,44.831577426790105,3.293659819003196
1972.6483154296875,91.30149841308594,-8.237624168395996,0.05026411637663841,1081.9105224609375,44.10768127441406,-7.58547830581665,0.04427440091967583,1660.7772216796875,87.36119842529297,-8.05077838897705,0.057126421481370926,45.283084869384766,76,2.5299031734466553,2.2487940788269043,71.07071685791016,1264.5955823266386,344.9106951940353,44.832284125092166,3.2785143748324295,0.13772150874137878,0.13719666004180908,84.78083801269531,2,9.11607551574707,0.0006670214934274554,1502.3504638671875,15.179418563842773,44.832284125092166,3.278514374832429
2031.45458984375,91.91524505615234,-8.26951789855957,0.049137182533741,1070.826416015625,44.102725982666016,-7.574297904968262,0.04472766071557999,1630.8592529296875,91.16812896728516,-8.031041145324707,0.06070946156978607,47.88274383544922,82,2.604621410369873,2.416989326477051,11.278793334960938,902.0234464509405,340.04221132081915,44.83191724589861,3.3050494445489114,0.13963568210601807,0.13891786336898804,-7.897512435913086,0,9.74033260345459,0.0007126418640837073,1425.6365966796875,15.627728462219238,44.83191724589862,3.3050494445489194
897.6819458007812,80.62433624267578,-7.382806301116943,0.09753791987895966,441.0883483886719,41.97810363769531,-6.611313819885254,0.10335394740104675,628.8167724609375,70.63130950927734,-6.996310234069824,0.12198402732610703,19.80521583557129,36,2.59222674369812,1.4699733257293701,73.65979766845703,784.8957794296933,338.3190056246979,44.83178734934228,3.313620858118692,0.3196580410003662,0.31752508878707886,69.6290283203125,0,11.698010444641113,0.0008558527333661914,453.6110534667969,15.553359985351562,44.831787349342285,3.3136208581186994
381.8097839355469,50.718868255615234,-6.454617500305176,0.14426212012767792,317.7026062011719,41.63370895385742,-6.255052089691162,0.14231614768505096,416.02435302734375,63.60531234741211,-6.547796726226807,0.16603684425354004,21.476409912109375,11,1.4364186525344849,1.0823510885238647,29.54798698425293,2014.147186271499,334.7256610901223,44.83155352288515,3.2236478735931406,0.43360811471939087,0.4325806498527527,24.353137969970703,2,7.452375411987305,0.0005453917547129095,313.5725402832031,8.618512153625488,44.83155352288516,3.2236478735931464
398.0968017578125,53.15612030029297,-6.499971866607666,0.14500881731510162,-396.3771057128906,37.8090934753418,99.0,99.0,71.52645111083984,19.495153427124023,-4.636166572570801,0.2959986925125122,11.724891662597656,4,1.1989660263061523,0.28867506980895996,90.0,3.0,346.039990747546,44.83232436875872,3.3708314262483725,0.35343074798583984,0.08231445401906967,90.0,19,3.4612133502960205,0.00025319086853414774,-1239.8685302734375,7.193796157836914,44.83232436875872,3.3708314262483725
1194.9508056640625,91.73674774169922,-7.693375110626221,0.083372563123703,406.2174987792969,41.89466094970703,-6.5218963623046875,0.11200305819511414,896.1664428710938,105.30845642089844,-7.380971908569336,0.1276157796382904,19.34069061279297,27,2.2383017539978027,1.7501543760299683,-61.87530517578125,2008.6812344418765,366.1018780932606,44.83385240034699,3.2240461312970132,0.41158202290534973,0.4109100103378296,83.65721893310547,2,11.861506462097168,0.0008680570172145963,742.2723999023438,13.429810523986816,44.83385240034699,3.224046131297013
13853.052734375,74.6638412475586,-10.353863716125488,0.00585321756079793,6583.4638671875,58.837181091308594,-9.546135902404785,0.009705708362162113,13643.9306640625,83.90165710449219,-10.337348937988281,0.0066782222129404545,3140.262451171875,34,2.606921672821045,0.6231901049613953,48.77558898925781,1082.2569978795175,376.82280662627835,44.8346173991015,3.2918568064192897,0.03204803168773651,0.02218260057270527,44.52263259887695,2,7.619528293609619,0.00055748934391886,13447.0810546875,15.64153003692627,44.83461739910148,3.2918568064192826
13946.31640625,99.21178436279297,-10.361148834228516,0.007725623901933432,11221.0498046875,68.88433074951172,-10.125083923339844,0.0066667902283370495,13604.57421875,98.06352996826172,-10.334212303161621,0.007828028872609138,593.6871337890625,148,2.2123751640319824,2.0761072635650635,36.94567108154297,548.8950243207662,389.8224123179732,44.83555302026578,3.3308860428662275,0.014968395233154297,0.014768227934837341,49.4010124206543,0,4.175038814544678,0.00030543431057594717,13635.328125,13.274250984191895,44.83555302026577,3.330886042866219
758.9271850585938,28.34697914123535,-7.20050048828125,0.04056360200047493,707.00146484375,42.93456268310547,-7.123550891876221,0.06595027446746826,690.2425537109375,29.07839584350586,-7.097504138946533,0.04575078561902046,241.32647705078125,13,0.743722140789032,0.7192992568016052,-34.18917465209961,361.9291299084617,368.6130460857024,44.83399233983329,3.344568151300439,0.03200202062726021,0.02475525066256523,-89.9673843383789,0,0.903006911277771,6.605959788430482e-05,707.8228759765625,4.462332725524902,44.83399233983329,3.3445681513004386
433.67694091796875,54.67195129394531,-6.592916011810303,0.13690775632858276,287.35186767578125,41.50148010253906,-6.146035194396973,0.15684814751148224,368.9621887207031,65.53404998779297,-6.417454719543457,0.19289234280586243,19.273399353027344,18,1.9746071100234985,1.1490269899368286,85.70178985595703,503.8164787641495,373.43516335552533,44.83435079485466,3.3341858591351654,0.37289977073669434,0.3700205385684967,-82.82356262207031,0,9.015458106994629,0.000659544428344816,216.3555450439453,11.84764289855957,44.83435079485464,3.334185859135157
4719.234375,45.16067123413086,-9.18467903137207,0.010392467491328716,4716.3408203125,54.3443489074707,-9.184013366699219,0.012513506226241589,4682.732421875,46.99961471557617,-9.176248550415039,0.01089995726943016,686.73583984375,20,1.6833566427230835,0.45546749234199524,41.04056167602539,1167.1221027160386,369.5272128708795,44.8340852001145,3.2856464722719516,0.018181685358285904,0.012979637831449509,41.72179412841797,0,5.209331512451172,0.0003811537753790617,4533.11376953125,10.100139617919922,44.8340852001145,3.285646472271951
210.59400939941406,34.2352180480957,-5.808615207672119,0.17654560506343842,72.0307388305664,40.90791320800781,-4.643794536590576,0.6167643666267395,97.0716552734375,31.25282096862793,-4.96773099899292,0.34964442253112793,34.19008255004883,9,0.975257396697998,0.7439019083976746,-81.65140533447266,355.83484379834607,368.6625256652521,44.83399573806895,3.3450140574636826,0.17545059323310852,0.17304809391498566,73.59935760498047,0,3.1744067668914795,0.00023222394520416856,43.59042739868164,5.851544380187988,44.83399573806895,3.3450140574636826
1909.46826171875,31.98849868774414,-8.20228099822998,0.018193289637565613,1858.0203857421875,46.42898941040039,-8.172626495361328,0.02713742107152939,1840.460693359375,31.607933044433594,-8.16231632232666,0.018650881946086884,895.9854736328125,13,0.673698365688324,0.5786576271057129,69.78339385986328,329.9991689252062,369.9767007150263,44.8340910555284,3.346904298230711,0.01047289464622736,0.01041137520223856,89.06571960449219,0,1.2133283615112305,8.876061474438757e-05,1849.1724853515625,4.042190074920654,44.8340910555284,3.346904298230711
275.4412841796875,45.55973815917969,-6.100072383880615,0.1796312928199768,164.97474670410156,41.22010040283203,-5.543543815612793,0.27134472131729126,135.22232055664062,41.327022552490234,-5.327620983123779,0.33190634846687317,14.267427444458008,9,1.6439017057418823,0.7994305491447449,79.028564453125,1096.7435472567938,375.1783617165736,44.83449731901941,3.2907967403477927,0.45272085070610046,0.4511086642742157,66.8045425415039,1,6.846081256866455,0.0005009016604162753,-108.05609130859375,9.863409996032715,44.8344973190194,3.2907967403477856
697.2658081054688,71.00826263427734,-7.108495712280273,0.11059623211622238,264.221923828125,41.51932144165039,-6.054922103881836,0.17065192759037018,334.58612060546875,53.020294189453125,-6.311269760131836,0.17209333181381226,19.810287475585938,14,1.6817580461502075,1.2820289134979248,-75.28823852539062,1813.9644637190122,385.22643272186355,44.835250267971844,3.238299709812051,0.41218945384025574,0.4088703393936157,87.48751068115234,2,6.826935291290283,0.0004995842464268208,250.35940551757812,10.090548515319824,44.83525026797183,3.2382997098120447
315.3389892578125,46.91949462890625,-6.246943950653076,0.16158665716648102,238.10748291015625,41.35334014892578,-5.941932678222656,0.18861114978790283,232.94200134277344,45.0521354675293,-5.918119430541992,0.21003776788711548,17.598112106323242,13,1.3729225397109985,1.0977418422698975,12.691771507263184,1014.7368274447447,375.6029235033497,44.834526091000996,3.296798243083254,0.3060654103755951,0.3043181002140045,17.32859230041504,0,7.336379528045654,0.0005367649719119072,219.19482421875,8.23753547668457,44.834526091000996,3.296798243083254
1202.058349609375,61.87545394897461,-7.6998138427734375,0.05590139701962471,952.8817749023438,43.6573371887207,-7.447597503662109,0.04975629597902298,1091.01904296875,61.692726135253906,-7.59458065032959,0.06140891835093498,55.41492462158203,44,1.8456518650054932,1.5326443910598755,2.2129387855529785,1169.159961289282,383.65467803015395,44.83512035862843,3.285496301377459,0.10310214757919312,0.10260635614395142,11.812485694885254,0,5.3794050216674805,0.00039359566289931536,891.6994018554688,11.073911666870117,44.83512035862843,3.285496301377459
334.4134216308594,49.80857467651367,-6.310709476470947,0.16175220906734467,132.0836639404297,41.014163970947266,-5.302122592926025,0.3372209966182709,181.79803466796875,43.78715133666992,-5.648972988128662,0.26156964898109436,15.797783851623535,10,2.0923585891723633,0.7116795182228088,13.501320838928223,1940.1043704698359,387.16338071184634,44.83539443787668,3.2290653269223735,0.5493937134742737,0.5439457893371582,19.598323822021484,2,7.291965484619141,0.0005336317699402571,-138.49403381347656,12.55415153503418,44.83539443787668,3.2290653269223735
427.5431823730469,55.86354064941406,-6.577449798583984,0.14189866185188293,221.37815856933594,41.345069885253906,-5.862836837768555,0.20282374322414398,177.8524627685547,65.38157653808594,-5.625149726867676,0.39923200011253357,20.24146842956543,17,2.3113203048706055,1.4487720727920532,42.389801025390625,1009.0141502572219,392.49465055282144,44.835763550625806,3.297215773126988,0.3840148448944092,0.38336217403411865,55.049461364746094,0,10.96330738067627,0.0008021226385608315,-339.0029602050781,13.867921829223633,44.8357635506258,3.2972157731269807
355.1878662109375,48.31839370727539,-6.376145362854004,0.14773526787757874,195.77723693847656,41.24369430541992,-5.729405403137207,0.2287837564945221,231.1461181640625,53.06010055541992,-5.909716606140137,0.24929368495941162,18.725189208984375,15,2.2938389778137207,0.9547422528266907,-58.205711364746094,843.9125967069031,390.74701783172287,44.83563052475897,3.309298057492423,0.41206154227256775,0.4078351557254791,-68.97066497802734,0,8.856432914733887,0.0006479515577666461,-124.54607391357422,13.763033866882324,44.83563052475898,3.3092980574924304
427.0126647949219,55.798526763916016,-6.576101779937744,0.1419096142053604,290.82470703125,41.54457092285156,-6.159078121185303,0.1551360785961151,309.8340759277344,46.35922622680664,-6.227822780609131,0.16249381005764008,17.51236343383789,14,1.5068520307540894,1.1606090068817139,-83.45706939697266,1879.5747527549083,391.5502386563525,44.83571480587593,3.233496273666177,0.34034278988838196,0.3392576277256012,-68.10931396484375,2,7.907958984375,0.000578700564801693,220.16505432128906,9.041111946105957,44.83571480587592,3.2334962736661708
1681.032470703125,67.41230010986328,-8.063940048217773,0.04355047270655632,1281.115478515625,44.696964263916016,-7.768970489501953,0.03788956254720688,1573.9208984375,70.85332489013672,-7.992457389831543,0.04888854920864105,66.8262710571289,57,2.1036484241485596,1.7339638471603394,-24.784204483032227,865.2068147204919,397.8089613142648,44.836148596318424,3.307739233114028,0.08680656552314758,0.08640384674072266,25.393064498901367,0,5.582561016082764,0.00040843035094439983,1398.06103515625,12.621891021728516,44.83614859631843,3.3077392331140354
942.9857788085938,54.9617805480957,-7.436263084411621,0.063297338783741,27.63323402404785,40.693599700927734,-3.60357928276062,1.5992788076400757,-519.5657958984375,147.92518615722656,99.0,99.0,11.779973983764648,9,1.6999784708023071,1.4714536666870117,-76.73101043701172,1286.2355590966356,399.5650123162306,44.83628916275117,3.2769266748050745,1.3046029806137085,1.3034541606903076,89.56492614746094,17,9.468934059143066,0.0006928307702764869,635.0428466796875,10.199871063232422,44.83628916275117,3.276926674805074
334.5340576171875,50.24195861816406,-6.311100959777832,0.16310077905654907,143.4371337890625,41.10017395019531,-5.391654014587402,0.3111801743507385,89.70907592773438,70.03984832763672,-4.882091045379639,0.8478882908821106,14.884371757507324,11,1.3925588130950928,1.2949604988098145,65.3992691040039,1234.4510070527342,392.1394168644459,44.83574376131747,3.280717234254048,0.35327693819999695,0.35137808322906494,10.770009994506836,1,8.031068801879883,0.000587617454584688,223.68519592285156,8.355352401733398,44.83574376131746,3.280717234254041
224.16091918945312,40.2651481628418,-5.876399517059326,0.1950739324092865,219.21353149414062,41.32199478149414,-5.852168560028076,0.20471221208572388,185.94619750976562,40.29446029663086,-5.673468112945557,0.23533572256565094,14.968897819519043,9,2.156221389770508,0.58359295129776,-3.9677443504333496,980.4636425011334,386.8580213290321,44.83534973039764,3.2993055744807247,0.4317598044872284,0.4281700849533081,-10.623629570007324,16,6.697507381439209,0.0004900161875411868,20.774019241333008,12.937328338623047,44.83534973039764,3.299305574480725
2768.848876953125,129.97120666503906,-8.605748176574707,0.05097740516066551,193.0175018310547,41.25034713745117,-5.713991641998291,0.23209230601787567,-104.77105712890625,130.13650512695312,99.0,99.0,18.490602493286133,25,3.308354377746582,1.229858160018921,-48.638511657714844,1348.9586797719858,409.62799299002995,44.83702803615032,3.272335268932548,0.6846714019775391,0.6810173988342285,-60.58482360839844,1,12.089393615722656,0.000884575245436281,1336.517578125,19.850126266479492,44.83702803615032,3.272335268932548
1268.8258056640625,64.46912384033203,-7.758504867553711,0.05517973378300667,972.215087890625,43.71837615966797,-7.469405651092529,0.04883503541350365,1045.291259765625,65.9564437866211,-7.548093318939209,0.06852510571479797,53.69247817993164,47,1.8646514415740967,1.7513997554779053,-47.588958740234375,1510.3737880872936,413.276291015447,44.83729916899783,3.2605205972505975,0.10943452268838882,0.10878942161798477,-47.67288589477539,0,6.034333229064941,0.0004415452713146806,920.5546875,11.187908172607422,44.837299168997845,3.2605205972506037
446.04766845703125,52.99615478515625,-6.623453140258789,0.12903065979480743,343.51971435546875,41.750545501708984,-6.339879035949707,0.13198979198932648,509.6653747558594,78.95218658447266,-6.768212795257568,0.16823209822177887,22.675817489624023,16,2.1230366230010986,1.2913720607757568,-44.59001922607422,1204.9309183400471,424.44361037606086,44.838109833490535,3.2828753837307927,0.3749091625213623,0.3738176226615906,87.9769058227539,2,9.915538787841797,0.0007254860829561949,474.0957946777344,12.73822021484375,44.838109833490535,3.2828753837307922
594.1069946289062,65.33321380615234,-6.934661865234375,0.11942607909440994,253.82281494140625,41.453163146972656,-6.011326789855957,0.17736047506332397,261.1519775390625,63.52692794799805,-6.042233467102051,0.264176607131958,20.607717514038086,20,2.3558881282806396,1.31984543800354,-48.67816925048828,891.4644107225561,426.8646279897377,44.83827821642849,3.3058154865168703,0.29350125789642334,0.29036056995391846,-32.97136688232422,2,10.562847137451172,0.0007727931370027363,-325.18194580078125,14.13532829284668,44.83827821642849,3.3058154865168703
890.207275390625,78.14884948730469,-7.373727798461914,0.09533695131540298,100.2316665649414,41.0507926940918,-5.002512454986572,0.44478124380111694,165.7659149169922,89.8401870727539,-5.5487380027771,0.5885796546936035,18.615694046020508,9,1.755833625793457,0.7265060544013977,-69.9461898803711,1256.9213678755273,425.0622718633811,44.83815653012956,3.279070304125524,0.3754865825176239,0.3724115490913391,-74.9925537109375,3,6.387749671936035,0.0004673755029216409,1049.4674072265625,10.535001754760742,44.83815653012955,3.279070304125517
1096.654541015625,82.52147674560547,-7.600174427032471,0.08171974122524261,142.0102081298828,41.03157043457031,-5.380798816680908,0.313782274723053,-169.45755004882812,141.93563842773438,99.0,99.0,15.19277286529541,15,1.8978441953659058,1.8010691404342651,81.29774475097656,1345.700786515569,468.41471521354686,44.841335060350545,3.2725695348831194,1.092297911643982,1.0911859273910522,-82.07047271728516,1,11.077080726623535,0.0008104845182970166,726.1559448242188,11.387064933776855,44.84133506035055,3.272569534883126
538.7323608398438,57.69892883300781,-6.828432559967041,0.11631199717521667,390.49444580078125,41.967933654785156,-6.479037284851074,0.11671658605337143,418.5411071777344,82.64804077148438,-6.55434513092041,0.21444912254810333,26.618892669677734,18,1.7109014987945557,1.1886940002441406,-25.99429702758789,1159.0244931675916,433.19918444734424,44.838750087225975,3.286234443024874,0.25883999466896057,0.2576308846473694,85.69840240478516,2,7.7868266105651855,0.0005697276792488992,388.4473571777344,10.265409469604492,44.838750087225975,3.286234443024874
607.7296142578125,60.38432312011719,-6.95927619934082,0.10790551453828812,452.63934326171875,42.078365325927734,-6.639380931854248,0.1009569838643074,549.7318725585938,59.37715148925781,-6.850377082824707,0.11730007082223892,31.26982307434082,26,1.996983289718628,1.3517329692840576,-36.25981903076172,745.9274568202272,437.06323172274114,44.83902081377397,3.316464648928096,0.26789411902427673,0.26678013801574707,-42.499412536621094,1,9.281671524047852,0.0006790366023778915,211.34295654296875,11.98189926147461,44.83902081377398,3.3164646489281044
1599.1929931640625,102.26679229736328,-8.00975227355957,0.06944861263036728,91.55607604980469,40.87764358520508,-4.904217720031738,0.48487359285354614,209.83831787109375,90.45269012451172,-5.804711818695068,0.46813005208969116,20.43059539794922,9,1.3840417861938477,0.7491235733032227,-87.75364685058594,1355.198326072659,432.1023940239228,44.838674831560255,3.2718769955632596,0.40430748462677,0.40148699283599854,89.58182525634766,3,4.195176601409912,0.00030695655732415617,720.802734375,8.304250717163086,44.83867483156024,3.2718769955632525
411.18963623046875,55.8333854675293,-6.535105228424072,0.14746251702308655,226.0760955810547,41.31319046020508,-5.885636806488037,0.19845585525035858,254.05198669433594,52.81037521362305,-6.0123066902160645,0.22574934363365173,14.503456115722656,12,2.149507522583008,0.9177036285400391,-23.287490844726562,1665.0491250113478,436.7649018187152,44.83902347521039,3.2491972229163295,0.5656734108924866,0.564993143081665,-76.64391326904297,2,8.402392387390137,0.0006148393149487674,37.989219665527344,12.897045135498047,44.83902347521039,3.2491972229163295
329.160888671875,49.9085693359375,-6.293520450592041,0.16466327011585236,146.3694610595703,41.12594985961914,-5.413626194000244,0.3051373064517975,66.91413116455078,66.14511108398438,-4.5637946128845215,1.073518991470337,17.102739334106445,11,2.0217013359069824,1.0138136148452759,46.95185470581055,1229.972780299715,437.9838532163314,44.83910254665294,3.281041665390538,0.3979637324810028,0.39583998918533325,86.52735900878906,1,8.565986633300781,0.0006267445860430598,267.8699645996094,12.130208015441895,44.83910254665294,3.2810416653905383
276.30230712890625,45.791725158691406,-6.103461265563965,0.17998334765434265,120.09539794921875,41.06965255737305,-5.198815822601318,0.3713851273059845,117.87086486816406,48.89825439453125,-5.178516387939453,0.4505227208137512,18.048484802246094,10,2.284766435623169,0.8217437267303467,-84.51423645019531,395.18830712237485,448.62261345086523,44.83985546889771,3.342127840986793,0.5352872014045715,0.5296250581741333,-87.7237777709961,0,8.195843696594238,0.0005995536339469254,-254.13558959960938,13.708599090576172,44.83985546889772,3.3421278409868016
1176.3917236328125,80.93292236328125,-7.676379680633545,0.07471419125795364,63.512081146240234,40.815025329589844,-4.507140636444092,0.6979005932807922,-243.63011169433594,93.87068939208984,99.0,99.0,17.863733291625977,12,2.097012758255005,0.6484017372131348,-44.882572174072266,1258.0621448002216,468.3626957034555,44.84132901466079,3.2789836752296857,0.973534345626831,0.9702512621879578,27.108755111694336,17,6.964878082275391,0.0005095942178741097,1079.7161865234375,12.582077026367188,44.84132901466078,3.278983675229679
253.1505584716797,43.10169982910156,-6.008447170257568,0.1849035918712616,103.16270446777344,40.90077590942383,-5.033806800842285,0.43056491017341614,103.62227630615234,51.15085220336914,-5.038632869720459,0.5360799431800842,20.879606246948242,10,1.8978382349014282,1.078607201576233,29.76616096496582,722.961738632751,457.4847985043162,44.84051624009378,3.318143528273936,0.829079270362854,0.8233794569969177,61.5211181640625,0,7.009079456329346,0.0005127699114382267,-189.58181762695312,11.387029647827148,44.84051624009378,3.318143528273936
544.3570556640625,59.76192855834961,-6.839709758758545,0.1192258894443512,265.8194580078125,41.42985534667969,-6.061466693878174,0.16926082968711853,463.60791015625,78.03661346435547,-6.665377140045166,0.1828005164861679,23.81446647644043,9,1.3983510732650757,0.800739586353302,-86.9299087524414,2019.879619945303,452.3979210770958,44.84017536047626,3.223220970586643,0.23161581158638,0.11963801831007004,-86.89045715332031,18,5.2220659255981445,0.0003821510181296617,338.91802978515625,8.390106201171875,44.840175360476245,3.2232209705866373
1565.4268798828125,94.94026184082031,-7.986581802368164,0.06586389988660812,699.1773681640625,42.7564697265625,-7.111468315124512,0.06641165167093277,1347.0972900390625,107.12759399414062,-7.823497295379639,0.08636389672756195,27.620813369750977,64,4.039288520812988,2.169306516647339,80.57686614990234,1105.9943992287117,494.69601247375516,44.84325419181023,3.2901108199464923,0.22134095430374146,0.21863290667533875,-78.72338104248047,3,17.757465362548828,0.001299189985729754,135.29348754882812,24.23573112487793,44.84325419181023,3.290110819946492
264.9109802246094,44.63114929199219,-6.0577497482299805,0.1829649657011032,128.18960571289062,41.01704025268555,-5.269631862640381,0.34748923778533936,116.3818130493164,48.8940544128418,-5.164712905883789,0.4562477767467499,14.147392272949219,10,1.7026094198226929,1.0875978469848633,-58.08287048339844,798.0042774218452,462.28464034046806,44.84087033666083,3.3126518823979034,0.42919158935546875,0.42791715264320374,-42.424503326416016,0,8.139052391052246,0.0005954444059170783,-80.63666534423828,10.215656280517578,44.84087033666083,3.3126518823979034
305.4782409667969,43.99560546875,-6.2124505043029785,0.15640795230865479,232.2202606201172,41.33369827270508,-5.914750099182129,0.19330094754695892,228.6243133544922,49.20966720581055,-5.897806167602539,0.23375335335731506,23.868492126464844,10,1.5104700326919556,0.7899450659751892,39.63854217529297,820.4696141784467,462.31874619497717,44.84087355185971,3.311007947784993,0.3697074353694916,0.36708196997642517,-1.8591402769088745,2,6.519804000854492,0.00047698456910438836,228.60598754882812,9.062820434570312,44.84087355185971,3.311007947784993
377.0509033203125,49.2714958190918,-6.440999984741211,0.14191411435604095,320.03143310546875,41.53114700317383,-6.262981414794922,0.14093248546123505,410.35235595703125,54.43418884277344,-6.532892227172852,0.144060418009758,26.944482803344727,12,1.8070176839828491,1.2918057441711426,-41.31986618041992,640.9875769963371,473.60156631676233,44.841694265228874,3.324140559709591,0.40136271715164185,0.4009045362472534,-51.68730926513672,2,7.68369722366333,0.0005621106247417629,400.8344421386719,10.842105865478516,44.841694265228874,3.324140559709591
1732.1226806640625,92.83155059814453,-8.096446990966797,0.05820319056510925,852.0538940429688,43.307373046875,-7.326167583465576,0.05519816279411316,1231.31787109375,92.70652770996094,-7.725925445556641,0.08176547288894653,46.64631271362305,66,3.0186140537261963,2.160627603530884,39.747955322265625,1408.9649064834807,500.4403284890515,44.843682961675704,3.2679369325722485,0.14430545270442963,0.14318148791790009,34.764183044433594,2,10.621167182922363,0.0007771291420795023,748.523681640625,18.111684799194336,44.8436829616757,3.267936932572242
305.6397705078125,44.07917785644531,-6.213024616241455,0.1566222459077835,334.2517395019531,41.735618591308594,-6.310184001922607,0.13560102880001068,628.298828125,104.01651000976562,-6.995415687561035,0.17979013919830322,22.767379760742188,13,2.124044179916382,0.9044889211654663,-51.45709991455078,1212.419001683855,482.3878014680156,44.8423553581821,3.282323114089357,0.4002901315689087,0.39901548624038696,-28.966594696044922,3,8.291337966918945,0.0006066368077881634,776.5198974609375,12.744264602661133,44.84235535818208,3.28232311408935
402.9945983886719,54.27067565917969,-6.513247966766357,0.14624997973442078,-345.0146484375,37.443443298339844,99.0,99.0,149.25149536132812,30.9576416015625,-5.4347968101501465,0.22525736689567566,16.799575805664062,9,1.8060102462768555,0.36518198251724243,-86.07266998291016,2044.1546516958203,499.5531482600202,44.843630603362676,3.221440850996853,0.31436821818351746,0.06594116985797882,-85.80462646484375,18,4.824309825897217,0.00035304136690683663,-2037.921630859375,10.836061477661133,44.843630603362676,3.2214408509968524
738.46923828125,73.77549743652344,-7.170831203460693,0.10849495977163315,220.39852905273438,41.29423141479492,-5.8580217361450195,0.2034747451543808,574.4127197265625,111.98529052734375,-6.898060321807861,0.21172237396240234,22.14803123474121,13,1.739248275756836,1.0008598566055298,-38.8848991394043,1214.0756068590154,482.1228545482647,44.842335991175766,3.2822018934470134,0.4971217215061188,0.49393191933631897,-33.987239837646484,3,7.889427185058594,0.0005772319273091853,712.537353515625,10.435489654541016,44.84233599117577,3.28220189344702
257.2309265136719,38.03965377807617,-6.025807857513428,0.16059912741184235,-352.2681884765625,37.84373474121094,99.0,99.0,184.18392944335938,33.6422119140625,-5.6631293296813965,0.19836390018463135,18.628570556640625,11,3.5618793964385986,0.28867506980895996,90.0,3.0,493.66531417251286,44.84313978249567,3.370818003669611,0.41990670561790466,0.035053789615631104,90.0,19,6.046675682067871,0.0004422942874953151,-4503.57861328125,21.37127685546875,44.84313978249567,3.370818003669611
701.0037231445312,63.406070709228516,-7.114300727844238,0.09822914004325867,478.672607421875,42.13252639770508,-6.700096607208252,0.09558918327093124,1003.3527221679688,102.77433776855469,-7.503633975982666,0.1112399771809578,22.614627838134766,30,2.7626500129699707,1.1837583780288696,81.25837707519531,1105.0624262647266,497.34081834501416,44.843447933929525,3.290178825153973,0.3754512071609497,0.37032344937324524,81.87764739990234,3,10.83388900756836,0.000792638398706913,478.332275390625,16.57590103149414,44.84344793392952,3.2901788251539656
1500.3096923828125,90.32048797607422,-7.9404520988464355,0.06537853181362152,748.0322875976562,43.03573989868164,-7.18480110168457,0.06247967109084129,1044.3851318359375,83.68596649169922,-7.547151565551758,0.08702053874731064,31.131528854370117,60,2.6801652908325195,1.9815617799758911,55.944427490234375,644.2731071068685,507.8131852609128,44.844200807650054,3.323897339617372,0.18589241802692413,0.1849447637796402,28.517038345336914,0,10.824295043945312,0.000791854748968035,542.4041748046875,16.080991744995117,44.844200807650054,3.323897339617372
263.2362976074219,42.26909637451172,-6.050864219665527,0.17438414692878723,184.66094970703125,41.158775329589844,-5.665937900543213,0.242056742310524,155.0261688232422,45.53807067871094,-5.476012706756592,0.31900644302368164,18.98540496826172,11,1.6609138250350952,0.9898763298988342,60.400386810302734,1494.1725576615677,497.0491947413979,44.84343652120644,3.261700640064187,0.32400453090667725,0.3227008581161499,-20.28692626953125,1,7.66549015045166,0.0005608804640360177,140.64569091796875,9.965482711791992,44.84343652120643,3.26170064006418
1146.959716796875,79.69595336914062,-7.648870468139648,0.07546019554138184,613.446533203125,42.602210998535156,-6.969441890716553,0.07541978359222412,941.7482299804688,71.23978424072266,-7.4348368644714355,0.08215189725160599,33.44904327392578,39,2.131437301635742,1.743416428565979,31.847618103027344,1449.7225982221537,507.5718697343228,44.844206420248426,3.2649533127479984,0.2345864623785019,0.23371702432632446,36.603118896484375,2,11.551475524902344,0.0008452037582173944,681.4115600585938,12.788623809814453,44.844206420248426,3.264953312747998
946.0118408203125,81.266357421875,-7.439741611480713,0.09329192340373993,-325.08526611328125,37.8090934753418,99.0,99.0,333.423583984375,39.1573371887207,-6.307490825653076,0.12754006683826447,23.497085571289062,18,4.8982086181640625,0.28867506980895996,90.0,3.0,534.2909162925314,44.84611596076458,3.3708142463127935,0.5196151733398438,0.028359895572066307,90.0,18,7.103946685791016,0.0005196218262426555,-6114.61865234375,29.389251708984375,44.84611596076458,3.3708142463127935
397.8485107421875,49.345863342285156,-6.499294281005859,0.1346985250711441,328.54510498046875,41.59092712402344,-6.291487693786621,0.1374780684709549,379.1944885253906,48.62977600097656,-6.447154998779297,0.1392740160226822,25.289081573486328,17,2.0421314239501953,0.8999045491218567,51.270835876464844,315.0895678757017,507.674390969284,44.84417868882401,3.3479833135795554,0.34316110610961914,0.3389286398887634,58.668113708496094,0,8.107926368713379,0.000593098986428231,290.10479736328125,12.252788543701172,44.844178688824,3.3479833135795465
962.0054321289062,81.27398681640625,-7.457943916320801,0.09174953401088715,414.401123046875,41.95283889770508,-6.543552398681641,0.10994367301464081,450.7618103027344,63.164100646972656,-6.6348676681518555,0.15217840671539307,23.35944175720215,27,2.425483465194702,1.2525489330291748,67.04716491699219,774.9726122120056,517.30445210809,44.844900514231604,3.3143328352816015,0.2637995779514313,0.26363933086395264,-13.82530403137207,2,10.44036865234375,0.0007637866656295955,44.20893478393555,14.552900314331055,44.844900514231604,3.314332835281602
1212.9752197265625,94.94954681396484,-7.709630012512207,0.08501014858484268,182.24810791015625,41.134765625,-5.651657581329346,0.24511834979057312,123.35031127929688,136.0482635498047,-5.227850437164307,1.1977952718734741,21.45895004272461,18,2.4605555534362793,1.0634971857070923,3.5057919025421143,1362.8765211887414,504.2069236588885,44.8439577908377,3.2713098845864175,0.3107548654079437,0.30687031149864197,10.837957382202148,19,9.685991287231445,0.000708695559296757,894.5900268554688,14.763333320617676,44.843957790837685,3.2713098845864104
448.32244873046875,48.04909133911133,-6.628976345062256,0.11639237403869629,-353.0025634765625,37.826416015625,99.0,99.0,129.7815704345703,19.062366485595703,-5.283032417297363,0.15951208770275116,23.787643432617188,4,1.1516685485839844,0.28867506980895996,90.0,3.0,502.95231046873874,44.8438201417275,3.3708171471525983,0.193316251039505,0.04544449225068092,90.0,19,3.3894076347351074,0.000247923017013818,-1089.8062744140625,6.910011291503906,44.8438201417275,3.3708171471525987
373.4254455566406,49.6280403137207,-6.430509567260742,0.14432881772518158,88.11920166015625,40.882076263427734,-4.862676620483398,0.5038394927978516,30.792190551757812,81.79840087890625,-3.7211015224456787,2.8849217891693115,14.055408477783203,9,1.3407766819000244,0.8100799918174744,-12.774569511413574,1251.8118131927804,507.8357839188167,44.84422082305675,3.2794382323701847,0.26948651671409607,0.26147371530532837,27.882553100585938,1,6.2168707847595215,0.00045485771261155605,414.1989440917969,8.044660568237305,44.84422082305675,3.2794382323701847
355.3370361328125,51.115692138671875,-6.376601219177246,0.15622250735759735,172.79147338867188,41.134910583496094,-5.59380578994751,0.2585342228412628,63.063568115234375,113.97051239013672,-4.499446392059326,1.9626542329788208,19.385730743408203,14,1.831044316291809,1.277053713798523,15.665044784545898,1363.8212598701907,516.4736367673911,44.84485651849674,3.2712398580616324,0.23213522136211395,0.22124579548835754,-82.77696228027344,1,9.1532621383667,0.0006697143544442952,573.0346069335938,10.986266136169434,44.84485651849674,3.2712398580616324
774.4826049804688,74.95858764648438,-7.22252893447876,0.10510891675949097,367.4248046875,41.76675033569336,-6.412920951843262,0.12345026433467865,468.4596252441406,80.727294921875,-6.676680564880371,0.1871449202299118,21.23202896118164,19,1.8557430505752563,1.3434507846832275,-85.15160369873047,655.1295612073375,529.3251245732831,44.845777173187315,3.3231011766932577,0.34466230869293213,0.34257254004478455,87.52084350585938,2,9.453047752380371,0.0006915362318977714,502.7289733886719,11.134458541870117,44.845777173187315,3.3231011766932577
595.4385986328125,63.16660690307617,-6.937092304229736,0.11520740389823914,378.8838806152344,41.835906982421875,-6.44626522064209,0.11991482228040695,556.8237915039062,96.05918884277344,-6.864294528961182,0.18734881281852722,23.440074920654297,25,1.7365540266036987,1.318627119064331,51.68500518798828,1343.9743087062902,526.7830651044806,44.84561132550588,3.2726916948010225,0.24688512086868286,0.24525019526481628,60.23195266723633,2,7.233842372894287,0.0005292718997225165,892.9119873046875,10.419323921203613,44.84561132550588,3.2726916948010225
427.3802185058594,55.84363555908203,-6.577035903930664,0.14190219342708588,226.28265380859375,41.29801940917969,-5.886628150939941,0.19820187985897064,188.99073791503906,64.14075469970703,-5.69110107421875,0.368572860956192,21.282665252685547,17,1.8991729021072388,1.7023682594299316,-20.618837356567383,1643.3209962251508,526.3284739572239,44.845584920691714,3.250781647123201,0.40230411291122437,0.39924943447113037,27.29250717163086,0,10.77180004119873,0.0007881875499151647,-101.63042449951172,11.395037651062012,44.845584920691714,3.250781647123201
609.5391235351562,61.62315368652344,-6.962503910064697,0.10979236662387848,372.64263916015625,41.84664535522461,-6.428231239318848,0.1219545379281044,417.53363037109375,75.3917465209961,-6.55172872543335,0.19609303772449493,24.766834259033203,15,1.888977289199829,0.9076905846595764,26.612321853637695,1515.460080912318,527.8763170595781,44.8456955199737,3.2601403773755573,0.295738160610199,0.29327136278152466,80.70467376708984,2,7.237626552581787,0.0005295706214383245,464.487060546875,11.333864212036133,44.845695519973695,3.26014037737555
34600.80078125,309.9776611328125,-11.347715377807617,0.009729131124913692,3437.302978515625,51.007728576660156,-8.840544700622559,0.01611565612256527,30429.4453125,308.59954833984375,-11.208234786987305,0.011013644747436047,117.04987335205078,1103,9.87624740600586,6.9841108322143555,-30.972375869750977,473.63316160254254,645.6204490932066,44.854290308012644,3.3363712629764684,0.09319568425416946,0.09153157472610474,-36.32669448852539,0,25.25520896911621,0.0018473885720595717,26228.515625,59.257484436035156,44.85429030801264,3.336371262976461
400.517333984375,50.75000762939453,-6.5065531730651855,0.13760828971862793,298.9018249511719,41.618629455566406,-6.188821315765381,0.15121297538280487,306.0274353027344,52.945945739746094,-6.214400768280029,0.18788935244083405,21.652013778686523,17,1.5635230541229248,1.0294865369796753,85.0433120727539,1540.2395788470292,539.5979525997597,44.846554841224204,3.258325851693223,0.2778852581977844,0.27532118558883667,61.76456832885742,0,7.584011554718018,0.0005549158086068928,279.24151611328125,9.38113784790039,44.846554841224204,3.258325851693223
298.63916015625,46.885162353515625,-6.187866687774658,0.17049768567085266,79.67633819580078,40.78938293457031,-4.753323554992676,0.55596524477005,79.75288391113281,40.33740997314453,-4.754365921020508,0.5492770075798035,13.976908683776855,9,1.5211427211761475,0.8371743559837341,52.39971923828125,1362.3892211178488,535.9560858490518,44.84628382535917,3.2713432634955755,0.4444078207015991,0.4440872371196747,-12.580971717834473,0,6.738030910491943,0.0004929956630803645,-9.618709564208984,9.126855850219727,44.84628382535919,3.271343263495582
477.3567199707031,60.11626052856445,-6.697107791900635,0.1367661952972412,185.14813232421875,41.128562927246094,-5.668798446655273,0.24124261736869812,222.8140411376953,59.44523239135742,-5.869856357574463,0.2897372245788574,19.077674865722656,16,2.2001845836639404,1.247926950454712,17.559144973754883,502.79082051074164,543.5726468774689,44.84681559977863,3.3342466557789043,0.6344695687294006,0.6302739977836609,-2.1554014682769775,0,9.92287826538086,0.0007258800906129181,-144.94918823242188,13.201107025146484,44.84681559977862,3.3342466557788963
98.52525329589844,26.52593231201172,-4.9838690757751465,0.2923835515975952,131.61962890625,41.04454040527344,-5.298301696777344,0.33866047859191895,187.53207397460938,58.529747009277344,-5.6826887130737305,0.33894631266593933,17.902183532714844,4,0.8577084541320801,0.5018743276596069,53.858951568603516,794.4239189461023,546.9770576595413,44.84707499863561,3.31290709766714,0.7642256617546082,0.7614855766296387,80.85880279541016,2,3.8754706382751465,0.0002835160994436592,208.88833618164062,5.1462507247924805,44.84707499863561,3.3129070976671393
223.48866271972656,40.14102554321289,-5.873138904571533,0.19505755603313446,-352.8051452636719,37.8090934753418,99.0,99.0,96.2424545288086,28.50830841064453,-4.958416938781738,0.321687787771225,17.775039672851562,9,2.608103036880493,0.28867506980895996,90.0,3.0,561.7150919445957,44.84812498079765,3.370811694459546,0.4277574121952057,0.0472538061439991,90.0,17,5.161304473876953,0.00037752214120700955,-3125.67041015625,15.648618698120117,44.84812498079765,3.370811694459546
1897.7271728515625,82.69820404052734,-8.195584297180176,0.04732516407966614,1177.8114013671875,44.42130661010742,-7.677689552307129,0.04095862805843353,1699.0384521484375,81.2052993774414,-8.075508117675781,0.05190521478652954,43.68983840942383,73,2.4781692028045654,1.9501010179519653,-28.69681167602539,518.3937314121537,565.9850728643048,44.84845808261968,3.3331031036067937,0.11778076738119125,0.11680208146572113,-53.2916259765625,0,7.62018346786499,0.0005574299138970673,1358.7406005859375,14.869014739990234,44.84845808261968,3.3331031036067937
289.8932800292969,44.81850051879883,-6.155595302581787,0.16789934039115906,177.11083984375,41.19712829589844,-5.620613098144531,0.25261062383651733,156.9734344482422,42.183380126953125,-5.489565372467041,0.29184016585350037,23.171422958374023,12,1.3208861351013184,0.9557504653930664,-48.1927375793457,1407.2903295598505,562.234510430972,44.84821013847921,3.268055076057441,0.2554261386394501,0.2542818486690521,-56.5999641418457,0,4.998051166534424,0.00036568832001648843,137.82310485839844,7.92531681060791,44.84821013847921,3.2680550760574407
1322.6798095703125,92.76895141601562,-7.8036370277404785,0.07616890966892242,548.355224609375,42.34455871582031,-6.847654819488525,0.0838620513677597,1203.4119873046875,94.76227569580078,-7.701035976409912,0.08551670610904694,28.255329132080078,56,3.7125754356384277,1.8162072896957397,-87.84513854980469,1334.5671997803538,596.5368150138668,44.85072134859687,3.2733750969786954,0.312337726354599,0.3095686733722687,-86.54183197021484,2,15.573470115661621,0.00113941659219563,357.6063537597656,22.27545166015625,44.85072134859687,3.2733750969786954
5347.26708984375,77.0611343383789,-9.320329666137695,0.015650684013962746,4347.58447265625,53.3019905090332,-9.095620155334473,0.013314510695636272,5143.02978515625,80.59847259521484,-9.278047561645508,0.017019139602780342,244.83547973632812,96,2.1311569213867188,1.9084713459014893,28.291166305541992,1291.497047168865,588.2150175854554,44.850110591349,3.276527884875604,0.028899775817990303,0.02886703424155712,66.54049682617188,0,4.159400939941406,0.00030431608320213854,5414.87255859375,12.786941528320312,44.850110591349,3.276527884875604
289.2914123535156,46.39207077026367,-6.15333890914917,0.1741558462381363,98.18853759765625,41.04393005371094,-4.980152130126953,0.4539603888988495,96.37439727783203,41.197166442871094,-4.959904193878174,0.4642324447631836,13.698019981384277,9,1.3133403062820435,1.0109273195266724,84.3841552734375,619.0280056637799,573.6539028534464,44.84902345489843,3.325739087541172,0.8910525441169739,0.8874431848526001,-68.55460357666016,0,6.881542682647705,0.0005034056957811117,-39.1550407409668,7.88004207611084,44.84902345489843,3.3257390875411716
421.64105224609375,51.05963134765625,-6.562357425689697,0.13151176273822784,310.4617004394531,41.64119338989258,-6.230020046234131,0.14566156268119812,445.038330078125,63.924930572509766,-6.620993614196777,0.15599212050437927,22.36907958984375,18,2.7808117866516113,1.1267350912094116,-52.376041412353516,1561.932052027818,600.003125268481,44.85098069343266,3.2567338623384825,0.4663829803466797,0.46398791670799255,-27.770526885986328,1,10.603425979614258,0.0007758300635032356,176.13833618164062,16.684871673583984,44.850980693432675,3.2567338623384883
279.5595703125,46.08393859863281,-6.116186141967773,0.1790214478969574,81.18794250488281,40.87471389770508,-4.773728847503662,0.546755313873291,53.97085189819336,31.58490753173828,-4.330398082733154,0.6355506181716919,14.227472305297852,6,1.7948493957519531,0.43314114212989807,-83.03245544433594,654.2858909331568,592.161592415757,44.85038052124338,3.3231576919957213,0.44493910670280457,0.4387914538383484,49.8657112121582,3,5.246245384216309,0.0003837790573015809,-70.71833801269531,10.769096374511719,44.850380521243395,3.323157691995729
247.00994873046875,42.07346725463867,-5.981786251068115,0.18497952818870544,187.24241638183594,41.21514129638672,-5.681010723114014,0.23904649913311005,166.24673461914062,61.749061584472656,-5.551882743835449,0.40337321162223816,14.502284049987793,6,1.1352524757385254,0.8200843930244446,-33.87698745727539,303.789132839547,589.5061635060184,44.850173145014644,3.348802892509204,0.3968440890312195,0.3920418620109558,-89.6679916381836,2,5.463673114776611,0.00039965714677236974,158.41847229003906,6.811514854431152,44.850173145014644,3.348802892509204
341.8804626464844,49.11983871459961,-6.334685802459717,0.1560315638780594,177.28245544433594,41.1658821105957,-5.621664524078369,0.2521747052669525,170.9653778076172,45.225608825683594,-5.582270622253418,0.28728044033050537,18.533082962036133,14,1.594584345817566,0.9757335186004639,-27.834083557128906,1057.1819288156205,592.0518636378588,44.85038524940657,3.293675559690623,0.3260868191719055,0.32176896929740906,-62.206871032714844,0,7.455228805541992,0.0005454201600514352,42.26935958862305,9.567505836486816,44.85038524940657,3.2936755596906235
506.8722229003906,61.0157356262207,-6.762246131896973,0.13072937726974487,189.5834197998047,41.19117736816406,-5.694500923156738,0.23595744371414185,212.4766845703125,69.10615539550781,-5.8182783126831055,0.3532118499279022,15.94515323638916,7,1.3745650053024292,0.7493259310722351,-17.011751174926758,1767.6206163922718,590.6189066101589,44.85029748397066,3.241678709613397,0.40178778767585754,0.40085431933403015,36.87169647216797,2,6.051952838897705,0.00044283285387791693,265.1315612792969,8.247389793395996,44.850297483970664,3.241678709613403
2556.245849609375,106.37928771972656,-8.519006729125977,0.045194365084171295,1030.456298828125,43.88681411743164,-7.53257417678833,0.04625239968299866,1954.20263671875,107.75452423095703,-8.227423667907715,0.05988192558288574,34.938575744628906,102,3.0913944244384766,2.8401732444763184,-53.0534782409668,1902.5370143241537,628.5163188492239,44.85307634140134,3.231800015199844,0.16575932502746582,0.16421343386173248,-50.00466537475586,0,14.128667831420898,0.0010338416323065758,1364.9365234375,18.54836654663086,44.85307634140134,3.2318000151998434
587.6648559570312,64.52692413330078,-6.922824382781982,0.119245246052742,351.4065246582031,41.71381759643555,-6.3645243644714355,0.12891395390033722,377.4517822265625,70.6042251586914,-6.4421539306640625,0.20314167439937592,23.413860321044922,24,2.1322736740112305,1.7770320177078247,5.1354804039001465,366.35085016233086,608.1191035535218,44.8515390813427,3.34422394169346,0.3874000012874603,0.38642823696136475,14.116244316101074,0,11.665017127990723,0.0008532768697477877,120.93887329101562,12.793642044067383,44.85153908134269,3.344223941693452
242.56092834472656,42.81330490112305,-5.962052345275879,0.19168482720851898,52.75260543823242,40.79471206665039,-4.305609703063965,0.8398268818855286,25.088878631591797,46.57146072387695,-3.4987032413482666,2.015897512435913,13.788683891296387,9,2.273698091506958,0.7326618432998657,21.991390228271484,114.63828002714396,605.7907869092808,44.851358490095976,3.362640141500504,0.4281051754951477,0.3995353877544403,1.5251572132110596,0,7.716460704803467,0.000564419839065522,-477.78076171875,13.642189025878906,44.85135849009598,3.362640141500512
12773.041015625,150.54115295410156,-10.265735626220703,0.012799433432519436,4800.04443359375,54.52033996582031,-9.203113555908203,0.012335112318396568,12232.455078125,154.0021514892578,-10.21878433227539,0.013672344386577606,161.09925842285156,324,5.49870491027832,2.9374799728393555,72.26510620117188,1851.440154794,670.9106391581394,44.856181156953035,3.235537633804607,0.051132429391145706,0.048305694013834,71.2027587890625,0,9.448027610778809,0.0006913229008205235,10547.4794921875,32.99222946166992,44.85618115695305,3.2355376338046127
4791.40234375,116.3220443725586,-9.201156616210938,0.026365086436271667,2055.842529296875,47.05478286743164,-8.282474517822266,0.02485671639442444,4367.65478515625,116.84437561035156,-9.100621223449707,0.029052888974547386,71.39685821533203,156,3.3964757919311523,2.9158482551574707,-19.15199851989746,901.3789952916619,638.6297519101169,44.85379277655898,3.3050732411895356,0.09298065304756165,0.09270285069942474,12.443061828613281,0,10.638701438903809,0.0007782799657434225,4002.532470703125,20.378854751586914,44.85379277655898,3.3050732411895356
292.5131530761719,46.928287506103516,-6.165363311767578,0.1742284744977951,115.16539001464844,40.98920822143555,-5.1533050537109375,0.38652482628822327,106.37263488769531,43.171180725097656,-5.067074775695801,0.4407515227794647,16.022464752197266,11,1.6951755285263062,0.8657684922218323,-75.22932434082031,1492.6230099339145,613.1724789019049,44.85194390410896,3.261805852241407,0.636091947555542,0.633926510810852,52.71779251098633,0,7.2387375831604,0.0005296311574056745,-205.81619262695312,10.171052932739258,44.85194390410897,3.2618058522414133
227.32838439941406,40.808441162109375,-5.891633987426758,0.19495131075382233,80.7403793334961,40.7929801940918,-4.767726898193359,0.5486867427825928,103.06924438476562,31.279277801513672,-5.032822608947754,0.32957741618156433,18.628753662109375,5,1.0067800283432007,0.4488736093044281,-43.04358673095703,173.53716548675501,610.8090173583885,44.85172852372635,3.358330575255287,0.5087676048278809,0.5021730661392212,-27.00994110107422,2,3.9739646911621094,0.00029067767900414765,29.485637664794922,6.040679931640625,44.85172852372635,3.3583305752552874
4213.7099609375,124.16780853271484,-9.061661720275879,0.032001785933971405,1681.5086669921875,45.944427490234375,-8.064248085021973,0.029673142358660698,3548.505859375,125.89948272705078,-8.875113487243652,0.03853081911802292,57.56498336791992,163,3.572537660598755,3.2994611263275146,39.70613098144531,1201.9300684317113,661.6222540611968,44.85548592278119,3.2830773034302396,0.11086645722389221,0.1100030168890953,48.57786178588867,0,10.979846954345703,0.0008032834739424288,3229.810546875,21.435226440429688,44.85548592278119,3.2830773034302396
215.01025390625,38.11834716796875,-5.831148147583008,0.19253279268741608,113.97843933105469,40.921226501464844,-5.142056941986084,0.3899022340774536,229.5102081298828,69.14014434814453,-5.902005195617676,0.3271584212779999,18.03782844543457,6,1.509952425956726,0.5843667387962341,-33.31265640258789,1979.7755884577057,623.4230131286375,44.85270452604606,3.226146071450644,0.3383238911628723,0.11373254656791687,-32.20960998535156,18,5.595114707946777,0.00040942212217487395,64.97199249267578,9.059714317321777,44.85270452604606,3.226146071450644
755.940185546875,70.15692138671875,-7.196218490600586,0.10078895092010498,430.26904296875,42.036155700683594,-6.584350109100342,0.10609935224056244,652.2442626953125,79.81886291503906,-7.036025524139404,0.13290002942085266,22.829490661621094,32,2.834435224533081,1.729610800743103,-18.4954891204834,1746.7697142129507,649.0504639056944,44.85457773930519,3.243201023425351,0.3418298363685608,0.3380996882915497,-4.943432331085205,0,13.274084091186523,0.0009712624014355242,198.10205078125,17.006610870361328,44.85457773930519,3.243201023425351
1328.5557861328125,77.89985656738281,-7.8084492683410645,0.0636776015162468,802.8335571289062,43.21101760864258,-7.261563777923584,0.058451924473047256,1323.475830078125,81.17247772216797,-7.804289817810059,0.06660742312669754,35.65392303466797,55,2.8465704917907715,1.7182316780090332,-81.2658920288086,1450.4208782846897,653.5752907793451,44.85490276491037,3.2648917508010866,0.196327343583107,0.19320334494113922,-73.0459976196289,2,10.480780601501465,0.0007668189937248826,868.3433227539062,17.079421997070312,44.85490276491037,3.2648917508010866
72652.9453125,296.7815856933594,-12.153133392333984,0.004436224699020386,15989.0771484375,77.77240753173828,-10.50955867767334,0.005282408557832241,69907.15625,293.83404541015625,-12.11130428314209,0.004564679693430662,530.388427734375,1361,8.05471134185791,6.617341041564941,79.51346588134766,2004.6076909139774,755.5683692670934,44.86238543750475,3.224319556444448,0.025145573541522026,0.024622982367873192,73.2039566040039,16,9.251916885375977,0.0006769781466573477,60680.140625,48.328269958496094,44.86238543750476,3.2243195564444536
6830.64208984375,50.72015380859375,-9.586153984069824,0.00806396920233965,6787.7939453125,59.314247131347656,-9.57932186126709,0.009489867836236954,6761.79833984375,52.74928283691406,-9.575155258178711,0.008471965789794922,1186.259765625,19,1.4532920122146606,0.49063169956207275,-14.18023681640625,505.70963951088913,637.6320758800408,44.85370629288151,3.3340250209858637,0.011536935344338417,0.009423338808119297,-22.251680374145508,0,4.838792324066162,0.0003539552562870085,6830.44873046875,8.719752311706543,44.85370629288151,3.3340250209858633
1045.126953125,85.56314086914062,-7.547922611236572,0.08890936523675919,309.69525146484375,41.59142303466797,-6.227336406707764,0.14584752917289734,573.9923095703125,92.61186981201172,-6.8972649574279785,0.175222709774971,21.34130859375,24,2.870572090148926,2.3494040966033936,-65.15772247314453,823.9784386471383,658.9169688216903,44.855276489665506,3.310735364414696,0.4403436779975891,0.4387296438217163,-24.63577651977539,2,15.575004577636719,0.0011393685126677155,348.34521484375,17.223432540893555,44.85527648966549,3.3107353644146884
585.5237426757812,60.123958587646484,-6.918861389160156,0.11151489615440369,399.9203796386719,41.889564514160156,-6.504933834075928,0.1137528195977211,507.10009765625,68.7452163696289,-6.762734413146973,0.14722399413585663,22.113075256347656,25,2.489319086074829,1.47632896900177,-28.720178604125977,983.6838043616372,660.0954826344246,44.85536781349195,3.2990487316202786,0.29982849955558777,0.29807329177856445,-29.05005645751953,0,11.487443923950195,0.0008403781102970243,86.56041717529297,14.935914993286133,44.85536781349195,3.2990487316202786
646.3554077148438,66.26402282714844,-7.026178359985352,0.11133615672588348,391.9256591796875,41.84757995605469,-6.483009338378906,0.1159568652510643,495.8390197753906,66.78877258300781,-6.738351821899414,0.14628256857395172,26.710857391357422,27,2.3909718990325928,1.429099202156067,1.3094624280929565,1921.200677823444,658.3258008931853,44.85526046482642,3.2304317904216306,0.34137454628944397,0.3379235565662384,7.265030860900879,2,10.111247062683105,0.0007398685556836426,93.46607208251953,14.345830917358398,44.85526046482642,3.23043179042163
2824.842529296875,85.79273223876953,-8.627485275268555,0.03298269212245941,1744.440185546875,46.0619010925293,-8.104140281677246,0.028675803914666176,2563.24951171875,89.14283752441406,-8.521977424621582,0.03776812180876732,72.3083724975586,94,2.899529457092285,1.9780662059783936,-86.80033874511719,1476.722327542583,695.7104815131551,44.85799007589884,3.2629636849791006,0.0817829817533493,0.08047760277986526,-87.89824676513672,0,8.262103080749512,0.0006044851033948362,1970.7593994140625,17.39717674255371,44.857990075898826,3.2629636849790944
1218.9036865234375,81.44624328613281,-7.71492338180542,0.0725657194852829,682.925537109375,42.81126403808594,-7.085933208465576,0.06807921081781387,927.97021484375,75.6733169555664,-7.418835163116455,0.08856019377708435,27.861120223999023,52,2.280930757522583,1.908990740776062,-79.53380584716797,281.8483427531031,673.9398345089005,44.85635748510625,3.350400573035204,0.19111531972885132,0.18979805707931519,85.30307006835938,0,9.366678237915039,0.0006851278594695032,686.5427856445312,13.685585021972656,44.85635748510625,3.3504005730352038
1110.262939453125,71.33312225341797,-7.613564491271973,0.06977425515651703,731.7064208984375,42.9376335144043,-7.160842418670654,0.06372810900211334,858.003662109375,87.96647644042969,-7.333723068237305,0.11134170740842819,38.1537971496582,46,2.0310120582580566,1.8268065452575684,-61.43964385986328,459.69001441051023,689.7766564357142,44.85752442544394,3.3373875596813383,0.1449107825756073,0.14373482763767242,-8.3416166305542,2,7.568714141845703,0.0005536312237381935,1124.3079833984375,12.18607234954834,44.85752442544394,3.3373875596813383
322.2718505859375,48.945377349853516,-6.2705559730529785,0.16493739187717438,92.73468780517578,40.89764404296875,-4.918105602264404,0.4789452850818634,82.74540710449219,42.71388626098633,-4.7943596839904785,0.5606024861335754,12.111651420593262,10,2.10921049118042,0.641162633895874,-75.90266418457031,683.9389464128834,681.7421431861313,44.8569438919606,3.3209804364690636,0.48394811153411865,0.4779059588909149,-74.715087890625,0,6.945809841156006,0.0005080922855995595,-170.6193084716797,12.65526294708252,44.856943891960604,3.320980436469071
425.7688293457031,52.79249954223633,-6.572934627532959,0.13465677201747894,310.7964172363281,41.64229965209961,-6.231190204620361,0.1455085575580597,288.076904296875,55.6159782409668,-6.148771286010742,0.20966260135173798,24.9738826751709,18,1.892153024673462,1.2683826684951782,-40.13849639892578,1384.1042375892732,683.1686604662036,44.85706907518544,3.2697432156650423,0.2704581618309021,0.26990413665771484,85.60433197021484,0,9.273813247680664,0.0006784935831092298,-13.967205047607422,11.35291862487793,44.85706907518544,3.269743215665042
9900.041015625,57.78620147705078,-9.989092826843262,0.006338945124298334,9870.333984375,66.18390655517578,-9.98582935333252,0.007281994912773371,9820.7119140625,56.28236770629883,-9.98035717010498,0.006223851349204779,2834.190673828125,17,0.6442624926567078,0.5667520761489868,33.184261322021484,618.4204159188799,689.4458632195318,44.85750594718727,3.325773741261869,0.006745156366378069,0.006231917999684811,48.68450164794922,0,3.55885910987854,0.00026032939786091447,9863.3994140625,3.865574836730957,44.85750594718727,3.325773741261869
377.26654052734375,52.47758483886719,-6.441620826721191,0.15106205642223358,294.4308166503906,41.60380935668945,-6.172458171844482,0.1534545123577118,364.4520263671875,61.127685546875,-6.4041008949279785,0.1821492612361908,16.318334579467773,15,1.7460981607437134,1.355633020401001,-51.017967224121094,1802.6105016098934,697.83227304327,44.8581524364355,3.2391101837537977,0.48884379863739014,0.4866872727870941,74.13885498046875,0,9.20964527130127,0.0006738647352904081,306.78436279296875,10.47658920288086,44.8581524364355,3.2391101837537972
1280.989013671875,67.43921661376953,-7.768863677978516,0.05717378482222557,945.7239990234375,43.69473648071289,-7.439411163330078,0.050175826996564865,1121.7039794921875,68.78707122802734,-7.624695777893066,0.06659757345914841,47.04674530029297,49,1.9678564071655273,1.7818480730056763,-88.60082244873047,1666.2930297960195,709.5709153018072,44.85900964144987,3.2490874927581324,0.1228707879781723,0.12248081713914871,28.71208953857422,0,6.759092330932617,0.000494539737701416,1132.5357666015625,11.807138442993164,44.85900964144987,3.249087492758132
2376.533447265625,68.23263549804688,-8.439859390258789,0.031180137768387794,1865.5233154296875,46.45127487182617,-8.177001953125,0.027041250839829445,2188.41259765625,71.12437438964844,-8.350322723388672,0.035295478999614716,103.13610076904297,62,1.9767096042633057,1.78769850730896,85.16357421875,791.4024667548671,759.6861871820967,44.86265715313319,3.3131106766586327,0.059851888567209244,0.05955154076218605,44.558658599853516,0,4.619578838348389,0.0003379234694875777,2034.234375,11.860258102416992,44.86265715313319,3.3131106766586322
329.8819274902344,41.41958999633789,-6.295896530151367,0.1363568902015686,277.63983154296875,41.46918869018555,-6.108704566955566,0.16220849752426147,253.5469512939453,38.45133590698242,-6.010146141052246,0.16469593346118927,27.29379653930664,14,1.0853749513626099,1.0200233459472656,-74.96581268310547,159.5352532999886,704.5188243084399,44.85859251627859,3.3593463233917773,0.19866903126239777,0.19768764078617096,-39.082847595214844,0,5.1212477684021,0.0003745815483853221,239.842041015625,6.512249946594238,44.85859251627859,3.359346323391777
610.9246826171875,67.0940933227539,-6.964969158172607,0.11926868557929993,258.8820495605469,41.469993591308594,-6.032754898071289,0.1739649772644043,358.5103454589844,56.083187103271484,-6.38625431060791,0.1698872596025467,24.15865135192871,14,1.7590299844741821,1.3604596853256226,66.73471069335938,1035.08490583165,714.4210134638507,44.859348985058276,3.2952829946024864,0.49021464586257935,0.4883343577384949,-89.27085876464844,2,9.26042366027832,0.000677450792863965,296.95550537109375,10.554180145263672,44.85934898505829,3.2952829946024935
341.3152770996094,48.651302337646484,-6.332889556884766,0.15479914844036102,150.2006378173828,41.04313278198242,-5.44167947769165,0.2967553436756134,145.55593872070312,36.29994583129883,-5.407574653625488,0.27083566784858704,11.193220138549805,9,1.4837476015090942,0.6926230192184448,-15.675318717956543,955.0760486703186,708.8016294663001,44.85893492871947,3.301138253797993,0.5011100172996521,0.49591064453125,-7.405507564544678,0,6.045042514801025,0.00044222132419236004,49.82112121582031,8.902485847473145,44.85893492871948,3.3011382537980003
237.17005920410156,42.1894645690918,-5.937649726867676,0.1931852549314499,108.46694946289062,40.91865921020508,-5.08824348449707,0.4096885025501251,109.88561248779297,35.246726989746094,-5.102352142333984,0.34834355115890503,16.655969619750977,9,1.5115699768066406,0.6096284985542297,-73.83056640625,1572.4959363749158,714.2593714247506,44.859351074414676,3.255952547826867,0.5767818689346313,0.5699318051338196,-70.17919921875,0,5.719755172729492,0.00041848435648716986,-9.482341766357422,9.069419860839844,44.85935107441466,3.2559525478268605
8867.517578125,158.1292724609375,-9.869504928588867,0.019366005435585976,2183.880126953125,47.38714599609375,-8.348072052001953,0.02356468141078949,8066.2802734375,162.58154296875,-9.766683578491211,0.02188909240067005,59.358821868896484,307,5.104179382324219,3.748033285140991,-51.49507522583008,1829.345570619674,764.9254135414573,44.86306782323671,3.2371485887661646,0.0995146781206131,0.09781374037265778,-55.64176559448242,0,14.997851371765137,0.0010973631870001554,6441.95849609375,30.625076293945312,44.8630678232367,3.237148588766159
240.74969482421875,40.70268630981445,-5.953914165496826,0.1836061179637909,224.83209228515625,41.356590270996094,-5.879645824432373,0.19976353645324707,150.4127655029297,38.07958984375,-5.443211555480957,0.2749396562576294,15.570308685302734,10,2.232822895050049,0.5013193488121033,49.335235595703125,1882.7629179162548,724.0744674469717,44.86007630008362,3.233241168554609,0.37955304980278015,0.37713494896888733,-4.275844097137451,2,6.312434673309326,0.0004618822713382542,28.424667358398438,13.396937370300293,44.860076300083605,3.233241168554603
417.1889953613281,54.451900482177734,-6.550832271575928,0.14174574613571167,292.3645935058594,41.51813507080078,-6.164812088012695,0.1542207896709442,464.4855041503906,68.65966796875,-6.667430400848389,0.1605311632156372,18.223661422729492,17,1.7017183303833008,1.5251073837280273,-71.1037368774414,485.0806826715599,731.8494130885729,44.8606073069761,3.3355261305907495,0.47935208678245544,0.4781791567802429,-13.87802791595459,2,9.645923614501953,0.0007055650930851698,350.99566650390625,10.210309982299805,44.860607306976085,3.3355261305907415
334.62017822265625,49.832984924316406,-6.311380386352539,0.16173149645328522,125.43719482421875,40.94383239746094,-5.246065616607666,0.35448020696640015,110.2479476928711,41.243587493896484,-5.105926513671875,0.40627092123031616,20.754398345947266,9,1.5006595849990845,0.8626951575279236,-18.348709106445312,747.6786244595304,724.8553511937596,44.86010425883514,3.3163129304776975,0.3446609675884247,0.34028711915016174,-15.097289085388184,0,6.794362545013428,0.000497011817060411,184.07376098632812,9.003957748413086,44.86010425883514,3.3163129304776984
6065.267578125,137.5421600341797,-9.457124710083008,0.024627238512039185,2005.2279052734375,46.92015075683594,-8.255409240722656,0.025411218404769897,5338.87158203125,135.55630493164062,-9.318623542785645,0.027574019506573677,66.55081176757812,209,3.830976724624634,3.5158374309539795,-53.763031005859375,1157.723581385422,775.3827086247596,44.86381815288701,3.2863035937202842,0.10261412709951401,0.1014304906129837,-73.10521697998047,0,11.82499885559082,0.0008650667732581496,5257.68408203125,22.98586082458496,44.86381815288703,3.2863035937202913
3018.666259765625,119.56795501708984,-8.69953727722168,0.04301594942808151,1100.876953125,44.21142578125,-7.604346752166748,0.043613966554403305,2293.04638671875,109.24198150634766,-8.401032447814941,0.05173763260245323,42.937705993652344,107,3.478487968444824,2.588823080062866,30.176315307617188,1017.2659149320098,766.1222402330568,44.863135728306055,3.296582801938576,0.1584952026605606,0.15746405720710754,62.33110046386719,2,13.361392974853516,0.0009774353820830584,1885.777099609375,20.870927810668945,44.863135728306055,3.2965828019385763
212.68060302734375,37.23940658569336,-5.819319725036621,0.19015365839004517,89.58137512207031,40.854949951171875,-4.880544185638428,0.49528682231903076,106.8652114868164,35.696720123291016,-5.072091102600098,0.3627620041370392,22.063404083251953,9,1.081688642501831,0.9192951321601868,-4.617588520050049,160.2697630512407,744.058399094994,44.86148884333385,3.3592888943286194,0.25273969769477844,0.252169132232666,5.295982360839844,0,5.8954386711120605,0.0004312009841669351,-6.575076103210449,6.490131855010986,44.86148884333385,3.359288894328619
668.2565307617188,56.777313232421875,-7.0623579025268555,0.09227019548416138,507.5426025390625,42.2734489440918,-6.763681411743164,0.09045342355966568,585.9077758789062,61.89055633544922,-6.9195733070373535,0.11471625417470932,36.11759948730469,24,1.4756919145584106,1.4143106937408447,63.0869255065918,1565.3396850288605,762.4396787281569,44.8628803223378,3.256472858404255,0.20635922253131866,0.2061328887939453,85.56621551513672,2,6.552126407623291,0.000479374808492139,549.8895874023438,8.854151725769043,44.8628803223378,3.256472858404255
1335.3372802734375,90.9128646850586,-7.813977241516113,0.07393740117549896,570.5970458984375,42.4632568359375,-6.890823841094971,0.0808190330862999,931.1412963867188,82.31378173828125,-7.422538757324219,0.0960034430027008,27.866971969604492,52,2.670034885406494,1.9371275901794434,-79.8526611328125,1375.1433373965779,777.7028160984565,44.86399387961201,3.270391976418823,0.26159703731536865,0.2586841881275177,-86.09807586669922,3,13.63536548614502,0.0009975548600777984,467.1851501464844,16.02021026611328,44.86399387961201,3.270391976418823
1892.500732421875,104.4292221069336,-8.19258975982666,0.059926070272922516,655.141357421875,42.70631790161133,-7.04083776473999,0.07079245150089264,1445.7686767578125,98.33174896240234,-7.900247097015381,0.07386263459920883,30.7752742767334,56,3.8642568588256836,1.8758000135421753,-5.296659469604492,979.7504143747145,773.5852403999942,44.863681270757986,3.2993274403523807,0.2758559584617615,0.2711673974990845,14.780674934387207,2,16.14813995361328,0.0011812831507995725,526.52734375,23.1855411529541,44.863681270757965,3.2993274403523665
21997.998046875,114.38645935058594,-10.855957984924316,0.005647045560181141,17747.353515625,80.89537048339844,-10.622834205627441,0.004950167611241341,21437.642578125,109.12509155273438,-10.827942848205566,0.005528119392693043,958.9666748046875,180,2.2502973079681396,2.1296749114990234,40.231197357177734,454.02993204575444,800.1617718359938,44.865610033326156,3.33779185877084,0.011174755170941353,0.010943110100924969,39.244998931884766,0,4.185642719268799,0.00030615454306825995,21701.376953125,13.50178337097168,44.86561003332615,3.337791858770832
8611.455078125,54.30389404296875,-9.837691307067871,0.006848323158919811,7976.375,61.99545669555664,-9.75451374053955,0.00844081025570631,8561.7744140625,60.05492401123047,-9.831409454345703,0.007617538794875145,1781.244140625,16,1.9744234085083008,0.4915066361427307,54.231658935546875,913.5612939385325,788.190662767244,44.86474908194482,3.3041696191883676,0.012162205763161182,0.008563419803977013,47.07151412963867,2,5.8719401359558105,0.00042954052332788706,8390.693359375,11.846540451049805,44.86474908194482,3.3041696191883676
264.34765625,44.781272888183594,-6.05543851852417,0.1839715987443924,73.2512435913086,40.89601135253906,-4.662037372589111,0.6063115000724792,158.2510223388672,42.187557220458984,-5.498366355895996,0.2895127534866333,14.193757057189941,9,2.332584857940674,0.6173245310783386,-22.288856506347656,98.6866551928422,764.6857255021107,44.86299718955187,3.3637922730859033,0.4491268992424011,0.12093450129032135,-21.681196212768555,16,7.16952657699585,0.000524379312992096,-613.8455200195312,13.995509147644043,44.86299718955187,3.363792273085903
514.5797729492188,53.6897087097168,-6.778631687164307,0.11330997943878174,322.3796691894531,41.63346862792969,-6.270919322967529,0.14025060832500458,456.23248291015625,73.03602600097656,-6.647965431213379,0.17385242879390717,23.002601623535156,13,1.4223453998565674,0.7850984334945679,-8.374982833862305,860.4054926698096,770.0413796184102,44.86341793693098,3.3080607106527684,0.36448636651039124,0.36094942688941956,-43.83658981323242,3,6.3047895431518555,0.0004612024058587849,358.9951171875,8.534072875976562,44.863417936930965,3.308060710652761
3544.532470703125,47.81985092163086,-8.873897552490234,0.014651398174464703,2650.89599609375,48.74095916748047,-8.55848217010498,0.01996784470975399,3728.0078125,57.06039047241211,-8.928691864013672,0.01662217080593109,313.64111328125,33,3.1008284091949463,0.5549916625022888,74.27152252197266,1925.424389709158,808.3346619655786,44.86624937390986,3.230112554180879,0.04300525784492493,0.036448631435632706,77.19554901123047,3,7.844046115875244,0.0005739380139857531,3382.453125,18.604970932006836,44.86624937390986,3.2301125541808786
770.9999389648438,66.69742584228516,-7.217635631561279,0.09394735097885132,559.3670043945312,42.457637786865234,-6.869242191314697,0.08243066072463989,738.3912353515625,104.16239166259766,-7.170716285705566,0.15319840610027313,31.225749969482422,33,2.160679340362549,1.8887734413146973,-81.74880981445312,1142.3013758042052,786.3306631361243,44.86461967345934,3.2874313263987465,0.21241584420204163,0.2098897099494934,57.604270935058594,3,8.354248046875,0.0006111564580351114,931.892578125,12.964076042175293,44.86461967345934,3.2874313263987465
20689.755859375,167.3606414794922,-10.789388656616211,0.008784716948866844,5230.79248046875,55.61117172241211,-9.296419143676758,0.011545808985829353,19400.275390625,178.1966552734375,-10.71951961517334,0.009975196793675423,157.2650146484375,424,7.293226718902588,2.876591682434082,-29.662919998168945,498.18407058842035,825.6041956577816,44.86747530288569,3.3345590880285134,0.054207693785429,0.04884940758347511,-30.83516502380371,0,22.50390625,0.0016460231272503734,16625.46875,43.759361267089844,44.86747530288568,3.334559088028506
3899.070068359375,44.539913177490234,-8.977402687072754,0.012405610643327236,2560.849853515625,48.44491958618164,-8.520959854125977,0.020544422790408134,3766.02099609375,68.61264038085938,-8.939706802368164,0.019785691052675247,533.800537109375,24,3.0642035007476807,0.9914951324462891,20.353466033935547,909.4908719544621,774.6621881022544,44.86375797963718,3.304468582688355,0.046625539660453796,0.040222324430942535,32.076637268066406,18,10.4405517578125,0.000763743999414146,3250.314697265625,18.385221481323242,44.86375797963717,3.3044685826883478
4937.93017578125,43.2391242980957,-9.233861923217773,0.009509589523077011,5915.07666015625,57.31751251220703,-9.429901123046875,0.0105234170332551,5981.96044921875,51.62979507446289,-9.442109107971191,0.009373174048960209,1242.66455078125,14,1.5270171165466309,0.4990812838077545,-88.70391082763672,911.3625453614247,781.8087514319689,44.86428153238117,3.3043310362926364,0.014659477397799492,0.011468394659459591,-68.63875579833984,3,4.484438419342041,0.0003280435921624303,5861.79345703125,9.162102699279785,44.86428153238117,3.3043310362926364
766.0585327148438,72.140380859375,-7.2106547355651855,0.10226953774690628,436.5694274902344,42.025657653808594,-6.600133419036865,0.10454204678535461,453.91424560546875,64.70793914794922,-6.642434597015381,0.1548151969909668,24.33765411376953,32,1.9053223133087158,1.6854500770568848,61.482357025146484,1032.5999490065512,790.6602812470819,44.86493363344633,3.295458729020074,0.23787204921245575,0.2363484799861908,49.13910675048828,0,8.912208557128906,0.0006519568269141018,222.73036193847656,11.431934356689453,44.86493363344633,3.295458729020073
374.4624938964844,47.886878967285156,-6.433520793914795,0.1388794630765915,280.0462951660156,41.50876998901367,-6.118074417114258,0.1609681099653244,260.5093688964844,41.743072509765625,-6.039558410644531,0.17401668429374695,26.288372039794922,16,1.434921383857727,0.9610061645507812,24.445974349975586,567.2074900610163,780.7953225138783,44.86419564570505,3.3295129481206946,0.20687909424304962,0.20653650164604187,-8.34467887878418,0,6.104867458343506,0.00044654792873188853,240.85150146484375,8.609528541564941,44.86419564570505,3.3295129481206955
242.46499633789062,42.80282211303711,-5.961622714996338,0.19171372056007385,205.27330017089844,41.27543640136719,-5.780831336975098,0.2183680236339569,661.8387451171875,107.46788787841797,-7.051880359649658,0.17634223401546478,14.04500675201416,9,2.071230173110962,0.6888680458068848,42.04490661621094,2004.4003020101252,781.6591332479484,44.86429666189548,3.224333008783722,0.5416100025177002,0.5398675203323364,-46.63829040527344,17,7.136377811431885,0.0005221738829277456,1202.6766357421875,12.42738151550293,44.864296661895466,3.2243330087837165
405.8087158203125,52.31243133544922,-6.520803451538086,0.1399952620267868,348.8131408691406,41.68952941894531,-6.356482028961182,0.1297968029975891,346.78436279296875,51.16613006591797,-6.350148677825928,0.16023334860801697,19.977310180664062,17,1.561025857925415,1.301677942276001,-18.883094787597656,579.7675147272224,785.4083091956219,44.8645339999689,3.328593572407484,0.30426129698753357,0.3034937083721161,-24.15129852294922,0,8.528718948364258,0.0006238439818844199,275.89971923828125,9.366155624389648,44.8645339999689,3.328593572407484
2125.7763671875,104.27569580078125,-8.318794250488281,0.05327155068516731,827.7835083007812,43.275447845458984,-7.294792175292969,0.05677466839551926,1571.093017578125,135.7097625732422,-7.990504741668701,0.09380781650543213,41.836544036865234,71,3.7440690994262695,2.2472283840179443,-6.6212382316589355,1730.4843312813832,805.6362399393877,44.86604807010987,3.2443821927077727,0.19470827281475067,0.19389165937900543,-0.19450783729553223,2,16.31907081604004,0.0011939849937334657,1378.39892578125,22.464414596557617,44.86604807010987,3.2443821927077727
308.83648681640625,45.31265640258789,-6.224321365356445,0.15933850407600403,254.54054260253906,41.471351623535156,-6.014392375946045,0.17693796753883362,259.57598876953125,46.56254959106445,-6.035661220550537,0.19480587542057037,17.986482620239258,13,1.789291501045227,0.9086629748344421,59.62212371826172,1600.9287627213687,797.626020001186,44.865458591668826,3.253865476556488,0.3217228651046753,0.3194569945335388,-84.86036682128906,0,7.622497081756592,0.0005576836410909891,37.997032165527344,10.735749244689941,44.865458591668826,3.2538654765564883
388.77471923828125,54.33164978027344,-6.474245071411133,0.15176956355571747,87.66362762451172,40.96059036254883,-4.857048511505127,0.5074305534362793,101.41082000732422,43.90782165527344,-5.0152106285095215,0.4702051877975464,14.972305297851562,9,1.6285841464996338,0.9347819089889526,53.89927673339844,52.56968104869021,791.3808729407422,44.86495057503325,3.3671635076485593,0.30068284273147583,0.1730344146490097,53.88740539550781,2,7.373760223388672,0.0005393063183873892,-194.43942260742188,9.771505355834961,44.86495057503324,3.367163507648551
256.9793701171875,38.87199783325195,-6.024745464324951,0.16427384316921234,274.85205078125,41.523075103759766,-6.097747325897217,0.16406667232513428,226.0640106201172,48.19349670410156,-5.885578632354736,0.23151910305023193,20.32229232788086,11,1.6715896129608154,0.661943256855011,70.7991714477539,1042.0934569538508,797.6533755355626,44.865446165703425,3.2947634603615716,0.26670435070991516,0.2661699652671814,20.948060989379883,2,6.2756147384643555,0.00045908111496828496,121.17560577392578,10.029537200927734,44.865446165703425,3.2947634603615716
1219.271240234375,30.19760513305664,-7.7152509689331055,0.0268968865275383,1328.4693603515625,44.872066497802734,-7.80837869644165,0.03668211027979851,1324.65966796875,34.88702392578125,-7.80526065826416,0.028601540252566338,218.9773406982422,14,1.0556055307388306,0.6057097315788269,59.265682220458984,1922.393744655859,799.8035502041304,44.86562440492273,3.230334983345328,0.03215295448899269,0.02877059020102024,54.674705505371094,3,3.1318624019622803,0.00022915455338079482,1312.5267333984375,6.3336334228515625,44.86562440492272,3.230334983345322
3261.77734375,37.63641357421875,-8.783636093139648,0.01253094244748354,3307.626220703125,50.52635955810547,-8.79879093170166,0.01658942922949791,3375.162841796875,42.60874938964844,-8.8207368850708,0.01370988693088293,583.44384765625,14,1.631170392036438,0.42047590017318726,-86.33711242675781,1927.8305611020162,819.5534560198976,44.86707120380738,3.229935654701419,0.022472631186246872,0.0160532109439373,-82.0703125,3,4.796250343322754,0.0003509335801936686,3245.62841796875,9.787022590637207,44.86707120380736,3.2299356547014137
2086.35498046875,83.59998321533203,-8.298470497131348,0.0435158833861351,1277.0089111328125,44.66962814331055,-7.765484809875488,0.03798815980553627,1729.8798828125,84.42111206054688,-8.095040321350098,0.05299866572022438,68.56781768798828,73,2.6016509532928467,2.0203018188476562,37.96352005004883,42.16000833783306,825.1255856826662,44.86742180168259,3.367921780149366,0.10499215871095657,0.1036657989025116,23.15818214416504,0,8.291460990905762,0.0006064163753762841,1000.0367431640625,15.609905242919922,44.867421801682596,3.367921780149374
2022.3238525390625,31.789682388305664,-8.264626502990723,0.017071248963475227,2042.130859375,47.04243469238281,-8.275208473205566,0.02501704730093479,2024.987548828125,35.3059196472168,-8.266056060791016,0.018934549763798714,411.9991149902344,12,1.3859790563583374,0.4216517210006714,68.0318374633789,1927.881357324674,814.5761236877006,44.86670661059386,3.2299322746010324,0.025258628651499748,0.019733142107725143,70.66677856445312,3,4.535048007965088,0.00033182246261276305,1949.5667724609375,8.315874099731445,44.86670661059386,3.229932274601032
231.45948791503906,41.43505859375,-5.911187648773193,0.19441187381744385,148.04559326171875,41.131568908691406,-5.425988674163818,0.301723837852478,125.7718734741211,33.40187072753906,-5.248958587646484,0.28841450810432434,16.332767486572266,9,1.227193832397461,0.7153711318969727,-79.32289123535156,1992.9969440549999,804.3319170440495,44.865957302707734,3.2251662793549345,0.31028810143470764,0.3089093267917633,46.52993392944336,0,4.517432689666748,0.0003305405844002962,58.93243408203125,7.363162994384766,44.865957302707734,3.2251662793549345
3767.09033203125,70.44829559326172,-8.940014839172363,0.020309269428253174,3056.4599609375,49.914817810058594,-8.71304702758789,0.01773538440465927,3635.911376953125,74.97842407226562,-8.901533126831055,0.022395091131329536,155.2843017578125,79,1.9855735301971436,1.864074468612671,31.172672271728516,157.97170328675932,823.9701483688426,44.8673421226895,3.359449475752341,0.0387297049164772,0.03853297978639603,61.774314880371094,3,4.285396099090576,0.0003134298312943429,3644.7197265625,11.913440704345703,44.86734212268949,3.359449475752333
1556.2208251953125,61.61568069458008,-7.980177879333496,0.04299815744161606,1274.4383544921875,44.77888870239258,-7.763297080993652,0.038157884031534195,1462.3077392578125,64.06995391845703,-7.912597179412842,0.04758230224251747,74.88561248779297,50,1.8280911445617676,1.6177536249160767,-34.04458999633789,148.42482715747184,819.3710753116607,44.86700485624801,3.3601483410609405,0.08104483038187027,0.0808703675866127,-70.0708999633789,3,4.855552673339844,0.00035513058537617326,1342.954833984375,10.968546867370605,44.86700485624801,3.36014834106094
1142.2330322265625,74.78980255126953,-7.6443867683410645,0.07110784202814102,744.9649658203125,42.99544143676758,-7.180339813232422,0.06267818808555603,839.830078125,72.41226196289062,-7.310478687286377,0.09363765269517899,31.51214599609375,48,2.3052408695220947,1.7022757530212402,89.96612548828125,871.6772613182201,827.3111423611916,44.86761331555179,3.307231152655061,0.1696704477071762,0.16883967816829681,-64.3198471069336,0,9.067251205444336,0.0006632653530687094,655.0203857421875,13.831445693969727,44.86761331555179,3.3072311526550613
560.6810913085938,57.04689407348633,-6.871789932250977,0.11049583554267883,425.6334228515625,41.92729187011719,-6.57258939743042,0.10697712749242783,464.12799072265625,55.757911682128906,-6.666594505310059,0.13046637177467346,24.539859771728516,24,1.7311965227127075,1.3939214944839478,63.383216857910156,1557.5115880933276,824.8842461757353,44.86745431852406,3.257041254448095,0.24541588127613068,0.24323096871376038,53.04705047607422,0,9.194316864013672,0.0006726678111590445,244.68589782714844,10.387179374694824,44.867454318524054,3.2570412544480893
10090.267578125,154.1908721923828,-10.009757041931152,0.016595326364040375,2480.624267578125,48.297428131103516,-8.48640251159668,0.02114427648484707,8565.7998046875,161.28756713867188,-9.83191967010498,0.020448563620448112,83.42576599121094,318,5.166554927825928,4.024389266967773,-63.74502182006836,10.849740127950472,871.6406410449491,44.870827401414616,3.37020774959273,0.0810055360198021,0.080010786652565,-80.11627197265625,18,15.818673133850098,0.0011569088092073798,4843.8720703125,30.99932861328125,44.87082740141462,3.3702077495927383
492.2715148925781,51.9213752746582,-6.730511665344238,0.11454372853040695,22.002540588378906,40.56160354614258,-3.356182098388672,2.0020370483398438,-17.12810516357422,40.47052764892578,99.0,99.0,10.941086769104004,9,2.4778800010681152,0.5072808861732483,29.952369689941406,98.55630927313103,819.5834693053868,44.86701829802673,3.3637965664936242,1.4191309213638306,1.411130666732788,43.17729949951172,0,6.693808555603027,0.0004895741585642099,-367.2445068359375,14.867280006408691,44.867018298026714,3.3637965664936162
300.89520263671875,46.80254364013672,-6.196038246154785,0.16892114281654358,170.71035766601562,41.17569351196289,-5.5806498527526855,0.2619454562664032,196.73281860351562,74.7679672241211,-5.734692096710205,0.41273242235183716,18.125314712524414,12,2.6131958961486816,0.8800987005233765,-49.24405288696289,941.3380013691717,829.3396999937997,44.86776411295112,3.3021336924801767,0.5869602560997009,0.5814461708068848,-38.70241928100586,0,9.077199935913086,0.0006640027277171612,183.0101318359375,15.67917537689209,44.867764112951114,3.3021336924801696
190867.375,262.2221374511719,-13.201828956604004,0.0014919954119250178,152441.640625,209.04302978515625,-12.957758903503418,0.0014892304316163063,186051.015625,242.2001953125,-13.174079895019531,0.0014137488324195147,7790.736328125,447,2.451202392578125,2.3625786304473877,49.89309310913086,1240.6411174953998,892.6056009255487,44.87240694632447,3.2802264230800384,0.003393460065126419,0.0033349611330777407,40.66911697387695,0,4.192028999328613,0.00030666246311739087,190616.75,14.70721435546875,44.87240694632445,3.2802264230800318
290.0010986328125,44.84278869628906,-6.155999183654785,0.16792787611484528,235.61485290527344,41.376705169677734,-5.930506706237793,0.19071421027183533,269.5601806640625,63.0275764465332,-6.076639175415039,0.25392454862594604,17.321945190429688,12,2.1500911712646484,0.49827441573143005,45.95732879638672,947.131603428513,831.0356541286232,44.86788852040422,3.3017096115532296,0.41346466541290283,0.4100811183452606,51.52923583984375,1,6.173818588256836,0.0004516189219430089,461.22637939453125,12.90054702758789,44.867888520404215,3.301709611553222
841.024169921875,59.29369354248047,-7.312021255493164,0.07656492292881012,631.5460205078125,42.58391571044922,-7.001012325286865,0.07322686165571213,598.7491455078125,57.24604415893555,-6.943112373352051,0.10383180528879166,37.29505920410156,34,1.6562684774398804,1.5171141624450684,79.97308349609375,12.535825817325504,838.3845579599499,44.86839166158784,3.3700876619431637,0.12960191071033478,0.1287880390882492,37.73495864868164,0,5.640674591064453,0.0004125400446355343,-523.0816650390625,9.937610626220703,44.86839166158784,3.3700876619431637
283.4320373535156,42.943946838378906,-6.13112211227417,0.16454429924488068,229.8390350341797,41.357444763183594,-5.903559684753418,0.19541582465171814,165.81930541992188,51.95268630981445,-5.5490875244140625,0.340253621339798,29.93182945251465,12,1.7254869937896729,1.1923222541809082,-68.7694091796875,263.25423278087464,839.2358821620576,44.86846462641771,3.35174571406748,0.2889436185359955,0.28697943687438965,48.467018127441406,0,6.458861827850342,0.00047240176354534924,36.97524642944336,10.352922439575195,44.8684646264177,3.351745714067472
490.52520751953125,42.441280364990234,-6.726653099060059,0.09396301954984665,-135.37489318847656,37.8090934753418,99.0,99.0,458.9399108886719,35.21858596801758,-6.654389381408691,0.08333854377269745,30.980911254882812,19,4.7836384773254395,0.15467606484889984,89.97350311279297,3.0,871.4417655418677,44.870812487609754,3.370782013099435,0.36915209889411926,0.015527007170021534,89.95512390136719,19,5.115785598754883,0.0003741457185242325,-2911.8115234375,28.701831817626953,44.87081248760975,3.370782013099427
235.6973114013672,34.97478485107422,-5.930886745452881,0.1611499786376953,238.2842559814453,41.36976623535156,-5.9427385330200195,0.1885461062192917,226.98658752441406,34.29814910888672,-5.890000343322754,0.1640968769788742,26.420101165771484,10,0.9959350824356079,0.8750138878822327,66.0594253540039,403.1604587332961,834.7236480857406,44.86813966699545,3.341510487234559,0.23319660127162933,0.23181982338428497,-53.27268981933594,1,4.265150547027588,0.0003119624743703753,162.98321533203125,5.975610733032227,44.86813966699545,3.3415104872345593
1200.86328125,69.54850006103516,-7.698733806610107,0.06289614737033844,818.4290771484375,43.41194534301758,-7.282452583312988,0.05760471522808075,907.30419921875,71.40281677246094,-7.394382476806641,0.08546578139066696,43.76681900024414,48,2.1438817977905273,1.794499158859253,-10.217488288879395,546.9633787026967,850.0296607563506,44.86926620739514,3.330987995469142,0.12801362574100494,0.12762832641601562,-86.82617950439453,0,8.470205307006836,0.0006195434834808111,598.9345092773438,12.863290786743164,44.86926620739514,3.330987995469142
865.8375854492188,78.84154510498047,-7.343591213226318,0.09888911992311478,283.7834777832031,41.56849670410156,-6.132467746734619,0.15907686948776245,301.3484802246094,80.64462280273438,-6.197672367095947,0.2906271815299988,22.267269134521484,22,2.06296706199646,1.353988766670227,-85.28827667236328,46.4376287303498,849.7947547848711,44.86922888395241,3.3676064518083177,0.2644249498844147,0.2631983757019043,89.12338256835938,2,10.008889198303223,0.0007320179138332605,397.9386901855469,12.377801895141602,44.86922888395241,3.3676064518083173
45942.53125,145.473876953125,-11.655537605285645,0.003438744693994522,37361.515625,109.31379699707031,-11.431060791015625,0.0031774616800248623,44917.64453125,136.07504272460938,-11.63104248046875,0.003289965447038412,2044.79052734375,228,2.2284185886383057,2.1830341815948486,19.096466064453125,70.23175357346042,883.9929083832692,44.871734725788826,3.3658624525175456,0.007134395185858011,0.007028198800981045,36.859169006347656,0,4.12862491607666,0.000301951338769868,46144.57421875,13.370512008666992,44.871734725788826,3.3658624525175456
381.7664489746094,53.035255432128906,-6.454494476318359,0.15086786448955536,264.49578857421875,41.441261291503906,-6.056046962738037,0.17015473544597626,277.5282897949219,57.04396057128906,-6.1082682609558105,0.22321955859661102,20.47190284729004,15,1.6225944757461548,1.515784740447998,15.921863555908203,324.3436067201158,850.6096989103967,44.869300169364074,3.347275363616497,0.3494715690612793,0.3491286039352417,-0.428854376077652,0,9.388782501220703,0.0006867009797133505,322.63983154296875,9.735567092895508,44.869300169364074,3.347275363616497
388.62835693359375,52.14702606201172,-6.473836421966553,0.1457219272851944,278.8705139160156,41.47328186035156,-6.113506317138672,0.16150860488414764,281.25244140625,61.74070358276367,-6.122740745544434,0.23839937150478363,21.115541458129883,16,1.4732967615127563,1.366339087486267,9.998936653137207,70.22743525247157,850.733324183781,44.86929866293077,3.365866000699752,0.280184805393219,0.2788572907447815,13.185689926147461,2,8.488625526428223,0.0006208333070389926,418.87646484375,8.839780807495117,44.869298662930774,3.3658660006997603
2395.031494140625,70.4776840209961,-8.448278427124023,0.03195730969309807,1830.327392578125,46.3890380859375,-8.15632152557373,0.027524307370185852,2198.081787109375,76.25457763671875,-8.355109214782715,0.037674881517887115,101.52631378173828,70,2.0774927139282227,1.9636911153793335,-1.7271628379821777,542.6171104137203,869.297247665863,44.87067732793087,3.331304267327702,0.0601879358291626,0.05941540002822876,56.36492156982422,0,5.311715126037598,0.0003885159094352275,1882.845703125,12.464956283569336,44.87067732793086,3.3313042673276945
345.44281005859375,50.991607666015625,-6.345940589904785,0.16030696034431458,194.883544921875,41.33591079711914,-5.724437713623047,0.23034678399562836,168.1525421142578,54.42226791381836,-5.564258575439453,0.35148194432258606,18.669038772583008,8,1.5455292463302612,0.6794977784156799,-70.6065673828125,1855.2631261783965,854.1539583752804,44.8696044014242,3.2352452709231576,0.3626110255718231,0.3614102602005005,89.2502212524414,2,5.526656150817871,0.0004043631488457322,123.67262268066406,9.273175239562988,44.8696044014242,3.2352452709231576
4129.927734375,120.1164321899414,-9.03985595703125,0.03158564865589142,1787.9915771484375,46.1921272277832,-8.130913734436035,0.028056425973773003,3377.7275390625,132.80804443359375,-8.821561813354492,0.04270016774535179,71.5226058959961,126,2.9183475971221924,2.712656259536743,49.554046630859375,794.944607623169,891.9977406877637,44.87234891910401,3.312840265602856,0.095221146941185,0.09476218372583389,86.36892700195312,3,8.63922119140625,0.0006319279200397432,3951.9384765625,17.510086059570312,44.87234891910402,3.3128402656028637
406.6490783691406,52.508636474609375,-6.523049354553223,0.1402299553155899,262.65020751953125,41.529876708984375,-6.0484442710876465,0.17171677947044373,337.39068603515625,69.11846160888672,-6.3203325271606445,0.222479909658432,21.716663360595703,10,1.9487351179122925,0.8029413819313049,-10.197077751159668,648.774031671451,865.0795117289705,44.87037223123763,3.3235376179962213,0.4925724267959595,0.4882954955101013,28.84613609313965,3,7.473074913024902,0.0005466177244670689,108.560302734375,11.692410469055176,44.870372231237624,3.3235376179962137
259.15948486328125,44.37389373779297,-6.0339179039001465,0.1859474629163742,124.07048797607422,40.97121810913086,-5.234171390533447,0.35862472653388977,110.7195053100586,41.24516677856445,-5.110560417175293,0.4045560956001282,15.93447208404541,9,1.5119948387145996,0.8711567521095276,-19.453964233398438,332.1992424986259,862.5039753936089,44.87017168555179,3.34669953942163,0.4548899233341217,0.4501202404499054,-38.64347457885742,0,6.853972434997559,0.0005013018962927163,127.4510498046875,9.071969032287598,44.870171685551774,3.3466995394216146
342.99468994140625,51.05561447143555,-6.338218688964844,0.1616538017988205,179.61766052246094,41.14187240600586,-5.6358723640441895,0.24875099956989288,106.32792663574219,36.60084915161133,-5.0666184425354,0.37382957339286804,17.6543025970459,9,1.8001735210418701,0.604823112487793,70.0816650390625,1221.4680695070454,871.1706031702857,44.87083636731,3.281631208913774,0.35115042328834534,0.348716676235199,-43.76419448852539,2,6.22454833984375,0.00045535038225352764,33.77912521362305,10.801040649414062,44.87083636731,3.2816312089137734
776.4502563476562,70.41328430175781,-7.225284099578857,0.09848515689373016,460.55859375,42.05760955810547,-6.658212184906006,0.09917210042476654,505.47918701171875,70.15697479248047,-6.759258270263672,0.1507292091846466,23.80406951904297,33,2.1299889087677,1.7694368362426758,85.99636840820312,1010.7751174438158,883.0592753777493,44.87170109668085,3.2970482457775687,0.243220254778862,0.24247629940509796,1.881883144378662,0,9.808021545410156,0.0007174581405706704,239.2161102294922,12.77993392944336,44.87170109668085,3.2970482457775687
258.3209228515625,37.153533935546875,-6.030398845672607,0.15619616210460663,218.50991821289062,41.35134506225586,-5.848678112030029,0.2055172622203827,563.2589111328125,79.87026977539062,-6.87677001953125,0.1539950966835022,20.37266731262207,11,1.5527973175048828,0.6951120495796204,-9.608894348144531,643.2153835831077,863.8052632112017,44.870278700024464,3.323944437241131,1.0905295610427856,1.0823237895965576,-16.052410125732422,16,6.197220802307129,0.00045329431304708123,498.6203918457031,9.316783905029297,44.87027870002447,3.323944437241138
530.1984252929688,60.468013763427734,-6.81109619140625,0.12385601550340652,307.0549621582031,41.614166259765625,-6.218040466308594,0.14718207716941833,321.94744873046875,61.299476623535156,-6.269462585449219,0.2067767083644867,17.00562858581543,14,1.7946832180023193,1.652972936630249,-19.063640594482422,232.29073589415674,880.0021820387695,44.87144929219433,3.3540071291587927,0.43034064769744873,0.42870014905929565,-78.68280029296875,2,10.31625747680664,0.0007545143598690629,71.83692169189453,10.768098831176758,44.87144929219433,3.3540071291587927
240.23077392578125,42.55266189575195,-5.951571464538574,0.192365825176239,138.12680053710938,41.034481048583984,-5.35069465637207,0.32262709736824036,120.6925048828125,44.33929443359375,-5.204200744628906,0.3989682197570801,16.75686264038086,9,1.5126341581344604,1.007746696472168,-57.519317626953125,1042.7136628319674,875.0073778492623,44.871112281959384,3.294711795566189,0.6036017537117004,0.6022464632987976,-81.62496948242188,0,7.378600120544434,0.0005397514323703945,-7.053682804107666,9.075804710388184,44.871112281959384,3.294711795566189
299.32830810546875,46.5642204284668,-6.190369606018066,0.1689407378435135,144.4993133544922,41.00799560546875,-5.399664402008057,0.3081999719142914,139.0135498046875,41.33967590332031,-5.357642650604248,0.32295331358909607,16.94103240966797,12,1.8050230741500854,0.7222521901130676,72.56673431396484,828.7678538915276,881.4267261088557,44.871575756240716,3.3103663238655887,0.39174798130989075,0.3887721598148346,72.50374603271484,0,6.8183770179748535,0.0004987456486560404,-61.39213562011719,10.830138206481934,44.871575756240716,3.310366323865589
260.8770751953125,44.51222610473633,-6.04109001159668,0.1852990686893463,136.75845336914062,41.04584503173828,-5.339885711669922,0.3259453773498535,140.18060302734375,39.72734069824219,-5.366719722747803,0.307773619890213,14.136923789978027,9,1.2454068660736084,0.969400942325592,-29.949291229248047,1367.1865949926814,876.8814674885065,44.871258514157084,3.2709667421032447,0.43721818923950195,0.43619298934936523,89.80142974853516,0,6.558689117431641,0.0004798097361344844,67.90196228027344,7.47244119644165,44.871258514157084,3.270966742103245
919.1119384765625,81.41942596435547,-7.408421039581299,0.09620318561792374,413.4798278808594,41.91856384277344,-6.541135787963867,0.11009861528873444,1209.495849609375,163.21072387695312,-7.7065110206604,0.14654605090618134,21.88176918029785,37,2.86313533782959,2.0878188610076904,27.44097900390625,787.1502110473568,899.632044337935,44.87290783718071,3.313409920232093,0.4346907436847687,0.4325779974460602,16.381855010986328,3,14.661389350891113,0.001072422950528562,1620.860107421875,17.17881202697754,44.87290783718071,3.3134099202320924
275.12384033203125,44.70061492919922,-6.098820686340332,0.176447331905365,135.7552032470703,41.07438659667969,-5.331891059875488,0.3285824954509735,149.7201385498047,46.23598861694336,-5.4382004737854,0.33537426590919495,25.121225357055664,11,1.9049633741378784,0.8502495288848877,46.0364990234375,1186.9123444927181,905.3140637247893,44.87333631783944,3.2841572725863073,0.4502542018890381,0.4438095986843109,46.70621109008789,0,7.607898235321045,0.0005565361934714019,68.87716674804688,11.429780006408691,44.87333631783944,3.2841572725863073
211.91268920898438,36.85830307006836,-5.81539249420166,0.18888966739177704,216.9054412841797,41.31428909301758,-5.840676307678223,0.20685197412967682,218.71864318847656,45.371009826660156,-5.849714279174805,0.22527991235256195,26.35284996032715,9,1.7711100578308105,0.8973696231842041,19.603925704956055,1977.6294439962023,907.4711511422222,44.87351191468127,3.226284258952332,0.4772123396396637,0.47386425733566284,31.0644588470459,0,5.514580249786377,0.0004034836310893297,22.793880462646484,10.626660346984863,44.87351191468127,3.226284258952332
329.5738830566406,45.940277099609375,-6.294881820678711,0.1513807475566864,284.1060485839844,41.45909881591797,-6.133701324462891,0.15847806632518768,345.2005310058594,55.166839599609375,-6.345178604125977,0.17355473339557648,19.451358795166016,14,1.9568425416946411,1.1961681842803955,40.436248779296875,2010.3120698030366,916.601537875384,44.87418121771666,3.2238911653485465,0.45646733045578003,0.4528622031211853,48.88214111328125,3,8.620841026306152,0.0006307618459686637,-2.2580924034118652,11.741055488586426,44.87418121771665,3.2238911653485416
372.2865295410156,53.18974685668945,-6.4271931648254395,0.15516023337841034,237.60899353027344,41.39917755126953,-5.939657211303711,0.18921636044979095,166.17320251464844,51.31924057006836,-5.551402568817139,0.3353891968727112,18.65451431274414,13,2.3562066555023193,0.6928223967552185,6.111807346343994,1307.822420666397,911.8686233299054,44.87381968787248,3.275308490175542,0.377058744430542,0.37342774868011475,3.562649965286255,16,7.6380133628845215,0.0005587534396909177,-103.052978515625,14.137239456176758,44.87381968787248,3.2753084901755414
210.70306396484375,34.117191314697266,-5.809176921844482,0.1758459061384201,285.4295349121094,41.52665328979492,-6.138747215270996,0.15800027549266815,268.4143371582031,49.98081588745117,-6.072014331817627,0.2022215574979782,20.70237922668457,9,1.2001659870147705,0.6798111200332642,69.97376251220703,2013.3238835858301,916.0120385329394,44.874138087247545,3.223670729604246,0.33524495363235474,0.3334626853466034,73.26578521728516,3,5.376739025115967,0.0003934006963390857,243.73521423339844,7.200995922088623,44.87413808724752,3.2236707296042355
237.97964477539062,39.88473892211914,-5.941349506378174,0.18201063573360443,183.34210205078125,41.2338752746582,-5.65815544128418,0.2442428022623062,204.5170135498047,62.624080657958984,-5.7768235206604,0.332538366317749,22.004175186157227,10,1.8468396663665771,0.9518592953681946,9.485979080200195,344.4162185993062,915.7717966481596,44.87407373220781,3.345800785996914,0.5714073777198792,0.5696576833724976,-0.7643874287605286,0,7.928591251373291,0.000579888466745615,33.44451904296875,11.081037521362305,44.87407373220781,3.345800785996914
838.6397705078125,63.001163482666016,-7.308938503265381,0.08158361166715622,617.3362426757812,42.59942626953125,-6.976304531097412,0.07493967562913895,763.9255981445312,61.49208450317383,-7.207627773284912,0.08741741627454758,28.65659523010254,35,2.1208620071411133,1.3419723510742188,70.86315155029297,1280.9206446566366,937.1316449783131,44.87566938094446,3.2772752185573317,0.1942327469587326,0.19255806505680084,53.65758514404297,0,9.275949478149414,0.0006785641890019178,447.96612548828125,12.72517204284668,44.87566938094446,3.2772752185573317
4925.59521484375,97.75929260253906,-9.231146812438965,0.021554064005613327,2865.185546875,49.31707000732422,-8.642882347106934,0.018692798912525177,4604.6865234375,102.50747680664062,-9.157999992370605,0.02417604811489582,116.45792388916016,138,3.051321268081665,2.3972561359405518,17.633403778076172,1979.9424580400957,953.5658307800609,44.876888197030226,3.2261117756238193,0.05679723620414734,0.05587102100253105,17.377986907958984,3,6.33363676071167,0.00046340300468727946,4104.0859375,18.30792808532715,44.876888197030226,3.2261117756238193
3965.03564453125,76.34793090820312,-8.995617866516113,0.02091125026345253,3091.16064453125,49.98440933227539,-8.725303649902344,0.017560739070177078,3834.3984375,81.20173645019531,-8.959242820739746,0.022998414933681488,162.61013793945312,91,2.1972756385803223,1.9675936698913574,70.84030151367188,1760.5664660491284,946.6404875109242,44.876376978867135,3.2421702592249417,0.04030788317322731,0.04024744778871536,48.04153060913086,0,4.5031328201293945,0.00032945553539320827,3523.514404296875,13.183653831481934,44.87637697886712,3.242170259224936
342.80877685546875,49.28399658203125,-6.337629795074463,0.15612907707691193,257.2085876464844,41.44862365722656,-6.0257134437561035,0.17500662803649902,247.0758056640625,50.57381057739258,-5.9820756912231445,0.2222927361726761,22.39794921875,14,1.7782464027404785,1.133164405822754,55.89585494995117,240.8207161796182,927.644500253294,44.87493911677126,3.353378567479962,0.3947603404521942,0.3912244439125061,84.25017547607422,0,8.492918014526367,0.000621147220954299,183.41445922851562,10.669478416442871,44.87493911677126,3.3533785674799614
242.7019500732422,42.82867431640625,-5.962683200836182,0.19164222478866577,141.2247772216797,41.1246223449707,-5.374777317047119,0.3162429630756378,164.98764038085938,49.3638916015625,-5.543628692626953,0.32492849230766296,13.916796684265137,9,1.8246124982833862,0.5223029851913452,-6.307497978210449,267.05996112169,919.9337388333089,44.87437544155256,3.351459693484487,0.6818146109580994,0.6780146360397339,73.72764587402344,16,5.818166732788086,0.00042552713421173394,-19.141801834106445,10.947674751281738,44.874375441552544,3.3514596934844794
613.6412963867188,63.08364486694336,-6.969786643981934,0.11164313554763794,412.26947021484375,41.977054595947266,-6.537952899932861,0.11057593673467636,538.0318603515625,89.49952697753906,-6.827020168304443,0.18065191805362701,21.99091911315918,26,2.1324267387390137,1.4172070026397705,37.93412399291992,1690.8076852824097,934.4611013704019,44.87548348544985,3.2472770661288903,0.30897533893585205,0.30549395084381104,55.73535919189453,0,10.412806510925293,0.0007618059171363711,390.7469787597656,12.794560432434082,44.87548348544985,3.2472770661288903
2908.2529296875,41.17091369628906,-8.659080505371094,0.015374044887721539,2829.4716796875,49.33674240112305,-8.629262924194336,0.018936293199658394,2885.50537109375,45.17477798461914,-8.650554656982422,0.017002154141664505,451.07525634765625,23,1.4667325019836426,0.6669657826423645,-18.260461807250977,1372.55752078115,932.6305727404036,44.87534208029868,3.2705693726896268,0.022799693048000336,0.018924830481410027,-16.652341842651367,3,4.453092575073242,0.000325765140587464,2824.5595703125,8.800395011901855,44.87534208029868,3.2705693726896268
3860.6923828125,71.33724212646484,-8.966663360595703,0.02006692998111248,3154.27294921875,50.19742965698242,-8.747247695922852,0.017282716929912567,3706.17041015625,74.6701431274414,-8.922313690185547,0.02188020758330822,167.56764221191406,81,1.9998722076416016,1.807442545890808,40.135318756103516,432.8477872183899,948.598395409922,44.876481509180856,3.3393280592509176,0.03807530924677849,0.037534914910793304,39.41560745239258,0,4.363065242767334,0.00031911113183014095,3761.897705078125,11.99923324584961,44.876481509180856,3.3393280592509176
956.6190795898438,64.17420196533203,-7.451847553253174,0.07285363972187042,676.1670532226562,42.835391998291016,-7.075135231018066,0.06879843771457672,816.13916015625,70.76509857177734,-7.279410362243652,0.09416396170854568,41.07305145263672,39,2.4314334392547607,1.5267457962036133,66.36114501953125,1990.4658163500603,951.4634097552973,44.87673437825089,3.225341586690873,0.15157254040241241,0.15081283450126648,-8.885932922363281,3,9.091228485107422,0.0006651657167822123,585.4223022460938,14.588600158691406,44.87673437825088,3.2253415866908672
16126.89453125,102.19208526611328,-10.518877029418945,0.006881709676235914,13108.7685546875,72.5296401977539,-10.293904304504395,0.0060087405145168304,15764.8818359375,99.91541290283203,-10.494226455688477,0.006882902234792709,705.2052612304688,151,2.1865100860595703,2.073880434036255,22.257034301757812,666.326466012922,965.419268501462,44.8777221700827,3.3222445102599694,0.013618228025734425,0.013376176357269287,41.91714096069336,0,4.206630706787109,0.00030768223223276436,15963.0595703125,13.119060516357422,44.877722170082684,3.3222445102599623
5547.6884765625,55.38101577758789,-9.36028003692627,0.010841232724487782,3843.19287109375,52.01820373535156,-8.96173095703125,0.014699175953865051,6333.125,67.07191467285156,-9.504045486450195,0.01150144636631012,1040.9842529296875,40,3.9120285511016846,0.5486051440238953,-14.24678897857666,1359.2321092032644,936.1050549943774,44.875596230847535,3.2715443018662222,0.03834075480699539,0.033308517187833786,-14.222469329833984,19,8.766718864440918,0.0006413251394405961,5606.66259765625,23.472171783447266,44.875596230847535,3.2715443018662222
2461.3203125,37.03409957885742,-8.477920532226562,0.016340430825948715,2660.125,48.80735397338867,-8.562254905700684,0.01992567628622055,2652.28466796875,41.40491485595703,-8.559050559997559,0.016953585669398308,382.158203125,18,1.4719457626342773,0.5161248445510864,-12.40112018585205,1349.148158276619,938.5797044671533,44.87577722868427,3.2722820832617354,0.024580249562859535,0.021052176132798195,-20.36086654663086,3,5.1850385665893555,0.0003793073701672256,2482.381103515625,8.831674575805664,44.87577722868427,3.2722820832617354
477.1429443359375,56.67882537841797,-6.696621417999268,0.12900370359420776,329.1603088378906,41.640193939208984,-6.293518543243408,0.13738366961479187,440.2433776855469,62.094871520996094,-6.609231948852539,0.1531767100095749,22.357215881347656,20,1.9190901517868042,1.533488392829895,24.927034378051758,1364.6376869672492,945.6027032608617,44.87629202329967,3.2711479653852913,0.34795016050338745,0.3457164466381073,20.590063095092773,1,8.547391891479492,0.0006252783932723105,374.6522216796875,11.514540672302246,44.87629202329967,3.271147965385291
5198.81591796875,44.89741134643555,-9.289761543273926,0.009378787130117416,5312.5341796875,55.8604736328125,-9.313254356384277,0.01141912117600441,5359.01318359375,45.47468948364258,-9.322711944580078,0.009215411730110645,1639.641357421875,16,0.8685458302497864,0.5789219737052917,-14.701000213623047,1353.715886365283,937.8373426147432,44.87572297144686,3.2719478613301978,0.00935982447117567,0.008255552500486374,4.2470831871032715,3,1.1693099737167358,8.554007217753679e-05,5345.4580078125,5.211275100708008,44.875722971446855,3.2719478613301916
776.4520263671875,70.41382598876953,-7.225286483764648,0.09848569333553314,296.3095397949219,41.61003875732422,-6.179364204406738,0.15250438451766968,343.2203674316406,51.79289627075195,-6.338932514190674,0.1638803780078888,22.707992553710938,17,1.9952980279922485,1.0328329801559448,2.2187860012054443,39.944668161103024,939.7373296284399,44.875816226303876,3.3680726209204264,0.37240999937057495,0.37037113308906555,-26.474281311035156,2,8.5894775390625,0.0006281828973442316,-98.67362213134766,11.97178840637207,44.87581622630386,3.368072620920418
8409.1748046875,57.47042465209961,-9.811883926391602,0.007421998307108879,6409.890625,58.52969741821289,-9.51712703704834,0.00991643313318491,7835.59423828125,58.921875,-9.735179901123047,0.008166471496224403,2230.693115234375,17,1.4613994359970093,0.49446842074394226,-13.122406005859375,1337.1406913189587,941.1910361412702,44.87596818629166,3.2731606180588395,0.009339805692434311,0.008590642362833023,-31.95751953125,3,2.645413398742676,0.00019352236995473504,9346.68359375,8.768396377563477,44.87596818629166,3.2731606180588395
1626.076904296875,28.75690460205078,-8.027853012084961,0.01920573227107525,1695.213134765625,45.885711669921875,-8.073060989379883,0.02939564548432827,1688.539794921875,31.979175567626953,-8.068778038024902,0.020567702129483223,453.3045654296875,10,1.164437174797058,0.3782000243663788,-8.225228309631348,1344.0589827018844,939.9432571234822,44.87587697126471,3.2726544169579843,0.02370379865169525,0.018235541880130768,-3.653501272201538,3,3.0506842136383057,0.0002231700054835528,1658.1005859375,6.9866228103637695,44.875876971264695,3.272654416957978
56593.43359375,159.25869750976562,-11.881915092468262,0.0030560956802219152,45164.20703125,118.75152587890625,-11.636985778808594,0.002855450613424182,55134.29296875,147.29246520996094,-11.853554725646973,0.002901272615417838,2386.572509765625,263,2.3293983936309814,2.2488925457000732,27.75349235534668,1501.7394974055578,987.9440911988187,44.8793966288165,3.261110927046619,0.006507736165076494,0.0064152805134654045,36.05165100097656,0,4.2325897216796875,0.0003096369619015604,56444.69921875,13.976390838623047,44.8793966288165,3.261110927046619
823.3753051757812,65.840087890625,-7.288994789123535,0.08684051781892776,594.6544799804688,42.51051712036133,-6.935661792755127,0.07763570547103882,827.7928466796875,64.49205017089844,-7.294804096221924,0.08460856974124908,28.224763870239258,29,2.3199210166931152,1.3242580890655518,5.896629333496094,67.82872830669787,959.9660237615692,44.87729900789685,3.3660307930036755,0.23564113676548004,0.23384390771389008,5.701956748962402,2,10.499129295349121,0.0007678407127968967,597.647216796875,13.919526100158691,44.87729900789683,3.3660307930036595
446.32843017578125,53.126136779785156,-6.624136447906494,0.12926575541496277,272.6420593261719,41.49995040893555,-6.088982105255127,0.16530445218086243,123.30235290527344,58.6580810546875,-5.227428436279297,0.5166379809379578,23.046180725097656,19,2.048539161682129,1.3245322704315186,-49.55755615234375,12.941861082276027,957.1592754841594,44.87709101337861,3.3700462429331806,0.24281106889247894,0.23865017294883728,12.358899116516113,18,9.86401653289795,0.0007213855278678238,-1713.3765869140625,12.291234970092773,44.87709101337862,3.370046242933188
448.0756530761719,56.911739349365234,-6.628378391265869,0.13793686032295227,274.6333312988281,41.64838409423828,-6.0968828201293945,0.16469284892082214,284.4085388183594,67.57368469238281,-6.134856700897217,0.25802677869796753,25.238679885864258,18,2.352653741836548,1.5112804174423218,52.716796875,853.00942583434,965.1885422819353,44.87771164959306,3.3085853989798526,0.36366912722587585,0.362164705991745,64.7406997680664,0,9.474446296691895,0.000693009642418474,-84.72980499267578,14.115922927856445,44.87771164959307,3.3085853989798597
1304.330322265625,95.05419921875,-7.788468837738037,0.07914318889379501,399.1536560058594,41.88704299926758,-6.50285005569458,0.11396444588899612,539.7653198242188,69.04833984375,-6.830512523651123,0.1389242559671402,22.46996307373047,30,2.222900390625,1.6111180782318115,52.26248550415039,1310.0427837063098,969.4874814521525,44.87804003144439,3.2751414709615188,0.3376109004020691,0.3369346559047699,64.33311462402344,0,10.852775573730469,0.0007939088973216712,314.1317443847656,13.33740234375,44.87804003144441,3.275141470961525
11223.64453125,161.5140838623047,-10.125334739685059,0.015628105029463768,2196.904296875,47.43885040283203,-8.354527473449707,0.023450540378689766,7986.04638671875,181.10299682617188,-9.755829811096191,0.02462768740952015,451.795654296875,340,6.371026992797852,3.793905019760132,5.972361087799072,1108.0663466800586,1009.8733472026836,44.88099238134889,3.2899184951640064,0.1199488639831543,0.1174967885017395,8.19587230682373,2,16.70804786682129,0.001222159480676055,5292.701171875,38.22616195678711,44.8809923813489,3.2899184951640126
1027.9873046875,77.93682098388672,-7.529969215393066,0.08233505487442017,449.0187072753906,42.097633361816406,-6.6306610107421875,0.10181764513254166,871.79736328125,78.33773040771484,-7.351038932800293,0.09758549183607101,26.141679763793945,29,2.779350996017456,1.6751031875610352,58.82958984375,212.2191202066968,983.4398761581084,44.87902442379824,3.3554656134264453,0.3544139266014099,0.35169103741645813,36.452754974365234,2,12.934717178344727,0.0009459804277867079,217.6074981689453,16.676105499267578,44.87902442379824,3.3554656134264453
1898.2044677734375,68.06245422363281,-8.195857048034668,0.038939863443374634,1428.468505859375,45.17839813232422,-7.887176513671875,0.03434709087014198,1737.133544921875,69.30482482910156,-8.09958267211914,0.04332714527845383,83.9187240600586,61,1.9849804639816284,1.7570019960403442,7.432238578796387,134.26925711898522,979.7973109531537,44.87875433072034,3.361168425464451,0.0745253935456276,0.07386066019535065,52.00760269165039,0,4.940130233764648,0.0003612915752455592,1470.8677978515625,11.909882545471191,44.87875433072034,3.361168425464451
6520.7734375,80.25567626953125,-9.535747528076172,0.01336615439504385,5359.08984375,55.869869232177734,-9.32272720336914,0.01132182590663433,6322.74658203125,82.5926513671875,-9.502264022827148,0.014186179265379906,279.5288391113281,104,2.1152923107147217,1.9003089666366577,-12.238100051879883,729.6216213380759,990.4498394093418,44.8795576716869,3.3176112422435455,0.025099778547883034,0.0248970128595829,40.592315673828125,2,4.2601823806762695,0.00031160004436969757,6317.32763671875,12.691753387451172,44.8795576716869,3.317611242243545
2077.9658203125,68.57852935791016,-8.294095993041992,0.0358409583568573,1598.987548828125,45.63863754272461,-8.009613037109375,0.030996838584542274,1990.6651611328125,71.88819885253906,-8.247495651245117,0.03921834006905556,94.26567077636719,64,2.1930413246154785,1.6892004013061523,53.74278259277344,1383.20335802006,987.6085631249177,44.87936916309583,3.2697859955246873,0.0677938386797905,0.06720153987407684,65.60466003417969,0,4.7269392013549805,0.00034579139901325107,1853.0262451171875,13.158247947692871,44.87936916309583,3.2697859955246873
272.7613830566406,45.381961822509766,-6.089457035064697,0.18068836629390717,121.16159057617188,40.913414001464844,-5.208412170410156,0.3667166233062744,151.19984436035156,48.9921760559082,-5.448878288269043,0.35188859701156616,14.08653450012207,9,1.5601704120635986,1.1632205247879028,-71.81700134277344,456.92409343481955,973.5700297378249,44.87831139852365,3.3375643060922564,0.9508391618728638,0.9483712315559387,84.99577331542969,0,8.056864738464355,0.0005892692715860903,43.440391540527344,9.36102294921875,44.87831139852365,3.3375643060922564
1211.1202392578125,77.4437255859375,-7.707968235015869,0.06944305449724197,683.1174926757812,42.82718276977539,-7.086238384246826,0.06808539479970932,1033.5615234375,71.18761444091797,-7.53584098815918,0.07479936629533768,32.66261291503906,43,2.1453304290771484,1.8010481595993042,-70.66072082519531,1291.8071512703166,984.7138518956034,44.87915477793493,3.276474765555086,0.20778071880340576,0.20609299838542938,63.26150894165039,2,10.718891143798828,0.0007841066108085215,428.2405090332031,12.87198257446289,44.87915477793493,3.276474765555086
258.4399719238281,40.446006774902344,-6.0308990478515625,0.1699596345424652,240.7264862060547,41.48859405517578,-5.95380973815918,0.18716932833194733,241.42674255371094,40.483924865722656,-5.956963539123535,0.18210718035697937,18.061155319213867,11,1.350711703300476,0.9456259608268738,-52.64305114746094,1415.5359449408559,973.9497111022059,44.87836955338414,3.2674208411237533,0.3085528314113617,0.3072379529476166,-45.561798095703125,1,6.748203754425049,0.0004936603363603354,111.90699005126953,8.104269981384277,44.87836955338414,3.2674208411237533
1455.7579345703125,104.60870361328125,-7.9077229499816895,0.07803842425346375,317.1741943359375,41.6319580078125,-6.253244400024414,0.14254723489284515,560.200439453125,121.77764129638672,-6.870858669281006,0.23607714474201202,19.35173225402832,30,2.5275285243988037,1.874192476272583,-21.628551483154297,600.262783676835,1054.0847725252736,44.88421364813757,3.32706999900385,0.4124520719051361,0.4098600149154663,-35.6507682800293,3,13.04760456085205,0.000954282411839813,778.79345703125,15.165170669555664,44.88421364813755,3.327069999003843
6630.92578125,52.03346252441406,-9.553935050964355,0.00852193869650364,6331.33056640625,58.276859283447266,-9.503737449645996,0.009996108710765839,6522.908203125,52.745635986328125,-9.536103248596191,0.00878162868320942,1677.617919921875,24,1.886916995048523,0.4068121612071991,84.88375091552734,11.998632887186671,995.7474286131397,44.879917122639384,3.3701113868130204,0.015411066822707653,0.0091137969866395,87.34505462646484,16,5.212466239929199,0.0003811972856055945,4482.72802734375,11.321501731872559,44.87991712263937,3.3701113868130115
1315.7489013671875,94.4620361328125,-7.7979326248168945,0.07796759158372879,480.0320739746094,42.168060302734375,-6.7031755447387695,0.09539886564016342,981.1649780273438,74.68157958984375,-7.4793548583984375,0.08266112208366394,19.87508773803711,31,2.366302728652954,1.6957627534866333,4.809040069580078,509.2069140441723,998.7830335972986,44.88016000774234,3.333736904570977,0.35755813121795654,0.3566128611564636,25.02670669555664,2,12.005447387695312,0.0008780644275248051,831.9427490234375,14.197816848754883,44.88016000774233,3.3337369045709693
4499.552734375,44.945350646972656,-9.132923126220703,0.010847889818251133,3870.628662109375,52.015384674072266,-8.969453811645508,0.01459419447928667,4870.48046875,53.08134078979492,-9.218929290771484,0.011835861951112747,723.2867431640625,9,1.1562831401824951,0.36304134130477905,-4.723576068878174,229.73359942636358,986.6472457744836,44.87926006297582,3.3541840102733147,0.03045814111828804,0.021961981430649757,-7.333043575286865,2,3.8143250942230225,0.0002789610589388758,4827.3427734375,6.937698841094971,44.87926006297582,3.3541840102733143
1403.945556640625,92.60224151611328,-7.868375778198242,0.07163100689649582,7.003715515136719,36.441001892089844,-2.113321304321289,5.650561809539795,307.2274169921875,65.9029312133789,-6.218649864196777,0.23295636475086212,26.910133361816406,44,6.345238208770752,0.5001670122146606,89.97879028320312,2049.1607510083663,1204.1572811479448,44.89524239939349,3.2210273592776053,0.4387199878692627,0.031052634119987488,89.96411895751953,18,10.671937942504883,0.00078074965858832,-8090.16015625,38.07143020629883,44.895242399393496,3.22102735927761
3308.784423828125,43.83168411254883,-8.799171447753906,0.014386313036084175,3122.249755859375,50.017757415771484,-8.73616886138916,0.017397481948137283,3270.531005859375,47.72841262817383,-8.786545753479004,0.015848513692617416,512.6524658203125,26,1.8625205755233765,0.6100541949272156,44.35708236694336,1022.3820127244223,1007.3471371895987,44.880804796164334,3.2961885892035667,0.021534821018576622,0.018559148535132408,49.483463287353516,3,6.08128547668457,0.00044482536031864583,2850.818115234375,11.17512321472168,44.88080479616433,3.2961885892035605
483.0169677734375,46.98994445800781,-6.709906101226807,0.10565070062875748,489.7281799316406,42.23080062866211,-6.724887847900391,0.09364920109510422,596.0057983398438,76.79150390625,-6.938126087188721,0.139924094080925,37.08032989501953,20,1.8435454368591309,1.0755066871643066,-89.69609069824219,1100.4811238813388,1003.7312843677005,44.880542304930984,3.290474053372032,0.19964462518692017,0.19619157910346985,87.14484405517578,3,8.424101829528809,0.0006162063218653202,808.4166259765625,11.061272621154785,44.880542304930984,3.2904740533720314
445.2642517089844,52.58137512207031,-6.621544361114502,0.12824603915214539,328.4972839355469,41.65372848510742,-6.291329383850098,0.1377057135105133,393.7945556640625,60.385562896728516,-6.4881744384765625,0.1665302962064743,20.128599166870117,19,1.8445764780044556,1.248420000076294,47.53515625,731.1255445921392,1000.7161188522649,44.880309636312,3.3175002981805046,0.30526891350746155,0.30340805649757385,50.179622650146484,3,9.083026885986328,0.0006643517990596592,348.8067321777344,11.067459106445312,44.88030963631199,3.3175002981804975
1716.3271484375,86.02055358886719,-8.08650016784668,0.054429203271865845,939.1751098632812,43.67405700683594,-7.43186616897583,0.05050179362297058,1320.682861328125,79.33085632324219,-7.801996231079102,0.06523390859365463,40.17376708984375,62,2.8632946014404297,1.6313272714614868,60.87024688720703,1726.1836457080644,1019.5557488524412,44.88171685655323,3.2446815711157875,0.14992448687553406,0.14777351915836334,43.18528747558594,0,10.523979187011719,0.0007699194829910994,673.7833251953125,17.179767608642578,44.88171685655324,3.2446815711157933
266.96868896484375,43.19134521484375,-6.066150665283203,0.17569775879383087,201.90000915527344,41.28003692626953,-5.762840747833252,0.22204120457172394,226.85943603515625,58.90107727050781,-5.889391899108887,0.2819656431674957,18.78746223449707,11,1.4006837606430054,0.8707146644592285,-8.619105339050293,1441.8259157070538,995.640631177994,44.8799589092711,3.2654951455884795,0.3674885332584381,0.36529502272605896,-35.32686996459961,1,6.592391490936279,0.0004822608025278896,188.51763916015625,8.404102325439453,44.8799589092711,3.265495145588479
656.9102172851562,59.518524169921875,-7.043765068054199,0.09839566797018051,474.0115051269531,42.179439544677734,-6.689472198486328,0.09663662314414978,488.33172607421875,60.870784759521484,-6.721787452697754,0.1353704184293747,26.69910430908203,28,1.7418581247329712,1.6100454330444336,-14.907857894897461,758.3731212115212,1005.3579736319376,44.88065054906494,3.3155062764701264,0.20623679459095,0.20386046171188354,7.515175819396973,0,7.791985511779785,0.0005699247121810913,349.2435607910156,10.451148986816406,44.88065054906493,3.3155062764701193
2061.828857421875,35.725120544433594,-8.28563117980957,0.018817022442817688,2102.822265625,47.344749450683594,-8.3070068359375,0.024451138451695442,2185.148681640625,42.9832878112793,-8.348702430725098,0.021362321451306343,290.9888610839844,18,1.9137828350067139,0.4819291830062866,43.498138427734375,1034.5969302574906,1016.6895370956597,44.881489415603404,3.2952940003378095,0.03745807707309723,0.030643882229924202,45.224308013916016,3,5.722311973571777,0.00041856724419631064,1855.9410400390625,11.482696533203125,44.881489415603404,3.2952940003378095
267.13397216796875,43.22756576538086,-6.0668230056762695,0.17573630809783936,223.69674682617188,41.35280227661133,-5.874149322509766,0.20075903832912445,263.35296630859375,44.04330062866211,-6.051345348358154,0.18162326514720917,18.17119789123535,11,1.4248355627059937,0.7131038904190063,72.78446197509766,1293.6861717531601,1006.5988385756643,44.8807577362599,3.276335515807591,0.44555574655532837,0.4421215057373047,63.54178237915039,2,6.01029634475708,0.0004396604490466416,260.372802734375,8.549013137817383,44.880757736259916,3.2763355158075975
3581.379638671875,48.378780364990234,-8.885126113891602,0.014670143835246563,2784.95947265625,49.092185974121094,-8.61204719543457,0.019143586978316307,4121.2353515625,80.4754867553711,-9.037568092346191,0.021206354722380638,291.6240539550781,34,3.289762258529663,0.5836858749389648,38.370330810546875,1043.2347050459095,1021.518221046763,44.88184333408038,3.294661540290543,0.05727667361497879,0.04703959822654724,39.96703338623047,3,8.289193153381348,0.00060632562963292,6338.1416015625,19.73857307434082,44.881843334080365,3.294661540290537
4006.820556640625,48.91434097290039,-9.006999969482422,0.013257637619972229,3338.257568359375,50.700443267822266,-8.808799743652344,0.016493840143084526,9195.3818359375,86.31449890136719,-9.908924102783203,0.010193981230258942,429.64007568359375,33,2.851187229156494,0.5379974842071533,35.54977798461914,1050.7610201324032,1026.5119925789718,44.882209308217185,3.2941103949793824,0.04022981971502304,0.010955512523651123,35.791664123535156,3,7.4019598960876465,0.000541427347343415,8803.33984375,17.10712432861328,44.882209308217185,3.2941103949793824
3718.16943359375,42.12480545043945,-8.925823211669922,0.01230377983301878,3643.6572265625,51.4991340637207,-8.903843879699707,0.015349430032074451,3743.843505859375,47.03215789794922,-8.933294296264648,0.013642910867929459,550.1724243164062,20,1.8401222229003906,0.5060557723045349,29.308454513549805,1029.8851045509432,1012.7114616600128,44.88119791423602,3.2956391138026926,0.024249861016869545,0.01838499680161476,29.587005615234375,3,5.750261306762695,0.00042061187559738755,3394.352294921875,11.040733337402344,44.88119791423602,3.2956391138026926
359.66204833984375,50.59869384765625,-6.389736652374268,0.15278281271457672,59.101497650146484,40.71975326538086,-4.4289960861206055,0.7482323050498962,-18.311189651489258,50.54767608642578,99.0,99.0,14.660442352294922,10,1.9224488735198975,1.0659090280532837,53.22175979614258,1770.6270658155154,1018.3634432867132,44.88163041535692,3.241428685357412,0.6470461487770081,0.6419329643249512,25.316200256347656,0,8.564990997314453,0.0006266104755923152,-361.6372985839844,11.534692764282227,44.88163041535692,3.2414286853574117
1364.821044921875,80.50370788574219,-7.837689399719238,0.06405749917030334,825.4089965820312,43.298152923583984,-7.291673183441162,0.05696787312626839,1153.1531982421875,79.45240783691406,-7.654717445373535,0.07482554018497467,32.70947265625,57,2.516798496246338,1.8781383037567139,49.65955352783203,107.03453031837608,1031.0831734281085,44.882509228359005,3.3631557035508943,0.17389939725399017,0.17360436916351318,41.1369514465332,0,9.425294876098633,0.0006892913952469826,513.5963745117188,15.100790977478027,44.882509228359005,3.3631557035508943
349.3729553222656,50.31761932373047,-6.3582234382629395,0.15640859305858612,153.26466369628906,41.11721420288086,-5.463604927062988,0.29134759306907654,163.15005493164062,39.39340591430664,-5.531467914581299,0.26222020387649536,19.363765716552734,8,1.9999686479568481,0.6438427567481995,-84.58397674560547,361.56106619291023,1026.1424847570795,44.88215804077718,3.344536096539198,0.4393106997013092,0.4380405843257904,-37.00619888305664,2,6.775913238525391,0.000495561514981091,-134.74346923828125,11.999812126159668,44.88215804077717,3.3445360965391906
548.8985595703125,60.819515228271484,-6.848730087280273,0.12033187597990036,372.15679931640625,41.75100326538086,-6.426815032958984,0.1218346357345581,529.4581298828125,74.50506591796875,-6.809578895568848,0.152821347117424,27.556541442871094,20,2.10478138923645,1.118813395500183,4.373924255371094,1600.403647785366,1022.5065822157801,44.8819303163507,3.25388730184989,0.37085726857185364,0.36760765314102173,-8.8537015914917,2,7.350300312042236,0.0005377200432121754,318.53662109375,12.62868881225586,44.8819303163507,3.25388730184989
243.74594116210938,42.94110107421875,-5.967343330383301,0.19132231175899506,27.37166404724121,40.61213302612305,-3.5932528972625732,1.6113297939300537,42.5738410949707,45.19618606567383,-4.072856903076172,1.1528923511505127,14.325133323669434,9,1.9691613912582397,0.8422701358795166,52.864383697509766,535.9905946507176,1022.5090464246869,44.881898700920615,3.3317751842427237,0.7485784292221069,0.7454383373260498,49.20182800292969,0,7.69942569732666,0.0005631243111565709,-234.3426971435547,11.81496810913086,44.881898700920615,3.3317751842427237
722.3516235351562,70.51463317871094,-7.146871566772461,0.10601332038640976,319.7859191894531,41.687782287597656,-6.262148380279541,0.14157262444496155,371.4397277832031,67.5089111328125,-6.424720764160156,0.19737973809242249,22.98967742919922,22,2.1864242553710938,1.380690336227417,-56.063114166259766,772.1965283295808,1032.4391226581308,44.882634447490446,3.3144924741662,0.3226414918899536,0.32103922963142395,-59.213531494140625,0,10.40706729888916,0.0007611920591443777,269.1632385253906,13.118545532226562,44.882634447490446,3.3144924741662
3826.438232421875,111.26202392578125,-8.956986427307129,0.03157781437039375,1788.6673583984375,46.23667526245117,-8.13132381439209,0.028072871267795563,3525.242919921875,110.0451431274414,-8.867972373962402,0.03390093520283699,61.378822326660156,141,3.1532483100891113,2.7952516078948975,36.974937438964844,435.8727793380418,1050.715202732361,44.88396063484338,3.339097228072611,0.10201860964298248,0.10134659707546234,40.556766510009766,0,9.044722557067871,0.0006614961312152445,3039.662841796875,18.919490814208984,44.88396063484338,3.3390972280726103
374.24847412109375,45.7780876159668,-6.4328999519348145,0.13283956050872803,141.4141845703125,41.045528411865234,-5.376232624053955,0.3152119815349579,190.2987518310547,39.48834991455078,-5.69858980178833,0.22535274922847748,27.584075927734375,16,1.3221341371536255,0.9163931608200073,52.48965072631836,8.611338513988905,1031.7993300595872,44.88255730958714,3.3703555490489396,0.17696870863437653,0.1752215474843979,45.39352035522461,16,5.179588794708252,0.0003787870518863201,-667.6130981445312,7.932805061340332,44.88255730958714,3.370355549048939
327.3419189453125,44.45919418334961,-6.287504196166992,0.14749924838542938,310.38531494140625,41.530662536621094,-6.229753017425537,0.1453106552362442,275.7282409667969,53.17586135864258,-6.101202964782715,0.209441676735878,21.91135597229004,14,1.8708709478378296,1.160668134689331,32.25472640991211,1587.5717316910675,1035.6129216947643,44.88288995620696,3.254825462689218,0.2987256646156311,0.29765430092811584,-82.57951354980469,0,7.802347660064697,0.0005707850796170533,-19.666732788085938,11.225225448608398,44.88288995620695,3.2548254626892117
6570.52978515625,142.93357849121094,-9.544000625610352,0.023624558001756668,2150.57373046875,47.262386322021484,-8.331385612487793,0.02386663109064102,5654.24853515625,140.7322235107422,-9.380937576293945,0.027030151337385178,74.46223449707031,228,4.872768402099609,2.961958885192871,-9.216436386108398,845.7498210479449,1066.529340510744,44.885133654794956,3.3091077799312485,0.09954412281513214,0.09750451892614365,-7.549039840698242,0,13.395730972290039,0.0009797896491363645,3614.542236328125,29.236610412597656,44.885133654794956,3.309107779931248
385.92047119140625,51.63228988647461,-6.466244697570801,0.1452959179878235,257.0163269042969,41.574241638183594,-6.024901866912842,0.17566834390163422,310.0237121582031,57.40848922729492,-6.228487491607666,0.20109951496124268,23.728755950927734,13,1.8052396774291992,1.3520116806030273,36.03716278076172,403.8361449758257,1041.4437400224097,44.88328035598511,3.3414418690611782,0.47137120366096497,0.46697238087654114,64.08867645263672,3,9.352629661560059,0.0006840130081400275,234.66624450683594,10.831438064575195,44.88328035598511,3.3414418690611787
304.8410949707031,47.3598518371582,-6.210183620452881,0.1687200367450714,146.09446716308594,41.109092712402344,-5.411584377288818,0.3055863678455353,156.9133758544922,44.45182418823242,-5.489150047302246,0.3076517879962921,15.888350486755371,12,1.7616477012634277,0.869438111782074,-23.67107582092285,297.07154178098637,1033.9474221013172,44.882727044790016,3.3492532434046263,0.3620036244392395,0.3570811450481415,-24.689380645751953,0,7.396388053894043,0.0005409321747720242,116.5028076171875,10.569886207580566,44.882727044790016,3.3492532434046263
394.7689208984375,53.1526985168457,-6.4908576011657715,0.1462218165397644,228.35633850097656,41.3049430847168,-5.8965325355529785,0.19643495976924896,202.9230194091797,50.77684020996094,-5.7683281898498535,0.2717466354370117,18.360204696655273,16,1.8479946851730347,1.1022340059280396,30.804000854492188,1078.1131580386316,1041.1166673193509,44.883279777317355,3.292107713358036,0.28889137506484985,0.2856411933898926,54.081886291503906,0,8.539214134216309,0.0006246136617846787,-124.08597564697266,11.087967872619629,44.88327977731734,3.292107713358029
397.31292724609375,48.75090789794922,-6.49783182144165,0.13325387239456177,355.0541076660156,41.7415771484375,-6.375736236572266,0.12767449021339417,386.4073181152344,58.438663482666016,-6.467613220214844,0.1642422080039978,22.06992530822754,17,1.8726259469985962,1.427841067314148,25.58529281616211,743.2705052977349,1043.893422041778,44.883472355092955,3.3166078699064245,0.31634843349456787,0.3148129880428314,-66.72205352783203,0,9.79150390625,0.0007161605171859264,100.20401000976562,11.235755920410156,44.88347235509294,3.3166078699064174
1103.06005859375,83.25321960449219,-7.606497764587402,0.0819656178355217,499.2483215332031,42.184303283691406,-6.745791435241699,0.0917622521519661,844.3677978515625,86.63162994384766,-7.316329002380371,0.11142294853925705,23.86162757873535,32,2.517799139022827,1.6574362516403198,57.5048828125,572.1528536184363,1064.7448349201723,44.88499332679057,3.329125605552322,0.2682199478149414,0.2666952908039093,64.2991714477539,2,12.243864059448242,0.0008954890654422343,491.29864501953125,15.106794357299805,44.88499332679057,3.329125605552322
2066.28759765625,76.84606170654297,-8.28797721862793,0.04038877412676811,1404.8887939453125,45.178916931152344,-7.869104862213135,0.0349239744246006,1650.829833984375,67.69644165039062,-8.044256210327148,0.044534169137477875,81.41567993164062,58,1.967695951461792,1.675676941871643,-64.87254333496094,1324.971545732027,1057.2258396336608,44.88446652263301,3.274041998634988,0.07446810603141785,0.07411663979291916,-70.02696990966797,0,4.563297748565674,0.00033380629611201584,1490.711181640625,11.806175231933594,44.88446652263301,3.274041998634988
484.9939270019531,58.17290115356445,-6.714340686798096,0.13026095926761627,310.8384094238281,41.57946014404297,-6.23133659362793,0.14526934921741486,448.5718688964844,73.6913833618164,-6.629580020904541,0.17840807139873505,19.831462860107422,20,1.8618309497833252,1.2973710298538208,61.9171142578125,1729.3280219046178,1053.2470643469403,44.88418450673567,3.244448945091047,0.34150922298431396,0.34018605947494507,50.61050796508789,2,7.429007053375244,0.0005434887134470046,316.2716369628906,11.17098617553711,44.88418450673567,3.244448945091047
8222.3369140625,146.57208251953125,-9.787487983703613,0.019359128549695015,2393.060302734375,48.03307342529297,-8.447383880615234,0.021797994151711464,7197.7177734375,148.2142791748047,-9.642987251281738,0.022362742573022842,66.22452545166016,261,4.58009672164917,3.489337682723999,-36.00790023803711,1317.1509282938468,1093.4455322492202,44.88711900476393,3.2746114044023913,0.08829719573259354,0.08632432669401169,-30.776254653930664,0,13.472088813781738,0.0009854696691036224,6213.49755859375,27.480579376220703,44.88711900476393,3.2746114044023913
523.6493530273438,59.18000030517578,-6.797601222991943,0.12273380905389786,319.5263671875,41.63975143432617,-6.261266708374023,0.14152437448501587,299.5128479003906,51.03853988647461,-6.191038608551025,0.1850600242614746,21.709060668945312,18,2.632028341293335,0.7749955654144287,-24.569183349609375,762.7903614369584,1059.8643862833185,44.88464271928984,3.315178261248027,0.3317427337169647,0.32716163992881775,-13.6216459274292,0,8.545305252075195,0.0006250107544474304,-26.250732421875,15.792169570922852,44.88464271928984,3.315178261248027
771.8351440429688,68.44964599609375,-7.218811511993408,0.09631112962961197,423.659912109375,41.96765899658203,-6.5675435066223145,0.10757892578840256,680.0617065429688,72.78553771972656,-7.081370830535889,0.1162322387099266,32.00992965698242,27,2.341440200805664,1.411515712738037,60.94264221191406,174.8644892643676,1067.4808090512863,44.885177790275335,3.3581900870021157,0.3410756587982178,0.33649498224258423,68.60945892333984,2,9.224099159240723,0.0006745754508301616,338.6855163574219,14.048641204833984,44.88517779027533,3.3581900870021166
304.4579162597656,43.34444808959961,-6.208817958831787,0.15460944175720215,211.5220489501953,41.26457214355469,-5.813389301300049,0.211861252784729,244.16639709472656,47.2158317565918,-5.969214916229248,0.21000593900680542,22.392122268676758,13,2.1878392696380615,0.7895538210868835,-49.63185501098633,787.996711619776,1063.721671180807,44.8849260828733,3.3133336630252095,0.48026391863822937,0.4748973846435547,-45.326820373535156,0,7.858926296234131,0.0005748108960688114,-107.15013122558594,13.127035140991211,44.88492608287329,3.313333663025203
218.7568359375,39.146995544433594,-5.8499040603637695,0.1943419873714447,149.8110809326172,41.10562515258789,-5.438859939575195,0.29798001050949097,104.9510498046875,40.01625442504883,-5.052466869354248,0.41407543420791626,16.743366241455078,9,1.8925437927246094,0.6676265001296997,-34.545257568359375,1198.5527686665823,1062.1887669322332,44.884826573369125,3.283292748309992,0.35532891750335693,0.3514287769794464,-16.81691551208496,0,6.711368560791016,0.0004909225390292704,-405.1481628417969,11.355262756347656,44.884826573369125,3.283292748309992
7485573.5,1473.3253173828125,-17.185562133789062,0.00021374865900725126,2577871.25,844.2584838867188,-16.028152465820312,0.00035566737642511725,7389004.0,1435.2996826171875,-17.171464920043945,0.0002109533961629495,53123.84375,2903,6.002993583679199,2.8729381561279297,88.66446685791016,1143.3426917522945,1250.582525777484,44.898621981057275,3.2873169561043007,0.0012836813693866134,0.0009722347604110837,88.2956771850586,0,24.922086715698242,0.0018228311091661453,7482924.5,36.01795959472656,44.898621981057275,3.2873169561043007
1303.9788818359375,59.08658981323242,-7.788176536560059,0.049209412187337875,1106.6162109375,44.170040130615234,-7.609992504119873,0.043347153812646866,1198.2762451171875,58.95125198364258,-7.69639253616333,0.05342762917280197,63.65052795410156,44,1.692792534828186,1.5002259016036987,-83.8388900756836,644.4350358007746,1074.3315317983054,44.88569808185004,3.323836384084945,0.08920441567897797,0.08864092826843262,80.06298065185547,0,4.749453544616699,0.00034736812813207507,994.190185546875,10.156755447387695,44.88569808185004,3.3238363840849448
261.6473693847656,41.78927230834961,-6.044291019439697,0.17345158755779266,235.83253479003906,41.39326095581055,-5.931509494781494,0.19061441719532013,275.94384765625,68.51931762695312,-6.102051734924316,0.2696634829044342,18.317750930786133,11,1.4469094276428223,0.9553529620170593,-60.70386505126953,1251.1766543427702,1070.3285160751407,44.885424178490936,3.2794411990296344,0.3891780972480774,0.38745254278182983,-52.44279479980469,0,7.0231170654296875,0.0005137308035045862,292.233154296875,8.681456565856934,44.885424178490936,3.279441199029634
381.5781555175781,53.01289749145508,-6.453958988189697,0.1508786827325821,313.41778564453125,41.619510650634766,-6.240309238433838,0.14421258866786957,427.5782775878906,79.6356201171875,-6.577538967132568,0.20226538181304932,16.796886444091797,15,1.7412981986999512,1.2029261589050293,20.78203773498535,1313.8515958380974,1074.833260984361,44.885755784381985,3.274854346323499,0.44374939799308777,0.4408548176288605,3.3470630645751953,2,8.660192489624023,0.0006334887584671378,350.4479675292969,10.447789192199707,44.885755784381985,3.2748543463234987
405.5928649902344,52.26047134399414,-6.520226001739502,0.13993065059185028,292.2130432128906,41.54917907714844,-6.164248943328857,0.15441612899303436,326.4977111816406,53.30738830566406,-6.284700393676758,0.17731156945228577,16.6751766204834,17,2.0641019344329834,1.061564564704895,10.120789527893066,822.5098485193059,1075.5858516909157,44.88579615819842,3.3108073963537077,0.3654380142688751,0.36210840940475464,-1.9481385946273804,0,8.85877799987793,0.0006479424773715436,109.75032806396484,12.384611129760742,44.88579615819842,3.3108073963537072
927.7910766601562,80.90677642822266,-7.418625354766846,0.09470317512750626,270.58184814453125,41.57197189331055,-6.080746650695801,0.16685214638710022,287.0288391113281,72.71578216552734,-6.1448140144348145,0.2751268446445465,18.910812377929688,21,2.418170213699341,1.7051284313201904,-22.619518280029297,1541.86327828187,1085.8046753208453,44.88656495396754,3.258166907488279,0.42299139499664307,0.4203417897224426,-26.259830474853516,0,12.170342445373535,0.0008902995614334941,-363.244873046875,14.509021759033203,44.88656495396754,3.258166907488279
229.90029907226562,41.2078742980957,-5.903848648071289,0.19465720653533936,132.8688201904297,41.00082778930664,-5.308557510375977,0.33511924743652344,45.35163497924805,49.69211196899414,-4.141482353210449,1.189937949180603,16.658998489379883,9,2.451403856277466,0.8025187253952026,-69.14190673828125,344.021309941617,1083.9008552692605,44.88638737951936,3.345813748162904,0.46175578236579895,0.4556908905506134,88.0173110961914,0,8.39098834991455,0.0006136646843515337,-329.3623046875,14.708423614501953,44.88638737951936,3.3458137481629038
8794.83984375,157.75607299804688,-9.860569953918457,0.019479956477880478,3053.04541015625,49.970977783203125,-8.711833000183105,0.017775196582078934,8116.8525390625,173.5382537841797,-9.773468971252441,0.02321867272257805,104.00582122802734,267,4.958293437957764,3.5490689277648926,48.78891372680664,1493.8322165879906,1149.2787023206845,44.891212486677766,3.2616771224907586,0.07661744207143784,0.07584821432828903,60.720191955566406,3,10.729619026184082,0.0007848761160857975,9182.8056640625,29.749759674072266,44.891212486677766,3.2616771224907586
635.2466430664062,63.68094253540039,-7.0073561668396,0.10886716842651367,440.5591735839844,42.163238525390625,-6.610010623931885,0.10393445938825607,563.6780395507812,68.38127136230469,-6.877577781677246,0.13174553215503693,24.954885482788086,27,2.2848803997039795,1.5501459836959839,-54.69720458984375,571.5705364505693,1089.361266248779,44.88679613360914,3.329165939709384,0.25537174940109253,0.2533397972583771,-50.74141311645508,3,9.566666603088379,0.0006996770389378071,492.7034912109375,13.709281921386719,44.88679613360914,3.329165939709384
400.8588562011719,54.977237701416016,-6.507478713989258,0.14894339442253113,122.19685363769531,40.948917388916016,-5.217649936676025,0.3639252781867981,218.91397094726562,78.23352813720703,-5.850683689117432,0.38810503482818604,16.365930557250977,9,2.419994354248047,0.668161928653717,37.13923645019531,1636.67133869084,1087.2633241393664,44.88667390066933,3.2512280170858796,0.4501635432243347,0.12450171262025833,37.65347671508789,1,7.601390838623047,0.0005560815916396677,-243.5606689453125,14.519966125488281,44.88667390066933,3.25122801708588
4653.77685546875,133.55099487304688,-9.169513702392578,0.03116530552506447,1550.331298828125,45.67818832397461,-7.9760613441467285,0.03199736028909683,4661.6728515625,194.86944580078125,-9.171354293823242,0.04539748281240463,46.41913986206055,170,4.193684101104736,3.3518824577331543,28.207258224487305,1499.4055850497161,1140.6524201702541,44.89058086571509,3.2612699184124727,0.13199467957019806,0.13168558478355408,-7.675933361053467,3,15.140235900878906,0.0011075203074142337,5709.00390625,25.162105560302734,44.89058086571509,3.2612699184124727
748.0402221679688,67.05828857421875,-7.184812545776367,0.09735479205846786,343.3155822753906,41.74987030029297,-6.339233875274658,0.13206613063812256,387.7091979980469,60.64235305786133,-6.4712653160095215,0.16986338794231415,25.511497497558594,22,2.180384874343872,1.3303526639938354,-34.42140579223633,573.0861602022508,1091.361687871588,44.88694269337897,3.3290548698023223,0.207717165350914,0.2061706781387329,-9.770882606506348,3,10.200517654418945,0.0007460343767888844,452.74072265625,13.08230972290039,44.88694269337897,3.3290548698023223
865.0380859375,69.91630554199219,-7.342587947845459,0.08777545392513275,527.9109497070312,42.324378967285156,-6.80640172958374,0.08706823736429214,714.112548828125,66.9939956665039,-7.134416580200195,0.10188236832618713,30.917564392089844,33,2.1913952827453613,1.5417149066925049,61.231510162353516,1443.4661527333071,1102.7270407284977,44.887801977839096,3.2653667480184225,0.256571501493454,0.25574666261672974,-8.190666198730469,2,8.6048583984375,0.0006294533377513289,471.5806579589844,13.148371696472168,44.887801977839096,3.2653667480184234
307.74658203125,44.95301818847656,-6.220483303070068,0.15863369405269623,247.29470825195312,41.44724655151367,-5.983036994934082,0.18201646208763123,248.08685302734375,42.092926025390625,-5.986509323120117,0.184261754155159,23.889291763305664,13,1.5918971300125122,0.8740201592445374,-29.98194694519043,777.2971534635731,1094.7335326916566,44.88719694506557,3.3141137558409843,0.3286329507827759,0.3277336657047272,-58.220733642578125,0,7.04627799987793,0.0005153647507540882,113.77742004394531,9.551383018493652,44.88719694506558,3.3141137558409914
257.12054443359375,44.20490264892578,-6.025341987609863,0.1867082417011261,139.08407592773438,41.06961441040039,-5.358193397521973,0.3206808567047119,126.7636489868164,48.249122619628906,-5.257486820220947,0.4133562445640564,14.728394508361816,9,1.731824517250061,0.8094086647033691,59.420127868652344,234.58815896754496,1098.712341790913,44.88746757258879,3.3538179709048666,0.5139269828796387,0.5124406218528748,66.26969909667969,0,7.072835922241211,0.0005172488163225353,78.56079864501953,10.390947341918945,44.88746757258879,3.353817970904867
48890.06640625,150.5135498046875,-11.723052024841309,0.0033433728385716677,39314.9296875,111.73963928222656,-11.486393928527832,0.0030865943990647793,47747.19140625,140.0876007080078,-11.697369575500488,0.003186263609677553,2071.80712890625,246,2.289809465408325,2.21830415725708,17.29539680480957,1286.6798397488674,1135.3712973285387,44.890188711015796,3.2768378446206583,0.006951999384909868,0.00689778383821249,41.120914459228516,0,4.136702537536621,0.0003025881596840918,48739.23828125,13.73885726928711,44.890188711015796,3.276837844620658
305.8212890625,44.1690559387207,-6.213669300079346,0.15684844553470612,268.2316589355469,41.51686096191406,-6.071275234222412,0.16809093952178955,299.3453063964844,65.63737487792969,-6.190431118011475,0.2381269633769989,22.568435668945312,9,1.1749615669250488,0.7080823183059692,5.3773193359375,1659.8228449362157,1110.5270521533835,44.88837818962563,3.249531816241708,0.38895106315612793,0.38748741149902344,72.72174072265625,2,5.263646602630615,0.00038505985867232084,324.1256408691406,7.049769401550293,44.88837818962561,3.2495318162417024
490.6133728027344,53.78407287597656,-6.726848602294922,0.11905403435230255,384.13494873046875,41.853214263916016,-6.461209774017334,0.11832454055547714,370.82427978515625,56.6942253112793,-6.422920227050781,0.16603532433509827,24.761409759521484,21,1.9823577404022217,1.25371253490448,24.665157318115234,1605.7078554458735,1119.9083924867184,44.88906407983319,3.2534916999638,0.23568561673164368,0.2330968827009201,7.59312105178833,0,8.564465522766113,0.0006265193806029856,51.452301025390625,11.894145965576172,44.88906407983319,3.2534916999637997
536.8853149414062,62.989990234375,-6.824703693389893,0.1274147927761078,283.55560302734375,41.53620529174805,-6.131595611572266,0.15908104181289673,310.5364990234375,41.11897277832031,-6.230281829833984,0.14380018413066864,19.233102798461914,12,1.4300745725631714,0.909110963344574,44.192447662353516,807.4710056600555,1145.1989833485939,44.89089384282889,3.3119015592482928,0.36510607600212097,0.36252856254577637,21.94886589050293,2,6.403614044189453,0.00046835330431349576,112.63412475585938,8.58044719696045,44.89089384282889,3.3119015592482928
327.119873046875,48.875606536865234,-6.286767482757568,0.16226133704185486,152.02688598632812,41.0811767578125,-5.454801082611084,0.2934623062610626,222.2304229736328,58.33134460449219,-5.867008686065674,0.2850547730922699,16.584810256958008,8,1.170039176940918,0.5678511261940002,84.214111328125,498.3665066484215,1146.0633658080974,44.890945925804594,3.3345162610597217,0.6595902442932129,0.6532793045043945,71.35905456542969,2,4.84252405166626,0.00035415388992987573,224.94615173339844,7.020235061645508,44.89094592580459,3.3345162610597137
2051.466064453125,94.73035430908203,-8.280160903930664,0.050148118287324905,1011.5333251953125,43.961631774902344,-7.512450695037842,0.04719797894358635,1711.8038330078125,95.32772064208984,-8.083635330200195,0.06047767028212547,44.20552062988281,84,3.4649548530578613,1.9633970260620117,40.47099685668945,1471.0017385187625,1170.457094907897,44.892762942283596,3.263346261666207,0.1532394289970398,0.15072280168533325,42.18110656738281,0,12.035873413085938,0.0008804165991023183,1378.1424560546875,20.789730072021484,44.892762942283596,3.263346261666207
306.67230224609375,47.60062026977539,-6.216686248779297,0.16856518387794495,137.6370391845703,41.01686477661133,-5.346838474273682,0.32363611459732056,96.72547912597656,55.73029708862305,-4.963852405548096,0.6257203817367554,14.327766418457031,6,1.060916781425476,0.502161979675293,86.31119537353516,1733.5568370478018,1148.728850404553,44.89117749592796,3.2441323261223367,0.2853531837463379,0.2831662893295288,-42.66666793823242,2,4.324970722198486,0.00031639254302717745,122.68740844726562,6.365500450134277,44.89117749592797,3.244132326122342
2518.080810546875,111.56342315673828,-8.502674102783203,0.048115167766809464,937.6361083984375,43.68419647216797,-7.4300856590271,0.05059642717242241,1764.73779296875,114.16150665283203,-8.116700172424316,0.07025372236967087,45.02815628051758,106,4.431877136230469,2.224087715148926,-83.7388916015625,1442.2258761426176,1200.0562877319442,44.89492990663622,3.2654497846304857,0.1791914999485016,0.17585334181785583,82.64937591552734,0,16.675323486328125,0.001219766098074615,676.935546875,26.591262817382812,44.89492990663622,3.2654497846304853
651.0454711914062,67.04206085205078,-7.03402853012085,0.11183194071054459,383.3241882324219,41.89748001098633,-6.458915710449219,0.11870021373033524,566.5941772460938,69.33853149414062,-6.883180141448975,0.13290226459503174,24.61301612854004,18,1.6850990056991577,1.3825265169143677,-84.64525604248047,1105.7448362135003,1163.4520145004763,44.89224009241515,3.2900755086406304,0.33942800760269165,0.33688026666641235,67.2676010131836,3,8.248991012573242,0.0006033580284565687,425.5307312011719,10.110593795776367,44.89224009241515,3.2900755086406304
539.8480834960938,58.26274490356445,-6.830678939819336,0.11720582842826843,375.21575927734375,41.82381057739258,-6.435702800750732,0.12105210870504379,402.08392333984375,71.57360076904297,-6.510791778564453,0.19331519305706024,29.641231536865234,23,1.825663685798645,1.403649926185608,14.186052322387695,1462.4929291566625,1160.120658154436,44.892005747759654,3.2639697791652402,0.25594404339790344,0.2547832131385803,63.579097747802734,1,6.906785488128662,0.0005052280612289906,535.0308227539062,10.95398235321045,44.89200574775964,3.263969779165234
1501.76611328125,70.70376586914062,-7.9415059089660645,0.05112932622432709,1090.34326171875,44.14888381958008,-7.593908309936523,0.04397302120923996,1238.3721923828125,72.03949737548828,-7.732128143310547,0.06317558884620667,56.63042068481445,56,2.066188335418701,1.825430154800415,-42.8133544921875,1021.294378016984,1180.1931319132539,44.893463551300556,3.2962534503222263,0.10539095848798752,0.10476761311292648,-73.46732330322266,0,6.09345817565918,0.0004456835158634931,854.419189453125,12.397130012512207,44.89346355130057,3.296253450322233
1315.0936279296875,66.09949493408203,-7.797391891479492,0.054584745317697525,1002.5571899414062,43.843894958496094,-7.502772808074951,0.04749302193522453,1138.1585693359375,63.368289947509766,-7.640506744384766,0.06046430021524429,72.38458251953125,49,1.8674944639205933,1.5616648197174072,43.84799575805664,1644.0425595011056,1177.3831626369442,44.89327413070112,3.2506816640920526,0.09509705007076263,0.09448042511940002,53.41453552246094,0,4.760501861572266,0.0003482417087070644,1034.093994140625,11.20496654510498,44.8932741307011,3.250681664092041
328.82244873046875,45.576263427734375,-6.292403697967529,0.15052446722984314,274.4171447753906,41.521629333496094,-6.0960283279418945,0.1643209606409073,272.2488098144531,41.38798522949219,-6.087414741516113,0.16509659588336945,19.007095336914062,11,1.2505640983581543,1.0041744709014893,-56.7379264831543,750.1040259715784,1173.6354582542956,44.892974373831755,3.3160962449554843,0.3067513406276703,0.3057454526424408,21.196592330932617,2,6.690586090087891,0.0004893302684649825,176.21360778808594,7.503384590148926,44.892974373831755,3.3160962449554843
8846.8798828125,183.4556121826172,-9.866975784301758,0.022520119324326515,2013.16455078125,46.88761901855469,-8.259697914123535,0.025293486192822456,7863.353515625,186.18370056152344,-9.739019393920898,0.025713646784424782,73.51629638671875,347,5.82266092300415,4.433804512023926,-78.51029968261719,982.902061802602,1235.6008021632053,44.89751997155559,3.2990577684526015,0.12695282697677612,0.1258440613746643,-78.66683197021484,0,18.640228271484375,0.0013633269118145108,5801.630859375,34.93596649169922,44.897519971555596,3.2990577684526015
505.0954284667969,58.896446228027344,-6.758433818817139,0.12663258612155914,281.59600830078125,41.49813461303711,-6.124066352844238,0.16004124283790588,425.408447265625,66.14981079101562,-6.572015285491943,0.16886992752552032,23.37987518310547,17,2.398513078689575,1.3922325372695923,77.01578521728516,271.4835449026077,1194.5492313310203,44.894487489143174,3.3511094759352478,0.41935020685195923,0.4157361686229706,62.25812530517578,2,10.948027610778809,0.0008006217540241778,-216.58489990234375,14.39107894897461,44.89448748914316,3.3511094759352402
6018.5078125,55.69075393676758,-9.448721885681152,0.010049029253423214,4311.46240234375,53.257667541503906,-9.08656120300293,0.0134148970246315,5872.689453125,61.23103713989258,-9.42209243774414,0.011323075741529465,670.569091796875,38,3.3311123847961426,0.4952552914619446,-65.5919189453125,1381.7073673663378,1206.746222373448,44.89541831088467,3.2698780273536845,0.03538898006081581,0.02664954774081707,-65.75880432128906,0,7.678765773773193,0.0005616758135147393,4728.5869140625,19.986675262451172,44.895418310884686,3.2698780273536907
1076.8963623046875,71.60295867919922,-7.580434799194336,0.07220826297998428,703.5751342773438,42.847171783447266,-7.118276119232178,0.06613654643297195,782.2625122070312,69.05833435058594,-7.233381271362305,0.09587235748767853,36.70759201049805,45,1.977508783340454,1.8453912734985352,-89.19381713867188,305.31604312170197,1203.443680456391,44.89514024660222,3.3486336189329386,0.15616551041603088,0.1550542265176773,-18.846738815307617,0,7.670688152313232,0.0005609536892734468,412.3769836425781,11.865053176879883,44.89514024660222,3.3486336189329386
3517.120361328125,124.01567077636719,-8.86546802520752,0.03829297795891762,1141.69580078125,44.23503494262695,-7.643876075744629,0.04207710176706314,2948.447021484375,112.8582992553711,-8.673983573913574,0.04156903922557831,51.380271911621094,110,3.863157272338867,2.444671630859375,42.200870513916016,859.5857394937487,1221.4577107271357,44.89648024311691,3.308081722896985,0.1787670999765396,0.17627869546413422,49.87510299682617,2,12.973359107971191,0.0009488375508226454,2035.591552734375,23.178943634033203,44.896480243116905,3.308081722896978
64549.77734375,169.39430236816406,-12.024736404418945,0.002849927870556712,51671.8828125,126.08373260498047,-11.783135414123535,0.002649931237101555,62752.84765625,154.47396850585938,-11.994083404541016,0.0026733246631920338,2719.09375,279,2.3292434215545654,2.244579553604126,43.260311126708984,1849.5434057480024,1244.0142487942808,44.89815784480608,3.2356358787729826,0.006014558020979166,0.005925122182816267,46.42021942138672,0,4.188113212585449,0.0003063777694478631,64357.90625,13.975460052490234,44.89815784480608,3.2356358787729826
2611.76025390625,68.85578918457031,-8.542333602905273,0.028631029650568962,2046.924072265625,47.04256057739258,-8.277754783630371,0.0249585323035717,2457.393798828125,72.7781753540039,-8.476186752319336,0.032162975519895554,118.48734283447266,70,1.9371272325515747,1.8640960454940796,14.848906517028809,505.5168668221593,1217.0866996474672,44.896147368619495,3.3339864110061845,0.05323438718914986,0.05307139456272125,32.14242935180664,0,4.640354633331299,0.0003393585211597383,2255.91455078125,11.622763633728027,44.89614736861948,3.333986411006177
9915.6103515625,160.75770568847656,-9.990798950195312,0.01760687120258808,2712.478515625,48.96846008300781,-8.583415985107422,0.019605591893196106,9075.1591796875,171.64694213867188,-9.894635200500488,0.020540529862046242,89.7807846069336,330,5.963009357452393,3.57430362701416,89.5296630859375,799.4056625116338,1274.2818089658253,44.90034649766501,3.3124799933374196,0.0912984311580658,0.08883856981992722,-88.62799835205078,0,16.302974700927734,0.001192314550280571,5839.79443359375,35.77805709838867,44.90034649766501,3.3124799933374196
2904.96484375,103.89309692382812,-8.657852172851562,0.0388396792113781,1272.67236328125,44.670902252197266,-7.761791706085205,0.03811869025230408,2574.52587890625,108.3946533203125,-8.526742935180664,0.045723602175712585,50.77619552612305,113,4.12190580368042,2.127098321914673,9.490734100341797,720.4289752572458,1230.1096211142285,44.897109024863305,3.3182622055239035,0.1468788981437683,0.1432727426290512,14.393810272216797,0,13.671374320983887,0.0009998547611758113,1302.5887451171875,24.731433868408203,44.897109024863305,3.3182622055239035
795.9796142578125,66.31693267822266,-7.252254962921143,0.09047994017601013,518.4237060546875,42.277957916259766,-6.786712169647217,0.08856435865163803,622.4844970703125,67.29364013671875,-6.985321521759033,0.11740195006132126,33.12482833862305,34,2.2797646522521973,1.5226786136627197,65.71484375,252.09411909906748,1232.02322099195,44.89723086592934,3.3525241461123834,0.22086632251739502,0.21790748834609985,60.268497467041016,0,8.03121566772461,0.0005873055779375136,396.7090148925781,13.678587913513184,44.89723086592932,3.3525241461123754
12010.6396484375,93.76370239257812,-10.198915481567383,0.00847809761762619,9804.9345703125,65.96807098388672,-9.978611946105957,0.007306660525500774,11705.6103515625,94.66565704345703,-10.170985221862793,0.008782703429460526,523.2439575195312,134,2.135012149810791,2.082592487335205,81.491455078125,1827.0143870953364,1247.9598556038982,44.89844636741639,3.237284553095162,0.016196126118302345,0.016079572960734367,51.66232681274414,0,4.209547996520996,0.00030794349731877446,12105.640625,12.810072898864746,44.89844636741638,3.2372845530951566
381.3642883300781,50.60654830932617,-6.453350067138672,0.1441107988357544,242.75857543945312,41.35300827026367,-5.9629364013671875,0.18499600887298584,298.2508239746094,53.541038513183594,-6.1864542961120605,0.1949552595615387,20.83555030822754,10,2.4641597270965576,0.8719186186790466,80.49529266357422,402.79058127319416,1226.5444515987872,44.89683590017402,3.3415006203435107,0.5022425055503845,0.49967190623283386,-31.165510177612305,2,8.771625518798828,0.0006414713570848107,53.81492233276367,14.784957885742188,44.89683590017402,3.3415006203435107
324.6800537109375,48.526187896728516,-6.27863883972168,0.16231191158294678,195.0225372314453,41.20938491821289,-5.725212097167969,0.22947806119918823,310.25921630859375,54.17997741699219,-6.229311943054199,0.18964610993862152,16.576616287231445,13,1.6965601444244385,1.278462290763855,-14.581178665161133,392.56850277899963,1227.3464536040035,44.89689421774695,3.3422483436922468,0.8229511380195618,0.8184165358543396,-21.496145248413086,0,8.813523292541504,0.0006445329636335373,170.34165954589844,10.179361343383789,44.89689421774695,3.3422483436922463
405.3668212890625,52.20534133911133,-6.519620418548584,0.13986097276210785,263.0292053222656,41.48378372192383,-6.050009727478027,0.17127904295921326,289.3273010253906,55.02696990966797,-6.153473377227783,0.2065456360578537,24.325151443481445,8,1.252589464187622,0.49907124042510986,-26.43529510498047,1570.3430700500119,1222.662646176455,44.896588471249515,3.2560719588423774,0.37277740240097046,0.36679279804229736,-14.071606636047363,2,4.694096565246582,0.0003433712699916214,302.83599853515625,7.515536785125732,44.89658847124952,3.256071958842383
7247.5087890625,53.61191177368164,-9.650471687316895,0.008033455349504948,7188.5048828125,60.249717712402344,-9.641596794128418,0.009102198295295238,7146.0859375,58.697261810302734,-9.635170936584473,0.00892029982060194,912.275390625,24,1.8512104749679565,0.6157045364379883,-75.49641418457031,191.20965734054877,1237.5767079639281,44.89763492099275,3.3569774098085494,0.018578846007585526,0.012314182706177235,-71.02086639404297,0,6.3705244064331055,0.0004658561374526471,6924.4716796875,11.10726261138916,44.89763492099275,3.3569774098085494
669.6078491210938,67.35865783691406,-7.06455135345459,0.10924528539180756,256.3188781738281,41.46146774291992,-6.021951675415039,0.17566850781440735,451.5962219238281,107.50286102294922,-6.636875629425049,0.25852322578430176,27.085594177246094,17,1.9343311786651611,1.3910315036773682,75.4322738647461,1921.0385495998864,1236.1168895253327,44.89758078814058,3.2304033933193925,0.6288386583328247,0.6278037428855896,87.9626693725586,0,9.822565078735352,0.0007185771828517318,378.27496337890625,11.605987548828125,44.89758078814059,3.230403393319398
267.064697265625,43.21242141723633,-6.0665411949157715,0.17572030425071716,212.32635498046875,41.251380920410156,-5.817509651184082,0.2109912484884262,203.1350555419922,42.71918487548828,-5.7694621086120605,0.22838518023490906,21.554677963256836,11,1.702670931816101,0.8354946374893188,75.01634979248047,1513.5432505754532,1235.4560944723553,44.897524045488744,3.2602277901864043,0.3300037086009979,0.3271852731704712,77.3833236694336,1,7.125683307647705,0.0005212303949519992,101.97508239746094,10.216025352478027,44.897524045488744,3.260227790186404
2105.85302734375,72.99156188964844,-8.30856990814209,0.03764215111732483,1536.138671875,45.49152374267578,-7.966075897216797,0.03216102346777916,1834.765380859375,76.45630645751953,-8.158951759338379,0.04525458812713623,73.68859100341797,69,2.525794744491577,1.6960649490356445,-38.479740142822266,205.60149427617884,1251.940158142369,44.89868734690433,3.35592317509693,0.07597190886735916,0.07519825547933578,-9.480480194091797,0,6.37428617477417,0.000466129626147449,1438.23046875,15.154767990112305,44.898687346904346,3.355923175096938
1755.640625,65.01492309570312,-8.111088752746582,0.040216777473688126,1399.469970703125,45.16236877441406,-7.8649091720581055,0.03504636138677597,1559.660888671875,64.02387237548828,-7.982575416564941,0.04458015412092209,80.16444396972656,52,1.7642953395843506,1.6283705234527588,18.837852478027344,1226.211307434526,1246.5759510675953,44.89833095017477,3.2812535031322607,0.07301127165555954,0.07276612520217896,18.233226776123047,2,4.408914089202881,0.00032247998751699924,1281.673828125,10.585771560668945,44.89833095017475,3.2812535031322545
262.59063720703125,44.36190414428711,-6.048198223114014,0.18346819281578064,93.37064361572266,40.867740631103516,-4.925525665283203,0.47533532977104187,98.87715148925781,26.74282455444336,-4.9877400398254395,0.2937251627445221,19.209104537963867,6,1.198907494544983,0.4466964602470398,-43.28603744506836,1332.4437880974394,1236.7109775243214,44.89761141548147,3.2734806272454264,0.4512283504009247,0.44477757811546326,-58.75568771362305,2,4.336602210998535,0.00031720020342618227,-18.38081932067871,7.193445205688477,44.89761141548147,3.273480627245426
41999.01171875,142.29812622070312,-11.558097839355469,0.0036795095074921846,33901.515625,104.93220520019531,-11.32554817199707,0.003361394628882408,40973.1953125,133.1282501220703,-11.53125,0.0035285819321870804,1763.5538330078125,224,2.2600488662719727,2.2053146362304688,64.00796508789062,50.62468229489413,1286.2851299880967,44.90119539971977,3.3672561673778416,0.007607731036841869,0.007463592104613781,43.1314811706543,0,4.171454906463623,0.0003050306986551732,41626.23828125,13.560293197631836,44.90119539971977,3.3672561673778416
225.7570037841797,40.54686737060547,-5.884103298187256,0.1950499713420868,204.45614624023438,41.288578033447266,-5.776500225067139,0.21931056678295135,223.1635284423828,39.60297393798828,-5.87155818939209,0.1927233785390854,23.93759536743164,9,1.7560783624649048,0.6787260174751282,48.02886199951172,2005.8397022470372,1241.6482168447556,44.897987273594566,3.2241957688683422,0.4766351580619812,0.4743307828903198,31.10885238647461,0,6.516231060028076,0.0004767093632835895,126.00206756591797,10.536470413208008,44.897987273594566,3.224195768868342
5018.0048828125,78.08434295654297,-9.251327514648438,0.016899066045880318,4009.8046875,52.45812225341797,-9.007807731628418,0.01420755498111248,4818.06591796875,83.4466552734375,-9.207181930541992,0.018809013068675995,220.91468811035156,98,2.15045428276062,2.0842316150665283,-32.95086669921875,1003.8048026339574,1269.4913935138748,44.90000244092378,3.2975253674160774,0.03150063008069992,0.031166525557637215,67.26334381103516,0,4.288019180297852,0.00031361824949271977,4553.44189453125,12.902725219726562,44.90000244092378,3.297525367416078
211.8279571533203,36.81126022338867,-5.814958095550537,0.18872404098510742,225.57386779785156,41.263912200927734,-5.8832221031188965,0.1986604481935501,194.46653747558594,42.69118881225586,-5.72211217880249,0.23840929567813873,18.31853485107422,9,1.7639716863632202,0.818634033203125,14.539634704589844,1602.5169266061828,1243.3366536181052,44.89810319259906,3.253715685608113,0.4695873558521271,0.46442797780036926,-6.236031532287598,0,7.179788112640381,0.0005251981201581657,61.972957611083984,10.583829879760742,44.89810319259906,3.253715685608113
587.0896606445312,60.86648941040039,-6.9217610359191895,0.11259099096059799,429.6300964355469,42.00287628173828,-6.582736492156982,0.10617302358150482,576.1625366210938,65.47026062011719,-6.901362419128418,0.12340389937162399,22.586654663085938,25,2.1018950939178467,1.5166925191879272,-76.75086212158203,469.3791877285809,1257.323794018322,44.89909248721319,3.3366262782456766,0.2981681525707245,0.2965799868106842,72.1294937133789,0,10.695975303649902,0.0007821990293450654,464.274658203125,12.611370086669922,44.89909248721317,3.336626278245662
361.2029113769531,49.86715316772461,-6.394378185272217,0.14993159472942352,229.39320373535156,41.387630462646484,-5.901451587677002,0.19593852758407593,228.2007598876953,44.304317474365234,-5.895792484283447,0.2108428031206131,20.33492660522461,15,1.6449223756790161,0.9324409365653992,56.707183837890625,768.3240665384902,1249.8033910908607,44.898552886946334,3.3147562629471987,0.3162396252155304,0.3129829466342926,45.53807067871094,0,7.401622772216797,0.0005413179169408977,231.33395385742188,9.869534492492676,44.898552886946334,3.3147562629471987
239.68421936035156,42.489620208740234,-5.949098587036133,0.19251884520053864,152.7109375,41.05156707763672,-5.459675312042236,0.2919372022151947,140.9741973876953,44.76968765258789,-5.372848987579346,0.3448849618434906,14.77531623840332,9,1.7550232410430908,0.8796191811561584,-60.59724426269531,299.0364455059564,1254.9642566159116,44.898912775453596,3.3490878928637224,0.5142797827720642,0.5134341716766357,87.22285461425781,0,7.425831317901611,0.0005430348683148623,-120.50721740722656,10.530139923095703,44.898912775453596,3.3490878928637224
1067.80029296875,56.498870849609375,-7.571225166320801,0.05746184289455414,897.9757080078125,43.52870178222656,-7.383161544799805,0.05264304205775261,961.2428588867188,61.40189743041992,-7.457082748413086,0.06937108188867569,48.48447036743164,38,1.6774977445602417,1.6401598453521729,65.89444732666016,1239.2146642159373,1263.5118734318253,44.899571538409404,3.280300561339665,0.10964195430278778,0.10873903334140778,71.49525451660156,0,5.905483245849609,0.000431941298302263,865.9537963867188,10.064986228942871,44.899571538409404,3.2803005613396645
246.83470153808594,42.04056167602539,-5.981015682220459,0.1849660873413086,158.6517791748047,41.10341262817383,-5.501112461090088,0.2813602685928345,147.1816864013672,35.392372131347656,-5.4196343421936035,0.2611474096775055,17.853511810302734,10,1.3214867115020752,0.7526471614837646,-9.77700138092041,116.93337479727576,1253.5036109905764,44.89879793693817,3.3624091446733138,0.41332677006721497,0.4100957214832306,7.817706108093262,0,5.945657253265381,0.00043477778672240674,86.44689178466797,7.928920269012451,44.898797936938166,3.3624091446733053
214.98374938964844,38.10978698730469,-5.831014156341553,0.19251328706741333,133.8050994873047,41.08378982543945,-5.316181659698486,0.3334476351737976,145.76190185546875,49.97003936767578,-5.409110069274902,0.3723021149635315,21.409204483032227,9,1.7933210134506226,1.1098383665084839,-42.35380172729492,389.33185358157,1262.185408721758,44.899445290267636,3.3424817156393156,0.6245022416114807,0.6223699450492859,3.81268310546875,0,8.37708568572998,0.0006126066436991096,12.965561866760254,10.759925842285156,44.89944529026764,3.3424817156393227
5851.7255859375,53.80276107788086,-9.41821002960205,0.009985054843127728,2633.09521484375,48.717464447021484,-8.551166534423828,0.020093144848942757,8363.8076171875,78.14762115478516,-9.806010246276855,0.010147091001272202,876.8031005859375,24,2.5481057167053223,0.4455764591693878,62.29277801513672,582.2864436556158,1271.254670076099,44.90011697623519,3.3283649301421607,0.03567415475845337,0.007693143095821142,61.274070739746094,3,6.358000755310059,0.00046497012954205275,8214.85546875,15.288634300231934,44.90011697623519,3.3283649301421603
147361.65625,233.3606719970703,-12.920961380004883,0.0017197803827002645,118226.921875,185.09632873535156,-12.681791305541992,0.0017002439126372337,143953.8125,216.22523498535156,-12.89555835723877,0.0016312218504026532,6325.35546875,382,2.412193775177002,2.2939023971557617,25.927576065063477,1760.881342675328,1309.696050664004,44.90296602505402,3.2421202330343757,0.003867299761623144,0.003801733488216996,46.055015563964844,0,4.194765567779541,0.00030684887315146625,147237.15625,14.473162651062012,44.90296602505401,3.2421202330343704
3346.859375,71.41593170166016,-8.811594009399414,0.02317327819764614,2700.97998046875,48.89588165283203,-8.578803062438965,0.019659874960780144,3175.81982421875,76.51911163330078,-8.754639625549316,0.026166394352912903,141.50872802734375,79,2.147542715072632,1.8127644062042236,80.02689361572266,1360.007615874687,1305.7852137537527,44.902670436011505,3.2714578702703427,0.04175958037376404,0.04164847359061241,77.26764678955078,0,4.270155429840088,0.0003123329079244286,3109.496337890625,12.885255813598633,44.902670436011505,3.2714578702703423
2438.690185546875,81.49845123291016,-8.467891693115234,0.03629297390580177,1553.1834716796875,45.57193374633789,-7.978056907653809,0.031864311546087265,2281.41845703125,85.8914566040039,-8.395512580871582,0.04088602215051651,60.86600875854492,83,2.8309385776519775,1.8931849002838135,33.18755340576172,608.2893482540184,1290.012456333539,44.90149154183756,3.326460811908034,0.09624398499727249,0.09445630013942719,30.751834869384766,0,9.5416259765625,0.0006977915181778371,1982.459228515625,16.985631942749023,44.90149154183757,3.3264608119080408
857.0162353515625,58.0731201171875,-7.332472801208496,0.0735895112156868,660.7615966796875,42.72446823120117,-7.050112247467041,0.07022013515233994,697.7431030273438,59.71997833251953,-7.109239101409912,0.0929509699344635,41.24602508544922,34,1.7684698104858398,1.5153040885925293,-73.69720458984375,1772.2765363395565,1282.9868281230426,44.90101035824981,3.241288258023615,0.13420219719409943,0.13235355913639069,82.77779388427734,0,6.187912940979004,0.0004526549018919468,608.8248901367188,10.610818862915039,44.90101035824979,3.241288258023604
317.5042724609375,47.34123229980469,-6.254374027252197,0.1619272083044052,149.97682189941406,41.07429504394531,-5.440060138702393,0.2974238395690918,152.5806427001953,42.93879699707031,-5.458748817443848,0.30561894178390503,21.721866607666016,13,1.4529495239257812,0.9984488487243652,57.86692428588867,555.7017422237125,1276.5032157453688,44.90050030598294,3.3303093211749233,0.32077571749687195,0.3171030879020691,63.84849548339844,0,7.1964569091796875,0.0005262834602035582,146.5648193359375,8.717697143554688,44.90050030598295,3.3303093211749304
3122.8203125,39.229217529296875,-8.736367225646973,0.013642453588545322,3230.207275390625,50.26246643066406,-8.773076057434082,0.01689830794930458,3254.215576171875,42.21541976928711,-8.781115531921387,0.014088171534240246,705.2258911132812,18,1.1576306819915771,0.6184625029563904,60.84291458129883,585.8483994341454,1277.7552495838297,44.900593134115944,3.3281037253542163,0.01608305610716343,0.014530707150697708,65.91536712646484,3,2.4949262142181396,0.0001824573118938133,3180.29296875,6.945784091949463,44.900593134115944,3.3281037253542163
731.6039428710938,73.17194366455078,-7.1606903076171875,0.1086171418428421,338.88995361328125,41.73524856567383,-6.325146675109863,0.13374394178390503,459.4359436035156,70.06639862060547,-6.655562400817871,0.16562071442604065,18.36406135559082,24,2.5835916996002197,1.5042920112609863,43.38425827026367,268.58057771899905,1287.2005948814462,44.90127205420724,3.3513125944641047,0.37106090784072876,0.3686772584915161,21.011987686157227,2,11.814469337463379,0.0008639486622996628,67.41522979736328,15.501550674438477,44.90127205420724,3.3513125944641047
478.32037353515625,56.93458557128906,-6.6992974281311035,0.12926682829856873,260.08514404296875,41.48978805541992,-6.0377888679504395,0.17324292659759521,403.7259826660156,67.81678771972656,-6.515216827392578,0.18242330849170685,21.926387786865234,20,2.621285915374756,1.3352572917938232,-38.8703727722168,391.1716411121716,1291.3854702290237,44.90158359811069,3.3423442579768086,0.39413270354270935,0.39352333545684814,-55.58610916137695,0,11.209602355957031,0.0008197362767532468,-152.1854705810547,15.727715492248535,44.90158359811069,3.342344257976809
360871.5,345.65240478515625,-13.893381118774414,0.0010401998879387975,288724.65625,285.1178283691406,-13.651209831237793,0.0010724333114922047,352065.25,323.29937744140625,-13.866558074951172,0.000997267197817564,15696.5234375,553,2.448451280593872,2.3868212699890137,39.19733428955078,957.187352101525,1351.023273843133,44.90597131883462,3.300928989267415,0.0024465066380798817,0.002406378509476781,53.15764236450195,0,4.198771953582764,0.0003070768725592643,360047.5625,14.69070816040039,44.90597131883462,3.300928989267415
697.8009033203125,70.9595718383789,-7.109328746795654,0.11043564975261688,149.27749633789062,41.11977005004883,-5.434985637664795,0.2991480529308319,27.329177856445312,100.15620422363281,-3.591566324234009,3.9799821376800537,15.60084056854248,9,2.336352586746216,0.7257793545722961,19.036806106567383,1114.926205667971,1279.0789041192857,44.90070792630563,3.289393795127207,0.23597677052021027,0.23466943204402924,-67.05924224853516,19,7.785802364349365,0.0005694518913514912,1248.5509033203125,14.018115997314453,44.900707926305614,3.2893937951272005
259.5314636230469,43.98531723022461,-6.035475254058838,0.18405497074127197,164.1078338623047,41.13764572143555,-5.53782320022583,0.2722324728965759,204.9878692626953,42.72516632080078,-5.779320240020752,0.22635257244110107,14.475337982177734,10,1.4915350675582886,0.6557493209838867,85.9790267944336,1931.9718071064212,1284.7166158837774,44.90113997295023,3.2295995523484633,0.5678443908691406,0.5641506910324097,-79.03138732910156,1,5.895312786102295,0.00043126833043061197,137.84275817871094,8.949210166931152,44.90113997295023,3.229599552348463
2122.9765625,85.16339111328125,-8.317362785339355,0.04356498643755913,1281.1463623046875,44.623714447021484,-7.768996715545654,0.037826552987098694,1936.6893310546875,86.66918182373047,-8.217649459838867,0.048599809408187866,53.04161071777344,80,2.615896224975586,2.1268889904022217,68.79998779296875,1083.0795039420952,1307.7201189381694,44.90280432044465,3.2917215517862237,0.11344953626394272,0.11220169067382812,87.8542709350586,2,7.907162189483643,0.0005783170345239341,1660.9677734375,15.695377349853516,44.90280432044465,3.2917215517862237
3287.52490234375,72.81515502929688,-8.7921724319458,0.02405373752117157,2577.27001953125,48.55915451049805,-8.527899742126465,0.020461667329072952,3095.357177734375,77.43878173828125,-8.726777076721191,0.027169244363904,144.8921356201172,81,2.1081669330596924,1.9052852392196655,23.714298248291016,241.9329024566032,1309.1283861276802,44.90287658710409,3.353259700976517,0.044311538338661194,0.04400309920310974,41.84035110473633,0,4.322595119476318,0.0003160909691359848,2933.0673828125,12.649002075195312,44.902876587104075,3.3532597009765097
499.0908508300781,57.64033889770508,-6.745449066162109,0.125422865152359,317.32989501953125,41.61673355102539,-6.253777503967285,0.14242519438266754,406.715576171875,55.61570739746094,-6.523227214813232,0.14850343763828278,24.516891479492188,14,1.5849355459213257,0.8489665389060974,48.322776794433594,1539.0852026791758,1290.2696568786885,44.90153866832063,3.258354188443108,0.345335990190506,0.3423612713813782,54.68912887573242,2,6.928170680999756,0.0005067743477411568,326.6949157714844,9.509613037109375,44.90153866832061,3.2583541884430964
584.8937377929688,65.62618255615234,-6.9176926612854,0.12185125052928925,283.1168212890625,41.55051803588867,-6.129914283752441,0.15938249230384827,395.9117736816406,88.35821533203125,-6.4939961433410645,0.24236971139907837,17.698652267456055,16,2.1788082122802734,0.9156685471534729,42.01499938964844,211.9536775777498,1291.2206128216467,44.90156399124624,3.3554545272111196,0.4186902940273285,0.41653382778167725,16.215177536010742,2,8.450416564941406,0.0006179402698762715,259.3434143066406,13.07284927368164,44.90156399124624,3.3554545272111196
434.0744323730469,54.74799728393555,-6.5939106941223145,0.13697265088558197,256.4368591308594,41.39860534667969,-6.022450923919678,0.17532147467136383,291.3416748046875,55.032020568847656,-6.161006450653076,0.20513637363910675,20.645673751831055,14,1.2826473712921143,1.083756446838379,52.0972785949707,1032.322606546872,1289.3790970843656,44.90145968577429,3.2954370090935843,0.28547269105911255,0.28345105051994324,-24.994184494018555,2,6.085844993591309,0.0004451070271898061,316.6321105957031,7.6958842277526855,44.901459685774306,3.2954370090935905
541.1296997070312,62.10945510864258,-6.833253383636475,0.12464824318885803,324.14703369140625,41.670780181884766,-6.276854991912842,0.13961093127727509,307.6610412597656,63.36989212036133,-6.220181465148926,0.22368676960468292,20.803543090820312,22,1.8495032787322998,1.682137131690979,-47.993675231933594,194.23138276914096,1298.0539268001144,44.90206359193693,3.3567502294406575,0.3090141713619232,0.30702003836631775,35.417396545410156,0,10.565765380859375,0.000772621133364737,240.1467742919922,11.09701919555664,44.90206359193693,3.3567502294406575
5443.2509765625,79.93741607666016,-9.339646339416504,0.015948563814163208,4342.63134765625,53.2891731262207,-9.094382286071777,0.0133264921605587,5229.9755859375,81.35336303710938,-9.296249389648438,0.01689295656979084,240.71820068359375,103,2.066223382949829,2.012587308883667,-53.8361930847168,575.6699270581304,1319.2379175904255,44.903630388050644,3.328844407532148,0.029058977961540222,0.028995897620916367,70.12933349609375,0,4.232449531555176,0.000309518538415432,5260.47314453125,12.397340774536133,44.903630388050644,3.328844407532148
341.434814453125,49.0390625,-6.3332695960998535,0.15597830712795258,270.6470947265625,41.49332046508789,-6.081008434295654,0.16649632155895233,307.68988037109375,45.99814224243164,-6.220283031463623,0.16235172748565674,20.380584716796875,10,1.540226936340332,1.0600502490997314,17.61736297607422,1463.293698148406,1298.9858068152262,44.90217513416195,3.2639000479131104,0.4465944468975067,0.4451085329055786,-40.56884765625,2,7.638686180114746,0.0005587339983321726,265.3998718261719,9.241361618041992,44.90217513416195,3.2639000479131104
290.01202392578125,44.845245361328125,-6.156040191650391,0.1679307520389557,240.7243194580078,41.456993103027344,-5.953799724578857,0.1870284527540207,166.3310089111328,37.705291748046875,-5.552433013916016,0.24618348479270935,19.9561710357666,9,1.8135712146759033,0.6067708134651184,-13.199795722961426,355.86176012842407,1298.9866872542339,44.90213875825158,3.344926561579057,0.37356406450271606,0.3716411590576172,31.127910614013672,2,6.258143901824951,0.00045764088281430304,-92.09956359863281,10.881427764892578,44.90213875825157,3.344926561579049
267.8182067871094,45.03736877441406,-6.0696001052856445,0.18262605369091034,123.00909423828125,41.015594482421875,-5.2248430252075195,0.3621109127998352,85.00679779052734,38.69789505004883,-4.823634147644043,0.49438297748565674,15.936629295349121,9,1.6759159564971924,0.7039294242858887,-51.23710632324219,1442.2467379651828,1301.4367297796655,44.902354093812185,3.2654400716550476,0.36275970935821533,0.36036938428878784,13.75803279876709,0,6.48248815536499,0.0004741602169815451,78.11844635009766,10.055496215820312,44.902354093812185,3.2654400716550476
5512.79736328125,51.81956100463867,-9.353429794311523,0.010208255611360073,4698.24951171875,54.22597122192383,-9.179840087890625,0.012534328736364841,5374.97314453125,57.878177642822266,-9.32594108581543,0.01169414259493351,658.1679077148438,31,2.63584566116333,0.5347018837928772,-44.78843688964844,1238.2451662022509,1315.1976083542204,44.90335639909601,3.2803671380971973,0.029611356556415558,0.021084904670715332,-41.15153884887695,0,7.0922698974609375,0.0005187341012060642,4976.3203125,15.81507396697998,44.90335639909602,3.280367138097204
1040.3123779296875,65.79582214355469,-7.542909622192383,0.0686853900551796,763.3394775390625,43.08477020263672,-7.206794261932373,0.061296526342630386,901.1969604492188,65.40447235107422,-7.387049198150635,0.07881657034158707,49.96807098388672,42,2.07094144821167,1.5612214803695679,19.191402435302734,529.4173226625335,1315.2552048864586,44.90333697554497,3.33222850053941,0.14630834758281708,0.14483600854873657,58.815956115722656,0,6.841011047363281,0.0005002783727832139,499.7767028808594,12.42564868927002,44.90333697554497,3.33222850053941
1519.8765869140625,80.97686004638672,-7.9545207023620605,0.05786053463816643,901.5245361328125,43.554988861083984,-7.387444019317627,0.052467480301856995,1332.8179931640625,79.14527893066406,-7.811927318572998,0.06448875367641449,38.87214660644531,62,2.5941379070281982,1.8064279556274414,26.64611053466797,899.4023965893865,1327.2425087284257,44.904228059123106,3.3051589978009064,0.15590092539787292,0.1549147516489029,23.902212142944336,0,9.336069107055664,0.0006827909382991493,846.7852783203125,15.564826965332031,44.904228059123106,3.305158997800907
507.8983154296875,61.8861083984375,-6.764441967010498,0.13232631981372833,166.48558044433594,41.11376190185547,-5.553441524505615,0.2681886553764343,156.79843139648438,35.429832458496094,-5.488354206085205,0.24539019167423248,17.153770446777344,9,1.5172148942947388,0.5827630162239075,80.04397583007812,1587.7759893701489,1322.5094291029477,44.90390065419327,3.2547882594688766,0.4387216567993164,0.43399733304977417,85.37278747558594,0,5.600943565368652,0.00040969104156829417,50.997825622558594,9.103289604187012,44.90390065419327,3.2547882594688766
270.5263366699219,43.91082763671875,-6.08052396774292,0.17627547681331635,136.6876678466797,40.99769592285156,-5.3393235206604,0.32573163509368896,95.0871353149414,41.19285583496094,-4.9453043937683105,0.47046786546707153,18.780908584594727,11,1.7280027866363525,0.7644374370574951,-32.0253791809082,368.9915528396612,1322.618606252079,44.90386975430534,3.3439637273261784,0.31530845165252686,0.31084054708480835,-18.036529541015625,0,6.863865375518799,0.0005019317031838,1.959133505821228,10.368017196655273,44.90386975430533,3.343963727326171
357.6602783203125,52.08563232421875,-6.383677005767822,0.15815286338329315,191.51788330078125,41.14991760253906,-5.705523490905762,0.23334014415740967,166.19662475585938,61.74895095825195,-5.551555633544922,0.40349411964416504,17.039554595947266,13,1.746232032775879,1.025575876235962,-21.80824089050293,456.2886298265103,1322.8708340397736,44.90389176015524,3.3375775555682234,0.3663058578968048,0.36567047238349915,17.634977340698242,0,8.003161430358887,0.0005852548056282103,150.09381103515625,10.477392196655273,44.903891760155254,3.3375775555682305
140.4211883544922,32.664798736572266,-5.368581771850586,0.2526254951953888,37.886451721191406,40.680049896240234,-3.946209669113159,1.1660773754119873,7.4211931228637695,24.324434280395508,-2.1761844158172607,3.5595805644989014,12.179755210876465,5,0.9839109182357788,0.449808269739151,-45.84941101074219,52.08542528121993,1320.9146720590768,44.90373118913638,3.367145697465039,0.28694939613342285,0.270663857460022,-45.4264030456543,2,3.9313645362854004,0.0002874702331610024,-15.356860160827637,5.903465270996094,44.90373118913639,3.367145697465047
218.17491149902344,39.00571060180664,-5.847012042999268,0.19415706396102905,197.48748779296875,41.265289306640625,-5.73884916305542,0.22692124545574188,230.5229949951172,60.28377914428711,-5.906785488128662,0.2839984893798828,20.818496704101562,9,1.204687476158142,0.8292292952537537,-57.68059158325195,1713.0298353510416,1328.1348354905201,44.90431529272618,3.245621002368946,0.35912495851516724,0.3571954071521759,-58.03474044799805,1,5.958824157714844,0.0004358817241154611,227.77984619140625,7.228124618530273,44.904315292726196,3.245621002368951
1028.3399658203125,78.43111419677734,-7.530341625213623,0.0828288272023201,496.3529357910156,42.26793670654297,-6.739476680755615,0.09248051792383194,848.9002685546875,69.19129943847656,-7.322141647338867,0.08851658552885056,25.244430541992188,28,2.1615593433380127,1.3910683393478394,-66.48770141601562,731.9220192695666,1349.4585232126938,44.90584906837715,3.3174102822666525,0.32249584794044495,0.31815534830093384,-77.91777038574219,2,10.044151306152344,0.0007345419144257903,680.9767456054688,12.969356536865234,44.90584906837715,3.3174102822666525
300.01043701171875,46.66929244995117,-6.192841053009033,0.16893696784973145,225.1516876220703,41.32596206665039,-5.881187915802002,0.19933225214481354,219.50537109375,66.21565246582031,-5.853612899780273,0.3276010751724243,15.908453941345215,12,1.8572626113891602,0.9301178455352783,35.56135940551758,1519.2547610566123,1331.480287920273,44.90455598587862,3.2598021232010965,0.3887936472892761,0.38557541370391846,50.13563537597656,1,7.859055995941162,0.00057485286379233,203.3654022216797,11.143575668334961,44.90455598587862,3.2598021232010965
238.49813842773438,40.05470275878906,-5.9437127113342285,0.18238887190818787,206.5330352783203,41.29551315307617,-5.787473678588867,0.21714167296886444,196.1807098388672,36.0401725769043,-5.731640815734863,0.19950802624225616,22.324886322021484,10,1.6728293895721436,0.5578317642211914,76.74188232421875,535.8245049726543,1337.0975585546319,44.90493663575581,3.3317576632688066,0.3643726408481598,0.3596585690975189,67.97821044921875,0,5.756377696990967,0.00042095640674233437,26.716054916381836,10.036975860595703,44.90493663575581,3.3317576632688066
322.4765930175781,48.190223693847656,-6.27124547958374,0.162289559841156,248.55755615234375,41.46725082397461,-5.988567352294922,0.18117909133434296,315.81658935546875,61.81787109375,-6.248587131500244,0.21257340908050537,21.169713973999023,13,2.2427239418029785,1.310317873954773,25.931156158447266,1487.4652008743117,1335.7972393473929,44.90487134504685,3.262128174610002,0.5481330156326294,0.5470888018608093,28.34369659423828,0,10.267435073852539,0.000751006999053061,-88.58773803710938,13.456343650817871,44.90487134504685,3.262128174610002
1181.3929443359375,56.43117141723633,-7.680985927581787,0.05187457054853439,998.3829345703125,43.83076095581055,-7.4982428550720215,0.04767730087041855,1089.231689453125,58.6955680847168,-7.592800617218018,0.058521419763565063,54.96808624267578,40,1.627908706665039,1.519104242324829,-10.69281005859375,268.03349715651797,1344.7250542377026,44.90548424147043,3.3513468074192154,0.09367198497056961,0.09335490316152573,-85.0857925415039,0,4.867606163024902,0.0003559413307812065,867.85205078125,9.767452239990234,44.90548424147043,3.351346807419215
253.63951110839844,43.17500686645508,-6.010542392730713,0.18486101925373077,188.6896209716797,41.18818283081055,-5.689370155334473,0.2370579093694687,130.21408081054688,44.36890411376953,-5.28664493560791,0.3700416088104248,17.30759620666504,6,1.5631818771362305,0.4144974648952484,-51.84384536743164,1011.4053845156267,1340.0597587936527,44.90517023729585,3.2969630101205696,0.5368717312812805,0.5330725312232971,-89.45726776123047,2,4.780832767486572,0.00034965205122716725,23.853246688842773,9.379091262817383,44.90517023729585,3.296963010120569
612.2198486328125,62.65597152709961,-6.967268466949463,0.11114370822906494,367.7691650390625,41.752197265625,-6.413938522338867,0.12329170107841492,420.03460693359375,59.07510757446289,-6.558212757110596,0.1527387648820877,20.10401725769043,26,1.7093384265899658,1.5563914775848389,48.96389389038086,405.63258705565903,1348.4793831032512,44.905764891178244,3.3412807435087046,0.2650516629219055,0.26474010944366455,-14.380016326904297,0,9.766786575317383,0.0007142099202610552,230.5030975341797,10.256031036376953,44.90576489117824,3.3412807435086966
607.9560546875,60.62101364135742,-6.959680557250977,0.10828812420368195,365.01171875,41.83715057373047,-6.40576696395874,0.12447585165500641,364.0913391113281,46.5203742980957,-6.403026103973389,0.13875947892665863,27.65838623046875,16,1.8165795803070068,0.8872937560081482,-71.36475372314453,1055.7219271111626,1353.3506130999165,44.90614485099595,3.2937192797122377,0.25575000047683716,0.25352200865745544,-17.092628479003906,2,6.887678146362305,0.0005037407972849905,36.06584930419922,10.899477005004883,44.90614485099594,3.2937192797122314
4102.47119140625,70.54436492919922,-9.032613754272461,0.018674397841095924,3468.508056640625,51.02788162231445,-8.850357055664062,0.015976978465914726,3955.753662109375,75.34744262695312,-8.993073463439941,0.020685646682977676,181.79151916503906,80,2.0448970794677734,1.7878422737121582,80.78494262695312,816.502618098556,1376.8094882647981,44.90785479921143,3.3112197037291073,0.033765602856874466,0.03349169343709946,79.01261138916016,0,4.2704243659973145,0.00031230394961312413,3827.8310546875,12.26938247680664,44.90785479921143,3.311219703729107
431.5274658203125,56.332061767578125,-6.587521076202393,0.14176762104034424,258.9224853515625,41.45432662963867,-6.032924652099609,0.17387209832668304,303.8319396972656,63.36155700683594,-6.206583499908447,0.2264760285615921,17.255348205566406,17,2.161633253097534,1.446821928024292,83.26309967041016,1621.983459552146,1357.3580598529577,44.90645327633065,3.252282044448018,0.4132966697216034,0.4118620455265045,-76.5886001586914,0,10.593667030334473,0.0007748881471343338,179.9305419921875,12.969799041748047,44.90645327633065,3.252282044448018
280.62847900390625,39.71461868286133,-6.1203293800354,0.15369100868701935,244.5024871826172,41.374664306640625,-5.97070837020874,0.1837727129459381,220.6470184326172,57.193355560302734,-5.859245300292969,0.28149932622909546,21.47321128845215,12,1.6272023916244507,1.1542774438858032,24.14777374267578,694.3260371185812,1347.4564919521392,44.90570111440655,3.3201610000406205,0.3166169822216034,0.3134963810443878,65.85761260986328,0,8.197495460510254,0.0005994895473122597,148.79872131347656,9.763214111328125,44.90570111440655,3.3201610000406205
660.3078002929688,65.3157730102539,-7.049365997314453,0.10742403566837311,267.1407165527344,41.35511779785156,-6.066850185394287,0.1681198626756668,255.2184295654297,44.75581359863281,-6.017280101776123,0.1904439777135849,27.973608016967773,16,1.417514681816101,1.0587425231933594,-66.97148895263672,1338.3749726185995,1351.4449931264026,44.906013406372466,3.273037078124906,0.21510010957717896,0.21349593997001648,87.67041778564453,0,7.08604097366333,0.0005182830500416458,151.98297119140625,8.505087852478027,44.906013406372466,3.273037078124906
521.1329956054688,61.274566650390625,-6.7923712730407715,0.1276913583278656,348.0621643066406,41.74986267089844,-6.354142189025879,0.13026508688926697,440.570068359375,88.24248504638672,-6.610037326812744,0.2175166755914688,19.105913162231445,13,2.0829291343688965,1.1472848653793335,-41.742183685302734,1277.7180051967366,1366.3216400238982,44.90710112584082,3.2774744103221343,0.44024962186813354,0.437625914812088,-57.440853118896484,3,9.253850936889648,0.0006768256425857544,246.2436065673828,12.497574806213379,44.90710112584082,3.2774744103221343
1615.684814453125,94.3607177734375,-8.020891189575195,0.06342557817697525,732.6940307617188,42.910282135009766,-7.162306785583496,0.06360167264938354,1225.9993896484375,93.05131530761719,-7.721225738525391,0.08242559432983398,28.366107940673828,64,2.977933168411255,2.2657015323638916,-28.09059715270996,308.207253986422,1385.5139849247178,44.90847261851524,3.3484039216992008,0.20689690113067627,0.20603589713573456,-55.0436897277832,2,15.578446388244629,0.0011391551233828068,896.1890869140625,17.867599487304688,44.90847261851524,3.3484039216992008
514.7392578125,56.04176330566406,-6.778968334197998,0.11823724955320358,335.8623046875,41.69382858276367,-6.315402984619141,0.13481566309928894,339.5598449707031,55.74351119995117,-6.327291011810303,0.17828212678432465,25.708126068115234,22,1.6521615982055664,1.455214262008667,-4.714618682861328,636.7434036278955,1373.4679311305517,44.90760365918166,3.324371216688849,0.26174765825271606,0.2592467963695526,-10.541133880615234,0,8.025139808654785,0.0005868712905794382,230.39620971679688,9.912969589233398,44.907603659181646,3.3243712166888417
1031.9715576171875,80.32403564453125,-7.5341691970825195,0.08452937006950378,539.983154296875,42.34823226928711,-6.830950736999512,0.08516965806484222,809.6434326171875,65.21112060546875,-7.2707343101501465,0.08746971189975739,25.150238037109375,25,2.448904037475586,1.313105583190918,34.82796859741211,983.9938108379192,1384.590382479283,44.9084301209175,3.2989646489436755,0.24607819318771362,0.24565207958221436,-31.843503952026367,2,10.742612838745117,0.0007856533047743142,516.1427001953125,14.693424224853516,44.9084301209175,3.298964648943676
252.88807678222656,43.836158752441406,-6.007320880889893,0.18824955821037292,153.1442413330078,41.06897735595703,-5.462751865386963,0.29123467206954956,159.74813842773438,41.802459716796875,-5.508589744567871,0.28418153524398804,16.70174789428711,9,1.28934645652771,1.0407875776290894,46.564449310302734,1522.108073131531,1369.800894191237,44.90736213280737,3.259590215619365,0.41066861152648926,0.4089128375053406,65.8616943359375,0,6.2335004806518555,0.00045594392577186227,71.04281616210938,7.73607873916626,44.90736213280737,3.2595902156193644
229.27313232421875,41.113460540771484,-5.900882720947266,0.19474248588085175,170.11866760253906,41.125946044921875,-5.576879978179932,0.26253896951675415,212.18682861328125,82.8978042602539,-5.816795825958252,0.4242818355560303,15.925097465515137,9,1.7566112279891968,0.5922662019729614,72.59712982177734,1200.8751602211312,1374.9836264141954,44.90773324707852,3.2830964989143165,0.7860206365585327,0.781546950340271,65.26316833496094,0,6.0827956199646,0.00044488508137874305,106.13324737548828,10.539667129516602,44.90773324707852,3.283096498914316
7964.375,82.80651092529297,-9.75287914276123,0.011291265487670898,6580.8173828125,58.85324478149414,-9.545700073242188,0.009712262079119682,7727.759765625,84.13143157958984,-9.720133781433105,0.011823184788227081,368.4704895019531,109,2.116241455078125,1.8933666944503784,44.79686737060547,25.89032812380768,1397.4569682828164,44.90933452837007,3.3690536956707264,0.021321607753634453,0.021011874079704285,50.84644317626953,0,4.150869369506836,0.00030350929591804743,7534.953125,12.69744873046875,44.90933452837007,3.369053695670726
654.3311157226562,62.47367858886719,-7.039494037628174,0.10368819534778595,458.212890625,42.12774658203125,-6.652667999267578,0.0998460203409195,624.1522216796875,66.31639862060547,-6.988226413726807,0.11538789421319962,25.435440063476562,23,1.8284894227981567,1.8118259906768799,-50.488433837890625,1501.03326349015,1383.6117650036465,44.90837293459146,3.261131364926589,0.2803710103034973,0.28015267848968506,2.234686851501465,2,10.760797500610352,0.0007870802073739469,525.9777221679688,10.97093677520752,44.908372934591476,3.261131364926595
31292.005859375,125.75296783447266,-11.2385835647583,0.004364300519227982,25550.8671875,93.28424072265625,-11.018513679504395,0.003964901901781559,30657.7734375,119.53211975097656,-11.216351509094238,0.0042342240922153,1410.1500244140625,190,2.211215019226074,2.1193175315856934,41.9890022277832,1064.2059887315033,1416.6757841826493,44.910782037994856,3.2930929026642435,0.008945958688855171,0.008799290284514427,51.7807502746582,0,4.144832134246826,0.00030313077149912715,31232.0546875,13.267290115356445,44.910782037994856,3.2930929026642435
2083.5966796875,64.10731506347656,-8.29703426361084,0.033413637429475784,1711.4639892578125,45.99155044555664,-8.083419799804688,0.029183683916926384,1993.38232421875,66.9384765625,-8.248976707458496,0.0364682599902153,93.3807144165039,59,1.9835832118988037,1.6083457469940186,67.76753997802734,1462.9348520073677,1399.6068100203868,44.909543237958474,3.2639180850686538,0.06309003382921219,0.06273920834064484,45.69384002685547,0,4.50201416015625,0.0003292868204880506,1718.0283203125,11.901498794555664,44.909543237958474,3.2639180850686538
600.75,64.16706848144531,-6.946734428405762,0.11599739640951157,357.0461120605469,41.7481575012207,-6.381810665130615,0.1269821971654892,390.6640319824219,57.88555145263672,-6.479508399963379,0.16091501712799072,23.7338924407959,21,1.768391489982605,1.4470733404159546,72.32307434082031,1937.4928682757645,1402.5091124247272,44.90976564509093,3.2291866752392937,0.2749156653881073,0.2745107412338257,-34.051727294921875,2,9.446892738342285,0.0006910489173606038,254.4984130859375,10.61034870147705,44.90976564509092,3.2291866752392884
271.1033630371094,45.26887512207031,-6.082837104797363,0.18134042620658875,55.993831634521484,40.78961181640625,-4.370350360870361,0.7911142706871033,95.20640563964844,67.1863784790039,-4.946665287017822,0.7663812637329102,12.463680267333984,9,3.2161190509796143,0.3063879907131195,-41.92664337158203,352.1276020109157,1405.3979195594677,44.909930392092676,3.345189080734456,0.5916366577148438,0.05481899529695511,-41.74698257446289,0,5.917606830596924,0.00043272023322060704,-481.5231018066406,19.296714782714844,44.909930392092676,3.345189080734456
224.6793975830078,40.358585357666016,-5.878908157348633,0.1950754076242447,255.0242919921875,41.409725189208984,-6.016453742980957,0.17633990943431854,146.49447631835938,42.91924285888672,-5.414553165435791,0.31817102432250977,18.45115089416504,9,4.741237163543701,0.29676443338394165,-28.055965423583984,985.0270212821393,1383.4032563392407,44.908343227936555,3.2988891596167056,0.24469007551670074,0.2422907054424286,-4.100217342376709,18,7.086267948150635,0.0005182494642212987,-1113.9471435546875,28.44742202758789,44.90834322793654,3.298889159616699
595.0418701171875,67.08377075195312,-6.936368942260742,0.12243335694074631,281.1322021484375,41.63844299316406,-6.122276306152344,0.1608472764492035,328.777587890625,77.58712768554688,-6.292255401611328,0.2562815248966217,17.731657028198242,13,1.631195306777954,1.2543408870697021,-35.958003997802734,232.4050426599357,1405.071989924081,44.90990141914256,3.3539468675956763,0.39723441004753113,0.39669069647789,-58.949134826660156,0,8.558506965637207,0.0006258157663978636,314.698486328125,9.787172317504883,44.90990141914257,3.353946867595684
1054.850341796875,62.536094665527344,-7.557977199554443,0.06438278406858444,816.304443359375,43.223690032958984,-7.279630184173584,0.05750419571995735,942.243408203125,63.4587287902832,-7.435407638549805,0.07314052432775497,43.12826919555664,41,1.7958253622055054,1.6770343780517578,-68.69160461425781,113.56479312405772,1414.2407057419878,44.910567463689105,3.3626388524361395,0.13119609653949738,0.13068167865276337,5.58981466293335,0,6.003237247467041,0.00043895741691812873,718.175537109375,10.774951934814453,44.910567463689105,3.3626388524361395
584.1172485351562,57.987648010253906,-6.916250228881836,0.10781154781579971,355.29669189453125,41.77375411987305,-6.3764777183532715,0.12768566608428955,338.7889404296875,52.40988540649414,-6.324822902679443,0.16800175607204437,25.698902130126953,25,1.6221377849578857,1.2990401983261108,43.42431640625,1415.5263833476852,1406.5383699828255,44.91004961048922,3.267386781472018,0.19661188125610352,0.1958887279033661,-30.010713577270508,0,8.648398399353027,0.0006325528374873102,140.5721435546875,9.732826232910156,44.91004961048922,3.267386781472018
26007.326171875,189.22457885742188,-11.037738800048828,0.007901539094746113,10823.1259765625,68.08290100097656,-10.085882186889648,0.006831485778093338,24994.39453125,188.82728576660156,-10.994606971740723,0.008204496465623379,408.3143615722656,556,5.729470252990723,3.928614854812622,-11.309256553649902,1611.091170092938,1469.4827810082284,44.91466320013975,3.253070192781802,0.025603339076042175,0.02422563172876835,-8.86331558227539,0,6.660000801086426,0.00048712987336330116,27186.986328125,34.37682342529297,44.91466320013974,3.253070192781797
4952.44580078125,74.19971466064453,-9.237049102783203,0.01627092808485031,4021.6259765625,52.47671127319336,-9.011004447937012,0.01417081244289875,4861.18310546875,78.67060089111328,-9.2168550491333,0.017575200647115707,232.41270446777344,89,2.0310094356536865,1.907007098197937,48.25720977783203,1506.058308095751,1421.9842221312374,44.91118283649288,3.260760492722154,0.0316433347761631,0.03142579272389412,49.141632080078125,0,4.275991916656494,0.00031275543733499944,4727.45166015625,12.186056137084961,44.91118283649288,3.260760492722154
262.3239440917969,42.00242233276367,-6.047094821929932,0.17388664186000824,188.2368621826172,41.218467712402344,-5.686761856079102,0.23780281841754913,266.6067199707031,43.68011474609375,-6.064677715301514,0.17792727053165436,17.83903694152832,11,1.620734453201294,0.901745080947876,56.7841911315918,1424.4526253324182,1409.9706775824877,44.910301161760515,3.266733294667044,0.4814828038215637,0.47998905181884766,24.096214294433594,0,7.223435401916504,0.0005283299833536148,-11.22567081451416,9.724407196044922,44.910301161760515,3.2667332946670435
18367.75,105.08958435058594,-10.660140037536621,0.006213460583239794,15116.2880859375,76.2603759765625,-10.448613166809082,0.00547877699136734,18003.583984375,102.32115936279297,-10.638397216796875,0.0061721475794911385,814.3345336914062,153,2.173717498779297,1.9920973777770996,41.488014221191406,344.6636413852455,1438.7883139088538,44.912374927122386,3.345731699458008,0.012134687043726444,0.01196063868701458,53.70720672607422,0,4.106726169586182,0.000300294574117288,18364.1171875,13.042304992675781,44.912374927122386,3.345731699458008
305.235107421875,47.41252899169922,-6.211585998535156,0.16868965327739716,216.38478088378906,41.31254959106445,-5.838066577911377,0.20734097063541412,295.35748291015625,70.44366455078125,-6.175869941711426,0.2590143382549286,16.470848083496094,7,1.2483770847320557,0.8991965055465698,41.78097915649414,1248.4788945419357,1409.4433253245465,44.910257871798684,3.279610254792078,0.6877681612968445,0.6866395473480225,-13.451215744018555,2,5.266895294189453,0.0003852102963719517,207.12213134765625,7.490262508392334,44.910257871798684,3.2796102547920776
1208.537353515625,69.08143615722656,-7.705650329589844,0.062077056616544724,811.870849609375,43.20954132080078,-7.273717403411865,0.057799290865659714,1012.7535400390625,71.14728546142578,-7.513759613037109,0.07629294693470001,49.79148483276367,48,2.4357311725616455,1.574183702468872,79.71985626220703,253.19410776112613,1432.6616948904857,44.91192243554116,3.3524233222537028,0.12386257201433182,0.12321118265390396,83.33256530761719,0,8.33707046508789,0.000609619019087404,636.4898071289062,14.614387512207031,44.911922435541165,3.3524233222537094
914.2335815429688,80.95874786376953,-7.402642726898193,0.09616929292678833,399.833251953125,41.889278411865234,-6.504697322845459,0.11377681791782379,469.18841552734375,76.99003601074219,-6.678368091583252,0.17820385098457336,19.92189598083496,34,2.3747127056121826,1.952509880065918,54.48670196533203,528.62245951575,1428.0780794963946,44.911598189148144,3.3322756689963127,0.3404407501220703,0.3385387063026428,19.299470901489258,0,12.908149719238281,0.0009439176646992564,126.38368225097656,14.248275756835938,44.911598189148144,3.3322756689963122
5139.79443359375,112.51361083984375,-9.277364730834961,0.023773280903697014,2250.13623046875,47.55205535888672,-8.380521774291992,0.02295040339231491,4578.35302734375,118.62150573730469,-9.151773452758789,0.02813740074634552,73.77890014648438,166,4.378695487976074,2.307788848876953,-54.98945999145508,1476.548833902674,1459.2253075509223,44.91390899432074,3.262916901932207,0.08413349837064743,0.08131123334169388,-50.11663818359375,0,11.595026016235352,0.0008480658871121705,3100.323486328125,26.272172927856445,44.91390899432074,3.262916901932207
286.9329833984375,44.08515930175781,-6.144451141357422,0.16685597598552704,212.53213500976562,41.34724807739258,-5.818561553955078,0.2112768143415451,194.52452087402344,49.11399459838867,-5.72243595123291,0.27419576048851013,19.273502349853516,12,1.5877633094787598,1.1720495223999023,-89.33721923828125,1923.0040094937153,1425.5988879024078,44.91145611154538,3.230245428061349,0.3402710556983948,0.3390297591686249,59.982330322265625,0,8.159360885620117,0.0005968565819784999,213.0448455810547,9.526579856872559,44.91145611154539,3.230245428061354
267.6963195800781,45.02857971191406,-6.069106101989746,0.18267355859279633,111.9109115600586,40.88221740722656,-5.122180938720703,0.3967270851135254,70.15419006347656,49.76091003417969,-4.615134239196777,0.7703081965446472,17.09305763244629,9,2.1535274982452393,0.8890984058380127,54.94753646850586,390.14298165758896,1428.1908351038578,44.911600877272065,3.3424058939511365,0.7021957039833069,0.7003675699234009,-12.375500679016113,0,8.27724838256836,0.0006052621174603701,-78.43878173828125,12.921165466308594,44.911600877272065,3.342405893951136
443.8761291503906,51.102577209472656,-6.618154525756836,0.12502902746200562,355.21697998046875,41.75780487060547,-6.376234531402588,0.12766556441783905,422.9331359863281,57.10837936401367,-6.56567907333374,0.14664185047149658,23.88228988647461,19,2.365515947341919,1.0547324419021606,40.37991714477539,1719.4083557709732,1435.7545099920344,44.912195879880755,3.245145760454709,0.35089311003685,0.34778401255607605,41.217559814453125,0,9.456644058227539,0.0006917128921486437,-208.3818817138672,14.193096160888672,44.91219587988077,3.245145760454715
748.3382568359375,64.85709381103516,-7.185245037078857,0.09412161260843277,539.4087524414062,42.36183166503906,-6.829794883728027,0.08528772741556168,644.2872924804688,57.35565948486328,-7.022698879241943,0.0966777503490448,26.518953323364258,27,1.7674201726913452,1.392546534538269,23.651676177978516,1091.9562032879808,1440.0728896641888,44.91249607230116,3.291060397925576,0.23153658211231232,0.23069249093532562,71.60209655761719,2,7.21916389465332,0.0005279690958559513,550.4572143554688,10.604520797729492,44.91249607230116,3.291060397925576
799.3822631835938,71.29074096679688,-7.2568864822387695,0.09685196727514267,1.812154769897461,35.877647399902344,-0.6454882025718689,21.500993728637695,388.390869140625,46.94257736206055,-6.473172664642334,0.13125859200954437,24.48011016845703,17,2.9922218322753906,0.5192158222198486,-89.48249816894531,2044.6558087156238,1458.3886632017889,44.91385903861624,3.2213386656874823,0.3433413505554199,0.057604189962148666,-89.61869812011719,18,7.449713706970215,0.0005449560703709722,-2866.177490234375,17.953330993652344,44.91385903861622,3.2213386656874774
150090.0625,377.6131286621094,-12.940879821777344,0.002732278546318412,32265.1328125,102.73324584960938,-11.271833419799805,0.003457859857007861,145782.3125,383.1541442871094,-12.909261703491211,0.0028542927466332912,1476.7069091796875,2214,10.704798698425293,7.905588626861572,16.84255027770996,217.50129535148216,1561.3320514364757,44.92134160789707,3.3550207456411894,0.021169541403651237,0.020954662933945656,22.041479110717773,0,5.246474266052246,0.0003836054529529065,139457.109375,64.22879028320312,44.92134160789707,3.3550207456411894
4396.34130859375,43.7525520324707,-9.107728958129883,0.010807912796735764,4267.30126953125,53.11851119995117,-9.075383186340332,0.013518310151994228,4333.5859375,46.670806884765625,-9.092118263244629,0.01169574074447155,1051.0084228515625,19,1.734514832496643,0.44931548833847046,31.37298011779785,29.708491041346498,1437.8356219216223,44.91229118555836,3.3687701035728517,0.016536133363842964,0.012943577952682972,24.282272338867188,0,5.252840518951416,0.0003840782737825066,4123.79052734375,10.407089233398438,44.91229118555837,3.3687701035728588
436.768798828125,55.235206604003906,-6.600628852844238,0.13733910024166107,350.32989501953125,41.788719177246094,-6.3611931800842285,0.12954233586788177,472.9669189453125,76.99681091308594,-6.687077045440674,0.17679573595523834,17.900495529174805,18,1.92921781539917,1.1635639667510986,60.042747497558594,548.4389625079821,1446.9785528707657,44.912982856863934,3.330824140955606,0.38143253326416016,0.37803149223327637,71.34673309326172,2,8.967135429382324,0.0006557255983352661,481.48089599609375,11.57530689239502,44.912982856863934,3.3308241409556065
2347.02001953125,63.8407096862793,-8.426292419433594,0.029540017247200012,1963.64453125,46.85371398925781,-8.232657432556152,0.02591259963810444,2258.390380859375,67.23917388916016,-8.38449764251709,0.032333534210920334,106.3949203491211,61,1.812313199043274,1.7367922067642212,-88.43683624267578,1330.940418200351,1465.5362526030558,44.91436736320615,3.2735714570612684,0.054660189896821976,0.054540373384952545,78.58116912841797,0,4.357643127441406,0.00031870792736299336,2287.970703125,10.873879432678223,44.91436736320615,3.2735714570612684
394.3472900390625,50.15599060058594,-6.489696979522705,0.138125479221344,63.07278060913086,40.765357971191406,-4.49960470199585,0.7019062042236328,70.66304779052734,44.55254364013672,-4.622981071472168,0.684715211391449,11.441815376281738,9,1.4873156547546387,1.0914251804351807,73.53121948242188,1773.8371068697807,1456.3535096279118,44.91370527568651,3.241160661196979,0.701302707195282,0.6992121934890747,68.50115203857422,0,7.616420269012451,0.0005571112269535661,-105.79914093017578,8.923893928527832,44.913705275686496,3.2411606611969734
1599.156494140625,91.88224792480469,-8.009727478027344,0.062397971749305725,748.3587036132812,43.00632858276367,-7.185274600982666,0.062409739941358566,1240.4227294921875,96.35826110839844,-7.733924388885498,0.08436242491006851,33.2944221496582,62,3.3085074424743652,2.148237705230713,-49.18231201171875,794.5107324370772,1480.406652356776,44.91543955754258,3.312818967089642,0.19026386737823486,0.188973069190979,84.1607894897461,2,14.794812202453613,0.0010819177841767669,502.9923095703125,19.851043701171875,44.91543955754258,3.3128189670896417
299.1686096191406,46.539310455322266,-6.18979024887085,0.1689404845237732,198.79629516601562,41.2696647644043,-5.746020793914795,0.22545115649700165,207.49203491210938,41.17161178588867,-5.792503356933594,0.21548958122730255,16.367660522460938,9,1.3992457389831543,0.9158587455749512,51.4627571105957,983.6860562740533,1464.102298650405,44.914252134736316,3.2989799730264915,0.5299956798553467,0.5262154340744019,86.51898956298828,2,6.759526252746582,0.0004943360690958798,-61.634117126464844,8.395474433898926,44.9142521347363,3.298979973026485
7359.462890625,124.89872741699219,-9.667115211486816,0.018430694937705994,2703.486328125,48.87615203857422,-8.57981014251709,0.01963372342288494,6640.93896484375,133.482177734375,-9.555573463439941,0.021828485652804375,84.542236328125,218,4.616915225982666,2.7495336532592773,-20.350635528564453,1863.088338119703,1496.6218553986205,44.91665544194318,3.234625324151771,0.07628683000802994,0.07330458611249924,-26.820106506347656,0,12.966482162475586,0.0009484529145993292,5167.4296875,27.701492309570312,44.91665544194316,3.2346253241517657
377.4859619140625,52.505985260009766,-6.442252159118652,0.1510559469461441,172.5106964111328,41.18172073364258,-5.592040061950684,0.2592497169971466,235.69992065429688,51.505767822265625,-5.930898666381836,0.2373155802488327,16.5946044921875,5,1.0014978647232056,0.3841544985771179,58.97040557861328,837.1986730419751,1461.709668702889,44.914072062855574,3.3096976499378785,0.4997817277908325,0.4972795248031616,29.330190658569336,3,3.65669584274292,0.00026741213514469564,296.7960205078125,6.0089874267578125,44.914072062855574,3.3096976499378785
725.3636474609375,63.547821044921875,-7.1513895988464355,0.09514252841472626,471.84490966796875,42.141273498535156,-6.684498310089111,0.09699250757694244,512.8704833984375,55.584468841552734,-6.77501916885376,0.1176997572183609,23.800785064697266,28,1.6455503702163696,1.4124455451965332,-7.005489349365234,1761.0690899469034,1469.331704935548,44.914655302434795,3.2420941024372727,0.20049171149730682,0.1990751326084137,69.20150756835938,2,8.266582489013672,0.0006046627531759441,299.0091552734375,9.873302459716797,44.914655302434795,3.2420941024372727
120874.7421875,215.70443725585938,-12.705839157104492,0.00193799810949713,97015.578125,168.5546875,-12.467103958129883,0.0018868143670260906,117936.5078125,198.69082641601562,-12.679121017456055,0.0018296135822311044,5093.6552734375,363,2.3843376636505127,2.3157007694244385,25.14786720275879,1172.4604405134849,1515.3131385653544,44.918007556593885,3.285163348262947,0.004289794713258743,0.004218453541398048,43.23701477050781,0,4.1466803550720215,0.0003032605454791337,120819.515625,14.306026458740234,44.91800755659388,3.2851633482629414
306.3594970703125,47.560211181640625,-6.215578556060791,0.16859404742717743,189.98019409179688,41.303688049316406,-5.696770668029785,0.23610779643058777,171.15328979492188,42.998416900634766,-5.583463191986084,0.27283307909965515,16.16025733947754,12,1.857856035232544,0.7893959879875183,-57.138797760009766,1322.0190506104161,1474.1127577709765,44.91499510025818,3.2742235355392264,0.3613375425338745,0.35800620913505554,-42.03763961791992,0,7.236135005950928,0.0005292308051139116,-53.92706298828125,11.147136688232422,44.91499510025818,3.2742235355392264
3865.00048828125,125.43235778808594,-8.967873573303223,0.035244379192590714,1320.19970703125,44.802791595458984,-7.801599025726318,0.03685490041971207,3292.418701171875,124.70259094238281,-8.793787956237793,0.041132986545562744,50.29595184326172,155,4.089348316192627,2.8544697761535645,-72.86735534667969,806.6032783102949,1521.1981087204517,44.918426649082015,3.3119304208839626,0.14802707731723785,0.14545737206935883,-74.88475799560547,0,14.366765022277832,0.0010505993850529194,2698.132080078125,24.536090850830078,44.918426649082015,3.3119304208839626
210.39227294921875,35.57415008544922,-5.807574272155762,0.1836261749267578,171.2583770751953,41.16161346435547,-5.584129333496094,0.26101797819137573,175.25582885742188,41.460418701171875,-5.6091814041137695,0.2569159269332886,19.363393783569336,9,1.6396499872207642,0.8363960385322571,-86.37423706054688,926.5714355289139,1486.1886774578459,44.91586742381838,3.303156677316677,0.4762454032897949,0.4708479642868042,-80.45409393310547,1,6.995060443878174,0.0005115497042424977,41.58527374267578,9.837900161743164,44.91586742381838,3.303156677316677
620.1780395507812,64.60262298583984,-6.981290817260742,0.11312630027532578,349.13006591796875,41.72199630737305,-6.357468128204346,0.12977996468544006,466.94830322265625,62.678977966308594,-6.6731719970703125,0.1457749605178833,21.48468589782715,26,2.419806957244873,1.265250325202942,62.557193756103516,990.3213912801237,1493.7095124093014,44.91642017242954,3.298491801591373,0.3281356692314148,0.32542863488197327,56.648712158203125,3,10.48106861114502,0.0007664907607249916,-78.1875991821289,14.518841743469238,44.91642017242954,3.298491801591373
537.4666137695312,56.58843994140625,-6.825878620147705,0.11434207111597061,447.1996154785156,42.044952392578125,-6.626253604888916,0.10210388898849487,675.2763671875,80.4715805053711,-7.073703765869141,0.1294168382883072,25.125925064086914,23,2.201540946960449,1.1456778049468994,66.97676086425781,987.9239980806681,1494.7202402942366,44.91649409950117,3.2986671132020793,0.3223970830440521,0.3205292522907257,69.8643798828125,3,9.508471488952637,0.0006953628617338836,276.419677734375,13.209245681762695,44.91649409950116,3.2986671132020735
856.4129638671875,64.81251525878906,-7.331707954406738,0.08218744397163391,537.0443115234375,42.46227264404297,-6.8250250816345215,0.08586633950471878,564.3820190429688,68.14275360107422,-6.878932952880859,0.13112223148345947,35.922706604003906,32,2.9342072010040283,1.193001627922058,47.364261627197266,665.4415601009446,1506.9365674447745,44.91737734892167,3.322258890105999,0.17181313037872314,0.17136245965957642,-63.25218200683594,0,11.210281372070312,0.0008197547867894173,-262.2894287109375,17.605243682861328,44.917377348921654,3.322258890105992
584.344970703125,59.198951721191406,-6.916673183441162,0.11002073436975479,402.0147705078125,41.9277229309082,-6.5106048583984375,0.11326327174901962,469.59405517578125,61.89598083496094,-6.679306507110596,0.14314286410808563,24.417688369750977,25,2.3238837718963623,1.2706531286239624,13.13876724243164,458.13566374911545,1495.0497989184903,44.91649897169528,3.337425373175166,0.30258986353874207,0.30013468861579895,15.487285614013672,0,10.292275428771973,0.0007525968831032515,-79.60714721679688,13.943302154541016,44.91649897169526,3.3374253731751518
1108960.875,585.0377197265625,-15.112290382385254,0.0005729246186092496,878569.1875,493.9759521484375,-14.859439849853516,0.0006106040091253817,1082400.75,554.0806884765625,-15.085969924926758,0.0005559231503866613,43082.171875,998,2.632793426513672,2.5314722061157227,28.038875579833984,1780.422554345271,1591.625086726607,44.92360976184207,3.2406680010738027,0.0014276383444666862,0.0013959520729258657,45.00244903564453,0,4.350460052490234,0.0003182009677402675,1104116.875,15.796760559082031,44.92360976184207,3.2406680010738023
1702.313720703125,84.73706817626953,-8.077598571777344,0.05405845865607262,963.5960693359375,43.73613739013672,-7.459737300872803,0.04929186403751373,1353.725341796875,86.3076171875,-7.828826427459717,0.06923861801624298,40.12073516845703,69,3.0498387813568115,1.8656940460205078,-65.76309204101562,831.4038508530084,1514.3683923177985,44.91792746241852,3.3101166606972066,0.14360608160495758,0.14116790890693665,-69.52589416503906,0,10.938821792602539,0.0007999305380508304,1109.0513916015625,18.29903221130371,44.91792746241852,3.310116660697206
425.4350891113281,56.09578323364258,-6.572083473205566,0.14319463074207306,137.3903045654297,41.07987976074219,-5.344890117645264,0.32471540570259094,135.8904266357422,46.19471740722656,-5.332972049713135,0.36917585134506226,13.604753494262695,9,1.691062331199646,0.6948169469833374,-27.99080467224121,1404.2586544741055,1498.9793405930166,44.91681798529779,3.268203557318012,0.6932632923126221,0.6896909475326538,-33.17185974121094,2,6.469276428222656,0.00047314923722296953,-41.81662368774414,10.146373748779297,44.91681798529778,3.2682035573180057
540.3440551757812,58.47251510620117,-6.831676006317139,0.11751984804868698,386.8850402832031,41.830963134765625,-6.468955039978027,0.11742100119590759,422.13299560546875,57.67721176147461,-6.563623428344727,0.1483832150697708,20.718971252441406,23,1.8158504962921143,1.440813422203064,-60.38694763183594,287.27150416778716,1512.6927383628208,44.91778357467038,3.3499223314714826,0.2732987701892853,0.27300530672073364,56.39680862426758,0,9.036919593811035,0.0006607742980122566,255.1539306640625,10.895103454589844,44.91778357467038,3.3499223314714826
2275.23681640625,85.9891586303711,-8.392566680908203,0.04104373976588249,1344.58349609375,44.906982421875,-7.821469306945801,0.03627069666981697,1960.5050048828125,88.2052993774414,-8.23091983795166,0.048860348761081696,51.83596420288086,84,2.992086887359619,1.9391816854476929,-7.327401638031006,1259.6410287506017,1519.0580624193951,44.91828424948604,3.2787840073378223,0.1106964498758316,0.10935553908348083,-1.6605242490768433,0,10.516633033752441,0.0007691310602240264,1482.13232421875,17.95252227783203,44.91828424948604,3.2787840073378227
2499.32275390625,67.3673324584961,-8.494555473327637,0.029272299259901047,2009.189453125,46.83397674560547,-8.257552146911621,0.025314534083008766,2343.38134765625,72.33570861816406,-8.424607276916504,0.033522747457027435,113.30994415283203,67,1.9335497617721558,1.8620082139968872,25.198680877685547,1363.1861238459298,1524.127262763019,44.91865821524942,3.2712068959997085,0.05521718040108681,0.05487600713968277,22.623441696166992,0,4.440655708312988,0.00032477351487614214,2315.98291015625,11.601298332214355,44.91865821524941,3.2712068959997027
296.8838806152344,47.373260498046875,-6.181466579437256,0.1732911914587021,187.75416564941406,41.23274612426758,-5.683973789215088,0.23849676549434662,209.25343322753906,44.97955322265625,-5.8016815185546875,0.2334384322166443,15.33431625366211,11,1.6227155923843384,0.9460073709487915,-84.70659637451172,681.9514966594211,1512.8767071207055,44.91781288259625,3.321050504039009,0.4728807210922241,0.47100400924682617,21.810232162475586,2,7.404806613922119,0.0005414786865003407,-2.457782030105591,9.73629379272461,44.91781288259624,3.321050504039002
989.1668090820312,82.68272399902344,-7.488173961639404,0.09077683836221695,402.48681640625,41.819759368896484,-6.511878967285156,0.11283912509679794,758.9864501953125,77.718505859375,-7.200584888458252,0.11120396107435226,24.365816116333008,26,2.5701839923858643,1.4688785076141357,30.811189651489258,952.5723879790116,1534.3979542626603,44.919398061697166,3.301249916637153,0.3811330199241638,0.37951552867889404,52.20174026489258,2,9.301621437072754,0.0006802185089327395,521.1786499023438,15.421104431152344,44.919398061697166,3.301249916637153
220.05001831054688,39.44350814819336,-5.856303691864014,0.19466324150562286,168.77664184570312,41.232818603515625,-5.5682806968688965,0.2653142213821411,165.80430603027344,36.82429885864258,-5.548989295959473,0.24119511246681213,19.045570373535156,9,1.31099534034729,0.7966850996017456,-70.765380859375,1677.6326024284074,1531.620036183006,44.91921430112225,3.2481954701218028,0.4725070595741272,0.47034987807273865,-11.774759292602539,1,5.136045455932617,0.0003756601654458791,34.153839111328125,7.86597204208374,44.91921430112224,3.2481954701217974
1328.366943359375,81.36231994628906,-7.808295249938965,0.06651737540960312,-317.17669677734375,37.826416015625,99.0,99.0,379.2198791503906,32.474159240722656,-6.447227954864502,0.09299865365028381,29.199264526367188,12,3.3451108932495117,0.28867506980895996,90.0,-3.504456461284615,1590.5163455570278,44.92346801456882,3.3711828373648367,0.31961649656295776,0.026426583528518677,90.0,18,5.85721492767334,0.00042823803960345685,-3686.95556640625,20.07066535949707,44.92346801456882,3.3711828373648363
248.39222717285156,42.32503890991211,-5.987844944000244,0.18505004048347473,206.4103240966797,41.23159408569336,-5.786828517913818,0.2169344574213028,243.0430145263672,53.398624420166016,-5.964207649230957,0.23860347270965576,20.356477737426758,10,1.525559902191162,0.9503705501556396,-45.86487579345703,729.0824717849878,1536.5164286193217,44.919545431470794,3.317600257821938,0.4638349413871765,0.4620526134967804,-43.27355194091797,0,5.201479434967041,0.00038035979378037155,237.48956298828125,9.153359413146973,44.919545431470794,3.317600257821938
5588.7919921875,83.60002136230469,-9.368294715881348,0.01624494604766369,4344.609375,53.306583404541016,-9.094877243041992,0.013324777595698833,5076.25439453125,79.87127685546875,-9.263858795166016,0.01708744280040264,253.9903564453125,97,2.093594789505005,1.8676966428756714,34.907283782958984,1599.075555251176,1645.1558707943648,44.927525123207246,3.253935070100987,0.028884027153253555,0.028529778122901917,78.32925415039062,0,4.166794776916504,0.0003047459467779845,4978.58935546875,12.561569213867188,44.927525123207246,3.253935070100987
1297.039306640625,65.10881042480469,-7.782382965087891,0.0545150525867939,950.0859375,43.708499908447266,-7.4444074630737305,0.04996119812130928,1099.5841064453125,65.57220458984375,-7.603071212768555,0.06476213783025742,57.98928451538086,44,2.0970442295074463,1.54712975025177,38.50209045410156,1190.6492741440668,1545.6055236784123,44.92022601787288,3.2838298047370937,0.10325110703706741,0.10251788794994354,56.89329528808594,2,7.132726669311523,0.0005216354038566351,889.3473510742188,12.582265853881836,44.92022601787288,3.2838298047370933
251.77085876464844,42.888885498046875,-6.002513885498047,0.18499888479709625,157.06471252441406,41.0821418762207,-5.490196704864502,0.2840562164783478,196.97073364257812,46.376731872558594,-5.73600435256958,0.255698561668396,19.271390914916992,7,1.389961838722229,0.8405758142471313,76.98821258544922,453.21667798377274,1555.8083593565261,44.92094724864455,3.337779074455964,0.5609095096588135,0.5555983781814575,79.45176696777344,2,5.652120590209961,0.00041328530642203987,103.7089614868164,8.339771270751953,44.92094724864454,3.3377790744559572
234.19786071777344,41.81072235107422,-5.923957347869873,0.19388069212436676,24.602602005004883,40.74768829345703,-3.4774527549743652,1.798671007156372,30.342819213867188,44.42754364013672,-3.7051398754119873,1.59010648727417,14.087397575378418,9,1.7846858501434326,0.8723052740097046,-67.09153747558594,735.9969217021458,1557.046684998794,44.921048817038056,3.3170924355709235,0.45661160349845886,0.4549507796764374,-73.79842376708984,0,7.457406997680664,0.0005453210324048996,-194.25167846679688,10.708114624023438,44.921048817038056,3.3170924355709235
561.3302612304688,56.10159683227539,-6.873045921325684,0.10853919386863708,435.2958679199219,41.959068298339844,-6.596961498260498,0.10468178242444992,462.0257568359375,55.16203308105469,-6.661665439605713,0.12965936958789825,23.815603256225586,24,1.888744592666626,1.2289719581604004,78.68897247314453,1354.9019315038117,1565.526600079956,44.921689131834135,3.271809521850219,0.24933287501335144,0.24683181941509247,63.345359802246094,0,9.119476318359375,0.0006669521098956466,142.0655975341797,11.332468032836914,44.921689131834135,3.2718095218502183
327.8973693847656,44.99577713012695,-6.289344787597656,0.149026557803154,257.5318298339844,41.44969940185547,-6.0270771980285645,0.17479149997234344,298.9530029296875,48.738868713378906,-6.18900728225708,0.17705261707305908,21.89045524597168,14,1.6483646631240845,1.1008564233779907,54.424747467041016,1543.3755801308325,1560.9172641166908,44.921356360078555,3.2580181594440454,0.3489549458026886,0.34729763865470886,54.13511657714844,0,8.056395530700684,0.0005892323097214103,9.856407165527344,9.890188217163086,44.921356360078555,3.2580181594440454
1146.2955322265625,54.45258712768555,-7.6482415199279785,0.05158836394548416,998.0098266601562,43.81463623046875,-7.497837066650391,0.04767758026719093,1092.9844970703125,57.57756042480469,-7.5965352058410645,0.057209622114896774,57.485050201416016,38,1.6894797086715698,1.4225716590881348,19.991701126098633,398.2073364439975,1567.1293732961194,44.92177383496489,3.3418018710868624,0.09289509057998657,0.09226685762405396,27.347442626953125,0,5.004205703735352,0.00036590383388102055,935.3163452148438,10.13687801361084,44.92177383496489,3.341801871086862
3571.15576171875,108.86427307128906,-8.8820219039917,0.03310597687959671,1602.7635498046875,45.650047302246094,-8.012173652648926,0.030931543558835983,3023.771240234375,109.11500549316406,-8.701372146606445,0.03918910771608353,52.95816421508789,133,3.207036018371582,2.7738821506500244,21.214338302612305,856.1065084749027,1591.0315698356176,44.923541257354636,3.3083021640019323,0.10761378705501556,0.10665576905012131,17.591018676757812,0,10.388032913208008,0.0007596311043016613,2608.910400390625,19.242216110229492,44.923541257354636,3.3083021640019323
231.10679626464844,41.38457107543945,-5.909531593322754,0.1944713145494461,74.63800048828125,40.804466247558594,-4.682399749755859,0.5937143564224243,107.17765808105469,48.868080139160156,-5.075260639190674,0.49516603350639343,15.515544891357422,9,1.8963905572891235,1.0476735830307007,13.819744110107422,945.6506159026562,1566.390034215175,44.92174016479764,3.3017533614669046,0.6622288823127747,0.6599640250205994,-20.874324798583984,0,8.432766914367676,0.0006166706443764269,-72.39532470703125,11.37834358215332,44.92174016479764,3.3017533614669046
1796739.375,734.6366577148438,-15.636212348937988,0.0004440351331140846,1429473.5,629.2672729492188,-15.387940406799316,0.000478067115182057,1755276.0,702.05712890625,-15.61086368560791,0.00043436704436317086,52887.859375,1245,2.6675710678100586,2.5731143951416016,43.340511322021484,281.28830484594977,1661.9173928636387,44.9287083516472,3.350344338334501,0.0011985859600827098,0.0011277907760813832,79.62586212158203,0,5.200260639190674,0.00038021410000510514,1788068.625,16.00542640686035,44.92870835164719,3.3503443383344935
395241.28125,359.7192077636719,-13.992156028747559,0.0009883963502943516,314852.0,297.4865417480469,-13.74526596069336,0.001026102458126843,385803.71875,337.4347229003906,-13.96591567993164,0.0009498459985479712,16807.751953125,571,2.4801816940307617,2.4063425064086914,30.353771209716797,1765.142048949284,1634.1385456371925,44.926722041980774,3.241782899605671,0.0023587604518979788,0.0023111351765692234,47.23081588745117,0,4.258349895477295,0.00031145682442002,394894.875,14.88109016418457,44.926722041980774,3.241782899605671
386.343017578125,51.716331481933594,-6.467432498931885,0.14537324011325836,296.413330078125,41.500022888183594,-6.179744243621826,0.15204790234565735,319.5311584472656,47.088932037353516,-6.261282920837402,0.16004253923892975,19.703475952148438,16,1.5887582302093506,1.0961195230484009,-66.93418884277344,1942.7359314371613,1584.607417797192,44.92309892979705,3.2287890552492904,0.3024694621562958,0.30048316717147827,-62.413352966308594,0,7.555202007293701,0.0005526273744180799,243.97308349609375,9.532548904418945,44.923098929797035,3.2287890552492855
231.3538818359375,41.41999435424805,-5.91069221496582,0.1944299042224884,94.96050262451172,40.85707473754883,-4.943857669830322,0.4672551155090332,105.08468627929688,38.344600677490234,-5.053848743438721,0.39627310633659363,18.634567260742188,9,1.2590163946151733,0.961371898651123,-43.82395553588867,1175.8282793971148,1580.0682082354235,44.92274879974641,3.284911163657091,0.3722488284111023,0.3702727258205414,72.32836151123047,1,6.5671586990356445,0.00048026489093899727,49.93748092651367,7.554098129272461,44.92274879974639,3.2849111636570796
7062.46923828125,147.00344848632812,-9.622391700744629,0.02260480634868145,1965.9366455078125,46.734466552734375,-8.23392391204834,0.02581651322543621,5997.3046875,143.59963989257812,-9.444890022277832,0.026003215461969376,60.23819351196289,228,6.078477382659912,2.4708893299102783,16.16914176940918,1460.926949549446,1610.3267221956937,44.924971893285615,3.264047363414896,0.12387356162071228,0.11901308596134186,14.19803237915039,0,18.386693954467773,0.0013447176897898316,3222.842529296875,36.470863342285156,44.9249718932856,3.2640473634148908
604.76806640625,66.49568176269531,-6.953972339630127,0.1194082722067833,284.8717346191406,41.49323654174805,-6.136623382568359,0.1581822633743286,321.5352783203125,55.404056549072266,-6.26807165145874,0.18712972104549408,19.509370803833008,18,1.9167678356170654,1.2166295051574707,51.96590805053711,1060.3554834517927,1597.3833987543126,44.92401302010293,3.2933583078237207,0.33969536423683167,0.33815065026283264,72.25032043457031,0,9.140759468078613,0.0006684526451863348,190.013916015625,11.500606536865234,44.92401302010293,3.2933583078237207
432.6319274902344,54.46611022949219,-6.590296268463135,0.13672176003456116,312.3843078613281,41.600341796875,-6.236722946166992,0.1446230560541153,290.12823486328125,51.33323669433594,-6.156475067138672,0.19214914739131927,25.927001953125,18,1.4762159585952759,1.3908793926239014,30.28512954711914,1471.1182501206868,1602.5500449157591,44.924402782535005,3.2633022679612944,0.2760363519191742,0.27494776248931885,-63.01953125,1,6.011877059936523,0.00043968355748802423,205.4356231689453,8.857295989990234,44.924402782535005,3.263302267961294
1145.2911376953125,82.85623931884766,-7.647289752960205,0.07856681197881699,539.9270629882812,42.348052978515625,-6.830837726593018,0.08517814427614212,1083.3826904296875,101.43878173828125,-7.586954593658447,0.1016838476061821,24.760221481323242,49,3.0941054821014404,2.5960733890533447,34.138885498046875,1524.4473707899735,1615.4753385752465,44.925350388017016,3.259398724155424,0.27737608551979065,0.27600523829460144,8.22326374053955,2,17.000545501708984,0.0012433575466275215,460.18328857421875,18.564632415771484,44.925350388017016,3.2593987241554236
211.0341796875,36.28801727294922,-5.810882091522217,0.18674124777317047,119.93091583251953,41.03718185424805,-5.197328090667725,0.3716004490852356,146.720703125,42.149845123291016,-5.416228294372559,0.31198549270629883,17.189735412597656,9,2.2438395023345947,0.5959051251411438,-80.43544006347656,67.0961006551826,1612.0116420213542,44.92504504817477,3.3660166018257116,0.3370753228664398,0.09244705736637115,-79.41116333007812,0,6.906177997589111,0.0005049308529123664,-388.2012634277344,13.463037490844727,44.92504504817479,3.366016601825719
802.0635986328125,64.32230377197266,-7.26052188873291,0.08709286898374557,556.6243896484375,42.4178466796875,-6.863905429840088,0.08275918662548065,680.9038696289062,62.365081787109375,-7.082714557647705,0.09946849197149277,25.947147369384766,34,1.8041046857833862,1.6360747814178467,75.6994857788086,647.721757024993,1610.7949544104988,44.924980647897996,3.3235450196853713,0.212569460272789,0.21212458610534668,4.307291507720947,0,8.089649200439453,0.0005915284273214638,441.4732971191406,10.824627876281738,44.924980647897996,3.3235450196853717
1476.4027099609375,89.75450134277344,-7.9230122566223145,0.06602086871862411,642.9348754882812,42.63615798950195,-7.020417213439941,0.07201797515153885,875.7115478515625,73.15534973144531,-7.355902671813965,0.0907224640250206,34.167686462402344,48,2.8865654468536377,1.4261696338653564,68.24392700195312,580.199239187261,1645.848952454267,44.92754439670554,3.328481013612463,0.22043825685977936,0.21607500314712524,64.4471206665039,0,12.160627365112305,0.0008891782490536571,615.9237670898438,17.319393157958984,44.92754439670554,3.328481013612463
337.8521423339844,48.33427810668945,-6.321816921234131,0.15536685287952423,252.5585174560547,41.35401153564453,-6.0059051513671875,0.17782197892665863,284.3018798828125,50.02464294433594,-6.134449481964111,0.19108830392360687,22.698341369628906,14,1.5580884218215942,1.2418607473373413,-87.62024688720703,1070.3716988935607,1608.6776787571964,44.92484022881715,3.292624440868759,0.3324185013771057,0.33052077889442444,-53.22985076904297,2,8.321179389953613,0.0006085157510824502,215.66229248046875,9.348530769348145,44.92484022881715,3.292624440868759
350.14300537109375,50.42704391479492,-6.360613822937012,0.15640400350093842,176.34243774414062,41.210453033447266,-5.615891933441162,0.2537934482097626,227.33827209472656,52.4290885925293,-5.89168119430542,0.25045493245124817,20.19098663330078,14,2.215635299682617,0.9406963586807251,-30.542137145996094,1908.3549744314864,1619.3927952507777,44.92564513320528,3.2313027152018186,0.2886645495891571,0.1349584460258484,-29.827625274658203,0,8.638496398925781,0.0006318500963971019,-126.2135238647461,13.293811798095703,44.92564513320527,3.231302715201814
210.78753662109375,36.07341384887695,-5.809612274169922,0.18585409224033356,197.782958984375,41.218624114990234,-5.740472316741943,0.22632598876953125,99.19677734375,39.16884994506836,-4.991243839263916,0.42881807684898376,30.738889694213867,5,1.4976751804351807,0.29518434405326843,-52.23841094970703,338.6093769528803,1615.8250047025144,44.925336429299854,3.346156343636417,0.27825453877449036,0.27623438835144043,39.138797760009766,2,3.929159641265869,0.0002872877230402082,229.83151245117188,8.986051559448242,44.925336429299854,3.346156343636416
597.0767211914062,53.57518768310547,-6.940075397491455,0.09744586050510406,472.0334777832031,42.172969818115234,-6.684932231903076,0.09702669084072113,485.3468017578125,56.68394470214844,-6.71513032913208,0.12683458626270294,31.620698928833008,25,1.9475200176239014,1.2305271625518799,53.238162994384766,1041.9819145312335,1624.5769263742404,44.92600336999941,3.2947000932295962,0.17176584899425507,0.17169593274593353,-15.527307510375977,0,7.37459135055542,0.0005392860039137304,319.9578552246094,11.68511962890625,44.92600336999941,3.2947000932295962
242.9501495361328,42.855621337890625,-5.96379280090332,0.19156688451766968,47.21083068847656,40.71165084838867,-4.1851043701171875,0.9364981055259705,17.637405395507812,49.28390884399414,-3.116086721420288,3.0345916748046875,14.640626907348633,9,1.793777585029602,1.096876859664917,65.75743103027344,470.2931317154701,1627.7944437142733,44.92621822640115,3.3365225956936246,0.31534865498542786,0.19804443418979645,64.61616516113281,0,8.3915376663208,0.0006135745206847787,-38.475894927978516,10.762665748596191,44.92621822640115,3.3365225956936246
795.3156127929688,66.70703887939453,-7.251348972320557,0.09108816832304001,541.647705078125,42.30722427368164,-6.834292411804199,0.08482569456100464,952.8656616210938,96.62618255615234,-7.447579383850098,0.1101267859339714,28.460939407348633,34,2.1096179485321045,1.7853041887283325,-73.85649108886719,180.21310176084202,1643.426170694782,44.92735011848212,3.357739444122526,0.27059561014175415,0.2700105309486389,-6.1209540367126465,2,9.248546600341797,0.0006761943222954869,913.3169555664062,12.657707214355469,44.92735011848212,3.357739444122526
594.674072265625,65.39990997314453,-6.935697555541992,0.11943399906158447,-326.2818908691406,37.8090934753418,99.0,99.0,102.95571899414062,19.71626091003418,-5.031626224517822,0.20797154307365417,20.842269897460938,5,1.3925611972808838,0.28867506980895996,90.0,2044.0,1643.9178795142238,44.92744291436377,3.2213727088094943,0.2629702687263489,0.05272023379802704,90.0,18,3.740804672241211,0.0002736225724220276,-1451.34814453125,8.355367660522461,44.92744291436377,3.2213727088094943
1219.01171875,81.41048431396484,-7.715019702911377,0.0725274309515953,709.528076171875,42.866329193115234,-7.1274237632751465,0.06561098247766495,998.8119506835938,73.38707733154297,-7.498709201812744,0.07979316264390945,32.51930618286133,52,2.2876031398773193,1.7860530614852905,49.591453552246094,130.79591351440993,1644.5209509862734,44.927428001378416,3.3613538771290545,0.19226707518100739,0.19068923592567444,51.919254302978516,2,8.949972152709961,0.0006543579511344433,626.7147216796875,13.725618362426758,44.927428001378416,3.3613538771290545
9351.859375,149.01272583007812,-9.927245140075684,0.017304347828030586,2820.177001953125,49.24427795410156,-8.625690460205078,0.018963094800710678,8324.5166015625,151.0047149658203,-9.800897598266602,0.01969977654516697,79.46630096435547,276,4.4081573486328125,3.6882128715515137,-17.817596435546875,1872.1878115460793,1672.8760657570858,44.929560128844315,3.233945529826533,0.0762995257973671,0.07523101568222046,-26.913326263427734,0,12.320696830749512,0.0009011490037664771,6989.47314453125,26.448944091796875,44.929560128844315,3.233945529826533
348.5772705078125,51.290653228759766,-6.355747699737549,0.15979713201522827,155.9377899169922,41.11024475097656,-5.4823784828186035,0.2863047122955322,154.8108367919922,51.9234504699707,-5.474503517150879,0.36424365639686584,16.79983901977539,13,2.737440824508667,0.7657321691513062,-28.260488510131836,1673.3335788693746,1641.1984013622189,44.927237020111036,3.248501161730083,0.3949674963951111,0.3933117389678955,-41.94005584716797,0,8.663300514221191,0.0006336186779662967,-276.0035400390625,16.424644470214844,44.927237020111036,3.248501161730083
217.59901428222656,38.86036682128906,-5.844142436981201,0.19394554197788239,140.30447387695312,41.07371520996094,-5.367678642272949,0.3179232180118561,149.25506591796875,38.50315475463867,-5.4348225593566895,0.28015413880348206,25.858646392822266,9,1.8623191118240356,0.6152819991111755,62.56434631347656,769.0763811597443,1644.2973229789156,44.927437898943325,3.3146639950490067,0.4959279000759125,0.4871928095817566,50.75868225097656,0,6.387622833251953,0.0004670787020586431,-320.2070007324219,11.173914909362793,44.927437898943325,3.314663995049006
710.2570190429688,70.95027160644531,-7.128538608551025,0.1084846630692482,353.1983337402344,41.735443115234375,-6.370046615600586,0.12832646071910858,669.0578002929688,78.81562042236328,-7.063659191131592,0.12793178856372833,22.24138069152832,25,2.2190184593200684,1.7313978672027588,-28.906740188598633,1397.8451803447965,1657.9039828874622,44.92845355678212,3.268659235032625,0.4181266725063324,0.4146348834037781,-18.889144897460938,2,11.74643611907959,0.0008590484503656626,592.537109375,13.31411075592041,44.92845355678213,3.268659235032631
294.6851501464844,45.78502655029297,-6.17339563369751,0.16873106360435486,207.75648498535156,41.28373336791992,-5.793886661529541,0.21580137312412262,249.67141723632812,56.68837356567383,-5.993422031402588,0.2465783804655075,16.530269622802734,12,1.7381750345230103,1.4950861930847168,-15.949469566345215,1732.0760535427346,1647.0778500765762,44.927668697057854,3.24420175708646,0.5015645027160645,0.49815118312835693,-18.030527114868164,0,9.652307510375977,0.0007059621857479215,268.4544677734375,10.42905044555664,44.92766869705784,3.2442017570864548
1408.4498291015625,94.14380645751953,-7.871853351593018,0.07259056717157364,614.61376953125,42.62136459350586,-6.971505641937256,0.07531038671731949,1187.119384765625,89.58478546142578,-7.6862359046936035,0.08195391297340393,27.996749877929688,56,2.727353572845459,2.230297088623047,68.39766693115234,954.2876328504543,1660.8039977875073,44.92865277450131,3.301112619754729,0.26809221506118774,0.2677464783191681,80.09760284423828,2,13.741278648376465,0.0010048302356153727,1042.077392578125,16.364120483398438,44.92865277450131,3.301112619754729
7632.962890625,120.88834381103516,-9.706732749938965,0.01719971001148224,3499.001220703125,50.99474334716797,-8.85986042022705,0.01582745835185051,7261.3388671875,127.61370086669922,-9.652542114257812,0.019085802137851715,120.9649658203125,212,3.6285431385040283,3.1299099922180176,45.243385314941406,497.1833871853807,1692.568846776433,44.93096140927002,3.3345489449698125,0.05724717304110527,0.05630188807845116,54.75104522705078,0,7.750648021697998,0.0005667012883350253,6586.70361328125,21.771259307861328,44.93096140927002,3.334548944969812
494.4065856933594,50.86616516113281,-6.735210418701172,0.11173123121261597,407.7272033691406,41.91526412963867,-6.525924205780029,0.1116432175040245,442.0226135253906,48.13182067871094,-6.613611221313477,0.11825449019670486,30.008874893188477,21,1.8245596885681152,0.959173858165741,-1.2788981199264526,1213.8180660982136,1657.8814666220107,44.92844686379844,3.282124557355276,0.22557254135608673,0.22209608554840088,-15.064528465270996,0,7.910702228546143,0.0005785053363069892,222.5091552734375,10.947358131408691,44.92844686379844,3.2821245573552766
751.2529296875,63.447147369384766,-7.189465522766113,0.09171824902296066,508.29217529296875,42.26039505004883,-6.765283584594727,0.09029214084148407,593.2891235351562,65.00434112548828,-6.933166027069092,0.11898872256278992,35.034488677978516,22,1.7600998878479004,1.0190675258636475,74.3131103515625,892.9424165850979,1668.7429195620932,44.92923192311939,3.3055998775496835,0.22568506002426147,0.22436924278736115,67.96817779541016,2,6.613224506378174,0.0004835832223761827,520.1119995117188,10.560599327087402,44.92923192311939,3.3055998775496835
1379.7615966796875,91.42030334472656,-7.849510192871094,0.07195623219013214,512.3294677734375,42.320037841796875,-6.773873329162598,0.08970703929662704,1180.01904296875,120.18277740478516,-7.679722309112549,0.11060710996389389,31.755435943603516,39,2.4552860260009766,2.1212563514709473,-31.069568634033203,1213.6791991154544,1698.129800825869,44.93139345495766,3.2821310901611698,0.40255317091941833,0.40069717168807983,-46.69557571411133,2,11.836627006530762,0.000865589885506779,1121.18603515625,14.73171615600586,44.93139345495766,3.2821310901611698
351.0480041503906,46.3569450378418,-6.3634161949157715,0.14340956509113312,351.7865295410156,41.74647521972656,-6.365697860717773,0.1288755089044571,492.45330810546875,91.24234008789062,-6.730912685394287,0.20121538639068604,27.830036163330078,15,1.6053247451782227,1.3394198417663574,43.1148567199707,582.6002026200796,1676.9124228528574,44.92981863445801,3.3283022499473036,0.3861401677131653,0.3858179748058319,-64.78375244140625,1,6.962322235107422,0.0005090741324238479,450.37738037109375,9.631948471069336,44.929818634458,3.328302249947297
14598.2294921875,70.671875,-10.410750389099121,0.005257463548332453,13745.84765625,73.75785827636719,-10.345428466796875,0.005827289540320635,14512.888671875,81.18678283691406,-10.40438461303711,0.006075209937989712,2216.92822265625,27,2.067148208618164,0.9846701622009277,-71.16256713867188,574.178007597832,1683.2356359718965,44.930281218048975,3.3289177071578937,0.01433632057160139,0.009416808374226093,-52.72794723510742,2,8.536125183105469,0.0006241454975679517,14468.736328125,12.402889251708984,44.930281218048975,3.3289177071578937
8339.431640625,61.213623046875,-9.802841186523438,0.007971526123583317,5524.8017578125,56.27748107910156,-9.355792045593262,0.011062360368669033,10563.103515625,73.95243835449219,-10.059478759765625,0.007603101432323456,953.085205078125,39,3.8599884510040283,0.5377052426338196,63.111183166503906,576.8740999510962,1692.4063868333733,44.93095269902268,3.328719556343936,0.03633936867117882,0.02728274092078209,63.69901657104492,3,8.620320320129395,0.0006302994443103671,9668.98828125,23.159931182861328,44.93095269902268,3.3287195563439362
368.705810546875,52.59726333618164,-6.4166998863220215,0.15492196381092072,181.23780822753906,41.179134368896484,-5.645622253417969,0.246750608086586,199.92413330078125,49.79145050048828,-5.752162933349609,0.27047017216682434,15.932404518127441,14,1.4871652126312256,1.297756314277649,9.696854591369629,1308.5606526502236,1679.5081997343955,44.93003284375268,3.27519042153961,0.543425977230072,0.542522668838501,-1.601872444152832,0,8.310449600219727,0.000607746304012835,106.51168060302734,8.922990798950195,44.93003284375268,3.2751904215396097
477185.9375,393.4459228515625,-14.1967191696167,0.0008954209042713046,380524.40625,326.526611328125,-13.950956344604492,0.000931892660446465,465672.65625,368.9052429199219,-14.170202255249023,0.0008603277383372188,20066.103515625,631,2.4927210807800293,2.4063947200775146,33.7002067565918,645.0648462480793,1758.7205636580074,44.935809982862125,3.3237245994916442,0.002145646372810006,0.0020927083678543568,44.6853141784668,0,4.23284387588501,0.00030949170468375087,475628.0,14.956326484680176,44.935809982862125,3.3237245994916442
218.7582244873047,39.1473274230957,-5.849911212921143,0.19434238970279694,143.47315979003906,40.988563537597656,-5.3919267654418945,0.3102571964263916,131.88876342773438,41.7104377746582,-5.3005194664001465,0.3434525728225708,19.0839900970459,9,1.757010579109192,0.7676588892936707,50.671966552734375,880.8661260087841,1686.6265141867834,44.9305407619562,3.3064816534667325,0.3876156508922577,0.3821714222431183,8.104667663574219,1,6.936561107635498,0.0005072214989922941,65.37464904785156,10.54206371307373,44.93054076195619,3.306481653466726
255.6958770751953,44.083587646484375,-6.0193095207214355,0.18723326921463013,73.31356811523438,40.84813690185547,-4.662961006164551,0.6050868630409241,79.58788299560547,40.74087142944336,-4.752117156982422,0.5559211373329163,16.75588035583496,9,1.7581027746200562,0.7444965243339539,-65.00204467773438,925.3494550154771,1690.377446976463,44.930816878177914,3.3032269395255605,1.2347959280014038,1.2327741384506226,22.708965301513672,0,6.83215856552124,0.0004995912313461304,-129.04286193847656,10.548616409301758,44.930816878177914,3.3032269395255605
257.2978515625,39.5437126159668,-6.026090621948242,0.16690567135810852,49.86433410644531,40.73672866821289,-4.2444748878479,0.8872089982032776,59.23846435546875,38.1793327331543,-4.431509494781494,0.6999295949935913,17.8503475189209,7,1.2490644454956055,0.9452227354049683,-0.2563340663909912,52.098238776536896,1686.7200313907558,44.930513593295245,3.3671053648782405,0.35520967841148376,0.35151413083076477,-11.600826263427734,2,6.485038757324219,0.0004741236043628305,-39.16450119018555,7.494386672973633,44.930513593295245,3.36710536487824
1091.5255126953125,87.29114532470703,-7.5950846672058105,0.08684925734996796,458.4466552734375,42.09739685058594,-6.65322208404541,0.0997232124209404,545.8504638671875,65.15547180175781,-6.842684268951416,0.129630446434021,22.835371017456055,26,2.0794425010681152,1.5593847036361694,-59.1522331237793,2010.9355978863794,1702.5568109304938,44.93173541911763,3.223788279079158,0.2846948206424713,0.2838405668735504,-60.13591384887695,2,10.787781715393066,0.0007890489650890231,195.7456512451172,12.476655006408691,44.93173541911763,3.223788279079158
312.0890197753906,46.19930648803711,-6.235696315765381,0.16076324880123138,244.26046752929688,41.35801696777344,-5.969633102416992,0.1838807910680771,257.89849853515625,53.74261474609375,-6.028622150421143,0.2263079434633255,18.15365982055664,13,1.7050981521606445,0.9658084511756897,48.651084899902344,1657.8211452144449,1692.313418081168,44.930978887413104,3.2496321555759096,0.3906700611114502,0.3879566192626953,44.323001861572266,0,7.67183256149292,0.0005610898369923234,80.82061004638672,10.230588912963867,44.93097888741309,3.2496321555759042
29154.5859375,127.92501068115234,-11.16176700592041,0.004765170160681009,23335.236328125,89.93405151367188,-10.92003059387207,0.004185446072369814,28317.947265625,120.3917007446289,-11.130154609680176,0.004617050290107727,1281.0877685546875,207,2.4148669242858887,2.1483612060546875,57.07622528076172,1091.217093828147,1732.0233705137257,44.93387107530759,3.291087931055266,0.009490963071584702,0.009341084398329258,46.72069549560547,0,4.2054314613342285,0.00030752181191928685,29156.861328125,14.489201545715332,44.93387107530759,3.2910879310552654
1125.170166015625,69.95405578613281,-7.628045558929443,0.06751877069473267,779.8630981445312,43.06163024902344,-7.230045795440674,0.05996556580066681,911.9180297851562,68.84260559082031,-7.3998894691467285,0.08198441565036774,39.57916259765625,46,2.1037280559539795,1.6773056983947754,46.012760162353516,1282.1714984373345,1706.5866303135615,44.93201451988328,3.277118891140622,0.1424073427915573,0.14197202026844025,-64.30320739746094,0,7.204485893249512,0.0005268572713248432,623.6672973632812,12.622367858886719,44.932014519883275,3.277118891140616
27736.82421875,123.3195571899414,-11.10764217376709,0.004828420002013445,22383.720703125,88.4256820678711,-10.87483024597168,0.0042901840060949326,27033.69140625,116.54620361328125,-11.079763412475586,0.0046819052658975124,1226.15966796875,197,2.2229795455932617,2.1877529621124268,82.21387481689453,1962.224561255568,1733.0573438280787,44.933967540906885,3.2273510994977306,0.009644829668104649,0.009529043920338154,56.55768966674805,0,4.175537109375,0.00030540250008925796,27685.572265625,13.33787727355957,44.93396754090688,3.2273510994977257
445.5665283203125,56.57835006713867,-6.622281551361084,0.13790103793144226,259.03851318359375,41.48630905151367,-6.033411026000977,0.17392830550670624,251.09266662597656,44.375526428222656,-5.999585151672363,0.191928431391716,21.968181610107422,11,1.596307396888733,0.872161865234375,33.69551086425781,1936.903147446445,1705.5610970634932,44.93195414717477,3.2292065271350956,0.34040307998657227,0.33903712034225464,75.41735076904297,2,6.393133163452148,0.00046760201803408563,156.66920471191406,9.577844619750977,44.93195414717477,3.2292065271350956
956.4047241210938,64.19296264648438,-7.45160436630249,0.07289127260446548,705.0106811523438,42.89763641357422,-7.120489120483398,0.06607960909605026,802.9559326171875,63.15525817871094,-7.2617292404174805,0.08541765064001083,44.17853927612305,39,1.9114655256271362,1.5850985050201416,58.27313995361328,1125.4443644674604,1717.2582967446035,44.93279120777753,3.2885851035151656,0.1523088961839676,0.15093529224395752,43.02533721923828,0,6.356138229370117,0.0004647988243959844,575.021240234375,11.468792915344238,44.93279120777753,3.288585103515165
238.14959716796875,42.3084602355957,-5.942124843597412,0.19293330609798431,90.88206481933594,40.8272590637207,-4.896195411682129,0.48786747455596924,89.31140899658203,43.86979675292969,-4.877267360687256,0.5334435701370239,14.412397384643555,9,1.4896987676620483,1.0119787454605103,15.554707527160645,841.1605485037209,1706.8030252950875,44.932016479484574,3.3093844820496465,0.4747503995895386,0.47264787554740906,70.9708251953125,0,7.337432861328125,0.0005365245742723346,70.52953338623047,8.938192367553711,44.932016479484574,3.3093844820496465
806.20556640625,63.453575134277344,-7.266114711761475,0.08547519892454147,588.7044677734375,42.5989990234375,-6.924743175506592,0.07858359068632126,622.1743774414062,59.81962203979492,-6.984780311584473,0.10441463440656662,38.393280029296875,34,1.8371374607086182,1.5101687908172607,-24.070276260375977,236.7808297146536,1718.9656444912714,44.93288270563538,3.3535937270134983,0.16785144805908203,0.1669190675020218,-24.699981689453125,0,6.040431976318359,0.0004416275187395513,482.0417175292969,11.022825241088867,44.93288270563538,3.3535937270134983
818.4901733398438,67.83270263671875,-7.282533645629883,0.09000268578529358,544.901611328125,42.36425018310547,-6.840795040130615,0.08443281054496765,744.3211669921875,70.85650634765625,-7.17940092086792,0.10338301211595535,26.18545150756836,35,2.246654987335205,1.6699674129486084,61.23862838745117,749.2569395241384,1727.0112988267122,44.93349258319219,3.316105793216034,0.278493732213974,0.2756171226501465,47.43117904663086,0,11.607281684875488,0.0008487178129144013,374.90631103515625,13.47992992401123,44.933492583192205,3.3161057932160407
219.85546875,39.400306701660156,-5.855343341827393,0.19462209939956665,166.16275024414062,41.12860870361328,-5.551334381103516,0.2688067555427551,221.8173828125,48.85648727416992,-5.864988803863525,0.23919741809368134,18.308259963989258,5,0.9766425490379333,0.39773237705230713,6.681232929229736,1427.8371245105955,1713.7066248303113,44.93253965336113,3.2664597847854857,0.6641101241111755,0.6619407534599304,13.074752807617188,3,3.674941062927246,0.00026875370531342924,186.57186889648438,5.8598551750183105,44.93253965336114,3.2664597847854915
269.92071533203125,43.796287536621094,-6.078090667724609,0.17621015012264252,163.466064453125,41.15141677856445,-5.533568859100342,0.27339276671409607,174.58102416992188,51.02182388305664,-5.604992389678955,0.3173867464065552,15.963715553283691,7,0.9969701170921326,0.5729419589042664,54.86391830444336,1511.6315966707646,1713.8139855606482,44.932549590196096,3.260328183446341,0.38494518399238586,0.37992483377456665,47.35399627685547,3,4.482316493988037,0.00032780508627183735,135.59878540039062,5.981820583343506,44.93254959019608,3.260328183446336
1577.40087890625,100.5315170288086,-7.9948554039001465,0.0692133679986,548.870361328125,42.45439910888672,-6.848674297332764,0.08400066941976547,1023.5020141601562,87.29243469238281,-7.525221824645996,0.09262276440858841,28.114046096801758,47,2.7677783966064453,2.107361078262329,11.140470504760742,1574.8249746701642,1731.4754282887993,44.93384404941877,3.2557024213974457,0.29684245586395264,0.2935360372066498,2.275728225708008,2,12.82086181640625,0.0009376351372338831,557.5418090820312,16.606670379638672,44.93384404941877,3.255702421397446
265.3048095703125,44.67557144165039,-6.059362888336182,0.18287520110607147,194.28480529785156,41.22281265258789,-5.721096992492676,0.23042446374893188,152.37864685058594,40.584983825683594,-5.457310199737549,0.2892484962940216,14.157447814941406,10,2.0664706230163574,0.6467837691307068,-53.38263702392578,1338.6343365147643,1721.2919997303186,44.93309262973574,3.2729862248862007,0.4363834261894226,0.43318986892700195,-47.745460510253906,0,6.904726982116699,0.0005049396422691643,-88.38127136230469,12.398823738098145,44.933092629735754,3.272986224886206
1169.505859375,80.93673706054688,-7.670005798339844,0.07515763491392136,679.903564453125,42.80152893066406,-7.081118106842041,0.06836625933647156,712.8678588867188,77.42536163330078,-7.1325225830078125,0.1179516538977623,28.214807510375977,50,2.288909912109375,1.9961750507354736,-26.088943481445312,311.5080577639128,1734.0792019203532,44.93399240795404,3.3481262328428594,0.18381120264530182,0.18235160410404205,-86.84245300292969,0,10.06470012664795,0.0007358553120866418,473.7299499511719,13.73345947265625,44.93399240795402,3.3481262328428523
617.867919921875,64.12447357177734,-6.97723913192749,0.11270884424448013,-256.4613037109375,37.79176330566406,99.0,99.0,252.43218994140625,30.888208389282227,-6.005362033843994,0.13288556039333344,20.97454833984375,10,3.0088396072387695,0.28867506980895996,90.0,2.102445501666014,1754.5444542734513,44.93547623320836,3.3707544859147283,0.4157384932041168,0.03885103017091751,90.0,18,5.550525665283203,0.0004057844926137477,-2655.674560546875,18.053037643432617,44.93547623320836,3.3707544859147287
262.13409423828125,41.94407272338867,-6.046308994293213,0.17377084493637085,283.0914001464844,41.55043411254883,-6.12981653213501,0.1593964844942093,279.18731689453125,44.092857360839844,-6.114739418029785,0.1715151071548462,23.226364135742188,11,1.356986165046692,0.9036925435066223,43.66117477416992,1472.4775019509498,1734.9760219581453,44.93409787376455,3.2631914489672376,0.34043872356414795,0.3376862406730652,41.11863327026367,1,6.610687732696533,0.000483449810417369,190.75146484375,8.14191722869873,44.93409787376455,3.2631914489672376
362.4288635253906,50.12117004394531,-6.398056983947754,0.15018558502197266,254.6997528076172,41.45608139038086,-6.015071392059326,0.17676226794719696,289.2521667480469,53.51784896850586,-6.153191566467285,0.2009332776069641,19.327211380004883,15,2.000533103942871,1.1034263372421265,31.059165954589844,79.93659339047316,1736.72732920434,44.93417570549939,3.36506370934532,0.3561020493507385,0.3541788160800934,20.659011840820312,0,8.891801834106445,0.0006500715389847755,116.50485229492188,12.003198623657227,44.93417570549939,3.36506370934532
4085.705078125,122.21609497070312,-9.028167724609375,0.03248562291264534,1410.749267578125,45.13878631591797,-7.873624801635742,0.034748002886772156,3525.509765625,126.2640380859375,-8.868054389953613,0.038894444704055786,62.21739959716797,148,3.7969095706939697,3.1248655319213867,43.95695495605469,887.9765001926806,1770.8034295137752,44.936703363981756,3.3059533577123443,0.13661617040634155,0.13555851578712463,37.46034622192383,2,15.43877124786377,0.0011288864770904183,2525.122802734375,22.781457901000977,44.93670336398174,3.305953357712338
778.8338012695312,73.94550323486328,-7.228611946105957,0.10310905426740646,420.2015686035156,42.003108978271484,-6.5586442947387695,0.10855594277381897,660.4678344726562,72.97319030761719,-7.049629211425781,0.11998901516199112,17.264036178588867,32,2.3188066482543945,1.7955043315887451,-67.862060546875,1719.6312071340296,1750.6421450566836,44.93525036690833,3.2451040063150622,0.3622084856033325,0.3607933819293976,-60.10982131958008,0,12.229631423950195,0.0008944215951487422,415.2874450683594,13.912839889526367,44.93525036690831,3.2451040063150574
874.2313232421875,56.978450775146484,-7.354065895080566,0.07078057527542114,682.7173461914062,42.91758346557617,-7.085602283477783,0.06826909631490707,736.068603515625,57.00416946411133,-7.167295932769775,0.08410429209470749,39.899681091308594,31,1.5543767213821411,1.5263209342956543,-21.520048141479492,1004.0514617598502,1748.3387113287408,44.93506270270706,3.2974635977019586,0.1344236135482788,0.13400788605213165,25.570648193359375,2,7.229457378387451,0.0005286389496177435,600.5675048828125,9.326260566711426,44.93506270270706,3.2974635977019586
1028.3790283203125,78.4707260131836,-7.530383110046387,0.08286751061677933,449.34423828125,42.067562103271484,-6.631447792053223,0.10167121142148972,1060.1624755859375,105.05635833740234,-7.563431262969971,0.10761671513319016,24.82033348083496,40,3.7098782062530518,1.1965587139129639,57.63119888305664,793.2428852048168,1777.0905808992454,44.93716027403659,3.3128830724796665,0.4889087975025177,0.48366284370422363,48.96101379394531,2,12.629313468933105,0.000923436600714922,-146.0862579345703,22.25926971435547,44.93716027403659,3.312883072479667
1415.12451171875,95.64712524414062,-7.876986503601074,0.07340186834335327,434.23980712890625,42.033599853515625,-6.594324111938477,0.10512276738882065,1352.5091552734375,87.81074523925781,-7.827850341796875,0.07050781697034836,22.80225944519043,28,3.1596944332122803,1.8421967029571533,-5.37951135635376,1956.934553574545,1771.6342008033464,44.936791556912475,3.2277352261755556,0.43054160475730896,0.42674267292022705,-1.0803349018096924,3,14.467207908630371,0.0010581259848549962,473.667236328125,18.958166122436523,44.936791556912475,3.2277352261755556
569.18798828125,53.28897476196289,-6.888139247894287,0.10167436301708221,491.5212707519531,42.236656188964844,-6.728855609893799,0.09332050383090973,507.8924255371094,51.28019332885742,-6.764429569244385,0.10964977741241455,33.55677032470703,24,1.7119280099868774,1.2133827209472656,42.57814025878906,26.596371185251034,1764.4401771693274,44.93620181574541,3.3689619123760326,0.19807367026805878,0.1969972848892212,-83.41203308105469,0,6.8050103187561035,0.0004974966868758202,439.2835998535156,10.271568298339844,44.936201815745406,3.368961912376025
376.07330322265625,48.85591125488281,-6.438181400299072,0.14108291268348694,300.74359130859375,41.545963287353516,-6.195490837097168,0.15002451837062836,312.4789123535156,44.56591796875,-6.237051963806152,0.154885932803154,22.729211807250977,16,1.2360645532608032,1.2078850269317627,57.31632614135742,372.83590291947553,1764.239779556331,44.9362029518601,3.3436371847003343,0.2559409439563751,0.2547615170478821,69.46865844726562,0,7.301684856414795,0.0005338435294106603,282.6123046875,7.416387557983398,44.93620295186012,3.3436371847003414
476.601318359375,56.555965423583984,-6.695388317108154,0.12887035310268402,290.76336669921875,41.57589340209961,-6.158849239349365,0.1552857905626297,312.0086364746094,53.57646560668945,-6.235416412353516,0.18648214638233185,24.849451065063477,14,1.2969744205474854,0.9226153492927551,2.9920201301574707,314.71737515617815,1778.302990321419,44.9372299070391,3.3478867607448706,0.2784324884414673,0.27798545360565186,53.29280090332031,2,5.214406967163086,0.00038123075501061976,268.3150939941406,7.781846523284912,44.93722990703908,3.347886760744864
237.08609008789062,39.56574249267578,-5.937265396118164,0.1812354177236557,193.78167724609375,41.26877975463867,-5.7182817459106445,0.2312803715467453,171.72463989257812,34.55250930786133,-5.587081432342529,0.21851275861263275,23.54076385498047,10,1.1845613718032837,0.8002914786338806,11.268182754516602,1088.4273244459675,1768.2776093633333,44.93652503903325,3.2912886595030058,0.31505534052848816,0.31128138303756714,11.234317779541016,0,5.802639961242676,0.0004243103612679988,53.44310760498047,7.107368469238281,44.93652503903326,3.291288659503012
2854.85400390625,126.00434112548828,-8.638959884643555,0.04793264716863632,806.1549682617188,43.23677444458008,-7.266046524047852,0.05824579298496246,2483.661865234375,128.8610382080078,-8.487730979919434,0.056345466524362564,36.24500274658203,78,5.251069068908691,2.3934149742126465,-43.2779426574707,973.7944019860346,1814.3224686481099,44.93989204284131,3.2996708999220044,0.2750767171382904,0.2709439992904663,-32.3141975402832,2,19.95765495300293,0.0014593082014471292,850.873291015625,31.50641441345215,44.93989204284131,3.2996708999220044
585.8003540039062,64.27434539794922,-6.919373989105225,0.11915653198957443,396.8592224121094,41.942012786865234,-6.496591091156006,0.11477375775575638,455.4584655761719,62.391727447509766,-6.646121978759766,0.14876750111579895,20.42930030822754,18,1.8714450597763062,0.8986412882804871,24.10612678527832,595.463681380531,1775.059574914827,44.93700414691114,3.32735130966081,0.3209136426448822,0.3187410235404968,19.444589614868164,3,7.753518581390381,0.000566901930142194,399.3312683105469,11.228670120239258,44.93700414691116,3.3273513096608167
228.8846893310547,41.054054260253906,-5.899041652679443,0.19479110836982727,319.6719665527344,41.5930061340332,-6.26176118850708,0.14130112528800964,783.7394409179688,91.50279235839844,-7.235429286956787,0.12679217755794525,17.926149368286133,9,1.6030012369155884,0.6475814580917358,22.45623779296875,1957.7338060831164,1772.1869702604754,44.93683203640147,3.227676685892951,0.49379226565361023,0.48821237683296204,-2.5478320121765137,19,6.075955390930176,0.0004443917714525014,679.318603515625,9.61800765991211,44.936832036401455,3.227676685892946
244.2704620361328,42.9967041015625,-5.969677448272705,0.19115868210792542,69.50071716308594,40.819210052490234,-4.604973316192627,0.6378303170204163,89.0496826171875,39.54942321777344,-4.874081134796143,0.4823226034641266,17.98594093322754,9,1.48557448387146,0.7741351127624512,13.637714385986328,406.2298195528348,1783.4939961292769,44.93761385017948,3.341192522894411,0.3869870901107788,0.3830605745315552,26.199535369873047,0,6.399415969848633,0.0004678756231442094,-85.0838851928711,8.913446426391602,44.93761385017948,3.341192522894411
71375.265625,175.57603454589844,-12.133869171142578,0.002671451773494482,56928.390625,131.7085723876953,-11.888321876525879,0.0025125513784587383,69594.921875,161.7883758544922,-12.106443405151367,0.002524640643969178,3011.059814453125,302,2.463742733001709,2.2290287017822266,47.90212631225586,242.49472662313326,1841.9594615374308,44.941886420705465,3.3531624385306555,0.0057182530872523785,0.005601535085588694,46.13167953491211,0,4.183797836303711,0.0003058685688301921,71247.2421875,14.782456398010254,44.941886420705465,3.353162438530656
228.89292907714844,41.055320739746094,-5.899080753326416,0.19479010999202728,126.33475494384766,41.02677536010742,-5.253807067871094,0.3526747524738312,136.05502319335938,50.594879150390625,-5.334286689758301,0.40385159850120544,15.718592643737793,9,2.615455150604248,0.7597717642784119,-35.23139953613281,829.042977104233,1789.8846696263893,44.938098137467804,3.310262854033777,0.44796332716941833,0.1306437849998474,-36.85622787475586,0,8.433515548706055,0.0006166466628201306,-463.0542907714844,15.692730903625488,44.93809813746782,3.310262854033783
229.84283447265625,41.19929885864258,-5.9035773277282715,0.1946653574705124,193.591064453125,41.220489501953125,-5.717213153839111,0.23123718798160553,179.8641815185547,40.678287506103516,-5.637361526489258,0.24561099708080292,15.039277076721191,9,1.7500905990600586,0.7133359313011169,56.208683013916016,444.9409038189093,1792.05103612476,44.93824187962261,3.3383600488946525,0.4288034737110138,0.4269142746925354,55.51066207885742,0,6.670673370361328,0.00048771000001579523,-62.51822280883789,10.500543594360352,44.93824187962261,3.3383600488946525
2921.965576171875,105.95817565917969,-8.66418743133545,0.039381224662065506,1258.067138671875,44.640464782714844,-7.7492594718933105,0.038534943014383316,2548.9052734375,101.00861358642578,-8.515884399414062,0.043036263436079025,43.568851470947266,105,2.817471742630005,2.663438558578491,45.269927978515625,639.8578098148187,1826.8802982884868,44.94079930648763,3.324098576816683,0.14671443402767181,0.14644165337085724,22.702945709228516,0,10.419027328491211,0.0007617806550115347,2012.33447265625,16.904830932617188,44.94079930648763,3.3240985768166826
445.2129821777344,49.32008743286133,-6.621419429779053,0.12030559778213501,345.91021728515625,41.78981018066406,-6.347408294677734,0.131200909614563,364.1385498046875,54.01458740234375,-6.403166770935059,0.1610921025276184,24.48184585571289,19,1.6949156522750854,1.334551453590393,8.923935890197754,407.06856281871,1797.7211445577973,44.93865535137437,3.3411296679348044,0.26343029737472534,0.261277973651886,19.842103958129883,0,7.270434856414795,0.0005315544549375772,202.7905731201172,10.169493675231934,44.93865535137437,3.3411296679348044
565.4397583007812,60.301124572753906,-6.880965709686279,0.11581608653068542,386.57196044921875,41.8455924987793,-6.468075752258301,0.11755719035863876,478.79058837890625,72.8541488647461,-6.700364112854004,0.16524887084960938,27.88626480102539,24,1.8596076965332031,1.3947004079818726,84.04933166503906,286.65790100091033,1799.8984355001792,44.93880950643603,3.3499368110897443,0.28800520300865173,0.287143349647522,87.78206634521484,0,7.3305864334106445,0.0005359385977499187,525.3453369140625,11.157646179199219,44.93880950643603,3.349936811089744
1955.4854736328125,90.30821990966797,-8.22813606262207,0.05015364661812782,1024.2696533203125,43.867366790771484,-7.526035785675049,0.046511147171258926,1691.13037109375,92.6839370727539,-8.070443153381348,0.059519216418266296,41.61174392700195,79,2.9549384117126465,2.22027325630188,84.37638854980469,304.89079519855545,1830.3314800271703,44.941038045578935,3.3485999091754763,0.157239630818367,0.15619014203548431,74.57902526855469,0,10.302393913269043,0.0007531995070166886,1221.141357421875,17.729629516601562,44.941038045578935,3.3485999091754763
9944.3076171875,155.08837890625,-9.993936538696289,0.016936924308538437,2805.305908203125,49.22922897338867,-8.619950294494629,0.01905779540538788,9298.6552734375,163.92372131347656,-9.921050071716309,0.019144829362630844,87.8087158203125,318,5.499946117401123,3.502904176712036,44.9660758972168,1165.9714001579591,1854.3052681341308,44.94282495463697,3.2856072882171863,0.08305453509092331,0.08110229671001434,50.8112907409668,0,14.567357063293457,0.001065196585841477,7221.7822265625,32.99967575073242,44.94282495463697,3.2856072882171863
467.8866882324219,53.3847541809082,-6.675351619720459,0.12391000986099243,312.97509765625,41.64951705932617,-6.238774299621582,0.14452068507671356,613.1851196289062,75.74884796142578,-6.9689788818359375,0.13415728509426117,26.518510818481445,20,3.878770351409912,1.1318693161010742,-56.98794937133789,1972.314280157489,1830.5908015161058,44.941107717006965,3.226604918390171,0.387908399105072,0.3815253973007202,85.7564926147461,3,12.559446334838867,0.0009185695671476424,-613.4944458007812,23.272621154785156,44.94110771700698,3.226604918390176
17288.4453125,200.56602478027344,-10.594389915466309,0.012598860077559948,4069.343017578125,52.58952331542969,-9.023810386657715,0.014034752734005451,16274.669921875,208.1029510498047,-10.528780937194824,0.013886597938835621,131.7297821044922,531,5.8473029136657715,5.283990383148193,48.62971115112305,1236.4512060536858,1886.2036450829457,44.945162021715255,3.280447755790264,0.06823006272315979,0.06774095445871353,-46.94771194458008,0,11.842290878295898,0.0008659358136355877,14475.8203125,35.08381652832031,44.945162021715255,3.280447755790264
5100.47412109375,126.12552642822266,-9.269026756286621,0.026854820549488068,2052.96044921875,47.06025695800781,-8.280951499938965,0.024894505739212036,4505.91552734375,127.07299041748047,-9.1344575881958,0.03062668815255165,76.29994201660156,175,3.574265480041504,3.3154850006103516,75.44891357421875,918.4212396702474,1851.4338119284628,44.94260681312176,3.3037182745278058,0.09406627714633942,0.09378492087125778,-46.44362258911133,0,9.89313793182373,0.0007233668002299964,4188.646484375,21.445592880249023,44.94260681312176,3.3037182745278053
542.2073974609375,53.010746002197266,-6.835413455963135,0.1061764732003212,424.49261474609375,41.970394134521484,-6.569675445556641,0.1073748990893364,432.3399658203125,48.44335174560547,-6.589563369750977,0.1216854453086853,31.991313934326172,20,1.372868299484253,1.249795913696289,72.03253173828125,1235.8215452718089,1819.8497748009079,44.94030477947785,3.2804999357211173,0.2037416249513626,0.20289814472198486,84.62284088134766,2,5.298718452453613,0.00038746613427065313,374.8659973144531,8.23720932006836,44.94030477947785,3.2804999357211173
654.6380615234375,60.807533264160156,-7.040003299713135,0.10087555646896362,448.166259765625,42.04812240600586,-6.628597736358643,0.10189133882522583,523.0482788085938,64.09302520751953,-6.796354293823242,0.13307571411132812,25.512971878051758,28,2.0987024307250977,1.5172077417373657,-13.04094123840332,1436.7946180347512,1822.896626861211,44.940533271574296,3.2657947708844963,0.2545071840286255,0.25348129868507385,-1.9808268547058105,0,9.446354866027832,0.0006907930364832282,261.44232177734375,12.592214584350586,44.940533271574296,3.2657947708844963
541.1663208007812,53.34171676635742,-6.833326816558838,0.10704492032527924,428.4944763183594,42.07706832885742,-6.57986307144165,0.10664243996143341,413.97113037109375,50.380897521972656,-6.542425155639648,0.13216780126094818,33.95797348022461,23,1.5458124876022339,1.2302371263504028,-45.6363410949707,379.73259226668927,1822.126236807946,44.94044067854587,3.343126570302208,0.18664367496967316,0.1859932690858841,-51.70378494262695,0,5.625253200531006,0.00041126544238068163,276.9211730957031,9.274874687194824,44.940440678545855,3.343126570302201
231.9997100830078,41.51141357421875,-5.9137187004089355,0.19431659579277039,117.38439178466797,40.94870376586914,-5.174026012420654,0.3788433372974396,169.3433837890625,52.27629470825195,-5.571920394897461,0.3352481424808502,14.281193733215332,9,2.208413600921631,0.9700111746788025,82.95210266113281,762.2623490043107,1827.5289636392204,44.940851405156664,3.3151444117633333,0.391468346118927,0.16605626046657562,84.63269805908203,0,8.75854778289795,0.0006403935258276761,-330.1889953613281,13.250481605529785,44.940851405156664,3.3151444117633333
234.19772338867188,41.81070327758789,-5.923956871032715,0.19388072192668915,77.167724609375,40.79696273803711,-4.7185893058776855,0.574145495891571,82.05226135253906,43.09341049194336,-4.785226345062256,0.5703614354133606,14.228506088256836,9,2.0130114555358887,0.7120451331138611,-65.17876434326172,1267.367887955806,1822.84586811721,44.94052500424147,3.278191541548447,0.48548591136932373,0.4808553457260132,-84.1449203491211,0,7.152900695800781,0.000523055496159941,-209.8634796142578,12.078068733215332,44.94052500424147,3.2781915415484466
1156.5853271484375,77.08821105957031,-7.657944202423096,0.0723835900425911,577.8810424804688,42.50232696533203,-6.904595851898193,0.07987375557422638,1178.74951171875,82.9253921508789,-7.678553581237793,0.07640043646097183,30.71169090270996,27,3.0724411010742188,1.6782227754592896,50.10690689086914,1972.3114235754474,1830.8009664209073,44.9411231017306,3.2266051107132605,0.28538796305656433,0.28197339177131653,76.19020080566406,2,13.614258766174316,0.0009957179427146912,231.6118621826172,18.434646606445312,44.9411231017306,3.2266051107132605
1139.9947509765625,71.55736541748047,-7.642257213592529,0.06816811859607697,726.9346923828125,43.01378631591797,-7.153738498687744,0.06426020711660385,1063.4039306640625,79.29645538330078,-7.566745758056641,0.08098141103982925,34.17776870727539,47,2.8232998847961426,1.6647655963897705,15.746223449707031,1591.9027050053787,1832.702912992039,44.94125486952928,3.2544440897549354,0.19507525861263275,0.19268310070037842,22.04752540588379,3,12.480603218078613,0.0009127132361754775,725.1791381835938,16.939800262451172,44.94125486952928,3.254444089754935
54919.6328125,310.91827392578125,-11.849319458007812,0.006148206535726786,10703.0302734375,67.8198471069336,-10.073766708374023,0.006881448905915022,52129.015625,309.486572265625,-11.792698860168457,0.00644751125946641,381.3740234375,1367,8.388687133789062,7.696977138519287,-12.563268661499023,589.5865497295491,1934.9048630538034,44.948704619039816,3.327764694093908,0.04159673675894737,0.0410812608897686,-19.732378005981445,0,8.311100959777832,0.0006076243007555604,52039.3984375,50.332122802734375,44.948704619039816,3.3277646940939074
224.91558837890625,40.40052032470703,-5.880048751831055,0.19507302343845367,163.12132263183594,41.16617965698242,-5.531276702880859,0.2740688621997833,160.06419372558594,38.114532470703125,-5.510735511779785,0.2585986256599426,19.062700271606445,9,1.143550992012024,1.0074552297592163,25.77724838256836,297.6223519103641,1820.308961798775,44.940304069647524,3.3491326297094557,0.3703956604003906,0.3688015043735504,-17.914932250976562,0,5.241298198699951,0.00038318822043947875,123.71917724609375,6.861306190490723,44.94030406964751,3.349132629709448
296.8438415527344,46.16239929199219,-6.1813201904296875,0.16888463497161865,-419.8787536621094,37.77442169189453,99.0,99.0,135.57493591308594,31.422286987304688,-5.330448627471924,0.2517029047012329,15.849578857421875,12,3.3992466926574707,0.28867506980895996,90.0,4.082864831968437,1848.8651356147936,44.94238064346331,3.370598955739859,0.49115049839019775,0.040727145969867706,90.0,17,5.9051008224487305,0.0004316879785619676,-4022.05029296875,20.39548110961914,44.94238064346331,3.370598955739859
211.0823516845703,36.32579803466797,-5.811130046844482,0.1868930160999298,215.7125244140625,41.230934143066406,-5.834688186645508,0.20757624506950378,185.63922119140625,67.85625457763672,-5.6716742515563965,0.3969629406929016,19.748004913330078,9,1.48543119430542,0.7248233556747437,-26.10059928894043,1586.1303389885463,1829.337950113141,44.94100841109989,3.2548667769763524,0.3099713921546936,0.30771729350090027,-40.90304183959961,3,6.189385414123535,0.0004526328993961215,273.6613464355469,8.91258716583252,44.94100841109987,3.254866776976347
495.4234619140625,60.840545654296875,-6.737441539764404,0.13336637616157532,282.0772399902344,41.53129577636719,-6.125920295715332,0.1598958820104599,308.37457275390625,48.0890998840332,-6.222696304321289,0.16935496032238007,17.726654052734375,19,1.6410435438156128,1.099139928817749,41.89189529418945,1811.5236378006807,1837.866322923732,44.94163745459092,3.238371916202126,0.2953018844127655,0.2944345772266388,59.07765579223633,0,8.032029151916504,0.0005874186172150075,101.591796875,9.846261024475098,44.941637454590904,3.238371916202121
12722.8837890625,150.02700805664062,-10.26146411895752,0.012806006707251072,3669.969482421875,51.54414367675781,-8.911656379699707,0.01525269914418459,12084.6435546875,161.35183715820312,-10.205584526062012,0.01450006291270256,114.18598175048828,335,6.186295032501221,2.9166312217712402,75.37150573730469,1431.5234764232168,1904.2787165007599,44.94649043169099,3.2661732296535457,0.06650421768426895,0.06219824030995369,75.726318359375,0,16.412620544433594,0.001200176076963544,10106.0947265625,37.11777114868164,44.946490431691004,3.266173229653551
431.8985595703125,54.316097259521484,-6.588454246520996,0.13657669723033905,235.27020263671875,41.359718322753906,-5.928917407989502,0.19091518223285675,287.6127014160156,56.20074462890625,-6.14702033996582,0.21220901608467102,22.954448699951172,14,1.9830275774002075,0.8715525269508362,9.081822395324707,515.2564496566414,1840.4375790364231,44.941786761370956,3.3332116111292764,0.4058936536312103,0.4020923972129822,33.02235412597656,2,7.860980987548828,0.0005747319664806128,277.3885498046875,11.898165702819824,44.941786761370956,3.3332116111292764
211.48736572265625,33.52360153198242,-5.813210964202881,0.17214564979076385,284.5767822265625,41.55536651611328,-6.135498523712158,0.15858329832553864,357.2137756347656,54.89933395385742,-6.382320404052734,0.1669047474861145,25.476940155029297,9,1.4402189254760742,0.5119908452033997,10.58897590637207,1596.7808568801825,1835.586317933001,44.94146605500544,3.254086878414717,0.31941500306129456,0.3163893520832062,5.775142192840576,3,5.106847286224365,0.00037346643512137234,354.7610778808594,8.641313552856445,44.941466055005435,3.254086878414712
8332.390625,84.37071990966797,-9.801923751831055,0.010996435768902302,6902.853515625,59.5482063293457,-9.59757137298584,0.00936849508434534,8151.01220703125,85.59137725830078,-9.77802848815918,0.01140376552939415,374.84197998046875,113,2.072556972503662,1.9217820167541504,33.10643768310547,245.94681755120075,1865.6646023341339,44.94362176870717,3.3529073483740506,0.02061690017580986,0.02034265361726284,40.659732818603516,0,4.154056072235107,0.00030369110754691064,8350.875,12.435341835021973,44.94362176870716,3.3529073483740435
1692.13037109375,87.78126525878906,-8.071084976196289,0.05633753538131714,848.2437744140625,43.476444244384766,-7.3213019371032715,0.05566255748271942,1618.630126953125,93.80625915527344,-8.022869110107422,0.0629381537437439,31.713010787963867,57,2.49794864654541,2.0399863719940186,44.597991943359375,804.151662208881,1866.5748276012216,44.9437111321713,3.312076171775982,0.20116491615772247,0.2002335786819458,-78.63299560546875,3,10.91256046295166,0.0007978796493262053,1441.159912109375,14.987691879272461,44.9437111321713,3.312076171775982
493.167724609375,55.79050827026367,-6.732486724853516,0.12285575270652771,346.54156494140625,41.72914123535156,-6.349388599395752,0.13077174127101898,355.29107666015625,51.189056396484375,-6.376460552215576,0.15646696090698242,19.282581329345703,21,1.7908083200454712,1.1243265867233276,49.03224182128906,609.4115863862098,1856.4354978956928,44.94296158745439,3.3263226761286946,0.26900196075439453,0.2671738862991333,46.08829879760742,0,8.48953914642334,0.0006206949474290013,96.45866394042969,10.744850158691406,44.94296158745439,3.3263226761286946
3019.321044921875,83.44181823730469,-8.699772834777832,0.030012646690011024,1995.6607666015625,46.961822509765625,-8.250216484069824,0.025555714964866638,2804.232666015625,88.41028594970703,-8.619535446166992,0.03423880413174629,77.48185729980469,94,2.8589813709259033,1.9685900211334229,-70.75434875488281,90.3308639010441,1885.3168923095204,44.94505300911625,3.364286849687082,0.07294340431690216,0.07220461219549179,-75.55348205566406,0,7.358577251434326,0.0005379432695917785,2618.807861328125,17.153888702392578,44.94505300911625,3.364286849687082
224.1957550048828,40.271484375,-5.87656831741333,0.19507430493831635,106.60169219970703,41.008338928222656,-5.06941032409668,0.4177706241607666,142.84156799316406,45.50115203857422,-5.387136459350586,0.34593746066093445,18.253551483154297,9,2.0657129287719727,0.766845166683197,51.02372741699219,1470.3716591638854,1862.1428325176837,44.94340704166762,3.2633344211145703,0.8118534684181213,0.8064569234848022,84.22466278076172,0,7.523068428039551,0.0005501420237123966,-161.69395446777344,12.394277572631836,44.94340704166762,3.26333442111457
384466.21875,358.5281066894531,-13.962145805358887,0.0010127327404916286,306849.28125,293.7593994140625,-13.717312812805176,0.0010396722937002778,375095.71875,333.6186828613281,-13.935355186462402,0.0009659131756052375,15856.3662109375,629,2.5443732738494873,2.4107718467712402,32.37697219848633,1100.6270705779023,1928.9861125355767,44.948289569981114,3.2903809315142056,0.002382327802479267,0.0023302531335502863,48.167945861816406,0,4.230109214782715,0.00030929938657209277,383215.0625,15.266239166259766,44.94828956998111,3.2903809315141994
251.50303649902344,43.709781646728516,-6.0013580322265625,0.1887405514717102,-1.7626392841339111,40.519065856933594,99.0,99.0,-13.56680679321289,44.7011604309082,99.0,99.0,14.756834030151367,9,1.5300949811935425,1.0669894218444824,-82.37940979003906,49.39633984295216,1865.55792063231,44.943604733714636,3.367282947988455,0.2739568054676056,0.20420098304748535,-80.138916015625,0,7.638396739959717,0.0005584001773968339,-270.4117431640625,9.180569648742676,44.943604733714636,3.367282947988455
1604.0301513671875,30.08865737915039,-8.013031005859375,0.020371364429593086,1563.028564453125,45.55860137939453,-7.984917163848877,0.031654343008995056,1598.7054443359375,33.599334716796875,-8.009421348571777,0.022824015468358994,359.5942687988281,12,0.8133885264396667,0.6390248537063599,43.56917190551758,210.45927004936485,1860.0284220177928,44.94320759048945,3.3555035626125718,0.021642649546265602,0.019283318892121315,10.507587432861328,0,1.8781925439834595,0.00013730865612160414,1506.8953857421875,4.880331039428711,44.94320759048946,3.3555035626125784
258.6487731933594,44.33206558227539,-6.031775951385498,0.18613900244235992,145.40357971191406,41.027008056640625,-5.406437873840332,0.3064252734184265,190.11172485351562,77.34022521972656,-5.697522163391113,0.44180065393447876,14.411879539489746,9,1.7277381420135498,0.9772201776504517,-87.40990447998047,555.0076277403459,1871.7378243769083,44.94407954892814,3.3303006476113355,0.8167958855628967,0.8153783679008484,-82.5655517578125,0,7.76889705657959,0.0005679961759597063,-16.487058639526367,10.36642837524414,44.94407954892813,3.3303006476113293
30349.74609375,160.75900268554688,-11.205388069152832,0.0057524130679667,12702.3974609375,71.83482360839844,-10.259714126586914,0.006141566205769777,29559.953125,166.16893005371094,-11.176759719848633,0.006104862783104181,438.9803771972656,410,4.735422611236572,3.249354362487793,53.00655746459961,1403.1973945216523,1932.8338773728185,44.948579902257514,3.268243259866264,0.021760424599051476,0.02038138546049595,57.373130798339844,0,10.876753807067871,0.0007953489548526704,29576.443359375,28.41253662109375,44.948579902257514,3.2682432598662636
634.5691528320312,66.89250183105469,-7.006197452545166,0.11447965353727341,353.6375732421875,41.73689270019531,-6.371396064758301,0.12817153334617615,672.3965454101562,85.40382385253906,-7.069063663482666,0.1379372775554657,22.036569595336914,26,3.477391004562378,1.1740236282348633,-8.318072319030762,803.576243301628,1871.5017336669416,44.94407176151806,3.3121177739268677,0.33121398091316223,0.32966339588165283,-16.85091209411621,19,12.109848976135254,0.0008854169864207506,315.1652526855469,20.86434555053711,44.94407176151806,3.3121177739268672
562.0906982421875,63.01887130737305,-6.874516010284424,0.12175703048706055,287.1153869628906,41.56378936767578,-6.145141124725342,0.1572130173444748,403.17449951171875,66.10343170166016,-6.513732433319092,0.1780577003955841,21.301137924194336,17,2.219315767288208,1.548729419708252,-15.733663558959961,1337.1211970012703,1877.88394043486,44.94455583848087,3.2730828979202498,0.5079880356788635,0.5054821968078613,-14.930150985717773,2,11.107901573181152,0.0008122581639327109,113.85536193847656,13.315895080566406,44.94455583848087,3.2730828979202498
509.9327392578125,61.33273696899414,-6.768782138824463,0.13061988353729248,229.4584197998047,41.37201690673828,-5.901760101318359,0.19580893218517303,275.05145263671875,83.9831771850586,-6.098535060882568,0.33159515261650085,17.272382736206055,10,1.59843111038208,0.8945410251617432,-17.961313247680664,932.1472702646446,1874.2172236120082,44.944275043338045,3.3027119023890346,0.38854798674583435,0.3849976658821106,-78.83441162109375,2,7.144095420837402,0.0005223590414971113,246.4287567138672,9.59058666229248,44.944275043338045,3.302711902389034
4411.4833984375,49.037776947021484,-9.111461639404297,0.012071908451616764,3326.69677734375,50.60429382324219,-8.805032730102539,0.01651976816356182,5074.953125,59.13055419921875,-9.263580322265625,0.0126534728333354,391.0709228515625,31,3.2577826976776123,0.5134214758872986,-12.181818962097168,1810.6146627285561,1878.6472893193302,44.944622685263965,3.2384350686571697,0.04540737718343735,0.0364922359585762,-12.858901023864746,19,7.732240676879883,0.0005654833512380719,4326.25439453125,19.546695709228516,44.94462268526395,3.2384350686571652
2390.328369140625,33.86018371582031,-8.446144104003906,0.015383726917207241,2268.120361328125,47.68669509887695,-8.389164924621582,0.022832894697785378,2278.984375,38.47545623779297,-8.394352912902832,0.018334634602069855,501.56182861328125,13,1.7390666007995605,0.3917801082134247,-7.261866569519043,1819.3118524565346,1876.8517950772355,44.94449141898348,3.2377987355169835,0.026537181809544563,0.01997230388224125,-9.379627227783203,3,4.905095100402832,0.00035872618900611997,2123.530517578125,10.434399604797363,44.94449141898348,3.2377987355169835
2134.491943359375,100.29763793945312,-8.323236465454102,0.051030050963163376,959.325439453125,43.69268798828125,-7.4549150466918945,0.049462106078863144,1745.0238037109375,97.41471099853516,-8.104503631591797,0.06062517687678337,35.77195739746094,89,3.4212985038757324,2.0916521549224854,-29.641895294189453,230.55918622574484,1904.0027549465447,44.94642732134897,3.3540285854324194,0.1768171787261963,0.17341499030590057,-30.106117248535156,0,11.658782958984375,0.0008523224387317896,595.6859741210938,20.527790069580078,44.94642732134897,3.3540285854324194
19743.5390625,206.35072326660156,-10.73856258392334,0.011350390501320362,3857.080810546875,52.02983856201172,-8.965646743774414,0.014649526216089725,18441.490234375,212.56082153320312,-10.66448974609375,0.012517483904957771,101.50940704345703,568,6.780234336853027,4.700510501861572,35.40243148803711,487.1971548522265,1958.657777705798,44.9504390486652,3.335251543654079,0.06856600195169449,0.06665069609880447,34.38492202758789,0,16.321767807006836,0.0011932449415326118,15945.6376953125,40.68140411376953,44.9504390486652,3.335251543654079
1574.2154541015625,74.4091796875,-7.9926605224609375,0.051332470029592514,1098.0943603515625,44.158260345458984,-7.601599216461182,0.043671898543834686,1359.8125,75.37765502929688,-7.83369779586792,0.06019957363605499,47.865665435791016,60,2.1812832355499268,1.9300553798675537,-87.84871673583984,714.1881782264131,1907.8521459048677,44.94672927394711,3.318653018362529,0.12142439186573029,0.12115403264760971,41.69587707519531,0,6.959966659545898,0.0005088629550300539,1149.378662109375,13.087699890136719,44.94672927394711,3.318653018362529
6253.7900390625,103.06061553955078,-9.490358352661133,0.01789695955812931,3739.39306640625,51.704246520996094,-8.932003021240234,0.015016022138297558,6010.830078125,107.01658630371094,-9.447336196899414,0.019335102289915085,143.7089385986328,160,2.8656654357910156,2.708303928375244,71.74859619140625,128.8059799992293,1922.3139971622315,44.94776288261095,3.361468679563175,0.04557458683848381,0.04514772444963455,25.562198638916016,0,5.8260273933410645,0.00042590315570123494,5815.09912109375,17.193992614746094,44.94776288261097,3.361468679563182
510.03887939453125,59.73627471923828,-6.769008159637451,0.12719343602657318,267.03924560546875,41.49711608886719,-6.066437721252441,0.16876120865345,295.097900390625,60.97099304199219,-6.174915313720703,0.2243814617395401,18.976964950561523,21,1.9141197204589844,1.548316240310669,3.2169129848480225,170.57792378930998,1898.5781031659076,44.94602748341933,3.3584162023113557,0.35642009973526,0.35568809509277344,-30.68473243713379,0,10.311189651489258,0.0007537987548857927,58.039756774902344,11.484718322753906,44.94602748341933,3.3584162023113557
935.8487548828125,58.07543182373047,-7.428014278411865,0.06739328056573868,745.050048828125,43.01095199584961,-7.180463790893555,0.06269363313913345,815.5753784179688,56.90914535522461,-7.278660297393799,0.07577881217002869,50.5482177734375,36,1.6997135877609253,1.4341963529586792,-55.2595100402832,1326.438269155176,1904.3082729858454,44.94648980977787,3.2738621333253817,0.12165969610214233,0.12112341821193695,-63.741188049316406,0,5.499814987182617,0.00040216470370069146,723.0104370117188,10.198281288146973,44.94648980977786,3.2738621333253763
210.93190002441406,36.20379638671875,-5.8103556632995605,0.18639817833900452,299.42572021484375,41.55735397338867,-6.190722942352295,0.15072615444660187,385.24957275390625,68.02041625976562,-6.46435546875,0.1917462795972824,26.797500610351562,9,1.3609158992767334,0.6928317546844482,50.705039978027344,887.5067270507349,1899.8087221305464,44.946146792926456,3.3059751008003,0.40545448660850525,0.4034428894519806,-78.40885162353516,2,5.355722904205322,0.0003915884008165449,313.6033020019531,8.165494918823242,44.946146792926456,3.3059751008003
508.0106201171875,59.407127380371094,-6.764681816101074,0.12699761986732483,321.1056213378906,41.61350631713867,-6.266619682312012,0.1407395750284195,533.8810424804688,77.31797790527344,-6.818611145019531,0.1572772115468979,18.589534759521484,21,2.195319175720215,1.3508105278015137,-50.76526641845703,387.5025465514651,1907.6287946871362,44.9466997120967,3.3425490729697738,0.5024031400680542,0.5001968145370483,-65.80192565917969,0,10.3143310546875,0.0007540581282228231,353.89398193359375,13.171915054321289,44.94669971209671,3.3425490729697804
347.8938293457031,50.101287841796875,-6.353616714477539,0.15639828145503998,200.3504180908203,41.27486038208008,-5.7544755935668945,0.22373050451278687,147.5716552734375,52.842403411865234,-5.422507286071777,0.38887447118759155,22.007219314575195,14,1.8790191411972046,1.1695301532745361,-63.898258209228516,1079.0213116309367,1907.4556750871022,44.946712898729345,3.291963662125883,0.36754703521728516,0.3646708130836487,-67.69486236572266,0,8.871771812438965,0.0006486938218586147,-34.22965621948242,11.274114608764648,44.94671289872936,3.291963662125889
1907.91796875,89.05058288574219,-8.201398849487305,0.05068820342421532,1033.8275146484375,43.92724609375,-7.536120414733887,0.04614404961466789,1498.1937255859375,86.15882110595703,-7.938920021057129,0.06245419383049011,41.11810302734375,74,2.416717290878296,2.2848331928253174,-49.46522903442383,1179.5996457371994,1924.9330026550856,44.94799530659507,3.2846035944320726,0.14330968260765076,0.14242622256278992,7.397124767303467,2,9.337515830993652,0.000682759506162256,1127.7794189453125,14.500303268432617,44.94799530659506,3.284603594432067
945.5452270507812,69.36557006835938,-7.439205646514893,0.07966938614845276,633.332275390625,42.71258544921875,-7.0040788650512695,0.0732409656047821,761.2889404296875,67.33473205566406,-7.203873634338379,0.09605488181114197,35.52544021606445,40,1.9329843521118164,1.7850351333618164,-76.3358383178711,995.5558998422433,1919.2764103522652,44.947575461890466,3.2980687335553442,0.18156465888023376,0.18114367127418518,-31.66640281677246,0,8.115509986877441,0.0005933822249062359,569.8071899414062,11.597906112670898,44.947575461890466,3.298068733555344
584.9974365234375,57.04889678955078,-6.917884826660156,0.10590662062168121,396.4507751464844,41.862491607666016,-6.4954729080200195,0.11467418074607849,460.53656005859375,62.92569351196289,-6.658160209655762,0.14838626980781555,30.862674713134766,25,2.1212165355682373,1.417243242263794,-72.68424224853516,1839.4199234486098,1921.6054757534084,44.94776776435622,3.236323468875506,0.24379310011863708,0.2421143352985382,-21.12126350402832,0,10.385407447814941,0.0007595085189677775,85.48798370361328,12.727298736572266,44.94776776435622,3.2363234688755065
9578.6123046875,89.90132141113281,-9.953256607055664,0.010192795656621456,7694.244140625,61.44990921020508,-9.715415000915527,0.008673314936459064,9278.48046875,90.3383560180664,-9.918692588806152,0.010573655366897583,423.3629455566406,128,2.172865629196167,2.0583629608154297,48.18840408325195,1827.5932276991366,1941.0469191727082,44.94919062424228,3.2371873565735023,0.019232410937547684,0.019124655053019524,64.53323364257812,0,4.129745960235596,0.00030201420304365456,9297.28515625,13.037193298339844,44.94919062424226,3.2371873565734965
273.8544006347656,44.4949836730957,-6.093799114227295,0.17644979059696198,237.5777587890625,41.38324737548828,-5.939514636993408,0.18916840851306915,265.3487243652344,50.299041748046875,-6.059542655944824,0.20586027204990387,19.345457077026367,11,1.5007184743881226,0.8614082336425781,-41.29195022583008,1889.1051310129735,1921.1186638033355,44.947733034773066,3.232687375926776,0.4140520691871643,0.41022640466690063,-46.038230895996094,0,6.789372444152832,0.0004965291591361165,179.42547607421875,9.004310607910156,44.947733034773066,3.2326873759267762
2271.057861328125,68.31594848632812,-8.390570640563965,0.032668087631464005,1785.60205078125,46.2275276184082,-8.129461288452148,0.02811550162732601,2095.968994140625,71.86239624023438,-8.303462028503418,0.0372345969080925,94.28736114501953,66,2.0403051376342773,1.7747325897216797,1.8880000114440918,112.38035627664131,1934.1479042560454,44.94862827963151,3.362668674408473,0.06298809498548508,0.06246962398290634,29.949440002441406,0,5.0470356941223145,0.00036895289667882025,2100.239501953125,12.241830825805664,44.94862827963151,3.3626686744084724
6017.22607421875,52.699317932128906,-9.448491096496582,0.009511269629001617,5282.8896484375,55.740234375,-9.307178497314453,0.01145848073065281,5941.9873046875,57.53046417236328,-9.434829711914062,0.010514678433537483,638.297119140625,30,2.67407488822937,0.5241824984550476,-6.983504772186279,1687.8916722708502,1922.342545492656,44.94781869589626,3.2474122511591785,0.02556191012263298,0.01955472119152546,-4.837779998779297,16,7.072706699371338,0.000517222797498107,5247.5791015625,16.044448852539062,44.94781869589625,3.247412251159174
914.6630249023438,70.35478210449219,-7.403152942657471,0.08353381603956223,615.1044311523438,42.60757827758789,-6.972372055053711,0.07522597908973694,674.414306640625,68.60426330566406,-7.072317123413086,0.11047249287366867,30.551137924194336,39,1.9880162477493286,1.807263970375061,44.84413528442383,767.7093114171442,1942.8261149766888,44.9492912667725,3.3147343425307843,0.20863914489746094,0.20727816224098206,46.186927795410156,0,9.354620933532715,0.0006839398993179202,267.8796691894531,11.92809772491455,44.9492912667725,3.3147343425307843
9525.251953125,139.9835205078125,-9.94719123840332,0.015959903597831726,4051.27685546875,52.56705093383789,-9.018980026245117,0.014091314747929573,9334.0009765625,147.32647705078125,-9.925169944763184,0.01714126206934452,146.15615844726562,265,3.8753745555877686,3.532493829727173,-37.40241241455078,806.7826854849121,1981.4424841934424,44.952119241367384,3.3118721564939433,0.05539220571517944,0.055044885724782944,-28.249652862548828,0,7.252689838409424,0.0005302575300447643,9502.5849609375,23.252246856689453,44.952119241367384,3.3118721564939433
10119.935546875,90.05953979492188,-10.012944221496582,0.009664553217589855,8157.2578125,62.428077697753906,-9.778860092163086,0.008311236277222633,9859.0380859375,91.57884216308594,-9.984586715698242,0.01008765958249569,435.5654602050781,127,2.1519620418548584,2.0907950401306152,-27.223438262939453,1799.990128705331,1968.6466142092452,44.9512103171668,3.2392050725606443,0.01861986704170704,0.018303530290722847,49.08679962158203,0,4.208140850067139,0.00030774122569710016,9990.447265625,12.911771774291992,44.9512103171668,3.2392050725606443
245.02735900878906,43.07593536376953,-5.973036289215088,0.19091935455799103,128.00416564941406,41.064308166503906,-5.268060207366943,0.34839367866516113,88.11323547363281,56.00221252441406,-4.862602710723877,0.6902300715446472,16.416181564331055,9,1.1041653156280518,0.6779394745826721,71.61503601074219,1092.5160951555426,1944.7678392991247,44.94944449735493,3.29097281945203,0.24973610043525696,0.2479843944311142,83.75499725341797,1,5.146139621734619,0.0003762746637221426,231.32675170898438,6.6249918937683105,44.94944449735493,3.29097281945203
4255.474609375,46.00307846069336,-9.072369575500488,0.011740016750991344,3424.19775390625,50.882225036621094,-8.836397171020508,0.016137531027197838,4198.259765625,51.304901123046875,-9.057673454284668,0.013271480798721313,656.689208984375,25,2.7922680377960205,0.41283953189849854,12.594916343688965,949.131258531563,1952.4061936205514,44.949998916816185,3.3014617574246077,0.03778008744120598,0.02850489877164364,14.431729316711426,16,6.407080173492432,0.00046845487668178976,3502.828125,16.75360870361328,44.94999891681617,3.3014617574246015
757.796142578125,57.474937438964844,-7.198881149291992,0.08236750960350037,575.89501953125,42.55750274658203,-6.900858402252197,0.08025325834751129,605.3092041015625,57.83108139038086,-6.9549431800842285,0.10375615209341049,38.545204162597656,31,1.6803034543991089,1.5012840032577515,-53.61945724487305,852.7753106108363,1965.9754262062208,44.9509887839364,3.308509254599885,0.1510448008775711,0.15015563368797302,-59.36942672729492,0,6.401941299438477,0.0004680660495068878,599.7775268554688,10.081820487976074,44.95098878393641,3.3085092545998913
563.8826293945312,59.748043060302734,-6.877971649169922,0.11507070809602737,328.84161376953125,41.81185531616211,-6.29246711730957,0.13808372616767883,448.1236572265625,58.02230453491211,-6.628494739532471,0.14061346650123596,25.05277442932129,20,2.1377270221710205,1.2044914960861206,49.582210540771484,395.25232683419523,1970.5251580909999,44.95130376715245,3.3419754246775617,0.34283432364463806,0.3388512134552002,41.71205139160156,2,9.501852989196777,0.000694640155415982,315.6598815917969,12.826362609863281,44.95130376715245,3.3419754246775617
716.927734375,69.63420867919922,-7.138688564300537,0.10548169165849686,402.02044677734375,41.92774200439453,-6.510620594024658,0.11326172202825546,466.5834045410156,73.94691467285156,-6.672323226928711,0.1721157431602478,25.633407592773438,26,2.6185662746429443,1.6249127388000488,27.867557525634766,1081.4625781031593,1971.0393604306732,44.951367128052176,3.291778961268706,0.3005531430244446,0.2995948791503906,23.010774612426758,2,11.949922561645508,0.0008737403550185263,-17.022397994995117,15.711397171020508,44.951367128052176,3.291778961268706
28775.28515625,223.56207275390625,-11.14754867553711,0.00843739416450262,3652.1201171875,51.50907897949219,-8.906362533569336,0.015316817909479141,27269.169921875,247.47584533691406,-11.089179992675781,0.00985577329993248,136.46640014648438,748,9.14949893951416,4.651584625244141,11.817834854125977,198.64251682695652,2029.654872944084,44.955622731063,3.356348869279616,0.0697750374674797,0.06637665629386902,4.229026794433594,0,24.640361785888672,0.0018012323416769505,20046.298828125,54.896995544433594,44.95562273106299,3.356348869279609
2167.362060546875,102.7884292602539,-8.339828491210938,0.05150419473648071,943.0560302734375,43.641300201416016,-7.436343669891357,0.050256241112947464,1836.609130859375,103.09528350830078,-8.160041809082031,0.06096097081899643,42.004981994628906,81,3.5055782794952393,2.266425609588623,27.979270935058594,638.561083066094,1986.5837127358805,44.95248919097555,3.3241769392703144,0.16925139725208282,0.16746848821640015,19.392940521240234,2,13.51690673828125,0.000988207058981061,1312.8367919921875,21.033470153808594,44.95248919097555,3.3241769392703144
268.4541015625,45.01853942871094,-6.072175025939941,0.18211729824543,58.36381912231445,40.86180877685547,-4.4153594970703125,0.7603327631950378,67.15159606933594,39.47298049926758,-4.567640781402588,0.6383713483810425,12.932662963867188,10,1.9883545637130737,0.5860452651977539,49.869266510009766,1370.2988511466294,1972.3658642850364,44.95147265801202,3.2706467799877794,0.4567567706108093,0.4529782831668854,40.37089538574219,0,6.442162990570068,0.0004710627254098654,-288.1006164550781,11.930127143859863,44.95147265801203,3.2706467799877847
2368.415283203125,106.26819610595703,-8.436144828796387,0.04872762784361839,1022.5576782226562,43.96641159057617,-7.524219512939453,0.04669421166181564,1992.980712890625,102.18841552734375,-8.248757362365723,0.055683739483356476,43.69955825805664,92,2.891580104827881,2.7288999557495117,11.137126922607422,747.5813127433798,1992.206328468688,44.95290490880569,3.3162016790715376,0.17526626586914062,0.1743323653936386,53.73906707763672,2,10.975513458251953,0.0008024256676435471,1591.260009765625,17.34947967529297,44.95290490880569,3.3162016790715376
438.75372314453125,57.106075286865234,-6.6055521965026855,0.14134854078292847,316.3306884765625,41.61342239379883,-6.2503533363342285,0.1428637057542801,374.8497009277344,61.94944763183594,-6.434642791748047,0.1794775277376175,15.612288475036621,17,2.049262762069702,1.4499064683914185,73.20645141601562,552.7310929386783,1985.9025995762088,44.952435908693516,3.3304551670375964,0.3522416651248932,0.35173138976097107,61.880943298339844,2,10.324423789978027,0.0007547941640950739,64.10298919677734,12.295576095581055,44.952435908693516,3.330455167037596
381.9602355957031,50.75608825683594,-6.455045223236084,0.14431113004684448,286.2761535644531,41.54523849487305,-6.141963005065918,0.15760351717472076,321.43988037109375,44.95943069458008,-6.267749309539795,0.1518975794315338,22.945146560668945,13,1.4993445873260498,1.0200443267822266,-61.66945266723633,1576.4818024995473,1994.7608909721844,44.95311702254699,3.2555584025892785,0.45845893025398254,0.4542708098888397,-35.18521499633789,3,6.36008358001709,0.00046508005470968783,104.09496307373047,8.99606704711914,44.95311702254699,3.255558402589278
1663.1866455078125,90.62335205078125,-8.052352905273438,0.05917373299598694,908.2776489257812,43.57637023925781,-7.3955464363098145,0.052102942019701004,1051.405029296875,83.69754028320312,-7.554425239562988,0.08645148575305939,35.967193603515625,66,2.5293102264404297,2.0832319259643555,-79.49330139160156,2036.0697730875734,2017.4215538888361,44.95478448105427,3.2219237722859977,0.15116192400455475,0.1500699818134308,80.05004119873047,18,9.969158172607422,0.0007290742360055447,-795.0834350585938,15.175861358642578,44.95478448105427,3.2219237722859977
7694.6640625,66.69149780273438,-9.715474128723145,0.009412622079253197,4979.9580078125,54.92591857910156,-9.243063926696777,0.01197792124003172,8594.9150390625,85.54126739501953,-9.835603713989258,0.010808462277054787,531.5198974609375,60,4.436213970184326,0.8851948380470276,10.880209922790527,363.8631420483625,2006.3963037897329,44.953927909320484,3.3442673659100386,0.0375964380800724,0.03167063742876053,15.875872611999512,3,11.875991821289062,0.0008681836188770831,9040.8818359375,26.61728286743164,44.953927909320484,3.344267365910039
935.7230834960938,75.4665756225586,-7.427868366241455,0.08758649230003357,527.3269653320312,42.32247543334961,-6.805200099945068,0.08716074377298355,774.8294677734375,70.21957397460938,-7.223015308380127,0.0984196662902832,24.905963897705078,36,2.3955209255218506,1.55233633518219,8.250029563903809,1822.8444947991545,2006.76419740523,44.954000789845026,3.2375293694032776,0.26769334077835083,0.2671848237514496,49.161808013916016,2,11.555642127990723,0.0008450538734905422,504.1951904296875,14.373125076293945,44.954000789845026,3.2375293694032776
4374.56005859375,45.017738342285156,-9.102335929870605,0.011175813153386116,2983.385986328125,49.75200653076172,-8.686773300170898,0.018110523000359535,6133.47412109375,60.746604919433594,-9.469265937805176,0.010755863972008228,869.5352783203125,12,1.1422584056854248,0.4369772970676422,25.000986099243164,349.5909043898326,2000.3973466371376,44.953488205119164,3.345311909581412,0.017722608521580696,0.007865908555686474,25.653820037841797,3,3.227872848510742,0.00023597065592184663,5897.4326171875,6.853550434112549,44.95348820511915,3.345311909581405
325.4454650878906,48.6381950378418,-6.281195640563965,0.16230393946170807,219.14987182617188,41.30592346191406,-5.851852893829346,0.2046920359134674,183.70401000976562,72.29332733154297,-5.660296440124512,0.42737528681755066,15.634967803955078,13,2.3974688053131104,0.9502387046813965,78.0254898071289,1794.8129565412191,2007.4287410516179,44.95404889384885,3.239580665121056,0.39800381660461426,0.3943440318107605,89.08233642578125,0,9.03400993347168,0.000660644203890115,19.806795120239258,14.38481330871582,44.95404889384885,3.2395806651210557
472.8970947265625,55.59537124633789,-6.686916828155518,0.12767380475997925,304.3526611328125,41.54217529296875,-6.208442687988281,0.14823199808597565,325.7869567871094,62.10440444946289,-6.282334327697754,0.20702296495437622,22.329570770263672,20,2.010277032852173,1.4856618642807007,70.34889221191406,1926.3080403754827,2011.380344888807,44.95434052904081,3.2299572808653396,0.30728158354759216,0.305055171251297,57.060272216796875,0,9.859671592712402,0.000721047748811543,-136.9949188232422,12.061662673950195,44.95434052904083,3.2299572808653436
245.6979217529297,43.14516067504883,-5.976003646850586,0.19070427119731903,103.0453109741211,40.88435745239258,-5.032570838928223,0.43088239431381226,85.82308959960938,52.990970611572266,-4.834010124206543,0.670544445514679,13.238844871520996,9,1.7229887247085571,1.249711036682129,67.10617065429688,494.2767516660508,2003.9563888738899,44.95375491183552,3.334728863770389,0.8381515145301819,0.829459547996521,-63.13601303100586,0,8.781258583068848,0.000641963561065495,-59.88712692260742,10.337932586669922,44.95375491183552,3.334728863770389
469.9374694824219,54.557403564453125,-6.680099964141846,0.12607920169830322,272.12615966796875,41.51401901245117,-6.086925983428955,0.16567397117614746,378.9060363769531,54.05228042602539,-6.446328639984131,0.1549217253923416,21.26698112487793,17,2.347062110900879,0.9408034682273865,14.38988971710205,1659.3460585101166,2005.5288174134162,44.953907041791304,3.2494939494044326,0.3713785707950592,0.36643409729003906,9.401988983154297,2,8.893186569213867,0.0006503236945718527,-90.19546508789062,14.082372665405273,44.95390704179129,3.2494939494044277
5279.2666015625,56.34986114501953,-9.30643367767334,0.01159175205975771,3702.5009765625,51.656494140625,-8.92123794555664,0.015151637606322765,7967.27001953125,72.41716766357422,-9.753273963928223,0.009871015325188637,651.90576171875,44,4.51951265335083,0.5358574390411377,14.5502290725708,389.45706778619945,2012.5851622539872,44.954382001954926,3.34239471659144,0.05739668384194374,0.007803776767104864,13.863779067993164,19,9.316158294677734,0.0006810506456531584,6659.78759765625,27.117076873779297,44.954382001954926,3.3423947165914396
3148.01220703125,41.87169647216797,-8.745091438293457,0.014444881118834019,2458.302978515625,48.124855041503906,-8.476588249206543,0.021260028705000877,2576.98095703125,45.680206298828125,-8.527777671813965,0.01925070583820343,337.39605712890625,16,1.8481431007385254,0.41905122995376587,21.43035888671875,354.27063870122305,2002.5857616619776,44.953648586192266,3.3449693892494334,0.03224964067339897,0.025660371407866478,25.928993225097656,3,5.236080169677734,0.00038277875864878297,4882.07568359375,11.088858604431152,44.95364858619228,3.34496938924944
2500.0537109375,73.56279754638672,-8.494873046875,0.031954992562532425,1860.4755859375,46.46449279785156,-8.174059867858887,0.027122333645820618,2360.988037109375,78.8671646118164,-8.432734489440918,0.03627707436680794,87.68099975585938,75,2.133514165878296,2.0336194038391113,62.413330078125,705.0367968373782,2032.9457201760986,44.95588512860629,3.3193095620591104,0.06744631379842758,0.06692072004079819,54.07294845581055,0,5.447587013244629,0.0003982646740041673,2051.041015625,12.801084518432617,44.95588512860629,3.319309562059111
3757.875,48.319576263427734,-8.937355995178223,0.013964024372398853,2407.97216796875,48.07587432861328,-8.45412826538086,0.021682308986783028,5459.29150390625,80.9357681274414,-9.342841148376465,0.01610030233860016,335.7933654785156,33,4.24360990524292,0.5280439853668213,14.843506813049316,395.2607862346062,2014.4011237445743,44.95451516746044,3.341970025473051,0.0903567224740982,0.08001483976840973,14.516448974609375,19,8.959182739257812,0.0006549545796588063,5463.203125,25.461658477783203,44.95451516746044,3.341970025473051
2497.0791015625,35.430233001708984,-8.49358081817627,0.015408895909786224,2356.4609375,47.996158599853516,-8.43065071105957,0.022119538858532906,2433.6494140625,41.46769332885742,-8.465644836425781,0.018504684790968895,486.461669921875,15,2.1864700317382812,0.37675973773002625,23.471290588378906,2003.2620421613442,2020.5212639455588,44.95501085364283,3.2243246271959625,0.041100651025772095,0.03226962685585022,24.952301025390625,3,5.403110027313232,0.00039514145464636385,1957.932861328125,13.118820190429688,44.95501085364283,3.2243246271959625
2591.00048828125,43.04377365112305,-8.533668518066406,0.018041500821709633,1894.9671630859375,46.552696228027344,-8.19400405883789,0.026679210364818573,2816.909423828125,54.212928771972656,-8.624432563781738,0.020900651812553406,186.10116577148438,28,3.0406575202941895,0.55069500207901,11.66251277923584,424.89462679724437,2022.3894625254025,44.955101125600756,3.3398016827204513,0.06942926347255707,0.05996442958712578,11.798229217529297,3,7.736573219299316,0.0005655779386870563,1843.5718994140625,18.243946075439453,44.955101125600756,3.3398016827204513
517.6910400390625,52.150672912597656,-6.785176753997803,0.1094004437327385,345.04681396484375,41.69278335571289,-6.344695091247559,0.13122382760047913,364.46075439453125,60.0463752746582,-6.40412712097168,0.1789228618144989,28.119850158691406,14,1.8770322799682617,1.4665350914001465,-86.14971923828125,52.585703461739136,2026.4061126684837,44.95537794059025,3.367031247685135,0.29231056571006775,0.2891158163547516,-81.798095703125,3,9.935698509216309,0.0007262885919772089,253.02606201171875,11.26219367980957,44.95537794059025,3.367031247685135
1973.406005859375,36.08110046386719,-8.238040924072266,0.019856063649058342,2210.701416015625,47.382259368896484,-8.36132526397705,0.02327638491988182,2515.512939453125,47.605342864990234,-8.501565933227539,0.02055223099887371,268.06866455078125,19,2.3273863792419434,0.505001962184906,10.178876876831055,408.7547874087164,2017.9325154255241,44.95477422003346,3.340982666539578,0.048641953617334366,0.03986682742834091,13.154542922973633,19,6.4702677726745605,0.00047300473670475185,2192.73974609375,13.96431827545166,44.95477422003346,3.3409826665395777
4406.34716796875,64.0814208984375,-9.110197067260742,0.015793677419424057,1942.3177490234375,46.66470718383789,-8.220800399780273,0.02609144151210785,4124.86474609375,71.19509887695312,-9.038524627685547,0.018744342029094696,207.1561737060547,56,5.147523880004883,0.6107693910598755,9.75888729095459,440.127459463722,2025.5229494855932,44.95533112195901,3.3386871800249187,0.07998937368392944,0.011021459475159645,9.614124298095703,19,10.62161636352539,0.0007764886831864715,1490.6337890625,30.885143280029297,44.955331121959,3.338687180024911
211.15113830566406,33.74282455444336,-5.811483383178711,0.17354728281497955,189.57876586914062,41.23884963989258,-5.694474220275879,0.2362363189458847,218.2875518798828,40.8083610534668,-5.847572326660156,0.203025221824646,23.060916900634766,9,1.6924066543579102,0.4958312511444092,12.921342849731445,616.3214653171226,2015.686521475449,44.954618436597684,3.325800646628488,0.4077664911746979,0.40298140048980713,5.494919776916504,16,5.454144477844238,0.0003987395321018994,93.2336654663086,10.154439926147461,44.954618436597684,3.325800646628488
2333.083251953125,39.546630859375,-8.419825553894043,0.01840810477733612,2211.29150390625,47.535823822021484,-8.361615180969238,0.023345589637756348,2616.013671875,48.57475662231445,-8.544099807739258,0.020165102556347847,247.61058044433594,23,2.4362633228302,0.5196181535720825,13.408066749572754,413.6059416345785,2019.3992151651285,44.95488177936188,3.340627684512147,0.04881786182522774,0.040876928716897964,15.68813419342041,19,6.717848300933838,0.0004911041469313204,2313.06103515625,14.61758041381836,44.95488177936188,3.3406276845121465
1749.6959228515625,68.39844512939453,-8.107406616210938,0.042453497648239136,1300.8671875,44.88941955566406,-7.785582542419434,0.03747493401169777,1688.1103515625,71.53466796875,-8.068502426147461,0.046019889414310455,56.30533218383789,59,2.124551296234131,1.782507300376892,37.35886001586914,767.1221146292996,2034.2406228847149,44.95598224600197,3.3147679597254296,0.09906802326440811,0.09774134308099747,32.34474563598633,0,6.62436056137085,0.0004843030765186995,1572.8204345703125,12.747307777404785,44.95598224600197,3.314767959725429
985.325927734375,72.90804290771484,-7.483949661254883,0.08035730570554733,559.3950805664062,42.41141128540039,-6.869296550750732,0.08233678340911865,627.5960693359375,59.832122802734375,-6.994200706481934,0.10353424400091171,34.98652267456055,33,1.7622665166854858,1.5348869562149048,-65.42707061767578,1239.914009885225,2043.8903674922765,44.95670419739699,3.280179655888436,0.16980019211769104,0.1681411862373352,-77.03397369384766,0,6.072653293609619,0.00044401473132893443,393.9012451171875,10.573598861694336,44.95670419739699,3.280179655888436
1910.75634765625,37.842044830322266,-8.20301342010498,0.021507954224944115,1895.3387451171875,46.53972244262695,-8.19421672821045,0.02666654624044895,1955.083984375,44.13484573364258,-8.227913856506348,0.024515796452760696,216.7012939453125,22,1.7126597166061401,0.6241533160209656,28.517375946044922,2019.3647237807866,2027.925068919235,44.95555301595633,3.223145520850204,0.04071155562996864,0.03366822749376297,24.261627197265625,3,6.166887283325195,0.000450998661108315,1725.947998046875,10.275958061218262,44.95555301595632,3.2231455208501996
1298.796142578125,28.874427795410156,-7.783852577209473,0.024143610149621964,1298.02783203125,44.807647705078125,-7.783210277557373,0.03748849034309387,1307.101318359375,35.74598693847656,-7.790772914886475,0.02969941310584545,227.6186065673828,12,1.5068933963775635,0.44210124015808105,28.868385314941406,2013.845623275977,2025.3273501328429,44.95536279432579,3.223549658248926,0.03752106428146362,0.032084956765174866,27.606945037841797,3,4.296424388885498,0.00031420731102116406,1246.7947998046875,9.041360855102539,44.95536279432579,3.2235496582489267
1625.576171875,30.176067352294922,-8.027518272399902,0.020159749314188957,1620.3895263671875,45.803504943847656,-8.024048805236816,0.030697930604219437,1634.14794921875,35.63315200805664,-8.033228874206543,0.02368059940636158,280.2992248535156,12,1.8468581438064575,0.3598897159099579,23.75965690612793,2009.9111660060364,2023.5304899173948,44.95523121434596,3.2238377548890074,0.046102408319711685,0.03830926492810249,23.39202880859375,3,4.843480587005615,0.00035421462962403893,1344.7115478515625,11.081149101257324,44.95523121434596,3.2238377548890074
753.9085083007812,62.648677825927734,-7.193296432495117,0.09024498611688614,-350.48516845703125,37.75707244873047,99.0,99.0,193.9681854248047,22.62982940673828,-5.719326019287109,0.12670116126537323,23.24797821044922,6,1.7111423015594482,0.28867506980895996,90.0,22.03122952444185,2046.456286294367,44.95684387884319,3.3692634923752274,0.25274524092674255,0.04083095118403435,90.0,18,4.160238265991211,0.00030410310137085617,-1668.434814453125,10.266853332519531,44.95684387884319,3.3692634923752274
327.44476318359375,44.58339309692383,-6.287845134735107,0.14786483347415924,235.67247009277344,41.455989837646484,-5.930772304534912,0.19103293120861053,228.10784912109375,43.18072509765625,-5.895350456237793,0.20557937026023865,35.135093688964844,14,1.4789999723434448,0.9051374793052673,-87.8165054321289,782.1071176460828,2035.784579913534,44.95609580622965,3.3136716521991527,0.23707786202430725,0.2350694239139557,72.52657318115234,0,5.093977451324463,0.0003724187263287604,99.06217193603516,8.87399959564209,44.95609580622965,3.3136716521991527
308.1147155761719,47.7833366394043,-6.221781253814697,0.16842007637023926,170.67172241210938,41.127803802490234,-5.580403804779053,0.2617000341415405,172.0661163330078,44.498817443847656,-5.589238166809082,0.2808555066585541,21.26144790649414,12,1.4781017303466797,1.0620472431182861,62.52518844604492,849.2048633081263,2032.8357727786642,44.95588241652409,3.308763701838415,0.35039767622947693,0.34635937213897705,32.38163375854492,0,6.150758266448975,0.0004496868059504777,12.463748931884766,8.868610382080078,44.955882416524105,3.3087637018384215
4638.43505859375,85.83818817138672,-9.165928840637207,0.02009735442698002,3160.26171875,50.16166687011719,-8.749307632446289,0.017237676307559013,4471.0478515625,91.8692855834961,-9.126023292541504,0.022314690053462982,122.5797348022461,113,2.6136348247528076,2.178809404373169,57.24070358276367,118.42874488717091,2055.2081862302016,44.957489145706255,3.362212491999959,0.048957761377096176,0.047871772199869156,71.62991333007812,0,6.050975322723389,0.00044231920037418604,3961.052978515625,15.681808471679688,44.957489145706255,3.362212491999959
1621.2113037109375,79.28006744384766,-8.024599075317383,0.05310729891061783,1035.39013671875,43.96196746826172,-7.537760257720947,0.04611082747578621,1514.080078125,80.89053344726562,-7.950372219085693,0.058020126074552536,41.33441925048828,64,2.306602954864502,2.0777862071990967,24.655197143554688,2015.0000557209446,2047.0842514283122,44.95695526477108,3.223463397818245,0.14853119850158691,0.14786387979984283,23.510101318359375,0,8.494236946105957,0.00062119698850438,1234.4329833984375,13.839617729187012,44.95695526477107,3.2234633978182408
283.43377685546875,46.41294479370117,-6.131128787994385,0.17783504724502563,140.80015563964844,40.94758224487305,-5.37150764465332,0.31583115458488464,115.57923126220703,32.86511993408203,-5.157199382781982,0.3088056445121765,14.2527437210083,5,1.4211115837097168,0.4117772579193115,53.19881820678711,1201.6366369480015,2043.1930695059884,44.9566520351685,3.2829801456634438,0.5002985596656799,0.49472513794898987,60.50539779663086,2,4.538149833679199,0.0003318132075946778,68.93313598632812,8.5266695022583,44.956652035168496,3.282980145663438
264.65240478515625,42.64604568481445,-6.056689739227295,0.17499786615371704,254.35330200195312,41.45492935180664,-6.013593673706055,0.1769980937242508,287.24700927734375,49.040855407714844,-6.145638942718506,0.18540965020656586,20.205564498901367,11,1.762281894683838,1.0289006233215332,-4.968918323516846,1411.5144074609973,2035.9180487640213,44.95612541521797,3.2676253525911303,0.46547380089759827,0.46218475699424744,-9.564207077026367,0,8.053262710571289,0.0005888580344617367,67.71131896972656,10.573691368103027,44.95612541521797,3.2676253525911303
38976.38671875,275.7741394042969,-11.477004051208496,0.007683901581913233,6046.3662109375,57.58708953857422,-9.453736305236816,0.010343332774937153,37064.15625,280.8622741699219,-11.422385215759277,0.008229417726397514,160.26229858398438,1064,11.992036819458008,4.551633834838867,79.33631134033203,1454.2531263128894,2214.2767378909134,44.969180300350835,3.2644818711896946,0.06235136091709137,0.05832349509000778,79.42412567138672,0,20.744178771972656,0.0015167127130553126,25688.478515625,71.95222473144531,44.969180300350835,3.2644818711896946
6050.5244140625,77.87791442871094,-9.454482078552246,0.013978195376694202,4957.5146484375,55.00071716308594,-9.238160133361816,0.012048532254993916,5892.44384765625,81.46981048583984,-9.425738334655762,0.015015198849141598,286.6304016113281,98,2.0738306045532227,1.9109456539154053,-84.43415069580078,1715.001323533253,2065.274897826245,44.958281226269065,3.245416152500304,0.025944840162992477,0.02582709863781929,58.56236267089844,0,4.031129837036133,0.0002947767497971654,5929.78662109375,12.442983627319336,44.958281226269065,3.245416152500304
1058.5118408203125,60.34840774536133,-7.561739444732666,0.061915576457977295,839.707275390625,43.37389373779297,-7.310319900512695,0.056095801293849945,870.2129516601562,62.2584228515625,-7.349063873291016,0.07769666612148285,42.312110900878906,40,1.8013288974761963,1.5067694187164307,56.631839752197266,365.43183741074273,2056.875800687183,44.95762260384814,3.3441470727226914,0.10974583029747009,0.10926753282546997,27.843761444091797,0,5.855157852172852,0.0004280259890947491,978.859619140625,10.807973861694336,44.95762260384814,3.344147072722691
376.4842224121094,53.324283599853516,-6.439366817474365,0.15381832420825958,189.27731323242188,41.22195053100586,-5.692746639251709,0.2365155965089798,161.86407470703125,52.56904983520508,-5.522876262664795,0.3527032732963562,22.509315490722656,14,2.1175031661987305,0.9363337755203247,60.7458610534668,313.3954706915649,2052.1720096509594,44.9572760193208,3.347953515145628,0.49420496821403503,0.48847195506095886,80.47196197509766,0,8.03311824798584,0.0005872349720448256,71.59724426269531,12.705018997192383,44.95727601932079,3.347953515145621
578.841064453125,63.22988510131836,-6.906398296356201,0.11862955242395401,345.1268615722656,41.70875930786133,-6.34494686126709,0.13124366104602814,406.9015808105469,58.48701477050781,-6.523723602294922,0.15609891712665558,20.83934211730957,24,2.0150985717773438,1.2767807245254517,-66.08323669433594,2015.3310945555402,2056.862568603426,44.95767096626912,3.2234383724930784,0.3382384181022644,0.3374796211719513,-64.795654296875,1,9.603861808776855,0.0007023422513157129,14.474736213684082,12.090591430664062,44.95767096626912,3.2234383724930784
262.85968017578125,44.39380645751953,-6.049309730529785,0.18341220915317535,137.7082977294922,41.0809440612793,-5.347400188446045,0.32397398352622986,124.75000762939453,46.51490020751953,-5.240101337432861,0.40493127703666687,17.125856399536133,6,1.193697214126587,0.5108757615089417,-64.5929946899414,1506.3041872041579,2047.9576432467595,44.95700901987559,3.260688647071171,0.44786760210990906,0.44211360812187195,-56.028648376464844,2,4.564137935638428,0.00033373775659129024,218.20062255859375,7.1621832847595215,44.95700901987559,3.2606886470711713
828.730712890625,64.60586547851562,-7.2960333824157715,0.08466196060180664,562.6976928710938,42.46845626831055,-6.875688076019287,0.08196362107992172,767.7599487304688,70.67073822021484,-7.213063716888428,0.09996408969163895,31.321134567260742,35,2.2071428298950195,1.6843762397766113,5.100255489349365,133.75482205680885,2066.576433369692,44.9583219050869,3.361090306498822,0.23703600466251373,0.23674403131008148,16.311857223510742,0,8.900583267211914,0.0006506206118501723,407.7458190917969,13.242856979370117,44.95832190508689,3.3610903064988147
2567.642333984375,95.2027587890625,-8.523836135864258,0.04026658833026886,1242.13916015625,44.60591125488281,-7.7354254722595215,0.03899886831641197,2228.533447265625,99.7525863647461,-8.370047569274902,0.048611029982566833,44.46849822998047,98,3.7241029739379883,1.9859025478363037,14.696236610412598,109.00714772561041,2083.9469736793,44.95959201488014,3.3628982240898138,0.13938812911510468,0.13539333641529083,12.709060668945312,0,12.606565475463867,0.0009215109748765826,1035.380126953125,22.34461784362793,44.95959201488014,3.3628982240898133
248686.453125,294.07122802734375,-13.489130020141602,0.001284192781895399,198863.171875,237.69879150390625,-13.24638557434082,0.0012980829924345016,242546.4375,272.4803466796875,-13.461987495422363,0.0012200288474559784,10755.705078125,489,2.488982915878296,2.3372204303741455,29.32373809814453,799.1461420324184,2132.9082815662314,44.963204853317905,3.3124152507494276,0.002970282919704914,0.0029002272058278322,44.02980422973633,0,4.21898078918457,0.0003084351192228496,248124.640625,14.933897018432617,44.963204853317905,3.3124152507494276
475.3130798339844,58.76008605957031,-6.692449569702148,0.13425561785697937,293.851806640625,41.64910888671875,-6.170320987701416,0.15392428636550903,775.0343017578125,143.60215759277344,-7.223302364349365,0.20121940970420837,15.432655334472656,19,3.3654394149780273,1.0106135606765747,55.899208068847656,575.4057255448812,2086.911284727031,44.9598297646752,3.3287858786165616,0.7865849733352661,0.7819101810455322,60.40464401245117,3,11.049405097961426,0.0008077635429799557,289.4952392578125,20.192636489868164,44.95982976467519,3.3287858786165545
3247.77001953125,40.14830017089844,-8.778963088989258,0.013424920849502087,3838.67236328125,52.01881408691406,-8.960453033447266,0.014716658741235733,3852.453125,45.2265510559082,-8.964343070983887,0.012749288231134415,724.9293823242188,19,1.156100869178772,0.6322133541107178,-24.598543167114258,1167.5258977001959,2073.3854032114696,44.95886083143732,3.2854727996863264,0.014668356627225876,0.012940563261508942,-33.47252655029297,3,2.3653550148010254,0.0001729424693621695,3847.70556640625,6.936605453491211,44.95886083143732,3.2854727996863264
422.0499572753906,47.85126876831055,-6.563409805297852,0.1231287345290184,366.7991638183594,41.748992919921875,-6.411070823669434,0.12360826134681702,413.08538818359375,49.060791015625,-6.540099620819092,0.1289806365966797,23.837242126464844,18,1.5116076469421387,1.204726219177246,33.66118240356445,1555.4811361353889,2078.6152818598166,44.95925408320417,3.2570876064104928,0.2634459137916565,0.26257774233818054,44.5933723449707,0,8.070834159851074,0.0005901525146327913,244.7308349609375,9.069645881652832,44.959254083204165,3.2570876064104874
1054.674560546875,80.95989990234375,-7.557796001434326,0.08336453139781952,529.6605224609375,42.36102294921875,-6.809994220733643,0.08685576170682907,703.9822387695312,58.906070709228516,-7.118904113769531,0.09087160229682922,30.988128662109375,23,2.1020877361297607,1.2057344913482666,15.664979934692383,1193.2282841075735,2079.561742554427,44.959313656059386,3.2835918298346978,0.23973919451236725,0.23818480968475342,-12.94119930267334,2,7.5868659019470215,0.0005547144101001322,498.836669921875,12.612525939941406,44.95931365605939,3.2835918298347035
771.6556396484375,65.91584014892578,-7.2185587882995605,0.09276755154132843,535.4219970703125,42.37977600097656,-6.821740627288818,0.08595918864011765,631.9619140625,65.83695220947266,-7.001727104187012,0.11313803493976593,29.873050689697266,33,2.0530459880828857,1.6061272621154785,1.897204041481018,944.3326939884902,2082.197127630777,44.95949855173453,3.301799900166245,0.23931871354579926,0.23785549402236938,10.169727325439453,0,10.878945350646973,0.0007953672320581973,332.8218688964844,12.318275451660156,44.95949855173451,3.3017999001662393
230.93601989746094,41.35993957519531,-5.908729076385498,0.19449929893016815,154.48065185546875,41.12129211425781,-5.472185134887695,0.28908294439315796,112.90243530273438,37.50933837890625,-5.131758213043213,0.36079949140548706,16.351476669311523,9,2.291271924972534,0.4577888250350952,26.010923385620117,1401.8034351890715,2075.343250227159,44.959010765909426,3.268332250775198,0.39111971855163574,0.3871498107910156,43.6721305847168,16,6.108035564422607,0.0004466128011699766,-265.0356140136719,13.747631072998047,44.959010765909426,3.268332250775198
2981.234375,35.54977035522461,-8.685990333557129,0.012950021773576736,2983.27099609375,49.725345611572266,-8.686731338500977,0.018101515248417854,2951.87548828125,38.7581672668457,-8.67524528503418,0.014259195886552334,596.9806518554688,12,1.6080087423324585,0.3607737720012665,-23.312829971313477,1163.7380014259095,2075.1491139233954,44.95898980336965,3.285749749566778,0.023360449820756912,0.01698935776948929,-22.09842872619629,3,4.518038272857666,0.0003303349076304585,2896.93017578125,9.648052215576172,44.95898980336963,3.2857497495667722
18581.232421875,106.57757568359375,-10.672686576843262,0.006229040212929249,15024.5537109375,76.07706451416016,-10.442004203796387,0.005498977843672037,18144.27734375,103.62303161621094,-10.646849632263184,0.0062022097408771515,829.687744140625,159,2.164980173110962,2.089905023574829,33.245086669921875,1995.9769920048836,2115.736114393904,44.961979643671064,3.2248499786811085,0.012304170988500118,0.0121525339782238,46.234188079833984,0,4.126004219055176,0.00030173006234690547,18272.67578125,12.98988151550293,44.961979643671064,3.224849978681109
1713.796875,78.70907592773438,-8.084897994995117,0.04987642168998718,1051.4713134765625,43.95280838012695,-7.554493427276611,0.04539615288376808,1650.7410888671875,78.03600311279297,-8.044197082519531,0.05133882164955139,42.33641815185547,59,2.3662099838256836,1.9003030061721802,42.41028594970703,508.26735327907,2102.843143979542,44.96099301917335,3.3336948783968663,0.1509353518486023,0.14928534626960754,39.24149703979492,2,8.217962265014648,0.0006007573683746159,1129.1715087890625,14.197259902954102,44.96099301917335,3.333694878396866
760.1423950195312,71.07833862304688,-7.202237606048584,0.10154817998409271,395.9322814941406,41.845130920410156,-6.494052410125732,0.11477673053741455,779.1649780273438,90.05242919921875,-7.229073524475098,0.12551505863666534,27.30230712890625,14,1.5588462352752686,0.8444451093673706,4.391628742218018,575.2660067281222,2087.4694858394273,44.95987061293411,3.3287960384826563,0.3852468729019165,0.3827696442604065,48.32440185546875,3,6.851803779602051,0.0005008977605029941,752.5302734375,9.353076934814453,44.95987061293411,3.3287960384826567
2339.915283203125,123.56745910644531,-8.42300033569336,0.057350050657987595,539.0516357421875,42.3297233581543,-6.829075813293457,0.08527955412864685,1721.9456787109375,137.302001953125,-8.090048789978027,0.08659388870000839,29.271282196044922,47,3.274895668029785,2.0613317489624023,-2.586646318435669,1565.8706158897455,2109.9841837211707,44.96155021896003,3.2563245887537615,0.3141162395477295,0.31187376379966736,-14.488656997680664,2,15.582538604736328,0.0011394075118005276,1683.20263671875,19.64937400817871,44.96155021896002,3.256324588753756
866.7545166015625,68.92762756347656,-7.344740390777588,0.08636286854743958,538.5087890625,42.32795715332031,-6.827981948852539,0.08536195009946823,761.322265625,73.3870849609375,-7.203921318054199,0.10468415170907974,29.503541946411133,37,2.288961410522461,1.794076681137085,8.14444351196289,196.51344896590652,2102.6850545986126,44.960967579740476,3.3564962752056062,0.24931994080543518,0.24815982580184937,84.78324127197266,0,10.891228675842285,0.0007961302762851119,373.8905944824219,13.733768463134766,44.960967579740476,3.3564962752056062
400.3421325683594,45.725563049316406,-6.506078243255615,0.12403880804777145,312.924072265625,41.60213088989258,-6.238597393035889,0.14437979459762573,305.78997802734375,43.049354553222656,-6.213558197021484,0.15288794040679932,26.654884338378906,17,1.236771583557129,1.1619340181350708,4.701042652130127,1620.934796932292,2102.014852417378,44.96096821181129,3.2522961741893757,0.18665562570095062,0.18587736785411835,42.72651290893555,0,5.396990776062012,0.0003946390934288502,277.5346374511719,7.420629501342773,44.960968211811306,3.25229617418938
1403.4906005859375,92.3791275024414,-7.868023872375488,0.07148158550262451,613.822998046875,42.57266616821289,-6.9701080322265625,0.0753212496638298,996.2476196289062,91.46511840820312,-7.495918273925781,0.09970524907112122,26.597055435180664,60,2.6133909225463867,2.4506008625030518,-67.15296936035156,900.3392526383802,2124.683929012849,44.96260657889541,3.3050138281082755,0.24168945848941803,0.24082447588443756,-54.24675369262695,0,13.856278419494629,0.0010130117880180478,983.0592651367188,15.68034553527832,44.962606578895425,3.3050138281082813
239.63201904296875,42.48356246948242,-5.948862075805664,0.19253332912921906,107.27066040039062,41.07443618774414,-5.076202392578125,0.4158344864845276,74.25917053222656,40.72282791137695,-4.676875114440918,0.5955492258071899,13.664115905761719,9,1.8964918851852417,0.6856738328933716,0.0019844386260956526,1109.7659033130687,2110.2941286422515,44.96156038487669,3.2896948376990003,0.5907923579216003,0.5849711894989014,-12.627817153930664,16,6.80963134765625,0.0004978696233592927,-223.60165405273438,11.378951072692871,44.9615603848767,3.2896948376990065
421.5585632324219,51.00426483154297,-6.562144756317139,0.1313948631286621,308.0269775390625,41.63312530517578,-6.221471786499023,0.1467844694852829,401.96270751953125,52.263427734375,-6.510464191436768,0.14120236039161682,25.446496963500977,18,1.8692479133605957,1.107061743736267,28.031469345092773,1671.7386970548046,2122.1807447848014,44.96244525565224,3.248576914947526,0.29395249485969543,0.2925403118133545,-19.224023818969727,0,8.607425689697266,0.0006293950718827546,245.9093475341797,11.215487480163574,44.96244525565224,3.2485769149475257
453.15576171875,55.2137451171875,-6.640618801116943,0.13232122361660004,243.63723754882812,41.45088195800781,-5.966859340667725,0.18476508557796478,245.59112548828125,56.9666862487793,-5.975531578063965,0.25190576910972595,22.82364845275879,13,1.5467851161956787,1.0193508863449097,-4.369111061096191,472.92885371659463,2120.338452766338,44.96227195945038,3.3362776929098716,0.3151107132434845,0.3147657811641693,14.925271987915039,0,7.505404949188232,0.0005486588925123215,285.15948486328125,9.280710220336914,44.9622719594504,3.336277692909878
326.2749938964844,49.721309661865234,-6.28395938873291,0.16549642384052277,59.78705978393555,40.786376953125,-4.4415178298950195,0.7408627271652222,24.416759490966797,45.50212860107422,-3.4692201614379883,2.02382755279541,14.195173263549805,11,1.791662335395813,0.9014939069747925,-27.33303451538086,1658.1331026800938,2122.6840435823615,44.96248179622059,3.2495724389948326,0.3201977610588074,0.24714112281799316,-84.82859802246094,0,7.59718132019043,0.0005555216921493411,-225.13442993164062,10.749974250793457,44.96248179622059,3.249572438994833
470.77886962890625,54.89381408691406,-6.682042598724365,0.12662990391254425,268.0744323730469,41.45317077636719,-6.070638656616211,0.16793149709701538,324.5134582519531,55.706268310546875,-6.278081893920898,0.18642371892929077,22.75397491455078,20,2.3434557914733887,1.0192339420318604,-51.01601791381836,2009.8114881601177,2140.315890588714,44.96377881281061,3.2238354714821105,0.40827643871307373,0.40517765283584595,-37.21803283691406,0,9.251545906066895,0.0006765502039343119,-513.6190185546875,14.060734748840332,44.96377881281061,3.22383547148211
262.0447692871094,41.916236877441406,-6.045938968658447,0.17371471226215363,200.4791259765625,41.25941467285156,-5.7551727294921875,0.22350318729877472,177.417724609375,66.12792205810547,-5.62249231338501,0.40477874875068665,22.915874481201172,11,2.2206952571868896,0.7379825711250305,69.85635375976562,474.1010283950026,2141.5746987831053,44.96382620530273,3.336189632533279,0.41035085916519165,0.4093751013278961,-16.132871627807617,2,7.653102397918701,0.000559450127184391,133.816162109375,13.32417106628418,44.96382620530273,3.336189632533279
215.8000030517578,38.36309051513672,-5.8351287841796875,0.19305984675884247,264.10894775390625,41.3608512878418,-6.054457664489746,0.17007331550121307,272.19866943359375,49.99126052856445,-6.087214946746826,0.1994517743587494,20.843679428100586,9,2.0787484645843506,0.5228315591812134,-46.24453353881836,528.2394283397529,2139.307265152024,44.9636625393678,3.3322301178580043,0.3504367172718048,0.3481471836566925,-26.554306030273438,3,6.218896389007568,0.00045461393892765045,166.0023651123047,12.472490310668945,44.9636625393678,3.3322301178580047
243.66378784179688,41.398109436035156,-5.966977596282959,0.1845097541809082,239.76364135742188,41.327171325683594,-5.949458122253418,0.18718978762626648,248.44512939453125,64.01312255859375,-5.988076210021973,0.279813289642334,17.767942428588867,10,1.9489247798919678,0.6471074223518372,-59.46860122680664,529.3905773931476,2140.3164635568214,44.96373644618012,3.3321458107605695,0.3336222767829895,0.33065351843833923,-68.49443817138672,3,6.705059051513672,0.0004901530337519944,234.45260620117188,11.693548202514648,44.96373644618012,3.33214581076057
1071.13525390625,56.39557647705078,-7.574610710144043,0.05717821046710014,907.6702880859375,43.46907424926758,-7.394820213317871,0.05200943350791931,1025.7777099609375,61.01213836669922,-7.527633190155029,0.0645940974354744,50.158424377441406,38,1.81951904296875,1.476939082145691,32.622257232666016,1397.0020781609076,2151.0936696824006,44.96455473344521,3.268676522831334,0.11296454071998596,0.11166523396968842,64.99409484863281,0,5.875006675720215,0.00042955842218361795,726.177978515625,10.9171142578125,44.96455473344521,3.268676522831334
238.55001831054688,42.35633850097656,-5.943948745727539,0.19282741844654083,131.11769104003906,41.05881118774414,-5.294153213500977,0.34007516503334045,118.56620025634766,31.865741729736328,-5.184902191162109,0.2918723523616791,14.945253372192383,9,1.2180598974227905,0.6777531504631042,-25.05624771118164,589.5061122445703,2143.4497855929626,44.96396822950352,3.327748456864507,0.3347257673740387,0.33247989416122437,-58.542572021484375,0,5.409010410308838,0.0003954140411224216,19.61579704284668,7.308359146118164,44.96396822950352,3.3277484568645073
281.5774230957031,42.032745361328125,-6.12399435043335,0.1621137112379074,218.9878692626953,41.32124328613281,-5.85105037689209,0.20491941273212433,187.15338134765625,43.804019927978516,-5.68049430847168,0.2541827857494354,24.39607810974121,12,1.752281665802002,0.8475196361541748,-0.23722268640995026,1326.342432322391,2145.394461401001,44.96413571176961,3.273846771483742,0.28418785333633423,0.2828390598297119,-39.681121826171875,0,7.2820844650268555,0.0005324308876879513,-50.38990783691406,10.513689994812012,44.96413571176961,3.2738467714837416
574.3610229492188,64.53775787353516,-6.89796257019043,0.12202778458595276,233.42115783691406,41.35354995727539,-5.920350551605225,0.1923988312482834,336.5008239746094,83.88902282714844,-6.317465305328369,0.27073776721954346,17.847078323364258,13,2.0929110050201416,0.8786458373069763,-72.13591766357422,521.3542670033994,2156.988641255432,44.964956269271184,3.3327317868346467,0.4890957772731781,0.4855599105358124,-62.61767578125,0,8.110603332519531,0.0005928953760303557,293.22576904296875,12.557466506958008,44.964956269271184,3.332731786834646
1712.5477294921875,91.69100189208984,-8.0841064453125,0.058145198971033096,760.9573364257812,43.031494140625,-7.203400611877441,0.06141237914562225,1648.5653076171875,95.06404876708984,-8.042765617370605,0.06262388080358505,37.569034576416016,53,3.0377228260040283,1.8107231855392456,15.981452941894531,102.98302581998603,2174.6543383378576,44.96623010664447,3.363328227732013,0.24725341796875,0.24344664812088013,9.654998779296875,2,13.761153221130371,0.0010058640036731958,1314.646240234375,18.226337432861328,44.96623010664447,3.363328227732013
455.9970703125,57.86360168457031,-6.64740514755249,0.13780762255191803,259.6170959472656,41.36170959472656,-6.035833358764648,0.17301948368549347,317.7552185058594,68.84175872802734,-6.255231857299805,0.23528221249580383,19.135051727294922,18,2.1862552165985107,1.1568050384521484,16.955928802490234,552.1603479920255,2170.108497578099,44.965917719632934,3.330477145669355,0.3973114490509033,0.39502227306365967,3.638828754425049,0,9.521377563476562,0.000696025148499757,197.48272705078125,13.117530822753906,44.965917719632934,3.330477145669355
303.9953918457031,48.03227996826172,-6.207167625427246,0.1715915948152542,126.72879791259766,41.01213073730469,-5.257188320159912,0.35145264863967896,61.170562744140625,46.678199768066406,-4.46635627746582,0.8287078142166138,16.364280700683594,11,1.9234673976898193,0.8950620293617249,25.027185440063477,1143.0931865561117,2174.444528539289,44.96625640677091,3.287250438331128,0.37018242478370667,0.36797022819519043,-67.99382019042969,0,7.84562873840332,0.0005736011080443859,-204.9241180419922,11.540803909301758,44.966256406770924,3.287250438331134
12662.484375,145.400146484375,-10.25629711151123,0.012470266781747341,4162.3701171875,52.93205261230469,-9.048351287841797,0.013810452073812485,12150.3837890625,157.8164825439453,-10.211475372314453,0.014105619862675667,134.77297973632812,320,5.796563625335693,2.943448781967163,-56.836483001708984,29.5184789291893,2234.62986665479,44.97061549394435,3.3686937010977744,0.05847618728876114,0.05436110123991966,-61.70955276489258,16,14.403749465942383,0.0010527893900871277,5250.34375,34.779380798339844,44.97061549394435,3.368693701097774
934.2369384765625,63.158939361572266,-7.426142692565918,0.07341885566711426,683.4878540039062,42.85895919799805,-7.086826801300049,0.06809898465871811,725.5882568359375,60.32969284057617,-7.151725769042969,0.09029645472764969,41.504329681396484,38,1.998214840888977,1.337058186531067,34.1245231628418,195.76053994827308,2181.1114697478865,44.96670713355711,3.356542326478424,0.13702388107776642,0.1363660842180252,52.25554656982422,0,6.5335235595703125,0.0004775715933647007,535.7924194335938,11.989289283752441,44.96670713355711,3.3565423264784244
377.41400146484375,52.49668884277344,-6.442045211791992,0.15105800330638885,223.1686553955078,41.319339752197266,-5.871582984924316,0.20107127726078033,172.6898193359375,58.77409362792969,-5.593166828155518,0.36961451172828674,17.14879608154297,9,1.6049634218215942,0.6946886777877808,-79.37890625,627.3141798045714,2182.689904647809,44.96684153347519,3.324978825131006,0.3794998824596405,0.37850379943847656,68.78145599365234,2,6.299839496612549,0.00046053138794377446,108.97704315185547,9.629780769348145,44.96684153347519,3.324978825131006
329.5802307128906,49.20732116699219,-6.294902801513672,0.1621430665254593,120.48493957519531,40.95914840698242,-5.202332019805908,0.3691883385181427,101.8701171875,43.909263610839844,-5.020116806030273,0.46810057759284973,16.936525344848633,13,1.2930457592010498,1.2149548530578613,17.02755355834961,1316.265702411937,2179.6727450751723,44.96664413425379,3.2745807614388838,0.27531543374061584,0.27428698539733887,51.814456939697266,0,7.491647243499756,0.0005477427039295435,48.49253463745117,7.758274555206299,44.966644134253805,3.27458076143889
655.9722900390625,63.72753143310547,-7.0422139167785645,0.105504609644413,435.3052978515625,41.974708557128906,-6.59698486328125,0.10471854358911514,463.8210144042969,52.737911224365234,-6.6658759117126465,0.1234816238284111,26.859355926513672,24,1.6351089477539062,1.2921359539031982,66.80301666259766,1204.1948581499644,2192.9432552228145,44.96761209718916,3.2827785856583094,0.23563829064369202,0.2330288141965866,55.04154968261719,2,6.259254455566406,0.00045762251829728484,289.9651794433594,9.810653686523438,44.96761209718916,3.2827785856583094
652.656494140625,54.52029037475586,-7.036711692810059,0.09072005748748779,514.578857421875,42.327369689941406,-6.778629779815674,0.08933037519454956,635.5778198242188,71.56588745117188,-7.0079216957092285,0.12228330224752426,38.66362762451172,27,1.9131829738616943,1.3213073015213013,24.37301254272461,1082.382225229694,2201.1618958997087,44.96820979724129,3.291689158806963,0.19936059415340424,0.1992146223783493,-11.1060791015625,0,8.025676727294922,0.0005867487634532154,592.2157592773438,11.479097366333008,44.96820979724129,3.2916891588069626
529.305908203125,60.31080627441406,-6.809267044067383,0.12374231219291687,298.4320068359375,41.60132598876953,-6.1871137619018555,0.1513880491256714,494.26318359375,57.2803955078125,-6.734895706176758,0.12585705518722534,19.41878890991211,17,2.3520591259002686,1.1068778038024902,72.62874603271484,1663.5240965915666,2205.495933225963,44.96854262740405,3.2491706094938295,0.6026290059089661,0.598200798034668,88.21646881103516,2,9.661116600036621,0.0007064149831421673,129.8822479248047,14.112354278564453,44.968542627404034,3.2491706094938246
250.01766967773438,42.60454177856445,-5.994926929473877,0.18506105244159698,161.02749633789062,41.07950210571289,-5.517250061035156,0.2770479619503021,152.97129821777344,62.51045227050781,-5.461524963378906,0.4437848925590515,18.906160354614258,6,1.6713215112686157,0.5696998834609985,-57.8001823425293,1746.5368877862716,2203.6126253911348,44.968406541670625,3.2430964499370614,0.5828330516815186,0.5811845064163208,-32.5931510925293,2,5.815536975860596,0.0004252383951097727,133.69064331054688,10.027929306030273,44.96840654167061,3.243096449937057
1048.25341796875,71.4318618774414,-7.551165580749512,0.07400405406951904,709.7442626953125,42.94337463378906,-7.1277546882629395,0.06570889055728912,914.2638549804688,71.1865463256836,-7.402678966522217,0.08455829322338104,36.15436553955078,44,2.157362222671509,1.7693771123886108,33.592769622802734,1857.8758428786002,2217.8222960525013,44.969448607412545,3.2349478173258324,0.19844970107078552,0.19739693403244019,48.43696594238281,0,8.918304443359375,0.0006521302275359631,487.0799865722656,12.944173812866211,44.96944860741253,3.234947817325828
1004.8497924804688,75.8106689453125,-7.505252838134766,0.08193302899599075,561.7511596679688,42.40362548828125,-6.873859882354736,0.08197640627622604,722.6034545898438,71.73341369628906,-7.147250175476074,0.10780807584524155,28.74659538269043,43,2.289337635040283,1.6549396514892578,20.221229553222656,637.7209375651074,2218.084194469075,44.9694322092812,3.3242138319523025,0.22981996834278107,0.22817791998386383,23.969924926757812,0,10.371898651123047,0.0007581961108371615,527.0300903320312,13.7360258102417,44.969432209281216,3.3242138319523087
6203.2548828125,52.043338775634766,-9.481549263000488,0.009111194871366024,5531.771484375,56.341094970703125,-9.357160568237305,0.011060910299420357,6159.31201171875,58.8895263671875,-9.473830223083496,0.010383307002484798,713.3116455078125,27,2.518674612045288,0.5413267612457275,1.8614253997802734,766.5003667070641,2223.3759425993144,44.969824469991835,3.3147937470732316,0.023339224979281425,0.018330805003643036,1.547121524810791,0,6.974494934082031,0.0005098555120639503,5751.6376953125,15.11204719543457,44.96982446999183,3.314793747073226
538.1387939453125,54.76267623901367,-6.827235698699951,0.11051473766565323,389.49310302734375,41.90214920043945,-6.476249694824219,0.11683321744203568,433.8107604980469,53.88912582397461,-6.593250751495361,0.13490580022335052,26.311296463012695,23,1.6991499662399292,1.2955994606018066,1.203620433807373,1965.5811564790981,2237.02413030304,44.97085571977188,3.227064305739216,0.24384985864162445,0.24288827180862427,1.2597625255584717,0,8.879586219787598,0.0006493119872175157,355.4814147949219,10.194899559020996,44.97085571977188,3.2270643057392165
221.41302490234375,39.73394775390625,-5.86300802230835,0.19488947093486786,185.73941040039062,41.16238784790039,-5.672260284423828,0.24067242443561554,199.414306640625,47.77556228637695,-5.749390602111816,0.2601832449436188,19.53346061706543,9,1.9180461168289185,0.946053683757782,19.18781852722168,629.6532194851405,2237.8340791304354,44.970877213918996,3.324801795552625,0.5979687571525574,0.5941857695579529,65.03948974609375,1,8.056309700012207,0.0005889177555218339,112.4373779296875,11.50827693939209,44.970877213918996,3.324801795552625
1219.3641357421875,61.309871673583984,-7.715333461761475,0.05460429564118385,952.3944702148438,43.655799865722656,-7.447041988372803,0.04978000000119209,1105.38671875,63.55514907836914,-7.608785629272461,0.06244049221277237,52.111454010009766,44,1.9271929264068604,1.5492327213287354,-63.78057861328125,745.3438897260037,2255.755626338795,44.972193255764644,3.316337821380637,0.10596423596143723,0.10555463284254074,59.21366882324219,0,5.937228202819824,0.00043401969014666975,864.69970703125,11.56315803527832,44.97219325576462,3.3163378213806247
6286.92626953125,51.88434600830078,-9.496095657348633,0.008962471969425678,6089.25244140625,57.68971633911133,-9.461409568786621,0.010288788937032223,6144.21923828125,54.21896743774414,-9.471166610717773,0.00958328414708376,1159.025146484375,26,2.1154699325561523,0.45382159948349,-65.5977554321289,197.3074612198912,2254.769209977028,44.972097519535886,3.3564206455108803,0.019416289404034615,0.013284738175570965,-65.31819152832031,0,5.83994722366333,0.0004268591001164168,5924.2744140625,12.692819595336914,44.972097519535886,3.3564206455108803
709.9459838867188,70.91267395019531,-7.128063201904297,0.10847467929124832,236.7792205810547,41.41223907470703,-5.935858726501465,0.18993934988975525,254.21615600585938,58.12582778930664,-6.013007640838623,0.24831092357635498,19.47426414489746,8,1.130947470664978,0.9993206858634949,-45.47016525268555,343.0853190840509,2253.101849194053,44.97198228147099,3.345759451199116,0.3541508913040161,0.35287556052207947,-65.82638549804688,2,5.188962459564209,0.00037928830715827644,279.4313659667969,6.785684585571289,44.97198228147099,3.345759451199115
252.03033447265625,42.929603576660156,-6.003632068634033,0.18498387932777405,222.70068359375,41.25430679321289,-5.8693037033081055,0.20117664337158203,205.20335388183594,47.44832992553711,-5.780461311340332,0.25111132860183716,15.02885913848877,10,1.515023112297058,1.1715563535690308,44.4359130859375,1113.9253119946022,2262.257753215903,44.97268194828249,3.289375556110733,0.3616164028644562,0.3602074086666107,75.28349304199219,0,7.967145919799805,0.0005824569379910827,147.43130493164062,9.09013843536377,44.97268194828249,3.2893755561107327
214.6253204345703,37.991485595703125,-5.829202175140381,0.19223618507385254,207.00035095214844,41.28120803833008,-5.7899274826049805,0.21657641232013702,362.66668701171875,73.7528305053711,-6.398769378662109,0.22085174918174744,17.57856559753418,9,1.550466775894165,0.9214329123497009,64.68766784667969,671.5721809332537,2261.015432626896,44.97257530622822,3.3217332207613186,0.2412850707769394,0.14723937213420868,65.8408432006836,16,7.141039848327637,0.0005220099119469523,123.2887954711914,9.302801132202148,44.97257530622822,3.3217332207613186
1230.5933837890625,78.85581970214844,-7.725286483764648,0.06959034502506256,723.6309814453125,42.957462310791016,-7.148792743682861,0.06446905434131622,998.16162109375,75.36775970458984,-7.498002052307129,0.08200013637542725,40.192325592041016,52,2.2423439025878906,1.8968697786331177,77.40592956542969,578.1257465811838,2283.4147205698664,44.97421070115708,3.3285656271841733,0.1877867728471756,0.18617185950279236,65.95024871826172,0,9.200947761535645,0.000672568625304848,905.397216796875,13.454063415527344,44.97421070115708,3.3285656271841733
361.6109924316406,49.953311920166016,-6.395604133605957,0.15002115070819855,177.40419006347656,41.26166915893555,-5.622409820556641,0.25258803367614746,246.72488403320312,66.51900482177734,-5.980532169342041,0.29279428720474243,19.006956100463867,8,1.423388957977295,0.7380185127258301,-66.60304260253906,893.3975892237822,2281.160381937109,44.974057835400636,3.3055055262479174,0.6216169595718384,0.6183024644851685,-56.559356689453125,2,6.112662315368652,0.0004468544793780893,204.71945190429688,8.54033374786377,44.974057835400636,3.3055055262479174
444.0997619628906,51.60499954223633,-6.618701457977295,0.12619468569755554,310.6717834472656,41.563148498535156,-6.230754375457764,0.14529024064540863,310.59417724609375,50.09708023071289,-6.230483055114746,0.17516563832759857,24.615703582763672,15,2.003610849380493,0.9572572708129883,-71.05241394042969,127.75797054680147,2287.6178073392052,44.974497933784356,3.3615030795673237,0.3134056031703949,0.31274348497390747,5.233580112457275,2,8.284372329711914,0.0006055113626644015,-32.45796585083008,12.021665573120117,44.974497933784356,3.3615030795673237
944.1371459960938,78.26236724853516,-7.437587738037109,0.09002180397510529,487.7550048828125,42.0844841003418,-6.720504283905029,0.09370226413011551,706.3151245117188,78.88079833984375,-7.122496128082275,0.12128374725580215,23.62506675720215,37,2.4545366764068604,1.9349720478057861,-21.408796310424805,799.6069294693797,2297.4477783031957,44.97524631226601,3.3123643135466216,0.2999270558357239,0.29858121275901794,-26.654687881469727,2,11.551664352416992,0.0008444362320005894,416.37786865234375,14.72722053527832,44.97524631226601,3.3123643135466216
1051.6212158203125,64.99877166748047,-7.554648399353027,0.0671236589550972,757.1905517578125,43.04986572265625,-7.198012828826904,0.06174423545598984,858.5449829101562,66.55648803710938,-7.334407806396484,0.08418935537338257,46.116703033447266,42,1.9550122022628784,1.7334465980529785,81.99935150146484,1218.9003265120014,2304.777583433027,44.97579677069573,3.281691840935887,0.1478065848350525,0.14729520678520203,-13.088981628417969,0,6.387591361999512,0.0004669822519645095,500.3097839355469,11.730072975158691,44.97579677069573,3.2816918409358875
821.00048828125,71.683837890625,-7.285858631134033,0.09482168406248093,486.7538146972656,42.143428802490234,-6.718273639678955,0.09402651339769363,710.16845703125,71.4807357788086,-7.128403663635254,0.10930939018726349,31.281774520874023,24,2.3652913570404053,1.6610088348388672,2.631605386734009,443.1524116604895,2301.4531995886186,44.97552499438884,3.338435414668953,0.32044562697410583,0.3183228373527527,-28.716035842895508,2,10.958191871643066,0.0008009890443645418,129.13783264160156,14.191747665405273,44.97552499438884,3.3384354146689534
963.48046875,78.1467056274414,-7.459607124328613,0.08808410912752151,547.050537109375,42.47934341430664,-6.845068454742432,0.08432962745428085,732.2481689453125,77.88162231445312,-7.161645889282227,0.11550652235746384,27.418292999267578,41,2.266122341156006,2.068758010864258,18.50107765197754,117.11087745410839,2312.734720614114,44.976335364484086,3.3622787265582463,0.2838156819343567,0.28351372480392456,0.2718622088432312,0,12.979724884033203,0.0009486856288276613,502.9619140625,13.596734046936035,44.97633536448407,3.3622787265582397
911.8074340820312,74.14539337158203,-7.3997578620910645,0.08831019699573517,406.4595947265625,42.02037048339844,-6.522543430328369,0.1122722253203392,526.8079223632812,78.77448272705078,-6.804130554199219,0.16239142417907715,21.048267364501953,31,3.0405166149139404,1.5704054832458496,31.02413558959961,56.266178555071306,2314.7746536544387,44.97648159741056,3.3667280406604867,0.31960615515708923,0.31643199920654297,22.171546936035156,3,13.0996675491333,0.0009574393625371158,-103.68750762939453,18.243099212646484,44.97648159741056,3.3667280406604867
271.51025390625,44.09109115600586,-6.084465503692627,0.176357701420784,225.13754272460938,41.357608795166016,-5.881119728088379,0.19949743151664734,264.29840087890625,46.223548889160156,-6.055236339569092,0.1899321973323822,20.496801376342773,11,2.1099064350128174,0.7669320106506348,74.89637756347656,694.5283106190881,2316.325701496746,44.97662373731212,3.320048174889575,0.4439893066883087,0.4415666162967682,75.47545623779297,0,7.604251384735107,0.0005558591219596565,1.0549015998840332,12.659439086914062,44.97662373731212,3.3200481748895747
331.7223815917969,40.790096282958984,-6.301937103271484,0.13353951275348663,301.2270812988281,41.563331604003906,-6.197235107421875,0.14984634518623352,430.160888671875,76.27862548828125,-6.58407735824585,0.1925758272409439,24.81831169128418,14,1.4810223579406738,1.2970932722091675,57.74092102050781,58.31419101040181,2311.5999651233924,44.976249392794,3.366578652699182,0.3358839452266693,0.33487972617149353,30.56621742248535,3,8.291010856628418,0.000605981913395226,377.6876220703125,8.886134147644043,44.976249392794,3.366578652699182
2217.52001953125,78.2623062133789,-8.364668846130371,0.0383278913795948,1469.0841064453125,45.24434280395508,-7.917616844177246,0.03344625234603882,2118.78857421875,82.3140640258789,-8.315218925476074,0.04219065234065056,65.93628692626953,76,2.4975786209106445,1.9476784467697144,24.04655647277832,447.0095671762675,2331.712143587886,44.977739403601,3.3381499014801563,0.09465378522872925,0.09422043710947037,31.88901138305664,0,7.37587308883667,0.0005391322774812579,1515.09423828125,14.985471725463867,44.977739403600985,3.3381499014801497
303.9515380859375,42.82989501953125,-6.207010746002197,0.15302856266498566,213.60720825195312,41.30327606201172,-5.824039936065674,0.20998990535736084,231.279296875,53.674251556396484,-5.910341739654541,0.25203394889831543,19.445241928100586,13,1.631003499031067,0.9769987463951111,7.653768062591553,1872.5393259720986,2315.6931102159015,44.97661117709484,3.2338663027406715,0.27265465259552,0.27010807394981384,42.16941452026367,0,7.545567989349365,0.0005517288809642196,236.00660705566406,9.78602123260498,44.97661117709485,3.233866302740676
1426.8516845703125,99.53443145751953,-7.885947227478027,0.07575727254152298,539.1320190429688,42.345462799072266,-6.829237937927246,0.08529853820800781,996.1717529296875,98.36736297607422,-7.495835781097412,0.10723748803138733,25.02779769897461,56,3.037208080291748,2.453399896621704,-69.1991958618164,896.5351082330642,2350.4864346049035,44.97913107029597,3.3052687891973607,0.2969207465648651,0.29575780034065247,-51.54911422729492,2,15.419095039367676,0.0011271444382146,597.0296630859375,18.223247528076172,44.97913107029597,3.3052687891973607
345.4470520019531,49.723670959472656,-6.345953941345215,0.15631890296936035,253.13015747070312,41.41923522949219,-6.008359909057617,0.1777002364397049,230.3931427001953,54.57978439331055,-5.9061737060546875,0.25727173686027527,20.21599006652832,10,1.5801023244857788,0.6723275780677795,-88.80933380126953,488.77783263005125,2337.025460110716,44.97813001741404,3.335094493632894,0.4398377537727356,0.4378631114959717,-75.14258575439453,2,6.147523880004883,0.00044935004552826285,113.77131652832031,9.480613708496094,44.97813001741404,3.3350944936328943
327.0872802734375,43.4559326171875,-6.286659240722656,0.14428302645683289,327.0403137207031,41.774559020996094,-6.286503314971924,0.13872042298316956,386.2669677734375,72.45306396484375,-6.46721887588501,0.20370374619960785,23.516407012939453,14,1.67470383644104,0.8121053576469421,-47.42586135864258,55.073881801324724,2346.949637927816,44.978835913465915,3.36681135472204,0.31600862741470337,0.3125137686729431,-33.859981536865234,2,6.9657301902771,0.0005091093480587006,253.06979370117188,10.048223495483398,44.97883591346589,3.366811354722026
1135.5111083984375,64.60796356201172,-7.637978553771973,0.06179089471697807,847.9103393554688,43.49045181274414,-7.3208746910095215,0.055702388286590576,948.8906860351562,65.7545394897461,-7.443040370941162,0.07525569945573807,46.80905532836914,44,1.9540865421295166,1.651733636856079,-70.51776123046875,1289.2243216267855,2359.5140917218446,44.97980430651087,3.276541767708295,0.11872867494821548,0.11846428364515305,65.83238983154297,0,7.181196212768555,0.0005249962559901178,682.2531127929688,11.724519729614258,44.97980430651087,3.276541767708295
714.0467529296875,69.10335540771484,-7.134316444396973,0.10509990155696869,380.0096740722656,41.87092208862305,-6.44948673248291,0.11965964734554291,626.8633422851562,77.2719955444336,-6.992932319641113,0.13386870920658112,24.987199783325195,25,2.9547061920166016,1.5312992334365845,-80.03113555908203,396.6550206504396,2365.1836364745873,44.980186444947456,3.3418288172320634,0.3923663794994354,0.3905881345272064,6.438043594360352,2,12.750666618347168,0.0009319723467342556,-110.13681030273438,17.72823715209961,44.980186444947456,3.3418288172320634
1484.1351318359375,81.15444946289062,-7.928683757781982,0.059383898973464966,812.543701171875,43.28742980957031,-7.274616718292236,0.05785553529858589,1349.4200439453125,84.18721771240234,-7.8253679275512695,0.06775304675102234,33.976356506347656,53,2.630112409591675,2.017099142074585,-31.422290802001953,1729.7052687167068,2368.7271234241157,44.980489312481865,3.2443133777773063,0.18784256279468536,0.18635739386081696,-1.6169501543045044,2,12.132682800292969,0.0008870807942003012,1118.7330322265625,15.78067398071289,44.980489312481865,3.2443133777773063
2323.040283203125,104.98052978515625,-8.415142059326172,0.04907743260264397,1000.8162841796875,43.82347106933594,-7.500885963439941,0.047553472220897675,2065.162353515625,104.3466796875,-8.287385940551758,0.05487243831157684,42.353851318359375,97,3.1923108100891113,2.567580223083496,-46.76925277709961,1244.4731722374572,2384.0894309738587,44.9816013191874,3.27981320403828,0.17703978717327118,0.17546069622039795,-41.97807312011719,0,11.91227912902832,0.0008708520326763391,1276.6134033203125,19.153865814208984,44.98160131918741,3.2798132040382857
38744.0546875,138.13067626953125,-11.470512390136719,0.003871817607432604,31386.05078125,101.52033996582031,-11.241841316223145,0.003512741532176733,37814.26953125,128.80087280273438,-11.44413948059082,0.003699073102325201,1696.599365234375,223,2.302180767059326,2.1311166286468506,24.079172134399414,443.68707738367243,2401.6788472533185,44.982858988471556,3.3383849534980046,0.007908893749117851,0.007736271247267723,45.049339294433594,0,4.141332149505615,0.0003026961348950863,38666.69140625,13.813084602355957,44.982858988471556,3.3383849534980046
1500.594970703125,63.83925247192383,-7.9406585693359375,0.04620129242539406,1180.2032470703125,44.39923095703125,-7.679892063140869,0.04085530713200569,1342.55419921875,65.8329849243164,-7.81982946395874,0.0532526895403862,64.1651382446289,51,1.9895261526107788,1.583527684211731,22.075162887573242,984.3448308726848,2377.1909022615005,44.98108824575448,3.298842906276406,0.08854354172945023,0.08772139251232147,27.324079513549805,0,5.0839056968688965,0.0003716392384376377,949.155517578125,11.937156677246094,44.98108824575448,3.298842906276406
5422.70947265625,45.57025909423828,-9.335540771484375,0.00912630558013916,5394.80029296875,55.946250915527344,-9.329938888549805,0.01126225758343935,5351.93408203125,43.61431121826172,-9.321276664733887,0.008850098587572575,2324.902587890625,16,0.6264777779579163,0.5716367363929749,-79.60736083984375,1857.9072958150332,2373.956143233579,44.98087443447007,3.234931923293301,0.0065482319332659245,0.0061815958470106125,6.321559429168701,0,1.2277004718780518,8.976611570687965e-05,5401.5849609375,3.758866786956787,44.98087443447007,3.234931923293301
335.61639404296875,47.82981491088867,-6.314608097076416,0.15476949512958527,234.64349365234375,41.3417854309082,-5.926021099090576,0.19134210050106049,219.30169677734375,46.44309616088867,-5.852604866027832,0.22999002039432526,19.612625122070312,14,1.914054036140442,0.8770956993103027,15.233787536621094,459.56571624674893,2368.8006345866943,44.98045389027232,3.33722739380939,0.34098687767982483,0.3371000587940216,15.14594841003418,1,7.7466607093811035,0.0005662260227836668,87.21741485595703,11.48432445526123,44.98045389027232,3.33722739380939
429.58355712890625,56.27394485473633,-6.5826191902160645,0.14226220548152924,148.83775329589844,41.022586822509766,-5.4317827224731445,0.2993227541446686,157.53848266601562,42.95471954345703,-5.493466854095459,0.2961106598377228,12.795294761657715,13,1.3141082525253296,1.0746220350265503,40.054473876953125,1270.3038824947964,2371.2363714344715,44.980661549205244,3.277924787657986,0.44966039061546326,0.44697487354278564,11.702542304992676,0,7.099325180053711,0.0005190055817365646,177.21670532226562,7.884649276733398,44.98066154920526,3.2779247876579913
234.6243438720703,41.8668098449707,-5.925932884216309,0.19378788769245148,159.65467834472656,41.12271499633789,-5.507954120635986,0.27972412109375,149.68643188476562,42.5462646484375,-5.437955856323242,0.3086802363395691,14.214068412780762,9,1.4561383724212646,0.9744728207588196,62.24937438964844,1623.068641187015,2375.2298604046837,44.980962858036804,3.2521153396732028,0.56252121925354,0.5603936314582825,-8.784924507141113,0,7.1165595054626465,0.0005203107139095664,-87.19658660888672,8.73682975769043,44.980962858036804,3.2521153396732028
550.63427734375,63.25947570800781,-6.852158069610596,0.1247648298740387,288.2135925292969,41.52012634277344,-6.149286270141602,0.15644943714141846,335.4822692871094,63.944759368896484,-6.314173698425293,0.2069975584745407,20.646425247192383,22,2.2730376720428467,1.361221432685852,-78.34465789794922,1845.5413279697445,2383.8847296026897,44.9816007358452,3.2358359319280763,0.37874796986579895,0.3746053874492645,63.210933685302734,0,10.536710739135742,0.0007704096497036517,29.13964080810547,13.638225555419922,44.9816007358452,3.2358359319280767
819.3131713867188,67.32547760009766,-7.283624649047852,0.08923995494842529,460.0134582519531,42.024654388427734,-6.656926155090332,0.09921182692050934,624.8692626953125,74.90047454833984,-6.98947286605835,0.13017429411411285,30.191951751708984,20,2.0585849285125732,0.8093990087509155,-67.87020874023438,1985.5161425118945,2464.0909002289127,44.98747205164706,3.2255860034909203,0.20727324485778809,0.20312264561653137,-66.02900695800781,3,7.167509078979492,0.0005240643513388932,808.6332397460938,12.351509094238281,44.98747205164706,3.2255860034909207
2734.9521484375,81.7919692993164,-8.592374801635742,0.03247810900211334,1801.5240478515625,46.26084899902344,-8.139100074768066,0.027887102216482162,2567.461181640625,84.81857299804688,-8.523759841918945,0.03587706387042999,75.0143051147461,83,2.6413779258728027,1.9352619647979736,53.66620635986328,188.72633945380917,2406.5160343274183,44.98320113818907,3.357030315599644,0.08190372586250305,0.08059720695018768,43.53070068359375,2,6.886660575866699,0.0005033287452533841,2487.967041015625,15.848267555236816,44.98320113818907,3.357030315599644
6218.68994140625,57.968406677246094,-9.484247207641602,0.010123304091393948,5460.85107421875,56.190528869628906,-9.343151092529297,0.011174616403877735,6136.52001953125,63.133235931396484,-9.469805717468262,0.011172895319759846,1107.755859375,43,2.4188435077667236,0.7393079996109009,-7.9393839836120605,1424.4310946670107,2391.922485188883,44.9821795058881,3.2666469784376853,0.015464934520423412,0.013783257454633713,-21.35429573059082,0,5.730371952056885,0.0004189384344499558,5777.927734375,14.5130615234375,44.9821795058881,3.2666469784376853
7296.47216796875,91.80569458007812,-9.657782554626465,0.013664272613823414,5526.052734375,56.338722229003906,-9.356037139892578,0.011071890592575073,6753.5703125,87.71435546875,-9.573833465576172,0.014104804955422878,301.642578125,115,2.253066301345825,1.9736049175262451,-17.77869415283203,1570.9620897840784,2409.5904776582115,44.98347598515655,3.255924613249136,0.024482039734721184,0.024265170097351074,44.37669372558594,0,4.167209148406982,0.00030466675525531173,7088.9580078125,13.51839828491211,44.98347598515655,3.255924613249136
395.7588806152344,53.298946380615234,-6.493576526641846,0.14625737071037292,243.9873046875,41.42042541503906,-5.968418121337891,0.1843644380569458,233.56838989257812,53.3741455078125,-5.921035289764404,0.24816852807998657,17.454248428344727,16,1.9963209629058838,1.1161952018737793,-87.9755859375,1881.1897209419712,2403.2543292058876,44.98301874292008,3.2332256372413117,0.34137117862701416,0.33991560339927673,72.0814437866211,0,8.933945655822754,0.0006532209226861596,35.069671630859375,11.977926254272461,44.983018742920066,3.233225637241307
1593.2901611328125,75.29976654052734,-8.0057373046875,0.051324956119060516,1053.3392333984375,44.04800033569336,-7.556420803070068,0.0454137921333313,1405.7239990234375,77.17845916748047,-7.869750022888184,0.059624653309583664,55.77374267578125,61,2.2049834728240967,2.012263536453247,63.93339157104492,1911.7777032625734,2418.5742941605326,44.984140294937994,3.230985976923675,0.10991065949201584,0.1095896065235138,72.8065414428711,0,7.135255336761475,0.0005217068828642368,1290.7216796875,13.229900360107422,44.984140294937994,3.2309859769236753
5122.5341796875,48.403446197509766,-9.273712158203125,0.010261745192110538,5054.02978515625,55.111610412597656,-9.25909423828125,0.01184227503836155,5081.9130859375,49.16657638549805,-9.265068054199219,0.01050685066729784,983.194091796875,25,0.9648085236549377,0.7895991802215576,-78.56120300292969,1024.0444876680822,2416.952658549849,44.98399910515007,3.295934801676217,0.011412943713366985,0.010885986499488354,-77.02144622802734,2,2.192532777786255,0.00016027501260396093,4973.3017578125,5.788851261138916,44.98399910515006,3.295934801676211
502.79656982421875,60.57051467895508,-6.753480911254883,0.1308274269104004,328.0005187988281,41.69924545288086,-6.28968620300293,0.13806496560573578,441.6339111328125,62.62324905395508,-6.612656116485596,0.15399372577667236,21.32598876953125,20,1.9789717197418213,1.4983649253845215,33.803646087646484,478.0326061093748,2412.4077697437388,44.98364554282905,3.335871853452368,0.4135429263114929,0.413189172744751,-12.771624565124512,0,10.313915252685547,0.0007538609788753092,315.5445861816406,11.873830795288086,44.98364554282905,3.335871853452368
374.0688781738281,52.047630310058594,-6.432378768920898,0.151105135679245,241.92869567871094,41.36608123779297,-5.959218502044678,0.1856892853975296,364.04803466796875,69.17163848876953,-6.402896881103516,0.2063474953174591,19.965438842773438,15,2.873284101486206,0.9497551321983337,48.425933837890625,1568.6123191271786,2422.6777035595433,44.98443356649813,3.2560953113478637,0.4434984624385834,0.43888169527053833,33.80757141113281,2,9.892403602600098,0.0007232337957248092,320.84326171875,17.239704132080078,44.98443356649813,3.2560953113478637
499945.53125,402.85406494140625,-14.247306823730469,0.0008750943816266954,399730.84375,334.52947998046875,-14.004419326782227,0.0009088591323234141,487950.21875,377.27276611328125,-14.220938682556152,0.0008396721677854657,21410.681640625,684,2.532162666320801,2.414600372314453,18.240535736083984,1719.3222021205934,2480.148961490471,44.988642165168585,3.24506298304271,0.002079952973872423,0.002042418112978339,42.35155487060547,0,4.20545768737793,0.00030746456468477845,498292.53125,15.192975997924805,44.988642165168585,3.2450629830427102
2879.979248046875,34.61245346069336,-8.648473739624023,0.013051873072981834,2786.397705078125,49.16290283203125,-8.612607955932617,0.019161267206072807,2837.424072265625,38.34870910644531,-8.63231086730957,0.014677642844617367,815.0623779296875,11,1.5927151441574097,0.326847642660141,61.53989028930664,1021.9718573682698,2412.5143134927384,44.983674269347674,3.2960868715991727,0.02579965442419052,0.018228858709335327,62.625099182128906,3,4.27393913269043,0.00031242717523127794,2512.72900390625,9.556290626525879,44.983674269347674,3.2960868715991727
446.4937744140625,53.19926834106445,-6.624538421630859,0.1293957680463791,268.17913818359375,41.59551239013672,-6.0710625648498535,0.16844235360622406,281.53582763671875,63.31300354003906,-6.123834133148193,0.244224414229393,19.509967803955078,19,2.2695555686950684,1.3900574445724487,-14.390416145324707,1425.4812069338977,2413.7569864779216,44.98377725106814,3.266568057161416,0.3617340326309204,0.35890597105026245,29.741540908813477,0,10.640031814575195,0.0007778676226735115,-70.55314636230469,13.61733341217041,44.983777251068126,3.2665680571614106
641.8192138671875,67.7940902709961,-7.018531799316406,0.11471202224493027,328.0455322265625,41.6522331237793,-6.289835453033447,0.13789039850234985,553.2823486328125,105.63650512695312,-6.857367038726807,0.20734666287899017,18.804519653320312,23,2.1211724281311035,1.70042085647583,73.919677734375,1203.6249256446213,2423.970654599513,44.98451835723918,3.2827974892096745,0.42258697748184204,0.42213883996009827,16.448503494262695,2,10.394125938415527,0.0007598451338708401,608.6117553710938,12.727034568786621,44.98451835723918,3.2827974892096745
399.4293518066406,50.29130935668945,-6.503600120544434,0.1367359757423401,317.0425720214844,41.66298294067383,-6.252793788909912,0.14271269738674164,363.5762939453125,58.103546142578125,-6.401488780975342,0.1735549122095108,20.47865867614746,17,1.9677032232284546,1.3038159608840942,-6.096490383148193,337.7407462254686,2417.225373356499,44.98399178774012,3.346131440293543,0.38794001936912537,0.3864337205886841,-54.838417053222656,0,9.590123176574707,0.000700935663189739,-5.82590389251709,11.806219100952148,44.98399178774012,3.3461314402935427
982.025146484375,77.005126953125,-7.480306625366211,0.08515827357769012,552.331787109375,42.419334411621094,-6.855500221252441,0.08340530097484589,674.1614379882812,72.99906921386719,-7.0719099044799805,0.11759348213672638,26.216501235961914,42,2.293823480606079,1.820905327796936,67.968505859375,564.0673219480867,2425.7755349368636,44.98462734817293,3.329578053074279,0.21290180087089539,0.2123085856437683,-87.55117797851562,0,11.663715362548828,0.0008525302400812507,623.6412963867188,13.762941360473633,44.98462734817294,3.329578053074285
291.22821044921875,45.10970687866211,-6.16058349609375,0.16821564733982086,190.46490478515625,41.2735710144043,-5.69953727722168,0.23533520102500916,150.5164031982422,44.799076080322266,-5.443959712982178,0.3232325315475464,19.620859146118164,12,1.8014154434204102,0.8920131325721741,-14.366743087768555,1534.1993393615926,2419.797641683147,44.984222002461266,3.258613395138086,0.3212510943412781,0.31921738386154175,-80.29804992675781,0,7.577498912811279,0.0005539868725463748,164.365966796875,10.808492660522461,44.984222002461266,3.258613395138086
253.8278045654297,43.20296096801758,-6.011347770690918,0.18484348058700562,166.52716064453125,41.09796142578125,-5.553712844848633,0.2680186629295349,150.19580078125,56.1549072265625,-5.441644668579102,0.4060315191745758,16.827058792114258,7,1.1813976764678955,0.47763288021087646,60.4798698425293,2002.7540510964152,2430.4252479199326,44.985008949096695,3.2243274594423363,0.43766409158706665,0.4362676739692688,-6.172831058502197,2,4.45436429977417,0.00032569514587521553,166.18270874023438,7.088386058807373,44.985008949096695,3.2243274594423355
1109.712158203125,91.3044662475586,-7.613025665283203,0.08935348689556122,344.9413757324219,41.70814514160156,-6.344363212585449,0.131312295794487,572.5408325195312,87.8912353515625,-6.8945159912109375,0.16671279072761536,19.6246337890625,15,1.296218752861023,1.1615173816680908,16.864025115966797,236.6546168604856,2453.8941762541613,44.986670090467555,3.353519690296141,0.4315956234931946,0.4292641580104828,-45.44240188598633,2,6.168860912322998,0.00045086044701747596,538.2540893554688,7.777312278747559,44.986670090467555,3.353519690296141
409.234375,53.06174087524414,-6.529930114746094,0.14081184566020966,277.71551513671875,41.422019958496094,-6.109000205993652,0.1619798243045807,338.22406005859375,58.3248291015625,-6.32301139831543,0.18727456033229828,27.341472625732422,17,2.150327444076538,1.2180125713348389,8.251805305480957,191.33480772735038,2439.893348580408,44.985643480114405,3.3568355783620034,0.4754035770893097,0.47203031182289124,-11.871193885803223,0,9.511629104614258,0.0006951701361685991,336.9775085449219,12.90196418762207,44.985643480114405,3.356835578362004
5789.85400390625,51.36093521118164,-9.406668663024902,0.009633745066821575,5375.72607421875,55.92264175415039,-9.326092720031738,0.01129744853824377,5698.482421875,54.594173431396484,-9.389397621154785,0.010404396802186966,685.6193237304688,28,2.2396323680877686,0.5153830051422119,-11.099567413330078,837.3940814354698,2440.3012106241877,44.98570098532448,3.3095851691433578,0.021358562633395195,0.015522832982242107,-14.181211471557617,0,6.411325454711914,0.00046864477917551994,5140.130859375,13.437793731689453,44.98570098532448,3.3095851691433578
1812.2606201171875,93.70512390136719,-8.145551681518555,0.056152939796447754,917.2676391601562,43.544677734375,-7.406239986419678,0.05155476555228233,1833.321533203125,135.49334716796875,-8.158096313476562,0.08026184886693954,43.162628173828125,76,3.6675329208374023,2.168083429336548,26.25419807434082,582.537987444564,2457.7071107276925,44.9869645629884,3.328223575395247,0.1955360621213913,0.19485770165920258,39.25188446044922,3,16.9132137298584,0.00123621488455683,1805.0435791015625,22.005197525024414,44.9869645629884,3.3282235753952465
4279.72607421875,155.0453338623047,-9.078539848327637,0.03934346139431,927.556396484375,43.63734817504883,-7.418350696563721,0.051091406494379044,3354.2724609375,142.1947021484375,-8.813996315002441,0.046037837862968445,38.91341781616211,128,5.581788063049316,2.723637104034424,64.58279418945312,1514.3526115331968,2488.7396472210166,44.98926609832537,3.260058911362101,0.2417386770248413,0.2385120540857315,80.56392669677734,2,23.39780616760254,0.0017105359584093094,1027.599609375,33.49073028564453,44.989266098325366,3.2600589113620964
90055.9921875,190.56414794921875,-12.386281967163086,0.0022980442736297846,72649.546875,147.2724151611328,-12.153081893920898,0.0022014982532709837,88013.0234375,175.95855712890625,-12.361367225646973,0.0021711671724915504,3880.576416015625,314,2.3467283248901367,2.2480931282043457,35.9980583190918,1035.2124949581575,2485.6029146836963,44.98902268201674,3.2951107570145353,0.0049865408800542355,0.004891079384833574,47.51044845581055,0,4.141646385192871,0.00030274668824858963,90067.8984375,14.08036994934082,44.98902268201673,3.295110757014529
759.677001953125,73.40679931640625,-7.201572418212891,0.1049390509724617,307.7259826660156,41.56913757324219,-6.220410346984863,0.14670220017433167,486.5025329589844,90.69316864013672,-6.717712879180908,0.2024507075548172,23.305789947509766,21,1.8781604766845703,1.4512659311294556,55.54110336303711,594.3707192246866,2458.450036375023,44.98701941400596,3.3273580761329455,0.3655775487422943,0.3648938536643982,23.798860549926758,3,9.666598320007324,0.0007065491518005729,703.1126098632812,11.268962860107422,44.98701941400595,3.327358076132939
397.14251708984375,48.26976776123047,-6.497365951538086,0.13199535012245178,302.8216552734375,41.61587905883789,-6.202967166900635,0.1492457389831543,308.1167297363281,50.41618347167969,-6.22178840637207,0.17769880592823029,24.94732093811035,17,1.72107994556427,1.142469882965088,60.81935501098633,465.57519817460064,2454.597135955414,44.98673201372746,3.3367781214871837,0.2830560803413391,0.2818058431148529,57.51875305175781,0,8.388806343078613,0.0006131373229436576,186.9347686767578,10.3264799118042,44.98673201372746,3.3367781214871837
658.5482788085938,53.80282974243164,-7.046469211578369,0.0887252688407898,596.1387939453125,42.530738830566406,-6.938368320465088,0.07747924327850342,975.0076293945312,83.96259307861328,-7.472519874572754,0.09352067857980728,33.234798431396484,27,2.4817545413970947,0.876991331577301,-55.15050506591797,1988.0056229871395,2464.3943251244214,44.98749429269219,3.2254038004696275,0.23276759684085846,0.22883595526218414,-40.811378479003906,3,8.82882308959961,0.0006455345428548753,913.500732421875,14.890527725219727,44.98749429269218,3.225403800469623
335.5501403808594,50.48869705200195,-6.314393520355225,0.16340546309947968,116.66594696044922,40.93028259277344,-5.167360305786133,0.38100481033325195,157.60733032226562,53.177490234375,-5.493940830230713,0.36642175912857056,17.968908309936523,12,2.4094953536987305,0.9327711462974548,-38.01881408691406,1004.3689000813381,2453.614615483521,44.98668106062731,3.2973702385689854,0.5679095387458801,0.5658678412437439,-63.606571197509766,0,8.972640037536621,0.0006558890454471111,-26.989593505859375,14.456972122192383,44.986681060627305,3.2973702385689796
864.4395141601562,70.65872955322266,-7.341836452484131,0.08876894414424896,479.69232177734375,42.21353530883789,-6.702406883239746,0.09556937962770462,663.4785766601562,80.24752044677734,-7.054567337036133,0.13135135173797607,25.266530990600586,37,2.3195695877075195,1.9304579496383667,14.548494338989258,1984.1375530075381,2466.430297769863,44.9876432052847,3.2256866834466367,0.217280775308609,0.21484790742397308,-2.9581823348999023,3,12.684477806091309,0.0009274442563764751,530.1539916992188,13.917417526245117,44.9876432052847,3.2256866834466367
1152.3349609375,77.99613189697266,-7.653946876525879,0.07350622862577438,581.57421875,42.652774810791016,-6.911512851715088,0.07964746654033661,633.9922485351562,53.488197326660156,-7.005209922790527,0.09162285923957825,36.75621795654297,30,1.8855136632919312,1.1385160684585571,74.71228790283203,6.139239536602163,2471.0149972731556,44.9879112575184,3.3703746314651464,0.1678672432899475,0.16488370299339294,63.10636901855469,18,6.542075157165527,0.0004781116440426558,-140.18934631347656,11.313081741333008,44.9879112575184,3.370374631465147
562.7979125976562,55.22370147705078,-6.875881195068359,0.10656212270259857,427.5499267578125,41.9648323059082,-6.57746696472168,0.10659295320510864,450.4600524902344,54.835227966308594,-6.634140491485596,0.13220052421092987,29.768877029418945,24,1.5042318105697632,1.4716044664382935,57.89146423339844,1585.7123928993674,2465.1552490572967,44.98754213004393,3.254840202926175,0.2089492380619049,0.2079557478427887,-63.828269958496094,0,8.331411361694336,0.0006090998067520559,322.85986328125,9.025390625,44.98754213004391,3.2548402029261703
584.4785766601562,57.47758102416992,-6.916921615600586,0.10679715871810913,460.0720520019531,42.10272216796875,-6.657064437866211,0.09938347339630127,716.6040649414062,79.1061019897461,-7.138198375701904,0.11988381296396255,28.330326080322266,21,1.991162896156311,1.4938970804214478,35.08214569091797,92.98468171496398,2476.406537496593,44.98831019560453,3.3640233159378723,0.3610820174217224,0.35993775725364685,22.874191284179688,2,10.33027458190918,0.0007549735601060092,502.3314208984375,11.946977615356445,44.98831019560453,3.364023315937872
415.4927062988281,55.661895751953125,-6.546408653259277,0.14548707008361816,261.5338439941406,41.39976119995117,-6.043819904327393,0.17190946638584137,226.43544006347656,47.510009765625,-5.8873610496521,0.22786128520965576,15.184835433959961,16,1.9466767311096191,0.9539453983306885,37.250099182128906,1995.6830181705034,2489.3660285196497,44.98932159476332,3.2248398107592204,0.3041090667247772,0.30264344811439514,72.44459533691406,0,8.150711059570312,0.000595947087276727,-147.2617950439453,11.680060386657715,44.9893215947633,3.224839810759212
267.3447265625,44.90011978149414,-6.067678928375244,0.1823919713497162,149.72608947753906,41.07345199584961,-5.438243865966797,0.29791581630706787,171.89663696289062,61.22900390625,-5.588168621063232,0.38682955503463745,15.408439636230469,7,1.258089542388916,0.7936376333236694,-29.489864349365234,487.5108617007848,2488.3048866811923,44.98919931413488,3.3351700073912736,0.8929908871650696,0.8891636729240417,-58.79324722290039,2,5.957326412200928,0.00043541574268601835,67.01222229003906,7.548537254333496,44.98919931413488,3.3351700073912736
1665.200439453125,66.55023193359375,-8.053666114807129,0.04340231418609619,1244.875732421875,44.62905502319336,-7.737814903259277,0.03893332928419113,1332.5421142578125,61.966609954833984,-7.811702251434326,0.05050177127122879,71.64295959472656,47,1.7181696891784668,1.6145329475402832,72.61824798583984,46.18467722379322,2499.2266240449308,44.98997746268266,3.3674428155956915,0.0767141655087471,0.07658752799034119,46.88096618652344,0,5.015414237976074,0.00036653701681643724,1184.5867919921875,10.3090181350708,44.98997746268266,3.3674428155956915
379.9380187988281,50.22229766845703,-6.449281692504883,0.1435534507036209,177.74607849121094,41.119667053222656,-5.624500274658203,0.2512345612049103,211.6642608642578,41.581363677978516,-5.8141188621521,0.2133442908525467,19.719358444213867,13,1.6892495155334473,0.7856887578964233,88.27323913574219,883.3213059170059,2495.875120782478,44.989768992911436,3.3062199207682115,0.39207571744918823,0.38523799180984497,85.57516479492188,3,6.880319118499756,0.0005029183230362833,55.59422302246094,10.135497093200684,44.989768992911436,3.306219920768212
406.1839599609375,52.40119552612305,-6.521806716918945,0.1401032656431198,321.2550354003906,41.58250427246094,-6.267124652862549,0.1405693143606186,376.0103454589844,47.94227981567383,-6.437999248504639,0.13846777379512787,22.247119903564453,17,1.8720706701278687,0.9369679689407349,29.91994285583496,519.3066530435481,2494.939080191033,44.98968609452629,3.3328438686270037,0.33708712458610535,0.33557769656181335,36.75606155395508,0,7.919809341430664,0.0005788534763269126,187.93743896484375,11.232423782348633,44.98968609452629,3.3328438686270037
66189.1015625,169.7598419189453,-12.051966667175293,0.0027853406500071287,53708.37109375,128.31260681152344,-11.825104713439941,0.0025945210363715887,64534.71484375,155.84683227539062,-12.024483680725098,0.002622614149004221,2834.13671875,280,2.2850470542907715,2.230158805847168,47.78988265991211,1448.450005635146,2538.706277761995,44.992920404450096,3.2648755873464768,0.005834716372191906,0.0057448954321444035,47.99106979370117,0,4.12217903137207,0.000301346299238503,66105.609375,13.710282325744629,44.992920404450096,3.2648755873464768
65576.2734375,292.6542053222656,-12.04186725616455,0.004846607800573111,16666.833984375,78.9984359741211,-10.554633140563965,0.0051474859938025475,62466.58203125,286.91546630859375,-11.989119529724121,0.0049881101585924625,548.4774169921875,1326,9.687119483947754,5.337960720062256,56.964412689208984,1241.1686684055542,2637.617948177198,45.00015141982844,3.280029445186048,0.02508242428302765,0.023014850914478302,55.94832229614258,0,9.147420883178711,0.0006686428678222001,62972.26953125,58.122718811035156,45.00015141982843,3.280029445186043
259.63519287109375,41.04004669189453,-6.0359086990356445,0.17166197299957275,282.4107971191406,41.45345687866211,-6.127203464508057,0.15940769016742706,253.82937622070312,66.77944946289062,-6.011354923248291,0.2857135236263275,22.818954467773438,11,1.749326467514038,1.0304877758026123,81.60531616210938,1874.161807709653,2500.4794290387563,44.99013272319062,3.233731296192735,0.35921740531921387,0.3560277223587036,58.53950119018555,0,8.02961254119873,0.0005870701861567795,71.26617431640625,10.49595832824707,44.990132723190634,3.2337312961927394
327.82647705078125,48.97286605834961,-6.28911018371582,0.16223378479480743,222.63352966308594,41.22230911254883,-5.868976593017578,0.20108123123645782,284.4920349121094,69.0128173828125,-6.1351752281188965,0.2634446918964386,18.905479431152344,8,1.5137938261032104,0.8119697570800781,52.98481369018555,144.06441675989427,2501.305337555804,44.99013450719467,3.3602849829557844,0.4741972088813782,0.4728570878505707,-37.81063461303711,3,6.618470191955566,0.00048370074364356697,278.269775390625,9.082762718200684,44.990134507194654,3.3602849829557777
216.74327087402344,38.63284683227539,-5.839864253997803,0.1935712695121765,154.5576629638672,41.08967208862305,-5.472726345062256,0.28871673345565796,174.49545288085938,47.70356750488281,-5.6044602394104,0.2968906760215759,19.564542770385742,9,1.6077263355255127,1.0786387920379639,42.43880844116211,1891.765782230725,2502.416332039474,44.99027475537177,3.2324429654757485,0.612725555896759,0.6074897050857544,62.42269515991211,0,6.3434529304504395,0.00046379168634302914,10.620869636535645,9.646358489990234,44.990274755371786,3.2324429654757525
397.8321228027344,49.33209228515625,-6.499249458312988,0.13466648757457733,294.7515869140625,41.541839599609375,-6.173640251159668,0.15305916965007782,254.80914306640625,54.641448974609375,-6.015537738800049,0.23288258910179138,25.000123977661133,17,1.7252012491226196,1.3666212558746338,83.59760284423828,626.5206818621887,2512.181315896298,44.990952156785795,3.3250006892193795,0.2830451726913452,0.282036691904068,-27.610065460205078,0,8.172550201416016,0.0005973348161205649,149.30101013183594,10.351207733154297,44.99095215678578,3.3250006892193733
336.4556884765625,50.56048583984375,-6.317319869995117,0.1631973832845688,185.81631469726562,41.178558349609375,-5.6727094650268555,0.24066732823848724,190.39434814453125,43.43879318237305,-5.6991353034973145,0.24777273833751678,14.929303169250488,12,1.4847115278244019,1.0299896001815796,64.98785400390625,315.80556800593183,2508.3748648876985,44.990660032544106,3.3477249128282973,0.4043622314929962,0.40252232551574707,42.477169036865234,0,7.390522480010986,0.0005401417729444802,6.7792744636535645,8.908268928527832,44.990660032544106,3.347724912828297
661.06982421875,65.52587890625,-7.0506181716918945,0.10764537006616592,411.26959228515625,42.0828857421875,-6.535316467285156,0.11112422496080399,492.524658203125,61.415985107421875,-6.731070041656494,0.13542014360427856,26.494630813598633,28,2.160674810409546,1.3332828283309937,88.27935028076172,1201.3357200624455,2518.196160508702,44.99141278306826,3.282955455062486,0.3046008348464966,0.3026922345161438,-82.2579345703125,0,8.226839065551758,0.0006013809470459819,181.19775390625,12.964048385620117,44.99141278306825,3.2829554550624804
354.4556884765625,48.0716552734375,-6.373904705047607,0.14728446304798126,237.8949432373047,41.44757843017578,-5.940962791442871,0.18920986354351044,230.0483856201172,48.87971878051758,-5.904548168182373,0.2307487428188324,23.760541915893555,15,2.110229969024658,0.8953349590301514,-48.61665725708008,103.04935510975905,2517.24250620079,44.991298495598635,3.3632823330714245,0.29580622911453247,0.29141345620155334,-65.67277526855469,0,8.221902847290039,0.0006008754135109484,-188.82737731933594,12.66137981414795,44.991298495598635,3.363282333071424
137447.828125,227.98626708984375,-12.845344543457031,0.001801360514946282,110530.2109375,179.2729034423828,-12.608702659606934,0.0017614222597330809,134016.875,209.63461303710938,-12.817898750305176,0.0016987650888040662,5862.453125,377,2.372837543487549,2.3090415000915527,38.077266693115234,1189.8094822021126,2576.603006807393,44.99568583222029,3.2837926658920247,0.003989032004028559,0.0039069256745278835,43.66213607788086,0,4.150332450866699,0.0003033793473150581,137191.90625,14.237025260925293,44.995685832220275,3.283792665892019
1226.6038818359375,55.45925521850586,-7.7217607498168945,0.04910203814506531,1055.1793212890625,43.919715881347656,-7.558315753936768,0.04520256444811821,1153.7020263671875,58.84687042236328,-7.655234336853027,0.05539359524846077,67.35343933105469,40,1.6100890636444092,1.5459924936294556,70.36280059814453,612.6680517379771,2527.9767616183603,44.992107281487606,3.3260120543485883,0.08516784012317657,0.08483458310365677,79.7188720703125,0,4.729227066040039,0.00034565740497782826,1049.122802734375,9.660533905029297,44.992107281487606,3.3260120543485887
1171.0634765625,74.90655517578125,-7.671451091766357,0.0694655105471611,717.6307373046875,42.90766525268555,-7.139752388000488,0.06493273377418518,1071.2890625,76.36426544189453,-7.574766635894775,0.07741289585828781,33.596920013427734,49,2.628314256668091,1.6662845611572266,-72.28720092773438,1550.6044559898553,2532.4704168392786,44.992466686446406,3.2574024692011685,0.21758639812469482,0.21459606289863586,-82.8503189086914,0,10.420146942138672,0.0007617727387696505,656.2072143554688,15.769886016845703,44.992466686446406,3.2574024692011685
688270.8125,467.1616516113281,-14.594398498535156,0.000737119116820395,550086.875,391.66107177734375,-14.351078033447266,0.0007732304511591792,671361.9375,439.4989013671875,-14.567391395568848,0.0007109366706572473,28134.515625,798,2.542158842086792,2.4759304523468018,22.59844970703125,665.5997282454402,2609.271219523029,44.998057260674294,3.322131655597208,0.0017752866260707378,0.0017313240095973015,45.252017974853516,0,4.220945835113525,0.0003084985073655844,685651.625,15.252952575683594,44.99805726067428,3.322131655597202
1115.2637939453125,58.238399505615234,-7.618443965911865,0.05671026185154915,909.0189819335938,43.6838264465332,-7.396432399749756,0.052188824862241745,1054.728271484375,59.99531555175781,-7.557851314544678,0.0617741234600544,56.317317962646484,40,1.829655408859253,1.445128083229065,64.82010650634766,311.4464354452848,2541.398637368734,44.993076015138804,3.3480397879949937,0.10875493288040161,0.10782802104949951,42.7366943359375,0,5.687282085418701,0.000415652000810951,702.704833984375,10.97793197631836,44.993076015138804,3.3480397879949937
7793.30712890625,74.25946807861328,-9.729304313659668,0.010348082520067692,4492.71240234375,53.700626373291016,-9.131271362304688,0.012980773113667965,7488.1552734375,89.22982788085938,-9.68593692779541,0.012940916232764721,572.163818359375,70,5.221146583557129,0.9201801419258118,4.016225337982178,564.2825403858997,2540.5832185504187,44.9930276181572,3.3295493508266483,0.03464449569582939,0.02700057253241539,-12.936073303222656,18,11.732346534729004,0.0008574984385631979,5457.1123046875,31.326879501342773,44.9930276181572,3.3295493508266483
3691.158935546875,43.46874237060547,-8.917906761169434,0.012789222411811352,3101.7783203125,50.00059509277344,-8.729026794433594,0.017506295815110207,4348.59814453125,51.3897590637207,-9.09587287902832,0.012833855114877224,554.3812866210938,23,2.857638120651245,0.406740665435791,-20.730146408081055,574.5247557911808,2537.3728259861014,44.992793160710555,3.3288006462620263,0.04101967811584473,0.03226529434323311,-18.828632354736328,3,6.433910369873047,0.0004702458390966058,3590.166748046875,17.145828247070312,44.992793160710555,3.3288006462620268
1264.1490478515625,88.12479400634766,-7.754495620727539,0.075705885887146,584.6804809570312,42.52438735961914,-6.917296409606934,0.07898585498332977,809.5375366210938,75.23977661132812,-7.27059268951416,0.10093466192483902,29.11114501953125,44,2.5040132999420166,1.7162314653396606,-85.08246612548828,257.479028254326,2558.894684645408,44.99435353212554,3.3519842835694327,0.22263213992118835,0.22214454412460327,-77.82916259765625,2,10.325055122375488,0.0007545861881226301,471.03466796875,15.024080276489258,44.99435353212554,3.3519842835694327
7992.04541015625,65.6320571899414,-9.756645202636719,0.008918419480323792,4512.9609375,53.716033935546875,-9.136154174804688,0.012926238588988781,7835.21484375,71.70985412597656,-9.735127449035645,0.009939344599843025,757.0159912109375,55,5.084075927734375,0.47215279936790466,21.326431274414062,994.3187217230454,2558.4226583073637,44.994349310460414,3.298094373549329,0.03739919140934944,0.03043755702674389,21.45209312438965,16,9.274757385253906,0.0006779368850402534,5796.1689453125,30.50445556640625,44.994349310460414,3.298094373549329
295.1105041503906,45.861732482910156,-6.174961566925049,0.16877013444900513,238.4989776611328,41.291229248046875,-5.943716526031494,0.18801872432231903,273.7655944824219,53.47792434692383,-6.093447208404541,0.21214143931865692,20.71004295349121,12,1.5995968580245972,1.3635696172714233,45.171470642089844,896.1959727582832,2557.3887847468636,44.9942702089037,3.305271619728095,0.42502787709236145,0.4214281141757965,16.943042755126953,0,7.5548577308654785,0.0005522086867131293,173.35348510742188,9.597580909729004,44.99427020890368,3.3052716197280834
332.1240539550781,49.53138732910156,-6.303250789642334,0.16196082532405853,150.64157104492188,41.10841369628906,-5.444862365722656,0.29635733366012573,216.6603240966797,63.43025588989258,-5.83944845199585,0.317941278219223,16.770889282226562,8,1.7620179653167725,0.6358495354652405,-32.52721405029297,684.7092219961661,2551.2445235865544,44.99381260646236,3.3207405479869485,0.4832266867160797,0.47600799798965454,-13.553887367248535,18,6.3153486251831055,0.0004615888756234199,167.18734741210938,10.572107315063477,44.99381260646236,3.3207405479869485
236.66091918945312,39.399356842041016,-5.935316562652588,0.1807975023984909,302.27313232421875,41.61405944824219,-6.200998783111572,0.14951004087924957,335.00128173828125,67.91844940185547,-6.312616348266602,0.2201765775680542,18.39666175842285,10,1.4598274230957031,0.8333479166030884,-65.83109283447266,554.5861514348009,2559.533822392304,44.994413720233126,3.330256337234271,0.4176364541053772,0.4161542057991028,30.437650680541992,2,6.584043979644775,0.0004812117840629071,196.82981872558594,8.758964538574219,44.994413720233105,3.330256337234259
421.9200134277344,51.23346710205078,-6.563075542449951,0.1318722516298294,347.2090759277344,41.71564483642578,-6.35147762298584,0.1304781287908554,363.7633972167969,47.56391906738281,-6.402047634124756,0.14200003445148468,31.22289276123047,18,1.4542779922485352,1.174445390701294,-53.6635856628418,1656.6511985057182,2559.6494380887834,44.994457711769584,3.2496410863880407,0.2661871016025543,0.2643774151802063,85.31891632080078,0,5.9886980056762695,0.000437814713222906,315.045166015625,8.725667953491211,44.994457711769584,3.2496410863880407
387.7488708496094,54.253135681152344,-6.471376419067383,0.15195119380950928,-221.22425842285156,37.54827880859375,99.0,99.0,231.931640625,37.07115936279297,-5.913400173187256,0.173582524061203,14.302955627441406,14,3.1968278884887695,0.32385674118995667,89.73172760009766,2044.1193491719514,2575.5636338080517,44.99562915436383,3.221287807831226,0.4628838300704956,0.05001518502831459,89.6635513305664,17,6.067764759063721,0.0004436380695551634,-3609.25537109375,19.180967330932617,44.99562915436383,3.2212878078312266
657.1524658203125,64.26277923583984,-7.044165134429932,0.10619967430830002,-335.6380615234375,37.826416015625,99.0,99.0,169.7142333984375,23.19861602783203,-5.574295520782471,0.14844775199890137,19.07073974609375,6,1.745680809020996,0.28867506980895996,90.0,3.0,2560.9687287847037,44.994492490856445,3.370593000801418,0.306954562664032,0.04952552169561386,90.0,18,4.2031989097595215,0.0003071666578762233,-1709.234619140625,10.474084854125977,44.994492490856445,3.370593000801418
285.04437255859375,43.52347946166992,-6.1372809410095215,0.16582155227661133,290.4469299316406,41.49597930908203,-6.15766716003418,0.15515616536140442,358.80377197265625,81.3490982055664,-6.387142658233643,0.24622127413749695,24.814804077148438,12,1.941231608390808,0.6994544863700867,0.47929883003234863,1441.0696305978458,2557.9348030489446,44.994327093474034,3.2654136562150136,0.31193849444389343,0.3102768659591675,-33.48979949951172,19,6.959951400756836,0.0005087918252684176,655.0203247070312,11.64738941192627,44.99432709347402,3.265413656215009
658.2036743164062,64.65673828125,-7.045900821685791,0.10668007284402847,415.14642333984375,42.04887771606445,-6.54550313949585,0.10999752581119537,548.8195190429688,78.8130111694336,-6.848573684692383,0.15595459938049316,27.82877540588379,28,2.115518569946289,1.6112695932388306,67.14237976074219,340.6478985207724,2576.621418601512,44.99565439271684,3.3459001158456787,0.33466219902038574,0.3336923122406006,73.54344940185547,0,11.061650276184082,0.0008084254804998636,498.04058837890625,12.693111419677734,44.99565439271684,3.3459001158456787
228.83277893066406,41.046058654785156,-5.8987956047058105,0.1947973519563675,29.479013442993164,40.61928939819336,-3.6737823486328125,1.4964051246643066,62.152957916259766,20.25419807434082,-4.483654499053955,0.35390204191207886,19.110088348388672,5,0.7311186194419861,0.44424527883529663,16.271888732910156,59.61681318245043,2561.863365173904,44.9945608906539,3.366452850719185,0.23769493401050568,0.20917734503746033,1.442163109779358,2,2.397146463394165,0.00017518353706691414,38.105281829833984,4.386711597442627,44.9945608906539,3.3664528507191847
449.53704833984375,54.27324295043945,-6.631913661956787,0.13111431896686554,354.0663757324219,41.706905364990234,-6.372711658477783,0.12792432308197021,355.8315734863281,48.5634651184082,-6.378111362457275,0.14821597933769226,27.985370635986328,19,1.4933862686157227,1.163499355316162,-69.43508911132812,1010.7323593182592,2571.164495922049,44.99528212657407,3.296892436772871,0.29036763310432434,0.2886522710323334,-64.80352020263672,0,5.879844665527344,0.00042978525743819773,169.93409729003906,8.960317611694336,44.99528212657407,3.296892436772871
992.3277587890625,71.17466735839844,-7.491637706756592,0.07789330184459686,656.7229614257812,42.68073654174805,-7.043455600738525,0.0705796629190445,965.277099609375,83.55548095703125,-7.461629867553711,0.09400539100170135,34.525089263916016,42,2.1193158626556396,1.688764214515686,66.87156677246094,618.2879733631119,2582.9660248777027,44.99613077267501,3.3255948241595736,0.20051781833171844,0.19974000751972198,85.7741470336914,2,8.052766799926758,0.0005885583232156932,1017.5083618164062,12.71589469909668,44.996130772674995,3.3255948241595674
9855.30078125,59.560184478759766,-9.984174728393555,0.006563205271959305,9744.2998046875,65.87101745605469,-9.97187614440918,0.007341310381889343,9724.30859375,59.7239990234375,-9.969646453857422,0.006669910158962011,2515.448486328125,23,1.1113594770431519,0.6597119569778442,-64.30465698242188,1474.4187891738652,2580.4785389102126,44.995977366995746,3.2629716681603975,0.007888461463153362,0.006860196124762297,54.873046875,0,2.6138367652893066,0.00019107839034404606,9732.1640625,6.668156623840332,44.99597736699576,3.2629716681604024
385.7520446777344,51.59836196899414,-6.465770721435547,0.14526383578777313,143.67295837402344,40.989234924316406,-5.39343786239624,0.30983081459999084,110.63532257080078,43.562416076660156,-5.109734535217285,0.4276101291179657,19.179155349731445,11,1.7011182308197021,0.8652770519256592,-42.12487030029297,638.0926785795433,2576.3184929846507,44.99564523329288,3.3241471372959794,0.3578590452671051,0.3566838800907135,-85.3897705078125,0,7.249457359313965,0.0005298504256643355,2.7269577980041504,10.206708908081055,44.99564523329287,3.3241471372959737
469.632080078125,54.42268371582031,-6.679394245147705,0.125849649310112,374.0721740722656,41.7886962890625,-6.4323883056640625,0.12132023274898529,376.53631591796875,58.13430404663086,-6.439517021179199,0.16767002642154694,21.74558448791504,20,2.4206695556640625,1.1275311708450317,15.553348541259766,512.6053395420709,2587.526953462171,44.996459987646126,3.3333233481037583,0.30371546745300293,0.302083283662796,28.649702072143555,0,9.89324951171875,0.0007230569026432931,100.84082794189453,14.524017333984375,44.99645998764611,3.333323348103752
677.711669921875,62.22599411010742,-7.077612400054932,0.09971413016319275,470.2192077636719,42.10484313964844,-6.680750846862793,0.09724371135234833,533.1455078125,56.800132751464844,-6.817114353179932,0.11570001393556595,28.81743812561035,29,1.9232622385025024,1.2605689764022827,51.03901672363281,1950.865027845927,2599.6740535396643,44.997391732192526,3.228109743082291,0.20499853789806366,0.2037590891122818,34.4089241027832,0,7.578946113586426,0.0005541056743822992,420.9953918457031,11.539573669433594,44.997391732192526,3.2281097430822907
406.3904113769531,52.44922637939453,-6.522358417510986,0.1401604413986206,298.171875,41.6162109375,-6.186166763305664,0.15157434344291687,304.2693176269531,52.63108444213867,-6.208145618438721,0.1878512054681778,21.502315521240234,17,2.0961642265319824,0.9951087236404419,-50.406063079833984,514.0539346989883,2602.4974495203633,44.99755532239543,3.3332156791804266,0.37671995162963867,0.37431931495666504,-40.106903076171875,0,8.641983032226562,0.0006316025392152369,122.13682556152344,12.576985359191895,44.99755532239543,3.3332156791804266
562.51220703125,55.36085891723633,-6.875329971313477,0.1068810448050499,411.5443115234375,41.912193298339844,-6.536041736602783,0.11059961467981339,467.7304382324219,53.36553192138672,-6.674989223480225,0.12390676885843277,27.731351852416992,24,1.5750128030776978,1.3433250188827515,-66.70318603515625,1397.5021907740681,2606.6038388210873,44.9978867873016,3.2685961646822745,0.23246875405311584,0.23203665018081665,1.298673152923584,0,7.655758857727051,0.0005596381961368024,347.7414245605469,9.450077056884766,44.9978867873016,3.268596164682275
661.7734375,65.70986938476562,-7.051773548126221,0.10783285647630692,386.49658203125,41.81401824951172,-6.467864036560059,0.11749140173196793,467.0979309082031,66.48348999023438,-6.673520088195801,0.1545737385749817,22.802783966064453,17,2.076319456100464,1.6335386037826538,-20.698259353637695,729.8759117611712,2609.316144071281,44.99806311592161,3.3174306721993436,0.30805134773254395,0.30657872557640076,36.43617248535156,2,11.034045219421387,0.0008064620778895915,400.5830078125,12.457916259765625,44.99806311592161,3.3174306721993436
320.7525634765625,47.91166305541992,-6.265425205230713,0.16221870481967926,163.4672393798828,41.21505355834961,-5.533576965332031,0.2738135755062103,161.00828552246094,40.209007263183594,-5.517120361328125,0.2712095379829407,17.18765640258789,7,1.146051049232483,1.0596455335617065,73.81068420410156,258.30715441943215,2603.87885463468,44.99764469764921,3.351918313499579,0.5060112476348877,0.5032923221588135,38.038761138916016,2,6.309230804443359,0.00046108715469017625,141.09869384765625,6.876306533813477,44.99764469764921,3.351918313499579
234.2515869140625,41.81782150268555,-5.924206256866455,0.19386914372444153,83.61238861083984,40.83479309082031,-4.805676460266113,0.5303829312324524,105.25759887695312,40.82768249511719,-5.055633544921875,0.42124143242836,17.226512908935547,9,1.5602247714996338,0.8461169600486755,-88.12506866455078,1793.0296446366517,2607.1854684282785,44.99793847733843,3.239658214673405,0.6331223249435425,0.6276763677597046,-62.809898376464844,0,6.861719131469727,0.000501645146869123,-20.191085815429688,9.361349105834961,44.99793847733843,3.2396582146734048
210.6287078857422,35.9078369140625,-5.808794021606445,0.18514053523540497,205.26766967773438,41.259544372558594,-5.780801296234131,0.21828991174697876,174.74749755859375,37.29951095581055,-5.606027603149414,0.23180457949638367,18.948423385620117,9,1.5404142141342163,0.683374285697937,-77.5978775024414,1783.8182432790968,2607.045454955562,44.99792805452684,3.2403322181095504,0.378386527299881,0.37478533387184143,-79.45771789550781,0,6.119121074676514,0.00044735436677001417,81.19043731689453,9.242485046386719,44.99792805452683,3.240332218109546
1713.2877197265625,103.76215362548828,-8.084575653076172,0.06577161699533463,625.4009399414062,42.61016082763672,-6.990396499633789,0.07399194687604904,1263.8441162109375,109.44163513183594,-7.7542338371276855,0.0940413549542427,26.631330490112305,27,3.240601062774658,1.0974708795547485,77.89115905761719,285.84829260428694,2644.584286886328,45.00062401150912,3.349899394292788,0.2933599054813385,0.2895839810371399,86.13558959960938,2,11.299870491027832,0.0008257977897301316,826.6410522460938,19.443607330322266,45.00062401150912,3.3498993942927875
454.8649597167969,55.59165573120117,-6.6447062492370605,0.1327262818813324,-367.98480224609375,37.75707244873047,99.0,99.0,90.91667938232422,21.992765426635742,-4.896608829498291,0.26270365715026855,16.944503784179688,5,1.403998851776123,0.28867506980895996,90.0,3.0,2622.600338202631,44.9990014746694,3.370585264096207,0.30770695209503174,0.05966757610440254,90.0,19,3.7566726207733154,0.00027452639187686145,-1304.0458984375,8.423993110656738,44.9990014746694,3.3705852640962064
229.33714294433594,41.12317657470703,-5.901185989379883,0.194734126329422,94.457763671875,40.91946792602539,-4.938094139099121,0.4704594016075134,98.43112182617188,91.00541687011719,-4.982831001281738,1.0040714740753174,16.62053680419922,9,1.3104914426803589,1.0718064308166504,41.667701721191406,1160.1805779691636,2629.174056267069,44.99953117467738,3.285954604524668,0.4850698709487915,0.4820233881473541,-4.737704277038574,1,7.080066204071045,0.0005175186670385301,200.8968048095703,7.862948417663574,44.99953117467738,3.2859546045246675
258.4158935546875,40.43191146850586,-6.030797958374023,0.16991624236106873,285.8958740234375,41.496639251708984,-6.140519618988037,0.15762855112552643,321.97320556640625,49.800594329833984,-6.269549369812012,0.16797499358654022,28.097375869750977,11,1.4886823892593384,0.889427125453949,-25.97402572631836,1094.8497725418515,2632.8295914821783,44.9997965310777,3.2907330472007965,0.37215548753738403,0.36880311369895935,-13.902813911437988,0,6.872064113616943,0.0005023059784434736,312.7926330566406,8.93209457397461,44.9997965310777,3.2907330472007965
382.38824462890625,50.86006546020508,-6.456261157989502,0.14444489777088165,263.11395263671875,41.42084503173828,-6.050359725952148,0.1709640920162201,234.23643493652344,57.22611618041992,-5.924136161804199,0.2653197944164276,17.520275115966797,13,1.7064698934555054,0.8466946482658386,-3.6323771476745605,1009.7132038237335,2631.588695758091,44.99970290351845,3.296960574943762,0.3280024230480194,0.32747119665145874,68.09374237060547,2,7.181825637817383,0.0005249374662525952,200.31710815429688,10.238819122314453,44.99970290351845,3.296960574943762
418.6065673828125,53.83055114746094,-6.5545148849487305,0.1396537572145462,154.4331817626953,41.05735397338867,-5.471851348876953,0.2887221872806549,162.6421661376953,43.72677230834961,-5.528082847595215,0.29197394847869873,11.550378799438477,11,1.7332212924957275,0.7980443239212036,-57.69948196411133,988.1295804232967,2637.238808186106,45.00011552999895,3.2985386945417723,0.47886714339256287,0.47658607363700867,-61.2049674987793,0,7.0253705978393555,0.0005134977400302887,3.406782388687134,10.399328231811523,45.00011552999895,3.298538694541772
235.89956665039062,42.03095245361328,-5.931818008422852,0.1934959590435028,137.2965850830078,41.03168869018555,-5.344149112701416,0.324555903673172,107.49372863769531,40.43215560913086,-5.078457832336426,0.4084826409816742,15.831984519958496,9,1.5355684757232666,0.8736722469329834,-28.440385818481445,1689.6373007486131,2633.273920225834,44.99984507328559,3.247220733476858,0.4269413948059082,0.4260474741458893,-78.55697631835938,0,6.917827129364014,0.0005057266680523753,8.530892372131348,9.213411331176758,44.99984507328559,3.2472207334768575
418.164306640625,54.60005569458008,-6.553367614746094,0.1417999118566513,299.0436706542969,41.603355407714844,-6.18933629989624,0.1510857790708542,284.18798828125,49.032249450683594,-6.134014129638672,0.18737253546714783,19.053390502929688,17,1.9001270532608032,0.996800422668457,-65.252685546875,37.18646608002779,2648.8640115546805,45.00092466971068,3.368082171315434,0.295083224773407,0.2943735420703888,87.4166488647461,0,8.232166290283203,0.0006015783292241395,98.9676742553711,11.400762557983398,45.00092466971068,3.368082171315434
471.0166320800781,54.98147201538086,-6.682590484619141,0.1267680823802948,287.12335205078125,41.53227996826172,-6.145171165466309,0.1570894718170166,252.26016235351562,51.23138427734375,-6.004621505737305,0.2205551713705063,19.749799728393555,20,1.6462422609329224,1.2272058725357056,31.710826873779297,1201.95536491141,2644.823760725639,45.00067742080605,3.2828971824341444,0.2044426053762436,0.20250631868839264,-67.8805923461914,0,8.504014015197754,0.0006216038600541651,280.48284912109375,9.877453804016113,45.00067742080605,3.2828971824341444
363.5516052246094,52.55328369140625,-6.4014153480529785,0.15698696672916412,197.71435546875,41.25017166137695,-5.740095615386963,0.22657780349254608,192.89344787597656,43.44672775268555,-5.713293552398682,0.24460729956626892,15.04051399230957,9,1.855637550354004,0.7835479378700256,-86.63993072509766,1585.2738873592582,2649.9019925055836,45.00105927824123,3.254854745510733,0.46544796228408813,0.46275511384010315,-86.11270141601562,0,7.204679012298584,0.0005266782245598733,1.8230005502700806,11.133825302124023,45.001059278241215,3.254854745510728
4095.4189453125,48.238922119140625,-9.030745506286621,0.012791723944246769,2345.314208984375,47.85472106933594,-8.42550277709961,0.02215917408466339,6824.3203125,66.86071014404297,-9.585148811340332,0.010639994405210018,516.7706298828125,31,4.339553356170654,0.3725658357143402,33.65900802612305,759.1546211692794,2659.6941390982056,45.00174994586893,3.3152836708241926,0.05265280231833458,0.0062273237854242325,33.644683837890625,3,7.600966930389404,0.0005555336247198284,5594.26123046875,26.03731918334961,45.00174994586893,3.3152836708241926
3465.7431640625,39.35820770263672,-8.849491119384766,0.012333001010119915,2690.12939453125,48.85185623168945,-8.574433326721191,0.019721398130059242,3413.144775390625,44.23813247680664,-8.832886695861816,0.014075761660933495,560.0125122070312,16,2.7734553813934326,0.2962396442890167,33.90974426269531,750.0380645777536,2653.503895799623,45.00129671547992,3.315951125716251,0.04327024891972542,0.03422456979751587,33.58157730102539,3,5.395879745483398,0.00039437031955458224,2862.634033203125,16.640731811523438,45.00129671547992,3.3159511257162504
491.5993347167969,60.285396575927734,-6.729028224945068,0.13317744433879852,163.3445281982422,41.21464538574219,-5.532761573791504,0.2740165591239929,167.38804626464844,59.59197235107422,-5.5593109130859375,0.38662785291671753,12.49448299407959,15,1.8887978792190552,1.4770259857177734,80.7009048461914,1607.5816657886921,2656.367064837283,45.001532782951124,3.2532220451309266,0.5175499320030212,0.5143940448760986,-30.91227912902832,2,10.002711296081543,0.0007312220404855907,89.27470397949219,11.33278751373291,45.001532782951124,3.2532220451309266
265.61163330078125,44.709930419921875,-6.060617923736572,0.1828044354915619,187.14382934570312,41.13525390625,-5.680438995361328,0.23870883882045746,152.8983917236328,34.94910430908203,-5.461007118225098,0.24823497235774994,17.882282257080078,10,1.3763715028762817,0.6698299050331116,-16.17963409423828,55.28392513465343,2654.452955135847,45.00133448559996,3.366758141745686,0.3938668966293335,0.3909081518650055,8.042065620422363,1,5.721137046813965,0.00041808118112385273,-16.633737564086914,8.25822925567627,45.00133448559996,3.366758141745686
540.5743408203125,62.035797119140625,-6.832138538360596,0.12462832778692245,265.6523132324219,41.49250411987305,-6.060783863067627,0.16962343454360962,284.7474060058594,52.89048385620117,-6.1361494064331055,0.20171935856342316,20.48836898803711,12,1.7529308795928955,1.2705694437026978,58.593204498291016,1159.0542006853918,2662.517115780931,45.00197054400878,3.286033535286245,0.4404233694076538,0.43838953971862793,16.325239181518555,2,8.93179988861084,0.0006528608500957489,-2.932610511779785,10.517585754394531,45.00197054400876,3.2860335352862395
286.3223876953125,43.91378402709961,-6.142138481140137,0.1665617972612381,189.0957489013672,41.221343994140625,-5.691704273223877,0.23673920333385468,156.19313049316406,46.25529479980469,-5.48415470123291,0.32160985469818115,18.972492218017578,12,2.213376045227051,0.7575758099555969,14.09572982788086,1446.2796176993947,2654.9630121705195,45.00142612307079,3.2650229856862456,0.3432370722293854,0.34120309352874756,-20.374807357788086,16,7.741987228393555,0.0005659349262714386,-10.991425514221191,13.280256271362305,45.001426123070786,3.2650229856862407
423.0504455566406,51.8054084777832,-6.565980434417725,0.1329880952835083,278.5568542480469,41.51960372924805,-6.1122846603393555,0.1618710458278656,247.0443572998047,51.217342376708984,-5.981937408447266,0.2251499891281128,23.55672836303711,15,1.7142527103424072,1.2122679948806763,-27.931867599487305,492.3755557639381,2666.940909183832,45.002269052371425,3.3347935738677963,0.29300346970558167,0.2912977337837219,-70.25969696044922,2,8.625748634338379,0.0006303928676061332,118.12828826904297,10.285516738891602,45.002269052371425,3.3347935738677967
291.9923400878906,47.078338623046875,-6.163428783416748,0.17509731650352478,92.34749603271484,40.912353515625,-4.913562774658203,0.4811263978481293,73.31980895996094,52.02232360839844,-4.663053512573242,0.7705454230308533,13.989230155944824,10,1.690670132637024,1.2248995304107666,-28.257041931152344,827.453859060784,2660.8176493066057,45.0018347572098,3.31028823738397,0.7011198997497559,0.6982219219207764,46.27437210083008,0,8.610625267028809,0.0006293357000686228,-256.715087890625,10.144021034240723,45.0018347572098,3.31028823738397
2345066.25,837.4551391601562,-15.925387382507324,0.0003878254210576415,1819044.0,709.5286254882812,-15.64960765838623,0.00042360057705082,2293801.5,801.410400390625,-15.901389122009277,0.0003794276562985033,53371.5625,1461,2.821049213409424,2.660799741744995,75.54813385009766,482.7462841533983,2787.1956840407706,45.01106585013947,3.3354835894586308,0.0011860557133331895,0.0010720154969021678,84.868408203125,0,7.43046236038208,0.0005430040182545781,2333222.0,16.92629623413086,45.01106585013948,3.3354835894586365
3840.523193359375,69.31951141357422,-8.960975646972656,0.01960175298154354,3227.69775390625,50.4377555847168,-8.772232055664062,0.016970425844192505,3699.061279296875,71.74834442138672,-8.920228958129883,0.021064452826976776,176.2584686279297,77,1.9307399988174438,1.7365906238555908,48.60301208496094,367.4474261279298,2679.0771775540147,45.0031512736089,3.3439280959936153,0.035400889813899994,0.03497811034321785,40.85018539428711,0,4.173696517944336,0.00030501498258672655,3637.59912109375,11.584440231323242,45.0031512736089,3.3439280959936153
5077.2998046875,51.53129577636719,-9.264081954956055,0.011022194288671017,2562.727294921875,48.47730255126953,-8.521756172180176,0.020543094724416733,7524.87841796875,77.50262451171875,-9.691248893737793,0.011185277253389359,511.0924987792969,25,3.61971378326416,0.4305475056171417,34.132713317871094,778.312496194303,2672.516648452366,45.00268877013772,3.313881075294777,0.04246532544493675,0.0065185003913939,34.89545822143555,3,7.461436748504639,0.0005453344783745706,6721.82421875,21.71828269958496,45.00268877013771,3.313881075294771
9191.8603515625,63.34904479980469,-9.90850830078125,0.007484563626348972,8272.470703125,62.7030143737793,-9.794088363647461,0.008231575600802898,9305.6982421875,64.3380355834961,-9.92187213897705,0.007508421782404184,1576.81689453125,40,2.070152997970581,0.6669365763664246,31.786968231201172,787.0972992104225,2678.1889604498956,45.00310408647108,3.313237940497341,0.009656003676354885,0.00862564891576767,17.187795639038086,3,2.462519407272339,0.0001799781748559326,8955.21875,12.420917510986328,45.00310408647108,3.313237940497341
373.9078063964844,47.23396682739258,-6.431911468505859,0.1371891349554062,237.15347290039062,41.53984832763672,-5.9375739097595215,0.19022397696971893,375.9380187988281,57.5666389465332,-6.437790393829346,0.16629701852798462,25.407249450683594,11,1.5198564529418945,0.8804919719696045,2.1565825939178467,1801.4830367321438,2670.040221909062,45.00253719045149,3.2390338987119542,0.48138558864593506,0.4764900207519531,-25.336929321289062,2,6.90906286239624,0.0005050915060564876,221.15850830078125,9.119138717651367,45.002537190451505,3.2390338987119587
1920.3297119140625,31.375802993774414,-8.208439826965332,0.01774389110505581,2734.048583984375,49.01581573486328,-8.592015266418457,0.019469724968075752,4267.37255859375,53.67083740234375,-9.075401306152344,0.013658645562827587,590.9259033203125,12,1.1472229957580566,0.4453723728656769,36.03817367553711,770.4172699907928,2667.1884615174413,45.002298661157745,3.314459109514307,0.05553032085299492,0.04631321504712105,33.84360122680664,3,3.238417148590088,0.0002366866247029975,4263.1376953125,6.88333797454834,45.002298661157745,3.314459109514307
14024.9404296875,73.9565200805664,-10.367252349853516,0.005726710893213749,9934.4033203125,66.30741882324219,-9.992854118347168,0.007248533423990011,13848.4443359375,76.27825164794922,-10.35350227355957,0.005981768015772104,1522.792724609375,44,3.2767012119293213,0.5044039487838745,66.39546203613281,1800.6576729381316,2695.652201160276,45.00441092514026,3.2390919181945845,0.017445189878344536,0.010911544784903526,65.66399383544922,0,7.685873508453369,0.0005618736031465232,12842.703125,19.660207748413086,45.00441092514026,3.2390919181945836
275.8408508300781,45.585731506347656,-6.101646423339844,0.17947342991828918,0.8674305081367493,40.55434036254883,0.15441323816776276,50.77295684814453,-44.6817626953125,49.23452377319336,99.0,99.0,17.108360290527344,9,1.712337613105774,1.121760368347168,-30.65760612487793,1677.7795127369384,2676.558658917527,45.00301155991968,3.2480842221498047,0.3321021497249603,0.22112569212913513,-28.673933029174805,16,7.634123802185059,0.0005580776487477124,-341.2304992675781,10.274025917053223,45.00301155991968,3.248084222149805
353.62811279296875,50.36621856689453,-6.37136697769165,0.15467581152915955,89.72744750976562,40.919532775878906,-4.882313251495361,0.4952622056007385,69.60154724121094,34.61880874633789,-4.6065473556518555,0.5401607751846313,13.829804420471191,6,1.1610243320465088,0.8476836085319519,7.624258995056152,2010.5648922366772,2674.24764281594,45.00284858911583,3.2237345557257484,0.7969236373901367,0.7931768298149109,-58.48207473754883,2,5.913954257965088,0.0004323677276261151,-2.6638364791870117,6.966145992279053,45.00284858911582,3.2237345557257444
3441.455322265625,49.515377044677734,-8.8418550491333,0.015625279396772385,2647.1572265625,48.74382019042969,-8.556949615478516,0.01999722234904766,3976.64306640625,59.0615119934082,-8.998791694641113,0.0161293838173151,237.80215454101562,37,3.3482677936553955,0.5733578205108643,34.04200744628906,798.9766992432512,2686.375757551052,45.00370347303802,3.3123681922996857,0.0554407462477684,0.046184178441762924,33.30129623413086,3,8.288252830505371,0.0006057628197595477,3116.576904296875,20.08960723876953,45.00370347303802,3.312368192299686
5728.9638671875,139.18540954589844,-9.395190238952637,0.026384413242340088,1922.667724609375,46.592529296875,-8.209760665893555,0.026317333802580833,5119.3291015625,133.50503540039062,-9.273032188415527,0.02832137979567051,69.15504455566406,191,4.270225524902344,3.0474066734313965,-17.241762161254883,509.6236815029042,2716.7691293731864,45.00591508320893,3.3335263682586556,0.10921808332204819,0.10713526606559753,-22.061031341552734,2,11.807766914367676,0.0008629249059595168,4627.2158203125,25.621353149414062,45.005915083208926,3.3335263682586493
4509.89794921875,50.562835693359375,-9.135416984558105,0.01217571645975113,2668.345458984375,48.7500114440918,-8.565605163574219,0.01984095200896263,4701.58740234375,58.812767028808594,-9.180611610412598,0.013584914617240429,461.36663818359375,34,3.9739646911621094,0.42203450202941895,-72.97513580322266,1358.0886801689026,2715.3371617183643,45.00584066659093,3.271468584320714,0.048149678856134415,0.006231857463717461,-73.67704772949219,3,7.742802143096924,0.0005659646121785045,3054.665771484375,23.843788146972656,45.00584066659094,3.271468584320719
2037.6978759765625,32.49026870727539,-8.272849082946777,0.017315831035375595,2433.13720703125,48.14801788330078,-8.46541690826416,0.02149025909602642,2480.47412109375,37.482181549072266,-8.486336708068848,0.016410430893301964,503.89501953125,13,1.087397575378418,0.5585440397262573,33.857975006103516,794.3266031375979,2683.2580400276784,45.0034752089225,3.312708638690025,0.019922222942113876,0.018024511635303497,30.099334716796875,3,3.4288411140441895,0.00025060350890271366,2445.809814453125,6.524385452270508,45.0034752089225,3.312708638690025
95.25090789794922,25.256561279296875,-4.94717264175415,0.28796184062957764,56.68964767456055,40.79196548461914,-4.383759498596191,0.7814490795135498,91.69768524169922,29.613924026489258,-4.905895709991455,0.35072556138038635,16.659547805786133,4,1.2145795822143555,0.2838740348815918,17.221881866455078,1132.0886062763605,2683.528860774166,45.00350689441837,3.2880038149119795,1.4258126020431519,1.4116101264953613,-4.0843281745910645,18,3.454315662384033,0.0002524853916838765,76.07814025878906,7.287477493286133,45.00350689441837,3.28800381491198
2329.142333984375,35.414058685302734,-8.417989730834961,0.016512373462319374,2175.54541015625,47.43199157714844,-8.343920707702637,0.023677347227931023,2368.49072265625,42.03700637817383,-8.436179161071777,0.019274801015853882,348.4818115234375,16,2.2979629039764404,0.4002551734447479,-73.53639221191406,1360.5431376619497,2706.898422643048,45.00522337743713,3.271289884291495,0.043933603912591934,0.03490789607167244,-69.31187438964844,3,5.714319229125977,0.000417693896451965,2098.7978515625,13.787776947021484,45.00522337743714,3.2712898842914995
381.1871643066406,50.56095886230469,-6.452845573425293,0.14404787123203278,287.8667907714844,41.5662841796875,-6.147978782653809,0.15681205689907074,281.67950439453125,48.3524055480957,-6.124388217926025,0.18642006814479828,23.275978088378906,16,1.477632999420166,1.171980857849121,41.52312088012695,17.51352134440719,2709.1580524871683,45.0053344878929,3.3695130654979595,0.2745216488838196,0.2731860280036926,-1.9596936702728271,0,6.958659648895264,0.0005084972362965345,163.50318908691406,8.865797996520996,45.0053344878929,3.36951306549796
2210.6513671875,118.64861297607422,-8.361300468444824,0.05828707292675972,585.6900024414062,42.52766036987305,-6.9191694259643555,0.07885577529668808,1249.6549072265625,102.7861557006836,-7.7419753074646,0.08932527154684067,29.610231399536133,56,3.3077762126922607,2.430649518966675,50.53260803222656,1037.4229837897756,2765.068138027289,45.00946890213777,3.2949194796926764,0.2886592149734497,0.28643208742141724,36.751522064208984,2,15.838095664978027,0.0011575756361708045,562.827392578125,19.846656799316406,45.00946890213777,3.2949194796926764
1594.6165771484375,30.763010025024414,-8.006640434265137,0.020950885489583015,1619.006591796875,45.756404876708984,-8.02312183380127,0.030692560598254204,1757.6741943359375,38.734230041503906,-8.112345695495605,0.023932406678795815,240.5846405029297,13,1.9892299175262451,0.37830543518066406,-80.34898376464844,1354.3782631117058,2727.2226305793774,45.00671006830928,3.271738810888173,0.0502542182803154,0.04255921393632889,-75.63727569580078,3,5.160054683685303,0.0003771749616134912,1094.6351318359375,11.935379028320312,45.00671006830928,3.2717388108881735
1999.1585693359375,38.06068801879883,-8.252118110656738,0.020675651729106903,1998.0792236328125,46.87118148803711,-8.251531600952148,0.0254755187779665,2045.4329833984375,44.783538818359375,-8.276963233947754,0.023777324706315994,260.9300537109375,22,1.6555207967758179,0.6961495876312256,-77.17162322998047,1352.8808898537804,2732.429086212049,45.00709091267163,3.271847820703706,0.03419338911771774,0.028123296797275543,-73.78533172607422,3,4.703686714172363,0.00034381551085971296,1722.987060546875,9.933124542236328,45.007090912671615,3.2718478207037007
716.0529174804688,58.75970458984375,-7.137362957000732,0.08911777287721634,503.62860107421875,42.22966003417969,-6.755275726318359,0.09106197208166122,559.9552001953125,58.005863189697266,-6.870383262634277,0.112498939037323,27.41714096069336,30,1.7912307977676392,1.4285331964492798,23.347604751586914,1308.724674930844,2725.023751622259,45.0065479181995,3.2750786989620697,0.180779367685318,0.1801566779613495,56.66522216796875,0,7.913624286651611,0.0005784413078799844,335.5962219238281,10.747385025024414,45.0065479181995,3.2750786989620697
1946.735107421875,70.40155792236328,-8.223267555236816,0.039274007081985474,1475.5194091796875,45.321815490722656,-7.922362327575684,0.0333574004471302,1776.9278564453125,71.01716613769531,-8.124174118041992,0.04340336099267006,76.69182586669922,64,2.254319429397583,1.6580559015274048,28.220279693603516,1391.635310426061,2736.3318183539886,45.00737748481018,3.2690124098234903,0.07563314586877823,0.07500090450048447,50.25231170654297,0,4.86524772644043,0.0003556275914888829,1277.7386474609375,13.525917053222656,45.00737748481018,3.2690124098234903
661.4744873046875,69.80126190185547,-7.05128288269043,0.11459878087043762,311.9389343261719,41.66181182861328,-6.235174179077148,0.1450435370206833,364.1956787109375,57.82244873046875,-6.403337001800537,0.17242154479026794,20.607709884643555,23,2.0752060413360596,1.2577948570251465,45.091346740722656,196.7972276701021,2737.214306557258,45.00739611133985,3.356399960421206,0.2795437276363373,0.2792989909648895,80.25215911865234,2,9.673684120178223,0.0007069102139212191,74.49980926513672,12.451236724853516,45.00739611133985,3.3563999604212063
295.8350830078125,47.353309631347656,-6.177624225616455,0.17383229732513428,127.16632080078125,41.045536041259766,-5.260930061340332,0.350528746843338,102.10572052001953,48.853763580322266,-5.022624969482422,0.5196103453636169,15.479317665100098,5,1.637487530708313,0.2684076130390167,69.25335693359375,641.5421222359138,2748.1046194390633,45.008213045176426,3.323875286736627,0.3742944598197937,0.3712712526321411,55.79493713378906,2,3.9173288345336914,0.00028628643485717475,35.259315490722656,9.824925422668457,45.008213045176426,3.3238752867366266
1313.2000732421875,90.54950714111328,-7.795827388763428,0.07488330453634262,-249.1357421875,37.826416015625,99.0,99.0,383.3318786621094,38.063011169433594,-6.458937168121338,0.1078345775604248,22.267379760742188,16,4.397663593292236,0.28867506980895996,90.0,3.0,2888.0325577928743,45.01841823929179,3.3705512859707976,0.47854113578796387,0.029925161972641945,90.0,19,6.727416515350342,0.0004915531608276069,-4498.38525390625,26.385982513427734,45.01841823929179,3.3705512859707976
7513.58251953125,158.7169647216797,-9.689618110656738,0.02294067107141018,2077.5615234375,47.0766716003418,-8.293885231018066,0.024608302861452103,6260.68017578125,155.9793701171875,-9.491554260253906,0.02705674059689045,70.6897964477539,269,4.445856094360352,4.020390033721924,-34.87171936035156,929.5160247360815,2811.9886039948406,45.012897492295146,3.3028067985313663,0.10273873805999756,0.10174503922462463,-43.42432403564453,0,13.07071304321289,0.0009552664705552161,6458.849609375,26.67513656616211,45.01289749229513,3.3028067985313605
313.1996154785156,48.38507080078125,-6.239552974700928,0.16777218878269196,193.54397583007812,41.33143997192383,-5.716948986053467,0.23191599547863007,151.41134643554688,45.885467529296875,-5.4503960609436035,0.32911416888237,19.95265007019043,7,1.4576773643493652,0.4585486054420471,42.72747802734375,1113.995114456789,2773.819231553002,45.010111618749065,3.2893177494954178,0.4413730800151825,0.4386494755744934,2.1070919036865234,2,4.857414722442627,0.0003550242108758539,159.77655029296875,8.746064186096191,45.010111618749065,3.2893177494954178
1066.6756591796875,73.0593490600586,-7.570080757141113,0.07438292354345322,685.8984375,42.92780685424805,-7.090649604797363,0.06796865910291672,877.0231323242188,72.02972412109375,-7.357527732849121,0.0891929492354393,32.32008743286133,45,1.992458462715149,1.9429705142974854,-4.353957176208496,294.17254901348514,2791.9590942983673,45.01140556624361,3.3492727480067197,0.18396002054214478,0.1835174858570099,-50.3162841796875,0,8.246325492858887,0.0006026002811267972,518.6283569335938,11.954751014709473,45.011405566243596,3.349272748006713
5680.4482421875,115.67796325683594,-9.385956764221191,0.0221155546605587,2649.6904296875,48.77785873413086,-8.557988166809082,0.019992053508758545,5249.4921875,122.11201477050781,-9.30029296875,0.02526218630373478,101.02117156982422,179,3.738297939300537,2.890831470489502,31.114103317260742,1468.6616626696255,2819.073802352243,45.013432414858244,3.2633692836615276,0.07168056815862656,0.06940294802188873,28.29033851623535,0,8.757295608520508,0.0006401048158295453,4454.3271484375,22.429786682128906,45.013432414858215,3.263369283661518
462.0619812011719,56.9188117980957,-6.661750793457031,0.13377821445465088,287.84326171875,41.50311279296875,-6.147890090942383,0.15658654272556305,368.3573913574219,62.461647033691406,-6.41567325592041,0.18415090441703796,25.462669372558594,19,2.4633853435516357,1.2431429624557495,80.04100036621094,1767.6783253055166,2806.9948099368103,45.01255559885882,3.2414944701715664,0.5001741051673889,0.4967665672302246,70.31363677978516,0,9.812492370605469,0.0007172934128902853,15.491089820861816,14.780311584472656,45.01255559885882,3.2414944701715664
505.0474853515625,61.65953826904297,-6.758330345153809,0.1325860619544983,232.5088348388672,41.318809509277344,-5.916098594665527,0.1929914951324463,258.03997802734375,54.948490142822266,-6.029217720031738,0.23125897347927094,17.388540267944336,14,1.9385648965835571,1.2026493549346924,-7.248837471008301,425.9013279465605,2797.627711426573,45.0118264038197,3.3396392942988813,0.43357595801353455,0.42901864647865295,3.409426689147949,2,9.13961124420166,0.0006678938516415656,36.10207748413086,11.631389617919922,45.0118264038197,3.3396392942988813
310.13531494140625,48.547725677490234,-6.228878021240234,0.16999943554401398,57.79598617553711,40.79570388793945,-4.4047441482543945,0.7665607333183289,54.20451354980469,36.8510627746582,-4.335088729858398,0.7383195757865906,16.096281051635742,7,1.3274269104003906,0.8041843771934509,80.75403594970703,1212.2596252655092,2801.2083480555702,45.012118314367704,3.2821271851515763,0.5490591526031494,0.5431283712387085,88.329345703125,2,6.162601470947266,0.00045042356941848993,18.387462615966797,7.964561462402344,45.0121183143677,3.282127185151571
8484.0380859375,59.5997428894043,-9.82150650024414,0.0076290699653327465,8407.423828125,62.97836685180664,-9.811656951904297,0.008135013282299042,8430.6669921875,62.433963775634766,-9.814655303955078,0.008042457513511181,1090.856689453125,33,1.6504071950912476,0.7587953805923462,40.087120056152344,972.8032597392784,2933.097484735595,45.02175792869175,3.2996274160071835,0.014024951495230198,0.010583050549030304,27.580598831176758,0,5.060125350952148,0.00036979769356548786,8253.361328125,9.902442932128906,45.02175792869175,3.2996274160071835
551.6923217773438,50.97344970703125,-6.854242324829102,0.10034064948558807,183.164306640625,31.671890258789062,-5.657102108001709,0.18778589367866516,1982.8380126953125,90.25888061523438,-8.243218421936035,0.04943476989865303,25.40833282470703,18,7.671162128448486,0.28867506980895996,0.0,1957.3678107481394,4094.0,45.10665897858667,3.227488801535588,0.61899733543396,0.023012204095721245,0.0,27,8.90604305267334,0.0006506218342110515,-748.9287109375,46.026973724365234,45.10665897858667,3.227488801535588
345.62652587890625,34.28242111206055,-6.346517562866211,0.10771948099136353,198.57334899902344,31.71827507019043,-5.744802474975586,0.17346762120723724,824.193359375,51.172645568847656,-7.290072917938232,0.06742773950099945,27.403045654296875,13,3.6310577392578125,0.28867506980895996,0.0,1976.3284102176885,4078.3967864118076,45.105519007676385,3.226103519166939,0.30401694774627686,0.02346460521221161,0.0,27,6.105902194976807,0.00044606218580156565,293.7952575683594,21.786346435546875,45.105519007676385,3.226103519166939
1653.0001220703125,83.4981918334961,-8.045681953430176,0.054857246577739716,207.36569213867188,31.735849380493164,-5.791842460632324,0.16620460152626038,1040.9920654296875,53.923519134521484,-7.543618679046631,0.05625493451952934,31.149620056152344,26,7.525956630706787,0.28867506980895996,0.0,2003.057086417624,4251.482447187994,45.11816721530362,3.224130202540559,0.408600777387619,0.015489175915718079,0.0,27,8.820815086364746,0.0006444035097956657,-2726.588623046875,45.155738830566406,45.11816721530362,3.224130202540559
454.9447021484375,34.12733840942383,-6.644896507263184,0.08146548271179199,215.80584716796875,31.772510528564453,-5.835157871246338,0.1598888337612152,454.5815734863281,32.79268264770508,-6.64402961730957,0.07834205031394958,35.934600830078125,15,4.1412858963012695,0.15870897471904755,0.1109887883067131,2029.5625887632789,4081.7423275987107,45.10576422084437,3.2222091511481854,0.2771100401878357,0.015322903171181679,0.23207584023475647,27,4.8158488273620605,0.00035182415740564466,-1912.9393310546875,24.847715377807617,45.10576422084434,3.2222091511481787
605.1679077148438,43.557125091552734,-6.9546895027160645,0.07816514372825623,196.20315551757812,31.583751678466797,-5.731764793395996,0.17481856048107147,255.42657470703125,28.126873016357422,-6.018165111541748,0.11958733946084976,26.915626525878906,10,2.842564582824707,0.28867506980895996,0.0,2019.540837804767,4093.9634602792266,45.10665717804572,3.2229409705881054,0.4250584840774536,0.36265048384666443,0.10182108730077744,27,5.3924384117126465,0.0003939460148103535,17.66537094116211,17.055387496948242,45.10665717804572,3.2229409705881054
755.5254516601562,70.05438232421875,-7.19562292098999,0.10069688409566879,134.9517059326172,33.005924224853516,-5.325446128845215,0.26560935378074646,238.22689819335938,46.499267578125,-5.942477226257324,0.21197524666786194,18.535293579101562,5,1.421675443649292,0.357153058052063,12.144919395446777,1872.7705612418908,4092.533434482696,45.10655047921104,3.233676847049913,0.34480106830596924,0.07906422764062881,11.63668155670166,26,4.219547748565674,0.0003082473704125732,214.60581970214844,8.530052185058594,45.10655047921104,3.233676847049913
1206.2640380859375,47.51115036010742,-7.703606128692627,0.04277430847287178,1037.882568359375,40.072052001953125,-7.540370464324951,0.04192983731627464,1172.294677734375,49.523807525634766,-7.6725921630859375,0.045878272503614426,81.27008056640625,33,2.0180954933166504,0.8700094819068909,3.2830612659454346,1017.8244284216753,4092.484556733523,45.106524281077014,3.296198225920497,0.07038329541683197,0.06332364678382874,2.2071545124053955,24,4.678142070770264,0.00034167192643508315,946.3722534179688,12.108572959899902,45.10652428107701,3.296198225920492
311.6475830078125,46.09090042114258,-6.234159469604492,0.16061320900917053,130.123046875,31.398347854614258,-5.285885810852051,0.2620489299297333,256.7236022949219,38.462730407714844,-6.023664474487305,0.16270621120929718,18.494613647460938,5,1.493543267250061,0.28867506980895996,0.0,628.5756630311478,4094.905774887253,45.10668540277107,3.324655848991826,0.3486343324184418,0.06341789662837982,0.0,26,3.878662586212158,0.00028325492166914046,248.30117797851562,8.961259841918945,45.10668540277107,3.324655848991826
1792.355712890625,37.568363189697266,-8.133560180664062,0.02276291511952877,1258.5450439453125,42.30611801147461,-7.749671936035156,0.03650600090622902,1712.9278564453125,37.27901840209961,-8.08434772491455,0.023634979501366615,221.45681762695312,14,1.7878164052963257,0.4280046820640564,-87.01546478271484,187.00888366833075,4091.9938577936573,45.10645054207042,3.3569344433091923,0.06738143414258957,0.06084240600466728,-84.87075805664062,26,5.204069137573242,0.00038001142092980444,1715.313720703125,10.726898193359375,45.10645054207042,3.356934443309192
303.76220703125,41.75468444824219,-6.206334114074707,0.1492798775434494,114.83064270019531,31.331098556518555,-5.150144577026367,0.2963109314441681,896.9749755859375,65.64554595947266,-7.381950855255127,0.07947943359613419,20.606216430664062,13,3.99481463432312,0.28867506980895996,0.0,70.52947998487912,4047.996661129292,45.10322883996865,3.3654546719827065,0.43899771571159363,0.032687101513147354,0.0,26,6.408331394195557,0.0004679378180298954,173.14752197265625,23.968887329101562,45.10322883996865,3.3654546719827065
790.9005126953125,61.148841857910156,-7.245304584503174,0.08396459370851517,183.33197021484375,31.610504150390625,-5.658095359802246,0.1872505247592926,1031.353515625,67.15797424316406,-7.5335187911987305,0.07071635127067566,26.10576629638672,19,5.189382553100586,0.28867506980895996,0.0,-52.65626450395733,4634.4403646733645,45.146066627380876,3.374369076372731,0.4650707542896271,0.024596482515335083,0.0,26,7.314067840576172,0.0005340699572116137,-699.5068969726562,31.136295318603516,45.146066627380876,3.374369076372731
280.7784729003906,41.401859283447266,-6.120909690856934,0.16013485193252563,279.2130432128906,41.60060119628906,-6.11483907699585,0.161805659532547,307.1217956542969,59.08872985839844,-6.218276500701904,0.20894108712673187,18.42743682861328,12,1.5412529706954956,1.1661176681518555,88.03604888916016,1631.72565299934,4089.2830756347234,45.1063082658972,3.2513070810515434,0.3321017324924469,0.3311380445957184,51.05134582519531,16,8.017535209655762,0.0005856612115167081,287.78094482421875,9.247517585754395,45.1063082658972,3.2513070810515434
6244.71630859375,72.06218719482422,-9.488781929016113,0.012532120570540428,5505.58642578125,56.32350158691406,-9.352008819580078,0.01111004687845707,6133.7578125,73.66385650634766,-9.469316482543945,0.013042404316365719,351.20050048828125,82,1.9699864387512207,1.4876035451889038,6.042661190032959,1790.2603773799806,4088.595369174792,45.10626124194592,3.239712251872651,0.021597979590296745,0.020504508167505264,8.455083847045898,16,3.916098117828369,0.00028607394779101014,6269.9287109375,11.819918632507324,45.10626124194591,3.239712251872648
1146.9080810546875,79.71945190429688,-7.6488213539123535,0.07548584789037704,324.469970703125,41.624656677246094,-6.2779364585876465,0.139317587018013,441.32733154296875,71.1905288696289,-6.611902236938477,0.17518270015716553,23.159942626953125,13,1.5486801862716675,0.9112215042114258,-20.68625831604004,66.95145987765027,4091.1384279041417,45.10638127698057,3.3657099069708214,0.34033194184303284,0.32720810174942017,-3.315680742263794,24,6.785640239715576,0.0004954889300279319,415.51190185546875,9.292080879211426,45.10638127698057,3.365709906970821
996.0274047851562,50.73080062866211,-7.495678424835205,0.055313386023044586,893.2423706054688,43.52875518798828,-7.377423286437988,0.05292205885052681,962.6279907226562,56.97770309448242,-7.458646297454834,0.06428006291389465,61.618614196777344,33,1.5557925701141357,1.2672098875045776,25.460622787475586,344.03829967997297,4086.6008423681133,45.10606479029653,3.345456991774997,0.08992481231689453,0.08936765789985657,8.519109725952148,16,4.029571533203125,0.0002942580613307655,960.4544677734375,9.334754943847656,45.10606479029653,3.345456991774997
1175.3935546875,58.02271270751953,-7.6754584312438965,0.05360984429717064,981.0682983398438,43.776241302490234,-7.479248046875,0.04845839738845825,1092.377685546875,58.14226531982422,-7.5959320068359375,0.05780281126499176,56.42828369140625,41,1.8260890245437622,1.3413728475570679,20.62702178955078,588.6217714309118,4081.165245839616,45.10567947196246,3.3275784873265035,0.0951172485947609,0.09400711953639984,-3.9019339084625244,0,5.142223834991455,0.00037553076981566846,1086.6708984375,10.956534385681152,45.105679471962446,3.3275784873264977
348.0922546386719,51.4159049987793,-6.354236125946045,0.1604105532169342,172.46490478515625,41.13381576538086,-5.591752052307129,0.25901687145233154,242.99026489257812,78.27596282958984,-5.963972091674805,0.3498399257659912,14.570365905761719,12,2.4551315307617188,1.1444449424743652,10.73128604888916,472.67817364740114,4076.47212002079,45.105331040281165,3.3360548886192336,0.565331220626831,0.5623247623443604,4.655221462249756,3,10.038606643676758,0.0007330909720622003,-187.28675842285156,14.730789184570312,45.105331040281165,3.3360548886192336
154.75746154785156,33.90953063964844,-5.4741291999816895,0.23795783519744873,158.01739501953125,41.19681167602539,-5.496762275695801,0.28313174843788147,201.49258422851562,59.9447135925293,-5.760647773742676,0.3230886161327362,18.07788848876953,6,1.5120983123779297,0.4603177011013031,25.539649963378906,470.1447751420598,4077.3446479471077,45.105394679272415,3.3362399634211557,0.5699136853218079,0.5654506683349609,-4.575817108154297,3,4.958855152130127,0.000362130522262305,126.01214599609375,9.072589874267578,45.105394679272415,3.3362399634211553
2098.66162109375,85.92990112304688,-8.304856300354004,0.044466372579336166,1237.0233154296875,44.51656723022461,-7.730944633483887,0.03908171504735947,1913.55517578125,86.4430923461914,-8.204602241516113,0.04905904829502106,50.55003356933594,76,2.5623843669891357,2.158601760864258,5.328278541564941,689.0458610769622,4066.358404962858,45.104601914248946,3.3202389180562735,0.11928178369998932,0.11925636231899261,-80.3093490600586,2,8.510477066040039,0.0006215300527401268,1346.942626953125,15.374305725097656,45.104601914248946,3.3202389180562735
351.27801513671875,50.58460235595703,-6.3641276359558105,0.15638574957847595,247.9575958251953,41.41782760620117,-5.985943794250488,0.18140101432800293,285.88226318359375,52.27046585083008,-6.140468120574951,0.19856330752372742,19.821104049682617,14,1.9496243000030518,1.0562937259674072,-55.10104751586914,1774.0496924115614,4060.6781907261056,45.10422079119412,3.240900943107582,0.4099472761154175,0.4084773063659668,-77.6143569946289,0,8.5318603515625,0.0006232663290575147,37.91595458984375,11.697746276855469,45.10422079119411,3.2409009431075786
659.8458862304688,58.55336380004883,-7.0486063957214355,0.09636940062046051,477.14495849609375,42.127525329589844,-6.696625709533691,0.09588384628295898,506.96917724609375,62.2429084777832,-6.762454032897949,0.13333314657211304,30.037843704223633,28,1.802127480506897,1.6459782123565674,-44.55600357055664,1442.6267263684,4058.1572162411103,45.10402901865536,3.265139844426243,0.19983933866024017,0.19829505681991577,-0.4660535156726837,0,7.288422107696533,0.0005323836812749505,203.86618041992188,10.812765121459961,45.10402901865536,3.2651398444262427
529.602783203125,60.363616943359375,-6.80987548828125,0.1237812340259552,300.3726501464844,41.56049728393555,-6.194150924682617,0.15026234090328217,395.5014953613281,56.75423049926758,-6.492870330810547,0.15584035217761993,21.401914596557617,17,1.6981428861618042,1.4579225778579712,22.9556884765625,1092.1890698999614,4060.278360429096,45.104173335364614,3.290764907863483,0.38301777839660645,0.3824940621852875,-5.221330642700195,2,9.419934272766113,0.000688017753418535,247.59815979003906,10.188857078552246,45.1041733353646,3.290764907863478
817.6104125976562,74.9172592163086,-7.281365871429443,0.09950967133045197,408.6985168457031,41.902828216552734,-6.528507709503174,0.1113448441028595,805.3368530273438,103.46247863769531,-7.264944076538086,0.1395195722579956,21.93779754638672,22,2.3934645652770996,1.1690272092819214,-53.25849914550781,776.2772084280695,4058.733873876318,45.10404844072234,3.3138625998128663,0.37280669808387756,0.3723662197589874,-49.60149383544922,2,10.017512321472168,0.0007316084811463952,521.1626586914062,14.360787391662598,45.10404844072234,3.313862599812866
1713.7310791015625,35.33578872680664,-8.084856986999512,0.02239246666431427,1552.2958984375,45.45408630371094,-7.977436065673828,0.03180008381605148,1677.3653564453125,40.11503601074219,-8.061569213867188,0.025972235947847366,202.4246368408203,19,1.9178334474563599,0.5431464910507202,3.8696062564849854,749.8282618666417,4052.9295902419944,45.10362315999998,3.315797011200685,0.04314877465367317,0.036058034747838974,6.959927082061768,3,6.086595058441162,0.00044452084694057703,1381.9853515625,11.507000923156738,45.10362315999998,3.3157970112006856
2701.385986328125,33.91232681274414,-8.57896614074707,0.013633293099701405,2840.7626953125,49.235416412353516,-8.633587837219238,0.018822290003299713,2885.496826171875,38.52122116088867,-8.650551795959473,0.014498039148747921,731.054931640625,11,1.1971625089645386,0.41146591305732727,-0.2822638154029846,743.6770059850182,4051.9840795528808,45.10355380267179,3.316246844521694,0.016468912363052368,0.012687650509178638,2.056518793106079,3,3.3192107677459717,0.0002424109261482954,2817.838623046875,7.182974815368652,45.10355380267179,3.316246844521694
4029.968994140625,44.003257751464844,-9.013254165649414,0.011858041398227215,2646.94384765625,48.689422607421875,-8.556861877441406,0.01997651532292366,5846.677734375,68.49835968017578,-9.417272567749023,0.012723331339657307,385.78094482421875,12,1.6816068887710571,0.45972058176994324,5.410316467285156,740.6529874076358,4051.372677851062,45.103508993676975,3.316468005894304,0.026980845257639885,0.007212367374449968,5.37990665435791,3,5.231268882751465,0.0003820534620899707,5650.3857421875,10.089641571044922,45.103508993676975,3.316468005894304
242.608154296875,41.16034698486328,-5.962263584136963,0.18424828350543976,210.45252990722656,41.22922897338867,-5.80788516998291,0.21275554597377777,217.3175811767578,39.582611083984375,-5.842737197875977,0.1978059709072113,17.66185760498047,10,1.0981172323226929,0.9035009145736694,22.602954864501953,880.4915433298938,4051.5630522056153,45.10352861695221,3.30624432515914,0.31912240386009216,0.31748855113983154,2.179060935974121,0,4.907992362976074,0.0003584555524867028,204.6231231689453,6.588703155517578,45.10352861695221,3.30624432515914
293.203369140625,47.16645812988281,-6.167922496795654,0.17470049858093262,146.0887908935547,40.981380462646484,-5.4115424156188965,0.30464884638786316,151.61831665039062,44.80247116088867,-5.451879024505615,0.32090768218040466,12.70240306854248,10,1.5895302295684814,0.7910341024398804,68.36335754394531,627.6833309179284,4050.4071286913877,45.1034334978099,3.324727010403277,0.4911624491214752,0.48646682500839233,68.34960174560547,0,6.694862365722656,0.0004889311385340989,141.24191284179688,9.537181854248047,45.10343349780989,3.324727010403272
51708.19921875,151.9329833984375,-11.78389835357666,0.0031909681856632233,41584.41796875,114.52392578125,-11.547327041625977,0.0029908553697168827,50629.13671875,142.43772888183594,-11.761001586914062,0.003055303357541561,2205.7431640625,238,2.2681193351745605,2.2114005088806152,80.8537826538086,519.9645344196506,4037.469530319173,45.10248305558621,3.332603457139199,0.0068282270804047585,0.00670255534350872,64.62501525878906,0,4.2098493576049805,0.0003074434062000364,51516.625,13.608716011047363,45.102483055586205,3.3326034571391943
708.3689575195312,67.84634399414062,-7.1256489753723145,0.10401518642902374,425.6058654785156,41.97405242919922,-6.572518825531006,0.1071033701300621,599.6346435546875,67.0027847290039,-6.944716930389404,0.12134893238544464,23.63262939453125,30,2.6101460456848145,1.2684742212295532,49.02699661254883,954.745294647056,4039.088035291178,45.10261979487161,3.3008169486404344,0.3324830234050751,0.3306070566177368,58.922298431396484,0,10.901204109191895,0.0007961902883835137,67.69966125488281,15.660876274108887,45.10261979487161,3.300816948640434
266.476318359375,43.08151626586914,-6.064146518707275,0.17557479441165924,193.90663146972656,41.205650329589844,-5.718981742858887,0.23077774047851562,268.3675231933594,56.73384475708008,-6.07182502746582,0.2295842468738556,17.9105224609375,8,1.499008297920227,0.9376846551895142,-2.042901039123535,1740.9963539340863,4039.304446019964,45.102658156821164,3.2433208020097903,0.6175540089607239,0.6149299144744873,25.244409561157227,3,6.198243141174316,0.0004527928540483117,233.43313598632812,8.994050025939941,45.10265815682115,3.243320802009786
19110.80859375,113.51199340820312,-10.703197479248047,0.0064504873007535934,15195.8056640625,76.45549774169922,-10.454309463500977,0.005464051850140095,18350.484375,105.77193450927734,-10.65911865234375,0.006259688641875982,821.3621826171875,172,2.2809011936187744,2.1024868488311768,39.72952651977539,1999.410399486153,4027.697104309146,45.10181421753332,3.2244203740720407,0.012256578542292118,0.012072236277163029,46.12925338745117,0,4.135128498077393,0.0003021024458575994,18677.9453125,13.685407638549805,45.1018142175333,3.2244203740720376
708.9974365234375,55.58030319213867,-7.126611709594727,0.0851345956325531,567.4429321289062,42.43757629394531,-6.884805202484131,0.08121910691261292,620.5839233398438,58.98878479003906,-6.982001304626465,0.10322829335927963,45.865264892578125,29,1.7125015258789062,1.5152925252914429,-33.7223014831543,1460.764770365822,4024.3706706961343,45.10156035124025,3.263817294461486,0.17374740540981293,0.17302405834197998,-55.309566497802734,0,6.292108535766602,0.0004596188955474645,341.8670959472656,10.275009155273438,45.10156035124025,3.263817294461486
242.41989135742188,42.79788589477539,-5.96142053604126,0.19172726571559906,151.3928680419922,41.094993591308594,-5.450263500213623,0.2947903871536255,157.15704345703125,52.86741638183594,-5.490834712982178,0.36532893776893616,15.603194236755371,9,1.3651996850967407,0.8701896667480469,70.9930419921875,280.81862295242667,4024.60856975845,45.10153122944582,3.350086891921187,0.4221240282058716,0.41732433438301086,75.4822998046875,3,6.505399703979492,0.0004750648222398013,136.1466522216797,8.191198348999023,45.101531229445804,3.350086891921181
679.5868530273438,71.29605102539062,-7.080612659454346,0.11393321305513382,198.26622009277344,41.28376770019531,-5.74312162399292,0.2261311560869217,236.79440307617188,48.562644958496094,-5.9359283447265625,0.22272077202796936,15.535578727722168,14,1.9248993396759033,0.9289925694465637,46.02898406982422,761.0259846455899,4029.9538691493185,45.10194456499843,3.3149813418910683,0.387256920337677,0.3838406205177307,60.196327209472656,0,7.997132778167725,0.0005840618396177888,27.65802001953125,11.549396514892578,45.101944564998426,3.314981341891063
9075.6962890625,83.52024841308594,-9.894700050354004,0.009994053281843662,7498.77880859375,60.945133209228516,-9.68747615814209,0.008826292119920254,8969.1064453125,86.14250183105469,-9.88187313079834,0.010430332273244858,405.0590515136719,108,2.1223084926605225,1.8735787868499756,49.022830963134766,115.12689396122029,4012.4721247896578,45.10063528138351,3.3622000296932324,0.019731534644961357,0.01941843330860138,43.630210876464844,0,4.152315139770508,0.00030321950907818973,8790.8037109375,12.733850479125977,45.100635281383525,3.362200029693238
410.66229248046875,53.34091567993164,-6.533711910247803,0.14106051623821259,312.09552001953125,41.58363342285156,-6.235718727111816,0.14469872415065765,350.8199462890625,62.15997314453125,-6.362710475921631,0.19242273271083832,18.28120994567871,17,1.9235167503356934,1.5305531024932861,-20.513843536376953,1833.8608308673408,4016.068628222182,45.10096178504753,3.2365310202492394,0.4090937376022339,0.40838032960891724,-41.555294036865234,0,10.27684497833252,0.0007507710834033787,235.3831024169922,11.54110050201416,45.100961785047545,3.2365310202492434
584.02490234375,58.41484069824219,-6.916078567504883,0.1086229681968689,396.1876525878906,41.90855026245117,-6.494752407073975,0.11487659066915512,407.2378845214844,57.35673141479492,-6.524620532989502,0.1529558300971985,29.49073600769043,19,1.516345500946045,1.235935926437378,75.76277923583984,1862.80845343046,4013.344445330196,45.1007631967005,3.2344139531770524,0.2496950477361679,0.2489038109779358,77.87503051757812,2,6.434273719787598,0.00047005785745568573,383.5335693359375,9.09807300567627,45.1007631967005,3.234413953177053
1923.103515625,102.02437591552734,-8.210006713867188,0.05761440843343735,808.535888671875,43.16855239868164,-7.269248008728027,0.05798264592885971,1410.292236328125,91.19374084472656,-7.873272895812988,0.07022403180599213,32.60276794433594,71,2.759744167327881,2.3092598915100098,-62.2704963684082,313.37157771231296,4009.187489351284,45.10040595167202,3.3477094831413288,0.19660621881484985,0.19559191167354584,-7.012302398681641,2,15.139443397521973,0.0011055939830839634,842.503173828125,16.55846405029297,45.10040595167202,3.3477094831413288
688.2678833007812,58.477909088134766,-7.094393730163574,0.09227076917886734,514.1434326171875,42.26398849487305,-6.777710914611816,0.0892721489071846,634.8286743164062,59.57449722290039,-7.006641387939453,0.10191395878791809,35.47397232055664,29,2.016387939453125,1.320664882659912,41.075653076171875,933.0932258670721,4002.946297505326,45.09997768146114,3.302404575562627,0.20470985770225525,0.20422214269638062,21.354721069335938,0,7.710141658782959,0.0005631335079669952,330.3975524902344,12.09832763671875,45.09997768146114,3.302404575562627
666.4307250976562,66.75759887695312,-7.059387683868408,0.10878662765026093,405.95782470703125,41.89380645751953,-6.521202087402344,0.1120724081993103,574.8533935546875,90.28483581542969,-6.898892879486084,0.17056407034397125,24.347429275512695,28,2.2054874897003174,1.5277849435806274,7.606449127197266,1953.4267153825533,4002.8097415919274,45.0999947388529,3.227786628573021,0.32169368863105774,0.32027050852775574,-1.0408443212509155,0,10.979109764099121,0.0008021076791919768,512.3015747070312,13.232925415039062,45.09999473885289,3.2277866285730177
444.34197998046875,51.891357421875,-6.619293212890625,0.12682576477527618,346.1490478515625,41.66499328613281,-6.34815788269043,0.13071878254413605,387.0377502441406,54.974212646484375,-6.469383239746094,0.15425367653369904,22.63932228088379,19,2.3142378330230713,1.0181012153625488,5.2566819190979,903.2864684610612,4000.628986240477,45.09980718324398,3.3045841735112265,0.3097960650920868,0.30786290764808655,-6.002007484436035,0,9.188214302062988,0.0006710848538205028,-23.61744499206543,13.885427474975586,45.09980718324397,3.3045841735112216
1824.9176025390625,77.87056732177734,-8.153108596801758,0.04634041339159012,1193.11572265625,44.46880340576172,-7.69170618057251,0.0404764749109745,1447.9779052734375,67.52486419677734,-7.901905059814453,0.050644420087337494,56.717403411865234,51,1.9565606117248535,1.6881258487701416,71.74262237548828,1235.6531602332009,3997.0589678211536,45.099557888768956,3.2802822957727376,0.09616957604885101,0.09504177421331406,49.164451599121094,0,5.599662780761719,0.0004090203146915883,1105.3109130859375,11.739363670349121,45.09955788876894,3.2802822957727322
704.7191162109375,66.75272369384766,-7.120039939880371,0.10286858677864075,449.4666748046875,42.09910202026367,-6.631743907928467,0.10171971470117569,1013.9164428710938,103.74017333984375,-7.515005588531494,0.11111549288034439,19.249191284179688,30,3.789388656616211,2.1924006938934326,37.572208404541016,444.0692640024749,3988.527112507257,45.09890263830093,3.3381582504902347,0.3860313594341278,0.3850463032722473,89.57981872558594,3,17.289953231811523,0.001262690289877355,564.889404296875,22.736331939697266,45.09890263830093,3.3381582504902347
514.0123901367188,55.16279602050781,-6.7774338722229,0.11654737591743469,386.03057861328125,41.890750885009766,-6.466554164886475,0.11784909665584564,842.7081909179688,110.10611724853516,-7.314193248748779,0.14189401268959045,21.69400405883789,22,2.073343276977539,1.0926237106323242,-46.3070068359375,442.58436323072084,3986.039934954413,45.09872079636396,3.3382671390062884,0.3864622116088867,0.38467589020729065,-47.624732971191406,3,9.008472442626953,0.0006578927277587354,1013.9677734375,12.440059661865234,45.09872079636396,3.3382671390062884
901.2841186523438,80.9432373046875,-7.3871541023254395,0.09753234684467316,179.5567169189453,41.12574005126953,-5.635504245758057,0.2487378567457199,356.9372253417969,78.26750183105469,-6.381479740142822,0.23813292384147644,18.87523078918457,9,1.7787202596664429,0.542967677116394,-53.846458435058594,440.944996082049,3985.6231511854494,45.09869025649498,3.3383870374198077,0.5832422375679016,0.580513060092926,60.1254768371582,3,5.857638359069824,0.0004277859115973115,486.754638671875,10.672321319580078,45.09869025649498,3.338387037419808
273.655517578125,44.46198272705078,-6.093010425567627,0.1764470636844635,190.8800506591797,41.24319839477539,-5.701901435852051,0.23465058207511902,165.07424926757812,57.05917739868164,-5.544198513031006,0.37538421154022217,18.07423210144043,11,1.8699463605880737,1.3325883150100708,-17.658031463623047,1072.286594587127,3989.2939305875675,45.09898499527378,3.292228860361578,0.42705869674682617,0.424824595451355,-36.40083694458008,0,8.55698013305664,0.0006250111619010568,-228.75621032714844,11.219677925109863,45.09898499527378,3.292228860361578
794.506591796875,67.44766998291016,-7.250243663787842,0.09219328314065933,519.7064819335938,42.32859802246094,-6.789395332336426,0.0884515792131424,645.612548828125,66.85281372070312,-7.024930000305176,0.11245468258857727,29.2742977142334,34,2.1326050758361816,1.5913186073303223,9.647656440734863,1675.2156756942175,3983.1821786800565,45.09855525332709,3.2481381009232533,0.24239479005336761,0.24148236215114594,4.375195503234863,0,10.046730995178223,0.0007339416770264506,348.4886779785156,12.79563045501709,45.098555253327085,3.248138100923249
649.5844116210938,66.81077575683594,-7.031589031219482,0.11169680207967758,297.6642150878906,41.69316864013672,-6.184316635131836,0.15211361646652222,461.5613708496094,93.1502685546875,-6.660573482513428,0.2191717028617859,19.63994026184082,18,1.7097899913787842,1.3460140228271484,-87.33590698242188,146.26051387628888,3993.2621980116564,45.09923314693143,3.3599270747077,0.40200677514076233,0.39989981055259705,-83.29862976074219,1,9.080239295959473,0.000663088692817837,479.9730224609375,10.258739471435547,45.09923314693143,3.3599270747077
5811.72021484375,160.7633514404297,-9.410761833190918,0.03004084713757038,1349.06005859375,44.93531036376953,-7.825078010559082,0.03617314621806145,5118.125,152.62281799316406,-9.272777557373047,0.032384589314460754,45.78944778442383,200,4.087290287017822,3.8877179622650146,-33.620121002197266,610.4934427020352,3968.5700670575507,45.09745193443318,3.325994548780883,0.1610928624868393,0.1604885756969452,30.875707626342773,2,16.87230682373047,0.0012322507100179791,4970.33154296875,24.52374267578125,45.09745193443318,3.3259945487808826
672.63330078125,67.87446594238281,-7.069446086883545,0.10958670824766159,348.3396911621094,41.7664680480957,-6.355007648468018,0.13021308183670044,435.2684631347656,77.98651123046875,-6.596892833709717,0.19457727670669556,22.076587677001953,12,1.483587384223938,0.9691776633262634,-32.15061950683594,274.41552125922783,3972.4470552121975,45.09771885652214,3.3505622531404895,0.3446626365184784,0.3398619592189789,61.79054641723633,2,6.401889324188232,0.00046751898480579257,456.5690002441406,8.901524543762207,45.09771885652214,3.3505622531404886
447.2574768066406,57.91826629638672,-6.626393795013428,0.14063316583633423,239.7270965576172,41.390411376953125,-5.9492926597595215,0.1875048279762268,351.7872009277344,71.2470932006836,-6.3657002449035645,0.21994644403457642,18.64891815185547,17,2.8766629695892334,1.336952805519104,-84.47521209716797,1373.7612341547763,3962.653024940529,45.09704744338878,3.2701869646643456,0.5167192220687866,0.5144199728965759,59.4290771484375,0,11.752509117126465,0.0008584948955103755,-163.7576904296875,17.259977340698242,45.097047443388796,3.2701869646643495
1619.54345703125,100.91383361816406,-8.023481369018555,0.06766871362924576,539.5751342773438,42.37783432006836,-6.830129623413086,0.08529364317655563,1230.49755859375,118.87074279785156,-7.7252020835876465,0.10491172969341278,26.556697845458984,29,2.8214049339294434,1.653088927268982,50.011417388916016,1440.700407312926,3956.2776799778558,45.09658332576627,3.2652924162835237,0.2966255843639374,0.29361292719841003,-57.57529067993164,2,12.946324348449707,0.0009457187261432409,1237.28662109375,16.928428649902344,45.09658332576627,3.2652924162835233
221.34910583496094,39.72077560424805,-5.862694263458252,0.1948811262845993,211.31436157226562,41.29561996459961,-5.812322616577148,0.21222904324531555,198.91098022460938,46.38249969482422,-5.746646881103516,0.2532358765602112,15.42672061920166,9,1.6025333404541016,0.6994754076004028,-18.465484619140625,311.1335127003204,3963.8229938754275,45.09709049716959,3.3478793949128374,0.3334943950176239,0.3318677544593811,52.946685791015625,2,6.316929817199707,0.0004613206838257611,117.77974700927734,9.61520004272461,45.09709049716959,3.3478793949128374
486.3472900390625,60.79507827758789,-6.7173662185668945,0.13575372099876404,84.91859436035156,40.807106018066406,-4.822506904602051,0.5218706130981445,76.21128845214844,40.32529830932617,-4.705048084259033,0.5746297836303711,19.433889389038086,9,1.2457575798034668,1.015488862991333,-17.928279876708984,39.62668236617404,3961.880817814202,45.096933697245206,3.3677259640812873,0.29390501976013184,0.29061561822891235,21.885643005371094,0,4.686443328857422,0.0003422283916734159,-64.3869857788086,7.474545478820801,45.09693369724519,3.3677259640812816
370.9790344238281,51.59971237182617,-6.423373222351074,0.15105244517326355,279.2110595703125,41.53755187988281,-6.114831447601318,0.16156159341335297,315.0960693359375,53.584415435791016,-6.246107578277588,0.18468232452869415,20.508268356323242,15,1.53627347946167,1.4357030391693115,13.803054809570312,392.52653140729814,3952.96361560349,45.096300987109515,3.3419309908052983,0.4032035768032074,0.4019709527492523,-83.11833190917969,0,8.140890121459961,0.0005945374723523855,206.75299072265625,9.21764087677002,45.096300987109515,3.3419309908052988
37152.23828125,135.5877685546875,-11.424962043762207,0.003963376861065626,30252.767578125,99.9556655883789,-11.201912879943848,0.0035881625954061747,36298.4296875,126.7802734375,-11.39971923828125,0.003793094540014863,1703.045166015625,216,2.261685609817505,2.1228442192077637,41.232391357421875,1653.968466932702,3938.842432750234,45.09531419996039,3.249696962859689,0.00800106767565012,0.007844280451536179,52.424774169921875,0,4.081146717071533,0.00029814473236911,37225.19140625,13.570114135742188,45.09531419996039,3.249696962859689
1370.9111328125,98.5397720336914,-7.842523097991943,0.07806063443422318,405.53070068359375,41.87675857543945,-6.520059108734131,0.11214479804039001,1034.7667236328125,116.27289581298828,-7.537106037139893,0.12202978879213333,29.932634353637695,33,2.7933175563812256,1.781835913658142,89.03105926513672,917.7952778253656,3940.656956807608,45.09542470996463,3.3035309016178114,0.42047104239463806,0.41626811027526855,83.35102844238281,3,13.375203132629395,0.0009769288590177894,1115.0379638671875,16.759904861450195,45.095424709964625,3.303530901617807
868.1316528320312,73.7834243774414,-7.346464157104492,0.09230028837919235,461.4786376953125,42.15398025512695,-6.660378932952881,0.09920117259025574,513.514404296875,81.41004943847656,-6.776381492614746,0.17216910421848297,26.979854583740234,33,1.9743099212646484,1.6043034791946411,-17.833086013793945,313.2291368520206,3943.221567796849,45.0955849661699,3.34772906124866,0.2312699407339096,0.23091626167297363,58.44578170776367,0,10.661316871643066,0.0007785974303260446,586.4581298828125,11.84585952758789,45.0955849661699,3.34772906124866
179137.078125,254.65345764160156,-13.132964134216309,0.001543810241855681,144027.03125,203.4120330810547,-12.896109580993652,0.0015337779186666012,174792.421875,235.353759765625,-13.106306076049805,0.0014622727176174521,7884.57470703125,428,2.3981759548187256,2.3370814323425293,52.47709274291992,1957.1910365191513,3930.07950520834,45.09467930560273,3.2275188214317856,0.0034916929434984922,0.0033972507808357477,46.731651306152344,0,4.1736741065979,0.0003049313963856548,178936.703125,14.389055252075195,45.09467930560273,3.227518821431786
250.95098876953125,42.757965087890625,-5.998972415924072,0.18503673374652863,118.24034881591797,40.98357009887695,-5.181914329528809,0.37642109394073486,125.688720703125,39.67699432373047,-5.248240947723389,0.3428248465061188,16.60028076171875,10,1.5207401514053345,0.6252778172492981,58.766578674316406,833.3436175180868,3956.377728475839,45.096570365124656,3.30970355517713,0.3341415524482727,0.33128413558006287,76.21062469482422,0,5.811610698699951,0.00042446955922059715,176.87892150878906,9.124441146850586,45.096570365124656,3.3097035551771303
77.41732025146484,23.98698616027832,-4.722095489501953,0.336486279964447,28.848121643066406,40.64939498901367,-3.6502938270568848,1.5302640199661255,72.92552947998047,32.18062210083008,-4.657198905944824,0.47923073172569275,14.424299240112305,3,0.6089840531349182,0.3074893653392792,43.227783203125,52.240335118689735,3934.95845350945,45.09496683937155,3.366807869441192,0.3741243779659271,0.3715490996837616,62.78941345214844,2,2.5017154216766357,0.00018269146676175296,52.92108154296875,3.653904438018799,45.09496683937155,3.3668078694411925
2127.004638671875,104.11064147949219,-8.31942081451416,0.05315651744604111,852.4168090820312,43.35388946533203,-7.326630115509033,0.055233921855688095,1870.927734375,96.07050323486328,-8.180142402648926,0.05576515197753906,32.848854064941406,61,2.764953136444092,2.495868444442749,23.14470100402832,1129.6831483692602,3927.504612365674,45.09447104961347,3.2880394867201446,0.21159197390079498,0.20924432575702667,-25.455163955688477,2,13.750309944152832,0.0010043872753158212,1513.389892578125,16.589717864990234,45.09447104961347,3.288039486720144
308.61297607421875,47.36173629760742,-6.223535537719727,0.16666455566883087,74.09087371826172,40.834720611572266,-4.674411773681641,0.5985420942306519,105.05253601074219,42.01327133178711,-5.053516387939453,0.43431994318962097,11.55383014678955,9,1.913074016571045,0.7805745005607605,2.1626651287078857,1638.4935511596145,3930.186969710615,45.09468125678047,3.250829730621566,0.5765451192855835,0.5753380656242371,-6.735145568847656,0,7.302358150482178,0.0005334677407518029,-55.30738830566406,11.47844409942627,45.09468125678047,3.2508297306215654
280.4886169433594,41.019630432128906,-6.11978816986084,0.15882042050361633,235.58274841308594,41.3765983581543,-5.93035888671875,0.190739706158638,240.23699951171875,45.074462890625,-5.951599597930908,0.20376072824001312,24.501379013061523,12,1.7240910530090332,0.8864345550537109,-4.658504009246826,1374.6219356738713,3930.40450427598,45.09469053639444,3.270127748271611,0.3130797743797302,0.3090144693851471,2.9213123321533203,1,7.388221740722656,0.0005397029453888535,173.954833984375,10.3445463180542,45.09469053639445,3.2701277482716145
368.79345703125,51.259803771972656,-6.416957855224609,0.15094667673110962,225.83706665039062,41.31239318847656,-5.884488105773926,0.19866207242012024,229.341796875,58.906890869140625,-5.90120792388916,0.27894124388694763,19.121431350708008,15,1.9107071161270142,1.0057499408721924,-34.8487434387207,1371.462407647143,3924.6090452357485,45.094266871217776,3.270359472610408,0.36035671830177307,0.35914182662963867,-38.899444580078125,0,8.292466163635254,0.000605758570600301,353.44677734375,11.464242935180664,45.094266871217776,3.270359472610408
2337.87451171875,99.73980712890625,-8.422053337097168,0.046331584453582764,1097.837646484375,44.1871223449707,-7.601345539093018,0.04371066391468048,1898.9876708984375,96.28104400634766,-8.196305274963379,0.05506155639886856,38.98442077636719,95,3.3521556854248047,2.0734217166900635,65.0877685546875,516.2364140874208,3914.895452651627,45.093524743873544,3.3328924703337095,0.14870093762874603,0.14659197628498077,70.3905258178711,0,11.550070762634277,0.0008435544441454113,1524.3756103515625,20.112934112548828,45.093524743873544,3.3328924703337095
884.7167358398438,56.393157958984375,-7.367010593414307,0.06922325491905212,663.7816772460938,42.76486587524414,-7.055063247680664,0.06996674835681915,652.0347290039062,60.43292999267578,-7.035676956176758,0.10065439343452454,47.96770477294922,34,2.0402824878692627,1.3492487668991089,59.79708480834961,1067.729149944471,3913.279919615284,45.09342927779571,3.2925713774734513,0.12133420258760452,0.12036614865064621,70.7475357055664,0,8.410016059875488,0.0006143019418232143,398.3769836425781,12.241695404052734,45.09342927779571,3.2925713774734517
243.69569396972656,42.93574523925781,-5.9671196937561035,0.19133788347244263,167.3703155517578,41.275760650634766,-5.5591959953308105,0.26782211661338806,166.17169189453125,57.06182861328125,-5.551392555236816,0.3729223906993866,15.9727783203125,5,1.008004069328308,0.41631945967674255,5.698818683624268,1200.7728458876097,3914.83208230195,45.093547167244445,3.2828426770232957,0.8585029244422913,0.8566808104515076,-55.430015563964844,2,3.8248848915100098,0.00027939461870118976,177.40773010253906,6.0480241775512695,45.09354716724443,3.2828426770232904
289.453125,44.71783447265625,-6.153945446014404,0.16777697205543518,206.4167022705078,41.26338577270508,-5.786861896514893,0.2170950025320053,200.7175750732422,47.77932357788086,-5.756463527679443,0.2585141956806183,18.250900268554688,12,1.3414061069488525,1.3337018489837646,50.3740348815918,981.4076824901994,3913.7217095452943,45.093458473200805,3.2988831020516693,0.4121473729610443,0.4107920527458191,-64.10648345947266,0,7.9989776611328125,0.000584265508223325,110.7568130493164,8.048437118530273,45.093458473200805,3.2988831020516693
427.177978515625,53.20050811767578,-6.576522350311279,0.13524983823299408,295.67791748046875,41.592193603515625,-6.177047252655029,0.15276461839675903,283.4349060058594,77.7175064086914,-6.131133556365967,0.2977798879146576,20.13840675354004,14,2.129171133041382,0.8602983355522156,33.506553649902344,535.1213842620344,3912.3096623708716,45.093336640828966,3.3315122100452417,0.32477307319641113,0.3228187561035156,-30.812824249267578,2,8.094576835632324,0.0005911868065595627,154.65347290039062,12.775026321411133,45.09333664082895,3.331512210045237
447.6338806152344,56.854312896728516,-6.627307415008545,0.1379336714744568,211.80435180664062,41.2655143737793,-5.814837455749512,0.2115837037563324,223.2512664794922,50.83203125,-5.871984958648682,0.2472711056470871,21.6975154876709,14,2.201780319213867,0.8806037902832031,46.38484573364258,857.3692928776534,3910.6617049092165,45.09323008764137,3.307952733358968,0.537771999835968,0.5327767729759216,40.79690933227539,2,8.329767227172852,0.0006084103952161968,29.26276397705078,13.210681915283203,45.09323008764137,3.307952733358968
3108.620849609375,39.70020294189453,-8.731419563293457,0.013869307935237885,2512.154541015625,48.40092468261719,-8.500116348266602,0.020923634991049767,3084.453125,45.05693054199219,-8.722945213317871,0.015864020213484764,460.6346130371094,19,2.774648427963257,0.3140413165092468,22.982345581054688,740.4558466900469,3900.027981433293,45.09244811242646,3.3165020135261076,0.052823275327682495,0.042295631021261215,22.90512466430664,3,5.559535026550293,0.0004060623759869486,2620.888427734375,16.647890090942383,45.09244811242646,3.316502013526108
2301.716064453125,37.69049072265625,-8.405129432678223,0.01778319850564003,2277.41748046875,47.7273063659668,-8.393606185913086,0.022759048268198967,2279.171875,42.133453369140625,-8.394442558288574,0.020076120272278786,423.3656005859375,20,1.2299412488937378,0.7045031785964966,19.5956974029541,764.6306877905215,3910.701186314376,45.09322921036286,3.3147331722649325,0.02068103849887848,0.019041823223233223,23.85066032409668,3,2.9718949794769287,0.00021706390543840826,2199.86181640625,7.379647254943848,45.09322921036286,3.3147331722649325
2571.605224609375,40.76398849487305,-8.525510787963867,0.017214808613061905,2134.4228515625,47.2845573425293,-8.323201179504395,0.0240585096180439,2844.743408203125,49.881038665771484,-8.63510799407959,0.019042422994971275,209.65061950683594,24,2.7869224548339844,0.46837490797042847,24.353656768798828,759.0592470365154,3908.160554759147,45.09304328847711,3.3151408381259206,0.06252507120370865,0.05256997421383858,23.561664581298828,3,6.822717666625977,0.0004983237595297396,2433.128173828125,16.721534729003906,45.09304328847711,3.31514083812592
3050.163818359375,41.06846237182617,-8.710807800292969,0.01462228037416935,2658.181640625,48.74813461303711,-8.561461448669434,0.019916048273444176,3197.124755859375,48.87515640258789,-8.7618989944458,0.01660192385315895,495.768310546875,22,2.503979444503784,0.4733812212944031,23.621767044067383,748.0892548559364,3903.415576223242,45.092696027398155,3.315943485504599,0.03806772083044052,0.029912712052464485,24.29927635192871,3,6.49806547164917,0.0004746115591842681,2779.99755859375,15.023876190185547,45.09269602739814,3.315943485504593
267.9910583496094,44.969417572021484,-6.070300579071045,0.18223290145397186,150.544921875,41.06024932861328,-5.444165229797363,0.296200156211853,165.234619140625,37.70127868652344,-5.545252799987793,0.2477906197309494,14.320293426513672,10,1.2749619483947754,0.8444071412086487,40.77867126464844,1174.8012806086094,3910.1963742052294,45.0932075139196,3.2847423827673405,0.3918435871601105,0.3885262906551361,18.67256736755371,0,6.189128398895264,0.00045209217933006585,111.90776824951172,7.649771690368652,45.0932075139196,3.2847423827673397
256.9745788574219,38.66069793701172,-6.024725437164307,0.16338393092155457,283.71728515625,41.505184173583984,-6.132214546203613,0.15887165069580078,341.35845947265625,64.97370910644531,-6.333026885986328,0.20670777559280396,22.132326126098633,11,1.6629592180252075,0.8025993704795837,31.638212203979492,222.3917537476235,3910.143467042161,45.09316265383421,3.354373851504321,0.4225825369358063,0.41858258843421936,33.41802215576172,1,6.899845123291016,0.0005038963863626122,134.8609619140625,9.977755546569824,45.0931626538342,3.3543738515043153
236.0263671875,42.04698944091797,-5.932401180267334,0.19346579909324646,82.06249237060547,40.8936882019043,-4.7853617668151855,0.5411795973777771,69.9137191772461,21.098119735717773,-4.611405849456787,0.32772621512413025,15.331049919128418,5,1.5941895246505737,0.23523350059986115,-58.273040771484375,170.66970557292257,3911.3304357722272,45.0932466077225,3.3581544863825084,0.3574758470058441,0.05192610248923302,-58.218475341796875,2,3.6084747314453125,0.00026352496934123337,-21.39411163330078,9.565136909484863,45.093246607722484,3.358154486382503
334.2186584472656,47.4788818359375,-6.310076713562012,0.15427644550800323,222.66941833496094,41.42852020263672,-5.869151592254639,0.20205456018447876,202.7202606201172,53.29437255859375,-5.767242908477783,0.2855052053928375,19.616775512695312,14,1.6578383445739746,1.351983904838562,-1.4971232414245605,335.869766647633,3906.7104487862766,45.09291767700893,3.3460790470005755,0.39167520403862,0.3903369605541229,-43.93722152709961,0,8.960305213928223,0.0006543888594023883,-48.914310455322266,9.947030067443848,45.09291767700893,3.3460790470005755
351.9736633300781,49.001644134521484,-6.366275310516357,0.15119251608848572,19.907371520996094,40.65129089355469,-3.24753475189209,2.2176358699798584,30.036653518676758,41.37226104736328,-3.6941287517547607,1.495848298072815,12.668169975280762,9,1.8091868162155151,0.7406224608421326,29.78578758239746,1933.3548130217332,3905.2250233746813,45.09286237904229,3.229265013248646,0.6502496600151062,0.6458167433738708,-85.83563232421875,0,6.913503170013428,0.0005051087937317789,-93.56495666503906,10.855120658874512,45.09286237904229,3.229265013248646
246.13233947753906,43.18953323364258,-5.977921485900879,0.19056347012519836,66.95580291748047,40.90681838989258,-4.5644707679748535,0.6634944081306458,120.25789642333984,32.88474655151367,-5.200284004211426,0.2969687283039093,13.708106994628906,9,2.170564651489258,0.4020460247993469,-50.85942459106445,621.986362870383,3860.8190774593118,45.08957720997482,3.3251684796120977,0.40492135286331177,0.07550463080406189,-50.78440856933594,0,5.563788414001465,0.0004063631349708885,-341.77410888671875,13.023387908935547,45.08957720997482,3.3251684796120977
431.0717468261719,56.28013229370117,-6.586373805999756,0.14178666472434998,202.18382263183594,41.407752990722656,-5.764366149902344,0.2224155217409134,272.672119140625,56.1640625,-6.089101791381836,0.22369053959846497,20.191036224365234,11,1.6818944215774536,1.0854753255844116,53.22682189941406,1619.1366243842676,3891.734601079518,45.09187039276815,3.252249696339261,0.458382785320282,0.4552827477455139,41.83713912963867,2,8.08105754852295,0.0005903650890104473,125.3637466430664,10.0913667678833,45.09187039276815,3.252249696339261
350.1344909667969,50.425846099853516,-6.360587120056152,0.15640409290790558,216.25990295410156,41.3121337890625,-5.837440013885498,0.20745860040187836,215.04579162597656,49.83332061767578,-5.831327438354492,0.25166261196136475,17.06481170654297,11,1.8161406517028809,1.0748074054718018,67.76982879638672,514.7078100563875,3887.6341580993562,45.09153219932399,3.333007858166524,0.4956894814968109,0.4949209690093994,23.35711669921875,2,8.358072280883789,0.0006104371859692037,194.84068298339844,10.896843910217285,45.09153219932399,3.3330078581665243
447.74810791015625,58.32331085205078,-6.627584457397461,0.14146149158477783,171.89950561523438,41.1796760559082,-5.588186740875244,0.26015856862068176,118.47362518310547,51.50984191894531,-5.184054374694824,0.4721699655056,17.710416793823242,16,1.9559627771377563,1.055606484413147,70.95679473876953,53.11214276309847,3884.3767938080277,45.0912700800555,3.3667514228715683,0.2699716091156006,0.26918745040893555,64.2582015991211,0,8.597692489624023,0.0006278774235397577,-11.270029067993164,11.735776901245117,45.0912700800555,3.3667514228715687
354.4493713378906,51.0035400390625,-6.373885631561279,0.1562701165676117,258.6520080566406,41.532371520996094,-6.031789779663086,0.17438162863254547,242.97496032714844,40.489200592041016,-5.963903903961182,0.18097038567066193,18.60061264038086,14,1.4632529020309448,0.9230881333351135,51.07371139526367,1175.8554914800548,3878.4235810165173,45.09088528937888,3.2846690788095203,0.3127468526363373,0.31146013736724854,53.43134689331055,0,6.941564559936523,0.0005070638726465404,145.2541961669922,8.77951717376709,45.09088528937887,3.284669078809516
537.689453125,56.89244842529297,-6.826328754425049,0.11490870267152786,398.9560241699219,41.948909759521484,-6.502312660217285,0.11418931186199188,401.38323974609375,54.711647033691406,-6.5088982582092285,0.14803022146224976,24.91741180419922,23,1.702534556388855,1.3328492641448975,55.260589599609375,736.4745940126388,3877.6757235971118,45.09081423526689,3.316795960901927,0.23481371998786926,0.23340627551078796,21.85576629638672,0,6.540417194366455,0.0004777104768436402,250.62127685546875,10.21520709991455,45.09081423526689,3.316795960901927
276.7684326171875,44.9552001953125,-6.105291366577148,0.17639781534671783,231.39093017578125,41.394287109375,-5.910865783691406,0.19427812099456787,204.07733154296875,38.69904327392578,-5.774487018585205,0.2059374302625656,18.99803924560547,11,1.4736067056655884,0.7533780932426453,-88.71464538574219,1753.821508349017,3876.9907942961754,45.090795601118565,3.242400267658105,0.3268398940563202,0.32552558183670044,73.26717376708984,0,6.28618860244751,0.0004592604818753898,127.31722259521484,8.84164047241211,45.090795601118565,3.2424002676581045
684.4304809570312,69.55055236816406,-7.088323593139648,0.11035729944705963,252.61599731445312,41.44914627075195,-6.006152153015137,0.17819051444530487,237.5494842529297,47.19649887084961,-5.939385414123535,0.2157672494649887,19.915939331054688,11,2.5967798233032227,0.665174663066864,-32.50032424926758,21.561885656154153,3864.6797511386917,45.08982865087439,3.3690604495561094,0.38157710433006287,0.37869322299957275,-25.080961227416992,2,7.858686447143555,0.0005739115877076983,-560.62353515625,15.580678939819336,45.08982865087439,3.369060449556109
7938.6318359375,84.41011047363281,-9.749363899230957,0.011547251604497433,6513.34912109375,58.706077575683594,-9.534510612487793,0.009788327850401402,7692.88916015625,85.23509979248047,-9.71522331237793,0.012032581493258476,328.7475280761719,114,2.0723726749420166,1.9648395776748657,41.57402420043945,1981.4579749566885,3858.5297352845755,45.08945013367021,3.2257510159687373,0.021873969584703445,0.021396663039922714,49.93043518066406,0,4.285345554351807,0.00031310474150814116,7704.1484375,12.434236526489258,45.089450133670205,3.2257510159687333
291.0396423339844,46.488075256347656,-6.1598801612854,0.1734679490327835,58.09603500366211,40.716346740722656,-4.410366058349609,0.7611182332038879,61.592098236083984,46.679447174072266,-4.473812580108643,0.8230581879615784,12.392417907714844,9,1.7367569208145142,0.9977766275405884,22.54541015625,795.8185473130559,3862.105995169849,45.089678699126594,3.312459122376649,1.6342657804489136,1.6286770105361938,67.54263305664062,0,7.8714799880981445,0.0005749439005739987,-59.67124557495117,10.420541763305664,45.089678699126594,3.312459122376649
733.3284912109375,56.54267120361328,-7.1632466316223145,0.08373510837554932,608.6935424804688,42.602203369140625,-6.960996627807617,0.07600867748260498,687.2659912109375,56.30717849731445,-7.0928120613098145,0.08897515386343002,41.76761245727539,30,1.625402808189392,1.4461853504180908,-46.665687561035156,244.31281398285435,3860.091452724372,45.08950561379586,3.352778406928302,0.170661062002182,0.17015530169010162,57.74284362792969,0,6.378880977630615,0.00046586559619754553,482.150146484375,9.752416610717773,45.08950561379586,3.3527784069283015
564.654296875,60.03565216064453,-6.879456520080566,0.11546660959720612,399.2787780761719,41.94997024536133,-6.503190517425537,0.1140998974442482,458.7852478027344,61.07257080078125,-6.65402364730835,0.1445661336183548,22.76495933532715,24,1.80599844455719,1.5642402172088623,-48.564945220947266,917.564317745486,3855.913481481254,45.089230886521015,3.303558351737606,0.2972157895565033,0.2964939773082733,25.748374938964844,0,8.997097969055176,0.0006571821286343038,331.05316162109375,10.835990905761719,45.089230886521015,3.303558351737606
9039.265625,84.38247680664062,-9.89033317565918,0.010137922130525112,7540.7998046875,61.02942657470703,-9.693543434143066,0.008789247833192348,8852.4716796875,85.5736083984375,-9.867661476135254,0.010497964918613434,419.479736328125,111,2.110769033432007,1.840349793434143,55.73698806762695,1645.1531722592015,3847.345933742017,45.0886265536038,3.2503517069137673,0.019240858033299446,0.01885370910167694,65.3702621459961,0,4.098379611968994,0.0002994181413669139,8772.26171875,12.664613723754883,45.0886265536038,3.2503517069137677
749.3904418945312,55.07490921020508,-7.186770439147949,0.07981333881616592,620.5858764648438,42.62532043457031,-6.982004642486572,0.07459257543087006,633.5186767578125,55.58918380737305,-7.004398345947266,0.09529293328523636,33.24767303466797,30,1.587464451789856,1.4695876836776733,-2.4557924270629883,119.35378703123475,3847.068983413912,45.08854703076699,3.36191466565872,0.14562737941741943,0.14509651064872742,52.87298583984375,0,6.756706237792969,0.0004934497410431504,447.1357421875,9.524786949157715,45.08854703076698,3.361914665658714
816.6116943359375,76.58116912841797,-7.280038833618164,0.1018441841006279,370.767333984375,41.79346466064453,-6.422753810882568,0.12241558730602264,417.7783203125,57.38207244873047,-6.552364826202393,0.1491626650094986,17.379980087280273,22,2.2503645420074463,1.12936532497406,31.103673934936523,1350.4375592689248,3840.596722483721,45.08812578461031,3.2719066962927394,0.33019477128982544,0.32703256607055664,26.54908561706543,0,9.544842720031738,0.0006972724804654717,-71.11671447753906,13.502187728881836,45.0881257846103,3.271906696292735
8807.5712890625,86.91378021240234,-9.862140655517578,0.010716729797422886,7145.73681640625,60.140838623046875,-9.635117530822754,0.009140128269791603,8642.826171875,88.62641143798828,-9.841639518737793,0.011136204935610294,361.65240478515625,120,2.1172850131988525,1.9892208576202393,84.28518676757812,754.5725091352673,3832.166000923326,45.087488629441054,3.3154785854681075,0.020170783624053,0.019913505762815475,36.07255172729492,0,4.1687188148498535,0.00030449123005382717,8586.203125,12.703710556030273,45.08748862944106,3.3154785854681124
982.4041137695312,56.00995635986328,-7.480725288391113,0.061916284263134,846.595458984375,43.3655891418457,-7.31919002532959,0.05562872812151909,923.8458862304688,69.34053039550781,-7.413998603820801,0.0815112292766571,46.065269470214844,36,1.7314225435256958,1.412278175354004,58.805458068847656,1456.9157390964315,3835.0669661962884,45.08772451228078,3.2641202865160572,0.11442968249320984,0.11385826021432877,10.310539245605469,0,5.895597457885742,0.0004307000490371138,895.5668334960938,10.388535499572754,45.08772451228078,3.2641202865160572
1921.5460205078125,75.33209228515625,-8.209127426147461,0.04257543385028839,1363.7210693359375,45.09666061401367,-7.836813926696777,0.03591275215148926,1714.19873046875,73.39253234863281,-8.085152626037598,0.04649652913212776,74.78702545166016,68,2.1442580223083496,1.833909273147583,-36.50175094604492,968.5777978899621,3833.9878774049403,45.08763021075282,3.299831025078429,0.08727218210697174,0.08680933713912964,-60.34601974487305,0,5.9462480545043945,0.00043434707913547754,1436.8944091796875,12.865548133850098,45.08763021075282,3.2998310250784284
2718.104736328125,68.25859069824219,-8.585665702819824,0.02727224864065647,2157.27197265625,47.37882614135742,-8.334762573242188,0.023851143196225166,2493.27490234375,75.92866516113281,-8.491925239562988,0.03307237848639488,122.67567443847656,70,2.2920703887939453,1.7387148141860962,29.871871948242188,1128.004638567451,3827.276484816259,45.087145267975956,3.2881742411804398,0.04956909269094467,0.049234576523303986,37.77479934692383,0,4.3265862464904785,0.00031605150434188545,2363.955322265625,13.752422332763672,45.087145267975956,3.2881742411804398
631.2186279296875,61.659908294677734,-7.0004496574401855,0.10608473420143127,470.98858642578125,42.06066131591797,-6.682526111602783,0.09698297828435898,597.099609375,60.30741882324219,-6.940116882324219,0.10968665033578873,28.293087005615234,27,1.9003663063049316,1.4836167097091675,52.32674026489258,1261.6314334601527,3820.7928003592506,45.08667562474115,3.278403354731772,0.286935418844223,0.28548818826675415,72.0915756225586,0,9.788312911987305,0.000715050206054002,459.422607421875,11.40219783782959,45.08667562474115,3.278403354731772
1179.5928955078125,77.98518371582031,-7.679330348968506,0.07179757207632065,699.2550659179688,43.0468635559082,-7.111588954925537,0.0668552815914154,871.4090576171875,76.85955810546875,-7.350554943084717,0.09578679502010345,31.20665740966797,50,2.288752317428589,1.9686123132705688,-13.115304946899414,670.8350034186049,3806.464082168475,45.08560642659576,3.321604164180075,0.1848834902048111,0.1834963709115982,-0.7928005456924438,0,11.0367431640625,0.0008061407716013491,610.1530151367188,13.732513427734375,45.08560642659574,3.3216041641800644
186.91375732421875,32.818458557128906,-5.679103374481201,0.19068069756031036,245.18759155273438,41.471839904785156,-5.973746299743652,0.18368962407112122,244.6502227783203,46.51831817626953,-5.9713640213012695,0.20649437606334686,18.925722122192383,4,0.8123509883880615,0.3734705448150635,-70.98815155029297,623.1143869012385,3807.86473668525,45.08570670813077,3.3250929043931503,0.4551127254962921,0.45071882009506226,73.36579895019531,2,3.1050491333007812,0.00022679517860524356,271.27728271484375,4.874105930328369,45.08570670813077,3.3250929043931503
928.3443603515625,80.96707153320312,-7.4192728996276855,0.09471726417541504,400.5011291503906,41.82887649536133,-6.506509304046631,0.11342329531908035,567.4579467773438,83.29041290283203,-6.884834289550781,0.1594010442495346,22.529521942138672,31,3.450578451156616,1.5419565439224243,59.93102264404297,1586.1558288802516,3801.1108725822796,45.085245715748414,3.2546718232995584,0.32344797253608704,0.3201211094856262,58.615753173828125,2,13.830169677734375,0.001010409090667963,-284.9605407714844,20.70347023010254,45.085245715748414,3.254671823299558
446.8089599609375,53.33257293701172,-6.625304698944092,0.1296284943819046,296.3628845214844,41.62595748901367,-6.179559707641602,0.15253525972366333,443.28753662109375,67.16962432861328,-6.616714000701904,0.1645573228597641,20.058837890625,15,1.635722041130066,1.3962205648422241,86.97726440429688,494.58916017214887,3802.7571915146877,45.08532748235391,3.3344899547179243,0.4293597936630249,0.4270097017288208,-80.90874481201172,3,9.045296669006348,0.0006606571259908378,336.9733581542969,9.814332008361816,45.08532748235391,3.3344899547179248
421.6970520019531,51.09607696533203,-6.562501430511475,0.1315881609916687,325.5252990722656,41.67533874511719,-6.281461715698242,0.13903503119945526,370.7304382324219,52.804969787597656,-6.422645568847656,0.15468434989452362,23.54547882080078,18,1.6092009544372559,1.3354130983352661,48.29106521606445,834.6325379336646,3737.5578996076088,45.08057645385399,3.3096368414732416,0.28634169697761536,0.2847113609313965,41.8630485534668,0,6.913193225860596,0.0005049888859502971,230.24395751953125,9.655205726623535,45.08057645385399,3.309636841473242
491.0045166015625,54.44221115112305,-6.727713584899902,0.1204148605465889,-406.8914794921875,37.8090934753418,99.0,99.0,256.1717834472656,35.35432815551758,-6.021328449249268,0.1498791128396988,21.519317626953125,12,4.035830497741699,0.28867506980895996,90.0,3.0,3723.7555583484864,45.07952705157507,3.3704374460035256,0.5332779288291931,0.037329576909542084,90.0,19,6.44154167175293,0.00047045430983416736,-4939.67333984375,24.214982986450195,45.07952705157507,3.370437446003525
730.36279296875,53.68019485473633,-7.158846378326416,0.07981881499290466,625.1719970703125,42.64015579223633,-6.989998817443848,0.07407115399837494,610.4967651367188,53.427574157714844,-6.964208602905273,0.0950412005186081,35.235130310058594,29,1.5720878839492798,1.3513356447219849,-75.74748992919922,1442.0442831211394,3711.038411044825,45.07865800829356,3.2652218062272804,0.14642103016376495,0.1454516351222992,-17.66611099243164,0,5.7081379890441895,0.0004170321044512093,341.9996643066406,9.432527542114258,45.07865800829356,3.2652218062272804
6068.08837890625,53.57544708251953,-9.457630157470703,0.009588346816599369,4601.31298828125,53.95456314086914,-9.157204627990723,0.012734333984553814,5931.12158203125,60.285400390625,-9.432842254638672,0.011038375087082386,559.1484985351562,32,3.0790607929229736,0.513606607913971,58.796897888183594,1095.4404408746377,3710.970889796334,45.078642579091145,3.2905693323018874,0.032157693058252335,0.023570198565721512,58.73711395263672,0,7.516703128814697,0.0005491164047271013,5213.3818359375,18.474365234375,45.078642579091145,3.2905693323018874
240.51644897460938,42.5853157043457,-5.952861785888672,0.19228477776050568,85.45020294189453,40.760711669921875,-4.829282760620117,0.5180342793464661,96.59314727783203,42.758575439453125,-4.962365627288818,0.48073610663414,17.553146362304688,9,1.8547792434692383,0.8037792444229126,-82.04878234863281,1906.5523236456356,3710.5409833218496,45.07863158879118,3.2312456714257576,0.6546134352684021,0.6507906317710876,74.37286376953125,0,7.2962751388549805,0.0005331269348971546,-178.58334350585938,11.12867546081543,45.07863158879117,3.2312456714257545
2728.1572265625,39.0164680480957,-8.589673042297363,0.015531320124864578,2687.247314453125,48.87053680419922,-8.57326889038086,0.019750099629163742,2688.892822265625,42.30815887451172,-8.573933601379395,0.017087576910853386,462.7755126953125,20,1.5407464504241943,0.5315625071525574,28.40001106262207,129.16060783669772,3699.061735975716,45.077729072630646,3.3612185588138317,0.022863289341330528,0.019026795402169228,23.33299446105957,3,5.27954626083374,0.00038560383836738765,2602.759765625,9.244478225708008,45.077729072630646,3.3612185588138312
3477.40625,36.87228775024414,-8.85313892364502,0.011515279300510883,3450.274658203125,50.991424560546875,-8.844634056091309,0.016049934551119804,3457.8564453125,38.44459915161133,-8.847017288208008,0.01207419577986002,925.1155395507812,11,1.2088077068328857,0.37773406505584717,29.387765884399414,123.87019853963284,3696.558263771121,45.077545781630654,3.3616056453623857,0.013953345827758312,0.011124462820589542,59.54692840576172,3,3.4542136192321777,0.00025228652521036565,3424.3369140625,7.2528462409973145,45.07754578163066,3.361605645362392
276.9615478515625,45.657955169677734,-6.106048583984375,0.1790304034948349,87.26416778564453,40.798980712890625,-4.852089881896973,0.5077421069145203,90.2303466796875,43.49776077270508,-4.888381481170654,0.523533046245575,12.634475708007812,9,1.332736849784851,1.1621878147125244,62.605411529541016,1433.5988615725862,3220.7787884251984,45.04281241899475,3.265892760296832,0.4709698259830475,0.4692782759666443,-67.96660614013672,0,7.438291072845459,0.0005435770144686103,65.82041931152344,7.996420860290527,45.042812418994735,3.2658927602968273
639.8766479492188,56.619140625,-7.015240669250488,0.09609412401914597,480.7362365722656,42.17036437988281,-6.704767227172852,0.09526433050632477,560.6078491210938,63.14466094970703,-6.871647834777832,0.12232276797294617,24.97161865234375,27,1.8690890073776245,1.2110340595245361,57.29838943481445,840.907761574242,3188.326930185565,45.040419927649694,3.3092442991076,0.20868241786956787,0.20754410326480865,82.17552185058594,0,9.00476360321045,0.000657967699225992,425.5045471191406,11.214533805847168,45.040419927649694,3.3092442991076005
260.6388244628906,44.49325180053711,-6.040097713470459,0.18538938462734222,71.88331604003906,40.84330368041992,-4.641570091247559,0.617053210735321,73.67987823486328,35.104759216308594,-4.66837215423584,0.5174244046211243,14.977004051208496,9,1.635252594947815,0.6432968378067017,9.740049362182617,1215.5793828193757,3174.4058852849416,45.03941488304952,3.2818443728354305,0.623604416847229,0.6190215349197388,-11.096662521362305,0,6.11698055267334,0.00044700404396280646,-207.91986083984375,9.811515808105469,45.03941488304952,3.28184437283543
1182.8876953125,51.21633529663086,-7.682358741760254,0.04702131822705269,1024.287109375,43.912200927734375,-7.526054382324219,0.046557892113924026,1036.833984375,56.29082489013672,-7.539273262023926,0.05896009877324104,69.665771484375,36,1.6978703737258911,1.3544906377792358,77.94327545166016,6.993962815669478,3150.4926250548647,45.03761402704874,3.3702246436959937,0.07710777223110199,0.07482195645570755,87.56877136230469,16,4.652347087860107,0.00033988748327828944,237.19522094726562,10.187222480773926,45.03761402704874,3.3702246436959937
2869.498046875,66.29663848876953,-8.644515037536621,0.02509085088968277,2392.204833984375,48.044254302978516,-8.446995735168457,0.0218108668923378,2760.031982421875,71.76939392089844,-8.602285385131836,0.02823936939239502,129.31805419921875,68,1.9558640718460083,1.7778860330581665,34.24342727661133,658.6872731300128,3686.3353668578475,45.07682477850619,3.3225077154590075,0.04814009368419647,0.04762575775384903,58.94917297363281,0,4.578087329864502,0.00033441194682382047,2718.7578125,11.735184669494629,45.07682477850621,3.3225077154590124
1766.97216796875,33.45935821533203,-8.118074417114258,0.020564479753375053,1902.4193115234375,46.5043830871582,-8.19826602935791,0.026547124609351158,1890.4527587890625,38.78416061401367,-8.191414833068848,0.022280164062976837,289.8851318359375,16,1.839067816734314,0.4265924394130707,1.7067317962646484,655.3946451518278,3436.923957200256,45.05859055205007,3.322779850587236,0.037555038928985596,0.03026147186756134,9.769953727722168,3,5.270608425140381,0.00038504996336996555,1568.9541015625,11.034406661987305,45.05859055205007,3.322779850587236
316.63739013671875,48.75973892211914,-6.251405715942383,0.16723570227622986,174.79591369628906,41.25294876098633,-5.606328010559082,0.25630292296409607,157.5516815185547,47.309608459472656,-5.493557453155518,0.3261040151119232,17.402328491210938,12,1.4824339151382446,1.1974432468414307,1.3464387655258179,1631.2151425989143,2943.1663099822104,45.022513480110824,3.2514651331470072,0.42781415581703186,0.42521679401397705,0.26686233282089233,0,7.967588424682617,0.0005823702085763216,42.94554901123047,8.894603729248047,45.022513480110824,3.2514651331470072
805.0726928710938,72.74127197265625,-7.264587879180908,0.09812408685684204,490.3493347167969,42.3258056640625,-6.726263999938965,0.09374097734689713,633.421875,69.4713363647461,-7.004232406616211,0.1191084086894989,20.11284828186035,34,1.961271047592163,1.88962721824646,-81.72300720214844,1265.2495663117916,2917.7879657222165,45.020647626480674,3.2782388801311804,0.279127299785614,0.2787013351917267,-71.9852523803711,0,11.536002159118652,0.0008431258611381054,116.46554565429688,11.76762580871582,45.020647626480674,3.2782388801311804
4002.91357421875,48.45580291748047,-9.005940437316895,0.0131461750715971,2943.81591796875,49.64218521118164,-8.672276496887207,0.018313445150852203,4291.294921875,57.2734260559082,-9.081470489501953,0.014494212344288826,426.4745788574219,32,3.2584385871887207,0.5077032446861267,-24.837352752685547,68.91234717218445,3632.474311444517,45.07285815874351,3.365632099226785,0.04235214367508888,0.03535110503435135,-29.188879013061523,3,7.689480781555176,0.0005616323323920369,3362.0888671875,19.55063247680664,45.072858158743514,3.365632099226791
641.7672729492188,56.233158111572266,-7.018444061279297,0.09515787661075592,522.859375,42.292423248291016,-6.795962333679199,0.08784307539463043,613.9616088867188,56.707950592041016,-6.970353126525879,0.10030730813741684,31.79686164855957,27,1.6916003227233887,1.2153047323226929,-66.19987487792969,544.3623557286751,2923.484436974053,45.02103781970223,3.330961493146794,0.19486315548419952,0.1939486265182495,-47.6136360168457,0,5.982820987701416,0.00043718854431062937,515.6306762695312,10.149601936340332,45.02103781970221,3.330961493146782
1461.5155029296875,54.316349029541016,-7.912008762359619,0.04036054015159607,867.9253540039062,36.19295883178711,-7.346206188201904,0.045286789536476135,1289.7828369140625,50.50278854370117,-7.776291370391846,0.04252345860004425,150.1802520751953,42,3.6337568759918213,0.6648327708244324,-86.90347290039062,2042.2938295519352,3595.513038121099,45.070224618772244,3.2213268407328695,0.1529524177312851,0.02763272449374199,-87.43334197998047,24,7.4436421394348145,0.0005439500673674047,-1771.215087890625,21.802541732788086,45.070224618772244,3.221326840732869
748.1597290039062,67.17152404785156,-7.184985637664795,0.09750360995531082,401.74835205078125,41.89558410644531,-6.509885311126709,0.11325150728225708,609.1444091796875,71.28553771972656,-6.961800575256348,0.12708988785743713,24.703060150146484,21,2.163975477218628,1.7917996644973755,89.93257904052734,634.6044011949614,3773.180164808232,45.08317195239158,3.3242573457260907,0.3553858697414398,0.3546302616596222,41.907325744628906,2,11.800633430480957,0.0008619450964033604,404.3680419921875,12.98385238647461,45.08317195239158,3.3242573457260907
6349.51318359375,55.35660934448242,-9.506851196289062,0.009468013420701027,3857.25,52.080631256103516,-8.965694427490234,0.014663183130323887,6226.35205078125,61.7579345703125,-9.485584259033203,0.010771815665066242,712.5029296875,35,3.629244089126587,0.46758827567100525,-37.8091926574707,1016.0006980837265,3666.0633804133304,45.07535699176132,3.296383721125676,0.041824523359537125,0.03191697970032692,-40.51640701293945,0,7.788846492767334,0.00056900002527982,5370.689453125,21.77546501159668,45.07535699176132,3.296383721125676
35351.76171875,209.8482208251953,-11.371027946472168,0.006446501240134239,9111.7626953125,64.4923324584961,-9.899005889892578,0.007686621509492397,34284.0234375,222.82421875,-11.337729454040527,0.007058305200189352,317.8910827636719,696,9.580228805541992,3.327244281768799,43.908477783203125,123.00834612874964,3407.243645053112,45.056394703819585,3.3617083447781404,0.04138234257698059,0.03817754611372948,43.19291687011719,0,15.050397872924805,0.0010994146578013897,27685.962890625,57.48137283325195,45.056394703819564,3.3617083447781284
3047.45263671875,36.33602523803711,-8.709842681884766,0.012948822230100632,2848.44580078125,49.3897590637207,-8.636519432067871,0.01883036643266678,3039.589599609375,40.7114372253418,-8.707036972045898,0.014545588754117489,860.1031494140625,13,1.811428427696228,0.35155153274536133,-23.002994537353516,52.66322182012339,3637.241085820652,45.07320571138565,3.3668192727235233,0.019502494484186172,0.014909966848790646,-26.33171272277832,3,4.738717555999756,0.00034610950388014317,2854.25048828125,10.868570327758789,45.07320571138565,3.3668192727235224
707.875732421875,67.7171859741211,-7.124892711639404,0.10388951003551483,444.734375,42.114715576171875,-6.620251655578613,0.10284022241830826,673.0029296875,64.92146301269531,-7.070042610168457,0.10476136952638626,20.66460418701172,30,2.0948803424835205,1.4998387098312378,28.735153198242188,1300.3186298314547,2917.764856316233,45.02064696464398,3.2756736783237046,0.33270755410194397,0.3309056758880615,42.779388427734375,1,10.618278503417969,0.0007760595181025565,519.32568359375,12.569282531738281,45.02064696464398,3.2756736783237046
282.1521301269531,42.36204528808594,-6.126208305358887,0.16305097937583923,202.27447509765625,41.297157287597656,-5.764852523803711,0.2217220515012741,168.40679931640625,51.64337158203125,-5.565898895263672,0.3330310881137848,23.092267990112305,12,1.4404988288879395,1.137703537940979,-56.66022872924805,1137.0475026478266,3484.16183942523,45.06206260481156,3.287553132448768,0.24459697306156158,0.24235935509204865,52.02322006225586,0,6.011885643005371,0.00043924368219450116,127.55038452148438,8.642992973327637,45.06206260481156,3.2875531324487675
1472.5643310546875,93.98711395263672,-7.920185565948486,0.06931446492671967,625.6217651367188,42.56472396850586,-6.990779876708984,0.07388695329427719,1143.003173828125,98.07328796386719,-7.645118713378906,0.09318223595619202,32.51018142700195,43,2.6546130180358887,1.6501713991165161,-36.41887664794922,89.66653875319435,3740.866615666305,45.08078272104452,3.3640997604719214,0.2502266466617584,0.24857400357723236,-45.43333435058594,2,11.355427742004395,0.0008293436258099973,1037.31005859375,15.927678108215332,45.08078272104452,3.3640997604719214
3848.87890625,130.3818817138672,-8.963335990905762,0.036788564175367355,1273.2303466796875,44.61392593383789,-7.762267589569092,0.03805338591337204,3181.88720703125,121.24897003173828,-8.756711959838867,0.041383106261491776,43.2279052734375,137,3.6679906845092773,2.9790079593658447,70.65845489501953,194.65873929634418,3748.5086660235725,45.081347064951366,3.356423658246755,0.15491826832294464,0.15437276661396027,79.71685791015625,2,12.779068946838379,0.0009333356865681708,2683.42919921875,22.007944107055664,45.081347064951366,3.356423658246755
267.2276306152344,44.887474060058594,-6.067203521728516,0.1824204921722412,104.36847686767578,40.87279510498047,-5.046423435211182,0.42529943585395813,87.39889526367188,47.451072692871094,-4.85376501083374,0.5896168947219849,13.797798156738281,10,1.532457947731018,1.1523059606552124,24.876333236694336,1089.4788893193802,3684.2210414100646,45.07668692880191,3.291008445211458,0.854030191898346,0.849032998085022,5.489375591278076,0,7.946593284606934,0.0005805283435620368,-130.40513610839844,9.194747924804688,45.07668692880191,3.291008445211458
2326.1689453125,93.71700286865234,-8.416603088378906,0.04375291243195534,1158.614501953125,44.302547454833984,-7.659847259521484,0.041525948792696,2007.0738525390625,97.11274719238281,-8.25640869140625,0.05254637077450752,43.95541000366211,91,3.476728677749634,2.0428473949432373,-80.48246002197266,154.79730078375962,3700.135100113089,45.0778089315659,3.359344316137044,0.14208289980888367,0.1383821815252304,-72.23152923583984,0,11.201921463012695,0.0008181620505638421,1455.2940673828125,20.86037254333496,45.07780893156588,3.3593443161370384
359.55126953125,51.62160110473633,-6.389401912689209,0.15591950714588165,227.71322631835938,41.36619567871094,-5.893470764160156,0.1972818672657013,274.64776611328125,67.06709289550781,-6.096940040588379,0.26519373059272766,18.1643123626709,8,1.3564196825027466,0.7096498012542725,17.136796951293945,1703.156462147091,3719.0460146608575,45.07924953955054,3.246122971716338,0.45414847135543823,0.4533796012401581,-56.645774841308594,2,5.847770690917969,0.0004272614314686507,255.7256622314453,8.138518333435059,45.07924953955055,3.246122971716342
1366.6630859375,80.30548858642578,-7.83915376663208,0.06381364911794662,837.1138305664062,43.35053634643555,-7.3069610595703125,0.0562392883002758,1225.94287109375,99.51536560058594,-7.721175670623779,0.08815556764602661,45.27071762084961,57,2.2115566730499268,2.0629725456237793,36.665809631347656,1231.3292426035132,3551.913279132777,45.06701905251764,3.280650332828411,0.15732721984386444,0.15656104683876038,40.73674392700195,2,8.158896446228027,0.0005961019196547568,1425.1494140625,13.269340515136719,45.06701905251764,3.280650332828411
259.5195007324219,43.983787536621094,-6.035425186157227,0.18405704200267792,144.6139373779297,41.135990142822266,-5.4005255699157715,0.3089168667793274,178.31851196289062,41.073760986328125,-5.627991199493408,0.2501484751701355,14.730070114135742,10,2.0357749462127686,0.625281035900116,67.0759048461914,1011.0039037053539,3718.5607865686516,45.07919444944383,3.2967428043333737,0.5739782452583313,0.568705677986145,79.69608306884766,0,6.736612796783447,0.000492116145323962,-96.0706787109375,12.214649200439453,45.07919444944383,3.2967428043333733
137766.296875,226.6966094970703,-12.847857475280762,0.0017870301380753517,111445.8125,179.96868896484375,-12.617659568786621,0.0017537311650812626,134421.140625,209.27523803710938,-12.821168899536133,0.0016907526878640056,5986.87939453125,370,2.3662123680114746,2.2658040523529053,31.14872932434082,1155.657707921764,3522.307021347546,45.06485211236018,3.2861877541888287,0.003936993423849344,0.0038618880789726973,44.53054428100586,0,4.082725524902344,0.0002982895530294627,137689.21875,14.197274208068848,45.06485211236018,3.286187754188829
6246.85546875,57.30381393432617,-9.489153861999512,0.00996212288737297,2005.905029296875,46.86625671386719,-8.255775451660156,0.025373462587594986,9479.62109375,89.7369384765625,-9.941977500915527,0.01028040237724781,663.3277587890625,24,3.275595188140869,0.3839949369430542,8.513592720031738,668.7706471727175,3439.522682222041,45.05878113158552,3.3218014795771427,0.051058970391750336,0.007049530744552612,8.597428321838379,3,6.696044445037842,0.0004891875432804227,8748.0029296875,19.65357208251953,45.05878113158552,3.3218014795771427
411.33905029296875,53.46781921386719,-6.5355000495910645,0.14116348326206207,345.2535705566406,41.63056564331055,-6.345345497131348,0.13094954192638397,529.5911254882812,73.8428726196289,-6.80985164642334,0.1514250487089157,21.064640045166016,13,1.6747899055480957,0.979065477848053,-46.921783447265625,1609.6413172176244,3719.069701144065,45.07924923253602,3.2529630029455174,0.4938865303993225,0.49074676632881165,-52.43048095703125,3,7.655209064483643,0.0005593059468083084,349.6315612792969,10.048739433288574,45.07924923253602,3.252963002945517
512.1397705078125,61.553070068359375,-6.773471355438232,0.13052420318126678,36.68490982055664,40.78856658935547,-3.9112186431884766,1.2074824571609497,111.06998443603516,40.847312927246094,-5.113991737365723,0.39938947558403015,22.629379272460938,10,3.495666742324829,0.36753416061401367,60.939483642578125,1958.733477070659,3597.716814871504,45.070384530233326,3.2274397631552176,0.5326247215270996,0.06064467877149582,60.95131301879883,0,6.768226623535156,0.0004945810651406646,-928.0156860351562,20.974000930786133,45.07038453023332,3.2274397631552136
1618.93359375,31.56233787536621,-8.023072242736816,0.02117239311337471,1810.8634033203125,46.33112716674805,-8.14471435546875,0.027785424143075943,1860.6158447265625,36.945247650146484,-8.174141883850098,0.021564118564128876,280.5525817871094,14,1.6377748250961304,0.4413209557533264,-42.879276275634766,1386.6571806601387,3566.77537211981,45.0681101661613,3.2692886907679455,0.03743397817015648,0.030864842236042023,-48.130855560302734,3,5.055086135864258,0.0003693442267831415,1605.8599853515625,9.826648712158203,45.0681101661613,3.269288690767945
1454.7113037109375,83.93448638916016,-7.906941890716553,0.06266044080257416,827.81103515625,43.320926666259766,-7.294827938079834,0.0568324476480484,1337.3502197265625,84.36180877685547,-7.81561279296875,0.06850630789995193,36.175071716308594,61,2.6810483932495117,1.9782896041870117,41.41413497924805,1859.653402060816,3572.7680846716976,45.06855895780836,3.2346905006177455,0.18869520723819733,0.1883193701505661,7.508618354797363,0,9.79089641571045,0.0007154493941925466,917.2615356445312,16.08629035949707,45.06855895780836,3.2346905006177455
991.9494018554688,57.48312759399414,-7.4912238121032715,0.06293332576751709,815.2314453125,43.23542404174805,-7.278202533721924,0.05759550631046295,876.1305541992188,60.13056945800781,-7.356421947479248,0.0745343267917633,42.44729232788086,37,1.9364370107650757,1.3625524044036865,36.04998016357422,1741.0473881282353,3651.32811110209,45.074299985113356,3.2433585226622887,0.11807819455862045,0.11741291731595993,22.876100540161133,0,6.293743133544922,0.0004598675877787173,598.9171142578125,11.618621826171875,45.074299985113356,3.2433585226622887
288.0493469238281,46.781494140625,-6.148667335510254,0.17637500166893005,148.4750213623047,41.05329513549805,-5.429133415222168,0.3002786636352539,166.12673950195312,39.81732177734375,-5.551098823547363,0.2602929174900055,12.987043380737305,10,1.2844116687774658,0.9545671939849854,-24.366077423095703,519.9527787923826,3726.9167502099463,45.07978503026547,3.332645644810197,0.42733654379844666,0.42648497223854065,-44.08320236206055,0,6.6100311279296875,0.0004828118544537574,152.83303833007812,7.706470012664795,45.07978503026547,3.332645644810197
584.0819091796875,58.74191665649414,-6.916184425354004,0.10922050476074219,380.40155029296875,41.82524871826172,-6.450605869293213,0.11940597742795944,549.2803955078125,71.39937591552734,-6.849485397338867,0.14116601645946503,26.4589786529541,19,1.6467782258987427,1.0773801803588867,26.544626235961914,216.15091050191782,3707.9607150074903,45.078384262051614,3.3548581139661704,0.3384804427623749,0.33658891916275024,57.48275375366211,2,5.924981594085693,0.00043275023926980793,401.23809814453125,9.880669593811035,45.0783842620516,3.3548581139661646
339.75738525390625,50.41005325317383,-6.327922344207764,0.1611306220293045,195.74456787109375,41.2118034362793,-5.72922420501709,0.22864499688148499,264.078369140625,48.64007568359375,-6.054332256317139,0.2000282108783722,19.046234130859375,10,1.8591887950897217,0.9605063199996948,-7.446999549865723,1718.1181453862341,3221.5743958636076,45.04287731101053,3.2450798953461986,0.5982775092124939,0.595833957195282,-14.931321144104004,3,7.991600036621094,0.0005840552621521056,-95.99188995361328,11.155132293701172,45.04287731101053,3.2450798953461986
449.8887939453125,57.14216232299805,-6.632762908935547,0.13793717324733734,297.49566650390625,41.59822082519531,-6.183701515197754,0.15185320377349854,327.47052001953125,59.96134567260742,-6.287930488586426,0.1988515555858612,16.512664794921875,13,1.7443954944610596,0.8419168591499329,8.555595397949219,1392.8656025285645,3698.076450624738,45.07770914587661,3.2688199826655437,0.43650540709495544,0.43492135405540466,77.43133544921875,2,7.241243362426758,0.000529036798980087,242.81797790527344,10.466373443603516,45.07770914587661,3.2688199826655437
3900.9931640625,49.114498138427734,-8.977937698364258,0.013673016801476479,2329.133056640625,47.849151611328125,-8.417985916137695,0.022310523316264153,4218.99365234375,59.349464416503906,-9.06302261352539,0.015276988968253136,290.7807922363281,34,4.105639934539795,0.4532718062400818,-44.51466369628906,1392.813518517529,3560.43135521947,45.06764652876469,3.268839131850076,0.08055198937654495,0.06873633712530136,-44.81646728515625,3,8.15943431854248,0.0005961632705293596,2862.582763671875,24.633838653564453,45.067646528764676,3.268839131850071
587.4253540039062,55.88698959350586,-6.92238187789917,0.10332082211971283,421.42657470703125,42.0694694519043,-6.56180477142334,0.10841140151023865,554.1456909179688,62.870567321777344,-6.859059810638428,0.123212069272995,31.082395553588867,25,1.7043554782867432,1.4039384126663208,-67.18404388427734,1774.906724978308,3474.163403031549,45.06134824413453,3.2409000209203187,0.24916790425777435,0.24737943708896637,-73.44680786132812,0,7.1891608238220215,0.0005253483541309834,504.1966247558594,10.226133346557617,45.061348244134514,3.2409000209203147
285.4747619628906,43.660335540771484,-6.138919353485107,0.1660921722650528,254.19374084472656,41.39113235473633,-6.012912273406982,0.17683665454387665,269.4061279296875,63.02724075317383,-6.076018810272217,0.25406840443611145,18.92728614807129,8,0.9922479391098022,0.85787034034729,-28.838817596435547,373.88430016934825,3577.5300588209057,45.068857484897855,3.3433443426309406,0.3842545747756958,0.3802027404308319,81.63082885742188,2,5.192174434661865,0.00037926717777736485,290.1688537597656,5.953487396240234,45.068857484897855,3.3433443426309406
963.4505615234375,51.55472946166992,-7.459573745727539,0.05811241269111633,859.7008056640625,43.3619499206543,-7.3358683586120605,0.05477612093091011,1005.32470703125,58.49806213378906,-7.505765914916992,0.06319241225719452,51.06011962890625,33,1.7272570133209229,1.4654300212860107,28.5521183013916,333.3270983171123,3583.378650173033,45.06928304279602,3.3463086728000295,0.11574292927980423,0.11527569591999054,-63.580501556396484,0,6.360260486602783,0.00046458575525321066,895.6597900390625,10.363542556762695,45.06928304279602,3.346308672800029
320.22662353515625,47.823604583740234,-6.263643741607666,0.16218650341033936,151.16354370117188,41.09422302246094,-5.448617458343506,0.2952320873737335,143.3055877685547,43.665733337402344,-5.390657901763916,0.3309081494808197,18.89264678955078,13,1.588710904121399,0.9297820925712585,40.28208541870117,1632.492488164823,3507.388081083929,45.06377445143167,3.2513141451168126,0.2812870442867279,0.27834010124206543,74.17352294921875,0,7.262413024902344,0.000530671386513859,-138.830322265625,9.532265663146973,45.06377445143167,3.2513141451168126
233.0814208984375,41.660911560058594,-5.918769359588623,0.19411134719848633,83.02522277832031,40.86488723754883,-4.798025131225586,0.5345274806022644,70.91619873046875,42.29013442993164,-4.626863479614258,0.6476247310638428,16.436643600463867,9,2.1253743171691895,0.6556260585784912,-45.47331619262695,1617.866866921424,3220.130754618849,45.04276956469626,3.2524137996849887,0.36038607358932495,0.10783476382493973,-46.83369445800781,0,7.051648139953613,0.0005153465317562222,-214.208251953125,12.752245903015137,45.04276956469626,3.252413799684989
210.78573608398438,36.07168960571289,-5.809603214263916,0.18584680557250977,200.14523315429688,41.22652816772461,-5.753363132476807,0.22369760274887085,158.786865234375,48.00056457519531,-5.5020365715026855,0.32829296588897705,21.56829833984375,9,1.5568211078643799,0.5312473177909851,-76.62422180175781,1195.3925655933283,3548.104810334502,45.06673948875348,3.2832789120532544,0.306549072265625,0.303304523229599,-57.32417678833008,1,5.414048671722412,0.00039555609691888094,-25.75449562072754,9.340927124023438,45.06673948875347,3.2832789120532495
241.26937866210938,42.6704216003418,-5.9562554359436035,0.19206780195236206,155.9189910888672,41.12611389160156,-5.482247352600098,0.28644976019859314,116.490234375,45.42120361328125,-5.16572380065918,0.4234468936920166,14.865584373474121,9,1.7592960596084595,0.913457989692688,44.31978988647461,1973.9800413129103,3646.3102775003085,45.07393722085607,3.2263195189696026,0.45801106095314026,0.4570087194442749,89.6830062866211,0,7.577871799468994,0.0005537330289371312,46.87485885620117,10.555776596069336,45.07393722085607,3.2263195189696026
2351.06787109375,67.64286804199219,-8.428162574768066,0.031245442107319832,1847.0418701171875,46.410484313964844,-8.166192054748535,0.027287840843200684,2217.921142578125,71.41130065917969,-8.36486530303955,0.03496637940406799,109.34961700439453,66,2.1478686332702637,1.637803077697754,61.7744255065918,1741.4459908914087,3608.5325117572793,45.071171401410155,3.2433338362102693,0.05597636476159096,0.05554056540131569,41.032684326171875,0,4.3994832038879395,0.0003214663593098521,2138.32177734375,12.887211799621582,45.07117140141015,3.2433338362102653
7198.03271484375,129.29165649414062,-9.643034934997559,0.019506821408867836,2452.10302734375,48.270225524902344,-8.473846435546875,0.02137816697359085,6765.47607421875,137.71563720703125,-9.575745582580566,0.0221062321215868,71.3084487915039,225,4.412876129150391,3.072456121444702,-13.548501968383789,1259.1562811693434,3602.5254854953164,45.07072008876129,3.2786094951121116,0.0851130560040474,0.08239597082138062,-15.76917552947998,3,13.125079154968262,0.0009589196997694671,5931.90283203125,26.477256774902344,45.070720088761306,3.278609495112116
307.91143798828125,48.366153717041016,-6.221064567565918,0.17058685421943665,160.57012939453125,41.1417121887207,-5.514162063598633,0.2782578468322754,160.25396728515625,37.24587631225586,-5.512022018432617,0.25240573287010193,15.725993156433105,11,1.2737916707992554,0.8170315027236938,-53.85298156738281,833.0504154203944,3470.978157436903,45.06108772250711,3.309785231268453,0.33825868368148804,0.3355241119861603,-56.585811614990234,0,6.083821773529053,0.0004444701480679214,50.13722610473633,7.642749786376953,45.06108772250709,3.3097852312684424
222.02610778808594,39.85824966430664,-5.8660101890563965,0.19495932757854462,156.84849548339844,41.11330032348633,-5.488700866699219,0.28466349840164185,245.6739501953125,73.97784423828125,-5.975897789001465,0.3270185589790344,20.619367599487305,9,1.629281997680664,0.7595319747924805,-20.511245727539062,1592.2990623483956,3650.8060881026163,45.074258610437845,3.2542388213321725,0.5969406962394714,0.5911895036697388,-16.871524810791016,0,6.070308685302734,0.0004435243608895689,169.88482666015625,9.775691986083984,45.074258610437845,3.2542388213321725
893.9419555664062,75.51666259765625,-7.3782734870910645,0.09174096584320068,397.03173828125,41.88005447387695,-6.497063159942627,0.11455441266298294,679.2794189453125,76.7277603149414,-7.080121040344238,0.12266873568296432,27.141555786132812,27,1.9667346477508545,1.7503042221069336,20.936613082885742,1936.4354972041458,3378.9849983058107,45.054391906621476,3.229092678425925,0.343167245388031,0.34019735455513,12.787445068359375,2,10.059836387634277,0.0007351934327743948,598.490478515625,11.800407409667969,45.05439190662146,3.2290926784259213
498.4340515136719,57.47820281982422,-6.744019031524658,0.12523487210273743,325.0836486816406,41.75240707397461,-6.279987812042236,0.13948138058185577,359.7552795410156,52.151920318603516,-6.390017986297607,0.1574319750070572,22.043317794799805,17,1.6439573764801025,1.2591078281402588,40.077999114990234,228.59039520051428,3645.410078083477,45.07381243838371,3.3539572924633814,0.3316410779953003,0.3306077718734741,71.8322982788086,2,8.608570098876953,0.0006287782453000546,239.22499084472656,9.863744735717773,45.0738124383837,3.3539572924633756
7014.13037109375,63.438377380371094,-9.614934921264648,0.009822184219956398,5494.11083984375,56.24882125854492,-9.349743843078613,0.011118491180241108,6782.4736328125,71.0523910522461,-9.578470230102539,0.01137680746614933,806.7894287109375,54,3.4833621978759766,0.734707236289978,-31.882003784179688,80.40564558784659,3625.542228641532,45.072352044492156,3.3647928803180185,0.024517178535461426,0.02018202282488346,-31.58426856994629,3,9.578330993652344,0.0006995964795351028,5831.71826171875,20.90017318725586,45.07235204449214,3.3647928803180123
1663.9552001953125,107.19087219238281,-8.052854537963867,0.06995938718318939,568.4074096679688,42.59479904174805,-6.886649131774902,0.08138167858123779,929.5562744140625,91.36449432373047,-7.420689105987549,0.10674107819795609,27.5272159576416,39,2.927553415298462,1.4475979804992676,81.6448974609375,1612.9914268959355,3639.6176007907475,45.07344115636296,3.2527265165204495,0.2561904489994049,0.2552488148212433,50.3432731628418,2,12.338915824890137,0.0009015471441671252,678.730224609375,17.56532096862793,45.07344115636294,3.252726516520441
2236.092041015625,89.74626159667969,-8.373723983764648,0.04358695447444916,1237.0758056640625,44.61962890625,-7.730990886688232,0.0391705296933651,1991.024658203125,91.53264617919922,-8.24769115447998,0.0499262809753418,41.71458053588867,86,2.8509280681610107,2.1889989376068115,37.556785583496094,1450.6639089206058,3616.727894884022,45.07176380847002,3.264601833416702,0.1317998766899109,0.13024024665355682,25.901411056518555,0,10.064519882202148,0.0007353453547693789,1721.8048095703125,17.105567932128906,45.07176380847,3.2646018334166986
1229.6151123046875,28.611324310302734,-7.724422931671143,0.025269612669944763,1185.79541015625,44.35756301879883,-7.685024261474609,0.0406244732439518,1295.4136962890625,34.77120590209961,-7.7810211181640625,0.02915016934275627,241.49703979492188,12,1.786440372467041,0.3519151210784912,1.0526072978973389,660.1374383517702,3437.9408423391033,45.05866510556159,3.3224329333977773,0.04514911025762558,0.03687117248773575,1.0331593751907349,3,4.707681655883789,0.0003439249412622303,1098.1287841796875,10.718642234802246,45.0586651055616,3.3224329333977827
10631.4296875,88.04732513427734,-10.066478729248047,0.008994029834866524,8793.7939453125,63.77786636352539,-9.860441207885742,0.007876322604715824,10403.791015625,88.40982818603516,-10.04297924041748,0.009228662587702274,505.416015625,118,2.104030132293701,1.9056909084320068,53.12300491333008,429.9282046422219,3626.785074307424,45.07246102039998,3.3392404857699485,0.01735764555633068,0.017043232917785645,39.37626647949219,0,4.119531631469727,0.00030091070220805705,10498.5556640625,12.624180793762207,45.07246102039997,3.339240485769942
2865.854248046875,37.840335845947266,-8.643135070800781,0.014339391142129898,2842.614013671875,49.26720428466797,-8.634294509887695,0.01882217638194561,2892.03955078125,42.19602966308594,-8.653010368347168,0.015845179557800293,580.2175903320312,17,1.5638654232025146,0.5305119752883911,6.515720367431641,646.007320591559,3435.0491018972866,45.05845306694722,3.3234664792261723,0.021143341436982155,0.017397135496139526,8.52527904510498,3,3.229215145111084,0.0002359135396545753,2758.77392578125,9.38319206237793,45.05845306694721,3.3234664792261666
10660.6044921875,85.60657501220703,-10.069454193115234,0.008720776066184044,2407.908935546875,48.02115249633789,-8.454100608825684,0.021658198907971382,10529.0087890625,103.28584289550781,-10.055968284606934,0.010653275065124035,430.9132080078125,109,9.925167083740234,0.6092783808708191,-45.01274871826172,1415.1389861926345,3538.675732555125,45.066056579249484,3.267208677519893,0.08388034999370575,0.007037730887532234,-45.48790740966797,3,14.746549606323242,0.0010774633847177029,1752.6551513671875,59.551002502441406,45.0660565792495,3.2672086775198976
608.5886840820312,66.87238311767578,-6.960809707641602,0.11933085322380066,261.7901916503906,41.47966384887695,-6.0448832511901855,0.17207258939743042,304.9161071777344,55.0660285949707,-6.210451126098633,0.1961251199245453,18.29317855834961,18,2.278057098388672,1.046889066696167,59.7944450378418,1815.312232430984,3548.0940511433905,45.06675425612674,3.2379367071188523,0.35561782121658325,0.354794442653656,-45.819122314453125,2,9.244420051574707,0.0006755174254067242,-145.0450897216797,13.668342590332031,45.06675425612675,3.237936707118856
5683.3095703125,53.3978385925293,-9.386503219604492,0.010203571058809757,3047.337158203125,49.86333465576172,-8.70980167388916,0.017770130187273026,7239.82275390625,80.32520294189453,-9.649319648742676,0.012049075216054916,596.8003540039062,34,9.083087921142578,0.3739878237247467,-45.23000717163086,1374.1658414650688,3579.1187869417304,45.0690122317656,3.270200904069737,0.08861524611711502,0.004631119780242443,-45.41713333129883,3,11.042560577392578,0.0008068043971434236,794.428466796875,54.49852752685547,45.0690122317656,3.270200904069737
468.6335144042969,53.908843994140625,-6.677083492279053,0.12492705136537552,311.66644287109375,41.59796142578125,-6.234225273132324,0.1449478715658188,327.3049011230469,50.468650817871094,-6.287381172180176,0.16745534539222717,23.285512924194336,20,1.8128122091293335,1.066512942314148,58.779720306396484,1168.8336258599927,3568.023026463912,45.0681948505737,3.2852189200938704,0.2312895655632019,0.2302265763282776,61.596710205078125,0,8.317841529846191,0.0006077000289224088,276.55987548828125,10.876873016357422,45.068194850573704,3.2852189200938753
1895.41943359375,29.945833206176758,-8.194263458251953,0.017157772555947304,2142.279296875,47.279762268066406,-8.327190399169922,0.023967847228050232,2222.150146484375,38.69676971435547,-8.366933822631836,0.018911724910140038,380.773193359375,10,1.6903605461120605,0.3804095685482025,-45.698062896728516,1382.2825488665221,3571.115937989895,45.06842737974348,3.2696081594130635,0.03403155133128166,0.027599724009633064,-43.624168395996094,3,4.7623066902160645,0.0003479514562059194,2019.1795654296875,10.142163276672363,45.06842737974347,3.2696081594130595
422.01580810546875,55.15090560913086,-6.563321590423584,0.14192332327365875,107.34149169921875,40.88282775878906,-5.076919078826904,0.4136215150356293,165.133544921875,38.98243713378906,-5.544588088989258,0.25636783242225647,20.716064453125,11,1.5940146446228027,0.7397245168685913,-59.25067901611328,55.946636929728754,3523.3553118034624,45.06488022272503,3.366595090531424,0.23775184154510498,0.11953160911798477,-59.31574249267578,2,6.480834484100342,0.0004733807290904224,24.990982055664062,9.564087867736816,45.06488022272503,3.3665950905314244
420.7110900878906,50.20624542236328,-6.559959888458252,0.12959958612918854,307.3141784667969,41.64649963378906,-6.218956470489502,0.14717218279838562,327.82073974609375,45.341678619384766,-6.289091110229492,0.1502072811126709,22.12545394897461,18,1.8347296714782715,0.8694249987602234,53.881961822509766,684.618084921502,3624.4231537662636,45.072299926753374,3.3206196258408838,0.2535852789878845,0.2518342435359955,45.36240005493164,0,7.549558639526367,0.0005514887743629515,48.78742218017578,11.008378028869629,45.072299926753374,3.3206196258408838
332.2484130859375,49.54677963256836,-6.303657054901123,0.1619505137205124,41.8981819152832,40.741920471191406,-4.055488109588623,1.0560296773910522,38.6035041809082,34.01696014404297,-3.966566801071167,0.9569706320762634,15.259149551391602,7,1.4237018823623657,0.6219606995582581,50.74411392211914,1535.2876775171014,3430.4606253552192,45.05814762723769,3.258432434060355,0.6596262454986572,0.6523157954216003,62.59479904174805,2,5.605156421661377,0.00040958053432404995,-4.719172954559326,8.542211532592773,45.05814762723769,3.2584324340603548
350.5235595703125,44.7868537902832,-6.361793041229248,0.13875964283943176,256.3760986328125,41.38257598876953,-6.022193908691406,0.17529511451721191,291.68963623046875,54.43440628051758,-6.162302494049072,0.20266667008399963,22.133493423461914,15,2.4351885318756104,0.9254637956619263,-39.98184585571289,758.6839421778693,3640.107294689544,45.07344961532477,3.315202179174078,0.42103976011276245,0.4172435700893402,-27.51685905456543,0,8.985025405883789,0.0006563540664501488,-45.810630798339844,14.61113166809082,45.07344961532477,3.3152021791740776
259.325927734375,43.95904541015625,-6.0346150398254395,0.18409082293510437,129.93931579589844,41.022926330566406,-5.284351348876953,0.34285926818847656,110.86238861083984,46.11992645263672,-5.111960411071777,0.4517875015735626,15.633344650268555,10,2.6937904357910156,0.6067916750907898,29.390459060668945,1917.8887401639154,3596.125053768375,45.07026751884699,3.2304279631087214,0.45218053460121155,0.44687125086784363,-2.5832831859588623,0,7.64305305480957,0.0005585020990110934,-617.4718017578125,16.162742614746094,45.07026751884699,3.230427963108721
327.4941711425781,42.793418884277344,-6.288009166717529,0.14190681278705597,288.9830322265625,41.56998825073242,-6.1521806716918945,0.15622027218341827,285.6998596191406,49.036502838134766,-6.139775276184082,0.18639716506004333,20.29816246032715,14,1.5511058568954468,1.184399127960205,27.9950008392334,927.2769253896287,3515.462481802964,45.064343712708634,3.302889639802698,0.2835630178451538,0.2819359004497528,83.72941589355469,0,8.10660457611084,0.0005922490963712335,244.27073669433594,9.306634902954102,45.064343712708634,3.3028896398026975
408.0301513671875,52.812618255615234,-6.526730537414551,0.14056438207626343,318.54931640625,41.57352828979492,-6.257941722869873,0.14173269271850586,352.002197265625,47.18394470214844,-6.366363525390625,0.14557228982448578,20.71442413330078,14,1.4465640783309937,1.1253341436386108,-2.86533522605896,614.4552902637485,3586.4274808790037,45.06951917199925,3.3257544448308036,0.34475332498550415,0.3438725769519806,-13.913829803466797,2,7.627235412597656,0.0005571655929088593,227.54949951171875,8.679384231567383,45.06951917199926,3.3257544448308085
1959.5849609375,32.184669494628906,-8.2304105758667,0.017836710438132286,2098.984619140625,47.13939666748047,-8.305023193359375,0.024389594793319702,3369.62060546875,58.47292709350586,-8.818952560424805,0.018845325335860252,379.5113525390625,13,1.752428650856018,0.41386768221855164,-65.93424224853516,528.4982878771856,3405.8229797179742,45.05631095280886,3.3320621891721838,0.05854944884777069,0.05014268681406975,-68.0113296508789,2,5.063952445983887,0.00036994845140725374,3075.373779296875,10.514572143554688,45.056310952808865,3.332062189172189
755690.9375,457.5373229980469,-14.695860862731934,0.0006575247971341014,755605.0625,458.3434753417969,-14.6957368850708,0.0006587581592611969,755611.6875,458.2353820800781,-14.695746421813965,0.0006585970404557884,53345.66015625,25,1.5019464492797852,0.8110899925231934,80.02465057373047,1617.2469245365883,3597.130066241883,45.07033515156989,3.252419791157118,0.00125325086992234,0.00105564808472991,76.16053009033203,0,6.588612079620361,0.00048141091247089207,755428.5625,9.011678695678711,45.07033515156989,3.252419791157118
445.9703369140625,48.928802490234375,-6.623264789581299,0.11914846301078796,411.58770751953125,41.974815368652344,-6.536156177520752,0.11075318604707718,424.0243225097656,52.633724212646484,-6.568477153778076,0.1348041146993637,29.58759307861328,19,2.036003828048706,1.061278223991394,-3.213244915008545,285.20025105543243,3273.053203113287,45.04659112942508,3.349868081657093,0.20106904208660126,0.19975681602954865,9.75696086883545,3,6.975053787231445,0.0005095737869851291,276.7601623535156,12.216022491455078,45.046591129425096,3.349868081657099
469.5186767578125,54.370506286621094,-6.679131984710693,0.12575936317443848,444.69061279296875,42.14567565917969,-6.620144844055176,0.10292594879865646,453.7998962402344,63.68717575073242,-6.642160892486572,0.15241138637065887,22.744930267333984,20,1.9548083543777466,1.1198515892028809,56.766883850097656,1226.9860834906121,3564.0762320040517,45.06790814661761,3.280966575340962,0.27903562784194946,0.27682608366012573,53.618370056152344,2,8.854541778564453,0.0006469219806604087,537.3607788085938,11.728850364685059,45.06790814661761,3.280966575340962
17714.74609375,82.7593002319336,-10.620837211608887,0.00507354736328125,8245.654296875,62.67536163330078,-9.790562629699707,0.008254704996943474,17194.7421875,108.1102066040039,-10.588489532470703,0.006828115321695805,1308.4547119140625,54,5.1748528480529785,1.0965989828109741,6.853395462036133,1378.5495724957734,3587.9640522000564,45.06965901547168,3.269879307038653,0.025905953720211983,0.019159365445375443,15.372889518737793,2,14.284128189086914,0.001043639495037496,15367.4052734375,31.049118041992188,45.06965901547168,3.2698793070386527
6476.685546875,63.83110427856445,-9.528382301330566,0.010703095234930515,3144.71826171875,50.14504623413086,-8.7439546585083,0.017317136749625206,7394.59716796875,68.0269775390625,-9.672286033630371,0.009990712627768517,409.4037780761719,38,3.5626742839813232,0.5061112642288208,-69.81035614013672,523.9167074563358,3418.581151786712,45.05724358108114,3.3323955646997123,0.0415617935359478,0.008237688802182674,-68.42908477783203,3,8.030623435974121,0.0005866742576472461,6886.17236328125,21.37604522705078,45.05724358108115,3.332395564699718
3044.68310546875,42.599971771240234,-8.708855628967285,0.015194871462881565,3170.89501953125,50.21699523925781,-8.752954483032227,0.017198821529746056,3291.878173828125,47.790061950683594,-8.793609619140625,0.015766078606247902,503.3631591796875,25,1.6995272636413574,0.6067554354667664,-69.57543182373047,520.2620005954595,3428.6908428316697,45.05798259585914,3.332661501756302,0.022640397772192955,0.019411135464906693,-70.15312957763672,3,4.313637733459473,0.0003151293785776943,3289.641357421875,10.197163581848145,45.05798259585914,3.332661501756302
3382.963134765625,91.0816879272461,-8.823243141174316,0.029239075258374214,1908.8140869140625,46.6499137878418,-8.201909065246582,0.026540985330939293,3080.2939453125,95.24596405029297,-8.721480369567871,0.033580273389816284,68.00287628173828,109,3.356715679168701,1.926917552947998,29.881011962890625,748.7534277773152,3553.8638454973066,45.06714423914375,3.3159390029915423,0.08609429746866226,0.08293047547340393,28.082651138305664,0,9.185513496398926,0.0006710294401273131,2443.282470703125,20.14029312133789,45.067144239143744,3.3159390029915365
7034.2275390625,58.68859100341797,-9.618041038513184,0.009060811251401901,4265.634765625,53.07716751098633,-9.074958801269531,0.013513065874576569,6916.8349609375,63.539546966552734,-9.59976863861084,0.00997623149305582,820.86328125,40,3.7260987758636475,0.4574317932128906,-38.132972717285156,542.1103874417967,3500.7286516510817,45.06325054826008,3.3310548743121062,0.03669527918100357,0.028527341783046722,-38.36478805541992,0,7.806051254272461,0.00057024578563869,5981.40087890625,22.356592178344727,45.06325054826008,3.3310548743121062
3419.312255859375,105.1786880493164,-8.834846496582031,0.03340556472539902,1807.33349609375,46.30647277832031,-8.142595291137695,0.027824876829981804,2635.136962890625,88.14608764648438,-8.552007675170898,0.03632701188325882,81.5074691772461,95,2.6050095558166504,2.1171765327453613,-43.510074615478516,1251.8392807229795,3550.7188789516426,45.0669323604139,3.279150497935618,0.08118656277656555,0.08043310791254044,-45.14350891113281,0,6.493495464324951,0.00047442788491025567,2470.087646484375,15.630057334899902,45.0669323604139,3.2791504979356185
753.88818359375,62.654014587402344,-7.193267345428467,0.09025511145591736,528.3709716796875,42.279415130615234,-6.807347297668457,0.0869000181555748,553.9749755859375,59.662166595458984,-6.858725547790527,0.11696036159992218,33.90242004394531,32,1.8349759578704834,1.450356364250183,57.77214050292969,231.2199285187108,3560.2502468557495,45.0675869829665,3.3537766054519262,0.17985598742961884,0.1787295788526535,34.20952224731445,0,7.746984004974365,0.000565874099265784,334.6094665527344,11.009855270385742,45.0675869829665,3.3537766054519262
1212.506103515625,26.101957321166992,-7.70920991897583,0.023378625512123108,1259.9903564453125,44.55827331542969,-7.750917911529541,0.03840528056025505,1247.9520263671875,31.09088897705078,-7.740494728088379,0.027056092396378517,290.6784362792969,9,1.2757797241210938,0.34396713972091675,0.16600143909454346,651.2169816680686,3436.0255397680694,45.05852468418786,3.3230854307206292,0.03150816634297371,0.025416526943445206,3.02264404296875,3,3.9141640663146973,0.00028595334151759744,1183.61962890625,7.6546783447265625,45.05852468418786,3.3230854307206292
1166.1898193359375,61.469425201416016,-7.6669230461120605,0.05724265053868294,916.308349609375,43.586753845214844,-7.405104160308838,0.05165860801935196,1050.34228515625,58.88292694091797,-7.5533270835876465,0.060881923884153366,48.85591506958008,39,1.6663739681243896,1.5271008014678955,5.323127746582031,1046.0072366142047,3455.34129977512,45.05995232143305,3.294214300858292,0.11321552097797394,0.11292029917240143,35.2079963684082,2,5.773858070373535,0.00042184992344118655,863.3497314453125,9.99824333190918,45.05995232143305,3.2942143008582914
346.0439147949219,51.0500602722168,-6.347827911376953,0.1602119356393814,191.1720733642578,41.14875793457031,-5.703561305999756,0.23375564813613892,176.6198272705078,39.85365295410156,-5.617598533630371,0.24505214393138885,16.842945098876953,13,1.5681756734848022,0.8018183708190918,34.92353820800781,1312.8336898029515,3523.895919842526,45.06497313198659,3.2746926903889015,0.30525222420692444,0.3036106526851654,57.45570755004883,0,6.6949143409729,0.0004891584976576269,167.68234252929688,9.409053802490234,45.0649731319866,3.274692690388907
55093.4765625,273.4744873046875,-11.852750778198242,0.005390716250985861,16775.1875,79.27008056640625,-10.561668395996094,0.005131823476403952,52754.6015625,267.9172058105469,-11.80565071105957,0.005515311844646931,599.744140625,1157,8.4534330368042,5.359992504119873,7.78538179397583,514.2461174078511,3453.482687881074,45.05979497906727,3.3330982061053165,0.02319726161658764,0.022675558924674988,0.8281362056732178,0,6.850786209106445,0.0005004712729714811,52719.94921875,50.72059631347656,45.05979497906727,3.333098206105317
504.5042724609375,61.91215133666992,-6.757162094116211,0.13327260315418243,187.258056640625,41.26285171508789,-5.681101322174072,0.23930323123931885,306.29290771484375,69.29314422607422,-6.2153425216674805,0.2456875592470169,19.631975173950195,18,2.1369290351867676,1.7727203369140625,-62.420921325683594,597.0264726477466,2929.738816459251,45.02149756940303,3.3271095334905336,0.505034863948822,0.503930389881134,-11.784991264343262,0,11.663562774658203,0.0008523099822923541,312.9463195800781,12.821574211120605,45.021497569403024,3.3271095334905274
214.08377075195312,37.802940368652344,-5.8264594078063965,0.19176602363586426,124.9720687866211,40.9582633972168,-5.242032527923584,0.35592490434646606,165.74493408203125,41.428768157958984,-5.548600673675537,0.27145108580589294,15.685517311096191,9,1.4750878810882568,0.6874046921730042,-59.21648406982422,1342.85989356184,3253.3005923196574,45.045188191829006,3.272526323561249,0.33602383732795715,0.33368855714797974,-63.07481002807617,0,6.00407600402832,0.0004387494409456849,191.6321258544922,8.850526809692383,45.045188191829,3.2725263235612445
234.93905639648438,38.55983352661133,-5.9273881912231445,0.17824187874794006,185.8771514892578,41.194671630859375,-5.673065185546875,0.2406826913356781,185.30859375,43.42264175415039,-5.66973876953125,0.2544781565666199,20.398855209350586,10,1.30571711063385,0.8362337946891785,-70.7245101928711,294.97562279799337,3504.6950299185646,45.06352866938507,3.3491229761804435,0.3305920362472534,0.3276829123497009,-70.5882339477539,0,6.233511924743652,0.00045534331002272666,134.985595703125,7.83430290222168,45.06352866938506,3.3491229761804377
447.1658935546875,53.47525405883789,-6.626171588897705,0.12987154722213745,331.924560546875,41.712223052978516,-6.302598476409912,0.13647522032260895,344.2744445800781,56.04816436767578,-6.342261791229248,0.17680169641971588,20.971115112304688,19,1.922431468963623,0.8232143521308899,-22.05828857421875,261.85975767701893,3505.5269360904817,45.06358780364256,3.351543939070057,0.30791306495666504,0.30301573872566223,-26.227855682373047,1,7.519453525543213,0.0005492742639034986,175.4582061767578,11.534588813781738,45.06358780364256,3.3515439390700568
266.71734619140625,43.135650634765625,-6.065128326416016,0.17563655972480774,211.33714294433594,41.18449401855469,-5.812439441680908,0.21163509786128998,180.77931213378906,51.67640686035156,-5.642871856689453,0.3104369342327118,18.829599380493164,11,2.3727357387542725,0.8571153879165649,-84.78860473632812,335.113777680562,3485.9664617716444,45.06216141112184,3.3461909445010085,0.42773938179016113,0.42286837100982666,-87.1528091430664,2,8.532427787780762,0.0006232850137166679,-202.6328582763672,14.236413955688477,45.06216141112184,3.346190944501008
1064.4852294921875,25.414640426635742,-7.567849159240723,0.025928307324647903,1123.063720703125,44.132389068603516,-7.626010894775391,0.042675916105508804,1119.7740478515625,29.42397117614746,-7.622826099395752,0.02853650040924549,349.0824890136719,9,0.9093354940414429,0.4935719668865204,-6.546335697174072,640.9165967354205,3434.063136424523,45.058380757631745,3.3238388318427523,0.02533252164721489,0.022662172093987465,-2.4803667068481445,3,2.6733813285827637,0.00019530643476173282,1084.82666015625,5.456012725830078,45.058380757631745,3.3238388318427523
3654.431396484375,99.46328735351562,-8.907049179077148,0.0295578483492136,2011.934814453125,46.93986129760742,-8.259035110473633,0.02533714659512043,3268.072998046875,101.34149169921875,-8.78572940826416,0.033676378428936005,77.98994445800781,124,3.1341073513031006,2.3693225383758545,-0.7795018553733826,1444.225204152195,3482.804458049419,45.061972467421455,3.265087412494063,0.079410620033741,0.07840021699666977,-2.1831257343292236,0,8.238118171691895,0.0006019451539032161,3131.8623046875,18.804643630981445,45.06197246742146,3.2650874124940628
991.1007080078125,67.18120574951172,-7.490294456481934,0.07361390441656113,723.689208984375,42.98814010620117,-7.148880481719971,0.06450990587472916,796.67138671875,62.358489990234375,-7.253198146820068,0.08500533550977707,42.544715881347656,41,1.8360451459884644,1.6027289628982544,5.248759746551514,427.67362398539984,3459.4577837449942,45.0602277924506,3.3394271521520826,0.14526121318340302,0.1445293128490448,14.04875373840332,0,6.164373874664307,0.0004503167583607137,675.4824829101562,11.016270637512207,45.06022779245059,3.3394271521520764
385.8843688964844,51.62504577636719,-6.4661431312561035,0.1452891230583191,259.74908447265625,41.504459381103516,-6.0363850593566895,0.17352838814258575,265.5774230957031,58.15278244018555,-6.0604777336120605,0.2377985268831253,17.901111602783203,16,1.8966797590255737,1.3928782939910889,-27.531522750854492,1266.5861317857923,3457.940432549045,45.060149517718315,3.2780824395145327,0.36388784646987915,0.3627043664455414,-31.782522201538086,0,9.732487678527832,0.0007111132727004588,-40.13283920288086,11.380078315734863,45.0601495177183,3.278082439514528
2893.713134765625,70.7474365234375,-8.65363883972168,0.026551255956292152,2314.025146484375,47.709556579589844,-8.410920143127441,0.02239067293703556,2768.777587890625,75.56542205810547,-8.605720520019531,0.029639089480042458,125.89241790771484,75,2.082125663757324,1.8430007696151733,52.6883659362793,150.38320202230662,3222.5377185323296,45.042890263502116,3.3597316194585822,0.04935156926512718,0.0490410178899765,22.410654067993164,0,4.330642223358154,0.00031638165819458663,2603.692626953125,12.492753982543945,45.042890263502116,3.3597316194585822
460.0901794433594,45.61033630371094,-6.657107353210449,0.10765895247459412,507.2608947753906,42.24152374267578,-6.763078689575195,0.09043530374765396,661.8433837890625,84.03333282470703,-7.0518879890441895,0.13788791000843048,27.311412811279297,19,1.8465770483016968,1.3584779500961304,51.17157745361328,290.94586699679144,3249.934950937795,45.0449009015711,3.349450987509509,0.24856306612491608,0.24625363945960999,51.04267883300781,3,8.54415512084961,0.0006242152885533869,628.4374389648438,11.079462051391602,45.0449009015711,3.3494509875095093
313.3445739746094,46.49238586425781,-6.240055561065674,0.16113485395908356,211.01817321777344,41.31049346923828,-5.810799598693848,0.21260346472263336,245.0312042236328,56.387359619140625,-5.973053455352783,0.2499137669801712,18.34018325805664,9,1.7385860681533813,0.43645158410072327,-72.6803207397461,1441.0558811348628,3465.5350862473965,45.0607097397621,3.2653210967653306,0.3862844705581665,0.3828141987323761,86.0974349975586,2,5.181912422180176,0.000378636468667537,265.7806701660156,10.431516647338867,45.0607097397621,3.26532109676533
5113.48095703125,46.73143768310547,-9.271791458129883,0.0099248131737113,4960.29736328125,54.97195053100586,-9.23876953125,0.012035476043820381,5043.90966796875,48.38753890991211,-9.256917953491211,0.010418280959129333,808.8514404296875,21,1.8435676097869873,0.43226656317710876,-61.46327209472656,1607.2174264155394,3760.0429103331435,45.082244276910934,3.2531358504331003,0.019255230203270912,0.01316873263567686,-61.06409454345703,0,5.312767505645752,0.00038815310108475387,4869.41845703125,11.061405181884766,45.08224427691093,3.2531358504330967
421.6947326660156,48.05708694458008,-6.562495231628418,0.12376250326633453,374.0506286621094,41.7415657043457,-6.432325839996338,0.1211903840303421,383.5263977050781,47.27600860595703,-6.4594879150390625,0.1338675618171692,27.867753982543945,18,1.6968920230865479,0.9923991560935974,-87.05203247070312,541.0245562057471,3275.919645557719,45.046812866704855,3.3311625823484556,0.25035879015922546,0.24838575720787048,85.70320129394531,0,7.6023406982421875,0.0005554308881983161,57.7147216796875,10.181352615356445,45.046812866704855,3.3311625823484556
38172.16796875,133.43365478515625,-11.454366683959961,0.0037961937487125397,31529.8203125,101.74124145507812,-11.246803283691406,0.0035043328534811735,37462.73046875,126.88420867919922,-11.433998107910156,0.0036782221868634224,1678.837158203125,195,2.1606881618499756,2.132686138153076,72.06779479980469,338.46342561446596,3348.4607583140705,45.05210771833153,3.345964013326889,0.007826227694749832,0.007695668842643499,50.50304412841797,0,4.086705207824707,0.00029855206958018243,38100.5,12.964128494262695,45.05210771833153,3.3459640133268893
1098.3031005859375,79.28299713134766,-7.601805686950684,0.07839487493038177,567.6095581054688,42.43811798095703,-6.885124206542969,0.08119630068540573,902.149658203125,70.70126342773438,-7.3881964683532715,0.08510957658290863,22.825489044189453,32,2.646726369857788,1.4329442977905273,19.11266326904297,288.04814283736374,3247.059668002081,45.04469050093492,3.3496632260631807,0.256472110748291,0.2532193958759308,36.208831787109375,3,11.670412063598633,0.000852612720336765,431.1610107421875,15.88035774230957,45.0446905009349,3.3496632260631687
2373.597412109375,45.51076126098633,-8.438517570495605,0.020822690799832344,2109.548828125,47.25355529785156,-8.310474395751953,0.024326225742697716,2133.87451171875,40.45831298828125,-8.322921752929688,0.020590586587786674,376.5534362792969,19,1.3385344743728638,0.606069803237915,6.492804527282715,637.2425161246974,3433.361991701311,45.05832933398734,3.324107564838966,0.023239417001605034,0.02119404636323452,16.391141891479492,3,3.741051435470581,0.0002733059518504888,1938.6849365234375,8.031207084655762,45.05832933398734,3.324107564838966
376.3418273925781,52.356407165527344,-6.438956260681152,0.1510835438966751,204.1846466064453,41.27180099487305,-5.775057792663574,0.2195129543542862,208.33175659179688,81.89747619628906,-5.796888828277588,0.4269183874130249,19.67599868774414,9,1.6619077920913696,0.8850132822990417,50.18357467651367,464.87170311968055,3449.9417510915423,45.059533795255604,3.3367086761162867,0.4181126058101654,0.41575196385383606,30.63042449951172,1,7.246652603149414,0.0005293856956996024,440.2696228027344,9.971446990966797,45.05953379525562,3.3367086761162925
2134.974365234375,92.15924072265625,-8.323481559753418,0.04687875136733055,1138.1624755859375,44.20920181274414,-7.640510559082031,0.04218307137489319,1805.6033935546875,89.43994140625,-8.141555786132812,0.05379463732242584,43.41740798950195,79,3.0189080238342285,1.9805551767349243,-20.487863540649414,1377.6871524722915,3432.553865753415,45.05829656366774,3.2699595298492765,0.13350936770439148,0.13142141699790955,-26.23551368713379,2,9.887784004211426,0.0007224904838949442,1566.140625,18.113449096679688,45.05829656366774,3.2699595298492765
210.84112548828125,36.123619079589844,-5.8098883628845215,0.1860654503107071,175.64085388183594,41.224002838134766,-5.611563682556152,0.25489094853401184,189.58961486816406,38.221229553222656,-5.694536209106445,0.21893738210201263,23.057519912719727,9,1.431893229484558,0.7482448816299438,-66.3831558227539,1664.3035319269102,3434.54357118312,45.05844913826439,3.2489948358701266,0.3597419857978821,0.35440805554389954,-70.4254379272461,0,6.1740264892578125,0.0004511632723733783,45.7711181640625,8.59135913848877,45.05844913826439,3.2489948358701266
1718.053466796875,34.66300582885742,-8.087592124938965,0.021910857409238815,1735.4053955078125,46.16274642944336,-8.098502159118652,0.02888820320367813,1770.423583984375,40.43373107910156,-8.120192527770996,0.02480255626142025,221.41651916503906,18,1.5008238554000854,0.5955161452293396,12.85256576538086,631.7089009042404,3432.2589208574814,45.05824844221232,3.324512315052928,0.0357283391058445,0.030731815844774246,12.014586448669434,3,5.018245697021484,0.0003666123084258288,1568.15283203125,9.004942893981934,45.05824844221232,3.324512315052928
1765.8359375,30.746793746948242,-8.117376327514648,0.01890946738421917,2028.9423828125,46.90608215332031,-8.268174171447754,0.025106679648160934,5042.4091796875,70.20516204833984,-9.256595611572266,0.015120313502848148,328.5862121582031,12,2.046158790588379,0.3195260465145111,5.159669399261475,679.3014841679986,3441.518699473443,45.05892751930035,3.321031218576593,0.03966549411416054,0.007697869557887316,3.43031907081604,2,4.802891731262207,0.0003508817753754556,4754.2880859375,12.276952743530273,45.05892751930034,3.3210312185765876
211.13478088378906,36.365699768066406,-5.811399459838867,0.18705184757709503,184.24041748046875,41.236881256103516,-5.663462162017822,0.2430696338415146,205.97608947753906,54.81764602661133,-5.784542083740234,0.28902366757392883,18.33330726623535,9,1.1094664335250854,0.9116931557655334,-82.23828887939453,298.0722320118904,3435.50815016195,45.058470382186975,3.3489057345608835,0.3178865611553192,0.3154749572277069,-64.56855773925781,0,5.996600151062012,0.00043805415043607354,263.19482421875,6.656798362731934,45.058470382186975,3.3489057345608835
494.0411071777344,50.9937744140625,-6.734407901763916,0.11209439486265182,441.1146240234375,41.97819137573242,-6.6113786697387695,0.10334800183773041,495.85516357421875,64.28974914550781,-6.738387107849121,0.14080455899238586,26.700166702270508,21,2.243060827255249,0.9194625020027161,2.6928911209106445,285.53315984130865,3274.951676708544,45.04672996996189,3.3498434949495475,0.23321716487407684,0.22903472185134888,10.078975677490234,3,8.59283447265625,0.0006277625216171145,372.6111145019531,13.458364486694336,45.04672996996187,3.3498434949495413
1082.2510986328125,65.40931701660156,-7.585820198059082,0.06563589721918106,827.82568359375,43.27558135986328,-7.294847011566162,0.05677195265889168,933.9693603515625,62.66143798828125,-7.4258317947387695,0.07286141067743301,40.49177932739258,43,1.842142105102539,1.5955926179885864,8.228484153747559,1007.5489091504764,3367.9522862902086,45.05356126977959,3.2970369146263487,0.1347079575061798,0.1339503824710846,17.517141342163086,0,5.930491924285889,0.0004333101096563041,804.0132446289062,11.052852630615234,45.05356126977959,3.2970369146263487
3778.38037109375,89.54381561279297,-8.94326400756836,0.025737108662724495,1041.657958984375,38.73857498168945,-7.544312953948975,0.040387626737356186,2862.60498046875,90.33301544189453,-8.6419038772583,0.034270063042640686,68.62644958496094,112,9.33633041381836,0.7099670767784119,89.80392456054688,-272.286956894343,3374.7964741036403,45.05399947167569,3.390610751141427,0.23875649273395538,0.015258376486599445,89.8570327758789,24,15.440611839294434,0.0011279232567176223,-6908.56396484375,56.017982482910156,45.05399947167569,3.390610751141427
210.84654235839844,36.12856674194336,-5.809916019439697,0.18608616292476654,209.971435546875,41.291133880615234,-5.805400371551514,0.2135632038116455,235.03463745117188,50.540958404541016,-5.927829742431641,0.23352932929992676,31.407032012939453,9,1.242737889289856,0.778657078742981,-64.81105041503906,1204.625814674721,3321.803293786169,45.05019334777696,3.2826292152745826,0.32148855924606323,0.32048001885414124,-49.97124099731445,0,3.0384747982025146,0.00022202159743756056,288.0452880859375,7.456427574157715,45.05019334777696,3.2826292152745826
5020.2685546875,46.880706787109375,-9.25181770324707,0.010141379199922085,4852.29345703125,54.604393005371094,-9.21486759185791,0.01222110167145729,4974.25,50.51177215576172,-9.241819381713867,0.011027950793504715,721.8806762695312,22,1.966415286064148,0.48726341128349304,4.540366172790527,1663.2965191906517,3682.7634241681985,45.07659639070125,3.249042383580076,0.020319845527410507,0.01479873526841402,4.009932518005371,0,5.834131717681885,0.0004262687871232629,4606.30224609375,11.798491477966309,45.07659639070124,3.2490423835800715
580.8568725585938,63.55146026611328,-6.910172939300537,0.11881908774375916,342.2408447265625,41.76201248168945,-6.335829734802246,0.13251937925815582,323.0655212402344,60.76528549194336,-6.273226737976074,0.20426537096500397,20.612241744995117,24,1.928457260131836,1.5093029737472534,-73.03474426269531,1455.998904635773,3352.6580977322155,45.05245674497326,3.264240281597376,0.286406546831131,0.2853880524635315,12.30700397491455,0,10.218073844909668,0.0007466711103916168,139.5065460205078,11.570743560791016,45.05245674497325,3.2642402815973717
3455.591796875,67.76314544677734,-8.846305847167969,0.021296143531799316,2893.364990234375,49.39582061767578,-8.653508186340332,0.01854030229151249,3328.4443359375,71.72071075439453,-8.80560302734375,0.02340092882514,140.97442626953125,73,1.9100186824798584,1.7960683107376099,54.12145233154297,1046.5550421761866,3361.625830462583,45.05310004237816,3.294185090674025,0.03998486325144768,0.039856918156147,45.0942497253418,0,4.389499664306641,0.0003207219415344298,3198.1552734375,11.460111618041992,45.05310004237816,3.294185090674025
221.8158721923828,39.816036224365234,-5.864981651306152,0.19493742287158966,73.78475952148438,40.83368682861328,-4.66991662979126,0.6010100245475769,94.94935607910156,46.426448822021484,-4.943729877471924,0.5310106873512268,17.202098846435547,9,1.8246049880981445,0.8920819759368896,-73.73173522949219,1573.213845233597,2944.169337700786,45.022585510795494,3.2557082225336953,0.49967339634895325,0.49657073616981506,71.8162841796875,0,7.626832008361816,0.0005574548849835992,-96.71259307861328,10.947629928588867,45.02258551079548,3.255708222533691
249.5098419189453,42.51896667480469,-5.9927191734313965,0.18506523966789246,72.91679382324219,40.798648834228516,-4.657068729400635,0.6076423525810242,87.64299774169922,31.731609344482422,-4.85679292678833,0.39319202303886414,15.238614082336426,7,1.2953314781188965,0.6409361958503723,-13.701077461242676,1084.693447099567,3470.1800681943423,45.06103858791653,3.291383453770125,0.4415943920612335,0.43745157122612,-5.085708141326904,2,5.424582481384277,0.00039633168489672244,36.70405960083008,7.771988868713379,45.06103858791653,3.291383453770125
2093.188720703125,63.192256927490234,-8.302021026611328,0.03278576210141182,1743.995361328125,46.08900833129883,-8.103863716125488,0.028699997812509537,1989.0823974609375,67.17388153076172,-8.246631622314453,0.03667562082409859,90.60577392578125,58,1.9035927057266235,1.6620080471038818,-37.534080505371094,2005.9392042144398,3501.4109087368383,45.06334430540808,3.2239957792323746,0.05955716222524643,0.05953212082386017,53.84548568725586,0,4.346968650817871,0.0003176708414684981,1772.000244140625,11.42155647277832,45.06334430540808,3.2239957792323746
737.716796875,60.09960174560547,-7.169723987579346,0.08847320079803467,564.7236938476562,42.4596061706543,-6.879590034484863,0.08165255934000015,556.4865112304688,59.11642837524414,-6.863636493682861,0.11536747217178345,38.68160629272461,31,1.775496244430542,1.5006648302078247,47.75349426269531,1915.935393249058,3332.927147079751,45.05102376142786,3.2305969783561697,0.17572809755802155,0.17514024674892426,58.27873611450195,0,6.732570648193359,0.0004920388455502689,363.9281921386719,10.652976989746094,45.05102376142787,3.2305969783561737
307.408203125,44.83164978027344,-6.2192888259887695,0.15837953984737396,191.39007568359375,41.26078796386719,-5.704798698425293,0.2341250777244568,173.61492919921875,44.87013626098633,-5.598967552185059,0.28067266941070557,18.884550094604492,13,1.693230390548706,0.8978266716003418,76.16329193115234,1879.241434174272,3257.4322456357186,45.04550258595124,3.233288900407833,0.32648253440856934,0.3233725428581238,33.7938232421875,0,7.3685197830200195,0.0005385319818742573,-48.76319885253906,10.159381866455078,45.04550258595124,3.233288900407833
1247.1234130859375,60.491798400878906,-7.739773750305176,0.052676498889923096,1006.0264892578125,43.824920654296875,-7.506523609161377,0.04730875790119171,1122.4224853515625,62.55339431762695,-7.625391006469727,0.06052354350686073,55.77779006958008,44,1.8438817262649536,1.5709422826766968,84.37928009033203,492.31142972256436,3339.590790308652,45.051466464505,3.3347164456079157,0.0990188717842102,0.09848283231258392,-22.83583641052246,0,6.200394630432129,0.0004529837460722774,837.7957763671875,11.0632905960083,45.051466464505005,3.3347164456079215
266.4183349609375,44.79927062988281,-6.063910484313965,0.18261508643627167,146.0684814453125,41.09306716918945,-5.411391258239746,0.30552154779434204,118.12161254882812,38.39146423339844,-5.18082332611084,0.3529678285121918,14.299099922180176,10,1.3827314376831055,0.8317290544509888,-50.7064323425293,730.0833721872347,3625.466078352825,45.07237809038756,3.3172952154070776,0.3543446660041809,0.3528469204902649,-36.10018539428711,0,6.399479389190674,0.0004674809460993856,112.20830535888672,8.296388626098633,45.072378090387545,3.317295215407072
397958.34375,362.51165771484375,-13.999593734741211,0.000989268533885479,320273.1875,299.9895324707031,-13.763801574707031,0.0010172211332246661,387917.21875,338.10382080078125,-13.971847534179688,0.0009465441107749939,16509.826171875,588,2.474660634994507,2.3721089363098145,33.453243255615234,1402.485629601793,3171.5214150977795,45.03920936188791,3.268173780443117,0.0023039327934384346,0.0022563664242625237,45.41264724731445,0,4.1259870529174805,0.00030152505496516824,397048.0,14.847963333129883,45.03920936188791,3.2681737804431172
217.75985717773438,38.901546478271484,-5.844944477081299,0.19400765001773834,80.88963317871094,40.889732360839844,-4.7697319984436035,0.5489733219146729,93.81233215332031,35.6462516784668,-4.930649757385254,0.41265180706977844,22.676855087280273,6,1.2059276103973389,0.8097149729728699,-28.139644622802734,1585.4636524887612,2920.7091069682274,45.02086978854921,3.254814408185925,0.7610119581222534,0.7550953030586243,-28.99465560913086,2,5.8903727531433105,0.00043054131674580276,63.287818908691406,7.235565662384033,45.02086978854921,3.254814408185925
255.96180725097656,43.50953674316406,-6.020437717437744,0.18460315465927124,181.260986328125,41.1792106628418,-5.645761013031006,0.24671952426433563,137.09164428710938,43.26921463012695,-5.342527389526367,0.3427661061286926,19.915130615234375,10,1.6343162059783936,0.7477045059204102,-0.25983959436416626,1553.274899238979,3312.8659373888127,45.049549468292504,3.2571291230022044,0.37420228123664856,0.3686966001987457,7.164821147918701,0,5.203546524047852,0.0003802593855652958,165.2224578857422,9.805896759033203,45.049549468292504,3.2571291230022044
7515.76708984375,52.1760139465332,-9.689932823181152,0.007539237383753061,7452.3486328125,60.850730895996094,-9.680732727050781,0.008867526426911354,7467.71630859375,52.107200622558594,-9.682969093322754,0.007577741052955389,1936.5447998046875,18,1.1968942880630493,0.4172626733779907,42.04591751098633,186.84202358255192,3209.465041272886,45.04193620109512,3.357067722301808,0.010127685964107513,0.007251770235598087,44.15130615234375,0,4.183798789978027,0.0003056581481359899,7298.10009765625,7.181365966796875,45.0419362010951,3.357067722301795
478.09259033203125,56.88623046875,-6.698780059814453,0.12921857833862305,248.0806121826172,41.40241622924805,-5.9864821434021,0.18124359846115112,225.33602905273438,49.5322265625,-5.882076740264893,0.23871903121471405,18.24080467224121,13,2.85781192779541,0.7033386826515198,88.78971862792969,52.0772022314903,3354.4379635533965,45.05252984486996,3.366901124515662,0.34140637516975403,0.3384336531162262,-82.04052734375,2,8.482226371765137,0.0006196259055286646,-490.0118408203125,17.14687156677246,45.05252984486996,3.366901124515662
211.81280517578125,36.8027229309082,-5.81488037109375,0.18869377672672272,170.97654724121094,41.20839309692383,-5.582341194152832,0.2617453336715698,167.4578094482422,36.38307189941406,-5.559763431549072,0.23595206439495087,19.303613662719727,9,1.528487205505371,0.6304031610488892,-57.62484359741211,337.3957304296139,3487.125167326078,45.06224623968848,3.3460239564167336,0.32006561756134033,0.3150136470794678,-65.14092254638672,3,5.850790500640869,0.0004273944068700075,-63.80408477783203,9.170923233032227,45.06224623968848,3.3460239564167336
1735.7640380859375,86.97020721435547,-8.098726272583008,0.054413873702287674,988.0816650390625,43.79833221435547,-7.486982345581055,0.04813872277736664,1412.231201171875,82.91871643066406,-7.874764442443848,0.06376415491104126,40.748321533203125,71,2.5313475131988525,2.027848720550537,-23.069616317749023,1395.4525791561055,3355.284964716366,45.05264720723103,3.2686685508446383,0.13439106941223145,0.13349537551403046,-32.482025146484375,0,8.015339851379395,0.0005856995703652501,1342.36962890625,15.188085556030273,45.05264720723103,3.2686685508446383
548.9868774414062,60.83775329589844,-6.848905086517334,0.12034859508275986,357.8531188964844,41.70372009277344,-6.3842620849609375,0.1265609860420227,370.9723815917969,62.46742248535156,-6.423354148864746,0.18286973237991333,24.720779418945312,23,2.1025850772857666,1.400460124015808,6.912900924682617,1560.2800088537037,3022.4180232253266,45.02830852013211,3.256646539928722,0.28180041909217834,0.2797701954841614,7.6426191329956055,0,10.27779483795166,0.0007511844160035253,0.784632682800293,12.615510940551758,45.02830852013211,3.256646539928722
380.5721130371094,53.67650604248047,-6.45109224319458,0.15317119657993317,206.39984130859375,41.23155975341797,-5.786773204803467,0.21694529056549072,281.28936767578125,62.00550079345703,-6.122883319854736,0.23939040303230286,20.298538208007812,10,1.7563680410385132,0.7510196566581726,-65.1419448852539,813.0907959463209,3367.4099273601987,45.05351432672509,3.3112572428699627,0.5931268334388733,0.5922713279724121,-76.54704284667969,2,6.858920097351074,0.0005011229659430683,-7.298020362854004,10.5382080078125,45.05351432672509,3.3112572428699627
844.2720947265625,67.6067123413086,-7.316205978393555,0.08696354180574417,553.378173828125,42.36091995239258,-6.857554912567139,0.08313294500112534,687.4931030273438,63.16243362426758,-7.093170642852783,0.09977468103170395,31.161998748779297,36,1.9672515392303467,1.5483670234680176,-80.8296890258789,1519.1197281990026,3311.3107937007685,45.0494349159943,3.2596276547193668,0.2126139998435974,0.21150106191635132,-56.46792221069336,0,7.996564865112305,0.0005843598628416657,568.415283203125,11.803508758544922,45.04943491599431,3.2596276547193708
1037.8046875,61.31804275512695,-7.540288925170898,0.0641656294465065,751.130126953125,42.984745025634766,-7.189288139343262,0.062148261815309525,783.6297607421875,64.6513671875,-7.23527717590332,0.08959764987230301,54.27566909790039,40,2.05812668800354,1.5225335359573364,3.9142260551452637,411.0740474825568,3335.09854113653,45.051134183087115,3.340656822985258,0.10780949890613556,0.10738898813724518,24.239355087280273,0,6.611102104187012,0.000482981646200642,533.1719360351562,12.348760604858398,45.05113418308712,3.3406568229852636
1711.2891845703125,84.2055435180664,-8.083308219909668,0.053437620401382446,923.1511840820312,43.59337615966797,-7.413182258605957,0.05128348246216774,1627.9835205078125,91.70117950439453,-8.029125213623047,0.06117229163646698,33.65712356567383,69,3.4729411602020264,1.7766860723495483,41.778587341308594,698.0862633835071,3374.6977073998764,45.05404252969293,3.3196658862277735,0.18437813222408295,0.18077155947685242,48.037376403808594,0,14.507052421569824,0.0010598741937428713,848.1862182617188,20.837646484375,45.05404252969293,3.319665886227774
1367.9683837890625,96.68997192382812,-7.8401899337768555,0.07676003873348236,518.4447631835938,42.3399658203125,-6.7867560386657715,0.08869065344333649,939.173828125,84.4873046875,-7.4318647384643555,0.09769566357135773,23.304733276367188,32,2.74564790725708,1.9811360836029053,-6.184563159942627,1999.0586787726122,2988.5992360929295,45.025843511147286,3.224548012107828,0.3049488961696625,0.3037121891975403,4.237148284912109,2,13.984193801879883,0.0010222168639302254,520.874267578125,16.473888397216797,45.025843511147286,3.224548012107828
1973.6363525390625,65.16996002197266,-8.238167762756348,0.03585998713970184,1587.397705078125,45.617958068847656,-8.001714706420898,0.031209006905555725,1875.1646728515625,70.74618530273438,-8.182598114013672,0.04097259044647217,87.73347473144531,59,2.0001232624053955,1.7619549036026,46.078163146972656,468.5103623215653,3345.8948019235436,45.051926317039225,3.3364559152875555,0.06538078933954239,0.06479427963495255,70.45577239990234,0,5.360983371734619,0.000391655252315104,1537.069580078125,12.000740051269531,45.051926317039225,3.3364559152875555
9574.3623046875,92.2580337524414,-9.952775001525879,0.010464636608958244,7715.29638671875,61.433189392089844,-9.718381881713867,0.008647294715046883,9166.28515625,91.78717041015625,-9.90548324584961,0.010874728672206402,435.5918273925781,136,2.334644317626953,1.9782689809799194,84.98861694335938,1372.470305312604,3352.9728180496822,45.05247750503793,3.2703497677167626,0.018695658072829247,0.01852053962647915,70.79016876220703,0,4.066346168518066,0.00029713596450164914,9173.03515625,14.007865905761719,45.05247750503794,3.2703497677167674
532.4697265625,62.54871368408203,-6.815737247467041,0.12757138907909393,312.01947021484375,41.6463508605957,-6.235454082489014,0.14495229721069336,311.9745788574219,60.74010467529297,-6.235298156738281,0.21143952012062073,23.14179229736328,11,1.5282379388809204,0.701694667339325,-48.08212661743164,858.8261308648708,3165.6548806236137,45.0387625849937,3.307936578633775,0.3315562903881073,0.3302001357078552,-56.39999008178711,2,5.629411220550537,0.00041134096682071686,265.46209716796875,9.169427871704102,45.0387625849937,3.307936578633775
256.9199523925781,43.641510009765625,-6.024494647979736,0.18447256088256836,191.2128143310547,41.26019287109375,-5.703792572021484,0.23433874547481537,186.52627563476562,58.806556701660156,-5.676849842071533,0.3423856496810913,16.71798324584961,10,1.7238308191299438,0.6009729504585266,87.34870910644531,426.63004179707656,3343.2801710962112,45.05173316840935,3.3395183869868332,0.3488509953022003,0.345889687538147,80.38555908203125,0,6.069728851318359,0.00044343038462102413,160.4801025390625,10.342985153198242,45.05173316840934,3.3395183869868275
924.5118408203125,64.05609130859375,-7.414781093597412,0.07524502277374268,679.3218383789062,42.86083984375,-7.080188751220703,0.06851961463689804,726.3937377929688,62.72726058959961,-7.15293025970459,0.09378082305192947,37.120086669921875,38,1.7999440431594849,1.646532416343689,61.83696746826172,1445.6285919963834,3355.1813495824854,45.05264097745344,3.2649985376772284,0.1506994068622589,0.1498471200466156,23.989145278930664,0,6.567295074462891,0.00047989372978918254,663.9183349609375,10.799664497375488,45.05264097745344,3.2649985376772284
5029.27734375,74.18315887451172,-9.253764152526855,0.016018785536289215,4166.6552734375,52.84413146972656,-9.049468994140625,0.013773332349956036,4957.9560546875,78.00467681884766,-9.238256454467773,0.017086291685700417,215.20753479003906,89,1.9754643440246582,1.8441354036331177,65.4937744140625,1168.7692454439423,3106.6141208617973,45.034455559271045,3.2852754994368376,0.03002087213099003,0.029748085886240005,30.928421020507812,0,4.131074905395508,0.0003018893476109952,4814.97998046875,11.85278606414795,45.03445555927105,3.2852754994368425
80848.1171875,181.51907348632812,-12.269174575805664,0.0024382721167057753,65816.9453125,140.72793579101562,-12.045844078063965,0.0023220544680953026,78979.1640625,167.85276794433594,-12.243781089782715,0.002308053197339177,3545.5732421875,291,2.298600435256958,2.203861951828003,38.706298828125,1397.5923719101754,3454.7367802617,45.059919047238246,3.268501232401624,0.005186435766518116,0.005085762124508619,44.19447326660156,0,4.071534156799316,0.00029750086832791567,80832.0,13.791603088378906,45.059919047238246,3.2685012324016234
374.3543701171875,45.67795944213867,-6.433207035064697,0.13251151144504547,-225.45977783203125,37.8090934753418,99.0,99.0,444.39227294921875,38.283634185791016,-6.619416236877441,0.09355704486370087,19.847869873046875,16,4.44635009765625,0.28867506980895996,90.0,3.0,3157.95876570396,45.0381598028268,3.3705156466377235,0.4622698128223419,0.02888496406376362,90.0,18,6.764959812164307,0.0004942267551086843,-2981.86376953125,26.6781005859375,45.0381598028268,3.370515646637723
646.5016479492188,66.28998565673828,-7.026423931121826,0.11135458946228027,394.7394714355469,41.903785705566406,-6.490776538848877,0.11528492718935013,499.2265625,65.30797576904297,-6.745744228363037,0.14206868410110474,22.755779266357422,27,2.397432565689087,1.398954153060913,87.23413848876953,1638.0767428783597,3270.1573957784076,45.04642836187613,3.250930289940649,0.32888293266296387,0.3270626664161682,83.30718231201172,0,10.972051620483398,0.000801839807536453,176.384033203125,14.38459587097168,45.04642836187613,3.2509302899406496
475.32928466796875,48.40996170043945,-6.69248628616333,0.11060378700494766,431.454833984375,42.08677291870117,-6.587338447570801,0.10593515634536743,428.3010559082031,48.09248352050781,-6.579372882843018,0.12194328010082245,32.39726638793945,20,1.4446715116500854,1.1977183818817139,38.43566131591797,527.1790147813789,3620.924883219365,45.07203719615701,3.332131126963451,0.20503591001033783,0.20340825617313385,32.27631759643555,1,5.508265495300293,0.0004023605433758348,259.0414123535156,8.668028831481934,45.07203719615701,3.332131126963451
1440.7005615234375,68.1373291015625,-7.896434307098389,0.05136191472411156,1059.7105712890625,43.97865676879883,-7.5629682540893555,0.04506968334317207,1129.372802734375,59.06775665283203,-7.63209342956543,0.05679930001497269,56.821502685546875,42,1.6682838201522827,1.5445175170898438,17.652788162231445,1523.1557087838096,2841.491562873835,45.01507366576526,3.259380507545684,0.09237843751907349,0.09194944053888321,10.621037483215332,0,4.997443199157715,0.00036528357304632664,1073.1163330078125,10.009702682495117,45.01507366576524,3.2593805075456794
6247.314453125,78.68987274169922,-9.489233016967773,0.01367903035134077,5141.0498046875,55.3289680480957,-9.277629852294922,0.011687741614878178,6081.72119140625,81.38813018798828,-9.460065841674805,0.01453330460935831,275.1191101074219,100,2.061776638031006,1.9054625034332275,78.57269287109375,1586.5298720963672,3301.7293319722735,45.04873590013665,3.254697721482216,0.02508692257106304,0.02476915717124939,44.790252685546875,0,4.150545597076416,0.0003033136890735477,5955.265625,12.370659828186035,45.04873590013665,3.254697721482216
365.24658203125,50.65743637084961,-6.406465530395508,0.1506214737892151,201.2685546875,41.23028564453125,-5.759439945220947,0.22246937453746796,191.12191772460938,69.3002700805664,-5.70327615737915,0.39378055930137634,22.318824768066406,15,1.8879637718200684,1.2068933248519897,75.43700408935547,123.558852381537,3317.772287793843,45.049852738879636,3.361680129396854,0.38463911414146423,0.3828480839729309,60.18347930908203,1,9.03481388092041,0.0006600150954909623,38.493892669677734,11.32778263092041,45.04985273887964,3.36168012939686
416757.53125,371.8247985839844,-14.049708366394043,0.0009689128492027521,324461.84375,301.90924072265625,-13.777909278869629,0.0010105145629495382,406809.53125,348.978515625,-14.023477554321289,0.0009316169889643788,15885.7333984375,652,3.135246753692627,2.4209208488464355,-9.715087890625,682.7962048803843,3277.5936866721963,45.04694143221262,3.3207957841303375,0.0023943865671753883,0.0023249490186572075,-5.062406063079834,2,4.4322943687438965,0.00032383561483584344,414409.1875,18.811481475830078,45.04694143221262,3.3207957841303375
327.21600341796875,48.13960647583008,-6.287086486816406,0.15977095067501068,106.27845001220703,41.023223876953125,-5.066112995147705,0.4191933572292328,-61.49848175048828,69.62812805175781,99.0,99.0,14.492155075073242,9,2.4067063331604004,0.48835593461990356,-5.654257774353027,461.31832371867466,2804.7809277967262,45.01235127135858,3.3370484826307103,0.7121410965919495,0.7104177474975586,65.10205841064453,16,6.470252513885498,0.0004728248459286988,392.1776123046875,14.440237998962402,45.01235127135857,3.3370484826307036
6693.78271484375,65.25786590576172,-9.564179420471191,0.01058744266629219,5271.95458984375,55.68964385986328,-9.30492877960205,0.011471827514469624,6605.80078125,70.2437973022461,-9.549813270568848,0.011548147536814213,1119.37890625,61,3.391425371170044,0.7039743065834045,68.07547760009766,670.1045217529899,3279.354514457027,45.04706965840331,3.3217236279301727,0.0287250354886055,0.02120312862098217,83.23078918457031,3,9.249494552612305,0.0006757905357517302,7439.26220703125,20.348552703857422,45.04706965840332,3.321723627930178
585.5368041992188,50.70650100708008,-6.918885707855225,0.09404577314853668,452.3243408203125,42.092899322509766,-6.638625144958496,0.10106219351291656,456.10400390625,47.8309440612793,-6.647659778594971,0.11388719081878662,45.82252502441406,21,1.367126226425171,1.2321199178695679,37.14241409301758,1932.4615170947966,2910.8229583985435,45.02015356298854,3.2294280820715042,0.1450660228729248,0.14296028017997742,37.0716438293457,2,4.728333473205566,0.00034563904046081007,373.6142272949219,8.202756881713867,45.02015356298854,3.2294280820715047
724.73095703125,66.06814575195312,-7.150442123413086,0.09900226444005966,398.4051818847656,41.94709777832031,-6.500812530517578,0.11434225738048553,459.8746643066406,64.21250915527344,-6.6565985679626465,0.1516386717557907,23.365755081176758,19,2.4592978954315186,1.16884183883667,49.50297164916992,1206.9179043669208,3273.813967625529,45.046684215708396,3.282466913765036,0.2815111577510834,0.27951812744140625,75.68414306640625,2,10.15421199798584,0.0007419879548251629,103.62176513671875,14.755786895751953,45.04668421570841,3.2824669137650413
291.46820068359375,46.81667709350586,-6.161478042602539,0.1744372546672821,127.17261505126953,40.949676513671875,-5.260983943939209,0.34969282150268555,119.02189636230469,45.06691360473633,-5.189067363739014,0.41120725870132446,19.416826248168945,11,2.0336551666259766,0.821094810962677,88.33536529541016,1660.9509958560586,3120.750927520873,45.03550266591425,3.249272093343774,0.4312155246734619,0.4271876811981201,-80.69966888427734,0,7.725730895996094,0.0005646457429975271,-254.66676330566406,12.20193099975586,45.03550266591425,3.249272093343774
780.4891967773438,74.14815521240234,-7.230917453765869,0.10317233949899673,367.31195068359375,41.79773712158203,-6.412587642669678,0.12357981503009796,479.0503845214844,64.50808715820312,-6.700953006744385,0.14623886346817017,26.759183883666992,27,2.5231409072875977,1.24370276927948,-81.32048797607422,457.76894912493674,3193.7401729125518,45.040799547600685,3.337260475014775,0.3055839240550995,0.30532917380332947,13.832294464111328,2,10.152832984924316,0.0007417898159474134,360.02716064453125,15.138845443725586,45.040799547600685,3.337260475014775
1779.5089111328125,104.66582489013672,-8.125750541687012,0.06387553364038467,646.7723999023438,42.75596618652344,-7.026878833770752,0.07179183512926102,1176.0626220703125,84.09769439697266,-7.6760759353637695,0.07765751332044601,28.127901077270508,54,2.7592079639434814,1.9845885038375854,87.59033966064453,1453.6677863672514,3274.444585771215,45.0467374040367,3.2644191184173406,0.24635303020477295,0.2447369545698166,71.72232818603516,2,12.731321334838867,0.0009303607512265444,753.92822265625,16.555248260498047,45.04673740403671,3.264419118417345
303.7119445800781,41.928096771240234,-6.206154823303223,0.14992466568946838,340.2298278808594,41.75537109375,-6.329431056976318,0.13328146934509277,385.9063720703125,47.62808609008789,-6.466204643249512,0.13403277099132538,20.80059242248535,13,1.529000997543335,1.1379636526107788,18.07316780090332,254.08352480672542,3278.3523330319645,45.0469770560332,3.352142456984362,0.29080256819725037,0.2901379466056824,0.5731998085975647,0,7.745940685272217,0.0005658867303282022,204.72718811035156,9.174005508422852,45.0469770560332,3.352142456984362
1005.6553955078125,69.1042709350586,-7.506123065948486,0.07462520152330399,686.7745361328125,42.823665618896484,-7.092035293579102,0.06771726906299591,905.3539428710938,69.06700897216797,-7.392045974731445,0.08284801244735718,29.164518356323242,42,2.2212445735931396,1.6081434488296509,50.06718444824219,1623.813413944483,3042.9435487451897,45.02981123147787,3.2519967041048696,0.18963085114955902,0.18751464784145355,55.94464111328125,0,9.576934814453125,0.0006999642355367541,787.6565551757812,13.32746696472168,45.029811231477886,3.2519967041048736
1550.7054443359375,79.06558990478516,-7.976323127746582,0.0553717203438282,959.4567260742188,43.678104400634766,-7.455063343048096,0.04943883419036865,1087.286865234375,70.1335220336914,-7.590860366821289,0.07005051523447037,60.54473114013672,50,2.0979833602905273,1.6651242971420288,-12.52570915222168,415.7580460983086,3118.601234908268,45.0353025975099,3.3403417027984657,0.10696279257535934,0.10625284910202026,-75.2042236328125,0,6.313924312591553,0.00046132420538924634,1160.82080078125,12.587900161743164,45.035302597509904,3.3403417027984714
235.23089599609375,41.94553756713867,-5.928735733032227,0.19365166127681732,152.69212341308594,41.115291595458984,-5.4595417976379395,0.29242637753486633,156.52908325195312,44.81758499145508,-5.48648738861084,0.3109447658061981,15.739590644836426,9,1.2127101421356201,0.9446702599525452,49.35923767089844,471.8591059297742,3302.066047329654,45.04872163923677,3.336216611101609,0.42242443561553955,0.4203876256942749,52.08843231201172,0,6.3869452476501465,0.00046661985106766224,171.35328674316406,7.276260852813721,45.048721639236746,3.336216611101598
841.5983276367188,56.55878448486328,-7.312762260437012,0.07298355549573898,679.5730590820312,42.73918914794922,-7.08059024810791,0.06829988956451416,732.38134765625,55.539825439453125,-7.161843299865723,0.08235634118318558,42.40204620361328,33,1.6788315773010254,1.3535168170928955,-21.231294631958008,1405.7769707040832,3294.6893651816517,45.048216540726266,3.2679199186177508,0.13692156970500946,0.13654664158821106,15.548394203186035,0,5.7402849197387695,0.0004194704524707049,529.3170776367188,10.072989463806152,45.048216540726266,3.2679199186177508
1938.9970703125,106.16899108886719,-8.218942642211914,0.059463486075401306,687.5650024414062,42.933162689208984,-7.093284606933594,0.06781236827373505,1492.4007568359375,95.35389709472656,-7.934713840484619,0.06938774883747101,27.757137298583984,33,2.994032859802246,1.6025053262710571,57.59353256225586,333.1504633242591,3234.8317245358376,45.04379854844201,3.346367121390706,0.3017353415489197,0.29724499583244324,39.36989212036133,2,13.131421089172363,0.0009593662107363343,867.4717407226562,17.964197158813477,45.04379854844201,3.3463671213907054
706.0099487304688,73.24995422363281,-7.1220269203186035,0.11267469078302383,200.8863067626953,41.26077651977539,-5.757375717163086,0.22305752336978912,214.88197326660156,59.97551345825195,-5.83050012588501,0.3031124770641327,16.912235260009766,15,1.9771933555603027,1.3678010702133179,48.46165084838867,1315.6360531068099,2996.770358763343,45.02642618215663,3.2745449573934127,0.458131343126297,0.4558756947517395,48.52959060668945,0,9.84765338897705,0.000719710486009717,49.571590423583984,11.863160133361816,45.026426182156634,3.2745449573934176
737.66455078125,60.10873031616211,-7.169647216796875,0.08849290758371353,482.656005859375,42.16110610961914,-6.709094524383545,0.09486458450555801,537.4218139648438,61.249908447265625,-6.8257880210876465,0.1237713098526001,31.489992141723633,31,2.0635368824005127,1.3439693450927734,41.9189338684082,219.06651719272023,2840.418647515276,45.01494667378946,3.354758738299447,0.16976316273212433,0.16868442296981812,37.978126525878906,0,8.762232780456543,0.0006402746657840908,186.95701599121094,12.381221771240234,45.01494667378946,3.354758738299447
219.5751495361328,39.33721923828125,-5.8539581298828125,0.1945585310459137,219.35557556152344,41.259002685546875,-5.852871894836426,0.20426778495311737,502.96875,91.07858276367188,-6.753852367401123,0.1966550350189209,19.165319442749023,9,1.354134202003479,0.9138327240943909,-51.98677444458008,116.99577781136938,2873.3771045106378,45.01735229686429,3.3622180425134207,0.7413322925567627,0.7401725649833679,-67.76630401611328,3,5.881072521209717,0.00042972699156962335,450.1884765625,8.124805450439453,45.01735229686429,3.3622180425134207
557.9144287109375,64.80084991455078,-6.866418838500977,0.1261371225118637,181.9197540283203,41.21322250366211,-5.649699687957764,0.24602913856506348,211.79220581054688,58.865787506103516,-5.814774990081787,0.30184417963027954,20.22117805480957,11,1.5628172159194946,0.920832633972168,-33.211097717285156,2009.583142364393,3796.932891532774,45.08494821102247,3.223699812653292,0.3836594223976135,0.38029682636260986,-57.96722412109375,0,6.624208927154541,0.00048401180538348854,237.13803100585938,9.376903533935547,45.08494821102247,3.223699812653292
215.52198791503906,38.27911376953125,-5.833728790283203,0.19288574159145355,135.16331481933594,41.10429000854492,-5.327147006988525,0.3302616477012634,115.6007080078125,46.8387565612793,-5.157401084899902,0.4400222897529602,18.74592399597168,9,1.8080192804336548,0.9786970615386963,66.54899597167969,1556.6544531737893,2835.9103300250636,45.0146662068103,3.256930403013011,0.386106938123703,0.38356736302375793,42.50200271606445,0,7.9548492431640625,0.0005814590258523822,-98.58089447021484,10.848115921020508,45.0146662068103,3.256930403013011
6035.56689453125,85.28670501708984,-9.45179557800293,0.015345925465226173,4659.77685546875,54.1401252746582,-9.170912742614746,0.012617809697985649,5713.77197265625,87.75983428955078,-9.39230728149414,0.01668025553226471,252.88552856445312,117,2.2946996688842773,2.143082857131958,50.619651794433594,553.8271998320228,3255.77643739608,45.04534046172031,3.330228948626944,0.027857497334480286,0.027606435120105743,26.15947723388672,0,4.241293907165527,0.0003098752349615097,5577.341796875,13.768198013305664,45.04534046172032,3.33022894862695
311.04364013671875,38.49932098388672,-6.232053279876709,0.1344192773103714,-295.7741394042969,37.826416015625,99.0,99.0,382.19000244140625,34.91671371459961,-6.455698490142822,0.09921649098396301,20.972381591796875,13,3.668586254119873,0.28867506980895996,90.0,3.0,3126.435844457942,45.035854522842335,3.3705198647837413,0.3790973722934723,0.028955183923244476,90.0,18,6.137793064117432,0.0004484153469093144,-3330.238525390625,22.011516571044922,45.035854522842335,3.3705198647837413
1009.9419555664062,73.41659545898438,-7.510741233825684,0.07894554734230042,617.0345458984375,42.59844970703125,-6.975773811340332,0.07497459650039673,757.65869140625,77.29350280761719,-7.198684215545654,0.11078965663909912,32.86091613769531,40,2.1754610538482666,1.7105480432510376,-28.27263641357422,1078.1570989378422,3277.1199053954206,45.04692177577369,3.291883603672797,0.203630730509758,0.20187734067440033,-48.89620590209961,2,9.2847318649292,0.0006784310098737478,715.3695068359375,13.052766799926758,45.04692177577369,3.291883603672797
1062.72607421875,83.130615234375,-7.56605339050293,0.08495119214057922,512.029541015625,42.27259063720703,-6.773237705230713,0.0896589607000351,807.5518798828125,78.64217376708984,-7.267926216125488,0.10575840622186661,28.343238830566406,28,1.9441298246383667,1.394459843635559,6.497527599334717,1173.5340327870856,2876.994065605235,45.01766086579007,3.2849517994587893,0.2799849510192871,0.2777474522590637,67.23433685302734,2,8.836845397949219,0.0006458528223447502,612.8036499023438,11.664778709411621,45.017660865790084,3.2849517994587942
405.6258239746094,50.41252517700195,-6.5203142166137695,0.13497169315814972,28.201717376708984,40.695526123046875,-3.6256887912750244,1.5671151876449585,86.79325866699219,93.99813842773438,-4.846214771270752,1.1761510372161865,12.71484661102295,9,1.8848756551742554,0.8103430271148682,-43.70362091064453,263.2414101808689,3099.104421700655,45.033869354799904,3.3514960137117273,0.6721017360687256,0.6670742034912109,-28.59699249267578,1,7.386031150817871,0.0005396456108428538,549.9457397460938,11.309253692626953,45.033869354799904,3.351496013711728
507.853271484375,59.380760192871094,-6.764345645904541,0.12698058784008026,331.3548889160156,41.69462966918945,-6.30073356628418,0.1366521716117859,374.9768371582031,51.56071090698242,-6.43501091003418,0.1493290364742279,19.766345977783203,18,1.6828511953353882,1.1954121589660645,26.66227912902832,1608.8620944102101,3144.537667943993,45.03724112649321,3.25308022237161,0.3337002098560333,0.330268532037735,29.97084617614746,2,8.485816955566406,0.0006201810901984572,64.76087188720703,10.09710693359375,45.03724112649321,3.25308022237161
423.3397521972656,51.92992401123047,-6.566722393035889,0.13321663439273834,284.7018737792969,41.5715446472168,-6.1359758377075195,0.15857534110546112,272.789306640625,46.248878479003906,-6.089568138122559,0.18412116169929504,25.472007751464844,18,1.4356317520141602,1.1596170663833618,-46.1213264465332,1513.9517482837803,2983.283138207825,45.02544500630997,3.260039576769108,0.23335732519626617,0.23247891664505005,-71.84610748291016,0,6.9803266525268555,0.0005101828719489276,188.728271484375,8.613790512084961,45.02544500630997,3.2600395767691075
720.7528076171875,58.05162811279297,-7.144465923309326,0.08746974915266037,581.7396240234375,42.53025436401367,-6.911821365356445,0.07939609885215759,591.0929565429688,56.65230178833008,-6.929139614105225,0.10408582538366318,34.91109085083008,30,1.668784737586975,1.4909522533416748,-84.97350311279297,115.95212177701295,3206.9218315617086,45.04174650538676,3.3622510190629087,0.16303592920303345,0.16222824156284332,55.26622009277344,0,5.9095659255981445,0.00043173288577236235,507.7841796875,10.01270866394043,45.041746505386755,3.362251019062903
635.6226806640625,57.68971252441406,-7.007998466491699,0.09856638312339783,-288.1378173828125,37.79176330566406,99.0,99.0,478.65960693359375,39.665618896484375,-6.700067043304443,0.08999477326869965,21.384323120117188,16,4.816778182983398,0.28867506980895996,90.0,4.107313107412946,3093.956401706527,45.033479294923424,3.370443237198789,0.4475354552268982,0.02716980315744877,90.0,18,7.044061660766602,0.0005146342446096241,-4685.39599609375,28.90066909790039,45.033479294923424,3.370443237198789
2938.622802734375,84.3302230834961,-8.67035961151123,0.031165150925517082,1909.525146484375,46.58174514770508,-8.202313423156738,0.02649233303964138,2717.811279296875,87.5300521850586,-8.585548400878906,0.0349758043885231,85.85032653808594,94,2.4886996746063232,2.2285242080688477,-48.703338623046875,398.4188459250135,3354.524710170713,45.05255402560937,3.3415796223918233,0.07506993412971497,0.0748114287853241,28.066509246826172,0,6.2486958503723145,0.00045649957610294223,2432.598876953125,14.932197570800781,45.05255402560935,3.341579622391817
273.5835876464844,44.44999313354492,-6.0927252769470215,0.176445871591568,183.33999633789062,41.23386764526367,-5.658143043518066,0.24424555897712708,189.1644744873047,43.05615234375,-5.692099094390869,0.24718691408634186,16.291601181030273,11,1.654068946838379,0.8523404598236084,-78.02548217773438,1801.1418915470476,3154.2379053517993,45.03795456303818,3.239012758844344,0.38212382793426514,0.3781760036945343,-73.5137939453125,0,7.093382835388184,0.0005184400361031294,17.4175968170166,9.924413681030273,45.03795456303817,3.2390127588443405
743.1983032226562,73.10420227050781,-7.177761554718018,0.10682366043329239,-308.7630310058594,37.8090934753418,99.0,99.0,389.2094421386719,39.35334777832031,-6.47545862197876,0.10980652272701263,18.933868408203125,17,4.866501331329346,0.28867506980895996,90.0,3.0,3220.7316992019228,45.04275023892955,3.370507202923799,0.5305405259132385,0.03092723712325096,90.0,19,7.080688953399658,0.0005172757082618773,-5250.3623046875,29.19900894165039,45.04275023892955,3.370507202923798
420.865478515625,50.408843994140625,-6.560358047485352,0.13007482886314392,369.0621337890625,41.850502014160156,-6.417748928070068,0.12314902991056442,426.372314453125,54.77460861206055,-6.574472427368164,0.1395147442817688,22.08188247680664,18,1.7850807905197144,1.2914783954620361,68.05860900878906,2008.2185300038018,3259.377095344454,45.04564686302597,3.2238523931148673,0.33877861499786377,0.336803674697876,76.29664611816406,0,9.08815860748291,0.0006642357329837978,271.0158996582031,10.710484504699707,45.04564686302597,3.223852393114867
148993.34375,235.50315856933594,-12.932917594909668,0.0017165627796202898,119713.75,186.19744873046875,-12.69536018371582,0.0016891162376850843,145339.78125,217.10751342773438,-12.905961036682129,0.0016222589183598757,6318.59326171875,397,2.406242609024048,2.3205907344818115,41.643653869628906,396.47609932450274,3166.951311237537,45.0388376147931,3.341745530735938,0.0038302550092339516,0.0037518239114433527,42.243045806884766,0,4.165153503417969,0.0003043161705136299,148563.59375,14.437456130981445,45.0388376147931,3.341745530735938
1080.460693359375,68.06607818603516,-7.584022521972656,0.06841503828763962,700.5709228515625,42.883358001708984,-7.113630294799805,0.0664762482047081,797.6829833984375,70.9603042602539,-7.254575729370117,0.09660841524600983,43.30427169799805,41,2.1914637088775635,1.7516387701034546,14.909793853759766,1894.1994640938779,3173.1690295671206,45.03934071792661,3.23220272630076,0.14379850029945374,0.14333055913448334,-44.469764709472656,2,7.96922492980957,0.0005824625259265304,330.5279541015625,13.148782730102539,45.03934071792661,3.23220272630076
226.18557739257812,40.61967086791992,-5.886162281036377,0.19502995908260345,81.71226501464844,40.86045455932617,-4.7807183265686035,0.5430574417114258,94.4835205078125,47.47166061401367,-4.938390254974365,0.5456424951553345,16.32714080810547,9,2.073908567428589,0.8725456595420837,-47.87702178955078,984.4531314992452,2927.49666820952,45.02134866826889,3.2987759865932413,0.7908980846405029,0.7864025831222534,11.843378067016602,1,8.045129776000977,0.0005879467935301363,-206.54273986816406,12.443450927734375,45.02134866826889,3.2987759865932413
751.42529296875,58.171142578125,-7.189714431762695,0.084072045981884,576.9261474609375,42.48381042480469,-6.902800559997559,0.07997110486030579,601.3846435546875,48.58634567260742,-6.947880744934082,0.08773880451917648,35.53126907348633,27,1.4290671348571777,1.2054221630096436,-74.73338317871094,1805.9436854354824,3187.6657168508527,45.040399298406946,3.238658182684018,0.1493965983390808,0.14797785878181458,88.10124969482422,2,4.569736480712891,0.00033398682717233896,574.4169311523438,8.574402809143066,45.040399298406946,3.2386581826840177
234.808837890625,35.44182205200195,-5.926785945892334,0.16391980648040771,-300.73785400390625,37.8090934753418,99.0,99.0,251.91415405273438,29.806440353393555,-6.00313138961792,0.12849533557891846,21.172752380371094,10,2.773066759109497,0.28867506980895996,90.0,3.7393019252544284,3176.8825707590427,45.03954372007379,3.3704590565153336,0.35795536637306213,0.03555785119533539,90.0,18,5.3249735832214355,0.00038902193773537874,-2361.85546875,16.63840103149414,45.03954372007379,3.370459056515333
241.18936157226562,40.816131591796875,-5.95589542388916,0.18378223478794098,139.95846557617188,41.0246696472168,-5.364997863769531,0.3183286786079407,161.18016052246094,40.61488723754883,-5.518279075622559,0.2736550569534302,22.413782119750977,10,1.380017638206482,0.9156157970428467,9.825159072875977,950.141343884548,3192.173763182278,45.04070533790474,3.301255509945694,0.3446442484855652,0.3425943851470947,37.59983825683594,0,5.599920272827148,0.0004091892915312201,105.740966796875,8.280105590820312,45.04070533790474,3.301255509945694
1058.5892333984375,85.28950500488281,-7.561818599700928,0.08749796450138092,517.2508544921875,42.35154724121094,-6.784253120422363,0.08891967684030533,820.3710327148438,129.36758422851562,-7.285025596618652,0.1712556779384613,25.854450225830078,44,2.515099048614502,2.0224664211273193,-8.329001426696777,473.24872689946955,3449.592843520392,45.059508677150326,3.336096237365275,0.2647770643234253,0.26368317008018494,-1.3301091194152832,3,13.017302513122559,0.0009509480441920459,1311.391845703125,15.090594291687012,45.059508677150326,3.336096237365275
498.36529541015625,57.460838317871094,-6.743869304656982,0.1252143234014511,368.9888916015625,41.787593841552734,-6.4175333976745605,0.12298833578824997,413.2862854003906,56.21773910522461,-6.540627479553223,0.14772439002990723,19.54875946044922,21,1.7853611707687378,1.3395044803619385,-76.8438720703125,1604.3458469343955,3487.1568824412975,45.06229464329583,3.253375111642798,0.2921105921268463,0.29077088832855225,-87.57525634765625,0,9.257328987121582,0.0006764440913684666,209.272216796875,10.712166786193848,45.062294643295814,3.2533751116427934
517.1614379882812,57.3126335144043,-6.784065246582031,0.12035220861434937,358.2355041503906,41.8774299621582,-6.3854217529296875,0.12695248425006866,454.22503662109375,53.941349029541016,-6.643177509307861,0.12896758317947388,19.594411849975586,13,2.080047130584717,1.0744248628616333,55.92430877685547,1078.270444602855,3181.7375175372,45.03994661658583,3.2918860807609,0.395452082157135,0.3938133716583252,44.79566192626953,2,8.947189331054688,0.0006537994486279786,68.15624237060547,12.4802827835083,45.03994661658583,3.2918860807609
271.0331115722656,45.28451156616211,-6.082555770874023,0.18145008385181427,38.21076965332031,40.69725036621094,-3.9554646015167236,1.156669020652771,-21.419105529785156,52.45580291748047,99.0,99.0,14.722501754760742,10,2.247572660446167,0.9505799412727356,-30.16209602355957,1241.8468555765085,2998.4975347031177,45.02655033504866,3.279942126775834,0.3713094890117645,0.15257208049297333,-27.375423431396484,0,8.746835708618164,0.0006392455543391407,-296.95098876953125,13.485435485839844,45.02655033504865,3.279942126775829
5314.61083984375,77.48747253417969,-9.313678741455078,0.01583397202193737,4247.97119140625,53.05595016479492,-9.070453643798828,0.013563829474151134,5139.3603515625,80.99762725830078,-9.27727222442627,0.0171156357973814,223.0301971435547,97,2.0784196853637695,1.9512261152267456,11.813878059387207,785.1854533851601,3173.4385682158086,45.039328953063134,3.3133209563568276,0.02983255870640278,0.02942066267132759,30.00497055053711,0,4.176021099090576,0.0003051354724448174,5166.1103515625,12.470518112182617,45.039328953063134,3.3133209563568276
809.02880859375,59.07152557373047,-7.269909858703613,0.07929467409849167,613.3676147460938,42.571189880371094,-6.969302177429199,0.0753745585680008,688.4780883789062,64.70169067382812,-7.094725131988525,0.10205994546413422,33.57981491088867,33,1.8766839504241943,1.554478645324707,11.979511260986328,830.6441117992455,3177.138488798096,45.039601313151465,3.3099961840648513,0.18362103402614594,0.182212695479393,-35.410545349121094,0,8.000076293945312,0.0005845582345500588,615.3707275390625,11.260103225708008,45.039601313151465,3.3099961840648517
6771.1298828125,120.99945068359375,-9.576652526855469,0.019406717270612717,2843.815185546875,49.323726654052734,-8.634753227233887,0.01883581094443798,4856.283203125,108.57810974121094,-9.215760231018066,0.024281084537506104,100.13654327392578,151,3.817424774169922,2.170226573944092,-42.99748992919922,15.21425194116636,3168.3247524025132,45.03891853131618,3.36962126161773,0.06202509254217148,0.0590599961578846,-37.884613037109375,16,10.625092506408691,0.0007762337336316705,2206.73681640625,22.90454864501953,45.03891853131617,3.369621261617724
35064.74609375,130.66253662109375,-11.362176895141602,0.004046785645186901,28599.416015625,97.64756774902344,-11.14089298248291,0.0037079520989209414,34615.46484375,124.9359130859375,-11.348175048828125,0.003919647075235844,1610.3736572265625,197,2.2623026371002197,2.1129260063171387,44.421424865722656,1393.9848889825353,3128.852920941588,45.03608864616286,3.268800084451363,0.008315193466842175,0.008168593980371952,33.89278030395508,3,4.121233940124512,0.0003011836961377412,35757.33984375,13.573816299438477,45.03608864616286,3.2688000844513625
17512.84765625,106.7118148803711,-10.608391761779785,0.006617372389882803,14004.53125,74.18705749511719,-10.365671157836914,0.00575293367728591,17099.58203125,103.02103424072266,-10.582463264465332,0.006542899180203676,753.7614135742188,165,2.1877102851867676,2.144113540649414,38.32411575317383,1945.1249951586838,2962.312506577066,45.02391997988937,3.2284967265120357,0.013001230545341969,0.012718986719846725,48.09254455566406,0,4.173459529876709,0.0003050711238756776,17125.921875,13.126261711120605,45.02391997988937,3.2284967265120357
468.94061279296875,54.08200454711914,-6.677794456481934,0.12524625658988953,341.75347900390625,41.697601318359375,-6.334282398223877,0.1325036883354187,401.62652587890625,58.19380187988281,-6.509555816650391,0.15735630691051483,26.405675888061523,9,1.0652830600738525,0.5923470854759216,82.77021789550781,1819.390035987709,2904.724001066735,45.019705454450154,3.2377017337270324,0.28743335604667664,0.2846750319004059,-68.16998291015625,3,3.5257859230041504,0.000257726147538051,476.097900390625,6.391698360443115,45.01970545445014,3.237701733727028
274.32000732421875,44.57139205932617,-6.095643520355225,0.17645280063152313,199.78970336914062,41.209442138671875,-5.7514328956604,0.22400280833244324,159.5136260986328,48.680274963378906,-5.506994247436523,0.3314248323440552,17.44499969482422,11,1.2435232400894165,0.7538971900939941,-77.7436294555664,93.94794330986569,3058.486868037061,45.03089010642008,3.3638793427345792,0.2760445475578308,0.2756231427192688,70.48404693603516,1,5.769921779632568,0.00042156214476563036,110.68917846679688,7.461139678955078,45.030890106420074,3.363879342734573
5843.77197265625,77.83794403076172,-9.416732788085938,0.014465316198766232,4803.1123046875,54.51608657836914,-9.20380687713623,0.012326271273195744,5657.43798828125,80.46260070800781,-9.381549835205078,0.01544557511806488,263.700927734375,98,2.078246593475342,1.836615800857544,40.242698669433594,972.5006723941674,2970.323124768938,45.02448074352552,3.299645400171036,0.026477951556444168,0.0261528380215168,39.0020637512207,0,4.058765411376953,0.00029661195003427565,5482.71337890625,12.46947956085205,45.02448074352552,3.2996454001710362
4777.970703125,66.9122543334961,-9.198108673095703,0.015208696946501732,4346.43212890625,53.43404769897461,-9.095332145690918,0.013351037167012691,5160.720703125,75.37945556640625,-9.28177547454834,0.01586253009736538,215.96231079101562,72,1.921383261680603,1.752872347831726,10.58933162689209,1388.6563617777306,3134.6366763373926,45.036511491226825,3.269189236941687,0.030746111646294594,0.0303864236921072,-52.031898498535156,3,4.730380535125732,0.00034569919807836413,5523.99169921875,11.528299331665039,45.036511491226825,3.2691892369416875
303.7025451660156,42.256038665771484,-6.20612096786499,0.1511019915342331,273.25384521484375,41.47039794921875,-6.091415882110596,0.16481691598892212,450.7468566894531,75.23509979248047,-6.63483190536499,0.18126653134822845,28.305700302124023,13,1.4416991472244263,0.9372700452804565,-88.09627532958984,1208.7262036310824,3797.8055797516636,45.084993736207565,3.2822748926113916,0.4578985273838043,0.45547249913215637,88.67192077636719,1,4.649470806121826,0.00033965008333325386,412.0147705078125,8.650195121765137,45.08499373620755,3.2822748926113876
5919.552734375,46.63385009765625,-9.4307222366333,0.008555437438189983,5858.00732421875,57.111228942871094,-9.419374465942383,0.010587695054709911,5828.5390625,46.52646255493164,-9.413899421691895,0.008669022470712662,1744.7069091796875,15,1.2983325719833374,0.37712812423706055,76.27774047851562,850.9089002183058,2918.191086037789,45.02066313562036,3.30854401845452,0.01186053641140461,0.0073354123160243034,84.24137878417969,0,4.141458034515381,0.000302654632832855,5763.2373046875,7.789995193481445,45.02066313562035,3.308544018454514
1076.7933349609375,59.59327697753906,-7.580330848693848,0.060102805495262146,866.2482299804688,43.458213806152344,-7.3441057205200195,0.05448278784751892,999.8529052734375,63.84088897705078,-7.499840259552002,0.06934140622615814,64.48821258544922,40,1.9693082571029663,1.5220714807510376,15.1019287109375,1964.2592747405768,3035.1165091645253,45.02924529070545,3.227089911509403,0.11918420344591141,0.1181584969162941,20.11823272705078,0,5.261297225952148,0.00038457760820165277,842.8308715820312,11.815849304199219,45.02924529070543,3.227089911509399
301.53704833984375,47.81267166137695,-6.198351860046387,0.17219960689544678,116.85746002197266,41.05877685546875,-5.1691412925720215,0.3815745413303375,130.90408325195312,43.62654495239258,-5.292383193969727,0.3619323968887329,16.0203914642334,11,1.6278990507125854,0.9090480804443359,-32.507240295410156,1040.116197514195,2907.496721269422,45.01988768430319,3.2947070261561118,0.4675321877002716,0.46098390221595764,-49.89677047729492,0,7.269068717956543,0.000531244557350874,-24.848100662231445,9.767394065856934,45.01988768430321,3.294707026156117
771.2179565429688,66.34188079833984,-7.217942714691162,0.0934201329946518,-294.9730224609375,37.826416015625,99.0,99.0,271.523193359375,33.9984016418457,-6.084517478942871,0.1359819918870926,22.00298309326172,12,3.5669288635253906,0.28867506980895996,90.0,3.0,3064.3667471802623,45.031315230466916,3.370528127152844,0.44830843806266785,0.035586874932050705,90.0,18,6.051018238067627,0.00044209015322849154,-2969.125732421875,21.401573181152344,45.031315230466916,3.370528127152844
391.00177001953125,52.55839920043945,-6.480446815490723,0.14597995579242706,305.8359680175781,41.5786247253418,-6.21372127532959,0.14764249324798584,275.9842834472656,46.25840759277344,-6.102210998535156,0.18202714622020721,22.752288818359375,12,1.9291070699691772,0.8221778869628906,39.19398498535156,319.2440510775672,3135.8616033986086,45.03656027273548,3.347396548533026,0.3072054386138916,0.30653175711631775,39.48246383666992,2,7.527827739715576,0.0005500012775883079,-25.029409408569336,11.574642181396484,45.036560272735464,3.3473965485330197
1166.4840087890625,58.26838684082031,-7.667196750640869,0.05424803867936134,964.7537231445312,43.70981979370117,-7.46104097366333,0.049203090369701385,1044.2152099609375,66.69503021240234,-7.546975135803223,0.06936386227607727,49.0222282409668,41,1.8368325233459473,1.5866398811340332,-10.931260108947754,203.93983947176346,3041.9418137627013,45.02968577340599,3.3558393037528456,0.10517367720603943,0.10420683771371841,40.49137496948242,0,6.135543346405029,0.0004482889489736408,1177.463134765625,11.020995140075684,45.02968577340599,3.3558393037528456
561.1768188476562,56.23902893066406,-6.872749328613281,0.10883483290672302,420.3633117675781,42.01923751831055,-6.5590620040893555,0.10855583846569061,454.2555236816406,56.8968391418457,-6.643250465393066,0.13602468371391296,32.33509063720703,24,1.8387441635131836,1.3609172105789185,-31.91318702697754,974.8779230155731,2913.9603347785655,45.020358208017605,3.2994778028832785,0.2600613832473755,0.25811541080474854,-21.867090225219727,0,8.295666694641113,0.0006062596803531051,179.32632446289062,11.032464981079102,45.0203582080176,3.2994778028832727
1334.885498046875,80.49317169189453,-7.813610076904297,0.06548545509576797,715.548828125,42.97726058959961,-7.136598110198975,0.06522727757692337,994.0978393554688,78.76099395751953,-7.49357271194458,0.08604227751493454,41.49561309814453,47,2.639138698577881,1.821426272392273,20.035945892333984,47.75122863937042,3671.227335461775,45.07568986798033,3.3671735770749907,0.1788390576839447,0.17751634120941162,12.56924819946289,2,11.41213607788086,0.0008335107122547925,843.8436279296875,15.834832191467285,45.07568986798033,3.367173577074991
245.7017059326172,43.14554977416992,-5.976020336151123,0.19070306420326233,168.15208435058594,41.16712188720703,-5.564255714416504,0.26587533950805664,176.49765014648438,37.30598068237305,-5.616847515106201,0.22954580187797546,14.634984970092773,9,1.4716339111328125,0.7277713418006897,-25.75564193725586,1379.0734712584856,3063.1541662662876,45.03128327560109,3.2698977197791494,0.42815282940864563,0.42439404129981995,-18.87838363647461,1,6.172877311706543,0.00045113320811651647,-15.94082260131836,8.829803466796875,45.03128327560109,3.2698977197791494
1748.7513427734375,75.99869537353516,-8.106820106506348,0.047196295112371445,1165.8446044921875,44.32505416870117,-7.666601657867432,0.04128938540816307,1676.176513671875,80.35523986816406,-8.060799598693848,0.05206241086125374,61.65985870361328,65,2.314876079559326,2.064893960952759,3.4975366592407227,611.934216972995,3127.593734639271,45.03596906295931,3.3259956915416886,0.11982015520334244,0.11857620626688004,39.64375305175781,0,7.536630153656006,0.0005506816669367254,1335.6497802734375,13.889256477355957,45.03596906295931,3.3259956915416886
1232.8480224609375,90.22383880615234,-7.727273941040039,0.07947701960802078,458.00665283203125,42.0648193359375,-6.652179718017578,0.09974176436662674,976.7113647460938,89.99122619628906,-7.4744157791137695,0.10006075352430344,24.1292667388916,44,3.347184658050537,1.8506230115890503,-27.691726684570312,750.1607447294639,3041.855677236046,45.0297042798137,3.3158977448005107,0.3618201017379761,0.35765591263771057,-30.415002822875977,2,14.92534065246582,0.0010906376410275698,760.6112060546875,20.083106994628906,45.0297042798137,3.3158977448005107
2134.810302734375,74.54300689697266,-8.32339859008789,0.03792079538106918,1515.2857666015625,45.471500396728516,-7.951236248016357,0.03258926421403885,1926.2919921875,78.52153015136719,-8.21180534362793,0.044268667697906494,63.85706329345703,71,2.166903018951416,2.032802104949951,24.683210372924805,1345.9112087444223,3069.7071863402684,45.0317616256826,3.272322743304859,0.08711216598749161,0.08679819852113724,57.45877456665039,0,6.5533366203308105,0.0004789328668266535,1591.44091796875,13.001418113708496,45.0317616256826,3.2723227433048594
726.3079223632812,67.08039855957031,-7.152801990509033,0.1003008633852005,-276.6702880859375,37.8090934753418,99.0,99.0,289.35736083984375,32.09021759033203,-6.153586387634277,0.12043922394514084,21.2890625,11,3.2257585525512695,0.28867506980895996,90.0,-3.0344427690857723,3045.918374492047,45.02996567592415,3.3709717698587656,0.44006505608558655,0.03811267018318176,90.0,19,5.750234603881836,0.00042011879850178957,-3027.530517578125,19.354551315307617,45.02996567592415,3.370971769858765
21876.66015625,230.75473022460938,-10.849952697753906,0.011455113999545574,5182.1630859375,55.443180084228516,-9.286277770996094,0.01161895040422678,21125.017578125,235.14027404785156,-10.811992645263672,0.012088147923350334,170.9277801513672,678,9.360054969787598,4.177574634552002,65.64376068115234,261.64274753054,3125.504367988125,45.035799981693664,3.351609526321711,0.07174690067768097,0.06900240480899811,68.51177215576172,0,10.889491081237793,0.0007956072804518044,16363.4267578125,56.16033172607422,45.03579998169366,3.3516095263217043
67087.859375,167.7173309326172,-12.066609382629395,0.0027149624656885862,54735.26171875,129.4066925048828,-11.845667839050293,0.0025675524957478046,65581.671875,155.93263244628906,-12.041955947875977,0.0025821670424193144,3020.8583984375,262,2.252027750015259,2.1837306022644043,19.534767150878906,1010.1011236676263,2984.46692298319,45.02551657683313,3.296893816072473,0.005708544049412012,0.005611178930848837,47.00706481933594,0,4.047464370727539,0.0002957865654025227,67148.2890625,13.512166976928711,45.02551657683313,3.2968938160724726
332.0871276855469,46.867713928222656,-6.303130149841309,0.1532680243253708,270.04779052734375,41.49132537841797,-6.078601837158203,0.1668577939271927,264.0235900878906,50.942543029785156,-6.054106712341309,0.20954036712646484,21.48956871032715,14,1.9401885271072388,1.0363072156906128,45.62672805786133,704.8635456229724,3676.211870324656,45.07608671761941,3.319132821691252,0.2999524772167206,0.29823821783065796,23.07419204711914,0,8.483546257019043,0.0006197008769959211,-23.83343505859375,11.641131401062012,45.07608671761941,3.319132821691252
872.43994140625,59.627342224121094,-7.351839065551758,0.07422321289777756,712.1249389648438,42.93576431274414,-7.131390571594238,0.06547761708498001,868.0537719726562,63.03798294067383,-7.3463664054870605,0.07886521518230438,38.83320236206055,35,1.6860637664794922,1.5069782733917236,82.84940338134766,1301.1974481653401,2910.0441871509347,45.020082251296834,3.275610202089913,0.16602274775505066,0.1650586873292923,67.0939712524414,1,6.1097517013549805,0.00044654609519056976,836.7937622070312,10.116382598876953,45.020082251296834,3.2756102020899127
724.7474975585938,64.0098876953125,-7.1504669189453125,0.09591580182313919,509.48822021484375,42.295291900634766,-6.76783561706543,0.09015455842018127,689.2081909179688,71.21064758300781,-7.095876216888428,0.11220812797546387,26.854663848876953,31,2.3324334621429443,1.2604161500930786,14.844741821289062,827.0595855282115,2822.3563386129863,45.01365210772531,3.3102990757055277,0.2554423213005066,0.25387251377105713,22.550064086914062,0,10.269463539123535,0.0007505167741328478,445.5683898925781,13.994600296020508,45.01365210772531,3.3102990757055277
305.9034423828125,47.50077819824219,-6.213961124420166,0.16863439977169037,224.96975708007812,41.277767181396484,-5.880310535430908,0.19926080107688904,250.77627563476562,57.83515930175781,-5.998216152191162,0.2504582405090332,14.005125045776367,12,1.597463607788086,1.008865475654602,41.62300491333008,1599.9360112315787,2884.983116442524,45.01825687108693,3.2537591856642325,0.5025501251220703,0.4993255138397217,35.004005432128906,1,7.588762283325195,0.0005546927568502724,212.71945190429688,9.584781646728516,45.01825687108695,3.2537591856642374
210.56051635742188,35.826194763183594,-5.808442115783691,0.18477940559387207,198.93829345703125,41.2701416015625,-5.746796131134033,0.2252928465604782,232.4819793701172,50.85707092285156,-5.91597318649292,0.2375701516866684,19.119478225708008,9,1.2619445323944092,0.6750941872596741,34.748435974121094,298.01289522408797,3046.91502784522,45.03005418848062,3.3489602065174378,0.30594128370285034,0.3043302893638611,8.03856086730957,0,5.496218681335449,0.0004015838785562664,100.44136047363281,7.571667194366455,45.030054188480605,3.348960206517432
896.6895141601562,67.94183349609375,-7.38160514831543,0.0822858214378357,562.4429321289062,42.467628479003906,-6.8751959800720215,0.08199915289878845,642.14501953125,62.0157585144043,-7.019083023071289,0.10488147288560867,32.89738845825195,34,1.8888593912124634,1.549607515335083,-52.578773498535156,911.1664945203763,3561.860619790235,45.06773529146692,3.30406213434531,0.16591514647006989,0.16511903703212738,27.033273696899414,2,6.978179931640625,0.0005097942193970084,600.4724731445312,11.33315658569336,45.06773529146689,3.3040621343453003
247.50680541992188,43.327552795410156,-5.9839677810668945,0.19011081755161285,121.75225067138672,40.96341323852539,-5.213692665100098,0.3653835356235504,120.33548736572266,34.34675979614258,-5.200984477996826,0.30997157096862793,14.03770923614502,9,1.518176555633545,0.656522274017334,88.54320526123047,161.5289639650587,3017.330771733414,45.02788362002108,3.358943428643703,0.4276537597179413,0.4218805134296417,-86.49451446533203,1,5.952029228210449,0.00043488224036991596,-22.1420841217041,9.10905933380127,45.027883620021065,3.3589434286436965
1372.9613037109375,83.22283172607422,-7.844145774841309,0.06582850962877274,746.8373413085938,43.062347412109375,-7.183064937591553,0.06261833012104034,1032.9456787109375,85.21880340576172,-7.535193920135498,0.08959582448005676,36.81371307373047,58,2.58202862739563,2.130805015563965,66.53411865234375,984.8143350342505,3074.250001029286,45.03208238308865,3.2987331635325647,0.18384552001953125,0.18331192433834076,3.4162588119506836,0,9.173598289489746,0.0006703665712848306,778.6148681640625,15.492172241210938,45.03208238308865,3.298733163532565
2433.335693359375,77.79023742675781,-8.46550464630127,0.034717854112386703,1705.365966796875,45.97325897216797,-8.079544067382812,0.029276389628648758,2188.79248046875,80.01142883300781,-8.35051155090332,0.03969879075884819,83.66963958740234,79,2.339020252227783,2.026486396789551,-61.92941665649414,730.3040379862214,3054.9017447551787,45.03065764355715,3.317348328098961,0.07580181211233139,0.07563289999961853,-13.881477355957031,0,5.669104099273682,0.00041425315430387855,2172.47216796875,14.0341215133667,45.03065764355715,3.3173483280989604
273.0399475097656,45.48310089111328,-6.0905656814575195,0.18090631067752838,182.12579345703125,41.1502799987793,-5.650928497314453,0.24537548422813416,217.3423309326172,45.00435256958008,-5.842860698699951,0.22487440705299377,14.54179859161377,10,1.6812800168991089,0.9199657440185547,73.23639678955078,1614.7978413720043,3117.446818764426,45.03525998990806,3.2526487451539206,0.5019556879997253,0.49997010827064514,-87.30339813232422,0,7.433030605316162,0.0005432473844848573,56.22585678100586,10.087679862976074,45.035259989908056,3.2526487451539157
246.3014373779297,43.20670700073242,-5.978667259216309,0.19050836563110352,91.91891479492188,40.910911560058594,-4.908512115478516,0.4833526313304901,108.58881378173828,42.7972526550293,-5.089462757110596,0.4280166029930115,13.341217994689941,9,1.357418179512024,1.0913375616073608,-71.48002624511719,544.5515206267587,3029.7951683168408,45.02881354735425,3.3309348794554445,0.5524184107780457,0.551315426826477,35.08245086669922,0,7.272943019866943,0.00053143355762586,-138.0941619873047,8.144509315490723,45.02881354735425,3.330934879455445
310.0862121582031,48.0240478515625,-6.228706359863281,0.1681923121213913,151.2238311767578,41.094425201416016,-5.449050426483154,0.2951158285140991,149.65284729003906,44.796417236328125,-5.437712669372559,0.32507839798927307,16.3536434173584,12,1.6440589427947998,0.9475433230400085,1.581788420677185,1484.9824768058832,3065.036465023102,45.03142374650942,3.262150383492271,0.40451663732528687,0.40122190117836,-22.303190231323242,0,7.45988655090332,0.000545206421520561,40.52639389038086,9.86435317993164,45.03142374650942,3.262150383492271
222.3047332763672,39.9135627746582,-5.867371559143066,0.19498518109321594,143.07699584960938,41.003211975097656,-5.388924598693848,0.3112274408340454,198.82347106933594,52.976009368896484,-5.746169090270996,0.28936195373535156,18.81915283203125,9,1.8472316265106201,0.7634448409080505,5.037647247314453,1477.7329517302169,3012.467282441487,45.02757867650345,3.2626860914840914,0.6434470415115356,0.6410344839096069,-3.0130765438079834,0,7.094475269317627,0.000518513610586524,-26.928518295288086,11.083389282226562,45.027578676503445,3.2626860914840865
24466.01171875,170.66708374023438,-10.971407890319824,0.00757558923214674,7861.71337890625,61.72921371459961,-9.73879337310791,0.008527140133082867,23841.25,182.14187622070312,-10.94332218170166,0.008296799845993519,230.93161010742188,469,5.883973598480225,3.5860483646392822,-84.75932312011719,1235.0901037119095,3606.434294854174,45.07100511166804,3.28036907045662,0.03600877523422241,0.033019233494997025,75.58392333984375,2,12.565559387207031,0.0009180334163829684,22353.9765625,35.30384063720703,45.07100511166803,3.280369070456616
589.1566772460938,61.59394836425781,-6.925577163696289,0.11353690922260284,428.5353698730469,41.99928283691406,-6.5799665451049805,0.1064351350069046,577.9995727539062,63.44133758544922,-6.904819011688232,0.11919955909252167,23.627803802490234,25,1.8812718391418457,1.6316142082214355,-73.4800796508789,1921.9950815825516,2836.6395339582577,45.014726973267905,3.2302007642345196,0.3111840784549713,0.3087441027164459,49.10750198364258,0,10.49455451965332,0.0007671733037568629,376.14361572265625,11.287631034851074,45.01472697326792,3.2302007642345236
329.4051208496094,49.18433380126953,-6.294325828552246,0.1621534824371338,205.5374755859375,41.18097686767578,-5.782227516174316,0.21758826076984406,237.64022827148438,58.92631912231445,-5.939799785614014,0.2692893445491791,17.16987419128418,10,1.6939258575439453,0.844735324382782,20.146337509155273,772.5269733328843,3763.425060083423,45.08246477102588,3.314174559008035,0.47277748584747314,0.4698653817176819,79.82380676269531,2,6.913018226623535,0.0005049612955190241,89.53044891357422,10.163555145263672,45.08246477102588,3.3141745590080354
888.5952758789062,61.17048645019531,-7.37175989151001,0.07475973665714264,699.7950439453125,42.89613723754883,-7.112427234649658,0.06656978279352188,835.763916015625,69.40150451660156,-7.305209159851074,0.09018100798130035,34.26988220214844,36,1.8165819644927979,1.5585488080978394,16.398944854736328,602.762485264368,3028.533506215621,45.0287238023348,3.326678302755383,0.14932596683502197,0.14808516204357147,22.983470916748047,0,6.630150318145752,0.00048447161680087447,933.6586303710938,10.899492263793945,45.0287238023348,3.326678302755383
272.2348937988281,44.219581604003906,-6.087359428405762,0.17640084028244019,138.03895568847656,41.00224304199219,-5.350004196166992,0.3225787878036499,136.82266235351562,49.6163444519043,-5.340394973754883,0.3938188850879669,14.99531364440918,11,1.6120197772979736,1.2335057258605957,26.372325897216797,1424.4280558176522,3055.4525075860056,45.03072121699505,3.266580919644077,0.5057840943336487,0.5029303431510925,48.37976837158203,0,8.436264991760254,0.0006165583617985249,41.068214416503906,9.672119140625,45.03072121699506,3.2665809196440825
256.974853515625,38.831199645996094,-6.024726390838623,0.16410431265830994,235.6632537841797,41.345184326171875,-5.930729866027832,0.19052979350090027,241.00701904296875,45.076820373535156,-5.955074310302734,0.20312033593654633,25.595413208007812,11,1.5236802101135254,0.9939273595809937,86.82298278808594,1688.5463136235871,2840.3631367624557,45.01499491537749,3.247280835213246,0.4186856150627136,0.4142933189868927,-83.39680480957031,0,7.345457553863525,0.000536933250259608,124.0357894897461,9.142081260681152,45.01499491537748,3.2472808352132416
350.6720886230469,45.951847076416016,-6.362253189086914,0.14230874180793762,317.30615234375,41.648128509521484,-6.253696441650391,0.14254330098628998,284.8323669433594,45.9295539855957,-6.136473178863525,0.17511877417564392,19.690568923950195,15,1.6601500511169434,1.0074020624160767,16.986591339111328,722.3179370922887,3034.391709474256,45.029157254016106,3.317934756144749,0.259090393781662,0.2557228207588196,7.291154861450195,0,7.731828212738037,0.0005649857339449227,129.135498046875,9.96090030670166,45.029157254016106,3.3179347561447488
4845.5751953125,46.3818473815918,-9.213363647460938,0.010395192541182041,4803.26904296875,54.516483306884766,-9.203842163085938,0.012325959280133247,4785.14892578125,47.299217224121094,-9.199738502502441,0.010734660550951958,1059.3818359375,22,1.418181300163269,0.5041268467903137,30.76212501525879,1639.761864998871,3729.631197162212,45.080021954179045,3.250758774857111,0.015346953645348549,0.011035313829779625,37.031959533691406,0,5.027057647705078,0.0003672884195111692,4854.9365234375,8.509087562561035,45.080021954179045,3.2507587748571107
397.3094482421875,48.745052337646484,-6.497822284698486,0.1332390308380127,273.29296875,41.53367233276367,-6.09157133102417,0.16504475474357605,317.3914489746094,56.564083099365234,-6.253988265991211,0.19354206323623657,21.906478881835938,13,1.4344401359558105,0.9367128014564514,89.13140869140625,1032.6714247531881,3762.770169406995,45.082426866046696,3.2951530838505714,0.28438979387283325,0.28272920846939087,-79.0255126953125,2,5.888997554779053,0.00043018904398195446,286.5084533691406,8.606640815734863,45.0824268660467,3.2951530838505767
643.7830200195312,65.78507995605469,-7.021848678588867,0.11097309738397598,189.62686157226562,41.239009857177734,-5.69474983215332,0.23617732524871826,167.20547485351562,60.138736724853516,-5.558126449584961,0.390601247549057,20.736217498779297,12,1.907861351966858,1.0754379034042358,83.70966339111328,108.44817976675958,2866.5458141344966,45.01685217366135,3.3628439061960234,0.5743004679679871,0.5709409117698669,44.38439178466797,1,8.570526123046875,0.0006262438837438822,82.4039077758789,11.447168350219727,45.016852173661334,3.362843906196017
577.8367309570312,47.92747116088867,-6.904512882232666,0.0900760218501091,593.8810424804688,42.46174621582031,-6.934248447418213,0.0776476338505745,708.3043823242188,59.74436569213867,-7.125549793243408,0.0916023999452591,31.442859649658203,23,1.5159357786178589,1.2422622442245483,78.55097961425781,1821.956820286813,2906.2879484349605,45.01981990039726,3.237513786957027,0.18005235493183136,0.17949922382831573,74.18995666503906,3,6.180854797363281,0.00045180501183494925,714.338134765625,9.095614433288574,45.019819900397245,3.2375137869570225
869.5382080078125,74.25423431396484,-7.348221778869629,0.09273899346590042,318.69305419921875,41.731292724609375,-6.258431434631348,0.1422063708305359,374.4873046875,67.27210998535156,-6.433592796325684,0.1950867474079132,24.32086753845215,12,1.5824415683746338,0.7961614727973938,-58.65026092529297,611.8738665674387,2940.8741482012147,45.0223126836308,3.3260224467247923,0.3272950351238251,0.32652923464775085,-49.57063674926758,2,6.701605796813965,0.0004897163016721606,288.68060302734375,9.494649887084961,45.0223126836308,3.3260224467247923
681.3389282226562,60.21737289428711,-7.083407878875732,0.09598169475793839,512.31787109375,42.30451583862305,-6.773848533630371,0.08967617899179459,567.1080322265625,61.8486442565918,-6.884164333343506,0.11843885481357574,28.47774887084961,29,1.883062481880188,1.521402359008789,-29.075374603271484,688.1391077501289,3066.1033602062184,45.031475174435805,3.3204304672175455,0.20959807932376862,0.2083638459444046,88.77645111083984,0,7.968116760253906,0.0005822377861477435,361.7214050292969,11.298375129699707,45.031475174435805,3.3204304672175455
47830.46875,248.53903198242188,-11.699261665344238,0.005643126554787159,9700.8515625,65.73016357421875,-9.967024803161621,0.0073584215715527534,45863.32421875,261.1666259765625,-11.653663635253906,0.006184177938848734,269.0003662109375,975,9.178680419921875,4.797876834869385,56.51457595825195,660.1507959246247,3236.4004014065317,45.04392817520743,3.3224567026750917,0.03494846820831299,0.033592771738767624,62.19035339355469,1,13.10266399383545,0.0009573323768563569,43080.453125,55.07208251953125,45.04392817520743,3.3224567026750913
266.8493957519531,43.16500473022461,-6.0656657218933105,0.1756691038608551,133.7825469970703,40.95594024658203,-5.315998554229736,0.3324660062789917,131.0548553466797,47.92081069946289,-5.293632984161377,0.39710089564323425,19.86190414428711,11,1.5773394107818604,1.1303291320800781,7.360113620758057,781.704606919195,2835.8081234584165,45.014634363112464,3.313614617988487,0.42089229822158813,0.418181836605072,-46.182437896728516,0,7.22165060043335,0.0005277665331959724,-13.385190963745117,9.46403694152832,45.01463436311246,3.313614617988481
231.42730712890625,41.43046951293945,-5.911036491394043,0.19441737234592438,135.67762756347656,40.99429702758789,-5.331270694732666,0.3281293511390686,135.66871643066406,57.55998992919922,-5.3311991691589355,0.4607557952404022,17.51133155822754,9,1.6011834144592285,0.8932094573974609,7.233341693878174,59.87744496819456,3795.3999355506357,45.08476713252041,3.3662696061329758,0.4852748513221741,0.4827407896518707,0.31621429324150085,0,7.144927501678467,0.0005218108417466283,39.074745178222656,9.607100486755371,45.08476713252041,3.3662696061329758
1596.7327880859375,63.1963996887207,-8.00808048248291,0.042982324957847595,1281.18359375,44.741127014160156,-7.769028186798096,0.037924982607364655,1437.86865234375,65.28401947021484,-7.894298076629639,0.049308013170957565,75.74669647216797,52,1.8740222454071045,1.6708400249481201,-11.732102394104004,172.41631849041133,3625.778484004592,45.07237433528692,3.3580665626166413,0.07887941598892212,0.07869033515453339,-20.720643997192383,0,5.001859664916992,0.0003653404419310391,1332.0074462890625,11.244132995605469,45.07237433528692,3.3580665626166417
2221.23828125,65.46063995361328,-8.366487503051758,0.03200478479266167,1814.23583984375,46.35530471801758,-8.146734237670898,0.027748243883252144,2099.515869140625,69.78801727294922,-8.3052978515625,0.036098696291446686,94.12506103515625,62,1.9387911558151245,1.7794708013534546,64.12458038330078,1475.5116311817117,2846.0867193574027,45.015408610538515,3.2628654656933067,0.05937693640589714,0.05917922034859657,71.81257629394531,0,4.579596042633057,0.00033473651274107397,2023.1953125,11.632746696472168,45.0154086105385,3.2628654656933023
1639.5399169921875,30.232772827148438,-8.036805152893066,0.02002561278641224,1763.8509521484375,46.11998748779297,-8.116154670715332,0.0283959973603487,1791.503662109375,35.32158660888672,-8.133044242858887,0.021411757916212082,442.5039367675781,12,1.3939470052719116,0.4315015971660614,-10.10842514038086,58.92321385216914,3636.04326404871,45.07311849910837,3.366361824711704,0.027341647073626518,0.022000260651111603,-1.1520540714263916,3,4.051443576812744,0.00029591258498840034,1692.107666015625,8.36368179321289,45.073118499108354,3.366361824711698
285.80963134765625,46.17155838012695,-6.140192031860352,0.17543955147266388,103.06842803955078,40.88443374633789,-5.032814025878906,0.4307866096496582,86.18724060058594,38.70210266113281,-4.838607311248779,0.4876647889614105,15.147018432617188,7,1.8650907278060913,0.6732394695281982,-88.07112121582031,1381.1602727672228,2849.749447200745,45.0156740466214,3.269767179269413,0.5490283370018005,0.5424624681472778,-87.56942749023438,2,6.690230846405029,0.0004889963893219829,-145.8658447265625,11.190544128417969,45.0156740466214,3.2697671792694125
