FLUX_ISOCOR,FLUXERR_ISOCOR,MAG_ISOCOR,MAGERR_ISOCOR,FLUX_APER,FLUXERR_APER,MAG_APER,MAGERR_APER,FLUX_AUTO,FLUXERR_AUTO,MAG_AUTO,MAGERR_AUTO,FLUX_MAX,ISOAREA_IMAGE,A_IMAGE,B_IMAGE,THETA_IMAGE,XWIN_IMAGE,YWIN_IMAGE,ra_deg,dec_deg,ERRAWIN_IMAGE,ERRBWIN_IMAGE,ERRTHETAWIN_IMAGE,FLAGS,FWHM_IMAGE,FWHM_WORLD,FLUX_GROWTH,FLUX_GROWTHSTEP,ra_deg_sextractor,dec_deg_sextractor
5900.71826171875,321.4052429199219,-9.427262306213379,0.059153154492378235,766.6373291015625,112.28276062011719,-7.211474895477295,0.15905705094337463,3692.509765625,436.0246887207031,-8.918304443359375,0.1282387375831604,87.18685913085938,49,6.991350173950195,2.8569846153259277,50.44609451293945,1766.4730057805434,156.7694942139488,44.854754822465004,3.19020788639662,0.3159014582633972,0.3156248927116394,-43.59089660644531,3,26.822277069091797,0.001956230727955699,-2205.334228515625,41.94810104370117,44.854754822465004,3.19020788639662
4642.25830078125,236.3079376220703,-9.166823387145996,0.0552813746035099,2100.199462890625,113.69319152832031,-8.305651664733887,0.058790042996406555,4264.47705078125,232.57391357421875,-9.074664115905762,0.05922772362828255,97.5413818359375,70,3.888303279876709,1.4205398559570312,85.13836669921875,633.4562727470878,28.96801223878188,44.8454875508043,3.272717004426406,0.2270953506231308,0.2247866690158844,82.95221710205078,2,14.09201431274414,0.001027857419103384,3194.27197265625,23.329818725585938,44.8454875508043,3.272717004426393
2651.996337890625,214.2992401123047,-8.558932304382324,0.08775614202022552,1466.8294677734375,113.11698913574219,-7.915948867797852,0.08374869078397751,2844.10791015625,232.81259155273438,-8.634864807128906,0.08889763802289963,60.79726028442383,34,2.0757555961608887,1.8101224899291992,53.98236846923828,805.8827641406992,31.489603227649386,44.84565894246931,3.2601613703521264,0.32079169154167175,0.32048913836479187,74.22013854980469,2,11.615867614746094,0.0008472335175611079,2332.841796875,12.454533576965332,44.84565894246931,3.2601613703521264
8773.681640625,166.1318359375,-9.857954978942871,0.020563678815960884,7560.44677734375,120.00971221923828,-9.696368217468262,0.017238471657037735,8518.5615234375,181.17283630371094,-9.825915336608887,0.02309705689549446,477.44036865234375,67,1.8237121105194092,1.752628207206726,-15.033807754516602,1823.105401109303,26.585404093816656,44.84522813459757,3.1860843240803334,0.03312530741095543,0.03298540413379669,-86.12522888183594,0,3.9113049507141113,0.0002852623874787241,8491.9599609375,10.942272186279297,44.84522813459757,3.186084324080333
2920.23291015625,172.3160858154297,-8.663543701171875,0.0640823096036911,2202.110595703125,113.9000015258789,-8.357097625732422,0.056171298027038574,2505.871826171875,179.4266815185547,-8.497397422790527,0.07776030898094177,107.6844482421875,42,1.8771047592163086,1.5862900018692017,59.045066833496094,62.285674193120414,20.160995470386432,44.84488710469107,3.314307012817632,0.12686069309711456,0.12664467096328735,75.89603424072266,0,6.428985118865967,0.0004689614870585501,2616.9345703125,11.262628555297852,44.84488710469107,3.3143070128176446
1089.2850341796875,131.76947021484375,-7.592854022979736,0.13137207925319672,730.9517211914062,112.06441497802734,-7.159721851348877,0.16649793088436127,677.02197265625,136.56918334960938,-7.076507091522217,0.21906842291355133,65.420166015625,17,1.9452650547027588,1.0072613954544067,75.24691772460938,961.7457175392327,18.53078545723226,44.84469900620693,3.2488116535697937,0.20272909104824066,0.202388733625412,-84.13361358642578,0,8.37398910522461,0.0006107697263360023,-580.4634399414062,11.671590805053711,44.84469900620693,3.2488116535697813
3087.224365234375,237.24803161621094,-8.723920822143555,0.08345728367567062,689.0545043945312,111.97022247314453,-7.0956339836120605,0.1764732152223587,1749.245849609375,327.2603454589844,-8.10712718963623,0.20317597687244415,56.19140625,18,2.0417847633361816,1.437072992324829,-82.36699676513672,538.5568001908468,14.061831636598802,44.844403950079716,3.2796272066527683,0.7374756336212158,0.735071063041687,-38.976985931396484,18,10.25955581665039,0.0007483313092961907,1537.31982421875,12.25070858001709,44.844403950079716,3.279627206652781
1346.0902099609375,142.4842529296875,-7.822685241699219,0.11495358496904373,1008.755126953125,112.87776184082031,-7.509464263916016,0.12152132391929626,1153.296630859375,167.74038696289062,-7.654852390289307,0.1579524725675583,64.233642578125,21,2.3110480308532715,1.2807846069335938,-54.60405349731445,1481.1221670422315,12.324279103140723,44.84420765171413,3.210989885123232,0.2859959006309509,0.28557437658309937,-57.32246398925781,16,10.304706573486328,0.0007515611941926181,-159.34054565429688,13.866288185119629,44.84420765171413,3.2109898851232317
2854.761962890625,195.84007263183594,-8.638924598693848,0.07450089603662491,1831.2149658203125,113.46192169189453,-8.156847953796387,0.06728846579790115,2378.174560546875,184.07455444335938,-8.440608978271484,0.08405815809965134,77.96044921875,44,2.070880174636841,1.6981738805770874,73.32049560546875,656.5502101942991,11.96672741873823,44.84424162491226,3.2710353358200686,0.17967534065246582,0.17894211411476135,68.9241943359375,18,7.567132472991943,0.0005519383121281862,1747.587890625,12.425281524658203,44.84424162491226,3.271035335820081
1730.9365234375,167.09429931640625,-8.095703125,0.10483597218990326,1264.7633056640625,112.8332290649414,-7.755023002624512,0.09688523411750793,1453.556640625,162.01051330566406,-7.9060797691345215,0.1210433840751648,60.36468505859375,27,1.7886526584625244,1.5123018026351929,42.392738342285156,740.8562103176249,12.33188705283314,44.84426195802454,3.264896419306945,0.26321980357170105,0.2625235915184021,35.263816833496094,0,9.848706245422363,0.0007183468551374972,1238.5882568359375,10.731916427612305,44.84426195802454,3.264896419306945
7211.169921875,190.30111694335938,-9.645014762878418,0.028659289702773094,5474.17138671875,117.73600006103516,-9.345795631408691,0.023357197642326355,7140.255859375,197.74330139160156,-9.634284019470215,0.03007584437727928,305.3502197265625,75,2.1804232597351074,1.8486007452011108,24.53276824951172,699.2551224696259,6.15906015795547,44.84381338347902,3.267925683049361,0.05373347923159599,0.05327925831079483,5.4400458335876465,24,4.371615886688232,0.00031885941280052066,6977.41650390625,13.082539558410645,44.84381338347902,3.267925683049361
1823.690185546875,186.9196014404297,-8.15237808227539,0.11130985617637634,145.06436157226562,84.73741912841797,-5.40390157699585,0.6343725323677063,1091.0245361328125,122.75363159179688,-7.594586372375488,0.12218830734491348,53.61761474609375,9,2.5979881286621094,0.28867506980895996,0.0,675.9938843116108,1.0,44.8434376037109,3.269619485815509,0.4046187400817871,0.04495668411254883,0.0,25,5.151100158691406,0.00037571502616629004,-1365.5943603515625,15.587928771972656,44.8434376037109,3.2696194858154963
786.827392578125,119.50220489501953,-7.239698886871338,0.16494010388851166,581.9005737304688,112.01766204833984,-6.912121772766113,0.20905835926532745,493.55865478515625,107.05325317382812,-6.733346939086914,0.23555423319339752,51.1689453125,9,1.5243768692016602,0.8057355880737305,69.21084594726562,133.85219145881643,19.69186279919429,44.84484722392108,3.309095923994448,0.43558529019355774,0.43482309579849243,-55.408748626708984,2,6.615991592407227,0.00048259724280796945,-6.758206367492676,9.146261215209961,44.84484722392107,3.309095923994461
731.892333984375,121.7427978515625,-7.161118030548096,0.18064498901367188,152.03619384765625,111.4128189086914,-5.454867362976074,0.7958258390426636,87.94877624511719,80.16432189941406,-4.860574722290039,0.9898768067359924,41.995418548583984,5,1.1725283861160278,0.6010289192199707,-12.441112518310547,1980.904158424314,30.03084904948377,44.84547022723398,3.1745917736399774,0.4110606014728546,0.40722042322158813,0.13140526413917542,2,4.594575881958008,0.0003350942279212177,107.16654968261719,7.035170555114746,44.84547022723398,3.1745917736399774
1275.3280029296875,159.59706115722656,-7.764054775238037,0.13590417802333832,582.7587890625,112.23831176757812,-6.913722038269043,0.2091616839170456,636.1754760742188,217.83554077148438,-7.008942127227783,0.37186187505722046,42.044795989990234,13,1.9381439685821533,0.9537078738212585,-37.07672119140625,659.036679112281,29.228121887241056,44.84550462807949,3.2708543201515416,0.39708471298217773,0.39691463112831116,0.6465246081352234,0,8.131674766540527,0.0005931144114583731,792.5740356445312,11.628864288330078,44.84550462807949,3.2708543201515416
2327.5546875,208.68692016601562,-8.41724967956543,0.09736999869346619,927.5660400390625,112.34359741210938,-7.418362140655518,0.13153256475925446,1739.9715576171875,252.9856719970703,-8.10135555267334,0.15790054202079773,59.94810485839844,13,1.5197876691818237,0.8610793352127075,-89.51419067382812,933.2802212137444,31.5103717346789,44.84565087147968,3.250884488107876,0.39377138018608093,0.3919641375541687,-43.20609664916992,2,6.831516265869141,0.0004982681130059063,1775.791748046875,9.118725776672363,44.84565087147968,3.250884488107876
1034.667724609375,133.7753143310547,-7.537002086639404,0.14041222631931305,766.3251953125,112.1067886352539,-7.211032867431641,0.15887247025966644,780.3239135742188,163.7235107421875,-7.230687141418457,0.22785888612270355,52.810569763183594,16,1.8888530731201172,0.8913152813911438,-41.48513412475586,830.9511961807754,44.44372466278208,44.84660496539962,3.258335956046637,0.26146918535232544,0.2613396942615509,89.99420166015625,0,7.757715225219727,0.0005658271838910878,961.7633056640625,11.333118438720703,44.84660496539962,3.258335956046637
1331.55419921875,164.45108032226562,-7.810897350311279,0.13412436842918396,806.8135375976562,112.02345275878906,-7.266932964324951,0.1507875919342041,850.8922119140625,205.16412353515625,-7.324686527252197,0.2618524730205536,70.20439147949219,18,1.8476386070251465,1.0986119508743286,78.87212371826172,82.32184119850633,51.203261663023895,44.84715775269739,3.3128482554530216,0.27642983198165894,0.2758912742137909,74.56251525878906,1,7.580751895904541,0.0005529731279239058,1233.412841796875,11.085831642150879,44.84715775269739,3.3128482554530216
3148.041748046875,228.42669677734375,-8.745100975036621,0.07880181074142456,1538.748291015625,113.07172393798828,-7.967918872833252,0.07980246096849442,2338.5107421875,292.1312255859375,-8.422348022460938,0.1356651932001114,77.7038803100586,35,2.221015691757202,1.4966398477554321,45.17742919921875,1283.0112149381923,73.24987904237395,44.8486790108179,3.225416814022205,0.2533370852470398,0.25275087356567383,52.76913070678711,0,10.922933578491211,0.0007966592092998326,2633.877197265625,13.326093673706055,44.8486790108179,3.225416814022205
821.0144653320312,129.2574462890625,-7.285877227783203,0.17097577452659607,391.4617004394531,111.83319854736328,-6.481723308563232,0.3102496564388275,344.93206787109375,140.6884765625,-6.344334125518799,0.4429500699043274,45.98332595825195,11,2.1649909019470215,0.9695726633071899,45.35040283203125,1609.711131991356,54.26822188780765,44.84726731809657,3.2016251413888597,0.3305731415748596,0.152204692363739,47.13951110839844,1,8.669474601745605,0.0006322936387732625,422.1485900878906,12.989945411682129,44.84726731809657,3.2016251413888472
986.5298461914062,134.31979370117188,-7.485275745391846,0.14786303043365479,769.5936279296875,112.11070251464844,-7.215653419494629,0.15820327401161194,967.3731079101562,162.3671875,-7.463984966278076,0.18227793276309967,59.33173751831055,15,1.7492659091949463,0.9345613121986389,41.09234619140625,1946.3568389594127,55.66945557073521,44.84734774813122,3.177107646311297,0.3365488350391388,0.3355071544647217,29.64256477355957,0,7.643588066101074,0.0005574672250077128,873.696044921875,10.495595932006836,44.84734774813122,3.177107646311297
53849.546875,262.4526062011719,-11.82795524597168,0.005292960442602634,44483.91015625,156.06875610351562,-11.62050724029541,0.0038101566024124622,51975.48046875,235.74449157714844,-11.789496421813965,0.00492575578391552,2942.1748046875,173,2.1790201663970947,2.0118491649627686,-72.91468048095703,581.2387772733399,92.16852978546346,44.85011667777479,3.2765195300731884,0.007607106119394302,0.007489768788218498,-89.03488159179688,0,3.6765477657318115,0.0002681640035007149,53719.26171875,13.074121475219727,44.85011667777479,3.2765195300731884
2254.162841796875,195.2002410888672,-8.382463455200195,0.09404265880584717,1292.6353759765625,112.86639404296875,-7.778690338134766,0.09482403099536896,1579.22802734375,231.01840209960938,-7.996111869812012,0.15886621177196503,60.17696762084961,35,1.8755874633789062,1.6033216714859009,67.62789154052734,1497.6984818324154,68.60515786350373,44.848323883304495,3.209782476406455,0.22227106988430023,0.22204962372779846,45.97527313232422,0,9.293187141418457,0.0006777863600291312,1714.740966796875,11.253524780273438,44.848323883304495,3.209782476406455
2844.031494140625,233.79708862304688,-8.634836196899414,0.08927595615386963,859.6724853515625,112.35012817382812,-7.335832595825195,0.1419287472963333,2049.7216796875,296.6006164550781,-8.279236793518066,0.15714731812477112,51.56449890136719,10,1.6543067693710327,1.0439369678497314,82.21792602539062,592.2102373463457,62.14903099663195,44.84791895551639,3.27572050976415,0.4527977705001831,0.45204803347587585,46.18342208862305,2,7.857952117919922,0.0005731526762247086,2720.330322265625,9.925840377807617,44.847918955516384,3.2757205097641626
2187.203125,191.4687957763672,-8.349722862243652,0.09506895393133163,1252.1826171875,112.64350128173828,-7.744169235229492,0.09769409894943237,1491.827880859375,183.4268798828125,-7.934296607971191,0.13352853059768677,64.87744903564453,34,2.1828341484069824,1.6057947874069214,60.97216033935547,1827.3335245990497,67.92002697906344,44.848251469098756,3.1857760566065894,0.22829362750053406,0.22685982286930084,40.25009536743164,0,9.999428749084473,0.0007292867521755397,823.3551025390625,13.097004890441895,44.84825146909875,3.185776056606602
1731.867431640625,160.55490112304688,-8.09628677368164,0.10067896544933319,1233.1279296875,113.05725860595703,-7.72752046585083,0.09956808388233185,1232.6153564453125,155.6213836669922,-7.727068901062012,0.13711075484752655,65.5608901977539,27,1.7078334093093872,1.4612330198287964,-46.88690185546875,698.4977949506717,65.77251864071889,44.8481758826058,3.2679809718783988,0.19507257640361786,0.19468878209590912,-83.92413330078125,1,8.05115032196045,0.0005872368928976357,1050.3277587890625,10.247000694274902,44.8481758826058,3.2679809718783988
744.8944702148438,123.09526824951172,-7.18023681640625,0.17946362495422363,337.7002258300781,111.76863098144531,-6.321328163146973,0.3594333827495575,272.02069091796875,129.6864471435547,-6.086504936218262,0.5177528262138367,43.44089889526367,10,1.6849380731582642,1.0751941204071045,32.50543975830078,1157.8687372186444,63.35107668300116,44.84796393535942,3.2345299422414238,0.46265995502471924,0.46185773611068726,2.7463765144348145,0,8.04973316192627,0.000587108894251287,123.58151245117188,10.109628677368164,44.84796393535942,3.2345299422414233
646.0401000976562,113.96443176269531,-7.025648593902588,0.19157537817955017,110.0732421875,111.27375030517578,-5.104204177856445,1.0978443622589111,-123.1048583984375,227.40737915039062,99.0,99.0,46.75002670288086,9,1.888891339302063,0.6632405519485474,3.4895007610321045,88.96185680794714,71.13399902647535,44.84861608685615,3.312364881475828,0.3171200454235077,0.10309826582670212,3.7179312705993652,16,6.682514190673828,0.0004874501610174775,96.78929901123047,11.333348274230957,44.84861608685615,3.312364881475828
962.0042114257812,124.97628784179688,-7.457942485809326,0.14108487963676453,577.52783203125,111.8364028930664,-6.903932094573975,0.21030040085315704,667.8063354492188,140.12030029296875,-7.061626434326172,0.22786642611026764,68.98013305664062,15,2.28338885307312,0.8712875247001648,36.874454498291016,895.481225435801,75.69724450915679,44.84888699376916,3.253637021686499,0.2866126596927643,0.2862494885921478,-33.382041931152344,0,8.438512802124023,0.0006154779111966491,-432.4233703613281,13.700332641601562,44.848886993769156,3.2536370216865116
1588.1312255859375,138.8726348876953,-8.002216339111328,0.09496424347162247,1210.810302734375,112.55042266845703,-7.707690238952637,0.10094872862100601,1058.7119140625,132.3720245361328,-7.561944484710693,0.13578388094902039,93.00135040283203,24,1.534767508506775,1.1991521120071411,3.101191759109497,1934.2197795907132,73.4951861380803,44.84865240769665,3.177991436077327,0.1352703869342804,0.1346595734357834,-50.28580093383789,0,4.9021077156066895,0.00035752399708144367,919.04638671875,9.20860481262207,44.84865240769665,3.177991436077327
2906.1875,188.62966918945312,-8.658308982849121,0.07048816233873367,1871.961181640625,113.55351257324219,-8.180742263793945,0.06587696075439453,2566.130126953125,194.612548828125,-8.52319622039795,0.08236107230186462,104.08003234863281,44,2.5849807262420654,1.5224087238311768,51.235130310058594,1662.6682795094534,90.39214240484766,44.849906309570976,3.1977682337338327,0.18759261071681976,0.1865835338830948,58.32423782348633,0,9.225753784179688,0.0006728636799380183,981.8623046875,15.509883880615234,44.849906309570976,3.1977682337338327
747.083251953125,120.04108428955078,-7.183422565460205,0.17449811100959778,403.7777099609375,111.98001098632812,-6.515355587005615,0.3011813163757324,265.5168151855469,183.20030212402344,-6.060230255126953,0.7493142485618591,44.769386291503906,11,1.7489323616027832,1.144588589668274,-62.936988830566406,1955.650509021025,80.57078138239592,44.84916860464623,3.1764305376180557,0.42605942487716675,0.42494678497314453,21.035621643066406,0,8.46478271484375,0.0006173594738356769,759.027587890625,10.4935941696167,44.84916860464624,3.1764305376180433
1245.7818603515625,150.36416625976562,-7.73860502243042,0.13107872009277344,914.07861328125,112.4151382446289,-7.402458667755127,0.13355836272239685,922.0830078125,122.56869506835938,-7.411924839019775,0.14435750246047974,63.680397033691406,19,1.5083134174346924,1.0305641889572144,48.7877197265625,1438.088197013753,82.1690227647267,44.849320390473316,3.2141235343684404,0.24064065515995026,0.24025952816009521,34.71613311767578,0,6.749363422393799,0.0004922572989016771,363.4260559082031,9.049880981445312,44.849320390473316,3.21412353436844
3279.683349609375,217.33587646484375,-8.789579391479492,0.07196632772684097,1892.4166259765625,113.36067199707031,-8.19254207611084,0.06505422294139862,2715.01806640625,223.01210021972656,-8.584431648254395,0.08920424431562424,69.9161376953125,41,2.6801278591156006,1.3947588205337524,41.582664489746094,515.8503246701806,93.60826425838958,44.85022719163281,3.281280905882516,0.2233104109764099,0.22296656668186188,62.56346130371094,2,11.585979461669922,0.0008450771565549076,1666.42724609375,16.080766677856445,44.850227191632804,3.2812809058825283
28838.111328125,331.3006286621094,-11.149916648864746,0.012476284988224506,14864.6162109375,127.99825286865234,-10.430384635925293,0.009351476095616817,27582.30859375,348.10662841796875,-11.101576805114746,0.013706024736166,574.6519775390625,252,3.77512526512146,3.16298246383667,-40.15825271606445,1499.9736781776176,133.31306881669067,44.85305754454551,3.2096165486648087,0.0323026217520237,0.03228118270635605,47.87955856323242,0,6.0513153076171875,0.00044134448398835957,28053.345703125,22.6507511138916,44.853057544545514,3.209616548664796
3999.521728515625,193.8860626220703,-9.005020141601562,0.05264636129140854,2799.80224609375,114.5164566040039,-8.617818832397461,0.04441916197538376,3454.65673828125,197.73135375976562,-8.846012115478516,0.0621584914624691,142.4915313720703,56,2.090165853500366,1.7795664072036743,56.217559814453125,1968.7444974385126,99.46788241163507,44.85055002154568,3.1754766987961047,0.09984280914068222,0.09958003461360931,-75.8855972290039,0,6.493895053863525,0.0004736175178550184,3556.44580078125,12.540994644165039,44.85055002154567,3.1754766987961167
710.6514892578125,119.23410034179688,-7.129141807556152,0.18221059441566467,487.0379943847656,111.81583404541016,-6.718906879425049,0.24932757019996643,313.9803466796875,172.8626708984375,-6.242256164550781,0.5979000329971313,44.389766693115234,10,1.7994804382324219,0.812057614326477,88.75000762939453,345.5130977709204,95.13793621865625,44.85035263694932,3.2936842002678426,0.31545451283454895,0.31509265303611755,-54.800743103027344,0,7.222917556762695,0.0005268483073450625,510.0513916015625,10.796882629394531,44.85035263694932,3.2936842002678426
1315.7879638671875,128.0771026611328,-7.797964572906494,0.10570983588695526,1225.4932861328125,112.74281311035156,-7.72077751159668,0.0999097228050232,1351.326416015625,149.26429748535156,-7.826900482177734,0.11995697021484375,79.25201416015625,20,2.061039447784424,1.1489455699920654,-20.807222366333008,1060.4660395856442,95.61617073225365,44.850331941748664,3.241622891937075,0.20431329309940338,0.20340736210346222,-13.255023002624512,3,9.211511611938477,0.0006718476070091128,650.6537475585938,12.366236686706543,44.850331941748664,3.2416228919370873
2178.06640625,185.5336456298828,-8.34517765045166,0.09250844269990921,1153.673095703125,112.74464416503906,-7.65520715713501,0.1061311811208725,1794.0224609375,184.98402404785156,-8.134570121765137,0.11197889596223831,66.81348419189453,23,2.8119566440582275,1.2186956405639648,-8.736462593078613,854.7436583701108,105.37658258891297,44.85106185195071,3.2566035470001604,0.34368759393692017,0.3430204391479492,31.37535858154297,2,11.091340065002441,0.000808968092314899,240.12625122070312,16.871740341186523,44.85106185195071,3.2566035470001604
1160.54248046875,127.72711944580078,-7.661652565002441,0.11952311545610428,1052.398681640625,112.62397003173828,-7.555450916290283,0.11621986329555511,1158.7919921875,135.23313903808594,-7.660013675689697,0.12673817574977875,72.64098358154297,18,2.118837594985962,0.9185171127319336,-4.236542224884033,1058.6883406079228,93.99056480544947,44.850213133543356,3.241752344008136,0.2275119125843048,0.22667771577835083,1.7242467403411865,19,8.345529556274414,0.0006086868233978748,105.32356262207031,12.71302604675293,44.850213133543356,3.241752344008136
297479.90625,914.3262329101562,-13.68364429473877,0.003337900387123227,68880.625,175.61376953125,-12.095242500305176,0.0027687980327755213,283622.15625,861.564453125,-13.631850242614746,0.0032989629544317722,2475.859619140625,1980,9.080458641052246,7.741640090942383,83.23502349853516,1298.1227096491034,260.76839380893415,44.86239693910853,3.224316231957978,0.015744410455226898,0.015539280138909817,79.0702896118164,0,7.4250264167785645,0.0005415384075604379,295480.28125,54.482749938964844,44.86239693910853,3.2243162319579777
17421.12890625,342.77191162109375,-10.602690696716309,0.021367747336626053,7120.99853515625,119.64057922363281,-9.631352424621582,0.018245991319417953,16065.3125,345.0657958984375,-10.51472282409668,0.023326123133301735,235.8583526611328,201,3.504730463027954,3.464545965194702,85.44236755371094,189.4256352829735,142.00141728027705,44.8537950966753,3.3050500736790793,0.07314895838499069,0.07307036221027374,-18.740365982055664,0,9.537712097167969,0.0006957039004191756,14847.234375,21.028383255004883,44.8537950966753,3.305050073679067
9536.935546875,226.19503784179688,-9.948522567749023,0.025757519528269768,6346.451171875,118.76811981201172,-9.506327629089355,0.020323513075709343,9472.791015625,252.70945739746094,-9.941194534301758,0.028971659019589424,295.4471130371094,103,2.8652589321136475,1.9624500274658203,84.49710845947266,1855.5935393457721,134.48184907758358,44.85311851839008,3.1837173597274337,0.05697434023022652,0.05643439292907715,88.8222885131836,0,5.4829607009887695,0.0003998882311861962,9342.625,17.191553115844727,44.85311851839008,3.1837173597274333
9978.2060546875,287.2449951171875,-9.997631072998047,0.03126294165849686,4622.57958984375,116.63414001464844,-9.162211418151855,0.02740129455924034,8687.083984375,290.4078369140625,-9.847185134887695,0.03630480915307999,147.08001708984375,133,3.311159610748291,2.611893653869629,-73.88156127929688,1195.1442291689216,132.92513256429157,44.85305154154418,3.2318154472906535,0.09807027876377106,0.0973973423242569,-60.19105911254883,0,10.068482398986816,0.0007343432516790926,7538.431640625,19.866958618164062,44.853051541544176,3.231815447290666
1947.203125,184.99461364746094,-8.223527908325195,0.10317575186491013,1086.910888671875,112.83983612060547,-7.590484619140625,0.1127452701330185,2123.7724609375,254.64405822753906,-8.317770004272461,0.13021330535411835,60.961265563964844,8,1.4364656209945679,0.9703613519668579,29.668933868408203,624.0147697099902,100.00096366315884,44.850686495445494,3.273404741470589,0.38569745421409607,0.3845713138580322,-67.27457427978516,18,7.052772521972656,0.0005144199240021408,2204.49365234375,8.618793487548828,44.850686495445494,3.2734047414705763
970.4140625,140.5283966064453,-7.467392921447754,0.15726672112941742,657.0070190429688,111.9317855834961,-7.043924808502197,0.1850176900625229,609.72705078125,133.76956176757812,-6.962838649749756,0.23826028406620026,39.70054244995117,13,1.5874817371368408,0.9392390251159668,-64.7108383178711,1123.94097994158,106.12338969985768,44.851095942306905,3.2370005922938283,0.38747769594192505,0.3871116042137146,-50.03090286254883,0,7.296749114990234,0.0005321903736330569,360.4582214355469,9.524890899658203,44.851095942306905,3.2370005922938283
3830.686767578125,226.3559112548828,-8.958191871643066,0.0641719177365303,2095.666015625,113.8177261352539,-8.303305625915527,0.058981750160455704,3296.268310546875,242.39588928222656,-8.795056343078613,0.07986059039831161,109.67446899414062,47,2.7854597568511963,1.6821004152297974,61.4305419921875,1522.1241046107823,133.85039197037216,44.85309527177435,3.2080034202486347,0.1662723869085312,0.16593892872333527,45.10052490234375,2,12.262535095214844,0.0008943505818024278,3511.343017578125,16.712759017944336,44.85309527177435,3.208003420248622
649.6425170898438,107.03459930419922,-7.031686305999756,0.17892852425575256,639.6326904296875,112.08684539794922,-7.014826774597168,0.19030658900737762,772.3324584960938,219.60797119140625,-7.219510555267334,0.3087973892688751,61.89820861816406,10,1.3519916534423828,1.1605095863342285,19.688425064086914,931.8974728050412,108.89295796448299,44.85131319882121,3.250985276493454,0.49695664644241333,0.4962712228298187,-11.282010078430176,1,7.486851215362549,0.0005460639367811382,880.3683471679688,8.111949920654297,44.85131319882121,3.250985276493466
28869.734375,356.18280029296875,-11.151106834411621,0.013398617506027222,13048.3037109375,126.11754608154297,-10.288885116577148,0.010496663860976696,26836.890625,349.58453369140625,-11.071830749511719,0.014146527275443077,502.8114013671875,254,4.725552082061768,2.555528402328491,72.75553894042969,1143.9657766250534,175.59712078945134,44.85617749626107,3.2355423937012473,0.03991404548287392,0.03889363259077072,71.97901153564453,0,8.117528915405273,0.0005920520052313805,26278.201171875,28.353313446044922,44.85617749626107,3.2355423937012597
28140.267578125,360.05389404296875,-11.123320579528809,0.013895338401198387,12504.841796875,125.45911407470703,-10.242695808410645,0.010895666666328907,26286.380859375,365.2250671386719,-11.04932689666748,0.015088970772922039,472.7218933105469,278,3.781665563583374,3.509572982788086,85.70849609375,491.27712375631876,165.29868746501725,44.8554756546699,3.28307061452447,0.04150214046239853,0.04108726978302002,59.797752380371094,0,7.0100555419921875,0.000511309364810586,25797.25,22.689992904663086,44.8554756546699,3.28307061452447
10582.7158203125,251.1322479248047,-10.061492919921875,0.025771232321858406,5834.392578125,118.14611053466797,-9.414989471435547,0.021991435438394547,9577.76171875,263.26397705078125,-9.953160285949707,0.02985088713467121,266.1249084472656,121,3.9567344188690186,1.770321249961853,-79.28843688964844,741.1187469670231,158.10002306748487,44.85492878224329,3.2648777267822253,0.0689929947257042,0.06793375313282013,-72.57035064697266,0,9.516875267028809,0.0006941369501873851,7086.4482421875,23.740406036376953,44.854928782243285,3.2648777267822378
865.699951171875,127.42387390136719,-7.343418598175049,0.15985022485256195,478.0971984863281,111.8931655883789,-6.698790550231934,0.2541658580303192,528.9526977539062,124.13713073730469,-6.808542251586914,0.25486764311790466,49.536895751953125,13,1.7999813556671143,0.8487709760665894,-3.125511646270752,503.33979448514015,121.51616710911891,44.852270565783016,3.2821920123602952,0.3545111417770386,0.3533485531806946,11.168353080749512,0,7.386948108673096,0.0005388008430600166,137.7645721435547,10.799888610839844,44.852270565783016,3.2821920123602824
1001.2286987304688,137.30740356445312,-7.501333236694336,0.14893284440040588,829.5401000976562,112.27024841308594,-7.297093391418457,0.14697962999343872,921.0700073242188,131.29788208007812,-7.410731792449951,0.15480853617191315,53.688629150390625,15,1.6634844541549683,1.105491280555725,-89.00908660888672,1281.0083975548212,129.85210589398787,44.85282030023603,3.2255625873616274,0.3461374342441559,0.3454275131225586,-61.54690170288086,0,6.060855388641357,0.00044204521691426635,541.4893798828125,9.98090648651123,44.85282030023603,3.2255625873616274
733.8153686523438,117.493896484375,-7.163967132568359,0.17388348281383514,434.5221862792969,111.70867156982422,-6.595029830932617,0.2791931629180908,403.727783203125,119.96402740478516,-6.51522159576416,0.3226949870586395,54.50366973876953,11,1.7308794260025024,0.8393715023994446,47.740474700927734,2009.6155504229723,128.2126897487861,44.85264997261758,3.172499675128846,0.4157383441925049,0.4140428602695465,80.13859558105469,1,7.201851844787598,0.000525251089129597,391.2462463378906,10.385276794433594,44.85264997261758,3.1724996751288588
1009.6556396484375,141.19158935546875,-7.510433197021484,0.15186768770217896,483.93682861328125,111.7239761352539,-6.711971759796143,0.2507191598415375,368.44598388671875,142.45025634765625,-6.4159345626831055,0.41987425088882446,35.58412170410156,11,2.302980661392212,0.6176449656486511,-78.88516998291016,1045.4459824524215,132.99009640695292,44.85306765637747,3.242716697410949,0.47428202629089355,0.47323039174079895,-78.73095703125,0,7.125308990478516,0.0005196888814680278,-258.0362548828125,13.81788444519043,44.85306765637746,3.242716697410961
3549.329345703125,222.53985595703125,-8.8753662109375,0.0680912509560585,1975.003173828125,113.5018539428711,-8.238919258117676,0.06241155415773392,2356.778076171875,180.00042724609375,-8.43079662322998,0.08294393867254257,81.17916870117188,45,2.1705973148345947,1.533247947692871,-10.735203742980957,1038.4194943341297,153.6603002813584,44.85458058969527,3.243228402114416,0.168335422873497,0.16741545498371124,-13.324952125549316,0,8.549431800842285,0.000623558007646352,1790.5755615234375,13.023584365844727,44.85458058969527,3.2432284021144033
4232.1455078125,251.6746063232422,-9.066401481628418,0.06458157300949097,2118.237548828125,113.93084716796875,-8.314936637878418,0.05841124802827835,2949.11279296875,237.58413696289062,-8.67422866821289,0.08748949319124222,74.94456481933594,66,2.4452919960021973,2.4025847911834717,70.32389068603516,111.33105027896868,162.1898101364692,44.8552790946414,3.310736695124501,0.18174447119235992,0.18156391382217407,79.95167541503906,0,10.99901294708252,0.0008023020345717669,2793.718505859375,14.671751976013184,44.8552790946414,3.310736695124501
2805.0888671875,191.05474853515625,-8.619866371154785,0.07396751642227173,1843.562255859375,113.43312072753906,-8.164144515991211,0.06682083010673523,2088.373779296875,191.08755493164062,-8.299520492553711,0.09936970472335815,82.29927825927734,43,2.462780475616455,1.5505157709121704,11.381348609924316,426.8086450740907,145.89685830263065,44.854060977068734,3.287764872280692,0.168153315782547,0.16792656481266022,-43.35030746459961,0,10.675884246826172,0.000778700050432235,815.5821533203125,14.77668285369873,44.854060977068734,3.287764872280692
2274.675048828125,207.3426971435547,-8.392298698425293,0.09899179637432098,635.216796875,112.30105590820312,-7.007305145263672,0.1919957846403122,1968.810546875,606.787841796875,-8.235509872436523,0.3347054421901703,67.8461685180664,23,3.4788591861724854,2.352665662765503,12.07421588897705,1767.957368455353,156.19832242181573,44.854712940216125,3.1900997840389516,0.42679211497306824,0.42420461773872375,-20.279687881469727,3,17.16098976135254,0.0012516030110418797,4460.61474609375,20.87315559387207,44.854712940216125,3.1900997840389516
1218.5614013671875,140.6776123046875,-7.714618682861328,0.125373974442482,934.8120727539062,112.22067260742188,-7.4268107414245605,0.13037021458148956,999.2432861328125,132.3116912841797,-7.499177932739258,0.1437993049621582,62.283958435058594,19,1.6348382234573364,1.1295440196990967,-11.544598579406738,1421.8868079265267,146.56150718692405,44.854032401772145,3.2153032215283264,0.2831268608570099,0.2820906937122345,-14.353259086608887,0,8.081745147705078,0.0005894331261515617,736.3369140625,9.809029579162598,44.854032401772145,3.2153032215283255
111989.703125,303.2757568359375,-12.622944831848145,0.002940962091088295,93332.1015625,193.5351104736328,-12.425077438354492,0.0022519489284604788,109161.046875,270.00482177734375,-12.595169067382812,0.002686171093955636,6135.8388671875,218,2.133920907974243,2.091743230819702,74.4679946899414,1414.9222694951338,188.85340264367662,44.85712690082648,3.2158103349622493,0.004624000284820795,0.004520121496170759,-85.95519256591797,0,3.6496121883392334,0.00026618040283210576,112183.03125,12.803525924682617,44.85712690082648,3.2158103349622493
815.5357666015625,125.46778869628906,-7.278607368469238,0.1670779138803482,638.4794921875,112.12939453125,-7.012867450714111,0.19072267413139343,751.9774780273438,145.37484741210938,-7.190512180328369,0.20994922518730164,49.67205047607422,12,1.689016580581665,0.6916980743408203,-24.068222045898438,595.0280729550142,147.360440242257,44.85415455305871,3.2755156820968336,0.3677951395511627,0.36675214767456055,-25.126724243164062,0,6.450615406036377,0.00047049924614839256,653.7122192382812,10.134099960327148,44.85415455305871,3.2755156820968336
41931.9296875,262.4129943847656,-11.55636215209961,0.00679626502096653,33794.91796875,146.68502807617188,-11.322128295898438,0.004713724832981825,39852.140625,231.4110107421875,-11.501129150390625,0.00630611926317215,2170.915771484375,164,2.1698384284973145,2.126692056655884,-5.653696537017822,1572.2808839200266,185.34601897190737,44.85685884304693,3.204350487327152,0.009434264153242111,0.009277759119868279,-84.67729949951172,3,3.717787981033325,0.00027115107513964176,42179.87109375,13.019030570983887,44.85685884304693,3.2043504873271518
2891.64794921875,204.92657470703125,-8.652863502502441,0.07696312665939331,1778.1962890625,113.48599243164062,-8.12494945526123,0.06930943578481674,2010.7972412109375,160.94886779785156,-8.258420944213867,0.08692595362663269,76.01766967773438,29,2.239536762237549,1.1839371919631958,24.565889358520508,1214.7369449553084,162.83658088294482,44.85523849037674,3.230388657205285,0.20621272921562195,0.20594239234924316,-10.156965255737305,2,9.400906562805176,0.0006856523104943335,598.385986328125,13.437220573425293,44.85523849037674,3.230388657205285
5468.03271484375,193.41456604003906,-9.34457778930664,0.03841385617852211,3825.59033203125,115.67040252685547,-8.956746101379395,0.03283625468611717,5027.03955078125,206.69129943847656,-9.253280639648438,0.044651877135038376,166.61343383789062,67,2.429661512374878,1.7682284116744995,18.835844039916992,272.13374014885,162.89544329693413,44.855317603850814,3.2990277887924835,0.09000541269779205,0.08902908116579056,18.848493576049805,0,6.85869836807251,0.0005002833204343915,4036.583984375,14.57796859741211,44.855317603850814,3.2990277887924835
13602.0517578125,388.9463195800781,-10.33401107788086,0.031053822487592697,3918.33349609375,115.73546600341797,-8.98275375366211,0.032077085226774216,12390.552734375,478.177001953125,-10.23272705078125,0.04191097989678383,125.83759307861328,201,5.152600288391113,3.403902769088745,54.7535514831543,1594.7328253829526,203.00172326668743,44.85814880971501,3.2027153043670946,0.14476794004440308,0.14396505057811737,-85.88480377197266,3,22.016706466674805,0.0016057532047852874,12485.734375,30.91560173034668,44.85814880971501,3.2027153043671066
2181.469970703125,188.76473999023438,-8.34687328338623,0.09397264569997787,1623.9664306640625,113.08580780029297,-8.026442527770996,0.07562421262264252,3574.33935546875,278.9126892089844,-8.882989883422852,0.0847427025437355,78.80734252929688,19,1.4427837133407593,1.1440086364746094,57.93522262573242,1767.1992413723606,156.4848101328963,44.85473394838597,3.1901549965389435,0.24611203372478485,0.24497142434120178,-31.367361068725586,3,7.680657386779785,0.0005601737648248672,3953.3291015625,8.656702041625977,44.85473394838597,3.1901549965389435
3610.69140625,80.06603240966797,-8.893976211547852,0.02408173494040966,2542.663818359375,114.08511352539062,-8.513222694396973,0.04872702434659004,3677.443115234375,104.10513305664062,-8.913865089416504,0.030743690207600594,484.9363098144531,17,3.145658016204834,0.3275868594646454,45.92148971557617,145.21865618907904,164.2679271576379,44.8554284271581,3.308269178718165,0.06618069112300873,0.009068616665899754,46.20096969604492,3,6.053379058837891,0.00044154986971989274,880.2921752929688,18.873947143554688,44.8554284271581,3.3082691787181653
618.5482788085938,109.90979766845703,-6.978434085845947,0.19297125935554504,534.6248168945312,112.13680267333984,-6.820122718811035,0.22778697311878204,1106.3427734375,311.1753845214844,-7.609724044799805,0.30545368790626526,45.19814682006836,9,2.6098735332489014,0.7263835072517395,2.3984267711639404,1766.9593605494185,156.18284331627575,44.854711875928096,3.1901724688678468,0.33284419775009155,0.3304668068885803,-56.22481155395508,19,8.235933303833008,0.0006006716284900904,4482.93212890625,15.65924072265625,44.854711875928096,3.1901724688678343
40424.8828125,500.8608703613281,-11.516621589660645,0.013455447740852833,10933.65625,123.80590057373047,-10.09691333770752,0.012297186069190502,38246.546875,536.0139770507812,-11.456480979919434,0.015219966880977154,353.66021728515625,448,7.757820129394531,3.483872890472412,6.787076950073242,1568.0585807335326,200.74069772370675,44.85798532906422,3.2046579360751677,0.06653323024511337,0.06550151109695435,24.17274284362793,3,12.262413024902344,0.0008943401626311243,31914.74609375,46.54692077636719,44.85798532906422,3.2046579360751677
1143.9130859375,147.6637725830078,-7.64598274230957,0.14018797874450684,770.0753173828125,112.286865234375,-7.216332912445068,0.15835273265838623,855.6034545898438,149.64279174804688,-7.330681324005127,0.18993854522705078,48.842559814453125,17,2.023580312728882,1.1710094213485718,32.36800003051758,1675.907240416636,161.57959861351748,44.85511292892098,3.1968036898503405,0.3430051803588867,0.34265390038490295,44.698917388916016,0,9.21466064453125,0.0006720547680743039,-50.606536865234375,12.141481399536133,44.85511292892099,3.1968036898503285
640.6161499023438,100.65217590332031,-7.0164947509765625,0.17062988877296448,679.2808837890625,112.1782455444336,-7.080123424530029,0.17934492230415344,702.9635009765625,140.1539764404297,-7.1173319816589355,0.216522216796875,71.85095977783203,10,1.173200011253357,0.6986743211746216,-2.882598638534546,999.2878986367505,153.67201501664715,44.85458447512808,3.246077991656487,0.28224751353263855,0.28141072392463684,-5.550732612609863,0,4.0657477378845215,0.0002965386665891856,604.8494262695312,7.0391998291015625,44.85458447512808,3.2460779916564872
649.38525390625,114.38512420654297,-7.031256198883057,0.19129206240177155,549.6805419921875,111.89103698730469,-6.850275993347168,0.2210623323917389,1167.9315185546875,232.37432861328125,-7.668543338775635,0.21607305109500885,47.51846694946289,9,1.5995224714279175,0.7827715277671814,-43.54308319091797,1768.2720971752537,157.36577866937898,44.85479831790207,3.1900768552240493,0.31124502420425415,0.30901166796684265,-11.576302528381348,3,6.264226913452148,0.00045686913654208183,2489.10986328125,9.597134590148926,44.85479831790207,3.1900768552240493
3753.723388671875,104.44027709960938,-8.936155319213867,0.030215902253985405,3161.902099609375,114.98308563232422,-8.749871253967285,0.039492566138505936,3602.01025390625,126.44774627685547,-8.891362190246582,0.038123782724142075,381.9149169921875,27,2.447636842727661,0.6312512755393982,46.252952575683594,151.6010919888402,173.1870379948496,44.85608071383058,3.3078045081367713,0.05761181563138962,0.05535905435681343,46.14310836791992,3,7.4290385246276855,0.0005418932414613664,1665.7247314453125,14.685821533203125,44.85608071383058,3.3078045081367833
2124.609619140625,173.92381286621094,-8.318198204040527,0.08890163153409958,1587.610595703125,113.56425476074219,-8.001859664916992,0.07768326997756958,2000.3560791015625,160.94015502929688,-8.252768516540527,0.08737494796514511,89.71173858642578,33,1.745526671409607,1.5239543914794922,19.970537185668945,812.3627113120715,170.94262236951337,44.85586286603603,3.2596898850389673,0.20644430816173553,0.20634889602661133,-5.453513145446777,0,7.981241226196289,0.0005821272497996688,1726.5499267578125,10.473159790039062,44.85586286603603,3.2596898850389673
2498.088134765625,197.92013549804688,-8.494019508361816,0.08604230731725693,1486.3568115234375,112.92229461669922,-7.930307865142822,0.08250617235898972,1580.474609375,185.49392700195312,-7.996968746185303,0.12745943665504456,99.29356384277344,39,2.129977226257324,1.4857728481292725,-12.239205360412598,511.2812619277098,170.64346563831202,44.855865174242346,3.2816140074053624,0.1502472162246704,0.14992517232894897,63.954288482666016,0,6.880374908447266,0.0005018491065129638,1531.02392578125,12.779863357543945,44.85586517424234,3.2816140074053872
712.2251586914062,111.31244659423828,-7.131543159484863,0.1697290688753128,700.1882934570312,111.98357391357422,-7.113037109375,0.17368780076503754,688.9788818359375,140.1405792236328,-7.09551477432251,0.22089599072933197,56.9046745300293,11,1.4201092720031738,0.947700560092926,-62.68297576904297,793.3781773014315,168.9960758654186,44.85572193961273,3.261072311156057,0.3169373571872711,0.31612280011177063,-83.35486602783203,0,6.928901672363281,0.000505373755004257,500.9130859375,8.520655632019043,44.85572193961273,3.261072311156043
13728.0859375,234.33306884765625,-10.344024658203125,0.018537595868110657,9073.646484375,121.77191162109375,-9.894454956054688,0.014574548229575157,12768.0751953125,242.5630340576172,-10.265313148498535,0.020631413906812668,398.647216796875,124,2.8529155254364014,2.0558080673217773,-84.51921081542969,767.650838072948,199.9201586166838,44.85798684030102,3.2629458771123176,0.040267568081617355,0.03980236500501633,-82.88858032226562,0,5.441446781158447,0.00039688340621069074,11333.2890625,17.11749267578125,44.85798684030102,3.2629458771123176
2146.99853515625,168.415771484375,-8.32957935333252,0.08518847078084946,1631.001708984375,113.31169891357422,-8.031135559082031,0.0754484236240387,1781.4744873046875,169.6998748779297,-8.126949310302734,0.10345029830932617,92.14602661132812,33,1.724229097366333,1.709409236907959,10.73415470123291,675.185850774038,187.6950985031432,44.857099726092244,3.269678978848407,0.19530414044857025,0.19494394958019257,-48.71309280395508,0,8.180246353149414,0.0005966493627056479,1327.662841796875,10.345375061035156,44.85709972609224,3.2696789788484195
1322.309814453125,156.4167022705078,-7.803333282470703,0.1284634917974472,768.29345703125,112.19697570800781,-7.213818073272705,0.15859293937683105,777.1065063476562,130.20834350585938,-7.22620153427124,0.18196509778499603,51.969093322753906,13,1.7057479619979858,1.0004760026931763,16.67028045654297,860.2245983995009,183.49728798381258,44.85677772085641,3.25620466378796,0.3558749556541443,0.3547990322113037,12.242871284484863,0,7.810953140258789,0.0005697041051462293,571.8861694335938,10.234487533569336,44.85677772085641,3.2562046637879596
2759.538818359375,201.8766326904297,-8.602090835571289,0.07944734394550323,1749.3580322265625,113.62538146972656,-8.107196807861328,0.07053853571414948,2357.42822265625,194.46849060058594,-8.431096076965332,0.08958609402179718,99.21841430664062,43,2.446267604827881,1.6211585998535156,-74.4468002319336,1094.3918924357306,201.4675478427425,44.858074143609585,3.239152499004328,0.20895738899707794,0.2080216109752655,-69.99759674072266,0,9.138192176818848,0.0006664957036264241,1668.2979736328125,14.677605628967285,44.858074143609585,3.239152499004328
833.041015625,115.3471908569336,-7.301665782928467,0.1503732055425644,577.7933959960938,112.14456939697266,-6.904431343078613,0.2107829600572586,669.990966796875,143.59426879882812,-7.06517219543457,0.2327544391155243,59.917842864990234,13,2.3346822261810303,0.9500808119773865,-58.142478942871094,1836.330876631703,198.66626065637988,44.85781476372315,3.1851198296923124,0.3513955771923065,0.3503413200378418,-76.85040283203125,3,8.913453102111816,0.0006500851013697684,452.820068359375,14.008092880249023,44.85781476372314,3.1851198296923124
4590.109375,202.17723083496094,-9.154557228088379,0.047834258526563644,3084.19775390625,114.97801208496094,-8.722855567932129,0.040485769510269165,3741.859130859375,197.30320739746094,-8.932718276977539,0.0572633221745491,178.57981872558594,60,2.1463518142700195,1.8540513515472412,-83.30583190917969,957.9471888591611,214.0678151950615,44.85900681121487,3.249088602670244,0.08963202685117722,0.08961722999811172,-49.866641998291016,2,5.488833427429199,0.00040033282130025327,3245.653076171875,12.878110885620117,44.85900681121487,3.2490886026702444
1666.2640380859375,163.3612823486328,-8.054359436035156,0.10647193342447281,1081.1082763671875,112.61446380615234,-7.584672927856445,0.11312402039766312,1059.3697509765625,143.1000518798828,-7.562618732452393,0.1466972827911377,82.35136413574219,21,1.5604228973388672,1.0438414812088013,57.05487823486328,190.5248116737884,215.96405807258083,44.85920839038297,3.304970602769777,0.19122371077537537,0.19058598577976227,48.46387481689453,2,5.719816207885742,0.000417213945183903,748.4363403320312,9.362537384033203,44.85920839038297,3.304970602769777
6089.55908203125,169.41954040527344,-9.461464881896973,0.03021394833922386,4986.8173828125,117.13683319091797,-9.244558334350586,0.02550937607884407,5648.83544921875,179.03334045410156,-9.379897117614746,0.03441952168941498,313.8922424316406,61,1.9176204204559326,1.6596187353134155,-84.85851287841797,2004.3782479210051,214.9358709074416,44.858993609607914,3.172880332627265,0.048188455402851105,0.04789076745510101,85.90657043457031,0,4.098202228546143,0.00029889424331486225,5699.93896484375,11.505722045898438,44.858993609607914,3.1728803326272645
1460.5069580078125,94.91364288330078,-7.911259174346924,0.07057563960552216,1661.9591064453125,113.30491638183594,-8.05155086517334,0.07403860986232758,1666.74267578125,116.18630981445312,-8.054671287536621,0.07570354640483856,134.92356872558594,17,1.3316490650177002,0.944750189781189,-32.88161087036133,1839.0691241599793,199.61633908604028,44.857884073706806,3.1849203929229284,0.11570874601602554,0.11447472125291824,-38.89533615112305,3,4.97836971282959,0.0003630876017268747,1682.9591064453125,7.989894390106201,44.857884073706806,3.1849203929229284
2143.06640625,157.40280151367188,-8.32758903503418,0.07976394891738892,1941.260009765625,113.37507629394531,-8.220209121704102,0.0634254738688469,2388.464599609375,167.26034545898438,-8.445297241210938,0.07605084031820297,119.23973083496094,32,2.1966609954833984,1.3157591819763184,1.7985057830810547,1839.134722643746,201.874468976619,44.85804924623926,3.1849156004397563,0.15520694851875305,0.15464793145656586,9.299469947814941,3,6.633133411407471,0.00048377455095760524,1492.3055419921875,13.17996597290039,44.85804924623926,3.1849156004397567
1050.5341796875,144.32965087890625,-7.553525447845459,0.14920219779014587,631.1102905273438,112.0766372680664,-7.000263214111328,0.19285887479782104,773.1270751953125,174.6348114013672,-7.220627307891846,0.24530689418315887,44.72279357910156,10,1.9453450441360474,0.528994619846344,-74.02299499511719,323.0038450162846,218.78624809389774,44.85940391809417,3.295324045357526,0.4556795656681061,0.45408642292022705,-64.84620666503906,2,6.04921293258667,0.0004412329872138798,673.8523559570312,11.672070503234863,44.85940391809417,3.2953240453575265
1608.604736328125,164.3454132080078,-8.01612377166748,0.11095274984836578,1226.3123779296875,112.61265563964844,-7.721502780914307,0.09972773492336273,1278.548828125,143.30555725097656,-7.766793251037598,0.12172380834817886,59.46718978881836,25,1.4888628721237183,1.4138394594192505,-3.9430973529815674,244.23201703479657,212.34304768870504,44.85893890370625,3.301059844484463,0.22815999388694763,0.22782500088214874,56.78217315673828,0,8.308059692382812,0.0006060010637156665,725.833984375,8.93317699432373,44.85893890370625,3.301059844484463
4296.80908203125,228.9380340576172,-9.082864761352539,0.05786310136318207,2369.65576171875,113.9677734375,-8.436713218688965,0.05223079398274422,3466.169921875,231.04917907714844,-8.849624633789062,0.07239097356796265,105.556396484375,65,2.7355222702026367,2.029050350189209,-37.01449966430664,956.0015014253967,228.9596153551535,44.86009658166787,3.2492303386861883,0.14910565316677094,0.14889369904994965,-27.877714157104492,0,9.806641578674316,0.0007152555626817048,2443.443603515625,16.41313362121582,44.86009658166787,3.2492303386861883
1276.9642333984375,155.88392639160156,-7.765446662902832,0.13257218897342682,669.5101318359375,112.03474426269531,-7.064393043518066,0.1817294806241989,687.3282470703125,155.9417724609375,-7.092910289764404,0.2463928461074829,58.56960678100586,19,2.1630468368530273,1.181221604347229,-66.22685241699219,1424.9503222272622,219.34085757985562,44.8593565400851,3.215079991631045,0.31051957607269287,0.3093472719192505,-87.17162322998047,0,9.57040023803711,0.0006980059552006423,9.578900337219238,12.978281021118164,44.8593565400851,3.215079991631045
24530.126953125,423.460693359375,-10.974249839782715,0.018747489899396896,6563.6884765625,118.88924407958984,-9.542869567871094,0.019670911133289337,22610.79296875,432.8022155761719,-10.88578987121582,0.0207875594496727,222.790771484375,299,5.23163366317749,3.6379504203796387,-49.46406936645508,1121.6058619608075,269.8084364304595,44.8630721465222,3.2371708625506503,0.0914367139339447,0.09081339836120605,-49.575435638427734,0,14.30715274810791,0.0010434905998408794,18148.849609375,31.389801025390625,44.8630721465222,3.2371708625506503
1495.2032470703125,174.46084594726562,-7.936750411987305,0.12671487033367157,414.3143005371094,111.68437957763672,-6.543324947357178,0.2927469313144684,464.8533935546875,184.68458557128906,-6.668290138244629,0.43146389722824097,52.27086639404297,6,1.080533742904663,0.8788434267044067,-41.61532974243164,60.407288517178685,220.16049992664398,44.859526385693336,3.3144451993124266,0.5195757746696472,0.5191705226898193,88.73689270019531,2,5.807686805725098,0.0004236310487613082,684.873291015625,6.4832024574279785,44.859526385693336,3.314445199312426
3974.477783203125,253.03756713867188,-8.998200416564941,0.06914085894823074,1701.3941650390625,113.26470947265625,-8.077012062072754,0.0722968652844429,2968.304443359375,216.4424285888672,-8.68127155303955,0.07918880134820938,74.54188537597656,49,2.5496175289154053,1.9415160417556763,-85.3912124633789,1826.4169090044757,237.19582844171387,44.8606337919754,3.1858416375002223,0.2527136504650116,0.2523192763328552,-70.97747802734375,2,12.242074012756348,0.0008928524912334979,1965.407470703125,15.297704696655273,44.8606337919754,3.185841637500222
322.7710876464844,81.13745880126953,-6.272236347198486,0.272996187210083,294.2120056152344,111.31889343261719,-6.1716508865356445,0.4109020531177521,196.7611846923828,78.79900360107422,-5.734848499298096,0.4349217414855957,34.36155700683594,4,1.2144068479537964,0.28867506980895996,90.0,864.0942648679372,221.18077887254404,44.859534772849614,3.255923020886701,0.44176018238067627,0.4397631585597992,87.22399139404297,2,3.484335422515869,0.0002541348512750119,435.972900390625,7.286440849304199,44.859534772849614,3.255923020886701
584.5325927734375,101.48178100585938,-6.917021751403809,0.1885424554347992,333.5701904296875,111.67549896240234,-6.3079681396484375,0.3635804355144501,339.7698974609375,80.58501434326172,-6.327962398529053,0.25757232308387756,52.166133880615234,9,1.444819688796997,0.4990895688533783,-85.57647705078125,1969.93630043108,230.44858075963703,44.8601305426323,3.17538875420548,0.27763497829437256,0.27595701813697815,84.9027099609375,0,5.04905891418457,0.0003682432579807937,141.4558868408203,8.66891860961914,44.8601305426323,3.1753887542054677
736.4961547851562,118.05284118652344,-7.16792631149292,0.17407475411891937,331.44842529296875,111.62883758544922,-6.301039695739746,0.36575502157211304,344.43707275390625,95.93765258789062,-6.342774868011475,0.3024885952472687,45.33737564086914,11,1.293691873550415,0.7119321823120117,-54.79414367675781,1175.0243635959735,228.52219906245824,44.86004730202817,3.2332806923301405,0.24887603521347046,0.24839051067829132,-35.44172286987305,0,5.718258380889893,0.0004170596948824823,180.71546936035156,7.76215124130249,44.86004730202817,3.233280692330153
3676.06298828125,227.06211853027344,-8.913456916809082,0.06707976758480072,1836.842529296875,113.33828735351562,-8.16018009185791,0.06700921803712845,3289.446044921875,238.80982971191406,-8.792806625366211,0.07884229719638824,76.31509399414062,57,3.722562313079834,1.601479411125183,-89.64179229736328,1109.7844734300306,256.95802438719346,44.86213289418592,3.2380316958040827,0.2427842766046524,0.2414008378982544,-86.28324127197266,1,14.641585350036621,0.0010678835678845644,1293.098876953125,22.335372924804688,44.86213289418592,3.238031695804095
1865.0272216796875,163.841796875,-8.176712989807129,0.09540461003780365,1244.045166015625,112.76490783691406,-7.737090587615967,0.09843909740447998,1296.680419921875,146.71871948242188,-7.782082557678223,0.12288033962249756,91.27803802490234,29,1.8809096813201904,1.170544147491455,-32.295021057128906,171.32831163835246,235.16610509249438,44.860615394548645,3.3063685719062073,0.17832732200622559,0.17759846150875092,-43.57278060913086,0,6.079165458679199,0.00044342578621581197,485.92578125,11.285457611083984,44.860615394548645,3.3063685719062197
578.619384765625,98.24197387695312,-6.905982494354248,0.18438853323459625,530.2645263671875,112.17549133300781,-6.81123161315918,0.2297392636537552,431.239501953125,126.0011978149414,-6.586796283721924,0.3173116147518158,73.55792999267578,9,1.3672919273376465,0.7376183271408081,57.90692138671875,1135.6023126310006,233.34546923574266,44.860403266734906,3.236151523585853,0.3285776674747467,0.3275218904018402,63.79066467285156,0,4.579217433929443,0.000333984789904207,313.38616943359375,8.203751564025879,44.860403266734906,3.236151523585853
8258.9052734375,294.4979553222656,-9.792305946350098,0.03872483968734741,3498.81640625,115.46119689941406,-8.859803199768066,0.03583807870745659,7852.45654296875,292.5578918457031,-9.737513542175293,0.04046095162630081,123.50468444824219,120,3.2349348068237305,2.6789021492004395,59.536930084228516,305.9161738914205,269.6467827970602,44.86312762531069,3.29656872328487,0.13501060009002686,0.13458721339702606,55.53843307495117,0,11.109053611755371,0.0008102983119897544,7449.3310546875,19.409608840942383,44.86312762531069,3.296568723284858
1409.166015625,148.56788635253906,-7.872405529022217,0.11449660360813141,860.6528930664062,112.13190460205078,-7.337069988250732,0.14149171113967896,1102.9224853515625,141.41004943847656,-7.606362342834473,0.1392403542995453,59.65699768066406,16,1.7275137901306152,1.2235162258148193,82.76034545898438,1035.8130686823217,252.19128560717527,44.86179001315438,3.243418438028085,0.28200262784957886,0.28116756677627563,36.0894660949707,2,8.699616432189941,0.0006345094298012555,750.1329956054688,10.365082740783691,44.86179001315438,3.243418438028098
15964.2509765625,383.7160339355469,-10.507871627807617,0.026103047654032707,4986.76025390625,117.22083282470703,-9.244545936584473,0.025527961552143097,14004.951171875,380.2899169921875,-10.365703582763672,0.029489202424883842,166.4264678955078,217,3.970100164413452,3.7504868507385254,-19.431461334228516,446.8560977510525,279.4404420930768,44.863832447079304,3.286306012678598,0.10760872066020966,0.1072845607995987,-66.69247436523438,1,12.65976333618164,0.0009233915479853749,13021.9228515625,23.820600509643555,44.863832447079304,3.286306012678586
5515.70556640625,181.12448120117188,-9.354002952575684,0.03566201776266098,4302.7392578125,116.30769348144531,-9.084362983703613,0.02935575507581234,5133.38623046875,189.35321044921875,-9.276009559631348,0.04005885869264603,257.7137145996094,60,1.85878586769104,1.7522441148757935,28.625158309936523,78.81969520007922,262.85164596114623,44.862649532406294,3.31310489112415,0.058243945240974426,0.05809183791279793,-72.23529052734375,1,4.170432090759277,0.0003042021708097309,5505.94140625,11.152715682983398,44.862649532406294,3.31310489112415
6401.384765625,150.08901977539062,-9.515685081481934,0.025462720543146133,5677.18017578125,118.00904083251953,-9.385332107543945,0.022574203088879585,6154.5625,161.34530639648438,-9.472992897033691,0.028470098972320557,338.5404052734375,53,1.6562707424163818,1.58022141456604,16.721607208251953,1613.271421381256,261.15977820885087,44.86240188872101,3.2013649795708314,0.041815925389528275,0.041713666170835495,78.95011901855469,3,3.9275989532470703,0.00028645311249420047,5839.8037109375,9.937623977661133,44.86240188872102,3.201364979570819
599.7844848632812,106.13225555419922,-6.944988250732422,0.19216841459274292,407.6182861328125,111.76449584960938,-6.525634288787842,0.2977693974971771,457.0408935546875,120.023681640625,-6.649887561798096,0.28519487380981445,42.67595291137695,9,1.6979337930679321,0.866091787815094,16.213010787963867,1525.4583476992748,249.99334169609835,44.86159147842293,3.207760275164949,0.4813729524612427,0.4804134666919708,-8.17752456665039,2,7.24604606628418,0.0005284799262881279,-418.7184753417969,10.187602996826172,44.86159147842293,3.207760275164949
5054.87646484375,252.3335723876953,-9.259276390075684,0.05421186238527298,2358.274658203125,113.99757385253906,-8.431486129760742,0.05249658599495888,4311.56103515625,244.47329711914062,-9.086585998535156,0.061578162014484406,104.98436737060547,77,3.67836856842041,1.7054381370544434,-86.09493255615234,665.2904257596385,282.09239853812625,44.864008174537894,3.270400096474134,0.1881226748228073,0.18674436211585999,-82.47021484375,0,13.080511093139648,0.0009540588944219053,1788.1148681640625,22.07021141052246,44.864008174537894,3.270400096474134
13105.8134765625,262.59136962890625,-10.293660163879395,0.02175936847925186,7962.13525390625,120.9072265625,-9.75257396697998,0.016491210088133812,12703.734375,271.73748779296875,-10.259828567504883,0.0232299342751503,366.19720458984375,140,3.0864059925079346,2.403677225112915,62.23762893676758,431.36293411928347,290.0495987161915,44.86461015328744,3.287434268042693,0.05031711235642433,0.04987875744700432,76.84886169433594,3,5.279360294342041,0.0003850720531772822,12906.4375,18.518436431884766,44.86461015328744,3.287434268042705
14500.0166015625,327.05474853515625,-10.403421401977539,0.024495244026184082,5938.7333984375,118.26463317871094,-9.434234619140625,0.021626731380820274,12213.7158203125,315.1515197753906,-10.217119216918945,0.028022147715091705,210.93272399902344,170,5.24550724029541,1.9342138767242432,12.101137161254883,267.8702949780456,276.7872729007991,44.86365343440154,3.2993391472536993,0.08372791856527328,0.08241674304008484,10.610939025878906,0,14.55145263671875,0.0010613924823701382,6446.009765625,31.47304344177246,44.86365343440154,3.2993391472536993
2933.298828125,195.7885284423828,-8.668391227722168,0.07248710840940475,1684.6639404296875,113.33181762695312,-8.066283226013184,0.0730581060051918,1850.3109130859375,149.71250915527344,-8.168111801147461,0.0878705233335495,132.71212768554688,32,1.6644110679626465,1.4162060022354126,79.37469482421875,857.0092071532175,266.96912424967036,44.86288572537969,3.25643916015065,0.1424248367547989,0.14198614656925201,85.50450134277344,1,5.295938968658447,0.00038626600871793926,1611.421142578125,9.986466407775879,44.86288572537969,3.25643916015065
1999.866455078125,201.56903076171875,-8.25250244140625,0.1094592958688736,792.0187377929688,112.13755798339844,-7.246838569641113,0.15376074612140656,1495.54931640625,347.5940856933594,-7.937001705169678,0.252407044172287,53.75121307373047,27,2.7056450843811035,1.7181949615478516,30.28276824951172,84.89734662997623,270.13708505407436,44.863182253935356,3.31266241484051,0.49458518624305725,0.49372726678848267,-3.946995258331299,3,12.925137519836426,0.0009427915210835636,1211.11083984375,16.233871459960938,44.863182253935356,3.3126624148405095
1288.288818359375,147.64390563964844,-7.775032997131348,0.12446066737174988,903.47021484375,112.22705841064453,-7.389784812927246,0.13490049540996552,919.2437133789062,142.1046600341797,-7.408576488494873,0.16788329184055328,63.8500862121582,20,1.4800890684127808,1.4196162223815918,-51.80606460571289,1606.488303299583,263.6480975560198,44.86258441030327,3.2018589788279894,0.2746163606643677,0.27422845363616943,65.16388702392578,3,8.67371940612793,0.0006326038856059313,465.6217346191406,8.880534172058105,44.86258441030328,3.2018589788279774
781.152587890625,117.79448699951172,-7.231839656829834,0.16376417875289917,566.5236206054688,111.82318878173828,-6.883045196533203,0.21435996890068054,509.47601318359375,119.05254364013672,-6.7678093910217285,0.2537726163864136,53.842716217041016,12,1.2866894006729126,1.1238467693328857,33.62760543823242,1480.1715842995006,262.0475685560721,44.862476673884494,3.2110583656712777,0.2808181643486023,0.2799607217311859,42.99227523803711,0,7.184792995452881,0.0005240133032202721,173.3422393798828,7.720136642456055,44.862476673884494,3.21105836567129
1015.4957275390625,144.04812622070312,-7.516695022583008,0.15404915809631348,423.50885009765625,111.65132904052734,-6.5671563148498535,0.2863065302371979,411.49615478515625,159.6090545654297,-6.535914421081543,0.4212321937084198,44.87971878051758,7,1.4470417499542236,0.6805445551872253,-43.85527801513672,565.9974240466245,272.1706987630482,44.86329043173596,3.2776303768278034,0.37822309136390686,0.3780476748943329,49.580039978027344,2,5.915767669677734,0.0004314853867981583,632.1110229492188,8.6822509765625,44.863290431735955,3.2776303768278163
655.7730712890625,109.11519622802734,-7.041883945465088,0.1807013899087906,604.37939453125,111.82460021972656,-6.953274250030518,0.20093590021133423,656.0677490234375,169.53489685058594,-7.04237174987793,0.28063398599624634,66.6101303100586,10,1.308035969734192,0.7672125101089478,75.90547943115234,148.58113293115713,274.12509523796217,44.863468728988416,3.3080252797815675,0.3958844244480133,0.3953331708908081,74.3064193725586,1,4.875642776489258,0.00035563818528316915,828.9090576171875,7.8482160568237305,44.863468728988416,3.3080252797815675
1932.8104248046875,180.95997619628906,-8.215473175048828,0.10167708992958069,1108.230224609375,112.64679718017578,-7.611575126647949,0.11038719862699509,1556.2093505859375,169.52154541015625,-7.980170249938965,0.11830053478479385,70.718017578125,25,1.9460903406143188,1.2143398523330688,73.29590606689453,1767.133925398587,285.23499925045314,44.86415191568318,3.190159055888297,0.29975390434265137,0.29857805371284485,67.69389343261719,2,8.644275665283203,0.000630454916972667,1345.4625244140625,11.676542282104492,44.86415191568318,3.1901590558882966
1273.7598876953125,159.4431610107422,-7.76271915435791,0.135940283536911,778.8469848632812,112.25349426269531,-7.228630542755127,0.15652278065681458,797.3046875,170.3709716796875,-7.254060745239258,0.23206043243408203,49.7393684387207,18,1.646754503250122,1.2480850219726562,0.5453813076019287,2001.3519489663922,280.19511778479233,44.863767109338404,3.173100207902995,0.31477904319763184,0.31406542658805847,15.127135276794434,0,8.577888488769531,0.0006256128544919193,810.3797607421875,9.88052749633789,44.863767109338404,3.1731002079029946
4862.41845703125,246.93190002441406,-9.217130661010742,0.055151164531707764,2416.43603515625,114.19552612304688,-8.457938194274902,0.051322005689144135,4097.8232421875,267.9112243652344,-9.031383514404297,0.07100149989128113,108.46266174316406,74,3.2517848014831543,2.298471212387085,13.900283813476562,1461.6580512451267,301.4432458635294,44.86536007294366,3.2124066110788836,0.17711716890335083,0.17642991244792938,-25.52267837524414,3,14.17231559753418,0.0010336394188925624,1551.546630859375,19.51070785522461,44.86536007294365,3.2124066110788956
841.3981323242188,120.8817367553711,-7.312503814697266,0.15602312982082367,451.7043151855469,111.86148834228516,-6.6371355056762695,0.2689404785633087,328.40679931640625,134.4061279296875,-6.291030406951904,0.44446417689323425,53.965328216552734,13,1.49495267868042,1.2885806560516357,-28.785503387451172,967.4700901665451,285.45322340352664,44.86422919035786,3.248395399342532,0.32599008083343506,0.324903666973114,83.65853118896484,0,8.302616119384766,0.0006055561825633049,149.25286865234375,8.96971607208252,44.86422919035786,3.248395399342545
2110.44775390625,197.08509826660156,-8.31093692779541,0.10141658782958984,1005.447265625,112.39282989501953,-7.5058979988098145,0.12139733135700226,1357.454345703125,264.679931640625,-7.831812858581543,0.2117510735988617,58.33348083496094,19,2.6310501098632812,0.9302483201026917,-61.06675720214844,860.4121606903735,293.1280942187317,44.864799510114544,3.2561914876632363,0.3343147337436676,0.33368900418281555,-73.94387817382812,2,9.36577033996582,0.0006831031641922891,279.56195068359375,15.786300659179688,44.864799510114544,3.2561914876632367
8918.2109375,167.3224334716797,-9.875694274902344,0.020375404506921768,7736.82568359375,120.32975006103516,-9.721406936645508,0.016890402883291245,8587.2138671875,175.7042236328125,-9.834630966186523,0.022220803424715996,480.06689453125,68,1.8383365869522095,1.6464695930480957,28.323537826538086,321.65348909636964,294.4998582188231,44.864945165927374,3.2954230070746293,0.030561136081814766,0.03041633777320385,-71.67417907714844,0,3.743894100189209,0.00027307981508783996,8951.095703125,11.030019760131836,44.864945165927374,3.29542300707463
847.5161743164062,123.00015258789062,-7.320370197296143,0.15761134028434753,712.1992797851562,111.99797821044922,-7.131504058837891,0.17078056931495667,471.3818359375,143.40843200683594,-6.683432102203369,0.33039364218711853,59.553260803222656,13,2.524848461151123,0.8846280574798584,31.4262638092041,225.68954891465856,290.73505132876386,44.864677822335025,3.302410717169949,0.2697598934173584,0.2689902186393738,-74.54118347167969,2,8.944564819335938,0.0006524249329231679,-1134.3497314453125,15.149090766906738,44.864677822335025,3.3024107171699493
4470.673828125,162.87240600585938,-9.125932693481445,0.039564378559589386,3546.137939453125,115.43091583251953,-8.874388694763184,0.03535056486725807,3962.286865234375,179.82989501953125,-8.994864463806152,0.04928852245211601,233.87442016601562,51,1.8782621622085571,1.6977803707122803,79.68388366699219,1286.5503427012304,309.28486785982955,44.86594728090376,3.225159034977692,0.06103774160146713,0.06063615158200264,-83.27606201171875,0,4.230612277984619,0.000308556278469041,4323.74462890625,11.269573211669922,44.86594728090376,3.225159034977679
3787.150634765625,101.81363677978516,-8.945781707763672,0.029195988550782204,3345.579345703125,115.2828598022461,-8.811178207397461,0.03742167726159096,3586.50048828125,136.72491455078125,-8.886676788330078,0.041400596499443054,300.6772155761719,26,2.335545063018799,0.8213062882423401,11.813264846801758,480.63279708712287,292.70892587060945,44.8648005917872,3.283846589266081,0.07414448261260986,0.07084128260612488,13.308478355407715,3,8.284865379333496,0.0006042876048013568,2206.2041015625,14.013270378112793,44.8648005917872,3.2838465892660684
4009.994873046875,77.62163543701172,-9.007859230041504,0.02102174609899521,3995.821044921875,115.86784362792969,-9.00401496887207,0.03149101883172989,3913.302734375,99.5800552368164,-8.981358528137207,0.02763495407998562,534.7774658203125,16,1.597632884979248,0.5722978115081787,-81.88143920898438,485.60998977718094,293.9528375590536,44.86489120023395,3.283484172406812,0.03836162015795708,0.03611304238438606,-89.68573760986328,3,5.697107315063477,0.0004155395436100662,3423.91357421875,9.585797309875488,44.864891200233956,3.2834841724067996
2645.85595703125,179.40155029296875,-8.556415557861328,0.07363593578338623,1791.70556640625,113.37171936035156,-8.133166313171387,0.0687175840139389,2379.385498046875,264.7331848144531,-8.441162109375,0.12082961946725845,105.13477325439453,40,2.7741713523864746,1.6768168210983276,-30.26685333251953,1022.8315006772968,309.9968041459316,44.866020461445174,3.2443639852572557,0.17990075051784515,0.1795160472393036,-70.66555786132812,3,12.929252624511719,0.0009429981582798064,2197.267822265625,16.64502716064453,44.866020461445174,3.2443639852572557
3499.2978515625,199.30319213867188,-8.859951972961426,0.06185334175825119,2264.037109375,114.01618957519531,-8.387208938598633,0.054690614342689514,2942.063720703125,208.89932250976562,-8.671629905700684,0.07711072266101837,118.29342651367188,52,2.545596122741699,1.798502802848816,-1.0058529376983643,1476.2588452733696,305.4590820205795,44.865652741959046,3.2113432703838662,0.13747917115688324,0.1371685266494751,55.95807647705078,3,8.562792778015137,0.0006245158729143441,2029.7845458984375,15.273576736450195,44.865652741959046,3.2113432703838662
2301.417236328125,205.10345458984375,-8.404988288879395,0.09678485989570618,1198.30419921875,112.6667251586914,-7.696417808532715,0.10210768133401871,2287.928466796875,235.1247100830078,-8.398606300354004,0.11160551756620407,54.097267150878906,35,2.9516730308532715,1.9853440523147583,74.17837524414062,1016.025043374336,313.91300434555404,44.866307547928955,3.2448596617716374,0.3441798985004425,0.34322109818458557,-75.85090637207031,3,14.516090393066406,0.001058734953403473,1165.2598876953125,17.710037231445312,44.866307547928955,3.244859661771637
1430.955810546875,124.63871002197266,-7.889065742492676,0.09459246695041656,1135.5322265625,112.6356201171875,-7.637998580932617,0.10772241652011871,1412.324951171875,158.1298370361328,-7.874836444854736,0.12159312516450882,79.22435760498047,21,2.8812923431396484,0.7372351288795471,-50.61353302001953,1265.9779018061838,303.5882268925837,44.86553213291391,3.2266572137630227,0.19111452996730804,0.18960218131542206,-56.457210540771484,3,8.721442222595215,0.0006360919796861708,1204.1292724609375,17.28775405883789,44.86553213291391,3.226657213763036
1463.155517578125,165.47129821777344,-7.913226127624512,0.1228180006146431,809.157958984375,112.28974151611328,-7.270083427429199,0.15070810914039612,1014.81005859375,164.6651611328125,-7.51596212387085,0.17621658742427826,73.8783187866211,22,2.444016695022583,1.197445034980774,33.43062210083008,331.1429119869555,301.95170865841186,44.86548971617239,3.2947320865388328,0.35307785868644714,0.35193657875061035,40.93867492675781,1,9.438830375671387,0.0006884674658067524,433.04132080078125,14.664100646972656,44.86548971617239,3.2947320865388328
1895.546630859375,190.84115600585938,-8.1943359375,0.10933706164360046,376.6178283691406,111.77132415771484,-6.439752101898193,0.3222992718219757,218.74072265625,337.38671875,-5.849823951721191,1.6750514507293701,53.193817138671875,18,5.446664810180664,2.2174346446990967,-41.051509857177734,1264.9000931191094,309.017712797121,44.865929438194804,3.2267357132059664,0.40992605686187744,0.4086558520793915,34.1265754699707,19,20.852264404296875,0.0015208445256575942,-2489.34326171875,32.679988861083984,44.865929438194804,3.226735713205979
1356.919921875,136.92710876464844,-7.831385612487793,0.10958851873874664,1267.547607421875,112.61808776855469,-7.757410526275635,0.0964880883693695,1487.331787109375,189.36875915527344,-7.9310197830200195,0.13827075064182281,100.75890350341797,21,2.5123369693756104,1.0346477031707764,-19.18588638305664,1264.5694355366536,302.4314587753502,44.86544761456035,3.2267597832883133,0.20425854623317719,0.2032422423362732,-27.91676902770996,3,9.653543472290039,0.0007040741620585322,1538.78955078125,15.07402229309082,44.86544761456035,3.2267597832883252
57696.53515625,260.2142333984375,-11.902873992919922,0.00489791389554739,47941.94921875,158.76808166503906,-11.701788902282715,0.003596477210521698,56003.734375,236.4708709716797,-11.870542526245117,0.004585539922118187,3069.99951171875,176,2.091402769088745,2.052241325378418,25.3328914642334,1717.9946860985951,328.4498507482807,44.86731656559746,3.193737754868668,0.007236118894070387,0.0070842113345861435,-85.51568603515625,0,3.6586387157440186,0.0002668366942089051,57656.59375,12.548416137695312,44.86731656559746,3.193737754868668
3429.17578125,72.58961486816406,-8.837974548339844,0.022988708689808846,3398.640869140625,115.21647644042969,-8.828263282775879,0.03681621327996254,3337.287353515625,82.5009536743164,-8.808484077453613,0.02684696391224861,671.8428344726562,14,1.5532892942428589,0.4113220274448395,-40.33259963989258,483.02508281786766,299.62115822684115,44.8653062279978,3.2836724447559993,0.03380384296178818,0.03163832426071167,-45.76860427856445,3,4.746664524078369,0.0003462154418230057,2795.6455078125,9.319735527038574,44.8653062279978,3.2836724447559864
1089.359375,128.68247985839844,-7.592927932739258,0.12828564643859863,971.8507690429688,112.3526840209961,-7.468998908996582,0.12554912269115448,1012.6146240234375,129.50367736816406,-7.513610363006592,0.13888895511627197,75.8405990600586,17,1.4084961414337158,1.2121562957763672,15.113725662231445,702.6394546748801,302.73985641734845,44.86551592793112,3.2676805165968745,0.2485804408788681,0.2482263147830963,-23.7619686126709,0,6.173474311828613,0.0004502751980908215,671.9891357421875,8.450977325439453,44.86551592793112,3.267680516596874
2249.997802734375,180.34259033203125,-8.380455017089844,0.08704543858766556,1214.6334228515625,112.6861801147461,-7.711112976074219,0.10075236111879349,1216.093994140625,151.59910583496094,-7.712418079376221,0.13538150489330292,84.2190933227539,23,1.4171969890594482,1.2778613567352295,47.6126708984375,1037.7369881491113,309.4937439993118,44.86598244317559,3.2432785327600313,0.17772363126277924,0.17749278247356415,44.731903076171875,0,6.610837936401367,0.00048216263530775905,1395.798583984375,8.503181457519531,44.86598244317559,3.243278532760031
2413.60400390625,70.38817596435547,-8.4566650390625,0.03167112544178963,2363.483642578125,113.96050262451172,-8.433881759643555,0.05236385017633438,2355.2763671875,80.88689422607422,-8.43010425567627,0.03729633241891861,555.6422729492188,13,0.7992193698883057,0.7037699818611145,-15.157462120056152,461.5756315487812,311.04987351186736,44.86614440925667,3.285234435569074,0.02743685618042946,0.0259244404733181,2.388601541519165,0,1.6426657438278198,0.00011981403804384172,2206.044189453125,4.795316219329834,44.86614440925667,3.2852344355690746
962.8983154296875,125.79729461669922,-7.458950996398926,0.1418798416852951,928.3047485351562,112.21288299560547,-7.41922664642334,0.1312749832868576,953.7108764648438,200.9878692626953,-7.448541641235352,0.22886687517166138,63.34059524536133,15,1.3212478160858154,1.2430012226104736,37.528743743896484,1053.9391309059997,317.8055067205657,44.86658925861301,3.242098685527306,0.2823936343193054,0.28234103322029114,-75.30299377441406,0,7.661289215087891,0.0005587767227552831,1168.0076904296875,7.927486896514893,44.86658925861301,3.2420986855273055
4161.87451171875,183.59649658203125,-9.048222541809082,0.047907691448926926,2909.317138671875,114.51583862304688,-8.659477233886719,0.04274687170982361,3251.269287109375,163.49366760253906,-8.780132293701172,0.054610710591077805,194.61476135253906,44,1.8044742345809937,1.4958267211914062,86.60429382324219,816.3020015041042,326.199289599081,44.867223005335845,3.2594037913798393,0.08245719224214554,0.08209317922592163,73.03076934814453,0,4.845248699188232,0.00035339442547410727,3100.3447265625,10.826845169067383,44.867223005335845,3.259403791379852
2878.908447265625,175.03436279296875,-8.648069381713867,0.06602756679058075,2083.016845703125,113.62956237792969,-8.296731948852539,0.05924182012677193,2377.356689453125,182.05618286132812,-8.44023609161377,0.08316506445407867,95.23217010498047,42,1.997267723083496,1.759507417678833,-89.86287689208984,159.42869308088794,329.95729048109627,44.86755412035032,3.3072359643104114,0.15041984617710114,0.15003088116645813,-86.30322265625,0,8.919873237609863,0.0006506268982775509,1176.2474365234375,11.983606338500977,44.86755412035032,3.3072359643104114
50345.9765625,509.7880554199219,-11.754912376403809,0.010996505618095398,16129.646484375,129.2423095703125,-10.519062042236328,0.008701811544597149,48136.93359375,533.8931274414062,-11.706195831298828,0.012044969946146011,803.7255859375,522,7.167949199676514,4.01017951965332,-51.99949645996094,82.62132287842604,395.49787901577474,44.87235770099652,3.3128295093913818,0.04339297115802765,0.04306013509631157,-82.89448547363281,2,9.402896881103516,0.0006858613342046738,47060.99609375,43.007694244384766,44.87235770099652,3.3128295093913818
660.7589111328125,110.50131225585938,-7.050107479095459,0.18161605298519135,601.8543090820312,112.34886169433594,-6.948728561401367,0.20272491872310638,542.2862548828125,139.9999542236328,-6.8355712890625,0.280368447303772,43.89624786376953,10,2.016292095184326,1.0038479566574097,55.604557037353516,768.9528912965999,329.1082484526107,44.86743982393138,3.2628517766022096,0.45902514457702637,0.45766425132751465,87.29678344726562,0,8.512005805969238,0.0006208362756296992,-375.70501708984375,12.097752571105957,44.86743982393138,3.2628517766022096
5432.28857421875,115.178955078125,-9.337456703186035,0.023026086390018463,2670.1015625,114.66533660888672,-8.566319465637207,0.046637386083602905,5609.857421875,149.7946014404297,-9.372379302978516,0.02899840846657753,447.52825927734375,34,5.000999927520752,0.4296407401561737,80.29196166992188,442.2606061591865,372.02338709485167,44.87060812898692,3.286641458973851,0.10783640295267105,0.011584208346903324,79.69764709472656,3,8.771804809570312,0.0006398030091077089,280.1141357421875,30.006000518798828,44.87060812898692,3.2866414589738513
2730.8125,99.24039459228516,-8.590729713439941,0.03946630284190178,1793.6947021484375,113.28716278076172,-8.134371757507324,0.0685901865363121,2641.0283203125,158.39430236816406,-8.55443286895752,0.06513228267431259,450.5159912109375,23,4.767282962799072,0.5384826064109802,-79.36870574951172,440.0090820973278,360.9210087857771,44.86979585157335,3.286805304692563,0.21123988926410675,0.021889593452215195,-78.60859680175781,3,4.363127708435059,0.0003182406653650105,-2721.155517578125,28.60369873046875,44.86979585157335,3.286805304692563
1026.19287109375,129.1309356689453,-7.528072357177734,0.1366567611694336,726.5624389648438,111.88320922851562,-7.153182506561279,0.167232945561409,648.7973022460938,122.26895141601562,-7.030272483825684,0.20466189086437225,52.78457260131836,16,1.366037368774414,1.1981966495513916,82.58699798583984,848.5832201616889,329.2715194796195,44.867445107364105,3.2570530766401102,0.22965779900550842,0.22908593714237213,-39.50923538208008,0,7.6482672691345215,0.0005578346899710596,209.35769653320312,8.196224212646484,44.867445107364105,3.2570530766401102
3308.00537109375,240.79824829101562,-8.79891586303711,0.07905274629592896,959.2503051757812,112.38146209716797,-7.454829692840576,0.12723088264465332,2269.838134765625,311.6770324707031,-8.389986991882324,0.14912131428718567,67.27265167236328,22,2.0744025707244873,1.675952672958374,-16.077695846557617,232.07579090769065,333.67881767732183,44.867820199085344,3.301946116669628,0.44502967596054077,0.443631112575531,5.208198547363281,2,11.171772003173828,0.0008148757042363286,2512.9013671875,12.446414947509766,44.867820199085344,3.301946116669628
1538.8408203125,157.76089477539062,-7.967984199523926,0.11133597046136856,1182.2406005859375,112.7349853515625,-7.681764602661133,0.1035577654838562,1526.552734375,287.93450927734375,-7.959279537200928,0.2048385739326477,69.13011932373047,24,2.542112350463867,1.3269495964050293,-69.02889251708984,243.4943638422129,338.0117785226186,44.868136323242325,3.3011147011839013,0.2711697518825531,0.27112895250320435,-39.68456268310547,2,11.003799438476562,0.0008026218856684864,2484.7587890625,15.252674102783203,44.868136323242325,3.3011147011839013
3297.744873046875,165.3363494873047,-8.79554271697998,0.05444789677858353,2434.850341796875,114.0445556640625,-8.466180801391602,0.05086652934551239,2750.595458984375,155.34848022460938,-8.598567008972168,0.0613352470099926,168.88597106933594,37,1.6703623533248901,1.4849865436553955,-8.529661178588867,1523.0503116708667,339.8948511627812,44.868168303272924,3.207935508187641,0.09201830625534058,0.09185117483139038,-67.39495086669922,0,5.551223278045654,0.00040487057412974536,2671.93359375,10.022173881530762,44.868168303272924,3.2079355081876284
592.0848388671875,104.0931625366211,-6.930959701538086,0.19092732667922974,454.8280029296875,111.86524200439453,-6.644618034362793,0.2671023905277252,378.0233154296875,95.98464965820312,-6.443796634674072,0.2757484018802643,48.21059799194336,9,1.1834439039230347,0.7718791961669922,13.255716323852539,579.2627482537121,332.5546240586636,44.86770806623121,3.2766648768804116,0.34170395135879517,0.34033697843551636,1.747223138809204,0,5.694430351257324,0.00041533910552971065,309.3343505859375,7.100663185119629,44.86770806623121,3.276664876880437
4175.7724609375,114.88359832763672,-9.051841735839844,0.02987796626985073,3814.408935546875,115.69999694824219,-8.953568458557129,0.03294093534350395,4416.52734375,161.42514038085938,-9.112702369689941,0.03969356045126915,435.4057922363281,32,2.52599835395813,1.0626733303070068,73.20502471923828,438.6716332577465,352.41950871496806,44.86917382496503,3.2869026152915892,0.08779262751340866,0.08502417057752609,70.37769317626953,3,9.810808181762695,0.000715587695594877,3580.201171875,15.155990600585938,44.86917382496503,3.286902615291602
708.72119140625,118.98357391357422,-7.1261887550354,0.18232297897338867,548.2552490234375,112.06525421142578,-6.847456932067871,0.22198212146759033,539.0750122070312,119.08592224121094,-6.829123020172119,0.2399059683084488,39.92836380004883,10,2.1409528255462646,0.7105823159217834,31.320674896240234,1632.8262205749186,340.73802073083783,44.86822171839819,3.1999405987611396,0.3607202470302582,0.12212564796209335,30.23467254638672,0,7.371199131011963,0.0005376067711040378,-770.5479125976562,12.84571647644043,44.86822171839819,3.1999405987611396
699.6566772460938,117.74520111083984,-7.112212657928467,0.18276290595531464,724.6854248046875,111.74881744384766,-7.150373935699463,0.16746467351913452,689.9549560546875,127.24793243408203,-7.097051620483398,0.2002902626991272,46.61383056640625,10,1.9614508152008057,0.8790315985679626,-67.3551025390625,1536.861139310686,346.3130689705507,44.86863676590067,3.20692967682682,0.30202698707580566,0.3013981580734253,4.7945556640625,2,7.851494312286377,0.0005726374220103025,598.9790649414062,11.768705368041992,44.86863676590067,3.2069296768268205
1241.3914794921875,159.26046752929688,-7.734771728515625,0.13932499289512634,569.4881591796875,111.91480255126953,-6.888711929321289,0.21341878175735474,785.8787231445312,156.026611328125,-7.238389015197754,0.2156120240688324,39.043556213378906,16,2.1286606788635254,1.1919070482254028,60.82167053222656,390.5369475096416,347.20036381890145,44.868796045006775,3.2904076119110686,0.5664196014404297,0.5650720596313477,69.06298065185547,1,9.536685943603516,0.0006955975550226867,141.41159057617188,12.771964073181152,44.868796045006775,3.2904076119110806
496418.0625,500.8924255371094,-14.239619255065918,0.0010957884369418025,410226.375,350.1520080566406,-14.032559394836426,0.0009269639849662781,482485.8125,424.0367736816406,-14.208711624145508,0.0009544403874315321,24647.681640625,430,2.3070030212402344,2.290956497192383,63.446739196777344,530.4413798438392,396.6594715133025,44.87240328014109,3.280220530593508,0.001962833572179079,0.0019114481983706355,-85.80461120605469,0,3.723148822784424,0.00027155823772773147,495398.875,13.842018127441406,44.87240328014109,3.280220530593508
589.9234619140625,103.4292221069336,-6.9269890785217285,0.19040459394454956,530.0173950195312,111.82340240478516,-6.810725212097168,0.22912494838237762,812.6385498046875,207.5260772705078,-7.274743556976318,0.2773352563381195,50.50910568237305,9,1.2237380743026733,0.8572673797607422,59.885005950927734,242.25948266299753,349.5340994209601,44.86897970295224,3.3012047393969572,0.46994227170944214,0.46868014335632324,53.79349136352539,2,6.108483791351318,0.0004455550806596875,918.1294555664062,7.342428207397461,44.86897970295223,3.30120473939697
786.2305908203125,119.33689880371094,-7.238874912261963,0.16483697295188904,707.98876953125,111.99292755126953,-7.125065803527832,0.17178848385810852,724.4261474609375,108.48343658447266,-7.149985313415527,0.16262942552566528,52.39839553833008,12,1.2687207460403442,0.9810975193977356,60.796287536621094,74.86096788013771,348.5971440603377,44.86892571471174,3.313394042846308,0.28813764452934265,0.2874472439289093,87.98163604736328,0,6.660768032073975,0.0004858493048232049,626.2282104492188,7.6123247146606445,44.86892571471174,3.313394042846308
15777.0234375,193.0127716064453,-10.495062828063965,0.013285894878208637,13172.2255859375,126.28841400146484,-10.299147605895996,0.010412000119686127,15342.591796875,202.02133178710938,-10.464746475219727,0.014299745671451092,825.2281494140625,96,2.0536344051361084,1.880462646484375,87.28850555419922,1958.2031836976632,378.3170473544004,44.87094702959285,3.1762422648737645,0.020056085661053658,0.019888965412974358,-83.23882293701172,0,3.7266602516174316,0.00027179819880984724,15371.6396484375,12.321805953979492,44.87094702959285,3.176242264873764
3810.325927734375,229.90147399902344,-8.952404975891113,0.0655253678560257,2037.8531494140625,113.61953735351562,-8.272932052612305,0.06054941564798355,3100.83349609375,197.49093627929688,-8.7286958694458,0.06916693598031998,107.96698760986328,49,2.533588171005249,1.5508862733840942,75.77731323242188,509.3656161192602,375.3967871415018,44.87084916138002,3.2817550373643476,0.19632168114185333,0.19542162120342255,77.30538177490234,2,9.337879180908203,0.0006810866761952639,2082.27099609375,15.201528549194336,44.87084916138002,3.2817550373643476
1482.2833251953125,144.61380004882812,-7.927328109741211,0.10595180094242096,1279.52392578125,113.02523040771484,-7.767621040344238,0.09593052417039871,1293.6829833984375,158.02906799316406,-7.779569625854492,0.1326596736907959,84.38468933105469,23,1.733129620552063,1.1456655263900757,10.024340629577637,1148.9388588100476,359.02666755069316,44.86959741875128,3.2351806455161696,0.20884160697460175,0.20831045508384705,33.05701446533203,0,6.314497947692871,0.0004605453577823937,925.71826171875,10.398777961730957,44.86959741875128,3.2351806455161816
6517.8779296875,176.86244201660156,-9.535265922546387,0.029468581080436707,5165.716796875,117.0896224975586,-9.28282642364502,0.02461600862443447,5982.34765625,176.51480102539062,-9.442178726196289,0.0320434533059597,343.8164978027344,62,1.870377779006958,1.651330828666687,-61.42097091674805,1920.4297167463972,387.20707950090156,44.87159993043793,3.1789934660519785,0.04687188193202019,0.046654846519231796,79.05857849121094,2,3.8105196952819824,0.0002779143105726689,5904.8955078125,11.222267150878906,44.87159993043793,3.1789934660519785
27711364.0,2902.60595703125,-18.606645584106445,0.00011375225585652515,2689427.75,857.1011962890625,-16.07415008544922,0.0003461003361735493,27435906.0,2830.2119140625,-18.59579849243164,0.00011202874884475023,54466.0,3590,22.72740364074707,2.9691479206085205,89.91869354248047,433.11663998652676,755.9594380461339,44.89870408201829,3.287312112797631,0.001878503360785544,0.000905826163943857,-89.82390594482422,4,49.3126335144043,0.0035966921132057905,27668080.0,136.3644256591797,44.89870408201829,3.287312112797631
901.772216796875,113.06571197509766,-7.387742042541504,0.13616450130939484,766.1338500976562,112.23828125,-7.210761547088623,0.1590985357761383,754.2799682617188,115.12696838378906,-7.193831443786621,0.1657579392194748,72.83425903320312,14,1.702361822128296,0.7130791544914246,50.24037551879883,420.11044195444936,368.95259072487283,44.870385333933655,3.288254353401128,0.22369030117988586,0.22284150123596191,36.76213073730469,0,6.5768537521362305,0.0004797075816895813,235.97897338867188,10.214170455932617,44.87038533393366,3.288254353401116
2435.6806640625,191.75616455078125,-8.466550827026367,0.08549856394529343,1570.9342041015625,113.15347290039062,-7.9903950691223145,0.07822395116090775,1710.824462890625,192.7481231689453,-8.083013534545898,0.1223529726266861,86.7635726928711,38,2.349414348602295,1.6372653245925903,-31.01669692993164,92.25956236392922,376.87334638818874,44.870993729233504,3.3121274712943087,0.1792203187942505,0.17905518412590027,75.12393188476562,1,9.525907516479492,0.0006948343943804502,1429.5587158203125,14.09648609161377,44.870993729233504,3.3121274712943087
6255.89501953125,113.89232635498047,-9.490723609924316,0.019771281629800797,4960.70166015625,117.19097900390625,-9.238858222961426,0.02565552480518818,6126.423828125,124.24037170410156,-9.468017578125,0.022023458033800125,815.9816284179688,34,2.6170642375946045,0.5779040455818176,80.95905303955078,445.5681355495412,392.01943496011137,44.8720711455553,3.2864008057531593,0.027672939002513885,0.02675909735262394,76.64276885986328,3,5.127096176147461,0.00037396233528852463,4810.435546875,15.702384948730469,44.8720711455553,3.2864008057531593
2375.542724609375,186.72584533691406,-8.439407348632812,0.08536334335803986,1533.3603515625,113.15242004394531,-7.964110374450684,0.08014001697301865,1860.6982421875,183.0251922607422,-8.174189567565918,0.10682299733161926,86.1280746459961,37,2.202730417251587,1.3633766174316406,-85.89673614501953,299.5132572362946,386.6319932087648,44.871689695472,3.29703609580213,0.19652853906154633,0.19578981399536133,-74.98190307617188,0,8.312565803527832,0.0006063153850845993,1503.29296875,13.21638298034668,44.871689695472,3.2970360958021296
768.642578125,109.78677368164062,-7.214311122894287,0.15511557459831238,520.6754150390625,111.81217956542969,-6.791417598724365,0.23321251571178436,428.26824951171875,131.73097229003906,-6.57928991317749,0.33404257893562317,78.9618148803711,12,1.7076811790466309,1.066807508468628,-1.824844241142273,363.0324872087596,374.8237012466266,44.87081996539296,3.292410683061891,0.27953049540519714,0.27919450402259827,-85.80817413330078,0,8.072382926940918,0.0005887929582968354,-366.14569091796875,10.246087074279785,44.87081996539296,3.292410683061891
579.0385131835938,91.10191345214844,-6.906768798828125,0.17086373269557953,603.88232421875,112.08795928955078,-6.952380657196045,0.20157490670681,558.4495849609375,101.22517395019531,-6.867459774017334,0.196849524974823,60.74226379394531,9,1.1895605325698853,0.8868822455406189,-13.071314811706543,591.0569100971484,373.77955161494754,44.87072374813724,3.275806382996927,0.2725674510002136,0.2716869115829468,-18.69478988647461,0,6.125951290130615,0.00044681152212433517,264.9985046386719,7.137363433837891,44.87072374813724,3.275806382996927
8046.32421875,309.3401794433594,-9.763994216918945,0.04175116866827011,3248.54296875,115.1697769165039,-8.779221534729004,0.03850168734788895,5972.53369140625,280.504150390625,-9.440396308898926,0.05100473761558533,151.28553771972656,93,2.8642215728759766,2.6329123973846436,19.3237247467041,476.26377849162185,408.17193404826844,44.87325047753452,3.284165767190586,0.1351327896118164,0.13481122255325317,53.65720748901367,2,9.984879493713379,0.000728278246242553,6036.28857421875,17.18532943725586,44.873250477534526,3.2841657671905735
734.9672241210938,117.7373046875,-7.165669918060303,0.17397063970565796,697.1434936523438,112.02389526367188,-7.10830545425415,0.174509197473526,590.404052734375,121.19305419921875,-6.927873134613037,0.22292472422122955,71.18494415283203,11,2.246661424636841,0.5083410739898682,-68.29244232177734,1549.030714453928,390.0871399633506,44.87183802277755,3.2060433352613678,0.33797687292099,0.3368324041366577,-56.90743637084961,1,6.376946449279785,0.00046509341336786747,-144.46888732910156,13.479969024658203,44.87183802277755,3.2060433352613678
2325.809814453125,144.37869262695312,-8.416435241699219,0.06741534173488617,1954.7601318359375,113.52129364013672,-8.227733612060547,0.06306867301464081,2055.33056640625,141.4436798095703,-8.282204627990723,0.07473631948232651,140.3771514892578,32,1.5478099584579468,1.3255200386047363,-45.76949691772461,117.32784372453939,385.4825093486038,44.871621617396244,3.310302197796133,0.10376092791557312,0.10359369963407516,87.81961822509766,0,4.692378520965576,0.00034226791467517614,2052.092529296875,9.286859512329102,44.87162161739624,3.3103021977961453
1097.787353515625,61.720947265625,-7.601295471191406,0.061058226972818375,1008.030517578125,112.08876037597656,-7.508684158325195,0.12075863778591156,1165.8133544921875,77.31108856201172,-7.666572570800781,0.07201825082302094,287.37939453125,9,1.4148703813552856,0.38343486189842224,83.65828704833984,444.0710418839875,383.12537854908794,44.87142041297908,3.286509733959886,0.08373461663722992,0.08149946480989456,85.19242095947266,3,3.554124355316162,0.0002592324744910002,615.083984375,8.489222526550293,44.87142041297908,3.286509733959886
3270.080078125,182.15673828125,-8.786396026611328,0.06049460917711258,2452.806396484375,114.19515991210938,-8.47415828704834,0.050560835748910904,2852.634521484375,181.7301025390625,-8.638114929199219,0.06918478012084961,122.2339096069336,47,1.9352679252624512,1.7609434127807617,50.988914489746094,1788.3608141825405,390.00471291920746,44.871814049852574,3.188612599778351,0.13052310049533844,0.129754900932312,53.233665466308594,0,6.738499164581299,0.0004914616583846509,2279.111328125,11.611607551574707,44.871814049852574,3.188612599778363
2641.582763671875,179.89926147460938,-8.55466079711914,0.07395967096090317,1830.6998291015625,113.2005615234375,-8.156542778015137,0.06715235859155655,2347.096923828125,260.9692077636719,-8.4263277053833,0.12075025588274002,108.63243103027344,40,2.293217420578003,1.5051459074020386,68.06802368164062,96.08347634331881,397.35436262760464,44.872492383295956,3.311849270393615,0.14173482358455658,0.14155854284763336,31.69430923461914,3,9.659643173217773,0.0007045873207971454,3216.877197265625,13.75930404663086,44.87249238329595,3.3118492703936147
2053.052490234375,183.06802368164062,-8.281000137329102,0.09683720767498016,1251.471435546875,112.59892272949219,-7.743552207946777,0.09771092236042023,1472.2926025390625,202.55345153808594,-7.919985294342041,0.1494085192680359,69.00890350341797,32,2.0887577533721924,1.57719087600708,-45.5703239440918,711.6457970788715,405.1705617460306,44.87301034521774,3.2670254314950413,0.2292526662349701,0.22867470979690552,-72.07386016845703,0,10.873836517333984,0.0007931003929115832,1289.5831298828125,12.532546997070312,44.87301034521774,3.2670254314950413
2462.685546875,79.32904815673828,-8.478522300720215,0.03498268127441406,2486.500244140625,114.32096862792969,-8.488970756530762,0.04993065074086189,2563.29150390625,95.1899642944336,-8.521994590759277,0.04032951593399048,308.6731262207031,16,1.4641177654266357,0.6062376499176025,82.69032287597656,447.2177977966946,401.084514193744,44.87273437790873,3.2862807705687627,0.05327916890382767,0.051178183406591415,79.94879150390625,3,4.850482940673828,0.00035378627944737673,2116.451171875,8.784706115722656,44.87273437790873,3.2862807705687627
4640.3525390625,204.59249877929688,-9.166377067565918,0.0478815883398056,3081.76708984375,114.84659576416016,-8.721999168395996,0.0404713898897171,4528.59228515625,211.66897583007812,-9.139907836914062,0.05076025798916817,126.78129577636719,64,2.3608005046844482,1.9791653156280518,76.5554428100586,1338.4547889813653,417.1063470581234,44.873831160419364,3.221379224896088,0.12732058763504028,0.1270884871482849,84.46662902832031,0,8.458456039428711,0.0006169085972942412,3580.42529296875,14.164802551269531,44.873831160419364,3.2213792248960758
1272.251953125,160.40423583984375,-7.761432647705078,0.13692177832126617,537.0476684570312,111.91988372802734,-6.8250322341918945,0.22632069885730743,558.6954956054688,145.1962127685547,-6.867938041687012,0.28223440051078796,39.49809265136719,15,1.870816707611084,1.2041608095169067,76.52430725097656,1990.1712351799715,406.14189880081494,44.872979994321824,3.173913644114057,0.4375002682209015,0.4365147650241852,84.95537567138672,0,8.983190536499023,0.000655176118016243,-77.24172973632812,11.224900245666504,44.872979994321824,3.173913644114057
2081.156005859375,64.68148803710938,-8.295762062072754,0.03375244140625,1956.416748046875,113.5666275024414,-8.228653907775879,0.06304043531417847,2040.293701171875,81.8801498413086,-8.274231910705566,0.04358286410570145,496.0396728515625,11,0.8949224352836609,0.6922153234481812,-84.47505187988281,447.9945261725475,405.1422218680319,44.87303124963692,3.2862242513586835,0.033457618206739426,0.03271222487092018,88.23584747314453,3,2.0126192569732666,0.00014679708692710847,1937.317138671875,5.369534492492676,44.87303124963692,3.286224251358696
2078.314453125,204.33160400390625,-8.294278144836426,0.10677119344472885,710.539794921875,111.9520034790039,-7.128971099853516,0.1711091846227646,612.2814331054688,257.697021484375,-6.967377662658691,0.45707571506500244,51.475589752197266,22,1.8391234874725342,1.360024094581604,-72.37580871582031,539.2934830923235,413.7475100302978,44.87365295521221,3.2795760936409915,0.2641751170158386,0.26342153549194336,-56.150455474853516,1,8.019118309020996,0.0005848955479450524,1026.1365966796875,11.034740447998047,44.87365295521221,3.279576093640979
1347.4539794921875,141.2450714111328,-7.823784828186035,0.11383850872516632,916.21435546875,112.37386322021484,-7.404992580413818,0.1331981122493744,1204.6484375,182.5432586669922,-7.702150821685791,0.16456417739391327,79.64847564697266,21,1.6680418252944946,1.0948413610458374,75.1999282836914,1271.8971481027509,412.8161885472538,44.87352267915776,3.2262263745191304,0.2442069947719574,0.24351245164871216,76.67131805419922,0,7.136666297912598,0.0005205064662732184,739.69189453125,10.008251190185547,44.87352267915776,3.2262263745191304
5789.26025390625,112.5577392578125,-9.4065580368042,0.021114563569426537,3297.844482421875,115.1417236328125,-8.795575141906738,0.03791686147451401,5577.7373046875,156.99081420898438,-9.366145133972168,0.030566520988941193,437.2026672363281,23,2.2292978763580322,0.5428548455238342,19.83477783203125,235.15852421776987,414.228395974903,44.87371500244414,3.301722515879187,0.08945921808481216,0.08656637370586395,21.9251651763916,2,6.566615581512451,0.0004789687809534371,5278.04443359375,13.375787734985352,44.87371500244414,3.3017225158791876
3657.6806640625,151.67469787597656,-8.908014297485352,0.04503365233540535,3155.109130859375,115.06079864501953,-8.747535705566406,0.039604343473911285,3404.36767578125,154.3249969482422,-8.83009147644043,0.049229979515075684,215.1763458251953,43,1.6213550567626953,1.4888375997543335,83.26771545410156,597.9068337896111,417.65310919748526,44.873933620573894,3.275307966482454,0.07311715930700302,0.07290241867303848,-82.94158935546875,0,4.202430248260498,0.0003065135970246047,3051.292236328125,9.728130340576172,44.873933620573894,3.2753079664824414
1478.3060302734375,146.32504272460938,-7.924410820007324,0.10749398171901703,1031.0986328125,112.46726989746094,-7.533250331878662,0.11845564842224121,1153.3228759765625,144.89779663085938,-7.654877185821533,0.13643968105316162,71.86528778076172,20,1.6612944602966309,1.343336582183838,77.96583557128906,896.277141594077,421.11304784834056,44.8741610012136,3.253580521970947,0.27200260758399963,0.27148619294166565,79.24291229248047,2,7.9511027336120605,0.0005799178616143763,674.9513549804688,9.967766761779785,44.874161001213594,3.2535805219709464
1815.7752685546875,178.325927734375,-8.147655487060547,0.10665524750947952,1027.27197265625,112.24352264404297,-7.5292134284973145,0.1186603531241417,1554.812744140625,216.1342010498047,-7.9791951179504395,0.1509646326303482,59.51015090942383,28,2.5015742778778076,1.3042333126068115,-52.947322845458984,551.3695746736053,427.8484572200414,44.87468375032502,3.278696862052368,0.3052254617214203,0.3037082552909851,-57.71711349487305,2,10.82111644744873,0.000789264973718673,1261.7177734375,15.009445190429688,44.87468375032502,3.278696862052368
2178.4423828125,186.17623901367188,-8.345365524291992,0.09281282871961594,1282.548095703125,113.02882385253906,-7.77018404006958,0.09570736438035965,1596.94775390625,189.44647216796875,-8.00822639465332,0.12883256375789642,66.29342651367188,34,2.5916078090667725,1.4280112981796265,5.201791763305664,1305.3298788281681,421.7676733912265,44.87417484131615,3.223791615598761,0.2687341272830963,0.26737600564956665,6.810497760772705,0,11.52783489227295,0.0008407714194618165,740.8655395507812,15.549646377563477,44.87417484131615,3.2237916155987607
36810.05078125,227.46249389648438,-11.414916038513184,0.006710783112794161,30720.638671875,143.6720428466797,-11.218575477600098,0.005078925751149654,35794.0859375,218.591796875,-11.384528160095215,0.006632120348513126,1875.0792236328125,137,2.0741448402404785,1.9505863189697266,59.36184310913086,1053.0958529644156,451.55441634516455,44.87637492597727,3.2421607245044735,0.010187325067818165,0.010109161026775837,88.21128845214844,0,3.6974987983703613,0.0002696762385312468,36241.125,12.444869041442871,44.87637492597727,3.242160724504473
733.6133422851562,121.92884826660156,-7.163668155670166,0.18049661815166473,60.548282623291016,111.4351806640625,-4.455254554748535,1.998712420463562,120.76814270019531,101.85900115966797,-5.204881191253662,0.9159607291221619,52.0272216796875,7,1.5152637958526611,0.7278103828430176,-21.489307403564453,1109.1989096130997,419.2688306570289,44.8740081257628,3.23807491144977,1.214345097541809,1.2107146978378296,14.67899227142334,2,6.265058994293213,0.0004569397715386003,-328.3173828125,9.091583251953125,44.8740081257628,3.23807491144977
28876.08984375,280.0221252441406,-11.151346206665039,0.010531343519687653,17542.591796875,130.77735900878906,-10.610234260559082,0.008095964789390564,28118.626953125,294.2786560058594,-11.122485160827637,0.01136565487831831,761.3143920898438,197,3.2007710933685303,2.6070175170898438,10.847824096679688,1273.6950782253523,459.0640413138848,44.876905931725,3.2260955780913525,0.02440844476222992,0.02418501488864422,15.193699836730957,3,5.209131717681885,0.00037992317811585963,28433.224609375,19.204626083374023,44.876905931725,3.2260955780913525
2889.59033203125,218.2918701171875,-8.652091026306152,0.08204103261232376,1190.099609375,112.9189453125,-7.688958168029785,0.10304177552461624,2589.908203125,216.20755004882812,-8.533210754394531,0.09066012501716614,68.19445037841797,30,3.1500988006591797,1.5761163234710693,53.56364440917969,983.2873039972787,439.9136359506214,44.87552915802232,3.2472443522147585,0.38828253746032715,0.386439710855484,68.72802734375,2,13.358604431152344,0.0009743108530528843,473.5596923828125,18.900592803955078,44.87552915802231,3.2472443522147705
3222.64306640625,200.59251403808594,-8.770530700683594,0.06759776920080185,2064.75390625,113.43444061279297,-8.28717041015625,0.059663187712430954,2366.766845703125,194.47494506835938,-8.435388565063477,0.0892355740070343,107.25125885009766,49,2.4268200397491455,1.6183222532272339,70.1905517578125,571.2129421653842,441.1583524674133,44.875655963099604,3.2772520157146423,0.1503015160560608,0.14927594363689423,67.24091339111328,0,8.568909645080566,0.0006249930011108518,1017.7222290039062,14.560920715332031,44.875655963099604,3.277252015714642
595.6891479492188,105.1014175415039,-6.937549114227295,0.19161023199558258,688.5903930664062,111.96966552734375,-7.094902515411377,0.17659129202365875,782.0272827148438,151.2141571044922,-7.2330546379089355,0.20999084413051605,54.53837585449219,9,1.4514816999435425,0.5542663931846619,-44.89194869995117,480.4474986208364,427.13974582339165,44.87463813836572,3.2838613058242427,0.35310837626457214,0.3518535792827606,-22.772014617919922,3,5.338466167449951,0.0003893769171554595,388.2658386230469,8.708889961242676,44.87463813836572,3.2838613058242423
769.8262329101562,125.39665985107422,-7.215981960296631,0.1768980622291565,389.6293640136719,111.56644439697266,-6.476629257202148,0.3109651505947113,307.2655944824219,182.55767822265625,-6.218784809112549,0.6452321410179138,42.09994125366211,10,1.7309993505477905,0.9169223308563232,47.45991516113281,1649.1852997476992,429.59943254745707,44.87472071734166,3.1987489749369202,0.4282713234424591,0.4279558062553406,26.067445755004883,1,7.530514717102051,0.0005492267664521933,139.18328857421875,10.385995864868164,44.87472071734166,3.1987489749369202
15919.0224609375,389.518798828125,-10.504791259765625,0.026573076844215393,5237.83056640625,117.2563247680664,-9.29787826538086,0.024311663582921028,13342.5625,377.12890625,-10.313097953796387,0.030695902183651924,180.37179565429688,211,5.235746383666992,2.8017029762268066,-8.488760948181152,133.95055887710248,570.0041706083093,44.8851246185612,3.309094215261114,0.10743971168994904,0.10668113082647324,-5.435932636260986,0,14.620485305786133,0.0010664141736924648,8561.123046875,31.414478302001953,44.8851246185612,3.3090942152611014
724.3892822265625,120.90384674072266,-7.149930000305176,0.18125830590724945,197.41600036621094,111.33486938476562,-5.738455772399902,0.6124613285064697,116.97891998291016,109.99109649658203,-5.170269012451172,1.0211269855499268,40.656471252441406,10,1.826192855834961,0.6744396686553955,-39.99861526489258,112.60378874572253,432.15082745487763,44.8750376116856,3.3106467485069473,0.3142866790294647,0.3018679618835449,-4.418187618255615,0,6.625279426574707,0.00048325397074222565,103.90939331054688,10.957157135009766,44.8750376116856,3.3106467485069473
645.5317993164062,94.79037475585938,-7.024794101715088,0.15946905314922333,725.5615234375,112.14582824707031,-7.15168571472168,0.16785670816898346,703.906494140625,111.81197357177734,-7.1187872886657715,0.17250558733940125,54.084922790527344,10,1.2723923921585083,0.7407581210136414,-89.32746124267578,1574.0578323180584,434.325368285008,44.875072192503815,3.204220579309917,0.26418980956077576,0.2629764974117279,89.25505828857422,0,5.785660743713379,0.00042196884169243276,720.704345703125,7.634354591369629,44.875072192503815,3.204220579309917
839.66650390625,120.15155792236328,-7.310266971588135,0.15540049970149994,766.2005615234375,112.23836517333984,-7.210855960845947,0.15908479690551758,875.1671752929688,141.19363403320312,-7.355227470397949,0.17520800232887268,62.67015838623047,13,1.438143014907837,0.8625810742378235,8.780793190002441,1500.7716903231947,434.23012011707783,44.87507094174567,3.2095580042940792,0.30714353919029236,0.3065170645713806,6.14654541015625,0,6.200252056121826,0.00045220699394121766,627.0723266601562,8.62885856628418,44.87507094174567,3.209558004294079
906.58837890625,71.08186340332031,-7.39352560043335,0.08514878898859024,742.6954956054688,112.03453063964844,-7.177026748657227,0.1638215184211731,749.3240966796875,68.07252502441406,-7.186674118041992,0.09865792840719223,231.32937622070312,10,0.8835960030555725,0.5970411896705627,-50.53047180175781,1197.8444848407141,438.1693772710018,44.87538355719032,3.2316193977989025,0.06673086434602737,0.06586623936891556,-70.0794906616211,0,1.9720711708068848,0.00014383163943421096,668.0118408203125,5.301576137542725,44.87538355719032,3.231619397798902
598.4509887695312,105.80802154541016,-6.942571640014648,0.19200822710990906,446.67205810546875,111.81140899658203,-6.624971866607666,0.2718486487865448,472.58441162109375,117.97178649902344,-6.686198711395264,0.27109941840171814,52.63957595825195,9,1.7455989122390747,0.8434921503067017,-26.96569061279297,1943.266211387812,441.907141527451,44.875599273409776,3.17732983362546,0.4434332549571991,0.4427678883075714,-44.6829833984375,0,7.250601768493652,0.0005288126412779093,-55.371673583984375,10.473593711853027,44.875599273409776,3.177329833625448
773.261962890625,124.85704040527344,-7.220816612243652,0.1753542125225067,243.37193298339844,111.61113739013672,-5.965676307678223,0.498043030500412,274.9632263183594,94.54691314697266,-6.098186492919922,0.3734242916107178,42.39282989501953,9,1.3336181640625,0.7284526228904724,15.979523658752441,557.6605366426331,438.97966089945874,44.87549773147382,3.278238868690375,0.5332525968551636,0.5317769646644592,34.23857116699219,0,5.87511682510376,0.0004285156319383532,18.421344757080078,8.001708984375,44.87549773147382,3.2782388686903627
2328.96044921875,178.60459899902344,-8.4179048538208,0.08328376710414886,1511.03515625,113.25645446777344,-7.94818639755249,0.0813988447189331,1907.6932373046875,199.16647338867188,-8.201271057128906,0.11338027566671371,65.65373992919922,36,2.8546855449676514,1.4221729040145874,-2.935225486755371,654.6519337268508,449.0367787813625,44.87622511502495,3.2711761012517573,0.2480258047580719,0.2469743937253952,0.15741576254367828,0,12.076045036315918,0.0008807871490716934,-16.10061264038086,17.12811279296875,44.87622511502495,3.2711761012517573
2116.3935546875,160.49899291992188,-8.31399154663086,0.0823579803109169,1630.7088623046875,113.09381103515625,-8.030941009521484,0.07531686872243881,1901.497802734375,201.62005615234375,-8.197739601135254,0.11515100300312042,83.1063003540039,32,1.8051316738128662,1.4278253316879272,-12.052495002746582,1284.3892438031642,456.62428282042805,44.87672656698119,3.225316750008859,0.16140203177928925,0.1606021523475647,10.813255310058594,3,7.443689346313477,0.0005428983713500202,2227.03564453125,10.830789566040039,44.87672656698119,3.225316750008859
134763.453125,317.6878662109375,-12.823930740356445,0.0025601082015782595,112489.46875,206.30345153808594,-12.627779960632324,0.001991702476516366,131273.140625,277.69940185546875,-12.795439720153809,0.0022973590530455112,7008.78515625,230,2.1255834102630615,2.1011416912078857,22.111019134521484,792.8913340335786,492.56040040697246,44.87939761905783,3.261109799143391,0.0041047558188438416,0.004021327011287212,-84.82273864746094,0,3.687063694000244,0.00026891889865510166,134397.984375,12.753499984741211,44.87939761905783,3.261109799143391
4859.576171875,205.20928955078125,-9.216495513916016,0.045859407633543015,3238.256103515625,114.94374084472656,-8.775777816772461,0.03854818642139435,4233.7763671875,204.97744750976562,-9.06682014465332,0.05257847532629967,181.8628692626953,66,2.444201946258545,1.7620395421981812,-12.523411750793457,140.13173000647004,467.9327705565368,44.87765391084684,3.3086427143726027,0.09847686439752579,0.09822146594524384,-8.043781280517578,0,6.581136703491211,0.00048003080883063376,2886.333251953125,14.66521167755127,44.87765391084684,3.3086427143726023
2966.629638671875,224.8937225341797,-8.680658340454102,0.08232729136943817,1281.0487060546875,112.67790222167969,-7.768914222717285,0.09552189707756042,1684.789306640625,171.06898498535156,-8.066364288330078,0.11026952415704727,70.86763000488281,31,2.233243227005005,1.3577131032943726,69.40670013427734,600.2919345773007,473.8548705886511,44.87804594376589,3.2751348220989414,0.24880436062812805,0.24819564819335938,78.22692108154297,0,10.32374382019043,0.0007529822760261595,485.7899169921875,13.399459838867188,44.87804594376588,3.2751348220989542
9571.740234375,210.79165649414062,-9.95247745513916,0.023916209116578102,7116.51953125,119.75899505615234,-9.630669593811035,0.018275544047355652,8191.90185546875,189.5711669921875,-9.783461570739746,0.02513143979012966,448.2055358886719,77,1.8984588384628296,1.8257317543029785,-46.791927337646484,45.59143051438161,508.83201299989315,44.88065583248415,3.3155273664728653,0.03451823070645332,0.034379392862319946,-75.53008270263672,0,3.7486555576324463,0.0002734304580371827,8898.1494140625,11.390752792358398,44.88065583248415,3.315527366472865
25315.611328125,200.64300537109375,-11.008471488952637,0.008607270196080208,21609.12109375,135.10690307617188,-10.836592674255371,0.006790008395910263,24717.1328125,197.84780883789062,-10.982495307922363,0.008692866191267967,1380.7950439453125,107,1.9939959049224854,1.7445875406265259,-84.32098388671875,17.47550367851163,493.8545781204701,44.87956222813244,3.3175744554393587,0.012833602726459503,0.012666893191635609,-86.46697998046875,2,3.566754102706909,0.00026016373885795474,23838.125,11.96397590637207,44.87956222813244,3.3175744554393587
4898.77734375,251.62026977539062,-9.2252197265625,0.05578118562698364,2536.61376953125,114.29366302490234,-8.510636329650879,0.0489325225353241,3670.716064453125,230.634765625,-8.911876678466797,0.06823446601629257,115.17487335205078,72,3.0547430515289307,1.7814130783081055,43.03426742553711,581.7367469345082,489.2115102442172,44.87917130460987,3.2764861601411854,0.1477005034685135,0.14698554575443268,53.98347854614258,0,9.704628944396973,0.0007078263442963362,2384.53955078125,18.328458786010742,44.87917130460987,3.2764861601411854
769.2881469726562,111.37183380126953,-7.2152228355407715,0.15722303092479706,511.405517578125,111.8450927734375,-6.771913528442383,0.23750969767570496,522.3943481445312,96.1864013671875,-6.79499626159668,0.1999608725309372,51.47987747192383,12,1.095810055732727,0.8580503463745117,-39.427093505859375,1069.7433212577578,470.8421399652697,44.87778465677889,3.2409484969602342,0.22508341073989868,0.22443971037864685,-55.306522369384766,0,5.778571128845215,0.0004214581858832389,303.97784423828125,6.574860572814941,44.87778465677889,3.2409484969602342
22268.427734375,195.02244567871094,-10.869223594665527,0.00951097160577774,18999.22265625,132.1899871826172,-10.696839332580566,0.007556010503321886,21669.701171875,197.02255249023438,-10.839632034301758,0.009873993694782257,1268.7076416015625,101,1.8732999563217163,1.8329262733459473,-58.16743850708008,673.8613083806675,491.937751045222,44.87936258280982,3.269777674756747,0.01439890917390585,0.014267448335886002,-81.04263305664062,0,3.6381046772003174,0.00026535033248364925,21710.462890625,11.239799499511719,44.87936258280982,3.2697776747567473
843.8512573242188,121.80069732666016,-7.315664768218994,0.15675221383571625,707.2119140625,112.16777038574219,-7.123873710632324,0.17224568128585815,778.91015625,131.1524200439453,-7.228718280792236,0.18286001682281494,51.3406982421875,13,1.592980146408081,0.9834323525428772,-17.534748077392578,776.056198679729,475.85560939898744,44.878176823275886,3.2623356135651993,0.3346368670463562,0.33372586965560913,-17.803466796875,1,7.481045722961426,0.0005456370417959988,377.5203857421875,9.557880401611328,44.878176823275886,3.2623356135651993
18141.693359375,445.986572265625,-10.64669418334961,0.02669769525527954,4515.06005859375,116.42572021484375,-9.136658668518066,0.028003685176372528,15862.1123046875,433.836669921875,-10.50090217590332,0.02970264106988907,171.2538604736328,255,5.610177516937256,3.4587526321411133,18.575645446777344,397.17455698833515,513.9274720578962,44.88099657393164,3.2899260746634984,0.14910858869552612,0.1482069194316864,17.478673934936523,0,16.31182861328125,0.0011897534132003784,8035.77294921875,33.66106414794922,44.88099657393164,3.2899260746634984
1941.56689453125,183.60064697265625,-8.220380783081055,0.10269556194543839,1117.4307861328125,112.70147705078125,-7.620551586151123,0.10953143984079361,1654.3818359375,274.86883544921875,-8.046589851379395,0.18043449521064758,62.215721130371094,30,2.4971885681152344,1.2531369924545288,-59.20875930786133,624.4101394177515,496.9764925339688,44.87973568373165,3.2733787701196255,0.2924230694770813,0.29098764061927795,-46.52766036987305,2,10.257461547851562,0.0007481452776119113,3114.357177734375,14.983131408691406,44.87973568373165,3.273378770119626
2158.389892578125,203.1638641357422,-8.33532428741455,0.10222247242927551,937.2101440429688,112.3989486694336,-7.429592609405518,0.1302432119846344,1092.694580078125,194.22824096679688,-7.59624719619751,0.19303826987743378,65.82585906982422,22,2.611013412475586,1.5228875875473022,-21.355453491210938,559.6302683986581,491.66152525187266,44.87935256068823,3.278095969561323,0.35035619139671326,0.3500009775161743,-78.32427978515625,2,11.95067024230957,0.0008716472657397389,338.3902587890625,15.666080474853516,44.87935256068823,3.278095969561323
2499.164794921875,199.83340454101562,-8.494486808776855,0.08683664351701736,1372.3548583984375,112.96119689941406,-7.843666076660156,0.08939076960086823,1680.6693115234375,165.2072296142578,-8.063705444335938,0.10675214231014252,94.20208740234375,28,2.0620343685150146,1.378259539604187,28.344266891479492,611.307905662709,491.31124249096325,44.879322309202905,3.2743328169946535,0.19707106053829193,0.19643378257751465,57.93378829956055,2,8.327531814575195,0.0006073834956623614,1249.9580078125,12.37220573425293,44.879322309202905,3.2743328169946664
3246.62451171875,198.00448608398438,-8.778579711914062,0.06623274832963943,2280.66943359375,114.03577423095703,-8.395155906677246,0.05430109426379204,3267.411865234375,222.23912048339844,-8.785510063171387,0.07386631518602371,111.14694213867188,49,2.1112399101257324,1.8850421905517578,46.51667404174805,530.4555232160171,494.89021460206345,44.879591436623585,3.2802204906273915,0.16358424723148346,0.16310125589370728,67.68502044677734,2,7.7497124671936035,0.0005652428953908384,2963.0341796875,12.667439460754395,44.879591436623585,3.2802204906273915
1857.6134033203125,169.4051513671875,-8.172388076782227,0.09903782606124878,1218.491943359375,112.7344741821289,-7.714556694030762,0.10047636181116104,1475.4156494140625,164.29258728027344,-7.922286033630371,0.12092982232570648,94.1673583984375,29,1.8688509464263916,1.473957896232605,-86.27437591552734,733.1040539863181,500.3398910062488,44.87997211850891,3.2654636544368056,0.21471081674098969,0.21443185210227966,-46.70625305175781,0,7.265300273895264,0.0005299024051055312,1042.8958740234375,11.213106155395508,44.87997211850891,3.2654636544368056
4552.6015625,261.11676025390625,-9.145648956298828,0.0622880794107914,2088.552734375,113.80933380126953,-8.299613952636719,0.059178270399570465,3456.09716796875,255.82737731933594,-8.846465110778809,0.08038794249296188,91.68219757080078,71,2.9492197036743164,2.3048176765441895,82.86331939697266,892.747295733821,527.0577047810738,44.881912907448765,3.253838360048072,0.18838167190551758,0.18797291815280914,32.47331619262695,2,11.785881042480469,0.000859605788718909,1769.2303466796875,17.6953182220459,44.881912907448765,3.253838360048072
6407.56005859375,152.08282470703125,-9.516731262207031,0.025776106864213943,5622.1806640625,117.69563293457031,-9.374761581420898,0.022734498605132103,6243.32421875,168.8748779296875,-9.488539695739746,0.029375074431300163,365.2479248046875,54,1.74992036819458,1.5809104442596436,51.66276550292969,19.61606746309603,504.33679083440967,44.88032921624194,3.3174187350808304,0.039873573929071426,0.03965311124920845,-79.36289978027344,3,3.609926700592041,0.0002633124531712383,6041.73193359375,10.49952220916748,44.88032921624194,3.3174187350808304
963.8062133789062,126.466796875,-7.45997428894043,0.14250057935714722,790.25634765625,112.5300521850586,-7.244420051574707,0.15464302897453308,788.3582153320312,132.09750366210938,-7.241808891296387,0.18197043240070343,52.85615539550781,15,1.621886968612671,1.119115948677063,8.969310760498047,732.4768921665423,491.0804955484536,44.87929466231333,3.2655092399584675,0.2738896608352661,0.27334192395210266,32.29996871948242,0,8.057438850402832,0.0005876782233826816,508.187744140625,9.731321334838867,44.87929466231333,3.2655092399584804
1285.9913330078125,146.54153442382812,-7.77309513092041,0.12375207990407944,1052.40380859375,112.36128234863281,-7.555456161499023,0.11594823002815247,1466.2266845703125,210.30364990234375,-7.915503025054932,0.155767023563385,58.63106918334961,20,1.7580300569534302,1.2477532625198364,-37.942657470703125,636.0099724520375,493.89245805444784,44.87950898139074,3.272534038399578,0.3153482675552368,0.3150423765182495,-37.26823043823242,2,7.976655960083008,0.0005817904020659626,1299.8311767578125,10.54818058013916,44.879508981390735,3.27253403839959
1038.22509765625,135.01019287109375,-7.54072904586792,0.14122281968593597,810.0843505859375,112.24697875976562,-7.271325588226318,0.15047842264175415,884.9608154296875,180.95211791992188,-7.367310047149658,0.22205954790115356,51.267574310302734,16,1.4266796112060547,1.210659146308899,77.70123291015625,58.52626471807,495.2994821187145,44.87966422721614,3.3145853088671404,0.2736463248729706,0.27327078580856323,35.29877471923828,0,7.8584818840026855,0.0005732049467042089,1044.489990234375,8.560077667236328,44.87966422721613,3.314585308867166
41194.546875,239.65054321289062,-11.53709888458252,0.0063178385607898235,33918.9765625,146.66429138183594,-11.326107025146484,0.004695820156484842,40072.38671875,227.2446746826172,-11.507113456726074,0.006158547941595316,2082.249755859375,152,2.1009976863861084,2.02713942527771,-85.4404296875,1940.5541348306926,519.069250353169,44.881243327111626,3.1775269655289256,0.009569548070430756,0.009353927336633205,-87.14769744873047,0,3.782034158706665,0.00027583830524235964,41270.7890625,12.605985641479492,44.881243327111626,3.1775269655289127
9197.080078125,227.53172302246094,-9.909125328063965,0.026867162436246872,5897.41845703125,118.25936889648438,-9.426654815673828,0.02177727036178112,8545.279296875,240.21408081054688,-9.829315185546875,0.03052825853228569,261.0320129394531,102,2.8859915733337402,2.003004550933838,63.63765335083008,1018.6005872301668,524.8248228659527,44.88173855126854,3.2446732641939335,0.06124528497457504,0.06080902740359306,66.47490692138672,0,5.551435947418213,0.00040489251841790974,6599.16943359375,17.315948486328125,44.88173855126854,3.2446732641939335
1964.807861328125,158.23947143554688,-8.23330020904541,0.08746303617954254,1527.52978515625,113.18901824951172,-7.95997428894043,0.080471932888031,1649.9915771484375,214.47792053222656,-8.04370403289795,0.14116619527339935,85.60181427001953,30,1.7958793640136719,1.520020842552185,74.73916625976562,628.977556383011,507.64306249931434,44.88051577776692,3.273046278770541,0.16140544414520264,0.16099584102630615,60.10745620727539,0,6.583172798156738,0.0004801542963832617,2084.6435546875,10.775276184082031,44.88051577776692,3.273046278770541
1693.7861328125,136.96432495117188,-8.07214641571045,0.08781702071428299,1437.9971923828125,113.03919219970703,-7.894394874572754,0.08536912500858307,1640.51708984375,141.9196014404297,-8.03745174407959,0.0939488485455513,92.33538818359375,25,1.6555854082107544,1.265856146812439,66.61249542236328,1848.9138978139376,512.391713491932,44.88076166517618,3.1842017799486966,0.17636236548423767,0.17591649293899536,74.72055053710938,0,5.941256999969482,0.0004333179094828665,979.77392578125,9.933512687683105,44.88076166517617,3.1842017799487086
2819.87646484375,206.67494201660156,-8.625575065612793,0.07959532737731934,1618.0516357421875,113.25286865234375,-8.022480964660645,0.07601279020309448,2232.075927734375,191.18850708007812,-8.371772766113281,0.09302134811878204,79.82768249511719,40,2.310955762863159,1.6351264715194702,-68.8194580078125,1647.1633729706452,522.1130477059471,44.88148815837274,3.1988961287901763,0.19495618343353271,0.19476553797721863,-56.25999069213867,2,9.375186920166016,0.0006837663240730762,1670.18603515625,13.865734100341797,44.88148815837273,3.1988961287901887
6046.52099609375,152.0489044189453,-9.453763961791992,0.027309110388159752,5345.02392578125,117.63050079345703,-9.319873809814453,0.023900121450424194,6004.52587890625,165.73944091796875,-9.446196556091309,0.02997622825205326,350.3155212402344,53,1.759177803993225,1.520044207572937,-71.02943420410156,1728.0207844783654,519.2547473440318,44.88127281349464,3.1930070121210394,0.04504036530852318,0.04474836587905884,-77.7340316772461,0,4.048340320587158,0.00029526016442105174,5543.65966796875,10.55506706237793,44.88127281349463,3.193007012121039
4110.48388671875,231.16798400878906,-9.034732818603516,0.06107515096664429,2175.114013671875,113.78163146972656,-8.343705177307129,0.05680936947464943,2343.559814453125,184.71710205078125,-8.424690246582031,0.085597462952137,107.74627685546875,45,2.0265510082244873,1.7413005828857422,-87.01831817626953,59.661393924635064,536.238194006494,44.88266033096899,3.3145032321192316,0.11702083051204681,0.1165875643491745,-53.493499755859375,3,7.377566814422607,0.0005381241790018976,2399.432373046875,12.159305572509766,44.88266033096898,3.314503232119244
5217.9482421875,240.30758666992188,-9.293749809265137,0.0500146858394146,2883.863525390625,114.52900695800781,-8.64993667602539,0.04312912002205849,4366.7060546875,229.97128295898438,-9.100384712219238,0.05719386786222458,123.09825897216797,74,2.7346811294555664,1.993532657623291,88.33412170410156,1462.3066205483387,536.5862054478268,44.88256163212736,3.2123595191335172,0.1348283439874649,0.1346948742866516,-82.13323974609375,2,8.873725891113281,0.0006471939268521965,3544.40185546875,16.4080867767334,44.88256163212736,3.2123595191335292
893.9376831054688,134.84994506835938,-7.378268241882324,0.16382242739200592,367.53509521484375,111.67223358154297,-6.413247108459473,0.3299713432788849,375.89544677734375,136.27279663085938,-6.4376678466796875,0.39370590448379517,43.393394470214844,12,2.122763156890869,0.9183303117752075,-69.49880981445312,1432.1535481072851,519.072689146062,44.8812829230598,3.214555526427502,0.33511313796043396,0.33486148715019226,-74.18228149414062,0,8.352456092834473,0.0006091760005801916,-821.6124267578125,12.736578941345215,44.88128292305979,3.2145555264275263
1067.0361328125,146.14227294921875,-7.57044792175293,0.14873957633972168,576.0430908203125,111.8346176147461,-6.901137351989746,0.21083907783031464,511.1149597167969,104.75016784667969,-6.771296501159668,0.22256965935230255,45.05182647705078,8,1.4483100175857544,0.7980326414108276,58.205284118652344,1090.4609672221068,521.134790200348,44.8814623843011,3.239440036963146,0.3074793815612793,0.3069571852684021,62.341705322265625,2,6.415625095367432,0.0004679204139392823,-76.49463653564453,8.689860343933105,44.881462384301095,3.239440036963159
1194.1380615234375,149.14402770996094,-7.692636489868164,0.13563792407512665,530.5047607421875,111.91204071044922,-6.811723232269287,0.22909590601921082,452.1554260253906,96.08829498291016,-6.638219356536865,0.23078764975070953,65.72224426269531,11,1.6301602125167847,0.6074815392494202,-13.261699676513672,883.4629597153177,512.3084217035055,44.880834577312086,3.254514351411058,0.3008364737033844,0.2985951602458954,-17.426227569580078,0,5.5551300048828125,0.00040516507579013705,23.159212112426758,9.780961036682129,44.880834577312086,3.254514351411058
1070.80078125,142.29812622070312,-7.5742716789245605,0.14431793987751007,676.9111938476562,112.04360961914062,-7.076329231262207,0.179756760597229,726.3403930664062,152.7850799560547,-7.15285062789917,0.22843916714191437,46.8447151184082,16,1.7192163467407227,1.4177076816558838,-68.35592651367188,486.8240606430223,524.3757161819404,44.881752998690025,3.2833980295997542,0.37984365224838257,0.3785737454891205,-41.91154098510742,0,9.346153259277344,0.0006816841196268797,225.44937133789062,10.315298080444336,44.881752998690025,3.2833980295997542
1358.7110595703125,136.36582946777344,-7.832817554473877,0.10899542272090912,1125.5634765625,112.40486907958984,-7.628425121307373,0.10845384001731873,1146.552490234375,146.58126831054688,-7.648484706878662,0.13883991539478302,77.82341003417969,21,1.5061845779418945,1.1902828216552734,4.396041393280029,249.01219517642826,524.3227219564416,44.88177084450592,3.3007150917906816,0.20135319232940674,0.20098689198493958,8.360289573669434,0,5.611878871917725,0.0004093254392500967,927.014404296875,9.037107467651367,44.88177084450592,3.3007150917906936
3609.159912109375,142.44517517089844,-8.893515586853027,0.042861901223659515,3183.35498046875,114.83670806884766,-8.75721263885498,0.039176490157842636,3372.146240234375,148.6060028076172,-8.8197660446167,0.047858577221632004,193.07504272460938,40,1.659436821937561,1.3899346590042114,-86.21540832519531,1516.0371013275617,537.6102329177136,44.882632189674204,3.2084463012586992,0.07147736102342606,0.07114923000335693,-69.77660369873047,0,4.4543232917785645,0.0003248701978009194,2857.53857421875,9.956621170043945,44.882632189674204,3.2084463012586992
1705.077880859375,175.95559692382812,-8.079360961914062,0.11206982284784317,1030.224609375,112.46623229980469,-7.532329559326172,0.11855504661798477,1105.7686767578125,165.48504638671875,-7.609160900115967,0.16252654790878296,61.315345764160156,26,2.2297415733337402,1.3007229566574097,82.9491958618164,879.5928820928302,541.6550020694954,44.88298208999909,3.2547964230537145,0.2783465087413788,0.2772720456123352,-81.65029907226562,0,9.4234619140625,0.0006873023230582476,-100.31925964355469,13.378449440002441,44.88298208999909,3.2547964230537145
3505.84423828125,216.58570861816406,-8.861981391906738,0.06709142029285431,2054.8037109375,113.81279754638672,-8.281926155090332,0.060152072459459305,2679.756591796875,243.57540893554688,-8.57023811340332,0.0987115353345871,109.13956451416016,54,2.530902147293091,1.924769639968872,-11.994221687316895,56.362714883760084,543.4908590053491,44.883191438618354,3.3147435365544764,0.14389345049858093,0.14375780522823334,-74.19281768798828,3,9.431357383728027,0.0006879285792820156,3003.09375,15.185413360595703,44.883191438618354,3.314743536554464
31529.388671875,233.7237091064453,-11.24678897857666,0.008050392381846905,25654.099609375,138.67874145507812,-11.022891998291016,0.005870606284588575,30092.953125,219.59373474121094,-11.196162223815918,0.007924739271402359,1574.16650390625,134,2.2657933235168457,1.8706810474395752,-37.91830825805664,615.6319003570286,561.6186241586055,44.884466499662494,3.274018689387371,0.011638901196420193,0.011492847464978695,-80.536376953125,0,3.710415840148926,0.00027062452863901854,30412.3828125,13.594759941101074,44.88446649966249,3.2740186893873955
6162.52734375,232.1660919189453,-9.474396705627441,0.040913794189691544,3793.328369140625,115.71810150146484,-8.947550773620605,0.03312918171286583,6068.693359375,269.3547058105469,-9.457737922668457,0.04820134863257408,194.57522583007812,84,2.936980962753296,2.075737953186035,44.375938415527344,75.52577977980164,567.0324390451863,44.88491258488957,3.3133484914794997,0.09674876183271408,0.09650388360023499,88.35330200195312,2,6.5335373878479,0.00047655770322307944,6540.56689453125,17.621885299682617,44.88491258488956,3.3133484914795126
1001.884521484375,142.5813751220703,-7.502044200897217,0.15455211699008942,387.15362548828125,111.65171813964844,-6.469708442687988,0.3131929039955139,300.57171630859375,128.76329040527344,-6.194870471954346,0.46523651480674744,40.89649200439453,12,1.498551368713379,1.1356381177902222,80.55512237548828,328.7310163866474,542.6289533864889,44.883103186438184,3.2949103769386183,0.36908429861068726,0.3683147132396698,15.058216094970703,1,7.799990653991699,0.0005689188255928457,149.24649047851562,8.991308212280273,44.883103186438184,3.2949103769386183
787.3988647460938,119.65788269042969,-7.240487098693848,0.16503511369228363,785.8687133789062,112.30575561523438,-7.238375186920166,0.15519647300243378,985.8544311523438,243.14674377441406,-7.484531879425049,0.2678461968898773,72.00995635986328,12,2.6345596313476562,0.8604480028152466,-64.62490844726562,845.8227123911755,551.2442863550378,44.88368669611887,3.257255741885785,0.4119940400123596,0.41154202818870544,-35.35469436645508,2,9.011507987976074,0.0006572574493475258,772.9225463867188,15.807357788085938,44.88368669611887,3.257255741885785
6645.0615234375,80.05500793457031,-9.55624771118164,0.013083361089229584,6478.41064453125,118.87578582763672,-9.528671264648438,0.01992758922278881,6432.6591796875,78.48641204833984,-9.520976066589355,0.013250545598566532,1806.9033203125,16,0.991518497467041,0.5050677061080933,-5.619828701019287,1577.7952525157516,539.8826530651771,44.8827934683071,3.203948368973269,0.011354326270520687,0.009479702450335026,-4.501659393310547,0,2.616086721420288,0.00019080076890531927,6346.0830078125,5.949110984802246,44.8827934683071,3.2039483689732817
3420.0380859375,80.19367980957031,-8.835077285766602,0.025464726611971855,3358.911865234375,115.29838562011719,-8.815496444702148,0.037278156727552414,3418.384765625,93.7989730834961,-8.834552764892578,0.029799362644553185,525.0094604492188,17,1.4626123905181885,0.5959351658821106,-26.414548873901367,1405.1976282291048,543.0394555823676,44.8830383821533,3.2165187676112605,0.03533598408102989,0.03385067731142044,-24.395458221435547,3,4.313955307006836,0.00031463312916457653,2759.31640625,8.775674819946289,44.8830383821533,3.216518767611273
1801.662353515625,173.93716430664062,-8.139183044433594,0.10484526306390762,862.70556640625,112.35375213623047,-7.339656352996826,0.14143432676792145,927.8380126953125,187.66397094726562,-7.418680191040039,0.21965372562408447,65.44891357421875,16,1.5038079023361206,1.0574183464050293,8.805275917053223,838.8719838008819,543.7915771131167,44.88314202436253,3.2577618451947616,0.2466118484735489,0.24565325677394867,-6.256188869476318,1,7.537600040435791,0.0005497578531503677,1037.48974609375,9.022847175598145,44.88314202436253,3.2577618451947616
833.75634765625,111.52161407470703,-7.302597999572754,0.1452612280845642,598.444580078125,112.03749084472656,-6.942559719085693,0.20331493020057678,559.076416015625,105.9798812866211,-6.868678092956543,0.2058647871017456,73.59927368164062,13,1.2825663089752197,0.9629055261611938,79.6219711303711,367.3163838056598,545.1474512933568,44.88328393958804,3.2921006879299286,0.19906234741210938,0.1985628455877304,38.592159271240234,0,5.986361026763916,0.00043663379619829357,430.2763671875,7.695397853851318,44.88328393958804,3.292100687929929
597.6987915039062,105.6204833984375,-6.941205978393555,0.19190911948680878,456.3204650878906,111.822998046875,-6.64817476272583,0.2661282420158386,308.34503173828125,121.89449310302734,-6.222592353820801,0.4293158948421478,44.2664909362793,9,1.7784714698791504,0.9125086069107056,4.096263885498047,933.7066983095825,541.3959763115823,44.8829583673013,3.2508556831899225,0.49779897928237915,0.49677667021751404,6.966271877288818,0,7.615418910980225,0.0005554307135753334,-723.04736328125,10.670828819274902,44.882958367301306,3.2508556831899096
3191.402587890625,75.20600128173828,-8.759954452514648,0.025591794401407242,3170.482421875,115.0787353515625,-8.752813339233398,0.03941844776272774,3294.492919921875,90.95307159423828,-8.794471740722656,0.029981862753629684,690.7366333007812,15,1.7043085098266602,0.4617931544780731,-26.080665588378906,1399.2982539206969,545.8984114129003,44.883248011434205,3.216948423042321,0.03712783008813858,0.03537743166089058,-21.7149658203125,3,3.7593586444854736,0.000274184305453673,2445.979248046875,10.225851058959961,44.883248011434205,3.2169484230423087
4996.0517578125,279.0753479003906,-9.246567726135254,0.06066306680440903,1730.285888671875,113.21197509765625,-8.095294952392578,0.07105658948421478,3561.976318359375,277.57916259765625,-8.879227638244629,0.08463025838136673,85.38777923583984,67,4.157958984375,1.87431800365448,13.568603515625,50.14650559643674,564.5263656265262,44.884731542877695,3.3151964923190786,0.23139601945877075,0.23003371059894562,8.72219181060791,3,14.765031814575195,0.001076968270353973,3932.501220703125,24.94775390625,44.88473154287769,3.3151964923190906
712.5226440429688,111.4380874633789,-7.1319966316223145,0.1698497086763382,744.6632080078125,112.1247787475586,-7.1798996925354,0.16352024674415588,908.9036865234375,160.79454040527344,-7.396294593811035,0.19212472438812256,49.36690139770508,11,1.3771265745162964,0.9895416498184204,63.830780029296875,30.934056832000806,547.405734568687,44.88348031816131,3.3165952235492955,0.4017150104045868,0.40105509757995605,55.447296142578125,1,6.972681045532227,0.0005085927550680935,812.5963134765625,8.2627592086792,44.88348031816131,3.3165952235492955
3919.510986328125,91.80326843261719,-8.98307991027832,0.02543642558157444,2498.5869140625,114.37822723388672,-8.49423599243164,0.04971400275826454,3638.281005859375,138.56451416015625,-8.902240753173828,0.041360482573509216,479.0741882324219,22,3.2592267990112305,0.5975885391235352,-24.276702880859375,1390.6906614798172,549.9075075148335,44.88354200289276,3.2175753193769583,0.11709540337324142,0.11366384476423264,-24.398109436035156,19,8.348742485046387,0.0006089056259952486,868.2383422851562,19.555360794067383,44.88354200289276,3.2175753193769583
32146.6953125,377.3727722167969,-11.267840385437012,0.01274864561855793,11468.6357421875,124.1866226196289,-10.14877986907959,0.011759608052670956,30349.5859375,395.47119140625,-11.205382347106934,0.014151155948638916,368.0752258300781,307,4.594631671905518,3.4012420177459717,-38.06360626220703,607.7787131029595,597.7602976391785,44.88711176985416,3.2745909747703172,0.04911430552601814,0.048446640372276306,-30.398624420166016,0,10.197264671325684,0.0007437510648742318,29484.875,27.567790985107422,44.88711176985416,3.2745909747703297
803.6100463867188,128.05194091796875,-7.262613296508789,0.17304961383342743,266.13671875,111.50608825683594,-6.0627617835998535,0.45501279830932617,296.3468933105469,109.08690643310547,-6.179501056671143,0.39976251125335693,34.89899444580078,10,2.002129316329956,0.6323750019073486,-4.421847820281982,1803.196038402819,548.6265212488835,44.88341549422725,3.1875315661038104,0.6685706973075867,0.6674723625183105,1.5069684982299805,16,6.71830415725708,0.0004899911000393331,-55.92060089111328,12.012775421142578,44.88341549422724,3.1875315661038233
12165.0693359375,181.7619171142578,-10.212786674499512,0.01622624881565571,10214.9951171875,122.90383911132812,-10.02309513092041,0.013066435232758522,11710.76953125,188.16127014160156,-10.171463966369629,0.017449164763092995,656.3425903320312,83,1.8574122190475464,1.8232446908950806,-28.77208709716797,1926.1704494603018,574.5591678652954,44.885303054419325,3.1785743898079715,0.02497330866754055,0.02471275068819523,87.01764678955078,0,3.7086269855499268,0.00027048500487580895,11559.62890625,11.1444730758667,44.885303054419325,3.1785743898079843
5970.45263671875,210.5946044921875,-9.440017700195312,0.03830626606941223,4012.846923828125,115.93006134033203,-9.008631706237793,0.0313742458820343,5046.3466796875,219.41775512695312,-9.257442474365234,0.047219838947057724,235.86643981933594,76,2.2496044635772705,2.1803629398345947,44.98055648803711,110.7379448756449,579.1409182244399,44.885795458501505,3.3107846272017105,0.07059378921985626,0.0703282579779625,73.23595428466797,0,5.820641994476318,0.00042455672519281507,5331.9677734375,13.497627258300781,44.885795458501505,3.31078462720171
857.5842895507812,131.1688995361328,-7.333191871643066,0.1661054491996765,451.76043701171875,111.86155700683594,-6.637270450592041,0.26890724897384644,441.48681640625,126.01211547851562,-6.6122941970825195,0.3099733591079712,60.147491455078125,12,2.073369026184082,0.7995472550392151,-77.22602081298828,395.06402573540936,567.6102144729549,44.88492516592768,3.2900804308694918,0.5146217346191406,0.513127326965332,80.0319595336914,0,7.697531223297119,0.0005614408291876316,189.66348266601562,12.440214157104492,44.88492516592768,3.290080430869492
604.7324829101562,107.25537872314453,-6.953908443450928,0.19261300563812256,237.68568420410156,111.4276351928711,-5.94000768661499,0.50911945104599,236.18077087402344,106.72994232177734,-5.933111190795898,0.49076271057128906,54.350990295410156,9,1.3997210264205933,0.9004319906234741,47.7767333984375,324.12319213621294,560.9888278420303,44.88444718133166,3.2952461516994815,0.30159083008766174,0.29981985688209534,72.97422790527344,0,6.702881336212158,0.0004888969124294817,-363.3326416015625,8.39832592010498,44.88444718133166,3.2952461516994687
1001.7427368164062,108.20931243896484,-7.501890659332275,0.11731087416410446,1126.221435546875,112.7556381225586,-7.629059314727783,0.10872872918844223,1302.92529296875,184.627197265625,-7.787298679351807,0.15388843417167664,74.18268585205078,15,1.428452968597412,0.9568948149681091,12.605786323547363,51.478119429070276,562.5230356753126,44.88458480116863,3.315099498476921,0.18401943147182465,0.18324516713619232,-15.031997680664062,3,6.638278007507324,0.00048419914674013853,1909.542724609375,8.570717811584473,44.88458480116863,3.3150994984769215
214308.609375,374.42919921875,-13.327598571777344,0.0018974044360220432,176194.203125,244.35281372070312,-13.114978790283203,0.0015061061130836606,208677.171875,322.5834655761719,-13.298686981201172,0.00167879241053015,11098.2470703125,297,2.2573654651641846,2.211137294769287,-60.76313781738281,1889.7585160912201,609.6783634189369,44.887874492956804,3.1812264364263223,0.0031696283258497715,0.0030660175252705812,-87.80968475341797,0,3.7061173915863037,0.00027030211640521884,214439.265625,13.544193267822266,44.887874492956804,3.1812264364263227
2763.299072265625,234.9263916015625,-8.603569984436035,0.09232806414365768,801.2083129882812,112.1046371459961,-7.259363651275635,0.15195253491401672,1726.9454345703125,312.2327575683594,-8.093196868896484,0.19634944200515747,58.20643615722656,26,3.0313525199890137,1.9315788745880127,-67.74565124511719,604.1431572660989,579.4369306019073,44.88577134954946,3.2748555065108462,0.4722762107849121,0.4719977378845215,86.65835571289062,3,14.51014232635498,0.0010583183029666543,677.3485717773438,18.188114166259766,44.88577134954946,3.274855506510834
2946.939453125,216.04953002929688,-8.67342758178711,0.07961812615394592,1147.7928466796875,112.60650634765625,-7.649658679962158,0.10654418915510178,1145.21875,137.92437744140625,-7.647221088409424,0.13079236447811127,80.75247955322266,24,1.6423403024673462,1.2159796953201294,-47.28611755371094,958.6750075455457,569.9254680982116,44.88504349861435,3.2490376261157814,0.14457713067531586,0.14388562738895416,83.5363540649414,0,6.544802665710449,0.00047734417603351176,795.6504516601562,9.854042053222656,44.88504349861435,3.2490376261157694
718.7301025390625,121.13273620605469,-7.141414642333984,0.183031365275383,129.21807861328125,111.2968521118164,-5.278308391571045,0.9353828430175781,189.18109130859375,117.6487808227539,-5.69219446182251,0.6753665208816528,35.58139419555664,9,1.6432141065597534,0.9256724119186401,-23.452436447143555,1412.4494315479913,566.0153204158034,44.88471854572727,3.2159906851404214,0.303683876991272,0.17965751886367798,-24.398643493652344,0,7.370599746704102,0.0005375657929107547,-534.0880737304688,9.859284400939941,44.88471854572727,3.2159906851404343
1696.7025146484375,174.303955078125,-8.074014663696289,0.11156587302684784,828.9886474609375,112.22571563720703,-7.2963714599609375,0.14701905846595764,618.0361938476562,161.31655883789062,-6.977534770965576,0.2834620177745819,66.69212341308594,16,1.9724997282028198,0.8504853248596191,53.80381774902344,1595.3339752633324,572.1349367040264,44.88515130567793,3.20267099901576,0.21454112231731415,0.21409030258655548,42.658931732177734,0,7.743807315826416,0.0005647844518534839,40.076446533203125,11.83499813079834,44.88515130567793,3.20267099901576
663.9725952148438,111.30096435546875,-7.055375576019287,0.18204493820667267,530.169921875,112.1314697265625,-6.811037540435791,0.2296900749206543,510.10162353515625,123.12069702148438,-6.769141674041748,0.26212242245674133,52.462371826171875,10,1.523991346359253,0.6819688081741333,76.66988372802734,972.0413307244884,572.1165634422671,44.88520262609182,3.248064253502123,0.31936192512512207,0.3187735080718994,-81.12383270263672,0,6.079633712768555,0.0004434168222360313,612.9471435546875,9.14394760131836,44.88520262609182,3.2480642535021356
1281.1121826171875,141.947998046875,-7.768968105316162,0.12032945454120636,953.8275146484375,112.46260070800781,-7.44867467880249,0.12804661691188812,1090.472900390625,143.1292266845703,-7.594037055969238,0.14254213869571686,57.9932975769043,20,1.546628713607788,1.372495174407959,72.62053680419922,541.4339659880629,574.8786107471669,44.88544355259498,3.279421953005446,0.2578338086605072,0.2572014629840851,-52.479759216308594,0,8.718445777893066,0.0006358955870382488,728.5525512695312,9.27977180480957,44.88544355259498,3.279421953005458
9012.6650390625,92.03936004638672,-9.88713264465332,0.0110904760658741,8773.3095703125,121.4402847290039,-9.857908248901367,0.015032428316771984,8925.904296875,98.91797637939453,-9.876630783081055,0.012035186402499676,2285.48193359375,21,1.6255555152893066,0.48000597953796387,-10.063328742980957,1117.2164376015917,568.9374129945472,44.88495733796893,3.23749185510084,0.012799648568034172,0.011353809386491776,-11.174064636230469,0,3.2149901390075684,0.00023448320280294865,8406.7001953125,9.75333309173584,44.88495733796893,3.23749185510084
67286.09375,514.4126586914062,-12.06981372833252,0.008302639238536358,19777.0,133.0887451171875,-10.740401268005371,0.007308205123990774,65968.03125,573.7870483398438,-12.048334121704102,0.009445980191230774,910.5575561523438,590,5.925961017608643,4.7426652908325195,-63.28947448730469,785.4515834802899,654.1149220075271,44.89121883216365,3.261653149193457,0.03439956530928612,0.03420364111661911,78.97607421875,3,10.323366165161133,0.000752937572542578,72457.125,35.55576705932617,44.891218832163645,3.2616531491934695
1204.896728515625,155.1427001953125,-7.702374458312988,0.13983353972434998,618.7401123046875,111.79779815673828,-6.978770732879639,0.19622521102428436,688.892578125,205.65765380859375,-7.095378875732422,0.324207603931427,61.81745147705078,13,1.3344035148620605,1.0337237119674683,-27.346410751342773,1904.5047797235575,574.7347681295994,44.8853175129287,3.1801524753404573,0.29185211658477783,0.29156142473220825,-21.829631805419922,3,7.015660762786865,0.0005116799147799611,1137.0570068359375,8.006421089172363,44.8853175129287,3.180152475340445
1221.8543701171875,156.7731475830078,-7.717548847198486,0.13934201002120972,773.1165771484375,112.15884399414062,-7.220612525939941,0.15754999220371246,688.5130004882812,242.98248291015625,-7.094780445098877,0.38325923681259155,54.87758255004883,17,2.6079506874084473,0.928483784198761,1.566352367401123,1908.0789301019418,577.868312124551,44.88554644175086,3.179892129195188,0.2646198868751526,0.2641279697418213,-23.574739456176758,19,9.31543254852295,0.0006794115761294961,1145.39990234375,15.647704124450684,44.88554644175086,3.179892129195188
3075.38623046875,221.13491821289062,-8.719749450683594,0.07808857411146164,1580.8677978515625,113.20877838134766,-7.997238636016846,0.0777704119682312,2304.06884765625,221.10012817382812,-8.406238555908203,0.10421334952116013,88.67871856689453,45,2.373878002166748,2.172545909881592,85.03812408447266,1519.0010785701063,600.6933985033164,44.887246535342086,3.208230526147721,0.2460939884185791,0.24555280804634094,-77.71682739257812,2,13.615738868713379,0.0009930466767400503,1473.86474609375,14.243268013000488,44.887246535342086,3.2082305261477204
8321.9833984375,411.4126281738281,-9.800566673278809,0.0536884181201458,1082.1685791015625,112.39684295654297,-7.585737228393555,0.11279478669166565,1476.603759765625,542.8392944335938,-7.923160076141357,0.3992428481578827,55.82001876831055,68,4.559606075286865,2.2570009231567383,-25.68422508239746,772.02330900905,640.3814921988655,44.89021523764702,3.262630885735445,0.2684277296066284,0.26755446195602417,-62.14868927001953,3,19.24636459350586,0.0014037409564480186,6375.01025390625,27.357635498046875,44.89021523764701,3.2626308857354576
4388.240234375,184.73538208007812,-9.10572624206543,0.0457182414829731,3146.081787109375,114.92176055908203,-8.744424819946289,0.03966999053955078,3949.686279296875,184.55137634277344,-8.991406440734863,0.05074397847056389,174.00791931152344,54,2.0432910919189453,1.7161258459091187,-78.53520202636719,734.1135185929293,607.5061084319932,44.887813294709424,3.2653912124005227,0.0889810100197792,0.08874145895242691,-81.04890441894531,2,6.368549823760986,0.00046449434012174606,3842.305908203125,12.259746551513672,44.887813294709424,3.2653912124005107
883.0843505859375,130.52523803710938,-7.3650054931640625,0.16051740944385529,743.4652709960938,112.2111587524414,-7.178151607513428,0.1639098972082138,927.642822265625,191.56005859375,-7.41845178604126,0.2242611199617386,53.84881591796875,13,1.7108410596847534,1.2478986978530884,85.40880584716797,1442.3829730439832,594.9916894880549,44.88683576409387,3.2138107010590327,0.41125574707984924,0.4106929302215576,81.35698699951172,0,8.743659019470215,0.0006377079989761114,689.3535766601562,10.265046119689941,44.88683576409387,3.2138107010590327
828.5381469726562,127.4713363647461,-7.295781135559082,0.1670820713043213,601.4363403320312,111.99710845947266,-6.94797420501709,0.20223063230514526,644.7900390625,140.09823608398438,-7.023545742034912,0.2359631359577179,49.43637466430664,6,0.8227294683456421,0.62102210521698,44.15871047973633,832.3252699073058,590.8786898574001,44.88658780838621,3.258239027993875,0.44180038571357727,0.4406401216983795,54.866764068603516,2,4.233094215393066,0.0003087419318035245,638.9747314453125,4.936376571655273,44.88658780838621,3.258239027993875
2947.97216796875,211.3927459716797,-8.673808097839355,0.07787472754716873,1500.363525390625,113.28728485107422,-7.940491199493408,0.08200012892484665,2859.780029296875,245.1858367919922,-8.64083194732666,0.09310919791460037,58.25630569458008,46,3.391124725341797,1.8192592859268188,46.29668045043945,950.3649767646657,612.69631151395,44.88817349171591,3.2496431539633863,0.3282674252986908,0.32704946398735046,37.6981201171875,0,14.895071983337402,0.001086368691176176,643.9039306640625,20.34674835205078,44.88817349171591,3.2496431539633988
1153.805908203125,131.89694213867188,-7.655332088470459,0.12414573132991791,708.5673217773438,112.08154296875,-7.12595272064209,0.17178404331207275,653.8634033203125,132.89051818847656,-7.038717746734619,0.22071750462055206,67.90628051757812,18,1.6185280084609985,1.1291390657424927,-52.72541046142578,165.20060222546772,597.9148214765562,44.88716429832431,3.306819081208876,0.19814646244049072,0.19745925068855286,-78.27748107910156,0,7.932922840118408,0.0005786215770058334,290.3107604980469,9.71116828918457,44.88716429832431,3.306819081208889
1154.84521484375,130.8619842529297,-7.656309604644775,0.12306074798107147,832.9135131835938,112.27428436279297,-7.301499843597412,0.14638960361480713,837.3229370117188,116.2874755859375,-7.30723237991333,0.15082377195358276,86.37378692626953,18,1.3001515865325928,1.1329889297485352,26.73758316040039,1083.2900688019035,596.7396785025734,44.88699430726424,3.2399627557562947,0.18952932953834534,0.1888662725687027,-72.95787048339844,0,5.161887168884277,0.00037647911813110113,391.6646728515625,7.800909519195557,44.88699430726423,3.239962755756307
172901.984375,354.3822937011719,-13.094499588012695,0.0022258805111050606,142961.71875,225.33071899414062,-12.888049125671387,0.0017117109382525086,167806.484375,300.2153625488281,-13.06202220916748,0.0019429158419370651,9264.689453125,269,2.2135608196258545,2.1451008319854736,51.72032928466797,577.0381449749698,639.8015969151377,44.890190845974004,3.2768300350426323,0.003556873882189393,0.0034780825953930616,-88.28690338134766,0,3.6932849884033203,0.00026937457732856274,172590.203125,13.281364440917969,44.890190845974004,3.276830035042632
5357.42138671875,177.97447204589844,-9.322389602661133,0.0360771082341671,4126.70849609375,116.1467056274414,-9.039009094238281,0.030565600842237473,4750.193359375,186.45831298828125,-9.191778182983398,0.04262852296233177,250.46298217773438,61,2.0652542114257812,1.677568793296814,51.04631805419922,1858.852112787057,618.1156798227597,44.888493975119694,3.1834775692372674,0.0586029477417469,0.05838872119784355,74.28445434570312,0,4.353697776794434,0.0003175326273776591,4411.90087890625,12.391525268554688,44.888493975119694,3.1834775692372674
2125.5361328125,173.61251831054688,-8.318671226501465,0.08870382606983185,1544.60595703125,112.99153900146484,-7.972044467926025,0.07944343984127045,2034.6539306640625,241.69601440429688,-8.271225929260254,0.12900565564632416,98.69573974609375,33,1.892584204673767,1.5787839889526367,-19.46745491027832,1723.3396366524203,608.5353613751714,44.88780374224442,3.193347838268854,0.22841405868530273,0.22797471284866333,-30.41185760498047,0,7.013551235198975,0.0005115250241942704,1772.641357421875,11.355504989624023,44.88780374224442,3.1933478382688416
1681.266357421875,170.5104522705078,-8.064091682434082,0.11013980954885483,1115.5594482421875,112.52429962158203,-7.61873197555542,0.10954270511865616,1551.48583984375,217.26852416992188,-7.976869583129883,0.15208235383033752,60.74543380737305,22,2.071152448654175,1.228376865386963,-88.9705581665039,805.2054376581455,614.2720877212939,44.88830187019538,3.2602142001201884,0.30106237530708313,0.3002065122127533,82.64385986328125,3,9.549886703491211,0.0006965240463614464,1416.45458984375,12.42691421508789,44.88830187019538,3.2602142001201884
2668.748779296875,187.50900268554688,-8.56576919555664,0.07630346715450287,1778.166748046875,113.13822937011719,-8.124931335449219,0.06909819692373276,2279.60986328125,183.33226013183594,-8.394651412963867,0.08733899146318436,98.78237915039062,41,2.1720402240753174,1.587615728378296,85.30836486816406,1545.7911122030068,618.7294670649801,44.88856368066907,3.2062793816302992,0.17970985174179077,0.17900590598583221,-86.63592529296875,0,7.938622951507568,0.0005789935239590704,1671.76513671875,13.032241821289062,44.88856368066907,3.2062793816302992
1058.215087890625,139.97752380371094,-7.561434745788574,0.14365282654762268,692.6953735351562,112.19429779052734,-7.10135555267334,0.17589695751667023,673.6283569335938,146.98748779296875,-7.071051120758057,0.23696807026863098,62.88515090942383,16,2.0198206901550293,1.119244933128357,22.614824295043945,559.5137334572083,613.9784737392076,44.88830294310019,3.2781058534511103,0.32386037707328796,0.3226543366909027,23.22648048400879,0,8.972481727600098,0.0006544216303154826,-470.5893859863281,12.118924140930176,44.88830294310019,3.2781058534511103
1293.927001953125,133.10537719726562,-7.7797746658325195,0.11171606928110123,1012.107177734375,112.3569564819336,-7.513066291809082,0.12056002020835876,1113.079345703125,218.12930297851562,-7.6163153648376465,0.2128225862979889,67.78107452392578,20,1.675979495048523,1.1935948133468628,-32.05543899536133,801.8896569088901,619.7579015159688,44.88870354928999,3.2604557202536455,0.20068161189556122,0.1999814361333847,-26.114715576171875,3,6.284532070159912,0.0004583643458317965,1245.9295654296875,10.055876731872559,44.88870354928999,3.260455720253632
2505.251708984375,132.28114318847656,-8.4971284866333,0.057342469692230225,2268.157470703125,114.36608123779297,-8.389183044433594,0.054758794605731964,2472.499267578125,148.62168884277344,-8.482840538024902,0.06527935713529587,148.9337615966797,31,1.506845474243164,1.321653127670288,-45.47635269165039,1412.5764002948786,624.0599456977466,44.888964662240966,3.215981619848972,0.09582985937595367,0.09544162452220917,-24.513633728027344,0,4.676955223083496,0.0003411081270314753,2408.926513671875,9.041072845458984,44.88896466224096,3.215981619848985
653.4039916992188,108.37361907958984,-7.037954330444336,0.18012401461601257,573.214599609375,112.05121612548828,-6.8957929611206055,0.21228981018066406,700.3695678710938,191.4006805419922,-7.113317966461182,0.2967877984046936,55.152217864990234,10,1.3000439405441284,1.0623430013656616,65.8679428100586,613.6501176373209,622.2562154168613,44.8889036267938,3.2741637034033317,0.3744732141494751,0.3740645945072174,-12.313135147094727,2,7.019995212554932,0.0005120116984471679,691.27099609375,7.800263404846191,44.8889036267938,3.2741637034033317
1746.4996337890625,185.93173217773438,-8.10542106628418,0.11561517417430878,819.14697265625,112.25782012939453,-7.283404350280762,0.14882798492908478,748.6395263671875,137.53775024414062,-7.1856818199157715,0.19951657950878143,55.08335876464844,15,1.6482367515563965,1.1923972368240356,-46.22477340698242,1794.4634928195542,632.8241497976692,44.88957478013009,3.188167426886496,0.31610995531082153,0.31574687361717224,-52.32456588745117,2,7.461367130279541,0.0005441869725473225,313.747314453125,9.889420509338379,44.88957478013009,3.1881674268865083
2085.421630859375,165.19061279296875,-8.297985076904297,0.08602433651685715,1435.5484619140625,113.03628540039062,-7.892544746398926,0.08551254868507385,1608.8741455078125,163.6509552001953,-8.016304969787598,0.110465407371521,82.4094467163086,32,1.9838532209396362,1.4000418186187744,8.109119415283203,1334.7428265966423,640.337621742674,44.890162022217005,3.221650307687832,0.16750478744506836,0.1671074628829956,17.951780319213867,0,7.532843112945557,0.0005493994103744626,1150.4796142578125,11.903119087219238,44.890162022217005,3.2216503076878316
578.6983642578125,98.30489349365234,-6.906130790710449,0.1844814568758011,569.3033447265625,111.95858001708984,-6.888359546661377,0.21357159316539764,439.88323974609375,113.68170928955078,-6.608343601226807,0.28066161274909973,51.59792709350586,9,1.798685908317566,0.7429631352424622,-42.49393081665039,413.4107998281987,636.0857013151046,44.88993426594239,3.288745348159046,0.5127692818641663,0.5111497044563293,-41.323326110839844,0,6.904199600219727,0.0005035735084675252,-225.15089416503906,10.792115211486816,44.88993426594239,3.288745348159046
2836.202880859375,186.9273681640625,-8.631843566894531,0.07157567143440247,1952.211181640625,113.60501861572266,-8.226317405700684,0.06319759041070938,2111.636474609375,183.20919799804688,-8.311548233032227,0.09422322362661362,90.27346801757812,43,1.9295920133590698,1.8022196292877197,74.2695083618164,94.8390112209491,648.5201476626406,44.89087444179997,3.3119434211276633,0.15323856472969055,0.1530226618051529,76.16473388671875,0,8.001582145690918,0.00058363116113469,1904.8511962890625,11.57755184173584,44.89087444179997,3.3119434211276633
2112.66064453125,151.40846252441406,-8.312074661254883,0.07783057540655136,1680.9229736328125,112.97917938232422,-8.06386947631836,0.07299286872148514,1660.30419921875,144.517333984375,-8.050469398498535,0.09452835470438004,97.61898040771484,31,1.5695152282714844,1.378805160522461,-18.306947708129883,838.4326218495171,644.4430683056416,44.890506329574386,3.2577947999592514,0.12763339281082153,0.1270562708377838,-26.39824676513672,0,5.14867639541626,0.0003755191864911467,1300.43994140625,9.417091369628906,44.890506329574386,3.2577947999592514
816.8704833984375,125.68693542480469,-7.280383110046387,0.16709627211093903,457.7384948730469,111.69248962402344,-6.651543617248535,0.26499417424201965,401.7156982421875,104.6098403930664,-6.509797096252441,0.2828027009963989,47.45542907714844,8,1.2174289226531982,0.9546332359313965,69.95787048339844,1695.4173361832152,639.354576722453,44.89006026487722,3.1953815464228668,0.4064747989177704,0.40599703788757324,81.66541290283203,2,5.916266918182373,0.00043149609700776637,34.26863479614258,7.3045735359191895,44.89006026487722,3.1953815464228668
1859.03515625,167.2963409423828,-8.173218727111816,0.09773017466068268,1270.7191162109375,112.75299072265625,-7.7601237297058105,0.09636256098747253,1559.9969482421875,159.80369567871094,-7.982809543609619,0.11124817281961441,75.68629455566406,24,1.9632643461227417,1.341469645500183,-80.65805053710938,1639.2894947146601,649.6996685049616,44.890821489594735,3.199469608611542,0.24454808235168457,0.24423903226852417,-50.09330749511719,2,7.704647541046143,0.0005619293660856783,1212.3935546875,11.779585838317871,44.89082148959473,3.199469608611554
2585.10205078125,167.99862670898438,-8.531194686889648,0.07057613134384155,1854.32080078125,113.40243530273438,-8.170462608337402,0.06641517579555511,2020.852783203125,172.76390075683594,-8.263836860656738,0.09284278005361557,125.00054931640625,38,2.0119800567626953,1.5436605215072632,72.61150360107422,1830.689648035868,657.9334010712403,44.89140854887358,3.1855287620142794,0.12167806923389435,0.1214132159948349,-81.70443725585938,0,7.327775955200195,0.0005344445235095918,868.982666015625,12.071880340576172,44.89140854887358,3.1855287620142922
1219.5264892578125,141.4748077392578,-7.71547794342041,0.12598466873168945,843.1500244140625,112.15486145019531,-7.314762115478516,0.14445850253105164,1105.1563720703125,180.434326171875,-7.6085591316223145,0.17730674147605896,60.56419372558594,15,1.590220332145691,1.2384296655654907,-89.21922302246094,541.831751759283,645.5749700673115,44.890616583617735,3.2793938621300365,0.37831926345825195,0.37723907828330994,39.06187057495117,0,8.395450592041016,0.0006123345228843391,766.0919189453125,9.541321754455566,44.890616583617735,3.279393862130036
1287.233642578125,135.5827178955078,-7.774143218994141,0.11438702791929245,1045.1541748046875,112.57158660888672,-7.547950744628906,0.11697101593017578,1004.2313232421875,136.89051818847656,-7.504584312438965,0.14803671836853027,65.66553497314453,20,1.7629212141036987,1.106759786605835,50.62303161621094,458.89923599057875,648.9922023900862,44.890874419662374,3.285433071910778,0.20798957347869873,0.2076507955789566,12.089442253112793,0,8.356193542480469,0.0006094751297496259,800.4207153320312,10.577527046203613,44.890874419662374,3.2854330719107905
1345.5972900390625,146.4701690673828,-7.822287559509277,0.11821264028549194,988.25732421875,112.50370025634766,-7.487174987792969,0.12363077700138092,1036.358154296875,132.34934997558594,-7.538774490356445,0.13868892192840576,66.41986846923828,21,1.7218576669692993,1.039057970046997,-83.4624252319336,701.1424966474689,649.9657625805319,44.89092302863086,3.2677927012504195,0.2382083684206009,0.2369205206632614,87.34127807617188,0,7.653665065765381,0.0005582250305451453,984.35302734375,10.331146240234375,44.89092302863086,3.2677927012504195
2266.694091796875,175.5509033203125,-8.388482093811035,0.08410851657390594,1574.86181640625,113.41898345947266,-7.993105888366699,0.0782119557261467,1789.5654296875,213.99066162109375,-8.131869316101074,0.1298605054616928,93.45360565185547,35,2.138410806655884,1.500354290008545,-75.5208740234375,754.0935304080439,665.6015169866246,44.892062159674296,3.26393685852515,0.1591014564037323,0.15846498310565948,-75.39823150634766,1,7.578272342681885,0.0005527240573428571,2118.627197265625,12.830465316772461,44.89206215967429,3.2639368585251742
883.3346557617188,130.24041748046875,-7.3653130531311035,0.16012175381183624,258.13763427734375,111.62889862060547,-6.029628276824951,0.4696292281150818,711.15869140625,271.2485656738281,-7.129916191101074,0.4142197072505951,29.61639404296875,9,2.0317559242248535,0.8019757270812988,83.07379913330078,2006.4196688168101,658.0126253800723,44.891400973174015,3.17272868249069,0.3910469114780426,0.1531229168176651,82.16622161865234,0,7.630899429321289,0.0005565559840761125,401.22015380859375,12.190535545349121,44.891400973174015,3.17272868249069
928.638916015625,131.50491333007812,-7.419617176055908,0.15378887951374054,722.2015380859375,112.0978775024414,-7.146646022796631,0.1685655415058136,718.9007568359375,124.34242248535156,-7.141672134399414,0.18783660233020782,67.69783782958984,14,1.54486882686615,1.0744346380233765,-89.49329376220703,1025.6567927269807,655.2537712799805,44.891280331495075,3.2441603902246907,0.325592577457428,0.3237808346748352,-85.24476623535156,0,7.702455520629883,0.0005617743590846658,699.205810546875,9.26921272277832,44.891280331495075,3.2441603902246903
11666615.0,1930.8250732421875,-17.667362213134766,0.00017973303329199553,2680502.0,855.7017211914062,-16.070539474487305,0.0003466858179308474,11517143.0,1829.8966064453125,-17.653362274169922,0.00017254866543225944,54309.57421875,2115,9.66336727142334,2.7824418544769287,-89.98654174804688,1557.6391212386043,797.7287072995053,44.90165622121671,3.20541687171145,0.0014237896539270878,0.0009389552287757397,89.87328338623047,4,31.122697830200195,0.0022699024993926287,11665253.0,57.980201721191406,44.90165622121671,3.20541687171145
9653.875,249.67208862304688,-9.961753845214844,0.028086533769965172,5743.119140625,117.87532043457031,-9.397869110107422,0.022289732471108437,8638.5625,254.694580078125,-9.841103553771973,0.03201901912689209,248.0732879638672,115,2.924560070037842,2.259767770767212,22.00127601623535,762.006682613711,675.3186218160623,44.89277239542529,3.2633607101108475,0.06380072236061096,0.06328456103801727,35.38602828979492,1,6.3712053298950195,0.00046468575601466,9267.9296875,17.547359466552734,44.89277239542529,3.2633607101108595
2595.72607421875,186.6328887939453,-8.53564739227295,0.07808347791433334,1603.2200927734375,112.79949951171875,-8.012482643127441,0.07640888541936874,2450.245849609375,201.9851837158203,-8.473024368286133,0.0895240381360054,99.86090087890625,27,2.1332123279571533,1.0603809356689453,79.40326690673828,395.4212259670022,666.9587604800664,44.89219512633273,3.290055773938579,0.2404240518808365,0.23959116637706757,-85.69600677490234,2,7.115818023681641,0.000519008026458323,1754.988525390625,12.799274444580078,44.89219512633273,3.290055773938579
977.114990234375,131.89662170410156,-7.4748640060424805,0.1465945541858673,696.4043579101562,112.15483093261719,-7.10715389251709,0.17489860951900482,721.6776733398438,105.01972961425781,-7.145858287811279,0.1580365151166916,92.81232452392578,15,1.5270400047302246,0.7273013591766357,88.6172866821289,202.92050419224643,658.9478453706728,44.89162724026994,3.3040733299934626,0.24358920753002167,0.24217022955417633,64.801513671875,0,4.063370227813721,0.0002963764127343893,322.9272766113281,9.162240028381348,44.89162724026994,3.3040733299934626
6158.2841796875,195.74464416503906,-9.473649024963379,0.03451914340257645,4414.095703125,116.4361801147461,-9.112104415893555,0.028646796941757202,5544.01123046875,208.80349731445312,-9.359560012817383,0.040901899337768555,210.69570922851562,72,2.366798162460327,1.8878974914550781,-25.52959632873535,1791.4651756208389,679.6776738242701,44.893002079358176,3.1883857430108224,0.06991003453731537,0.06970003247261047,-7.745789527893066,0,8.427557945251465,0.0006146560772322118,5219.5126953125,14.200788497924805,44.89300207935817,3.1883857430108358
52893.4921875,484.7748718261719,-11.80850601196289,0.009953313507139683,16285.7119140625,129.36627197265625,-10.52951717376709,0.008626689203083515,50369.890625,500.6724548339844,-11.755427360534668,0.010794748552143574,577.1954345703125,511,5.836777687072754,4.293370723724365,-63.229217529296875,271.743308191166,739.9294318568201,44.89754676696263,3.299063039682218,0.04297064244747162,0.042611412703990936,-64.2809829711914,0,7.997223854064941,0.000583298213314265,47095.875,35.020668029785156,44.89754676696263,3.2990630396822174
6930.57373046875,298.4917297363281,-9.601922988891602,0.046772751957178116,2707.04638671875,114.7085952758789,-8.581239700317383,0.046018246561288834,5658.84765625,359.2786865234375,-9.381819725036621,0.06894984096288681,98.70565795898438,106,4.67528772354126,2.8972744941711426,89.25989532470703,152.0062537374534,733.099883407295,44.89705866193272,3.3077820270781007,0.16997197270393372,0.16943827271461487,83.46837615966797,3,22.084548950195312,0.0016108124982565641,2420.263427734375,28.051727294921875,44.89705866193272,3.3077820270781
126746.6484375,314.2083435058594,-12.757341384887695,0.002692223060876131,105581.75,201.80624389648438,-12.558972358703613,0.0020757524762302637,123286.4765625,274.2597351074219,-12.727288246154785,0.002415885915979743,6665.005859375,229,2.1453237533569336,2.1029462814331055,-71.24868774414062,1474.9498380008783,706.5142463031185,44.89499103410527,3.2114391510402296,0.004267217591404915,0.0041603827849030495,-89.12051391601562,0,3.6773288249969482,0.00026820169296115637,127204.3984375,12.871942520141602,44.89499103410527,3.21143915104023
2929.369384765625,160.43382263183594,-8.666934967041016,0.05947735160589218,2339.225341796875,114.19099426269531,-8.422679901123047,0.0530138835310936,2687.82080078125,165.28048706054688,-8.573500633239746,0.06678072363138199,152.22216796875,40,1.9310375452041626,1.4586125612258911,83.0211181640625,310.00842381440543,683.9558792704732,44.89344706438178,3.296275724796738,0.1135144978761673,0.11293090879917145,64.43535614013672,3,6.263990879058838,0.00045688089448958635,2543.073974609375,11.586225509643555,44.89344706438178,3.296275724796738
971.847412109375,130.2120819091797,-7.468995094299316,0.14550670981407166,717.315185546875,112.44297790527344,-7.139275074005127,0.17023628950119019,710.3154907226562,131.08216857910156,-7.128628253936768,0.20041127502918243,56.1583366394043,15,1.7208327054977417,1.0550099611282349,-66.52294158935547,1915.945021940736,676.3765899860845,44.89275095340132,3.1793188170671436,0.32612210512161255,0.3250516355037689,-63.55976104736328,0,7.262393951416016,0.0005296776653267443,71.312255859375,10.324995994567871,44.89275095340132,3.179318817067143
6754.99365234375,261.4416198730469,-9.57406234741211,0.04203195497393608,3103.90283203125,114.91533660888672,-8.72977066040039,0.04020681977272034,5880.251953125,268.8030700683594,-9.423489570617676,0.04964415356516838,136.85736083984375,97,3.83626389503479,1.9313082695007324,89.21995544433594,733.3094769521091,705.1314818076967,44.89495637508687,3.2654508709198793,0.14468476176261902,0.1432487964630127,85.75304412841797,0,12.650605201721191,0.0009226758847944438,3201.171875,23.0175838470459,44.89495637508687,3.2654508709198797
10308.615234375,182.05860900878906,-10.033000946044922,0.019179651513695717,8588.9814453125,121.27692413330078,-9.834854125976562,0.015334384515881538,9810.4599609375,188.1139373779297,-9.979223251342773,0.020823869854211807,520.7421264648438,80,1.8953341245651245,1.818316102027893,-81.03111267089844,1970.7299999156182,687.7490508614189,44.89357857956299,3.175328221498356,0.029504122212529182,0.029314301908016205,-81.35406494140625,0,3.8171727657318115,0.0002784035459626466,10134.4912109375,11.372004508972168,44.89357857956299,3.1753282214983685
1929.5098876953125,166.5731658935547,-8.213617324829102,0.09375357627868652,1403.7298583984375,112.99848175048828,-7.868208885192871,0.08742163330316544,1440.7242431640625,157.3734893798828,-7.896451950073242,0.1186261773109436,85.0947494506836,30,1.6210336685180664,1.6081665754318237,68.9434585571289,92.3102457182458,679.9867155640056,44.8931775227697,3.3121280747485864,0.16404347121715546,0.16374215483665466,-83.7138442993164,0,6.518877029418945,0.00047548211296088994,1331.8155517578125,9.726202011108398,44.89317752276969,3.312128074748599
1817.700927734375,134.81637573242188,-8.148805618286133,0.08054712414741516,1589.9771728515625,112.9582748413086,-8.003477096557617,0.07715374231338501,1902.6806640625,210.58212280273438,-8.19841480255127,0.12019472569227219,101.78005981445312,22,1.7920620441436768,1.2672111988067627,-81.07389831542969,306.5691937962732,680.0825857401954,44.893163955045154,3.2965261071844183,0.15620531141757965,0.1555429846048355,56.950504302978516,3,7.267078876495361,0.0005300441407598555,1933.022216796875,10.752372741699219,44.893163955045154,3.2965261071844183
836.7984008789062,118.70323944091797,-7.306551933288574,0.1540534943342209,652.3716430664062,111.97022247314453,-7.036237716674805,0.18639631569385529,706.7677612304688,130.1357879638672,-7.123191833496094,0.19996309280395508,70.90296173095703,13,1.3102978467941284,0.9386638402938843,-89.49909973144531,38.37588225075094,677.5719541346524,44.893005999411045,3.316055399046689,0.2626092731952667,0.2619939148426056,-78.53797912597656,0,5.417909622192383,0.00039518074481748044,663.3316650390625,7.861786842346191,44.893005999411045,3.316055399046689
32352.29296875,342.04888916015625,-11.274763107299805,0.011481878347694874,14287.65234375,127.27552032470703,-10.387402534484863,0.009674172848463058,30904.576171875,357.3994140625,-11.225056648254395,0.012559168040752411,474.4936828613281,273,4.629495143890381,2.7328925132751465,8.581611633300781,1360.2073459007115,709.706005432016,44.895234351887815,3.2197960531315863,0.0374724455177784,0.03655123710632324,8.895302772521973,0,8.988518714904785,0.0006555673899129033,28289.8046875,27.77696990966797,44.895234351887815,3.2197960531315855
2443.605712890625,150.2393798828125,-8.470077514648438,0.06677016615867615,2023.6375732421875,113.73272705078125,-8.265332221984863,0.06103550270199776,2105.423095703125,150.76007080078125,-8.308348655700684,0.07776367664337158,148.5484161376953,34,1.7848681211471558,1.3178726434707642,15.393315315246582,936.0840627340375,682.2837384526587,44.89326598412272,3.2506837925733474,0.10468792915344238,0.10448431968688965,-87.24744415283203,0,5.679373264312744,0.00041422314825467765,1423.466064453125,10.709208488464355,44.89326598412273,3.2506837925733354
10103.982421875,230.6909942626953,-10.011231422424316,0.02479521557688713,6662.12841796875,118.91757202148438,-9.559032440185547,0.019384868443012238,9440.6279296875,237.1063995361328,-9.937501907348633,0.02727546915411949,316.4845886230469,108,2.6150829792022705,2.1814327239990234,-57.09956741333008,1745.6579272998088,706.1498240644271,44.89494201362641,3.191722193921116,0.052911777049303055,0.05267106741666794,-65.25619506835938,0,5.130451202392578,0.00037418463034555316,8746.357421875,15.690498352050781,44.89494201362641,3.191722193921116
597.720458984375,105.62593841552734,-6.941245079040527,0.19191206991672516,384.1759338378906,111.69224548339844,-6.461325645446777,0.31573495268821716,255.3048095703125,124.8310775756836,-6.0176472663879395,0.5309988260269165,57.40534591674805,9,2.048887252807617,0.8292165994644165,16.603620529174805,842.6674329110708,682.5323619111773,44.89329273849909,3.257486801494275,0.6949067115783691,0.6938109993934631,6.325211524963379,1,7.793425559997559,0.0005684131756424904,-725.2996826171875,12.293323516845703,44.89329273849909,3.257486801494275
1604.611328125,162.2640838623047,-8.01342487335205,0.10982023924589157,999.9611206054688,112.21084594726562,-7.49995756149292,0.12186571955680847,1267.5909423828125,181.23582458496094,-7.757447719573975,0.15527257323265076,69.11756134033203,22,2.503209114074707,1.3907722234725952,65.1096420288086,1828.5771291441404,698.8969029144043,44.89440491868629,3.185682555140997,0.3562283217906952,0.3554132282733917,60.67548751831055,2,11.1795015335083,0.000815367850009352,574.2901000976562,15.019254684448242,44.89440491868629,3.1856825551409966
2369.92236328125,192.24327087402344,-8.436835289001465,0.08809410780668259,1454.988037109375,112.88499450683594,-7.907148361206055,0.08425711840391159,2103.279541015625,196.18490600585938,-8.307242393493652,0.10129743069410324,82.84395599365234,37,2.1873748302459717,1.8202874660491943,12.108671188354492,113.60437963096655,702.2050845460416,44.89480146852898,3.310577855230829,0.25793859362602234,0.2574143409729004,-10.42440128326416,0,9.573362350463867,0.0006982709164731205,1796.3358154296875,13.124248504638672,44.89480146852899,3.3105778552308167
4684.67041015625,226.93971252441406,-9.176697731018066,0.0526091493666172,2668.785888671875,114.23345947265625,-8.565784454345703,0.04648463428020477,4973.109375,247.83543395996094,-9.241570472717285,0.054120924323797226,109.0780029296875,69,3.6974120140075684,1.693886160850525,-44.94148254394531,146.3077831037645,720.9314093791072,44.89616871731992,3.308196773131068,0.1604379415512085,0.1594952791929245,-38.2739143371582,3,12.768315315246582,0.0009313026675954461,3380.664306640625,22.184471130371094,44.89616871731992,3.308196773131068
1823.947998046875,127.2193603515625,-8.152530670166016,0.07574789971113205,1665.022705078125,113.39544677734375,-8.053550720214844,0.07396142929792404,1633.3802490234375,141.91285705566406,-8.032718658447266,0.09435486048460007,104.60767364501953,25,1.5982569456100464,1.171568512916565,77.17110443115234,1548.6585791289783,701.3793426035812,44.89460921310717,3.2060707005438163,0.12860795855522156,0.1280590146780014,-88.39138793945312,0,5.674815654754639,0.0004138861258979887,1600.9039306640625,9.5895414352417,44.89460921310717,3.2060707005438163
1243.353271484375,149.82180786132812,-7.736486434936523,0.13086102902889252,936.7031860351562,112.573486328125,-7.429005146026611,0.13051605224609375,1010.0953979492188,146.45620727539062,-7.510906219482422,0.15746180713176727,57.3589973449707,19,1.6782863140106201,1.335184097290039,84.76564025878906,755.5365451426688,707.1359754723052,44.89510095711122,3.2638322523893533,0.28351202607154846,0.28279179334640503,31.625497817993164,0,7.003110885620117,0.0005107734468765557,475.268310546875,10.069717407226562,44.89510095711122,3.2638322523893537
6894057.0,1522.918212890625,-17.096187591552734,0.0002399007062194869,2574254.25,838.869873046875,-16.026628494262695,0.00035389381810091436,6789278.5,1406.2022705078125,-17.079559326171875,0.00022493342112284154,54716.95703125,1744,5.949109077453613,2.748724937438965,89.56253051757812,1806.1085668977314,847.1306230065959,44.90524892169152,3.187319003223505,0.001292515778914094,0.0009681045776233077,89.22876739501953,4,24.267181396484375,0.0017699167365208268,6897930.0,35.69465637207031,44.90524892169152,3.187319003223493
4083.79736328125,170.5614013671875,-9.027660369873047,0.04535721614956856,3245.7109375,114.82384490966797,-8.778274536132812,0.038419533520936966,3675.96044921875,183.01144409179688,-8.913427352905273,0.054067619144916534,225.74742126464844,51,2.1484665870666504,1.6114270687103271,-58.33184051513672,1456.4078061944654,723.0561956378506,44.896202660202036,3.2127896737510726,0.07213715463876724,0.07174292951822281,82.77577209472656,0,4.811654567718506,0.0003509324451442808,3469.0556640625,12.890799522399902,44.896202660202036,3.2127896737510726
1621.8076171875,168.6541748046875,-8.024998664855957,0.11293474584817886,1103.4210205078125,112.59733581542969,-7.606853008270264,0.11081962287425995,1161.3990478515625,163.28338623046875,-7.662453651428223,0.15268288552761078,63.23528289794922,25,2.119755744934082,1.332440972328186,10.769911766052246,1637.798201791994,705.7782546318521,44.894923596799316,3.199578276436606,0.2801331877708435,0.27990418672561646,40.533809661865234,0,9.862436294555664,0.0007193061173893511,-89.01376342773438,12.718534469604492,44.894923596799316,3.1995782764366063
162647.03125,339.68878173828125,-13.028115272521973,0.0022681141272187233,135743.953125,221.01010131835938,-12.831801414489746,0.0017681594472378492,158225.359375,292.9717712402344,-12.998189926147461,0.002010849304497242,8577.501953125,256,2.185582399368286,2.124830722808838,-43.918792724609375,1120.2815058807528,753.3694458428977,44.89844982755048,3.237269997207953,0.003643270581960678,0.00355279678478837,-81.35004425048828,2,3.6912624835968018,0.0002692189300432801,162561.390625,13.113494873046875,44.89844982755048,3.237269997207953
1033.701416015625,133.40228271484375,-7.535987854003906,0.14015157520771027,643.4589233398438,111.95953369140625,-7.021302223205566,0.18896009027957916,881.4771118164062,164.556396484375,-7.363027572631836,0.2027372568845749,56.723487854003906,9,1.2469204664230347,0.879044234752655,-30.299514770507812,1146.1013802894615,704.9151497624305,44.89490272297594,3.23538920421555,0.41057315468788147,0.4098678231239319,77.4818115234375,2,6.245681285858154,0.0004555232007987797,717.1336669921875,7.481522560119629,44.89490272297594,3.235389204215562
937.832763671875,137.4564666748047,-7.430313587188721,0.15917307138442993,210.76315307617188,111.61603546142578,-5.8094868659973145,0.5751243233680725,349.80084228515625,108.01875305175781,-6.359551906585693,0.33535757660865784,39.45469665527344,7,1.354012131690979,0.49288055300712585,-0.8537639379501343,2016.5880679012876,705.253639386769,44.894855410001334,3.1719877751220227,0.2582165002822876,0.09225510060787201,-0.715399444103241,2,4.853518962860107,0.00035398994805291295,184.54222106933594,8.124073028564453,44.894855410001334,3.1719877751220227
15165.53125,260.2715759277344,-10.452143669128418,0.01863798499107361,9477.9111328125,122.29743957519531,-9.941781997680664,0.014013110660016537,14259.83984375,256.6834411621094,-10.385286331176758,0.019548481330275536,425.4557800292969,136,2.9213151931762695,2.259554147720337,-62.8094596862793,372.60329021449286,811.7619875351314,44.90279326344208,3.291719615833063,0.03974505886435509,0.039346981793642044,-80.78916931152344,0,5.197023391723633,0.0003790531191043556,14278.3046875,17.527891159057617,44.90279326344208,3.2917196158330757
1074.719970703125,136.13589477539062,-7.578238487243652,0.1375647485256195,67.86170959472656,111.26707458496094,-4.579061985015869,1.780621886253357,11.4990234375,169.75051879882812,-2.6516523361206055,16.031715393066406,33.71646499633789,9,1.8287321329116821,0.49277156591415405,-67.56232452392578,472.1051765713745,716.082782607805,44.89578242928852,3.284472353185842,0.2826227843761444,0.2627301812171936,34.26068878173828,1,5.655281066894531,0.00041247651097364724,484.3411865234375,10.972393035888672,44.89578242928852,3.2844723531858424
7037288.5,1544.424560546875,-17.118513107299805,0.00023833684099372476,2554854.0,835.7293090820312,-16.018415451049805,0.00035524615668691695,6926748.5,1424.0316162109375,-17.1013240814209,0.00022326468024402857,54268.42578125,1837,6.159661769866943,2.8566460609436035,-88.6769027709961,1404.6231244191606,854.0350971041709,44.905788292300485,3.216561932385383,0.001298974733799696,0.0009638464543968439,89.08182525634766,4,25.173721313476562,0.0018360185204073787,7037706.5,36.957969665527344,44.905788292300485,3.216561932385383
25381.93359375,420.9423828125,-11.011311531066895,0.018010582774877548,6635.47998046875,119.05307006835938,-9.554680824279785,0.01948489621281624,22526.14453125,455.23828125,-10.88171672821045,0.021947331726551056,214.62091064453125,314,5.404257774353027,3.9116692543029785,-83.4034194946289,87.17504219870715,778.5157100604615,44.900388614984074,3.312503724183819,0.08566197752952576,0.08496207743883133,-69.00542449951172,0,15.294856071472168,0.0011155855609104037,19062.482421875,32.42554473876953,44.90038861498407,3.3125037241838315
132185.890625,316.2469482421875,-12.802962303161621,0.002598190912976861,110479.8671875,205.08740234375,-12.608207702636719,0.0020159773994237185,128701.5,276.4531555175781,-12.773959159851074,0.002332747681066394,6991.8798828125,229,2.115114450454712,2.1071767807006836,89.05203247070312,1142.700251958494,749.3939756061136,44.898156964130024,3.235637249415982,0.004126951564103365,0.004028806462883949,-84.05838012695312,2,3.6712145805358887,0.000267756637185812,132327.5625,12.69068717956543,44.898156964130024,3.2356372494159826
3431.339111328125,174.33926391601562,-8.838659286499023,0.05517742037773132,2642.29248046875,114.20231628417969,-8.554952621459961,0.04693792015314102,4194.54345703125,251.85240173339844,-9.05671215057373,0.06520655006170273,111.50292205810547,47,2.117527723312378,1.656633973121643,68.81798553466797,147.64253099213704,725.8312037352216,44.89652715939994,3.3080996621870966,0.15196837484836578,0.15110911428928375,63.445560455322266,3,7.523959636688232,0.0005487865419127047,4656.12744140625,12.70516586303711,44.89652715939994,3.3080996621870966
2581.44091796875,176.94483947753906,-8.529655456542969,0.07443986088037491,1802.4111328125,113.55801391601562,-8.13963508605957,0.06842168420553207,2184.139404296875,172.89076232910156,-8.348200798034668,0.08596491813659668,86.75897979736328,39,2.0027244091033936,1.575338363647461,47.645469665527344,862.3837974612607,728.5232272980081,44.89665578442059,3.256051469556638,0.1680387556552887,0.16788463294506073,63.693992614746094,0,7.434107780456543,0.000542205001693219,1439.1351318359375,12.016345977783203,44.89665578442059,3.256051469556638
4483.50244140625,197.5552520751953,-9.129043579101562,0.04785209894180298,3156.588134765625,115.23361206054688,-8.748044967651367,0.0396452434360981,3524.68310546875,197.1553497314453,-8.867799758911133,0.06074608862400055,161.235107421875,61,2.278398275375366,1.7232805490493774,8.485310554504395,10.124388289396052,733.5765673440816,44.89710742289485,3.318113576408805,0.09720052778720856,0.09655778110027313,16.222747802734375,17,7.236146450042725,0.0005278009921312332,-1305.2899169921875,13.670389175415039,44.89710742289485,3.3181135764088174
1110.1015625,141.12855529785156,-7.613406658172607,0.13806448876857758,877.86083984375,112.3280258178711,-7.358564376831055,0.1389607936143875,913.3912353515625,128.44569396972656,-7.401642322540283,0.15271881222724915,75.49666595458984,14,1.6402291059494019,1.053278923034668,-87.51486206054688,668.4746472031209,727.9998447631616,44.896635697298194,3.2701726008383045,0.3154945373535156,0.3146466314792633,-64.17235565185547,2,5.9923810958862305,0.0004370573442429304,159.65492248535156,9.841374397277832,44.896635697298194,3.270172600838304
2377.21240234375,185.97259521484375,-8.440170288085938,0.08495927602052689,1426.374267578125,113.15604400634766,-7.885583877563477,0.08615373075008392,1539.1910400390625,188.1008758544922,-7.968231201171875,0.13271747529506683,76.8169937133789,37,2.186443328857422,1.6856151819229126,-83.74687957763672,1817.5987728846944,735.3141038643424,44.89706945115295,3.1864821481372796,0.2052963525056839,0.20520223677158356,-1.2900022268295288,0,11.46232795715332,0.000835996528621763,788.3966064453125,13.118659973144531,44.89706945115295,3.1864821481372796
12269.212890625,269.8844299316406,-10.222042083740234,0.023888614028692245,6902.0380859375,119.10547637939453,-9.597443580627441,0.018740631639957428,11727.1376953125,277.97998046875,-10.172980308532715,0.025742536410689354,322.1910400390625,132,3.0835134983062744,2.511064291000366,-88.12047576904297,1402.3959437538597,763.1651133789397,44.89914131381965,3.2167236590746366,0.060232535004615784,0.06001267582178116,85.35881042480469,2,5.5614213943481445,0.00040561598143540323,11433.3271484375,18.501081466674805,44.899141313819655,3.216723659074624
1131.606201171875,151.8855438232422,-7.634238243103027,0.14576423168182373,590.4685668945312,111.89596557617188,-6.92799186706543,0.20580099523067474,522.158203125,125.11778259277344,-6.7945051193237305,0.2602236568927765,49.91773223876953,15,1.475622534751892,1.1345967054367065,25.89386558532715,1368.1107575513122,730.2980406941581,44.89674002086493,3.219220542903,0.29112133383750916,0.29011261463165283,33.054256439208984,0,7.077871799468994,0.0005162165034562349,26.223575592041016,8.853734970092773,44.89674002086493,3.219220542903
899.1738891601562,132.89483642578125,-7.384609222412109,0.16050709784030914,486.8609619140625,111.68340301513672,-6.718512535095215,0.24912282824516296,477.50634765625,115.87126159667969,-6.697447776794434,0.2635277807712555,44.56133270263672,13,1.334837794303894,1.0810574293136597,79.38497924804688,1523.9441300761582,733.0868380009005,44.896930654507244,3.2078708295801377,0.3199225068092346,0.3196001946926117,33.58882522583008,0,7.177250862121582,0.0005234646960161626,308.60540771484375,8.009026527404785,44.896930654507244,3.2078708295801377
1033.6513671875,133.38246154785156,-7.535935401916504,0.14013753831386566,784.2632446289062,111.90843963623047,-7.236154556274414,0.15496399998664856,873.76416015625,134.03433227539062,-7.353485584259033,0.16659104824066162,71.29078674316406,16,1.853697657585144,0.997221052646637,89.44886779785156,37.698102349296285,736.409238126426,44.89731202795371,3.3161057754165264,0.2817031145095825,0.2807178795337677,-85.83480834960938,0,8.13194751739502,0.0005931383930146694,834.5488891601562,11.122185707092285,44.89731202795371,3.3161057754165384
3490.76806640625,219.26231384277344,-8.85730266571045,0.06821388751268387,1946.632080078125,113.68510437011719,-8.223209381103516,0.06342340260744095,2781.415283203125,222.49937438964844,-8.610664367675781,0.0868745893239975,79.72344207763672,54,2.4913597106933594,2.0780656337738037,47.142051696777344,893.3202804976124,749.4368100541659,44.89818300014377,3.2537987544537526,0.18518143892288208,0.1851138472557068,-86.71007537841797,0,10.20813274383545,0.0007445263327099383,1414.7137451171875,14.948158264160156,44.89818300014377,3.2537987544537526
3830.6787109375,177.72499084472656,-8.958189010620117,0.05038515478372574,2888.635498046875,114.74940490722656,-8.651731491088867,0.04314073547720909,3512.6005859375,178.8065185546875,-8.8640718460083,0.05528208240866661,189.54847717285156,51,2.0307488441467285,1.6334786415100098,-68.54478454589844,1729.2269839329558,744.35171218517,44.89773760390493,3.192918971960972,0.09829849749803543,0.09781885892152786,-55.83293914794922,0,5.375235557556152,0.0003920380841009319,2673.752197265625,12.184493064880371,44.89773760390493,3.192918971960972
71043.796875,267.7349853515625,-12.128815650939941,0.004092689603567123,59321.296875,168.32159423828125,-11.933026313781738,0.003081477480009198,69082.6328125,243.27870178222656,-12.098422050476074,0.003824415151029825,3786.390869140625,181,2.0854387283325195,2.0603713989257812,-29.068817138671875,293.05139885716613,773.6297806094314,44.90001077099853,3.297511953664314,0.0062010278925299644,0.006093109026551247,-85.59478759765625,0,3.6845362186431885,0.0002687399392016232,70566.1484375,12.512632369995117,44.90001077099853,3.297511953664314
927.7554321289062,131.322021484375,-7.418583869934082,0.15372124314308167,398.8740234375,111.57756805419922,-6.502089500427246,0.3037882447242737,488.3245544433594,117.98970031738281,-6.721771240234375,0.26240092515945435,59.24513244628906,10,1.433275580406189,0.7348055243492126,79.39183044433594,585.4261849398996,746.4949430064424,44.89799687013525,3.2762206148171034,0.30956903100013733,0.30813857913017273,-63.8471794128418,2,6.120591163635254,0.0004464102385099977,210.46490478515625,8.599653244018555,44.89799687013525,3.2762206148171034
4156.92626953125,158.88880920410156,-9.046931266784668,0.04150981828570366,3382.498779296875,115.19766235351562,-8.823094367980957,0.03698587045073509,3822.847900390625,166.2000274658203,-8.955967903137207,0.047214336693286896,224.53973388671875,48,1.7029407024383545,1.6919784545898438,17.500886917114258,516.1837046002702,750.9343032730313,44.898328351709615,3.2812630207437463,0.06761892139911652,0.0673341229557991,-83.65554809570312,0,4.018895149230957,0.00029312263359315693,3544.478271484375,10.217643737792969,44.898328351709615,3.2812630207437343
962.057861328125,119.7613525390625,-7.458003044128418,0.1351902335882187,924.1890258789062,112.33956146240234,-7.414402008056641,0.13200844824314117,876.4240112304688,108.67140197753906,-7.356785774230957,0.1346575915813446,60.369903564453125,15,1.2782434225082397,0.9317743182182312,-46.36690139770508,805.6320287535775,741.4404002052481,44.897606157550015,3.2601845225036996,0.2147672474384308,0.21404220163822174,-41.55044937133789,0,5.976020812988281,0.00043586065294221044,674.3013916015625,7.669460296630859,44.897606157550015,3.2601845225036996
1673.69482421875,181.3404998779297,-8.05919075012207,0.11766529083251953,518.5729370117188,111.80965423583984,-6.78702449798584,0.23415276408195496,578.74853515625,187.4140167236328,-6.906224727630615,0.3516753911972046,38.912471771240234,18,2.247457504272461,1.308693528175354,88.53585815429688,2003.0231998596455,754.0339271749426,44.898424195937615,3.172975657699275,0.4244787395000458,0.4233233630657196,-42.68202590942383,0,10.271913528442383,0.0007491803844459355,217.20217895507812,13.484745025634766,44.898424195937615,3.172975657699275
1012.0914916992188,142.85467529296875,-7.513049602508545,0.15328671038150787,480.24371337890625,112.1156005859375,-6.7036542892456055,0.2535328269004822,434.22576904296875,137.23045349121094,-6.5942888259887695,0.3432137966156006,46.14936065673828,14,1.7802027463912964,1.109505295753479,-67.78721618652344,56.134907469862036,752.3582854628772,44.898477420979596,3.3147635336913717,0.3081802725791931,0.30711454153060913,83.73149871826172,0,8.407824516296387,0.0006132585112936795,217.2698516845703,10.6812162399292,44.898477420979596,3.3147635336913712
2691.15771484375,207.09689331054688,-8.574848175048828,0.08357266336679459,1306.3280029296875,112.7953872680664,-7.790130615234375,0.0937710776925087,1389.7686767578125,156.54544067382812,-7.857356071472168,0.12232851982116699,70.49283599853516,30,1.73766028881073,1.428168535232544,40.013580322265625,1203.6273685105775,755.6715959373814,44.89861072224741,3.2312000554845643,0.21726080775260925,0.21681062877178192,38.35881805419922,0,8.032783508300781,0.0005858629010617733,1081.2579345703125,10.4259614944458,44.89861072224741,3.2312000554845643
505108.28125,507.6106262207031,-14.258460998535156,0.001091380137950182,416524.90625,352.48919677734375,-14.049102783203125,0.0009190405253320932,490894.03125,427.5558166503906,-14.227469444274902,0.0009458775166422129,26303.814453125,446,2.333566188812256,2.2903599739074707,-75.2274169921875,1053.7514523023385,815.0872268657947,44.90297105015644,3.242115804393666,0.0019553033635020256,0.0018978372681885958,-84.8992919921875,0,3.727229595184326,0.0002718422911129892,503909.09375,14.001397132873535,44.90297105015644,3.2421158043936655
2935.224609375,150.50912475585938,-8.669103622436523,0.05568667873740196,2378.39794921875,114.15078735351562,-8.44071102142334,0.05212237685918808,2611.52197265625,159.91668701171875,-8.542234420776367,0.06650126725435257,142.50076293945312,38,1.7595921754837036,1.5086373090744019,-89.13450622558594,529.4942518161612,767.876989712795,44.89956677815217,3.280293975823936,0.0875525027513504,0.08726224303245544,-73.04228210449219,0,5.527064323425293,0.0004031218704767525,2244.451416015625,10.5575532913208,44.89956677815217,3.2802939758239353
25154.353515625,201.57904052734375,-11.001532554626465,0.00870286114513874,21349.150390625,134.59239196777344,-10.82345199584961,0.006846517324447632,24685.462890625,202.74444580078125,-10.98110294342041,0.00891943834722042,1440.2332763671875,108,1.925544261932373,1.8684015274047852,-73.98717498779297,1863.1108933840935,776.8403874940404,44.900103162591776,3.183167005199939,0.013282711617648602,0.013073883950710297,-85.07022094726562,0,3.5889739990234375,0.00026176005485467613,24999.52734375,11.553265571594238,44.900103162591776,3.183167005199939
797.3314819335938,122.04682922363281,-7.2540974617004395,0.16623306274414062,472.072265625,111.79785919189453,-6.68502140045166,0.25719043612480164,491.3132629394531,131.79522705078125,-6.728396415710449,0.29132047295570374,44.82817840576172,12,1.9557018280029297,0.9232300519943237,-38.04509735107422,29.607060345268415,766.7189202377734,44.89953099087776,3.316695495325153,0.4048319160938263,0.4037054777145386,-47.22251510620117,0,8.036126136779785,0.0005861479439772666,324.634521484375,11.734210968017578,44.89953099087776,3.316695495325153
1333.9166259765625,158.38226318359375,-7.812821865081787,0.1289459466934204,855.326171875,112.34493255615234,-7.330329418182373,0.14264336228370667,970.9909057617188,135.0465545654297,-7.468038082122803,0.1510421484708786,51.55058288574219,15,2.3684606552124023,0.8201375007629395,-75.17994689941406,1079.065493363528,773.4918770625487,44.899925692599396,3.2402718460141866,0.3908537030220032,0.38988298177719116,87.93251037597656,2,8.337482452392578,0.0006080871680751443,-306.891357421875,14.210763931274414,44.899925692599396,3.2402718460141986
1403.786376953125,168.8267822265625,-7.868252754211426,0.13060811161994934,342.8500061035156,111.77481842041016,-6.3377604484558105,0.35405412316322327,87.17431640625,174.8123779296875,-4.850971221923828,2.1777772903442383,45.657772064208984,9,1.38114595413208,0.6648969054222107,56.92619323730469,480.9695970906421,773.8842517186918,44.900011038608966,3.2838276938179347,0.17796194553375244,0.16479618847370148,85.44479370117188,0,5.709738731384277,0.00041644665179774165,754.5662841796875,8.28687572479248,44.90001103860896,3.2838276938179343
1626485.0,805.1776123046875,-15.528124809265137,0.0005376150947995484,1332567.875,608.4737548828125,-15.311723709106445,0.0004958866047672927,1581462.5,695.2035522460938,-15.497647285461426,0.00047740055015310645,52185.3671875,783,2.533524513244629,2.4570136070251465,76.479736328125,246.2707903398605,855.2335322135696,44.9059868595571,3.3009199246684133,0.001225059269927442,0.0011125673772767186,-89.56068420410156,4,4.545786380767822,0.0003315563080832362,1619506.125,15.201147079467773,44.9059868595571,3.3009199246684133
8444.353515625,170.78013610839844,-9.816415786743164,0.021963460370898247,7110.88330078125,119.42320251464844,-9.62980842590332,0.018238745629787445,8046.8779296875,178.07835388183594,-9.764068603515625,0.024033308029174805,464.33843994140625,69,1.8817341327667236,1.6415252685546875,-40.203712463378906,321.3122748086085,793.4718766524934,44.90145995284693,3.295454334538357,0.0340491347014904,0.03392631560564041,-80.20890808105469,0,3.7043347358703613,0.00027018296532332897,6991.6484375,11.2904052734375,44.90145995284693,3.295454334538369
1990.441162109375,137.67990112304688,-8.247373580932617,0.07511921226978302,1637.4024658203125,113.27581024169922,-8.035388946533203,0.0751296877861023,1708.3826904296875,134.86785888671875,-8.081462860107422,0.08573400974273682,102.95868682861328,28,1.4695080518722534,1.2687327861785889,-85.53089141845703,1064.9271278284662,788.3546353790618,44.90101431902869,3.2413016478091827,0.12159018963575363,0.12121829390525818,-47.03082275390625,0,4.81789493560791,0.00035138908424414694,1302.75146484375,8.817048072814941,44.90101431902869,3.241301647809183
834.1836547851562,116.81181335449219,-7.303153991699219,0.15207397937774658,1062.073486328125,112.63550567626953,-7.5653862953186035,0.11517297476530075,1219.2271728515625,176.3792266845703,-7.715211391448975,0.157105952501297,63.216068267822266,13,1.7268266677856445,0.7080396413803101,-87.82893371582031,1197.4298691693978,784.524328421015,44.90072200644663,3.231651634075344,0.30255258083343506,0.30181652307510376,-88.18872833251953,2,6.600767135620117,0.00048142019659280777,795.5155639648438,10.360960006713867,44.900722006446635,3.2316516340753316
35080.359375,219.9934539794922,-11.36266040802002,0.006810445804148912,29731.59375,142.77920532226562,-11.183045387268066,0.005215267185121775,34322.35546875,213.1128387451172,-11.338942527770996,0.00674314284697175,1892.0379638671875,128,1.9914519786834717,1.917750358581543,-68.34528350830078,651.0559490289488,810.6337410766544,44.90268347300096,3.2714421921369436,0.01037597842514515,0.010260460898280144,-88.2502212524414,0,3.691286325454712,0.0002692249836400151,34330.1796875,11.948711395263672,44.90268347300096,3.271442192136931
778.1921997070312,124.61511993408203,-7.227717399597168,0.1739056557416916,432.1791076660156,111.83805084228516,-6.5891594886779785,0.28103190660476685,501.1581115722656,146.82984924316406,-6.749937057495117,0.3181774616241455,38.652854919433594,6,1.0980173349380493,0.8146625757217407,-29.81138801574707,1693.1843159027298,780.0885887364992,44.90035452458463,3.195544241327685,0.24877147376537323,0.16550737619400024,-28.022724151611328,2,5.634103298187256,0.0004109184956178069,277.744140625,6.588104248046875,44.90035452458463,3.195544241327685
661.5368041992188,115.816650390625,-7.051384925842285,0.19012832641601562,317.03094482421875,111.61149597167969,-6.252754211425781,0.38232889771461487,202.0490264892578,128.66050720214844,-5.763641834259033,0.6915416121482849,40.917091369628906,9,1.139452576637268,0.7366428375244141,-20.19922637939453,1224.5524767499753,790.3128984687687,44.90114301762328,3.2296763482027737,0.2636452317237854,0.2618541121482849,1.8283443450927734,1,5.45487642288208,0.0003978456661570817,407.3898620605469,6.8367156982421875,44.901143017623276,3.229676348202786
1588.8646240234375,171.6883087158203,-8.002717018127441,0.11735015362501144,990.99658203125,112.50697326660156,-7.490180492401123,0.12329262495040894,1006.9358520507812,186.4040985107422,-7.507504463195801,0.20104046165943146,56.62845993041992,24,2.324404001235962,1.5827951431274414,17.254098892211914,1440.7804524235714,801.8188173246522,44.90196549740888,3.2139281978913044,0.3029157221317291,0.30184632539749146,-16.293453216552734,0,11.493720054626465,0.0008382819360122085,-50.628211975097656,13.94642448425293,44.90196549740888,3.213928197891304
11843.1064453125,235.22193908691406,-10.183664321899414,0.021569596603512764,7346.28271484375,119.85206604003906,-9.665168762207031,0.017717715352773666,11434.96875,251.31199645996094,-10.145587921142578,0.023867562413215637,335.4242248535156,118,3.05011248588562,2.0743343830108643,41.188568115234375,188.02831843290843,831.3317827242425,44.90424364069745,3.3051606796192576,0.0546896755695343,0.05433337390422821,34.18568801879883,0,6.242847442626953,0.0004553381004370749,10084.3671875,18.300674438476562,44.90424364069745,3.305160679619257
63553.61328125,255.17413330078125,-12.007850646972656,0.00436039874330163,53047.34765625,163.14947509765625,-11.81165885925293,0.003340041032060981,62155.09765625,238.90980529785156,-11.983692169189453,0.004174332600086927,3288.056640625,165,2.159791946411133,1.952091097831726,70.67141723632812,1857.4045565371468,839.9720071232412,44.90472115847188,3.183582569942023,0.006782567128539085,0.006601737812161446,-85.87974548339844,0,3.713224172592163,0.00027082290034741163,64407.28515625,12.958751678466797,44.90472115847188,3.183582569942023
894.7939453125,130.69107055664062,-7.379307746887207,0.15861809253692627,161.77647399902344,111.424560546875,-5.5222883224487305,0.747989296913147,77.78355407714844,133.2345428466797,-4.727219581604004,1.8601967096328735,40.88401794433594,9,1.9476627111434937,0.947373628616333,-78.4959945678711,396.7171713530961,813.1472573274855,44.902892249403585,3.289963651180582,0.36300161480903625,0.3566110134124756,2.0834436416625977,0,8.124448776245117,0.0005925684235990047,-99.32969665527344,11.685976028442383,44.902892249403585,3.2899636511805816
685.7372436523438,115.6006851196289,-7.090394496917725,0.18307645618915558,395.5205078125,111.83807373046875,-6.492922306060791,0.3070792555809021,655.8756103515625,227.79432678222656,-7.042053699493408,0.3771822452545166,65.64764404296875,10,1.541418194770813,0.9040842652320862,-73.43277740478516,2023.9726277316017,813.57998378925,44.902777723400014,3.1714493887618858,0.7023691534996033,0.7006833553314209,-77.47067260742188,1,5.215812683105469,0.00038041616789996624,730.7688598632812,9.248509407043457,44.902777723400014,3.1714493887618853
774.6510620117188,115.2367172241211,-7.2227654457092285,0.16155283153057098,656.375244140625,112.01899719238281,-7.042880535125732,0.18534007668495178,574.9810180664062,103.65081787109375,-6.899133682250977,0.19577130675315857,73.58287811279297,12,1.0852354764938354,1.0506219863891602,-47.61759567260742,1475.4899309806951,814.0250441146293,44.90285534850573,3.211400235331695,0.25329381227493286,0.2523648142814636,70.74754333496094,0,5.697957992553711,0.00041557452641427517,478.5110778808594,6.511412620544434,44.90285534850573,3.2114002353317073
2006.401123046875,201.7470245361328,-8.256044387817383,0.10919913649559021,366.9669189453125,111.62744140625,-6.411567211151123,0.3303496539592743,-414.3477783203125,282.03057861328125,99.0,99.0,42.72510528564453,16,2.5659399032592773,1.2314026355743408,-24.669147491455078,1822.5788768702087,831.9898270231083,44.90414014996434,3.1861193068513174,0.943518340587616,0.9423596262931824,-42.72834014892578,3,10.6483154296875,0.0007766304770484567,1721.775390625,15.395639419555664,44.90414014996434,3.18611930685133
8137.82861328125,220.1174774169922,-9.77627182006836,0.029374860227108,5202.91796875,117.46817779541016,-9.290617942810059,0.024519016966223717,8011.02587890625,232.08934020996094,-9.759220123291016,0.031462766230106354,203.67469787597656,93,2.628446340560913,2.104489326477051,-1.5924811363220215,1687.7100895649064,841.5081881536178,44.90484749617138,3.1959430476451365,0.07608514279127121,0.07604080438613892,-9.077432632446289,0,7.077640533447266,0.0005162026500329375,7513.99072265625,15.77067756652832,44.90484749617138,3.1959430476451365
5130.998046875,252.98463439941406,-9.275505065917969,0.05354539304971695,2467.552490234375,114.255615234375,-8.480666160583496,0.05028529092669487,4159.07763671875,243.88519287109375,-9.047492980957031,0.06368222832679749,104.87572479248047,73,3.3167662620544434,1.8248331546783447,88.17977142333984,912.69573542098,861.6943122974309,44.90639406466157,3.252389004115866,0.17135857045650482,0.17050153017044067,86.69110107421875,2,11.52645206451416,0.0008406740962527692,1674.858154296875,19.900596618652344,44.90639406466157,3.252389004115866
2882.676025390625,213.33351135253906,-8.649489402770996,0.08036983758211136,1666.67431640625,113.26702880859375,-8.05462646484375,0.07380446046590805,2181.513916015625,202.41567993164062,-8.346895217895508,0.10076645761728287,93.76396942138672,45,2.223290205001831,1.9390649795532227,-74.08820343017578,301.8926121982198,843.8715806937532,44.90514987623668,3.296869339702841,0.22372210025787354,0.2233346700668335,88.53448486328125,0,9.263154983520508,0.0006756249349564314,1155.1649169921875,13.339740753173828,44.90514987623667,3.296869339702853
1501.3255615234375,164.02801513671875,-7.941187381744385,0.11865142732858658,972.3314208984375,112.30941772460938,-7.469535827636719,0.12543873488903046,986.96484375,161.62335205078125,-7.485754013061523,0.17784114181995392,51.307830810546875,23,1.7636089324951172,1.5319428443908691,66.2455062866211,779.046229869891,840.5845602503672,44.904862464232906,3.2621218498237723,0.26980069279670715,0.26950985193252563,82.58682250976562,0,9.842785835266113,0.0007178809610195458,646.7509155273438,10.581653594970703,44.904862464232906,3.2621218498237723
654.97265625,108.87174987792969,-7.040557861328125,0.18051855266094208,566.4119262695312,111.95510864257812,-6.88283109664917,0.21465517580509186,776.6957397460938,167.4386444091797,-7.225627422332764,0.23411789536476135,53.94141387939453,10,1.3549734354019165,0.8627892732620239,48.26212692260742,1006.6537219931206,833.1082736442058,44.90429383330836,3.245546004412091,0.4171009063720703,0.4163788855075836,-23.663806915283203,0,4.9236626625061035,0.00035910337464883924,552.2581176757812,8.129840850830078,44.90429383330836,3.2455460044121036
1164.4525146484375,142.04864501953125,-7.665304660797119,0.13247841596603394,789.5335693359375,112.04670715332031,-7.243426322937012,0.15411975979804993,775.7528686523438,128.30174255371094,-7.224308490753174,0.17961350083351135,59.9083251953125,15,2.0885732173919678,0.8438073992729187,-66.36011505126953,726.0617137020346,844.2377352871364,44.90513486749069,3.265980468233611,0.3124987483024597,0.31157830357551575,-71.44467163085938,2,7.93863582611084,0.0005790035356767476,-280.9066162109375,12.531438827514648,44.90513486749068,3.2659804682336104
785.3310546875,119.08220672607422,-7.237631797790527,0.1646735817193985,522.5621948242188,112.03446960449219,-6.795344829559326,0.23283244669437408,590.2706298828125,139.1639862060547,-6.927628040313721,0.256038635969162,54.06452941894531,12,2.7353427410125732,0.7465341091156006,46.746917724609375,1260.66790629275,844.0238004396467,44.90506889519317,3.227046448849883,0.4491991698741913,0.44725173711776733,39.4393424987793,0,8.549978256225586,0.0006235833861865103,-968.57275390625,16.41205596923828,44.90506889519317,3.227046448849895
1067.998291015625,147.64999389648438,-7.5714263916015625,0.150138720870018,547.0121459960938,111.79975891113281,-6.844992160797119,0.22195950150489807,547.1824951171875,113.8083724975586,-6.845330715179443,0.22587691247463226,39.67393112182617,9,1.470956563949585,0.9635497331619263,26.472068786621094,809.7319634985505,837.0748014610405,44.90460272719756,3.259887118664415,0.44075655937194824,0.4396439492702484,31.41915512084961,3,7.112436771392822,0.0005187431233935058,-62.47196960449219,8.825738906860352,44.90460272719756,3.259887118664415
1985.6531982421875,176.42031860351562,-8.244758605957031,0.09648838639259338,1252.3857421875,112.8185043334961,-7.744345188140869,0.09782999008893967,1470.5789794921875,184.0814208984375,-7.918720722198486,0.1359412968158722,71.52784729003906,31,2.2081222534179688,1.5945863723754883,67.99921417236328,344.94971144759836,858.0405020106386,44.90618237184331,3.293734151599048,0.2476767599582672,0.2472536712884903,53.91611862182617,0,10.187668800354004,0.0007430528057739139,380.8098449707031,13.248733520507812,44.90618237184331,3.293734151599048
1480.6231689453125,157.94821166992188,-7.926111221313477,0.11585105955600739,1103.12646484375,112.81547546386719,-7.606563091278076,0.11106397211551666,1301.56396484375,145.03509521484375,-7.786163806915283,0.12101449817419052,65.51416015625,23,2.0236666202545166,1.1241697072982788,40.64235305786133,20.600315316038362,850.8103315478675,44.90568590844144,3.3173529485670787,0.2811783254146576,0.2800224721431732,50.57371139526367,3,9.027578353881836,0.000658458739053458,488.4911804199219,12.142000198364258,44.90568590844144,3.3173529485670787
2542.812255859375,151.0458221435547,-8.513285636901855,0.06450958549976349,2066.05322265625,113.73949432373047,-8.287854194641113,0.05978601798415184,2424.543701171875,158.21067810058594,-8.461575508117676,0.07086562365293503,123.83155059814453,35,1.6923948526382446,1.491971731185913,56.28224182128906,629.3026928315221,855.6653239455925,44.905980408508,3.273026984480607,0.12239982932806015,0.1222260445356369,66.88504791259766,0,5.681744575500488,0.00041439916822128,1674.1966552734375,10.154369354248047,44.905980408508,3.2730269844806066
854.917724609375,130.86338806152344,-7.329810619354248,0.16623546183109283,514.3594360351562,111.76053619384766,-6.778166770935059,0.23596715927124023,533.16455078125,144.32196044921875,-6.817152976989746,0.2939686179161072,57.899627685546875,7,1.2673468589782715,0.7390939593315125,-88.04413604736328,1036.1530450428822,849.8194766249198,44.90551362325115,3.2433978113292454,0.41797709465026855,0.41700050234794617,63.62275695800781,2,5.767421722412109,0.00042064182343892753,353.63409423828125,7.604081153869629,44.90551362325115,3.243397811329246
4246.60693359375,246.62063598632812,-9.07010555267334,0.0630691796541214,1656.98193359375,113.29901885986328,-8.048294067382812,0.07425713539123535,3855.479736328125,312.75335693359375,-8.965195655822754,0.08809542655944824,82.90036010742188,51,5.923036575317383,1.7094122171401978,-74.57966613769531,1488.1505668567438,877.771093926429,44.90751715905773,3.210478395563046,0.3624803423881531,0.35986295342445374,-83.09253692626953,3,19.090179443359375,0.0013923238730058074,-6961.5087890625,35.5382194519043,44.907517159057726,3.2104783955630456
1480.528564453125,145.30770874023438,-7.926042079925537,0.10658637434244156,1243.2867431640625,112.89495849609375,-7.736428260803223,0.09861274808645248,1352.0076904296875,149.26490783691406,-7.827447891235352,0.1198970153927803,65.1280517578125,23,1.7477569580078125,1.3593676090240479,70.56695556640625,20.39201362171815,855.4074731761169,44.90602235601152,3.3173682073999813,0.22538083791732788,0.2247336059808731,28.536649703979492,3,9.226802825927734,0.0006729896413162351,775.9156494140625,10.486541748046875,44.90602235601152,3.3173682073999817
1306.810546875,129.83531188964844,-7.790531635284424,0.10789716243743896,1065.67236328125,112.37713623046875,-7.569059371948242,0.11452072858810425,1287.1209716796875,156.45736694335938,-7.774048328399658,0.13200989365577698,82.49456024169922,20,1.4458140134811401,1.1719434261322021,-47.663963317871094,1938.1722549428093,851.5566386245246,44.9055619994493,3.177699264351429,0.21301114559173584,0.21278828382492065,-75.04918670654297,0,5.90848970413208,0.00043093576095998287,1198.4666748046875,8.674883842468262,44.9055619994493,3.177699264351429
1357.9432373046875,136.6013641357422,-7.8322038650512695,0.1092454195022583,1100.6826171875,112.41896057128906,-7.604155540466309,0.11091934144496918,1125.63525390625,127.70684051513672,-7.6284942626953125,0.12321009486913681,82.22663879394531,21,1.4387346506118774,1.2019013166427612,5.8553900718688965,1657.7515161262293,852.3150354487284,44.90564048531678,3.198125185817393,0.18937620520591736,0.18911345303058624,-18.122821807861328,0,5.686085224151611,0.0004147103463765234,677.1087036132812,8.632408142089844,44.90564048531678,3.198125185817393
50286.04296875,254.96267700195312,-11.753618240356445,0.005506288725882769,41545.61328125,153.6802978515625,-11.546313285827637,0.004017194267362356,48394.08984375,229.44200134277344,-11.711980819702148,0.005148852244019508,2681.195556640625,161,2.097398519515991,1.9901360273361206,72.3275146484375,105.06867013467554,880.6613557513017,44.907861860800274,3.3112026621700266,0.007994896732270718,0.007875134237110615,-83.42860412597656,0,3.660310983657837,0.0002669749956112355,49616.19140625,12.584390640258789,44.907861860800274,3.3112026621700266
1620.0511474609375,181.9182891845703,-8.023821830749512,0.12194877862930298,512.2603759765625,111.71393585205078,-6.773726940155029,0.2368353009223938,703.9940185546875,209.22874450683594,-7.118922233581543,0.3227618634700775,49.93482208251953,10,1.9484076499938965,1.1035232543945312,89.33834838867188,47.19669199424267,862.591135274019,44.906545352799974,3.315416474438901,0.34485572576522827,0.3438816964626312,76.12201690673828,2,8.7748441696167,0.0006400223937816918,1253.2554931640625,11.690445899963379,44.906545352799974,3.3154164744389014
3190.41259765625,238.1461639404297,-8.75961685180664,0.08106372505426407,1252.167236328125,112.86188507080078,-7.7441558837890625,0.09788469970226288,1935.1341552734375,270.9464111328125,-8.216777801513672,0.1520555019378662,57.65901184082031,25,1.985774278640747,1.6236780881881714,-32.515140533447266,2009.3320019550163,873.2580378274149,44.90714361041438,3.1725156523542593,0.3471263647079468,0.3461695909500122,60.306854248046875,3,10.757011413574219,0.0007845665095373988,1913.088623046875,11.91464614868164,44.90714361041438,3.1725156523542593
3665.666748046875,229.72378540039062,-8.910382270812988,0.0680585652589798,2020.4766845703125,113.68567657470703,-8.26363468170166,0.06110570207238197,3212.61474609375,216.59393310546875,-8.767147064208984,0.07321793586015701,95.80526733398438,57,2.4316654205322266,1.9986047744750977,-2.6284563541412354,567.4321097294327,870.9621319813325,44.907105725506256,3.277532821100879,0.1928146481513977,0.1923993080854416,-4.8069634437561035,2,10.534479141235352,0.000768336234614253,2702.01171875,14.58999252319336,44.907105725506256,3.277532821100879
7121.693359375,178.29263305664062,-9.631458282470703,0.027188168838620186,5795.1533203125,118.14320373535156,-9.407662391662598,0.022139795124530792,6568.13232421875,182.44134521484375,-9.543604850769043,0.030165545642375946,375.75152587890625,69,1.9405906200408936,1.7056573629379272,-78.15838623046875,1786.6438145008226,883.4002708322741,44.9079033636713,3.1887368246604657,0.03982732072472572,0.03955497965216637,88.74181365966797,0,3.7594568729400635,0.00027419463731348515,7074.84326171875,11.643543243408203,44.907903363671295,3.188736824660466
2388.645751953125,169.3273162841797,-8.445379257202148,0.07698482275009155,1707.4239501953125,113.44564819335938,-8.080853462219238,0.0721566379070282,2082.282470703125,166.27549743652344,-8.29634952545166,0.08671983331441879,96.2131118774414,36,2.303889036178589,1.2591124773025513,-17.929079055786133,773.3672724232457,872.7162007271527,44.90721386941824,3.262535849051029,0.1749005913734436,0.1740695983171463,-24.8885440826416,2,10.200826644897461,0.0007439938490279019,1147.42431640625,13.823333740234375,44.90721386941824,3.262535849051017
1731.94580078125,184.5621795654297,-8.096335411071777,0.11572794616222382,900.8483276367188,112.31166076660156,-7.386629104614258,0.1353951096534729,1003.926513671875,190.9698486328125,-7.5042548179626465,0.20658211410045624,58.687339782714844,25,2.3674111366271973,1.6101394891738892,-72.76577758789062,490.51579106889625,881.2998792524342,44.907869760307165,3.283134222970759,0.4116213023662567,0.4104175865650177,-51.280364990234375,0,11.236096382141113,0.0008195122354663908,281.7557678222656,14.204466819763184,44.907869760307165,3.2831342229707596
1478.1396484375,156.7644805908203,-7.924288749694824,0.1151760071516037,1038.7237548828125,112.6513900756836,-7.541250228881836,0.11777857691049576,1044.869873046875,144.79725646972656,-7.5476555824279785,0.15049703419208527,60.93440246582031,23,1.7472203969955444,1.2271114587783813,-89.91617584228516,551.0912647390016,875.2437625906805,44.90742062132751,3.278722873440414,0.22476635873317719,0.2241286188364029,-83.92037963867188,0,8.00123119354248,0.0005835732445120811,549.2550048828125,10.483322143554688,44.9074206213275,3.278722873440426
5769.8525390625,222.29006958007812,-9.402912139892578,0.041839372366666794,3598.039306640625,115.66172790527344,-8.890164375305176,0.03491029888391495,4809.81640625,231.2969970703125,-9.205321311950684,0.05222414433956146,162.4917449951172,78,2.577439069747925,2.1406049728393555,-30.652437210083008,792.7744386446368,888.5674594788958,44.90837170309213,3.26112273328786,0.09571041166782379,0.09554822742938995,-74.57396697998047,0,8.430685997009277,0.0006148883840069175,3638.210693359375,15.46463394165039,44.90837170309213,3.26112273328786
4101.55615234375,249.3219757080078,-9.032371520996094,0.066014863550663,1944.2047119140625,113.46540832519531,-8.221855163574219,0.06337986886501312,3428.03564453125,241.9605255126953,-8.837613105773926,0.07665297389030457,87.56043243408203,64,2.5774385929107666,2.3750829696655273,55.430992126464844,272.94999633557296,889.0357715958223,44.90845765896751,3.29897776093773,0.20367372035980225,0.2035006433725357,85.1871337890625,2,11.9239501953125,0.000869693816639483,2898.966064453125,15.464632034301758,44.908457658967514,3.298977760937718
1475.0245361328125,130.30123901367188,-7.921998023986816,0.09593544900417328,1655.0059814453125,113.2531967163086,-8.046998977661133,0.07431572675704956,2507.335205078125,239.40052795410156,-8.498030662536621,0.10369134694337845,99.3034439086914,22,1.903844952583313,1.1404122114181519,59.70783233642578,1487.4180777615084,877.2968015310876,44.90748253010075,3.2105317442383683,0.2307795137166977,0.22940844297409058,66.59400177001953,3,6.395524978637695,0.0004664514272008091,2221.37353515625,11.423069953918457,44.90748253010075,3.210531744238368
273834.46875,418.232666015625,-13.593720436096191,0.0016586687415838242,223975.203125,269.3321228027344,-13.375499725341797,0.0013059243792667985,265372.09375,348.57098388671875,-13.559638023376465,0.0014264803612604737,14349.982421875,365,2.311391592025757,2.3052144050598145,-79.57006072998047,1711.7946548072503,924.1966375425707,44.910893602628114,3.1941888911186864,0.0027679719496518373,0.002662032376974821,-85.81546020507812,2,3.7418887615203857,0.00027291299193166196,273501.84375,13.868349075317383,44.910893602628114,3.1941888911186864
687.81103515625,118.49957275390625,-7.093672752380371,0.1871015876531601,519.1967163085938,111.5899429321289,-6.788330078125,0.23341186344623566,397.58856201171875,119.9571533203125,-6.498584747314453,0.3276589810848236,43.99968719482422,9,1.9368493556976318,0.782089114189148,17.76627540588379,776.8339262399456,873.1625116828895,44.90724618605222,3.2622833959044826,0.5309558510780334,0.5279358625411987,52.30210494995117,3,7.35520601272583,0.0005364493117667735,118.48084259033203,11.621095657348633,44.90724618605222,3.262283395904482
31498.630859375,213.60169982910156,-11.245729446411133,0.007364492863416672,26606.171875,139.73858642578125,-11.062456130981445,0.0057037933729588985,30859.91796875,210.92001342773438,-11.22348690032959,0.007422544993460178,1626.07470703125,121,2.032440662384033,1.8642919063568115,67.22870635986328,754.5976368945837,904.5483095026062,44.9095446349817,3.263903190896963,0.01115906611084938,0.011019770987331867,-81.52491760253906,0,3.6799843311309814,0.00026839826023206115,31461.21484375,12.1946439743042,44.9095446349817,3.263903190896963
5598.67626953125,191.01644897460938,-9.370213508605957,0.03705230727791786,4080.242919921875,116.09297943115234,-9.026715278625488,0.030899379402399063,5055.986328125,206.71011352539062,-9.259514808654785,0.04440027475357056,244.5537872314453,67,2.2616727352142334,1.8590666055679321,-45.43366241455078,1446.6683426312452,897.7062393609726,44.90897905428856,3.2134998534153207,0.07080742716789246,0.07031766325235367,-77.10880279541016,0,5.131274223327637,0.0003742444096133113,5145.8974609375,13.570035934448242,44.90897905428856,3.2134998534153207
900.5247802734375,135.43800354003906,-7.386239051818848,0.16333328187465668,517.4434204101562,111.8963623046875,-6.784657001495361,0.23484587669372559,259.3030090332031,189.14810180664062,-6.034518718719482,0.7921807169914246,40.83613967895508,12,1.8840982913970947,0.9819076061248779,-76.71259307861328,241.4613766285447,885.4031911303432,44.90819502925819,3.301270700619935,0.2726261615753174,0.2723478078842163,-57.59904861450195,2,8.135190963745117,0.0005933557404205203,708.3016357421875,11.304590225219727,44.90819502925819,3.301270700619935
112767.3046875,299.54443359375,-12.630457878112793,0.002884747926145792,94166.53125,194.0624237060547,-12.434741020202637,0.0022380754817277193,110161.3515625,268.6748962402344,-12.605072975158691,0.0026486688293516636,6165.02294921875,210,2.1296041011810303,2.0571393966674805,30.333635330200195,353.8114381133165,920.9644706997066,44.910785797023934,3.2930899522246886,0.00458308681845665,0.004494700580835342,-87.5892562866211,0,3.676877737045288,0.0002681771875359118,112970.2578125,12.777624130249023,44.910785797023934,3.293089952224689
126043.796875,563.7479248046875,-12.751303672790527,0.004857281688600779,54716.44921875,164.54736328125,-11.845294952392578,0.003265899606049061,119880.890625,526.9845581054688,-12.696874618530273,0.004773948807269335,2286.457275390625,778,6.0735297203063965,4.2429280281066895,-14.790019989013672,903.5413548953961,974.8195568602154,44.91467112115318,3.2530571189554602,0.012336410582065582,0.01185530424118042,-10.026907920837402,0,5.648439407348633,0.00041196405072696507,128626.8828125,36.44117736816406,44.91467112115318,3.25305711895546
1447.2022705078125,168.32833862304688,-7.901323318481445,0.12631584703922272,854.0531616210938,112.25569915771484,-7.328712463378906,0.14274249970912933,875.236083984375,162.2909698486328,-7.355312824249268,0.2013719528913498,47.21995162963867,21,1.8567460775375366,1.4853957891464233,-60.35797882080078,100.37795235913617,900.8228142737468,44.90933772969552,3.3115446334487233,0.3122325837612152,0.311663419008255,-76.78003692626953,0,9.945252418518066,0.000725383753888309,821.3947143554688,11.14047622680664,44.90933772969552,3.311544633448723
3768.557373046875,163.6093292236328,-8.940438270568848,0.04714794456958771,2998.046875,114.87736511230469,-8.692095756530762,0.04161269590258598,3379.854248046875,185.4688720703125,-8.822244644165039,0.0595940463244915,201.89279174804688,47,1.9137728214263916,1.5144976377487183,60.98271942138672,1701.679867899961,912.6659707582419,44.91005107265846,3.194925627172205,0.07665180414915085,0.07631337642669678,64.82379150390625,3,4.500040531158447,0.0003282081743236631,3870.90576171875,11.482637405395508,44.91005107265846,3.194925627172205
2552.822509765625,180.62728881835938,-8.51755142211914,0.07684092223644257,1874.357421875,113.38272857666016,-8.182130813598633,0.06569378823041916,2184.968505859375,176.4163360595703,-8.348612785339355,0.08768462389707565,83.52703857421875,39,1.8845614194869995,1.7222295999526978,-0.865880012512207,1231.5687991547995,907.2876179841402,44.90969948770345,3.229166284119245,0.1698778122663498,0.1697472184896469,-86.00544738769531,0,7.45578145980835,0.0005437794025056064,1999.1953125,11.307368278503418,44.90969948770345,3.2291662841192443
3610.98046875,204.91885375976562,-8.894062995910645,0.06162920966744423,2191.9033203125,114.10398864746094,-8.35205364227295,0.056533943861722946,2631.609375,193.3885040283203,-8.550553321838379,0.07980664819478989,129.41307067871094,45,2.217485189437866,1.7524415254592896,-45.668575286865234,1895.396096732986,956.8822327963001,44.91326891865437,3.1808150476158072,0.11819089204072952,0.11757230758666992,-62.72234344482422,0,7.743749141693115,0.0005647923680953681,2395.802978515625,13.304910659790039,44.91326891865437,3.1808150476157944
1662.2550048828125,180.7923126220703,-8.05174446105957,0.11811692267656326,676.5117797851562,112.13101196289062,-7.075688362121582,0.18000318109989166,889.132568359375,165.30917358398438,-7.3724164962768555,0.20191113650798798,49.611106872558594,15,1.4803566932678223,1.29329252243042,-64.87886047363281,109.37131245814764,909.1078617457534,44.90994309790974,3.3108899090601787,0.42837393283843994,0.427722692489624,86.88541412353516,2,8.27689266204834,0.0006036965060047805,905.9102172851562,8.882140159606934,44.90994309790973,3.310889909060191
1091.1524658203125,126.79985046386719,-7.5947136878967285,0.1262010931968689,914.512939453125,112.4156494140625,-7.402974605560303,0.1334955394268036,920.6867065429688,119.51542663574219,-7.410279750823975,0.14097493886947632,72.9153823852539,17,1.2865710258483887,1.110255241394043,-78.26030731201172,706.6125886427668,911.9761609020031,44.91009280273571,3.267397804766594,0.1989346742630005,0.19855554401874542,-47.28274154663086,0,4.994755744934082,0.0003642912197392434,342.1230773925781,7.719426155090332,44.91009280273571,3.2673978047665946
1348.153076171875,148.9102020263672,-7.824347972869873,0.11995409429073334,1033.6114501953125,112.55782318115234,-7.535893440246582,0.11826280504465103,1066.2144775390625,142.24346923828125,-7.569611549377441,0.14488305151462555,71.1509780883789,21,1.839128017425537,1.1777623891830444,-47.61210250854492,88.64909920491526,911.6862584578898,44.910133901329964,3.3123989356740946,0.26125407218933105,0.26027846336364746,-66.99978637695312,0,8.6263427734375,0.0006291855243034661,940.394287109375,11.034768104553223,44.910133901329964,3.3123989356741066
13910.423828125,184.23040771484375,-10.35835075378418,0.0143830431625247,11769.4541015625,124.47188568115234,-10.17689037322998,0.01148536428809166,13540.251953125,189.46231079101562,-10.32906723022461,0.015195881947875023,771.971435546875,87,1.8506498336791992,1.8308777809143066,75.30533599853516,797.8141163774045,927.04100055243,44.91118601210027,3.260756244834352,0.022517435252666473,0.022332636639475822,-81.05949401855469,0,3.7182226181030273,0.00027118652360513806,13452.0390625,11.103899002075195,44.91118601210028,3.2607562448343517
2434.4423828125,193.1976776123047,-8.465998649597168,0.08618510514497757,1598.68212890625,112.88139343261719,-8.009405136108398,0.07668140530586243,1736.5758056640625,182.93409729003906,-8.099234580993652,0.11440124362707138,72.2897720336914,38,2.2263073921203613,1.550480842590332,-25.49481773376465,1128.3766299297608,921.7924031835004,44.91077020502558,3.2366819887245595,0.1832451969385147,0.18301808834075928,-24.73873519897461,2,9.450227737426758,0.0006892425008118153,1078.9886474609375,13.357844352722168,44.91077020502558,3.2366819887245595
898.8299560546875,132.8478546142578,-7.3841938972473145,0.16051174700260162,613.2730102539062,111.7912368774414,-6.96913480758667,0.19796286523342133,714.1939086914062,153.5782470703125,-7.134540557861328,0.23353038728237152,49.133235931396484,13,2.050504446029663,1.2054203748703003,37.816654205322266,538.5430993756224,914.9215956538476,44.91032501709057,3.279637306207269,0.4774864614009857,0.47683554887771606,-3.4692680835723877,0,9.412200927734375,0.0006864820024929941,240.0382843017578,12.30302619934082,44.91032501709057,3.279637306207269
1191.11083984375,148.58558654785156,-7.68988037109375,0.13547348976135254,698.9653930664062,112.02608489990234,-7.111139297485352,0.1740577220916748,767.4453125,142.82586669921875,-7.212618827819824,0.2021106779575348,61.466590881347656,18,1.5636948347091675,1.1120468378067017,-60.02109146118164,715.4375066252716,914.6970457987026,44.91029100232763,3.2667551724833186,0.25786951184272766,0.2576752007007599,-73.5867919921875,0,6.484138011932373,0.00047291870578192174,943.5455932617188,9.382168769836426,44.91029100232763,3.266755172483318
1412.0638427734375,163.9789276123047,-7.874635696411133,0.12611407041549683,784.5550537109375,111.95278930664062,-7.236558437347412,0.15496774017810822,703.29296875,140.154296875,-7.117840766906738,0.21642127633094788,54.15193557739258,16,1.597678780555725,1.2675105333328247,-59.4620246887207,1108.6538019655943,919.7225716251216,44.91062064788928,3.2381183814567702,0.2875571846961975,0.287356436252594,78.24876403808594,0,8.514172554016113,0.0006209724233485758,30.764144897460938,9.58607292175293,44.91062064788928,3.2381183814567702
12137.6376953125,305.7571716308594,-10.210335731506348,0.02735724113881588,5249.1708984375,117.2693099975586,-9.300227165222168,0.024261826649308205,11057.791015625,315.4402770996094,-10.109170913696289,0.03097979910671711,176.33180236816406,157,3.5027499198913574,2.933455467224121,38.689693450927734,1653.3904997415252,957.1284525235607,44.91330736723246,3.1984430975398364,0.09145307540893555,0.09105230122804642,83.50321960449219,0,10.063421249389648,0.0007339704898186028,9692.9365234375,21.016498565673828,44.91330736723246,3.1984430975398364
1416.551513671875,154.60923767089844,-7.87808084487915,0.1185312569141388,892.2407836914062,112.4766616821289,-7.376204967498779,0.1369021087884903,1012.4827270507812,159.34298706054688,-7.513469219207764,0.17091302573680878,64.30648040771484,17,1.3060516119003296,1.1523925065994263,12.950103759765625,1216.455888578537,930.8241262653308,44.911422650030715,3.230267186507636,0.27027350664138794,0.26972028613090515,-2.5859665870666504,2,6.300946235656738,0.0004595527134370059,876.163330078125,7.836309432983398,44.911422650030715,3.230267186507636
914.0262451171875,128.02276611328125,-7.4023966789245605,0.15211020410060883,673.6220703125,112.17147064208984,-7.071040630340576,0.1808405965566635,799.681640625,130.23162841796875,-7.257292747497559,0.1768598109483719,50.554351806640625,14,1.6861045360565186,1.0553373098373413,-13.183485984802246,1364.3378625356438,930.011171459602,44.91134954932508,3.219496537329036,0.460403710603714,0.45905107259750366,-23.719863891601562,0,7.977259159088135,0.0005818132194690406,-357.65985107421875,10.116626739501953,44.91134954932509,3.219496537329023
1287.635498046875,147.35081481933594,-7.774482250213623,0.12427661567926407,981.1224365234375,112.49518585205078,-7.479308128356934,0.12452041357755661,1203.8524169921875,160.2742462158203,-7.701433181762695,0.1445840299129486,59.93366622924805,20,2.0159049034118652,1.3410499095916748,-0.6072641015052795,732.0668974428753,932.9261513353233,44.91162306210117,3.265544405273428,0.3022906184196472,0.30145514011383057,8.952741622924805,0,9.845863342285156,0.0007181041873991489,445.3073425292969,12.095429420471191,44.91162306210117,3.2655444052734155
2068.43115234375,168.83251953125,-8.289102554321289,0.08864308148622513,1517.135986328125,113.00248718261719,-7.952561378479004,0.08088971674442291,1644.1988525390625,163.679931640625,-8.039885520935059,0.10811125487089157,71.55755615234375,32,1.8297594785690308,1.4860210418701172,-51.80513381958008,104.33308743550862,938.7579019917818,44.91211334632112,3.3112573870549453,0.1870603710412979,0.1863485872745514,-36.28165054321289,0,7.664629936218262,0.0005590383079834282,1475.86083984375,10.978556632995605,44.912113346321114,3.3112573870549578
860.54052734375,126.33837127685547,-7.336928367614746,0.15943871438503265,597.0311889648438,111.90383911132812,-6.939992427825928,0.20355312526226044,514.2686157226562,210.2813262939453,-6.777975082397461,0.4440588355064392,44.874568939208984,13,1.7875667810440063,0.8202699422836304,-7.8099541664123535,1433.7669507066341,929.0793091683855,44.91127509924686,3.2144397048491746,0.3168424963951111,0.31589174270629883,-11.216775894165039,0,7.235395431518555,0.0005277065793052316,660.0475463867188,10.725400924682617,44.91127509924686,3.214439704849175
12618.189453125,290.6356201171875,-10.252492904663086,0.025013912469148636,5981.54296875,118.313232421875,-9.442032814025879,0.021480772644281387,11026.146484375,287.23211669921875,-10.106059074401855,0.02829039841890335,252.693115234375,142,3.9638729095458984,2.1174213886260986,-48.805015563964844,767.9187575608806,964.5659338640093,44.913934350460636,3.2629339388663308,0.07646024227142334,0.07542554289102554,-47.542762756347656,0,9.882268905639648,0.0007207576418295503,7189.86865234375,23.78323745727539,44.913934350460636,3.2629339388663428
78570.7734375,276.8934020996094,-12.238152503967285,0.003827202133834362,65323.63671875,172.87271118164062,-12.037675857543945,0.0028739941772073507,76318.2109375,247.73753356933594,-12.206570625305176,0.003525278763845563,3953.03466796875,192,2.1622161865234375,2.0095791816711426,63.49360656738281,1364.3878940274806,965.5467156528068,44.9139489508846,3.219493146055703,0.0058416821993887424,0.0057250019162893295,-89.61477661132812,0,3.7217001914978027,0.000271438475465402,78129.1171875,12.973297119140625,44.9139489508846,3.219493146055703
1235.078125,147.74900817871094,-7.729236125946045,0.12991520762443542,959.6174926757812,112.33806610107422,-7.455245494842529,0.1271330863237381,1056.43212890625,148.99879455566406,-7.559604167938232,0.15316903591156006,63.81363296508789,19,1.903450608253479,1.1823114156723022,53.256919860839844,1011.9701990987269,941.1023301133966,44.91219391728005,3.2451600155582883,0.31217989325523376,0.31114059686660767,57.759029388427734,0,8.058968544006348,0.0005877731600776315,459.5445556640625,11.420703887939453,44.91219391728005,3.245160015558289
5474.09814453125,168.49427795410156,-9.345781326293945,0.03342738375067711,4469.6630859375,116.33101654052734,-9.125686645507812,0.028265103697776794,5405.79150390625,176.07566833496094,-9.332148551940918,0.03537283465266228,304.9425354003906,58,1.9045815467834473,1.6513779163360596,76.74003601074219,1553.851094378394,951.415142781886,44.91289818717215,3.205693354839138,0.057113081216812134,0.056739695370197296,83.03581237792969,0,4.089984893798828,0.00029830000130459666,4978.97314453125,11.427489280700684,44.912898187172146,3.2056933548391626
2629.69140625,158.29725646972656,-8.549761772155762,0.0653730034828186,2001.5509033203125,113.7066421508789,-8.253417015075684,0.06169486790895462,2007.1458740234375,163.22479248046875,-8.256447792053223,0.08831551671028137,156.4621124267578,37,2.1181299686431885,1.3072974681854248,-73.48238372802734,1631.972186763705,951.9272384197162,44.91292879062959,3.200003169599616,0.10602699965238571,0.1052875891327858,-60.05461883544922,0,5.314941883087158,0.00038764221244491637,1177.040771484375,12.708780288696289,44.91292879062959,3.200003169599616
1409.754638671875,146.39523315429688,-7.872859001159668,0.11277510225772858,1103.907470703125,112.37899780273438,-7.6073317527771,0.11055599898099899,1245.984375,135.31968688964844,-7.738781452178955,0.1179446429014206,67.53007507324219,22,1.6054030656814575,1.1868537664413452,39.41352462768555,381.5956819990541,944.1683439120644,44.91248083410432,3.29106708517968,0.21671417355537415,0.21644996106624603,61.188133239746094,0,6.363351821899414,0.0004641166015062481,844.7954711914062,9.632418632507324,44.912480834104315,3.291067085179693
924.0811767578125,130.5302276611328,-7.414275169372559,0.1534019261598587,637.7918090820312,112.26026916503906,-7.011697292327881,0.19115117192268372,564.407958984375,135.55308532714844,-6.878983020782471,0.260823130607605,50.25711441040039,14,1.7956278324127197,1.0647002458572388,-48.67282485961914,354.4682739390498,943.4501337684279,44.91243104670477,3.2930425325214063,0.3257514536380768,0.32475364208221436,-68.13558959960938,0,8.27094841003418,0.0006032498786225915,-195.21878051757812,10.773767471313477,44.91243104670477,3.2930425325214068
686.8333129882812,118.40807342529297,-7.092128276824951,0.18722325563430786,418.5552062988281,111.82169342041016,-6.554381847381592,0.29013702273368835,494.286376953125,115.89070892333984,-6.7349467277526855,0.25462427735328674,49.01654815673828,9,1.52492094039917,0.8889656066894531,63.015254974365234,1839.929933206345,943.5624738645224,44.91229928814471,3.1848553873002143,0.6058481335639954,0.604551374912262,40.21300506591797,1,6.954250335693359,0.0005072083440609276,27.09075164794922,9.14952564239502,44.91229928814471,3.1848553873002143
1540.1434326171875,150.862548828125,-7.968903064727783,0.10637757927179337,1181.96826171875,112.73465728759766,-7.681514739990234,0.10358132421970367,1200.18798828125,152.39512634277344,-7.698122978210449,0.13789598643779755,77.95336151123047,24,1.7972747087478638,1.320193886756897,67.30583190917969,1100.3803280554837,947.7529883883717,44.91267199568025,3.2387212305695114,0.22684071958065033,0.22616960108280182,71.23967742919922,0,9.220759391784668,0.0006725064595229924,1054.1080322265625,10.783648490905762,44.912671995680256,3.238721230569498
7916.71630859375,128.07769775390625,-9.746362686157227,0.01756945438683033,4696.626953125,116.88801574707031,-9.179465293884277,0.02702799066901207,7932.93701171875,171.65365600585938,-9.748584747314453,0.02349897287786007,1055.50634765625,43,4.362424850463867,0.6602568030357361,55.852970123291016,1853.084710412552,982.0342824011902,44.915112032623455,3.1838971487848364,0.07892078906297684,0.07651731371879578,53.99972152709961,3,10.164484024047852,0.0007413484854623675,4162.484375,26.174549102783203,44.915112032623455,3.1838971487848364
1905.0804443359375,123.18346405029297,-8.199783325195312,0.07022131234407425,1734.0521240234375,113.52055358886719,-8.097655296325684,0.07109551131725311,1757.9117431640625,131.21588134765625,-8.112492561340332,0.08106234669685364,114.2915267944336,25,1.4314121007919312,1.2103431224822998,-21.089014053344727,1503.7759698011328,952.1284245504796,44.91295480990923,3.2093406756787055,0.11414190381765366,0.11392929404973984,-55.03608322143555,0,5.255553245544434,0.00038330937968567014,1153.0394287109375,8.588472366333008,44.91295480990923,3.2093406756787055
4774.3095703125,233.1238555908203,-9.19727611541748,0.05302808806300163,2569.724853515625,114.16011047363281,-8.5247163772583,0.04824558645486832,4077.265869140625,216.5614776611328,-9.025922775268555,0.05768222361803055,123.03765869140625,63,2.7612626552581787,1.768588900566101,73.75965118408203,1210.4268255625946,980.3074321286085,44.915043037798505,3.230706751061829,0.14408068358898163,0.14327721297740936,71.72004699707031,2,8.372405052185059,0.0006106322980485857,3650.817138671875,16.567575454711914,44.915043037798505,3.2307067510618284
2572.0185546875,192.5770721435547,-8.52568531036377,0.08131305873394012,1586.2576904296875,113.3456039428711,-8.000934600830078,0.07759983092546463,1852.7650146484375,186.3528289794922,-8.169550895690918,0.1092308908700943,94.7553482055664,37,2.386211633682251,1.5125389099121094,-15.950276374816895,125.35170844556144,965.6022810072749,44.91407557285618,3.3097273694460076,0.188631072640419,0.1883908212184906,76.44686889648438,2,9.857352256774902,0.0007189668249338865,801.9180297851562,14.317270278930664,44.91407557285618,3.30972736944602
4737.3193359375,158.9662628173828,-9.188831329345703,0.03644199296832085,3916.493896484375,115.94591522216797,-8.982243537902832,0.0321505069732666,4440.4814453125,164.4674530029297,-9.118575096130371,0.040223486721515656,266.008544921875,48,1.7906841039657593,1.479939341545105,-58.62821960449219,621.8504060236054,970.2514951474434,44.91436493485474,3.2735714726557545,0.05777541920542717,0.057611435651779175,-74.49376678466797,2,3.9537642002105713,0.00028836706769652665,4298.62060546875,10.744104385375977,44.91436493485474,3.2735714726557545
1870.522216796875,178.6495361328125,-8.179906845092773,0.1037215143442154,1005.9766235351562,112.4372787475586,-7.5064697265625,0.12138143181800842,1728.347900390625,238.9632110595703,-8.094078063964844,0.15015150606632233,60.43487548828125,15,1.2300001382827759,1.0185353755950928,-18.30560302734375,2021.3585817334326,955.9124627665291,44.913187820291974,3.1716392970069247,0.37411460280418396,0.3725438714027405,79.06562042236328,3,6.682538986206055,0.0004873962898273021,1793.8414306640625,7.380001068115234,44.913187820291974,3.1716392970069243
2722.873779296875,148.58499145507812,-8.587569236755371,0.05926213040947914,2253.8359375,113.91773986816406,-8.382306098937988,0.0548907108604908,2439.209228515625,153.48294067382812,-8.468122482299805,0.06833463907241821,123.86021423339844,36,1.6338633298873901,1.4724400043487549,83.26199340820312,272.5890940461571,969.0937859587746,44.91431584712789,3.2990055597154084,0.10396204143762589,0.10339491814374924,-88.96745300292969,0,5.351716995239258,0.00039033431676216424,2059.689208984375,9.803179740905762,44.91431584712789,3.2990055597154084
726.80517578125,115.88744354248047,-7.153544902801514,0.17316024005413055,584.162841796875,112.0643310546875,-6.916335105895996,0.2083355039358139,561.9654541015625,118.07347869873047,-6.874274253845215,0.22817736864089966,54.63978958129883,11,1.4151735305786133,0.8171896934509277,-25.168983459472656,35.80677815183073,957.8739153428372,44.91351930912539,3.31624782017965,0.32332658767700195,0.3221014440059662,-5.4599080085754395,0,6.417496681213379,0.0004680776328314096,79.0906753540039,8.49104118347168,44.91351930912539,3.3162478201796626
9950.8134765625,270.2894287109375,-9.994646072387695,0.029498524963855743,5377.0078125,117.41559600830078,-9.326351165771484,0.02371455356478691,9037.7880859375,276.23248291015625,-9.890155792236328,0.03319268673658371,212.3213348388672,126,2.9309866428375244,2.673344373703003,-11.113113403320312,83.22635418863726,984.3430030889948,44.91545134090287,3.3127953169009268,0.0772939994931221,0.07716228067874908,80.53315734863281,0,7.863082408905029,0.000573511584661901,9509.03515625,17.585920333862305,44.91545134090287,3.312795316900927
599.2515258789062,106.0038833618164,-6.9440226554870605,0.1921066790819168,455.2002868652344,111.95370483398438,-6.645506381988525,0.26709499955177307,475.1027526855469,114.80089569091797,-6.69196891784668,0.2624143362045288,47.51393508911133,9,1.2458503246307373,1.1276295185089111,55.57549285888672,804.7568736545985,963.7956154713604,44.913874342714806,3.260251149369019,0.432699054479599,0.43177902698516846,-32.15019226074219,0,7.080739498138428,0.0005164291360415518,171.365234375,7.475101947784424,44.913874342714806,3.260251149369019
1601.450927734375,157.08731079101562,-8.011283874511719,0.10652641206979752,1064.5677490234375,112.24425506591797,-7.567933082580566,0.11450400203466415,1056.9124755859375,149.8233184814453,-7.560097694396973,0.1539466381072998,60.916866302490234,25,1.6695863008499146,1.4074513912200928,65.90933227539062,1054.0027543454905,975.0411891821246,44.91467270730088,3.242099207188066,0.21840649843215942,0.21784263849258423,-71.1529312133789,0,7.6737961769104,0.0005596803966909647,375.49285888671875,10.017518043518066,44.91467270730088,3.242099207188066
314115.21875,428.615234375,-13.742722511291504,0.0014818643685430288,259362.703125,286.3627624511719,-13.534769058227539,0.0011990542989224195,304812.46875,358.6722106933594,-13.710082054138184,0.001277894014492631,16335.9375,350,2.2596471309661865,2.2130932807922363,63.271358489990234,462.709387251655,1019.8572583257087,44.91801062426069,3.2851615779276893,0.0025151006411761045,0.002461232477799058,-87.18914031982422,0,3.690061092376709,0.00026913528563454747,313061.53125,13.557882308959961,44.91801062426069,3.2851615779277012
4151.88623046875,276.2060852050781,-9.045613288879395,0.07224663347005844,1392.146484375,112.94111633300781,-7.859212398529053,0.08810427039861679,2350.47119140625,300.8575744628906,-8.427886962890625,0.13900673389434814,85.4853744506836,49,3.5963611602783203,1.542205810546875,-37.21390914916992,1999.3798279357866,1082.5596235842083,44.92245218161011,3.1732400578233713,0.2579360008239746,0.25685960054397583,-17.448352813720703,3,14.121191024780273,0.0010299471905454993,3213.888427734375,21.578166961669922,44.92245218161011,3.1732400578233713
17843.419921875,320.04571533203125,-10.628695487976074,0.019478868693113327,7447.12109375,120.21106719970703,-9.679970741271973,0.017530158162117004,16148.330078125,331.6340637207031,-10.520318984985352,0.02230289950966835,239.79263305664062,200,4.489270210266113,2.4827044010162354,-23.166170120239258,1157.007607421436,1002.1201098789949,44.91664376151936,3.2345975895360364,0.0685063973069191,0.06751547008752823,-25.56269645690918,0,11.55144214630127,0.0008424918632954359,11710.8046875,26.93562126159668,44.91664376151936,3.2345975895360484
7381.59765625,81.01642608642578,-9.67037582397461,0.011919349431991577,7219.658203125,119.99777221679688,-9.646291732788086,0.018050381913781166,7330.61083984375,90.1391372680664,-9.662850379943848,0.013353744521737099,1815.054443359375,16,1.3587360382080078,0.4615005850791931,68.7420883178711,693.23359040271,987.7632673112523,44.91563898235772,3.26837328576797,0.014855393208563328,0.013336197473108768,65.90144348144531,0,3.577944040298462,0.0002609557705000043,6993.6220703125,8.152416229248047,44.91563898235771,3.268373285767995
7896.998046875,340.4726257324219,-9.74365520477295,0.04682200402021408,2475.48095703125,114.30802154541016,-8.484148979187012,0.05014723166823387,5636.3388671875,339.17315673828125,-9.377492904663086,0.06535129249095917,105.61565399169922,123,4.149777889251709,2.8621041774749756,-66.64186096191406,94.85356368808823,1025.090934278592,44.918431927910966,3.3119494982820723,0.1834384799003601,0.18239715695381165,-60.344146728515625,0,15.5853910446167,0.0011367504484951496,4967.109375,24.898666381835938,44.918431927910966,3.3119494982820727
1527.4744873046875,58.932228088378906,-7.959934711456299,0.041899487376213074,1821.7518310546875,113.40730285644531,-8.151223182678223,0.06760543584823608,1995.6241455078125,80.28764343261719,-8.25019645690918,0.043691784143447876,280.021484375,9,1.270660400390625,0.46430227160453796,58.407901763916016,1855.5160196233408,986.052352645553,44.915405711291584,3.1837200432053767,0.059762418270111084,0.05738425254821777,58.22138214111328,3,4.37996768951416,0.00031945391674526036,1690.6044921875,7.62396240234375,44.915405711291584,3.1837200432053767
2443.325927734375,201.9714813232422,-8.469953536987305,0.08977150171995163,1425.9063720703125,112.98124694824219,-7.885227680206299,0.08604887127876282,1971.7120361328125,185.77691650390625,-8.237109184265137,0.10232413560152054,75.7374038696289,34,2.179232358932495,1.6506558656692505,36.24809646606445,279.0138741221418,998.56932647628,44.91647198787762,3.2985382794840614,0.2542805075645447,0.25391504168510437,38.40464782714844,2,11.364591598510742,0.0008288887911476195,1063.9599609375,13.075393676757812,44.91647198787762,3.2985382794840494
8962.8349609375,250.42942810058594,-9.881113052368164,0.030343787744641304,5255.59375,117.69587707519531,-9.301554679870605,0.024320319294929504,7630.78662109375,241.74832153320312,-9.706422805786133,0.034405190497636795,249.81301879882812,100,2.9539735317230225,2.0164709091186523,-65.44959259033203,120.02369209319669,1018.629632333598,44.9179564713593,3.310116468469982,0.06694476306438446,0.06629263609647751,-60.457759857177734,2,7.702861785888672,0.0005618222057819366,7198.93017578125,17.723840713500977,44.9179564713593,3.310116468469982
1242.3914794921875,159.32595825195312,-7.7356462478637695,0.1392700970172882,661.7715454101562,112.15727996826172,-7.051770210266113,0.18405568599700928,447.74847412109375,229.82469177246094,-6.627585411071777,0.5574326515197754,42.198795318603516,16,1.704623818397522,1.1263673305511475,-89.96795654296875,888.886813898361,1002.4254841060517,44.91669217351171,3.2541247496359875,0.28178152441978455,0.2810781002044678,-70.00186920166016,1,8.28885555267334,0.0006045402842573822,1263.58203125,10.227743148803711,44.91669217351172,3.254124749635975
712.5183715820312,111.4363021850586,-7.1319899559021,0.1698480099439621,783.6754150390625,112.1714859008789,-7.235340595245361,0.15544475615024567,621.6213989257812,117.09444427490234,-6.983814716339111,0.20456916093826294,48.281639099121094,11,1.8094794750213623,0.7933788299560547,-61.33081817626953,1526.2565348383814,1008.3702461814171,44.91706666887205,3.2077035490392167,0.311659574508667,0.3108079731464386,-81.06822967529297,0,7.158561706542969,0.0005221047322265804,-332.47979736328125,10.856876373291016,44.91706666887205,3.207703549039204
2452.168701171875,185.00225830078125,-8.473875999450684,0.08193255960941315,1740.60595703125,113.3546371459961,-8.101751327514648,0.07072430104017258,2241.115234375,172.93499755859375,-8.376160621643066,0.08380086719989777,83.65814971923828,38,1.9180930852890015,1.6119064092636108,68.70263671875,760.5414783635039,1010.5070945662179,44.91729620749422,3.263471885857052,0.19273591041564941,0.19239862263202667,-76.0230941772461,0,7.495420932769775,0.000546673487406224,1812.475830078125,11.50855827331543,44.91729620749421,3.2634718858570766
752.2449340820312,123.81017303466797,-7.1908979415893555,0.17874211072921753,438.58465576171875,111.84574127197266,-6.605133533477783,0.276946485042572,375.4722900390625,161.11453247070312,-6.4364447593688965,0.4660007953643799,46.79099655151367,10,1.7914135456085205,0.7245058417320251,83.04600524902344,1946.883882170851,1010.9003344883808,44.91721551417024,3.177064360168551,0.36136752367019653,0.35992300510406494,52.0875358581543,0,6.803050518035889,0.0004961852682754397,338.5399169921875,10.748481750488281,44.91721551417024,3.1770643601685506
8327.1494140625,222.2991180419922,-9.801240921020508,0.028991535305976868,5229.359375,117.4145278930664,-9.296121597290039,0.024383902549743652,7696.693359375,238.19349670410156,-9.715760231018066,0.033608995378017426,193.8303985595703,95,2.7940151691436768,2.041327476501465,-3.5651376247406006,550.4370223051325,1023.8470490804591,44.91829352388877,3.2787730053944366,0.07580805569887161,0.07513649761676788,-3.912166118621826,0,7.63154935836792,0.0005566059844568372,6533.9521484375,16.76409149169922,44.91829352388877,3.2787730053944366
2373.552978515625,196.6763153076172,-8.438497543334961,0.08998765796422958,835.8574829101562,112.32166290283203,-7.305330753326416,0.1459355652332306,901.0035400390625,130.3360595703125,-7.386816024780273,0.1570970118045807,63.67512512207031,16,2.075200319290161,0.8209942579269409,-74.59071350097656,226.6708157527243,1026.9863694957758,44.918556793511,3.302350536626508,0.29203853011131287,0.2906592786312103,-74.66026306152344,0,7.804415702819824,0.0005692243576049805,46.25002670288086,12.451202392578125,44.918556793510994,3.302350536626532
4866.8701171875,246.50680541992188,-9.218124389648438,0.055005863308906555,2491.171630859375,114.24026489257812,-8.491008758544922,0.04980183765292168,4086.91064453125,231.9411163330078,-9.028488159179688,0.061632875353097916,111.87255859375,67,2.907752275466919,1.8988206386566162,-82.54316711425781,17.88072110067631,1040.7326118281617,44.91958466014106,3.317554989764067,0.1645580530166626,0.164192795753479,-85.6368179321289,18,10.825218200683594,0.0007895619492046535,-1784.1600341796875,17.446514129638672,44.91958466014106,3.317554989764067
8473.5927734375,150.353271484375,-9.820168495178223,0.019269706681370735,7683.3466796875,120.18812561035156,-9.713875770568848,0.01698794960975647,8473.279296875,163.26358032226562,-9.820128440856934,0.02092510461807251,484.1246643066406,57,1.668303370475769,1.5694574117660522,-72.03926849365234,654.5272008138041,1029.079837531506,44.918665744156506,3.271192759239391,0.03217187523841858,0.03206247091293335,84.4298095703125,0,3.871680736541748,0.0002823792165145278,8356.2998046875,10.009819984436035,44.918665744156506,3.271192759239403
616.8206176757812,109.60794830322266,-6.975397109985352,0.1929803043603897,508.26959228515625,111.75321960449219,-6.765235424041748,0.23877878487110138,536.2970581054688,176.5573272705078,-6.823513507843018,0.35752809047698975,55.620121002197266,9,1.634621024131775,0.6665230393409729,36.12611770629883,1794.216366328675,1020.9027643890137,44.917959848304996,3.1881853241351616,0.40185537934303284,0.4000995457172394,11.962655067443848,0,6.226649761199951,0.0004541414382401854,341.3033447265625,9.80772590637207,44.917959848305,3.1881853241351488
589.909423828125,103.42475128173828,-6.9269633293151855,0.1904008835554123,581.9979858398438,112.10568237304688,-6.912303924560547,0.2091876119375229,574.0084228515625,135.56260681152344,-6.8972954750061035,0.25647878646850586,48.94935607910156,9,1.3446301221847534,0.6608761548995972,-69.29058837890625,976.1246501946647,1021.4704888152312,44.91807685983115,3.247771596861125,0.46468862891197205,0.4636555314064026,-57.774288177490234,1,5.615265846252441,0.0004095436888746917,461.32025146484375,8.067780494689941,44.91807685983115,3.247771596861125
1518478.125,779.7438354492188,-15.453521728515625,0.0005576647818088531,1248226.25,589.6432495117188,-15.24073314666748,0.0005130100762471557,1477986.375,674.0092163085938,-15.424176216125488,0.0004952508606947958,52514.6875,731,2.494636297225952,2.4150054454803467,84.6775131225586,1073.6512259715744,1097.285702238714,44.923613508850124,3.2406696518202867,0.0012351215118542314,0.0011285173241049051,-87.9773941040039,4,4.667079925537109,0.00034038821468129754,1512502.5,14.967817306518555,44.923613508850124,3.240669651820287
645.0137939453125,104.91002655029297,-7.023922443389893,0.17663542926311493,575.8296508789062,111.8783950805664,-6.900734901428223,0.21099978685379028,497.6469421386719,98.67974853515625,-6.742303371429443,0.2153458595275879,59.959869384765625,10,1.585598349571228,0.6200405955314636,-10.538276672363281,976.1770510833398,1018.3206302143374,44.917846422425924,3.2477677400441984,0.2679564654827118,0.2676474153995514,7.353247165679932,1,5.910766124725342,0.0004310957156121731,101.29257202148438,9.513589859008789,44.91784642242593,3.247767740044186
2243.918212890625,211.02615356445312,-8.377517700195312,0.10213135182857513,1115.644775390625,112.48062896728516,-7.618814945220947,0.10949180275201797,2167.1865234375,286.9486999511719,-8.339740753173828,0.1437930166721344,58.92988586425781,19,2.3729844093322754,1.3860507011413574,17.200199127197266,241.63007716000135,1038.5472389442264,44.919401166948056,3.3012614243171985,0.34453925490379333,0.34442004561424255,13.35698413848877,2,10.865060806274414,0.0007924545207060874,2051.83154296875,14.237906455993652,44.919401166948056,3.3012614243171985
7023.21142578125,74.59473419189453,-9.616339683532715,0.011534592136740685,6875.10986328125,119.32302856445312,-9.593198776245117,0.018848398700356483,6898.29541015625,86.69746398925781,-9.596854209899902,0.013648798689246178,1666.555908203125,13,1.0244927406311035,0.5405064821243286,64.29607391357422,702.7844170849323,1025.1033348541591,44.91836991440141,3.2676783352859617,0.01235105562955141,0.011300950311124325,69.6866683959961,0,2.4996049404144287,0.00018230723799206316,6659.0849609375,6.146956443786621,44.91836991440141,3.2676783352859617
6680.900390625,238.144775390625,-9.562087059020996,0.03871113434433937,3965.37841796875,115.96004486083984,-8.995711326599121,0.031758032739162445,5376.70751953125,211.04266357421875,-9.32629108428955,0.042626891285181046,180.06788635253906,73,2.2327158451080322,2.03293514251709,-34.12201690673828,1561.9399172137928,1043.7638932749578,44.9196523301452,3.2051046128035905,0.08257603645324707,0.08240669965744019,-59.36452102661133,0,6.2213454246521,0.0004537504864856601,5081.14990234375,13.396295547485352,44.9196523301452,3.2051046128035905
635.9978637695312,112.619873046875,-7.008639335632324,0.19230438768863678,306.072021484375,111.46583557128906,-6.214559078216553,0.3955013155937195,394.3282470703125,108.07408905029297,-6.489644527435303,0.2976415157318115,40.22178649902344,9,1.3777499198913574,0.8891509175300598,49.015174865722656,388.2522079104789,1027.913161608003,44.918607763998054,3.290583912264752,0.4617422819137573,0.46159687638282776,66.01305389404297,0,6.6072235107421875,0.0004819007881451398,-209.6063232421875,8.266499519348145,44.918607763998054,3.290583912264764
971.40673828125,130.0542449951172,-7.468502998352051,0.14539626240730286,608.7421875,111.87387084960938,-6.96108341217041,0.19958370923995972,613.4998779296875,119.16980743408203,-6.969536304473877,0.21095100045204163,63.04682540893555,15,1.4138083457946777,1.0612291097640991,-89.26160430908203,192.49687136322578,1032.4944615193838,44.918963421222536,3.3048392300980396,0.2748429477214813,0.27470532059669495,-9.187756538391113,0,7.319804668426514,0.0005338797345757484,232.9014892578125,8.482850074768066,44.918963421222536,3.3048392300980525
1231.4837646484375,146.69786071777344,-7.726071834564209,0.1293674260377884,977.6758422851562,112.40347290039062,-7.475487232208252,0.12485750764608383,1000.3397216796875,129.49095153808594,-7.500368595123291,0.14057941734790802,56.918235778808594,19,1.4223520755767822,1.218523383140564,-44.315250396728516,1828.228462644393,1034.8483969759434,44.91897694419687,3.185707780625564,0.26625072956085205,0.2657119631767273,-78.87525177001953,0,6.298674583435059,0.0004593956982716918,895.6629028320312,8.534112930297852,44.91897694419687,3.185707780625564
757.6765747070312,121.76870727539062,-7.198709487915039,0.1745346486568451,397.7120666503906,111.7085189819336,-6.498921871185303,0.3050333559513092,349.8355712890625,86.49669647216797,-6.3596601486206055,0.2685130536556244,46.40282440185547,7,1.6482526063919067,0.5175096988677979,-17.474334716796875,800.9708718328422,1031.6606714940492,44.91883975566442,3.260527866445156,0.4053223133087158,0.4038066565990448,-31.304367065429688,18,5.499676704406738,0.0004011145210824907,227.6209259033203,9.88951587677002,44.91883975566442,3.260527866445156
969.0387573242188,129.1431427001953,-7.465852737426758,0.14473049342632294,690.6417846679688,111.97212982177734,-7.098132133483887,0.17607063055038452,703.7085571289062,111.81173706054688,-7.1184821128845215,0.17255374789237976,69.01335144042969,15,1.2495723962783813,0.9921689033508301,85.74364471435547,971.2903132096161,1037.313314699954,44.91923633809885,3.248123884022875,0.24201829731464386,0.2417219877243042,-23.90499496459961,0,5.589658260345459,0.0004076759214513004,714.5457763671875,7.497434616088867,44.91923633809885,3.248123884022875
2379.853271484375,153.9821319580078,-8.441375732421875,0.07026676833629608,1928.15234375,113.48981475830078,-8.21285343170166,0.06392127275466919,1962.2437744140625,154.6655731201172,-8.231882095336914,0.08559936285018921,113.76191711425781,34,1.6281342506408691,1.4495368003845215,-54.9847526550293,481.18270809835,1049.9947591366479,44.92021379013884,3.283816846403944,0.11707308143377304,0.11674021929502487,-81.32489013671875,0,5.217004776000977,0.00038050219882279634,1811.23095703125,9.768805503845215,44.92021379013883,3.283816846403956
5664.5732421875,87.05956268310547,-9.382918357849121,0.016690874472260475,5259.42529296875,117.23905181884766,-9.302345275878906,0.024208273738622665,5527.63671875,100.51594543457031,-9.356348991394043,0.019748099148273468,744.9857788085938,20,2.2890682220458984,0.43775659799575806,71.01698303222656,1056.9148427642012,1050.905655532136,44.92022227724065,3.2418880145220554,0.0447603240609169,0.04123528674244881,70.4688491821289,0,5.968169212341309,0.00043528186506591737,4319.599609375,13.73440933227539,44.92022227724065,3.241888014522056
7293.77783203125,123.60099792480469,-9.657381057739258,0.01840345188975334,3843.1767578125,115.90348052978516,-8.961726188659668,0.03275185823440552,6908.03271484375,150.13589477539062,-9.59838581085205,0.02360260672867298,722.8413696289062,40,4.496940612792969,0.47956764698028564,24.471982955932617,1280.2932109249014,1064.055081353394,44.92116263732237,3.225618942360452,0.07668349891901016,0.012096207588911057,25.810001373291016,0,8.788129806518555,0.0006409533671103418,509.60418701171875,26.981643676757812,44.92116263732237,3.2256189423604393
678.4730224609375,114.32749938964844,-7.078831672668457,0.1829986721277237,590.57470703125,111.98408508300781,-6.928187370300293,0.2059260457754135,639.87451171875,216.70440673828125,-7.015236854553223,0.36779239773750305,47.231807708740234,10,2.296846389770508,0.9243674278259277,11.143463134765625,1485.4415370973077,1053.2581750874542,44.92035373357384,3.2106766760704692,0.4641093313694,0.46342331171035767,1.9770790338516235,16,8.719249725341797,0.000635932432487607,138.00083923339844,13.781078338623047,44.92035373357384,3.2106766760704692
654.04931640625,114.95162200927734,-7.039026260375977,0.1908685714006424,190.33985900878906,111.37056732177734,-5.698824405670166,0.635434091091156,175.67489624023438,115.52096557617188,-5.611774444580078,0.714136004447937,51.1694450378418,9,1.96256685256958,0.734368085861206,-16.247041702270508,994.8875588938924,1053.4571815460288,44.92041502870148,3.246405514937022,0.520500898361206,0.5182345509529114,-64.55081176757812,0,7.172754764556885,0.0005231371615082026,-696.695068359375,11.77540111541748,44.92041502870148,3.246405514937022
2319.589111328125,198.30101013183594,-8.413527488708496,0.09284182637929916,707.953857421875,112.38798522949219,-7.125012397766113,0.1724029779434204,1098.53173828125,196.75164794921875,-7.602031707763672,0.1945071667432785,63.27460861206055,9,1.2301545143127441,0.7043712735176086,54.65416717529297,600.3275580697511,1063.7334080573821,44.92120666892487,3.2751404505249475,0.350798636674881,0.34974226355552673,-33.744747161865234,2,5.543731212615967,0.0004043296503368765,1427.5235595703125,7.380927085876465,44.92120666892486,3.2751404505249715
16949.69140625,418.4012145996094,-10.572904586791992,0.026807786896824837,4532.86181640625,116.65753173828125,-9.140931129455566,0.027949249371886253,14075.49609375,389.590576171875,-10.371159553527832,0.030059002339839935,178.92538452148438,220,4.311346054077148,3.60839581489563,86.20933532714844,1413.920285766089,1119.6458587982663,44.92521636854621,3.2158865715053295,0.12670759856700897,0.12644527852535248,-88.53313446044922,2,13.681238174438477,0.0009978309972211719,11609.0078125,25.86807632446289,44.9252163685462,3.215886571505341
2373.2568359375,187.97718811035156,-8.438362121582031,0.08601817488670349,1648.693603515625,113.3326644897461,-8.04284954071045,0.07465260475873947,1657.1646728515625,177.40771484375,-8.04841423034668,0.11626169830560684,77.13663482666016,37,1.9381474256515503,1.684198260307312,-54.93000030517578,646.2822442015212,1070.107569660502,44.9216682953353,3.2717938951154952,0.18331395089626312,0.18293268978595734,89.9961166381836,0,8.382962226867676,0.0006114065763540566,632.8902587890625,11.628884315490723,44.9216682953353,3.2717938951154952
22583.666015625,206.80471801757812,-10.884486198425293,0.009944794699549675,18766.7734375,131.8789825439453,-10.683473587036133,0.007631603628396988,21888.982421875,206.9224395751953,-10.850564002990723,0.010266249999403954,1180.8365478515625,113,2.0630569458007812,1.8839528560638428,-74.1867446899414,1916.793991041656,1088.3981129430529,44.92288604210701,3.179256210329548,0.015281897969543934,0.015135231427848339,-88.21713256835938,0,3.7460896968841553,0.00027322443202137947,21927.904296875,12.378341674804688,44.92288604210701,3.1792562103295365
1286.4444580078125,146.77645874023438,-7.773477554321289,0.12390681356191635,1045.4530029296875,112.65941619873047,-7.5482611656188965,0.11702881008386612,1207.106689453125,155.599365234375,-7.70436429977417,0.13998837769031525,76.37158966064453,20,1.9279797077178955,1.2957484722137451,5.146556854248047,835.3664240959438,1066.754783517335,44.92140375502414,3.258023451518873,0.3151857256889343,0.31450557708740234,25.015796661376953,0,6.894120216369629,0.000502816226799041,160.34298706054688,11.567878723144531,44.92140375502414,3.258023451518873
13446.00390625,274.9067687988281,-10.32148265838623,0.022203529253602028,7736.17724609375,120.2880859375,-9.72131633758545,0.016885969787836075,12414.9580078125,284.0051574707031,-10.23486328125,0.024843387305736542,372.3847961425781,149,2.930999279022217,2.7783336639404297,-2.1281180381774902,1967.9021202070003,1094.724776476487,44.92334449703813,3.1755331229184067,0.0509372279047966,0.05085280165076256,-73.74417114257812,0,5.342990398406982,0.00038969729212112725,12624.869140625,17.585994720458984,44.92334449703813,3.1755331229184187
806123.75,604.9743041992188,-14.76600456237793,0.0008150139474309981,662733.125,436.26593017578125,-14.553346633911133,0.0007148953154683113,783624.1875,512.9716186523438,-14.735269546508789,0.0007109111757017672,40393.73828125,550,2.3756232261657715,2.3475611209869385,84.37674713134766,1058.4389818706447,1139.7150028923008,44.9267188520034,3.241778122816683,0.0015279764775186777,0.001481213141232729,-86.17382049560547,0,3.7335214614868164,0.0002723000943660736,804678.0,14.253739356994629,44.9267188520034,3.241778122816683
13913.060546875,281.0177307128906,-10.358556747436523,0.02193516306579113,6819.35595703125,119.094970703125,-9.584358215332031,0.018966181203722954,12867.8564453125,294.8507995605469,-10.273765563964844,0.024884328246116638,241.53492736816406,155,3.3774192333221436,2.587066173553467,5.300423622131348,144.63632957908717,1094.8701176588206,44.9235327439174,3.3083258236026944,0.06744801998138428,0.06700070202350616,-2.975137710571289,0,8.658230781555176,0.0006314986385405064,11102.3056640625,20.264514923095703,44.9235327439174,3.3083258236027073
904.665771484375,131.06649780273438,-7.391220569610596,0.15733790397644043,442.7557373046875,111.894775390625,-6.615410327911377,0.274457722902298,375.82611083984375,113.60601806640625,-6.437467575073242,0.32827985286712646,31.04791259765625,9,2.3238537311553955,0.604230523109436,-27.69063949584961,1985.5061564822747,1069.9116483267492,44.921528287630196,3.174250751393266,0.35780689120292664,0.3570457100868225,-84.0638427734375,2,7.078921794891357,0.0005163093446753919,165.2907257080078,13.943122863769531,44.921528287630196,3.174250751393266
640.8367919921875,113.28398895263672,-7.016868591308594,0.19197775423526764,247.74588012695312,111.7046127319336,-5.985015869140625,0.48965984582901,269.9098205566406,110.1776351928711,-6.078046798706055,0.44330698251724243,44.815643310546875,9,1.4452077150344849,0.8780468106269836,-44.53752899169922,1642.87954280908,1071.165852357108,44.921649365250914,3.199209104068954,0.4072158634662628,0.40617018938064575,-71.6033706665039,0,6.725980758666992,0.0004905578098259866,97.6420669555664,8.671246528625488,44.921649365250914,3.199209104068954
1421.2232666015625,156.38870239257812,-7.881655693054199,0.11950137466192245,952.341796875,112.19775390625,-7.446981906890869,0.12794436514377594,1087.030029296875,222.58360290527344,-7.590603828430176,0.22237269580364227,63.856300354003906,22,1.9529942274093628,1.1084593534469604,-38.04311752319336,2006.5872911275724,1080.9721701584162,44.92233549045217,3.1727150101654455,0.22882984578609467,0.22767511010169983,-21.448627471923828,3,8.804985046386719,0.0006422031437978148,1751.50048828125,11.717965126037598,44.92233549045216,3.1727150101654704
19146.912109375,367.4682922363281,-10.705246925354004,0.020842554047703743,5942.07177734375,118.06002044677734,-9.434844970703125,0.02157718501985073,17389.140625,376.9371643066406,-10.600695610046387,0.023540770635008812,187.67530822753906,222,6.2044267654418945,2.3419480323791504,17.49383544921875,752.2010674086795,1115.2846612641,44.92496262083251,3.2640809550753946,0.1071157231926918,0.10527592152357101,16.729524612426758,0,18.0560359954834,0.001316900597885251,9943.701171875,37.2265625,44.92496262083251,3.264080955075407
1290.4188232421875,134.28646850585938,-7.776826858520508,0.11301377415657043,1070.6429443359375,112.64572143554688,-7.574111461639404,0.11426147818565369,1138.1949462890625,131.51974487304688,-7.6405415534973145,0.12548856437206268,83.83612823486328,20,1.621139645576477,1.006557583808899,28.243654251098633,1532.6125286118095,1080.6479415223064,44.92235285732479,3.2072409839261726,0.21411263942718506,0.21364571154117584,15.684565544128418,0,6.487022399902344,0.0004731275257654488,948.60791015625,9.726838111877441,44.922352857324796,3.2072409839261597
593.6423950195312,104.54239654541016,-6.933812141418457,0.19124820828437805,508.2269287109375,111.92931365966797,-6.765144348144531,0.23917511105537415,708.6400756835938,137.49868774414062,-7.126064300537109,0.21071849763393402,46.76190185546875,9,1.7163443565368652,1.1370790004730225,36.743804931640625,1238.4462033973784,1092.1793645273594,44.9232239243538,3.2286671088327026,0.8713359832763672,0.8696890473365784,18.992626190185547,3,8.357248306274414,0.0006095272256061435,2.8522274494171143,10.298066139221191,44.9232239243538,3.2286671088327026
1540.6265869140625,159.1156005859375,-7.96924352645874,0.11216185986995697,1013.1248779296875,112.44580841064453,-7.514157295227051,0.12053415924310684,1038.274658203125,153.05897521972656,-7.540780544281006,0.1600944846868515,74.97587585449219,21,1.935787320137024,1.2589552402496338,77.9583511352539,349.419913062117,1101.8862992911916,44.92402437153686,3.29341325268261,0.22479699552059174,0.2245415449142456,49.699615478515625,2,7.521867275238037,0.0005486093577928841,628.1834716796875,11.614724159240723,44.924024371536866,3.293413252682598
785.5277709960938,100.18248748779297,-7.237904071807861,0.138503298163414,830.7772216796875,112.271728515625,-7.29871129989624,0.1467626988887787,830.5502319335938,120.44081115722656,-7.298414707183838,0.15748441219329834,63.01974868774414,12,1.2800012826919556,1.1873981952667236,-80.56143188476562,1236.5632283062037,1091.0909401609247,44.92314448703984,3.2288042425835535,0.2302495539188385,0.22902382910251617,-89.03514099121094,3,7.367648601531982,0.0005373517633415759,797.072021484375,7.6800079345703125,44.92314448703984,3.228804242583554
2302.52294921875,70.59832000732422,-8.405509948730469,0.03329816088080406,2023.67333984375,113.60277557373047,-8.265351295471191,0.060964688658714294,2094.23486328125,83.45719146728516,-8.302563667297363,0.043278101831674576,367.79144287109375,13,1.7484136819839478,0.4313183128833771,65.89044952392578,314.1955320523096,1102.8071253285052,44.92409547626027,3.2959784046841403,0.0675935298204422,0.06391420215368271,64.88408660888672,3,5.165591716766357,0.0003767544694710523,1357.5367431640625,10.490482330322266,44.92409547626027,3.2959784046841527
3379.883544921875,87.88219451904297,-8.822254180908203,0.028237678110599518,3239.025390625,115.20144653320312,-8.776036262512207,0.03862543776631355,3437.783203125,108.43684387207031,-8.840696334838867,0.03425533324480057,390.6313781738281,20,2.148311138153076,0.5389278531074524,64.62362670898438,317.50733425768163,1109.43560900854,44.92458012750959,3.295737369041915,0.06973394006490707,0.06603071093559265,63.834529876708984,3,6.421201705932617,0.000468332611490041,2398.227783203125,12.889866828918457,44.92458012750959,3.2957373690419156
2198.396728515625,194.9388885498047,-8.355265617370605,0.09629910439252853,1297.3177490234375,112.52234649658203,-7.782616138458252,0.09419377893209457,1458.097900390625,148.53366088867188,-7.909466743469238,0.11062875390052795,66.9811782836914,19,1.6870033740997314,1.3712128400802612,-53.102500915527344,361.32207601959766,1113.1938992319594,44.92485047215695,3.2925467341475514,0.2649860680103302,0.2643425464630127,64.37773132324219,2,7.612165451049805,0.0005551944486796856,1047.1551513671875,10.122020721435547,44.92485047215695,3.292546734147564
3712.267333984375,177.4790802001953,-8.924098014831543,0.051920365542173386,2807.82763671875,114.6548080444336,-8.620925903320312,0.04434571415185928,3258.683349609375,182.0298614501953,-8.782605171203613,0.060663897544145584,143.43646240234375,50,2.0143356323242188,1.6695855855941772,-52.65746307373047,1935.747176547283,1111.315062961897,44.92456054492976,3.1778755123990616,0.10482616722583771,0.10444892942905426,-62.891754150390625,0,6.007457256317139,0.000438160466728732,2952.08056640625,12.086013793945312,44.92456054492976,3.177875512399061
3976.55029296875,254.22154235839844,-8.99876594543457,0.06942816823720932,1525.4840087890625,113.14306640625,-7.958518981933594,0.08054713904857635,3441.160888671875,286.2567138671875,-8.84176254272461,0.09034009277820587,76.87338256835938,62,4.092042922973633,2.0958287715911865,-49.41841506958008,815.8385125996168,1120.7022650971585,44.925352448813044,3.2594464630654145,0.27989891171455383,0.2790297269821167,-46.6268424987793,3,17.56744384765625,0.0012812637723982334,745.1775512695312,24.552257537841797,44.925352448813044,3.259446463065402
963.12353515625,125.97499084472656,-7.459205150604248,0.14204703271389008,964.8546752929688,112.34432220458984,-7.461154937744141,0.1264500617980957,963.8290405273438,132.27574157714844,-7.460000038146973,0.14904245734214783,62.059139251708984,15,1.7477251291275024,1.0498019456863403,-82.51261901855469,1716.5710191756195,1108.0205532915422,44.92433845760471,3.1938414084614712,0.2963161766529083,0.29506775736808777,-84.39111328125,0,8.101348876953125,0.0005908728926442564,99.56559753417969,10.486351013183594,44.92433845760471,3.1938414084614712
1596.89453125,172.93814086914062,-8.008190155029297,0.11761003732681274,955.6141967773438,112.46473693847656,-7.450706481933594,0.12780964374542236,1093.069091796875,161.7114715576172,-7.596619129180908,0.16066564619541168,49.66947937011719,24,2.0868427753448486,1.3036574125289917,60.91732406616211,244.76662904183772,1112.4107228162356,44.924805553130355,3.301034574920945,0.32680976390838623,0.3256886601448059,71.09506225585938,0,9.877110481262207,0.0007203934364952147,255.80360412597656,12.52105712890625,44.924805553130355,3.3010345749209575
3960.23388671875,206.6293182373047,-8.994301795959473,0.05666317790746689,2508.248046875,114.26033020019531,-8.49842643737793,0.04947147145867348,3288.453857421875,209.70980834960938,-8.792479515075684,0.06925590336322784,152.01026916503906,58,2.2228169441223145,2.0338993072509766,-13.938328742980957,893.6420898697564,1117.7169349618382,44.92512613874736,3.2537800756254986,0.12758396565914154,0.12752944231033325,-41.7686882019043,0,7.637612342834473,0.0005570409703068435,2760.3447265625,13.336901664733887,44.92512613874736,3.253780075625486
15268.265625,192.4149932861328,-10.459474563598633,0.01368607860058546,12588.51171875,125.666259765625,-10.2499361038208,0.010841119103133678,14880.4755859375,198.01760864257812,-10.43154239654541,0.014451629482209682,790.6720581054688,95,1.9657609462738037,1.9036529064178467,38.65940856933594,331.8570543025584,1128.9229330948192,44.92600447017066,3.294692790882773,0.021392041817307472,0.021279003471136093,81.49561309814453,0,3.8359951972961426,0.0002797790803015232,14934.8193359375,11.794565200805664,44.92600447017066,3.2946927908827854
2183.44921875,189.8463897705078,-8.347857475280762,0.09442545473575592,1409.048583984375,113.04837799072266,-7.872314929962158,0.0871300995349884,1688.6578369140625,197.7775115966797,-8.068854331970215,0.12719354033470154,77.47030639648438,34,2.1686489582061768,1.87044095993042,67.22571563720703,1423.523952390453,1129.172363552072,44.92591229488113,3.2151871372873355,0.23173099756240845,0.23145529627799988,-44.93669509887695,3,11.141493797302246,0.0008125969907268882,1400.5533447265625,13.011894226074219,44.92591229488113,3.2151871372873355
22491.5078125,313.4526062011719,-10.880046844482422,0.015135024674236774,11999.958984375,124.83870697021484,-10.197949409484863,0.011297942139208317,21383.1875,315.9317321777344,-10.825181007385254,0.016045402735471725,518.472900390625,205,3.507261276245117,2.8182716369628906,-27.941707611083984,1352.6430047035137,1150.0937264301676,44.927449336491264,3.2203500852573277,0.03777168691158295,0.037497688084840775,-54.725528717041016,1,5.533641338348389,0.00040359157719649374,21352.423828125,21.043567657470703,44.92744933649127,3.2203500852573157
896.8106689453125,117.56109619140625,-7.381752014160156,0.14236153662204742,691.587646484375,112.32459259033203,-7.099617958068848,0.17638330161571503,729.136474609375,128.25294494628906,-7.157021999359131,0.19102418422698975,69.94611358642578,14,1.3804326057434082,1.2144403457641602,58.78451919555664,598.0566361105527,1116.4749807848518,44.9250656541785,3.2753067741422606,0.2576420307159424,0.25731539726257324,65.89947509765625,0,5.218434810638428,0.00038060342194512486,435.2586364746094,8.28259563446045,44.925065654178496,3.275306774142273
5223.72509765625,229.8536376953125,-9.294950485229492,0.04778602346777916,3107.768798828125,114.79121398925781,-8.731122016906738,0.0401134267449379,4665.681640625,239.06790161132812,-9.172287940979004,0.05564626306295395,137.84898376464844,75,2.6410415172576904,2.0227174758911133,-44.25876235961914,1369.387251068397,1143.171444478731,44.92694139622271,3.219130425672437,0.11699973046779633,0.11682165414094925,-79.70809936523438,1,7.544332981109619,0.0005502399289980531,4407.5791015625,15.846248626708984,44.92694139622271,3.219130425672437
1286.046630859375,136.1534881591797,-7.773141860961914,0.11497459560632706,1011.8280639648438,112.44425964355469,-7.5127668380737305,0.12068697810173035,1046.8363037109375,155.46099853515625,-7.549696922302246,0.16127702593803406,65.369140625,20,1.9834822416305542,1.2435693740844727,83.65943908691406,1373.9954775793942,1129.4360224416423,44.92593625372646,3.2187946597088293,0.26624637842178345,0.2651311159133911,-80.36217498779297,1,9.402388572692871,0.0006857556290924549,613.56982421875,11.900893211364746,44.92593625372646,3.2187946597088293
61822.046875,246.85862731933594,-11.977858543395996,0.004336453974246979,52108.28125,162.55665588378906,-11.792266845703125,0.0033878786489367485,60595.63671875,231.7412567138672,-11.956103324890137,0.0041532861068844795,3191.404296875,153,2.0714645385742188,1.9236631393432617,-86.26587677001953,891.6539287537685,1150.6281736411645,44.927534008356226,3.2539253655338136,0.006849994417279959,0.006730445194989443,89.99746704101562,0,3.733574628829956,0.0002723040524870157,61348.9375,12.428787231445312,44.927534008356226,3.253925365533813
1223.396240234375,131.90992736816406,-7.7189178466796875,0.11709549278020859,1026.0467529296875,112.28592681884766,-7.527917861938477,0.11884694546461105,1717.0931396484375,275.7938232421875,-8.086984634399414,0.1744297295808792,69.02056121826172,19,2.407705545425415,1.0657254457473755,-5.177592754364014,817.9123893655839,1122.4338715657555,44.92547891811615,3.259295453393374,0.3300444483757019,0.32829833030700684,-14.319486618041992,3,9.59093189239502,0.000699504860676825,1675.3636474609375,14.446233749389648,44.92547891811615,3.259295453393374
1291.7137451171875,133.8270263671875,-7.7779154777526855,0.11251421272754669,1059.3887939453125,112.8507308959961,-7.562638282775879,0.11568547040224075,1031.5362548828125,137.8136444091797,-7.5337114334106445,0.1450900286436081,80.26661682128906,20,1.6755775213241577,1.165021300315857,58.09374237060547,1201.0848907442626,1124.9503776221604,44.925624746392025,3.2313886265854164,0.2079755961894989,0.20703203976154327,-83.35470581054688,0,6.148919105529785,0.00044846488162875175,-79.04176330566406,10.053464889526367,44.925624746392025,3.2313886265854164
3912.781005859375,225.8515625,-8.981213569641113,0.0626855418086052,2237.57080078125,114.07140350341797,-8.374442100524902,0.055364303290843964,3038.87939453125,218.18580627441406,-8.706783294677734,0.07797274738550186,96.67945861816406,60,2.8541154861450195,1.7658783197402954,-59.97235107421875,1025.361246236208,1150.5082808818413,44.92751172058589,3.244187375257441,0.1459999680519104,0.1454477459192276,-43.5383186340332,0,9.633536338806152,0.0007026107632555068,2726.321044921875,17.124692916870117,44.92751172058588,3.2441873752574533
1446.07763671875,162.510009765625,-7.900478839874268,0.12204453349113464,1017.4276733398438,112.36331939697266,-7.518758773803711,0.11993635445833206,1289.1282958984375,168.5810546875,-7.775740146636963,0.1420176923274994,64.5174331665039,22,2.381347894668579,1.264228343963623,-26.2590389251709,1773.740456556658,1139.5023535268792,44.92663602197913,3.189677057349541,0.35141003131866455,0.35061267018318176,-38.33416748046875,2,10.392845153808594,0.0007580068777315319,401.7956848144531,14.288087844848633,44.92663602197913,3.189677057349541
3084.659423828125,211.5625762939453,-8.723017692565918,0.07448373734951019,1877.2396240234375,113.60311126708984,-8.183799743652344,0.06572042405605316,2479.45654296875,202.00460815429688,-8.485891342163086,0.08847785741090775,92.5241470336914,48,2.357671022415161,1.7745083570480347,75.52008819580078,1297.7558462684713,1156.0964420080252,44.92789368928322,3.2243479235916555,0.1892080307006836,0.18885628879070282,-86.20659637451172,0,9.378538131713867,0.0006840151036158204,1873.043212890625,14.146026611328125,44.92789368928322,3.2243479235916555
6039.79833984375,85.33390808105469,-9.452555656433105,0.015343662351369858,5891.7490234375,118.12792205810547,-9.425610542297363,0.021773995831608772,5799.47509765625,99.650390625,-9.408472061157227,0.01866036467254162,914.2293701171875,19,1.7446832656860352,0.5140960216522217,74.17908477783203,1271.20522463015,1141.3780210557106,44.92681962220284,3.226281609758116,0.026698946952819824,0.02380738966166973,76.97081756591797,0,5.543238639831543,0.00040429073851555586,5069.45263671875,10.468099594116211,44.92681962220284,3.2262816097581157
27024.140625,367.19744873046875,-11.07938003540039,0.01475630421191454,9953.3681640625,122.77823638916016,-9.994925498962402,0.0133961858227849,25164.708984375,378.072021484375,-11.00197982788086,0.01631595380604267,266.4570007324219,270,3.956954002380371,3.5987770557403564,-23.167827606201172,1165.8871766742454,1178.6026360984383,44.92955288192033,3.2339528262697335,0.054621778428554535,0.05436049774289131,-30.785566329956055,0,9.732783317565918,0.0007098499918356538,21638.765625,23.741724014282227,44.92955288192033,3.2339528262697335
4117.8203125,75.31359100341797,-9.03666877746582,0.01986258663237095,4024.480712890625,115.85855102539062,-9.011775016784668,0.031264252960681915,4142.2802734375,77.70170593261719,-9.043098449707031,0.02037140168249607,996.4174194335938,15,0.8600613474845886,0.6296051144599915,-5.3250603675842285,1798.949915490928,1136.6939497206433,44.926428412853,3.187840675998292,0.01727050542831421,0.017015650868415833,-72.69557189941406,3,1.8948795795440674,0.00013820409367326647,3907.18505859375,5.160367965698242,44.926428412853,3.187840675998292
1857.8531494140625,168.7967987060547,-8.172528266906738,0.09866943955421448,1161.671875,112.71047973632812,-7.662708759307861,0.105368472635746,1302.6861572265625,145.8826141357422,-7.787099361419678,0.12161679565906525,84.42845153808594,23,1.66423761844635,1.3067522048950195,61.542388916015625,1107.715455034484,1144.9670135812885,44.927098154947586,3.2381892675774124,0.23202311992645264,0.23093406856060028,71.26371765136719,2,6.800655841827393,0.0004959981306456029,720.8157348632812,9.98542594909668,44.927098154947586,3.238189267577413
1383.6253662109375,159.4044952392578,-7.852546215057373,0.12511572241783142,768.2557983398438,112.10910034179688,-7.213764667510986,0.15847650170326233,715.9437255859375,165.16844177246094,-7.137197017669678,0.250540554523468,64.23124694824219,11,1.3211735486984253,0.8204114437103271,-40.70958709716797,1662.517531537724,1138.3403126289647,44.92656090268881,3.1977789070022635,0.26176905632019043,0.26139774918556213,-82.26034545898438,2,6.210402488708496,0.0004529557772912085,859.345703125,7.927041053771973,44.92656090268881,3.197778907002276
3995.126220703125,79.97502136230469,-9.003826141357422,0.02173970639705658,4405.95361328125,116.17269897460938,-9.110099792480469,0.02863479033112526,4921.03564453125,99.70233154296875,-9.230141639709473,0.02200283482670784,588.21142578125,14,2.1677675247192383,0.4028570353984833,-14.525904655456543,1803.509349172292,1135.85094473544,44.92636635895284,3.1875085427041308,0.056414373219013214,0.052981529384851456,-14.38703727722168,19,5.565839767456055,0.0004059477068949491,3919.87109375,13.00660514831543,44.92636635895285,3.1875085427041183
644.2870483398438,113.73885345458984,-7.022698402404785,0.19171640276908875,324.1544189453125,111.7082748413086,-6.276879787445068,0.37425121665000916,250.49424743652344,109.03044891357422,-5.996994495391846,0.4726937711238861,50.95709228515625,9,1.4498594999313354,0.8742396235466003,-17.532819747924805,1600.1044399340956,1140.304401370082,44.9267102054032,3.202325191135274,0.356580913066864,0.35594838857650757,-66.54987335205078,0,6.0594682693481445,0.0004419461474753916,-330.81085205078125,8.699156761169434,44.9267102054032,3.202325191135274
2690.323974609375,203.9073944091797,-8.574511528015137,0.08231106400489807,1593.539306640625,113.006103515625,-8.00590705871582,0.07701386511325836,2288.689208984375,196.93797302246094,-8.398966789245605,0.09344852715730667,86.91124725341797,42,2.2109875679016113,1.8260685205459595,-50.162620544433594,1316.8670640158346,1155.9463375769722,44.92788086867538,3.222955935039906,0.19718319177627563,0.1963619589805603,-51.05990219116211,2,10.254718780517578,0.0007479188498109579,1536.5059814453125,13.265925407409668,44.92788086867538,3.222955935039906
2818.3994140625,210.39283752441406,-8.625006675720215,0.08106964081525803,1538.169677734375,113.15812683105469,-7.96751070022583,0.07989347726106644,4984.3935546875,436.7043762207031,-9.244030952453613,0.09514918178319931,66.83078002929688,44,3.385345935821533,2.201528787612915,18.49594497680664,689.2537817378777,1162.9835350981216,44.928458782306365,3.2686660504965928,0.4167832136154175,0.41404563188552856,-14.801464080810547,2,16.374624252319336,0.001194267999380827,3656.708251953125,20.312076568603516,44.92845878230636,3.2686660504966047
1536.91748046875,174.41921997070312,-7.966626167297363,0.1232462227344513,800.7733154296875,112.06017303466797,-7.2587738037109375,0.15197478234767914,880.0362548828125,155.31686401367188,-7.361251354217529,0.19166722893714905,51.15972137451172,22,1.92388117313385,1.3319286108016968,30.65454864501953,1251.9305750552567,1153.787734761404,44.927729246603505,3.2276856101355427,0.31396177411079407,0.3134935200214386,44.181251525878906,0,9.584389686584473,0.0006990280235186219,-354.1301574707031,11.54328727722168,44.927729246603505,3.2276856101355427
3907.176025390625,246.59825134277344,-8.979657173156738,0.0685420110821724,1756.5015869140625,113.37346649169922,-8.111620903015137,0.07009591907262802,3217.062255859375,245.8826904296875,-8.768649101257324,0.08300386369228363,78.10460662841797,58,2.8216984272003174,2.194779634475708,48.66413497924805,243.73804738637236,1165.0192043806746,44.9286550507397,3.301110630186616,0.2500680387020111,0.2496466040611267,79.28766632080078,2,14.286857604980469,0.0010420173639431596,2269.06689453125,16.930191040039062,44.9286550507397,3.3011106301866286
673.4393310546875,113.36299133300781,-7.070746421813965,0.18281114101409912,525.6348876953125,111.73001098632812,-6.801710605621338,0.23084233701229095,536.28955078125,113.79551696777344,-6.823498249053955,0.23043881356716156,43.4346923828125,10,1.4294829368591309,0.9425285458564758,79.64142608642578,26.906859127290403,1150.608371441634,44.927624026816936,3.3169002500885005,0.4329131841659546,0.43109938502311707,62.99615478515625,0,6.93277645111084,0.0005056524532847106,572.7908325195312,8.576897621154785,44.927624026816936,3.3169002500885005
3839.052978515625,142.09161376953125,-8.960559844970703,0.040195196866989136,3383.606689453125,115.15618896484375,-8.823450088500977,0.03696044906973839,3521.002685546875,147.9103240966797,-8.866665840148926,0.04562070220708847,254.2036895751953,41,1.586665153503418,1.416157603263855,-87.66138458251953,503.9389852705634,1162.9406278235588,44.92847513721458,3.2821617997732253,0.05981757864356041,0.059486910700798035,-57.75550079345703,0,3.7262651920318604,0.0002717732568271458,3292.963623046875,9.519990921020508,44.92847513721458,3.2821617997732377
1462.6558837890625,165.3923797607422,-7.912855625152588,0.12280135601758957,752.93603515625,112.13468170166016,-7.191895008087158,0.16173787415027618,759.2825317382812,166.68763732910156,-7.201008319854736,0.23841293156147003,73.93976593017578,22,2.362982988357544,1.207809567451477,-41.64591979980469,1167.7382542213147,1161.6726685519877,44.9283142646232,3.2338178065418934,0.25253602862358093,0.252159982919693,8.576685905456543,1,10.117770195007324,0.0007379286107607186,137.9983673095703,14.177898406982422,44.928314264623204,3.2338178065418806
4287.61962890625,222.4906005859375,-9.080540657043457,0.056354064494371414,2288.56201171875,114.21768188476562,-8.398906707763672,0.054200150072574615,5450.60302734375,295.23114013671875,-9.341111183166504,0.058823034167289734,96.61336517333984,30,2.8065662384033203,1.3002122640609741,-22.840864181518555,687.0366211707155,1163.4758294715796,44.92849503003595,3.2688275287439748,0.22293803095817566,0.2218277007341385,-13.276881217956543,3,11.446704864501953,0.0008348549017682672,5216.591796875,16.839397430419922,44.92849503003595,3.2688275287439623
1271.3468017578125,159.20391845703125,-7.760660171508789,0.13599394261837006,766.3883056640625,112.23858642578125,-7.211122035980225,0.15904614329338074,492.16766357421875,157.3465576171875,-6.730282783508301,0.34719541668891907,56.92204666137695,12,1.7704346179962158,0.5910283923149109,-38.04701232910156,1516.2843785896998,1163.653975586886,44.92842578592196,3.2084308221307896,0.2475612610578537,0.24679352343082428,-56.266143798828125,2,6.100532054901123,0.0004449398838914931,381.54254150390625,10.622608184814453,44.92842578592196,3.2084308221307896
3519.12060546875,250.48594665527344,-8.866085052490234,0.07729992270469666,1370.8590087890625,112.74120330810547,-7.842482089996338,0.0893140360713005,2050.91455078125,190.4156951904297,-8.279869079589844,0.10082889348268509,82.17587280273438,40,2.4984960556030273,1.4430230855941772,-80.69950103759766,1483.8929610177008,1192.3744922152227,44.930529553620865,3.21079040472306,0.2545793652534485,0.2531210482120514,-85.27269744873047,2,9.68923568725586,0.00070668023545295,1738.6326904296875,14.990976333618164,44.93052955362086,3.2107904047230726
764.914306640625,122.83718872070312,-7.20903205871582,0.17440016567707062,602.6617431640625,111.91059112548828,-6.950183868408203,0.2016635537147522,780.302978515625,154.4353790283203,-7.230658054351807,0.21493807435035706,38.053409576416016,11,1.7627168893814087,0.9822258949279785,66.68925476074219,735.52260412069,1162.8324262681558,44.92844291027319,3.2652964063767675,0.5742751955986023,0.5733811259269714,70.94154357910156,0,7.868023872375488,0.0005738465115427971,777.7664184570312,10.576301574707031,44.92844291027319,3.2652964063767675
2984.9716796875,174.6494140625,-8.687350273132324,0.06354139745235443,2215.116455078125,113.95855712890625,-8.36349105834961,0.05587020143866539,2629.5576171875,165.233154296875,-8.54970645904541,0.06824083626270294,140.95652770996094,40,1.7513796091079712,1.5803239345550537,71.53055572509766,182.06980473840227,1173.0730105224272,44.92925101715476,3.3056016264160335,0.12288594245910645,0.12221986055374146,84.31483459472656,2,5.310251712799072,0.0003873064124491066,2058.3359375,10.508277893066406,44.92925101715476,3.3056016264160335
2050.823486328125,157.89736938476562,-8.279820442199707,0.08361350744962692,1653.886962890625,113.0777816772461,-8.0462646484375,0.07425082474946976,2090.837890625,215.32632446289062,-8.300801277160645,0.11184243112802505,81.65045166015625,31,1.8685379028320312,1.5071724653244019,0.7564025521278381,1999.6686712733288,1174.8072022644517,44.929198797531235,3.173218842623369,0.1746288686990738,0.1742263287305832,-24.894439697265625,1,6.820685863494873,0.0004974785842932761,2460.29150390625,11.211227416992188,44.929198797531235,3.173218842623369
2376.035400390625,186.492919921875,-8.439632415771484,0.08523917943239212,1588.6063232421875,113.39183044433594,-8.002540588378906,0.07751670479774475,1612.904541015625,206.8561553955078,-8.019021987915039,0.1392802745103836,110.82591247558594,37,1.849137544631958,1.6385918855667114,56.49018859863281,2001.858934778728,1185.2169552916064,44.92995994002594,3.1730592646334266,0.14652326703071594,0.14630821347236633,-49.3985710144043,1,6.206795692443848,0.00045270382543094456,2204.114013671875,11.094825744628906,44.92995994002593,3.173059264633439
1537.9337158203125,152.87716674804688,-7.967343807220459,0.1079530268907547,1059.0419921875,112.58815002441406,-7.562283039093018,0.11545410007238388,1128.384521484375,139.68223571777344,-7.631142616271973,0.1344354748725891,79.52709197998047,21,1.7383966445922852,1.175094723701477,-42.25739669799805,1877.242095147264,1184.0218691829525,44.92988312065632,3.1821374450886286,0.20769108831882477,0.2070135623216629,-62.215335845947266,2,7.888116359710693,0.0005753285950049758,757.8171997070312,10.430379867553711,44.92988312065632,3.1821374450886286
4386.3994140625,286.32427978515625,-9.105270385742188,0.07088916003704071,1338.727294921875,112.92121887207031,-7.816730499267578,0.09160374850034714,2474.72509765625,299.6829528808594,-8.483817100524902,0.131511852145195,65.15313720703125,36,2.225346565246582,1.6644901037216187,-13.265969276428223,503.7285007869993,1203.1386716139014,44.93141620213527,3.2821779282726395,0.2988516092300415,0.2979089617729187,-28.453495025634766,2,8.655866622924805,0.0006313099875114858,2796.306396484375,13.352079391479492,44.93141620213527,3.2821779282726395
1676.9478759765625,169.1319122314453,-8.061299324035645,0.10953068733215332,1100.948974609375,112.5943832397461,-7.60441780090332,0.11106554418802261,1067.5279541015625,146.50885009765625,-7.570948123931885,0.1490439772605896,75.40625762939453,26,1.5683767795562744,1.4642523527145386,-47.57234573364258,758.2140386343533,1190.2523009573292,44.93044655319428,3.263644302997577,0.21157386898994446,0.21107237040996552,-33.121665954589844,0,6.59587287902832,0.00048106285976246,889.7230834960938,9.410261154174805,44.93044655319428,3.263644302997589
3822.02734375,217.4567413330078,-8.955734252929688,0.06178867816925049,1868.287841796875,113.4189682006836,-8.178609848022461,0.06592827290296555,3139.6748046875,204.86138916015625,-8.74221134185791,0.07086066901683807,91.31098175048828,37,2.725038528442383,1.5824350118637085,83.00559997558594,1331.9460497573568,1206.3620679357387,44.93156718951965,3.221858111036351,0.20438727736473083,0.20285730063915253,70.32786560058594,2,12.44692611694336,0.0009078066213987768,2096.00830078125,16.350231170654297,44.93156718951965,3.2218581110363633
1055.02978515625,139.31907653808594,-7.558161735534668,0.14340876042842865,637.1364135742188,112.08385467529297,-7.010581016540527,0.19104710221290588,574.354736328125,140.9072723388672,-6.897950649261475,0.26642993092536926,52.427085876464844,13,2.905043363571167,0.7179348468780518,-55.34202575683594,950.09492872089,1196.1549490507011,44.9308585682305,3.2496697677557234,0.3660946190357208,0.3653571307659149,83.70477294921875,2,8.641399383544922,0.0006302500842139125,-2125.68017578125,17.430259704589844,44.9308585682305,3.2496697677557234
170751.34375,347.3020935058594,-13.080910682678223,0.0022088850382715464,141299.953125,224.3163299560547,-12.875354766845703,0.0017240452580153942,166194.640625,299.0821838378906,-13.051542282104492,0.001954354578629136,9032.7236328125,267,2.250251531600952,2.1245839595794678,60.219425201416016,1256.6975474280928,1239.1071195205416,44.933969759752344,3.227339314616014,0.003599387826398015,0.0035038816276937723,-88.82726287841797,0,3.698390007019043,0.00026973869535140693,170501.15625,13.501508712768555,44.93396975975234,3.2273393146160263
2186.258544921875,177.5305633544922,-8.34925365447998,0.0881863608956337,1453.7490234375,112.92713928222656,-7.906223773956299,0.08436041325330734,1751.447265625,178.86122131347656,-8.108492851257324,0.11090444773435593,76.99939727783203,34,2.326598882675171,1.4720619916915894,-41.70917510986328,1305.791727235782,1208.8252136782637,44.93174990082589,3.2237631397930677,0.22202551364898682,0.22151748836040497,-36.77640914916992,0,10.947606086730957,0.0007984543917700648,861.15625,13.959592819213867,44.93174990082589,3.2237631397930677
1675.4691162109375,153.8112030029297,-8.060340881347656,0.09969683736562729,1320.0111083984375,113.20391845703125,-7.801444053649902,0.09313516318798065,1315.813232421875,148.4049835205078,-7.797985553741455,0.12248532474040985,73.74757385253906,26,1.6317607164382935,1.365255355834961,-23.73466682434082,1404.4292571720666,1201.6662227135325,44.93121673154917,3.2165785448145843,0.200132817029953,0.19992215931415558,-78.41395568847656,0,7.608272075653076,0.0005549045163206756,667.527587890625,9.79056453704834,44.93121673154917,3.216578544814597
772.4218139648438,104.97412872314453,-7.2196364402771,0.14759021997451782,659.314697265625,111.89054870605469,-7.047731876373291,0.1843021661043167,698.29931640625,125.30667114257812,-7.110104084014893,0.19487781822681427,82.52887725830078,12,1.3747628927230835,1.047837257385254,-10.795355796813965,1100.8093729813836,1199.9955404551204,44.931124268652674,3.238692951619806,0.28207987546920776,0.2813993990421295,-7.884494781494141,0,4.530092239379883,0.0003303971025161445,313.8580322265625,8.248577117919922,44.93112426865268,3.2386929516197935
1818.0528564453125,178.88046264648438,-8.149016380310059,0.10685288161039352,902.3802490234375,112.31349182128906,-7.388473987579346,0.1351674646139145,1227.0504150390625,156.4058074951172,-7.722156047821045,0.13842684030532837,70.34175109863281,17,1.4578688144683838,1.063888669013977,-61.345916748046875,310.4506741604442,1217.3292562016147,44.93247529093905,3.2962535819458343,0.29947564005851746,0.2987285554409027,-66.81493377685547,0,7.443424701690674,0.0005428852164186537,1030.2528076171875,8.747213363647461,44.932475290939045,3.2962535819458467
64324.73828125,266.6549072265625,-12.020944595336914,0.004501957446336746,53479.4375,163.47457885742188,-11.820466995239258,0.003319656942039728,62601.9765625,246.7625732421875,-11.991470336914062,0.004280761815607548,3272.00146484375,183,2.2171096801757812,2.109340190887451,45.495933532714844,381.43736094034875,1236.4763732520737,44.933868511164476,3.2910844698813206,0.0067377351224422455,0.0066352481953799725,-86.46652221679688,0,3.7827420234680176,0.0002758926129899919,64653.51953125,13.302658081054688,44.93386851116447,3.2910844698813206
2133.856689453125,204.2890625,-8.32291316986084,0.10397039353847504,914.4083251953125,112.3717041015625,-7.40285062789917,0.13345861434936523,1327.0,219.38632202148438,-7.807177543640137,0.17954298853874207,69.45037841796875,31,3.786892890930176,1.347676396369934,4.427407264709473,1656.7480863997325,1209.917955961329,44.931796716994995,3.198199473689491,0.3624040186405182,0.3610110878944397,3.68644380569458,16,13.544272422790527,0.0009878544369712472,-156.30987548828125,22.721357345581055,44.931796716994995,3.198199473689491
1409.8134765625,150.1291961669922,-7.872904300689697,0.11564671993255615,970.3305053710938,112.2631607055664,-7.467298984527588,0.12564563751220703,955.8113403320312,171.93414306640625,-7.450930595397949,0.19535286724567413,65.19383239746094,22,1.9771592617034912,1.5913563966751099,-67.12373352050781,573.4617439795574,1210.8407587421154,44.93197226944861,3.277099696490051,0.26037368178367615,0.2603030800819397,53.59404373168945,0,8.738802909851074,0.0006373572396114469,-30.945125579833984,11.862955093383789,44.93197226944861,3.277099696490051
1047.76171875,144.00582885742188,-7.550656318664551,0.14926135540008545,613.6419067382812,112.09964752197266,-6.96978759765625,0.1983896791934967,628.6179809570312,184.80361938476562,-6.995966911315918,0.3192666172981262,47.34102249145508,10,1.7939611673355103,0.8464611768722534,36.54598617553711,1230.1464528359927,1211.4129699210132,44.93194659856491,3.2292728857843254,0.36817842721939087,0.3674727976322174,-49.630126953125,2,7.3643388748168945,0.000537110841833055,474.128662109375,10.76376724243164,44.93194659856491,3.2292728857843254
3606.7958984375,142.48428344726562,-8.892804145812988,0.042901769280433655,3216.15771484375,115.17478942871094,-8.768342971801758,0.03889107331633568,3506.627685546875,152.0029296875,-8.862224578857422,0.047075193375349045,191.89102172851562,40,1.6288901567459106,1.4369124174118042,-72.48258972167969,1200.5293681538587,1220.2273260758461,44.93259428681224,3.2314301601524904,0.07482093572616577,0.07476527988910675,-42.24221420288086,1,4.587631702423096,0.000334594224113971,3425.07958984375,9.773341178894043,44.93259428681224,3.2314301601524904
1618.554931640625,148.5037384033203,-8.022818565368652,0.09964139014482498,1203.457763671875,112.80392456054688,-7.701076984405518,0.10179423540830612,1030.4869384765625,146.4748992919922,-7.53260612487793,0.15436559915542603,88.19916534423828,25,1.6311010122299194,1.4133220911026,-45.18157196044922,415.4789106292126,1221.244268976467,44.932750364668266,3.2886050822712916,0.15352973341941833,0.15309536457061768,-85.56954193115234,0,6.412252426147461,0.00046767451567575336,725.53564453125,9.786605834960938,44.932750364668266,3.288605082271303
577.0783081054688,92.98426055908203,-6.9030866622924805,0.17498648166656494,538.7257080078125,112.14170837402344,-6.828419208526611,0.22606290876865387,543.3909912109375,135.5322723388672,-6.837780952453613,0.27086949348449707,55.96770095825195,9,1.3433887958526611,0.6542415618896484,-85.89195251464844,706.1977189095602,1213.0210858358162,44.93211773366672,3.267432956505783,0.28727421164512634,0.28647828102111816,-87.974365234375,0,5.583942890167236,0.0004072589217685163,220.35353088378906,8.060333251953125,44.93211773366673,3.267432956505771
1560.2255859375,166.08680725097656,-7.982968330383301,0.11560525000095367,781.9510498046875,112.12550354003906,-7.2329487800598145,0.1557236760854721,934.9309692382812,154.56976318359375,-7.4269490242004395,0.17954562604427338,49.26563262939453,18,2.279712200164795,1.0775237083435059,72.0220718383789,1278.6666640472718,1224.6953805458531,44.93291341311865,3.2257390046631467,0.3131198585033417,0.31259793043136597,64.33905792236328,2,9.382905960083008,0.0006843339651823044,-93.70993041992188,13.67827320098877,44.93291341311865,3.2257390046631462
4085.78125,205.10467529296875,-9.02818775177002,0.05451678857207298,2635.5732421875,114.40985870361328,-8.5521879196167,0.047143105417490005,3469.859130859375,192.05584716796875,-8.85077953338623,0.060109831392765045,130.78550720214844,52,2.1850316524505615,1.738001823425293,86.09720611572266,764.1459308604763,1240.5223013119576,44.93412357632167,3.263213163121527,0.11607389897108078,0.1156870573759079,72.15888214111328,3,6.871434688568115,0.0005011599278077483,2675.487060546875,13.110189437866211,44.93412357632167,3.2632131631215144
3051.475830078125,176.84730529785156,-8.711275100708008,0.06293877959251404,2147.283203125,113.79207611083984,-8.329723358154297,0.05755095183849335,2949.5712890625,187.14144897460938,-8.674397468566895,0.06890343874692917,99.77982330322266,44,2.6181490421295166,1.3751134872436523,-67.9977798461914,1539.7450201992638,1238.5342129569242,44.93390059199167,3.206722422037945,0.1673753261566162,0.1659601479768753,-66.13726043701172,0,10.133707046508789,0.0007391005055978894,1599.2701416015625,15.708894729614258,44.93390059199167,3.206722422037945
1400.918701171875,162.34091186523438,-7.866032123565674,0.12584757804870605,762.2069091796875,112.01395416259766,-7.205182075500488,0.15959858894348145,1102.9600830078125,162.47927856445312,-7.6063995361328125,0.15998084843158722,53.655216217041016,18,2.042879581451416,1.3114733695983887,-59.81508255004883,1367.9797548010301,1225.2935670033557,44.93294847539245,3.219233675251557,0.3945431411266327,0.3933303952217102,-33.1349983215332,2,9.801382064819336,0.0007148571312427521,349.6903076171875,12.257277488708496,44.93294847539245,3.219233675251557
846.89990234375,122.80996704101562,-7.319580078125,0.15748216211795807,753.35302734375,112.22299194335938,-7.192496299743652,0.1617756485939026,812.0059814453125,187.58106994628906,-7.273898124694824,0.2508762776851654,49.90141677856445,13,1.4436801671981812,1.146324872970581,-5.590704441070557,1194.446882763408,1220.1147062113732,44.93258665214113,3.2318731780565706,0.35837632417678833,0.3573383092880249,11.787562370300293,1,7.6909027099609375,0.0005609280779026449,926.897216796875,8.662080764770508,44.932586652141126,3.231873178056582
1991.1947021484375,181.48208618164062,-8.247784614562988,0.09898054599761963,1358.638427734375,113.11917877197266,-7.832759857177734,0.09041951596736908,1720.44873046875,174.6581268310547,-8.089104652404785,0.11024956405162811,66.11283111572266,31,1.864973545074463,1.6914647817611694,32.91997146606445,38.13158431491851,1231.1657495232596,44.93351753559283,3.3160848164336496,0.23416301608085632,0.23340201377868652,54.613651275634766,0,8.982224464416504,0.000655126990750432,1303.0804443359375,11.189841270446777,44.93351753559283,3.3160848164336496
2818.287109375,209.6921844482422,-8.62496280670166,0.08080288022756577,1485.2520751953125,113.0953140258789,-7.929500579833984,0.08269404619932175,2507.787109375,205.0481719970703,-8.4982271194458,0.08879633992910385,75.42369079589844,40,2.4311108589172363,1.8037080764770508,-3.6204471588134766,867.4411421175752,1236.5782991294648,44.93382424695111,3.2556901336102166,0.28024229407310486,0.27923133969306946,-4.013672351837158,2,10.706307411193848,0.0007808512891642749,1847.1640625,14.586665153503418,44.93382424695111,3.2556901336102047
1361.92236328125,135.45037841796875,-7.835381031036377,0.10800844430923462,1115.3515625,112.48027801513672,-7.618529319763184,0.10952024906873703,1322.6383056640625,164.16766357421875,-7.803602695465088,0.13479579985141754,74.73614501953125,21,1.7463643550872803,1.0584648847579956,-23.195331573486328,610.4542419292675,1228.7701873398614,44.93328007120314,3.2744060040342755,0.22040113806724548,0.21986497938632965,2.3880844116210938,0,8.131767272949219,0.0005930826300755143,1020.4859619140625,10.478185653686523,44.93328007120314,3.274406004034275
712.80224609375,119.50828552246094,-7.13242244720459,0.182078555226326,455.2934265136719,111.64544677734375,-6.645728588104248,0.2663050889968872,448.99700927734375,137.24490356445312,-6.630608558654785,0.3319575786590576,46.03891372680664,7,1.0398551225662231,0.7028965353965759,61.1712532043457,1157.5299150317214,1229.4839715460637,44.93327568661637,3.2345621359458776,0.35779932141304016,0.35694581270217896,35.886863708496094,2,4.530250072479248,0.00033040891867130995,342.4143371582031,6.239130973815918,44.93327568661637,3.2345621359458776
4957.3642578125,228.01295471191406,-9.238126754760742,0.04995034635066986,2839.0234375,114.64838409423828,-8.632922172546387,0.04385598003864288,4592.78173828125,233.81895446777344,-9.155189514160156,0.05528836324810982,126.57504272460938,72,2.625037431716919,2.145242691040039,-30.326251983642578,1012.9966880664194,1255.6769247095347,44.93520635912777,3.245089384293226,0.13830053806304932,0.13799872994422913,-41.42782211303711,0,8.99639892578125,0.000656141375657171,3956.966552734375,15.750225067138672,44.93520635912777,3.245089384293226
3556.40966796875,221.08932495117188,-8.87752914428711,0.06751275062561035,1843.30029296875,113.56299591064453,-8.163990020751953,0.06690684705972672,2920.277587890625,215.84292602539062,-8.663559913635254,0.08026819676160812,70.57218170166016,50,2.476785659790039,1.950323462486267,67.3542251586914,679.4999943216262,1261.9252145717312,44.93569833125298,3.269378199221483,0.20537415146827698,0.2047131210565567,-74.72885131835938,2,11.663869857788086,0.000850690936204046,2597.748046875,14.860713958740234,44.93569833125298,3.2693781992214825
2186.347412109375,162.51171875,-8.349297523498535,0.0807226374745369,1558.3546142578125,113.00787353515625,-7.98166561126709,0.07875393331050873,1581.5828857421875,162.11659240722656,-7.997729778289795,0.11131798475980759,114.89137268066406,33,1.7998301982879639,1.5665040016174316,54.01264190673828,293.79639345236495,1252.8743919937933,44.93507784929855,3.2974672067422612,0.13434794545173645,0.1341414600610733,-79.12834167480469,0,7.012518882751465,0.0005114563973620534,1396.76806640625,10.798980712890625,44.93507784929855,3.2974672067422732
2995.602783203125,240.7071075439453,-8.691210746765137,0.08726388216018677,758.1898803710938,112.0970458984375,-7.199444770812988,0.16056320071220398,1163.5380859375,229.7071075439453,-7.664451599121094,0.21439944207668304,57.08528137207031,12,1.4042046070098877,1.2278951406478882,37.19343185424805,562.486700043127,1326.7426897146624,44.94045294776525,3.277901305198609,0.3975716531276703,0.396308034658432,-12.656240463256836,2,6.834865093231201,0.0004984929109923542,1132.5238037109375,8.425228118896484,44.940452947765245,3.277901305198621
5536.86669921875,192.12033081054688,-9.358160018920898,0.03768244758248329,4114.16259765625,116.17460632324219,-9.035703659057617,0.03066617250442505,4887.205078125,194.31568908691406,-9.222651481628418,0.043179452419281006,219.1033477783203,67,2.0892088413238525,1.8094096183776855,-86.10176086425781,1665.901478676743,1266.05531068544,44.93590180728714,3.197532962339431,0.06730762124061584,0.06693954765796661,74.77671813964844,0,5.458631992340088,0.00039812771137803793,4860.42919921875,12.535253524780273,44.93590180728714,3.197532962339431
2247.604736328125,181.38092041015625,-8.379300117492676,0.08763982355594635,1313.3740234375,112.93468475341797,-7.795970916748047,0.09338320046663284,1943.3165283203125,166.16323852539062,-8.221359252929688,0.09285840392112732,75.0531005859375,24,2.013906478881836,1.2336820363998413,-64.7495346069336,479.0182369278167,1259.903675805154,44.93557197197762,3.2839786345801474,0.24152399599552155,0.240198016166687,-64.90025329589844,2,9.436677932739258,0.0006882566376589239,1745.5953369140625,12.083438873291016,44.93557197197762,3.2839786345801474
7762.625,305.2892761230469,-9.725021362304688,0.0427103154361248,2852.6318359375,114.6213607788086,-8.638113975524902,0.04363647475838661,6835.7568359375,308.49212646484375,-9.586966514587402,0.049010295420885086,108.17449188232422,102,3.301990032196045,2.9691264629364014,-6.546248912811279,177.41620494461517,1274.959489183653,44.93670659034229,3.305942907153678,0.1637309491634369,0.16317719221115112,50.0947380065918,2,13.414385795593262,0.0009783792775124311,5422.9521484375,19.811939239501953,44.9367065903423,3.3059429071536663
638.1533813476562,112.91966247558594,-7.012312889099121,0.19216501712799072,407.9371337890625,111.58847045898438,-6.526483058929443,0.2970680594444275,498.1159362792969,107.05896759033203,-6.743326187133789,0.23341159522533417,43.405208587646484,9,1.5539193153381348,0.7363662123680115,42.43611145019531,257.4670694016733,1258.4712199868343,44.93549133967873,3.3001129657049346,0.3804519474506378,0.3788560926914215,48.10908508300781,1,6.383113861083984,0.0004655515367630869,-33.09114074707031,9.323515892028809,44.93549133967873,3.300112965704934
3022.302734375,185.90533447265625,-8.700844764709473,0.06680111587047577,2060.1923828125,113.60258483886719,-8.284769058227539,0.059883926063776016,2344.420654296875,188.0210723876953,-8.425088882446289,0.08709651976823807,123.11127471923828,45,2.0887625217437744,1.7322591543197632,-83.00576782226562,945.1368163919017,1274.6496026341656,44.93660125867948,3.250032068457074,0.1401224434375763,0.1399601250886917,-26.91609764099121,0,6.977046966552734,0.0005088620237074792,1444.1878662109375,12.532575607299805,44.93660125867948,3.250032068457074
969.5242309570312,129.33966064453125,-7.466396808624268,0.14487814903259277,677.8178100585938,112.0886459350586,-7.07778263092041,0.17958848178386688,1002.5225830078125,334.0325012207031,-7.502735614776611,0.3618465065956116,51.09798049926758,15,2.737511157989502,1.490479826927185,66.63148498535156,1253.447158203603,1277.3632251186698,44.93676842497706,3.2275764878805377,0.47972673177719116,0.47851425409317017,48.156524658203125,3,12.10637378692627,0.0008829677826724946,709.8617553710938,16.425067901611328,44.93676842497706,3.22757648788055
1612.3272705078125,175.1085968017578,-8.018632888793945,0.11794623732566833,807.8242797851562,112.24427795410156,-7.268292427062988,0.15089578926563263,1220.6072998046875,271.0467224121094,-7.716439723968506,0.2411559671163559,57.53204345703125,15,2.2424731254577637,1.0870850086212158,50.80072021484375,1250.618588092038,1278.0938210801776,44.936822147434285,3.2277825206421995,0.39158129692077637,0.390115350484848,46.532310485839844,3,9.34695053100586,0.0006817115936428308,1106.25341796875,13.454838752746582,44.936822147434285,3.2277825206421995
111364.421875,751.0426635742188,-12.616866111755371,0.00732399383559823,15543.77734375,128.708740234375,-10.478891372680664,0.008992517367005348,105920.9296875,759.5134887695312,-12.562454223632812,0.007787239737808704,422.7251281738281,1110,12.563761711120605,4.604865074157715,78.52738189697266,746.7632995392541,1719.558889213022,44.96916879645122,3.2644886157949617,0.06158536672592163,0.059952009469270706,78.65218353271484,0,22.798370361328125,0.001662756665609777,72546.0546875,75.382568359375,44.96916879645122,3.264488615794962
2215.0029296875,212.05125427246094,-8.363435745239258,0.10396720468997955,782.4922485351562,112.08222198486328,-7.233700275421143,0.15555590391159058,1153.2440185546875,284.3166809082031,-7.6548027992248535,0.26773858070373535,58.72691345214844,18,1.798487901687622,1.371933102607727,-80.70376586914062,81.71490613234607,1280.031267449481,44.93708831500068,3.3129122279222494,0.413411945104599,0.41283345222473145,-88.94009399414062,1,8.859007835388184,0.0006461357115767896,1550.607666015625,10.79092788696289,44.93708831500068,3.3129122279222494
595.0606079101562,104.93323516845703,-6.936402797698975,0.19150568544864655,487.64984130859375,112.08053588867188,-6.720270156860352,0.2496042251586914,578.6121826171875,138.2650604248047,-6.905969142913818,0.2595103681087494,47.816986083984375,5,0.7888880372047424,0.5623644590377808,-51.00330352783203,450.0124930125768,1275.9445690429761,44.93674872417332,3.2860913378813215,0.6043070554733276,0.6040721535682678,-17.44291877746582,2,3.3867807388305664,0.0002470121835358441,543.8304443359375,4.733328342437744,44.93674872417333,3.2860913378813095
18275.087890625,381.86474609375,-10.654648780822754,0.022692373022437096,5845.4052734375,118.11693572998047,-9.417037010192871,0.02194458432495594,16173.3349609375,383.9518737792969,-10.52199935913086,0.025781432166695595,192.4266815185547,227,4.635231971740723,3.240731716156006,43.56056594848633,457.04047282744864,1359.581256667995,44.94286702304383,3.285581346115741,0.09409376233816147,0.09336766600608826,52.70596694946289,0,13.413342475891113,0.0009782874258235097,13571.6796875,27.811391830444336,44.94286702304383,3.285581346115741
620.7086791992188,110.27738189697266,-6.982219696044922,0.19294273853302002,233.8236846923828,111.59964752197266,-5.9222211837768555,0.5183273553848267,252.1276092529297,120.81768798828125,-6.004051208496094,0.5204032063484192,57.97357940673828,9,1.689502477645874,0.9180489182472229,30.48579978942871,734.1209763632037,1285.1105833473032,44.93738871175027,3.26540065448895,0.8039969801902771,0.8022080659866333,34.82418441772461,0,7.443511009216309,0.0005428831791505218,-355.98663330078125,10.137014389038086,44.93738871175027,3.26540065448895
4767.4423828125,192.81991577148438,-9.195713996887207,0.043923430144786835,3344.019287109375,115.19556427001953,-8.81067180633545,0.037410784512758255,4463.22509765625,204.52655029296875,-9.12412166595459,0.04976576939225197,133.1979217529297,62,2.5473833084106445,1.6639049053192139,7.737618923187256,649.7116153021211,1297.7295912224565,44.938320923167254,3.2715483182332767,0.11616818606853485,0.11498035490512848,15.03695011138916,0,8.541815757751465,0.0006229871069081128,3135.509033203125,15.284299850463867,44.938320923167254,3.2715483182332767
16349.765625,312.2445373535156,-10.53377914428711,0.0207402091473341,6394.623046875,118.78111267089844,-9.514537811279297,0.020172618329524994,15152.4580078125,328.2432861328125,-10.451208114624023,0.023525701835751534,232.05625915527344,187,4.9857497215271,2.1891274452209473,-32.45564651489258,263.53224079122856,1318.7674703611995,44.93990237891062,3.2996726951617736,0.08384760469198227,0.08231368660926819,-30.83026123046875,0,13.42175579071045,0.0009789097821339965,9592.576171875,29.91449737548828,44.93990237891062,3.2996726951617736
1613.5294189453125,166.22023010253906,-8.019442558288574,0.1118759736418724,1093.9632568359375,112.62979125976562,-7.597506999969482,0.11180993169546127,1138.91796875,142.3120880126953,-7.641231060028076,0.1356997936964035,60.07609939575195,22,1.5392563343048096,1.3588656187057495,86.18085479736328,1639.1427921074735,1291.384310523573,44.937756855093596,3.199482308840006,0.23976965248584747,0.2394285351037979,56.83156204223633,2,8.653925895690918,0.0006311775650829077,882.1566162109375,9.235538482666016,44.937756855093596,3.199482308840006
4775.41357421875,93.18363189697266,-9.197527885437012,0.021191341802477837,4195.41162109375,116.0140380859375,-9.056936264038086,0.03003072179853916,4899.40087890625,120.88689422607422,-9.225357055664062,0.026795759797096252,562.0426025390625,23,2.763141632080078,0.49770084023475647,43.79204177856445,69.0613857937458,1318.608823668254,44.93991249392716,3.313834660985309,0.040150128304958344,0.037792403250932693,39.33052062988281,3,7.004897594451904,0.0005109041812829673,3678.573486328125,16.57884979248047,44.93991249392716,3.313834660985309
1633.4515380859375,171.3416290283203,-8.03276538848877,0.11391645669937134,856.6732177734375,112.30269622802734,-7.332037925720215,0.14236553013324738,1209.13427734375,177.06829833984375,-7.706186294555664,0.15903624892234802,59.94951629638672,10,1.2471323013305664,0.7914711236953735,87.9163589477539,1158.0256218139284,1301.472050102809,44.93854151617095,3.234526937033714,0.4106944501399994,0.4093644917011261,52.3480224609375,2,5.922747611999512,0.00043196938349865377,1257.2060546875,7.482793807983398,44.93854151617094,3.2345269370337384
6917.61669921875,149.7375946044922,-9.599891662597656,0.0235073771327734,6187.64794921875,118.54690551757812,-9.478814125061035,0.02080628089606762,6849.744140625,168.62774658203125,-9.58918571472168,0.02673526667058468,405.0632019042969,54,1.7301559448242188,1.5214848518371582,-82.20263671875,1514.8882917158405,1323.1713884359358,44.94009352758474,3.208533632513228,0.038715772330760956,0.03844132274389267,86.7095947265625,0,3.832750082015991,0.0002795415639411658,6931.6494140625,10.380935668945312,44.940093527584736,3.2085336325132405
4640.08251953125,280.6420593261719,-9.166314125061035,0.06568358838558197,1546.5574951171875,113.16807556152344,-7.973415374755859,0.07946716248989105,3357.458740234375,243.44345092773438,-8.81502628326416,0.07874395698308945,73.91024017333984,47,2.927992582321167,2.1063969135284424,42.83008575439453,1266.4636887550644,1336.501718504448,44.94109292379556,3.2266290693868003,0.29720813035964966,0.2962329089641571,63.15469741821289,2,14.89286994934082,0.0010861997725442052,2369.963134765625,17.567955017089844,44.94109292379556,3.2266290693868003
2352.19091796875,70.49767303466797,-8.428681373596191,0.032548580318689346,2299.508056640625,113.92833709716797,-8.40408706665039,0.05380549654364586,2261.322021484375,112.57842254638672,-8.385906219482422,0.05406579375267029,416.6426696777344,13,1.8497214317321777,0.6678153872489929,42.4814567565918,62.666807359177795,1313.4946278933458,44.93953900004108,3.3143001969343495,0.06785427033901215,0.06456709653139114,42.90176010131836,3,6.635106563568115,0.0004839337489102036,2339.6689453125,11.098328590393066,44.93953900004108,3.3143001969343375
1414.718017578125,142.76673889160156,-7.876674652099609,0.10959405452013016,1041.084228515625,112.39158630371094,-7.54371452331543,0.1172405332326889,964.9932250976562,135.94932556152344,-7.461310863494873,0.15299689769744873,73.31475830078125,22,1.6263926029205322,1.1888399124145508,-55.444576263427734,990.7096232975747,1318.5098290472565,44.93980501013619,3.2467135569916286,0.1912466138601303,0.19084058701992035,-88.10934448242188,0,6.323461055755615,0.000461193616501987,683.102783203125,9.758356094360352,44.93980501013619,3.246713556991629
26609.671875,324.8537292480469,-11.062599182128906,0.013258004561066628,14215.5654296875,127.50883483886719,-10.38191032409668,0.00974105391651392,25663.009765625,328.7912292480469,-11.023268699645996,0.013913694769144058,610.3893432617188,239,3.483034372329712,3.0398142337799072,-58.21698760986328,208.47970730548195,1355.5008921653382,44.94259619757663,3.303682729914759,0.03254619240760803,0.0324346087872982,-71.2843246459961,0,5.389361381530762,0.0003930706880055368,26433.326171875,20.89820671081543,44.94259619757663,3.3036827299147586
3545.491943359375,62.375732421875,-8.874191284179688,0.01910596527159214,3444.97900390625,115.44124603271484,-8.842966079711914,0.036391861736774445,3410.713134765625,60.20610427856445,-8.832113265991211,0.019170135259628296,1489.051513671875,10,0.5789347290992737,0.5405997037887573,-75.25614929199219,1166.9972530000273,1313.2464979965803,44.939401892267526,3.2338736312244722,0.012783749960362911,0.009724607691168785,-89.6744613647461,0,1.3078728914260864,9.5388364570681e-05,3428.575439453125,3.4736084938049316,44.939401892267526,3.2338736312244722
1444.2386474609375,134.88009643554688,-7.899097442626953,0.10142353177070618,1093.596435546875,112.6730728149414,-7.597142696380615,0.11189042031764984,1193.091796875,161.0316925048828,-7.691684722900391,0.14657750725746155,84.72689819335938,12,1.1755049228668213,0.9005041122436523,34.862762451171875,818.5104652929238,1314.079091492844,44.93949897258259,3.259255092388938,0.19909709692001343,0.19797289371490479,-42.9093017578125,2,5.0275797843933105,0.00036667982931248844,1197.5234375,7.053029537200928,44.93949897258259,3.2592550923889374
672.299560546875,113.13349151611328,-7.068907260894775,0.18275034427642822,419.5697326660156,111.6906967163086,-6.557010173797607,0.2890964150428772,442.5629577636719,116.8889389038086,-6.614937782287598,0.28683239221572876,48.01478576660156,10,1.4605658054351807,1.0350881814956665,-29.10684585571289,1747.8524817066987,1316.3223861761408,44.93957081296485,3.1915633870366973,0.5785748362541199,0.5768983960151672,-49.293575286865234,0,7.347915172576904,0.000535927596502006,207.68612670898438,8.763395309448242,44.93957081296485,3.1915633870366973
3180.208740234375,195.9897003173828,-8.756138801574707,0.0669279396533966,2128.962890625,113.81373596191406,-8.320420265197754,0.05805724486708641,2632.17822265625,186.25367736816406,-8.550787925720215,0.0768456682562828,108.67180633544922,48,1.9762835502624512,1.8102009296417236,-74.99217987060547,728.7925219716383,1327.7765693902988,44.940510595466264,3.265789514820447,0.15180249512195587,0.15162955224514008,65.81352996826172,0,7.01702880859375,0.0005117776454426348,1936.8302001953125,11.857701301574707,44.940510595466264,3.265789514820447
1477.2216796875,156.2530059814453,-7.923614025115967,0.1148715615272522,1067.916259765625,112.55498504638672,-7.571342945098877,0.11446095257997513,1071.933349609375,148.1841583251953,-7.5754194259643555,0.15012873709201813,65.86892700195312,23,1.7416616678237915,1.3082956075668335,34.52133560180664,526.7307589273457,1324.7043376502738,44.94030772255719,3.2805052692958605,0.231782466173172,0.23127155005931854,56.94396209716797,0,8.582107543945312,0.000625926535576582,559.8146362304688,10.449970245361328,44.94030772255719,3.2805052692958605
4973.44921875,252.28370666503906,-9.241643905639648,0.055088549852371216,2269.0087890625,113.80586242675781,-8.3895902633667,0.05447011440992355,4325.3193359375,233.1377716064453,-9.090044975280762,0.058536168187856674,94.41226959228516,65,2.868959426879883,1.9323155879974365,34.706687927246094,884.5905429487079,1337.837014462494,44.94122997014042,3.25444280118302,0.19902025163173676,0.19784711301326752,32.38072967529297,2,11.812682151794434,0.0008615420083515346,2716.902587890625,17.213756561279297,44.94122997014043,3.2544428011830075
2671.121337890625,84.5101318359375,-8.566734313964844,0.03435935452580452,3070.72412109375,114.91942596435547,-8.718101501464844,0.040642693638801575,3094.3271484375,86.48661041259766,-8.726415634155273,0.030353758484125137,603.8798217773438,11,1.3680325746536255,0.5297405123710632,37.80565643310547,72.35875128397184,1321.1760749528123,44.94009997188214,3.313594605261746,0.039096396416425705,0.0377223826944828,41.50102233886719,3,4.337717056274414,0.00031637249048799276,3100.70947265625,8.208195686340332,44.94009997188214,3.3135946052617333
1432.9449462890625,159.6968994140625,-7.890573978424072,0.12103105336427689,637.097900390625,112.08380889892578,-7.0105156898498535,0.19105856120586395,675.2846069335938,137.4661102294922,-7.07371711730957,0.22107447683811188,67.499267578125,14,1.9265717267990112,1.0119630098342896,20.97277069091797,1300.2920777021204,1323.075343315439,44.94010745723767,3.224164916636709,0.2960619330406189,0.29517966508865356,30.781553268432617,0,8.352934837341309,0.0006092153489589691,-218.15504455566406,11.559430122375488,44.94010745723767,3.224164916636709
64309.2265625,516.6177978515625,-12.020683288574219,0.008724206127226353,19842.994140625,133.0072784423828,-10.744017601013184,0.007279440760612488,60835.93359375,521.4910278320312,-11.960400581359863,0.009309288114309311,709.8208618164062,580,5.400921821594238,5.012344837188721,21.172924041748047,527.5960051480027,1391.2178806025627,44.9451737758227,3.2804436826492185,0.03554384410381317,0.03523298725485802,-54.433990478515625,0,7.921238899230957,0.0005777252372354269,58675.2421875,32.40553283691406,44.9451737758227,3.2804436826492305
774.17578125,124.09928131103516,-7.2220988273620605,0.17408426105976105,596.7942504882812,112.03551483154297,-6.939561367034912,0.20387355983257294,778.056884765625,177.4364013671875,-7.2275285720825195,0.24766303598880768,53.597930908203125,11,2.3400065898895264,1.380336880683899,-79.96204376220703,51.39050318905912,1332.72272630721,44.94094720832006,3.315121857184859,0.4761120080947876,0.4747330844402313,-57.96824264526367,2,10.766621589660645,0.0007852665148675442,578.2110595703125,14.0400390625,44.94094720832006,3.315121857184859
1518.6065673828125,167.3878631591797,-7.95361328125,0.11970396339893341,928.5870361328125,112.21321868896484,-7.419556617736816,0.13123548030853271,1067.3515625,157.05459594726562,-7.5707688331604,0.15979860723018646,69.67709350585938,23,1.8680249452590942,1.3858448266983032,-43.89470291137695,1566.800991479397,1337.6468422545404,44.9411473359051,3.2047522544080755,0.29618996381759644,0.29533669352531433,-56.7765007019043,0,9.633752822875977,0.0007026400417089462,620.294189453125,11.208149909973145,44.94114733590511,3.2047522544080635
39142.67578125,396.06390380859375,-11.481626510620117,0.010988656431436539,12068.298828125,124.91219329833984,-10.20411491394043,0.011240576393902302,36884.81640625,422.601318359375,-11.417119026184082,0.012442654930055141,390.7813415527344,354,6.406898498535156,2.7752599716186523,76.10799407958984,723.4951718309065,1409.447395337941,44.94648588533349,3.2661768887108784,0.050812624394893646,0.0492800772190094,73.90457153320312,0,14.65245246887207,0.0010686549358069897,31014.216796875,38.44139099121094,44.94648588533348,3.26617688871089
4121.943359375,208.6698455810547,-9.037755012512207,0.054977819323539734,2527.5146484375,114.28296661376953,-8.506733894348145,0.04910409078001976,3555.84228515625,217.93948364257812,-8.87735652923584,0.06656152009963989,117.07246398925781,60,2.64829421043396,1.8487075567245483,76.6374282836914,1836.2653552390598,1360.9649095079521,44.94282785745844,3.1851227809892437,0.14770196378231049,0.14671488106250763,77.87674713134766,0,9.930537223815918,0.0007243004511110485,1757.0706787109375,15.889764785766602,44.94282785745844,3.1851227809892433
2194.893310546875,174.7616424560547,-8.353533744812012,0.08646941930055618,1462.9998779296875,113.11244201660156,-7.913110733032227,0.08396454155445099,1829.435302734375,176.84317016601562,-8.155792236328125,0.10497866570949554,83.2949447631836,34,2.007922887802124,1.6107823848724365,-0.2933346927165985,1905.1259038088974,1350.688983430222,44.94207017804022,3.180106250352604,0.18264447152614594,0.1823575794696808,73.21578216552734,0,7.954517364501953,0.000580179039388895,1658.1944580078125,12.047536849975586,44.94207017804022,3.180106250352616
1385.78125,159.8041534423828,-7.854236602783203,0.12523427605628967,946.6892700195312,112.3226089477539,-7.440518856048584,0.128851518034935,968.0502319335938,115.37602233886719,-7.464744567871094,0.129433736205101,69.9588623046875,14,1.3668943643569946,1.0513300895690918,78.3127670288086,15.662006407292246,1344.1024772099079,44.941783910283974,3.317723977948118,0.30029386281967163,0.2998056411743164,57.31195831298828,2,5.516962051391602,0.00040238164365291595,592.2932739257812,8.201366424560547,44.941783910283974,3.31772397794813
5294.56982421875,121.75032043457031,-9.309576988220215,0.024972915649414062,2993.44091796875,114.87197875976562,-8.69042682647705,0.041674770414829254,5186.22705078125,149.4143829345703,-9.287128448486328,0.03128748759627342,368.3232727050781,37,4.332364082336426,0.5282277464866638,-88.58341217041016,1563.2805019606924,1391.3627000665279,44.94507650370048,3.2050090713977832,0.10770650953054428,0.012610213831067085,-88.65079498291016,3,9.054548263549805,0.0006603968795388937,4009.482177734375,25.994184494018555,44.94507650370048,3.2050090713977832
1713.46533203125,145.57284545898438,-8.084688186645508,0.09226454794406891,1280.938720703125,112.80883026123047,-7.768820762634277,0.09564109146595001,1351.285888671875,145.92735290527344,-7.826868057250977,0.11727873980998993,83.17820739746094,26,1.6197476387023926,1.3399642705917358,43.917396545410156,1020.6683312398825,1353.651350551843,44.94237253538299,3.244532087075505,0.1583070456981659,0.15794381499290466,53.57997512817383,0,6.5156097412109375,0.00047520786756649613,1033.968017578125,9.718485832214355,44.94237253538298,3.244532087075518
728.3522338867188,121.86395263671875,-7.155853748321533,0.18170364201068878,226.7916259765625,111.50288391113281,-5.889067649841309,0.5339356064796448,147.35739135742188,128.60342407226562,-5.420929908752441,0.9477863311767578,37.35554885864258,9,1.6852712631225586,1.0423938035964966,-55.26797103881836,1136.7445220426816,1351.8789737473978,44.942230885516516,3.236077630676941,0.46527284383773804,0.4649968445301056,28.89764976501465,0,7.92582893371582,0.0005780619103461504,-638.9146118164062,10.111627578735352,44.942230885516516,3.236077630676941
4715.03955078125,284.7187805175781,-9.18371295928955,0.06557836383581161,1804.0028076171875,113.4731216430664,-8.140592575073242,0.0683102086186409,3401.338134765625,243.9728546142578,-8.829124450683594,0.07789713889360428,66.67388153076172,62,2.767240047454834,2.2002649307250977,28.74045181274414,93.9352847821634,1370.6961927152465,44.94372092893216,3.3120246252767047,0.2471974790096283,0.24691273272037506,61.90939712524414,2,12.965982437133789,0.0009456725092604756,2274.0078125,16.603439331054688,44.94372092893216,3.3120246252767047
1090.6810302734375,127.1803207397461,-7.594244480133057,0.12663447856903076,805.4890747070312,112.1097640991211,-7.265149116516113,0.1511518955230713,885.1973876953125,142.9365234375,-7.367600440979004,0.17536096274852753,69.76056671142578,17,1.8735735416412354,1.1645444631576538,38.3983039855957,1714.2652999878235,1359.421789956205,44.94272612641537,3.1940102818969716,0.22678379714488983,0.22630977630615234,-86.99445343017578,0,7.807528972625732,0.0005694499122910202,598.1776733398438,11.24144172668457,44.94272612641537,3.1940102818969716
3895.5546875,113.8666000366211,-8.976423263549805,0.031743649393320084,2315.70751953125,114.03384399414062,-8.41170883178711,0.053478583693504333,4766.80810546875,168.42941284179688,-9.195569038391113,0.038372498005628586,281.2347106933594,31,3.948530673980713,0.7276358008384705,-82.14136505126953,1564.2233952627487,1379.5774167125346,44.94421442833502,3.2049403041294404,0.1101270243525505,0.03041817620396614,-85.09860229492188,3,10.151659965515137,0.0007404148927889764,497.55859375,23.691184997558594,44.94421442833502,3.20494030412944
690.5358276367188,116.3786392211914,-7.097965717315674,0.1830277293920517,554.1821899414062,111.98442840576172,-6.859131336212158,0.21944966912269592,709.6388549804688,139.27911376953125,-7.127593517303467,0.2131466120481491,42.35981369018555,10,1.9016155004501343,0.8869110345840454,13.982020378112793,680.9826288199074,1354.4300544375496,44.942465638916495,3.2692719965571637,0.5600794553756714,0.55962073802948,12.786931037902832,0,7.764681816101074,0.0005663065239787102,361.6822204589844,11.409692764282227,44.942465638916495,3.2692719965571637
1629.1976318359375,170.42855834960938,-8.029934883117676,0.11360525339841843,750.6466674804688,112.0000991821289,-7.188589096069336,0.16203643381595612,1293.520263671875,235.08050537109375,-7.779433250427246,0.1973663866519928,54.51889419555664,15,1.8563332557678223,1.3313603401184082,66.54519653320312,1270.6985666226765,1370.2558813251912,44.94356148569079,3.2263209983758174,0.4015227258205414,0.4003804922103882,42.94356918334961,2,9.411681175231934,0.0006864341557957232,1184.0032958984375,11.137999534606934,44.94356148569079,3.2263209983758174
847370.625,626.2483520507812,-14.820183753967285,0.0008026071591302752,694660.75,446.0727233886719,-14.604432106018066,0.000697369163390249,822841.5625,526.1871948242188,-14.788290977478027,0.0006944705964997411,41587.27734375,605,2.4857866764068604,2.3789095878601074,28.8029727935791,391.22034903927585,1433.5921447030928,44.94828913377472,3.290376502678264,0.0015033937525004148,0.0014619585126638412,-87.65229797363281,0,3.822195529937744,0.0002787671110127121,843948.1875,14.91472053527832,44.94828913377472,3.290376502678252
4570.6943359375,99.89413452148438,-9.149955749511719,0.023734912276268005,3584.021240234375,115.43231201171875,-8.885926246643066,0.03497732803225517,7057.619140625,134.7156982421875,-9.6216459274292,0.0207295473664999,619.4054565429688,26,3.3691351413726807,0.5011463165283203,64.90963745117188,1883.2629130962896,1391.7078386716562,44.945072066230594,3.181699039117414,0.09344470500946045,0.016771921887993813,66.07093811035156,3,7.769010543823242,0.0005666492506861687,5431.3837890625,20.214811325073242,44.945072066230594,3.181699039117414
1189.275634765625,148.23561096191406,-7.688206195831299,0.13536296784877777,757.85498046875,112.18448638916016,-7.198965072631836,0.16075946390628815,871.4683837890625,138.54917907714844,-7.350628852844238,0.17265619337558746,56.38798522949219,18,1.7836098670959473,1.1041728258132935,40.64130401611328,755.3026741202857,1370.5456853284013,44.943636563549994,3.2638595830189487,0.36256977915763855,0.3615742623806,54.439796447753906,0,8.39553165435791,0.0006123162456788123,329.0128479003906,10.701659202575684,44.943636563549994,3.2638595830189363
3754.797119140625,201.25270080566406,-8.936466217041016,0.058208320289850235,2432.17919921875,114.12775421142578,-8.464988708496094,0.050959546118974686,3159.3056640625,198.15304565429688,-8.748979568481445,0.06811439990997314,130.16664123535156,52,2.1242737770080566,1.8880517482757568,-73.02499389648438,1636.5146726556907,1386.15497703368,44.94468863644659,3.1996742776043385,0.13920694589614868,0.13864904642105103,-47.73918533325195,2,7.429491996765137,0.0005418752552941442,2794.798583984375,12.74564266204834,44.94468863644659,3.199674277604339
23197.87109375,208.55613708496094,-10.913619995117188,0.00976348016411066,18202.369140625,131.49049377441406,-10.650320053100586,0.007845059968531132,21125.939453125,204.02685546875,-10.812040328979492,0.010488203726708889,1166.9224853515625,109,2.0117344856262207,1.8929040431976318,-16.201448440551758,1909.2987139369227,1389.1025563414403,44.944879208396216,3.1798022873427483,0.0156099209561944,0.015383588150143623,-77.45655822753906,0,3.742934226989746,0.000272999401204288,20717.646484375,12.070406913757324,44.94487920839621,3.1798022873427607
599.6647338867188,106.10355377197266,-6.9447712898254395,0.19215480983257294,435.40069580078125,112.01792907714844,-6.597222805023193,0.27940118312835693,1014.6078491210938,230.69000244140625,-7.515745639801025,0.2469223439693451,46.59239196777344,9,1.5614981651306152,1.0540821552276611,-7.296800136566162,762.4738863763343,1367.910467958459,44.94344301001069,3.263337250014885,0.255831241607666,0.1683027148246765,-9.144675254821777,17,7.669834136962891,0.0005593885434791446,504.8175964355469,9.368988990783691,44.94344301001069,3.263337250014885
726.50048828125,115.81189727783203,-7.153090000152588,0.1731199324131012,500.6993103027344,111.87626647949219,-6.7489423751831055,0.24265587329864502,721.8309936523438,213.89605712890625,-7.146088600158691,0.32180818915367126,62.744354248046875,11,2.2928426265716553,0.6644672751426697,-67.09687042236328,221.93813306149758,1379.2448917151355,44.94433195366262,3.3027032228990616,0.5754475593566895,0.5739587545394897,-72.12875366210938,0,7.376565456390381,0.0005380054353736341,575.2800903320312,13.757055282592773,44.94433195366262,3.3027032228990616
1153.780029296875,136.21578979492188,-7.655307769775391,0.12821364402770996,928.6290893554688,112.21327209472656,-7.419605731964111,0.13122959434986115,974.2307739257812,124.61783599853516,-7.471654415130615,0.13891468942165375,83.76688385009766,18,1.6094390153884888,0.9899008274078369,-83.75530242919922,243.89208194045545,1379.038610489213,44.94431438765172,3.3011044364586044,0.22844462096691132,0.22769513726234436,81.90828704833984,0,5.046453475952148,0.000368059758329764,839.4153442382812,9.656634330749512,44.94431438765172,3.301104436458604
80627.0,383.240966796875,-12.26620101928711,0.005162038840353489,37813.51171875,150.05625915527344,-11.444117546081543,0.004309599753469229,78450.8203125,385.52471923828125,-12.236494064331055,0.005336844827979803,1358.6973876953125,377,4.332614421844482,3.111645460128784,54.23527145385742,695.325657259507,1438.508280079132,44.94861493159883,3.2682290684037247,0.015242977067828178,0.014872902072966099,72.70394897460938,0,8.776617050170898,0.0006401091814041138,79334.984375,25.995685577392578,44.94861493159883,3.2682290684037247
2455.439453125,205.6887664794922,-8.475322723388672,0.09097271412611008,1200.3531494140625,112.62544250488281,-7.698272705078125,0.10189603269100189,1222.572509765625,157.187255859375,-7.718186378479004,0.13962800800800323,74.15362548828125,16,1.6481395959854126,1.5558668375015259,39.51239013671875,627.5885332221803,1383.4552579310664,44.94459486645393,3.27316122558611,0.2289780080318451,0.22838783264160156,61.068904876708984,2,6.392819404602051,0.00046625142567791045,956.872314453125,9.888837814331055,44.94459486645393,3.2731612255861102
1674.7069091796875,168.3135528564453,-8.059846878051758,0.10914657264947891,1113.8760986328125,113.00274658203125,-7.617092132568359,0.11017470806837082,1295.3681640625,157.24942016601562,-7.780982971191406,0.13183346390724182,68.5185775756836,26,1.8607208728790283,1.386722207069397,79.58678436279297,384.65267773579507,1394.7892544047586,44.94545096852965,3.2908538883126224,0.2334642857313156,0.2330155223608017,46.21284866333008,0,8.685555458068848,0.0006334716454148293,613.0507202148438,11.164325714111328,44.94545096852965,3.2908538883126224
13409.6513671875,174.59841918945312,-10.318543434143066,0.014140105806291103,3084.5888671875,114.7211685180664,-8.722992897033691,0.04039020836353302,12754.775390625,243.06277465820312,-10.264182090759277,0.020695477724075317,588.212646484375,30,3.6880617141723633,0.5473670363426208,-61.193302154541016,1552.8882201672982,1416.0294666873365,44.94688164839175,3.2057662713000132,0.07972728461027145,0.015669578686356544,-63.52265930175781,2,8.500718116760254,0.0006200033822096884,9968.810546875,22.12837028503418,44.946881648391745,3.2057662713000252
4092.24609375,181.73268127441406,-9.02990436553955,0.04822820797562599,3015.990478515625,114.72674560546875,-8.698575019836426,0.041310884058475494,3997.255859375,189.84744262695312,-9.00440502166748,0.05157896503806114,135.13671875,54,2.363854169845581,1.6023987531661987,59.555484771728516,177.39620518466,1404.5685494170461,44.94618983821401,3.305947588531377,0.11317296326160431,0.11279958486557007,62.3201789855957,0,7.926802635192871,0.0005781367071904242,2896.13818359375,14.183124542236328,44.94618983821401,3.305947588531377
3221.9501953125,64.65436553955078,-8.770297050476074,0.021792590618133545,3053.8359375,114.51325988769531,-8.712114334106445,0.04072301462292671,2924.978515625,59.11287307739258,-8.66530704498291,0.02194770984351635,841.4962158203125,11,1.6197843551635742,0.21600481867790222,88.44683074951172,1925.994469025991,1391.1527841905524,44.9450276733295,3.1785859689952645,0.030842330306768417,0.02758864127099514,-89.60635375976562,3,3.4807777404785156,0.00025387885398231447,2316.60302734375,9.718706130981445,44.9450276733295,3.178585968995252
601.1912841796875,106.46370697021484,-6.947531700134277,0.19231747090816498,446.3510437011719,111.72289276123047,-6.6241912841796875,0.2718287706375122,392.05145263671875,98.53595733642578,-6.483357906341553,0.2729489803314209,50.68278121948242,9,1.2190459966659546,0.8015538454055786,-85.29158782958984,1076.8189276012135,1387.9131190724518,44.94487293190631,3.24044287220968,0.3603876531124115,0.3595571517944336,-83.65023040771484,0,5.89243221282959,0.0004297576961107552,210.79086303710938,7.314275741577148,44.9448729319063,3.2404428722096923
740.0323486328125,118.75249481201172,-7.173126697540283,0.1742696911096573,567.6995239257812,111.91265869140625,-6.88529634475708,0.2140870839357376,549.2725219726562,115.95439910888672,-6.8494696617126465,0.22926047444343567,46.749267578125,5,0.7156876921653748,0.46931707859039307,12.798534393310547,19.388282004565525,1381.4839084710302,44.94451873158171,3.317453616839852,0.34014609456062317,0.3393166959285736,86.89329528808594,3,3.155341863632202,0.00023013525060378015,585.1488647460938,4.294126033782959,44.94451873158171,3.317453616839852
2389.2734375,92.41707611083984,-8.445664405822754,0.0420064702630043,2064.298583984375,113.52069854736328,-8.286931037902832,0.05972173064947128,2326.396728515625,93.54813385009766,-8.416709899902344,0.043669797480106354,303.9389953613281,20,1.7129918336868286,0.5680979490280151,-87.5094223022461,1926.0465953542293,1398.0372319401008,44.945531163547585,3.1785821754190593,0.06834221631288528,0.06497535854578018,-89.32987976074219,3,5.88023567199707,0.00042888923780992627,916.1146850585938,10.27795124053955,44.945531163547585,3.1785821754190597
1923.0770263671875,175.9610137939453,-8.209991455078125,0.09936869889497757,1247.67431640625,112.72554016113281,-7.74025297164917,0.09811850637197495,1514.701904296875,168.7606201171875,-7.950818061828613,0.12099676579236984,70.85427856445312,30,2.2270619869232178,1.3298735618591309,-18.856660842895508,1685.0069807911595,1400.1452490960262,44.94570731050373,3.1961418554713137,0.21330933272838593,0.21296989917755127,-60.736270904541016,1,9.10110855102539,0.0006637984770350158,489.27252197265625,13.362371444702148,44.94570731050373,3.1961418554713132
1539.773681640625,66.59473419189453,-7.968642234802246,0.04696916416287422,1570.14111328125,113.15253448486328,-7.989846706390381,0.0782628133893013,1764.6566162109375,87.26608276367188,-8.116650581359863,0.05370504781603813,254.744873046875,11,1.8998812437057495,0.3908226191997528,59.296173095703125,1886.7101177898267,1399.599808398296,44.94564894282173,3.1814479160222975,0.09995263069868088,0.09757165610790253,61.87110900878906,3,5.124943256378174,0.0003737988881766796,933.7308349609375,11.399287223815918,44.94564894282172,3.1814479160223095
15447.2666015625,359.7509765625,-10.472128868103027,0.025291824713349342,5431.87841796875,117.68775939941406,-9.337374687194824,0.0235294122248888,14110.3388671875,365.13128662109375,-10.3738431930542,0.028102271258831024,190.60792541503906,207,3.9049439430236816,3.4657604694366455,32.99546813964844,1947.5457378688384,1436.557756954936,44.948346449000354,3.1770159158001765,0.10118436068296432,0.10100717842578888,31.428382873535156,0,11.237586975097656,0.0008196445414796472,12075.37109375,23.429664611816406,44.948346449000354,3.1770159158001765
1391.576171875,67.74127197265625,-7.858767509460449,0.05286596715450287,2017.8851318359375,113.89903259277344,-8.26224136352539,0.061299003660678864,6462.95947265625,178.26681518554688,-9.526078224182129,0.029954969882965088,237.7216796875,11,1.5673588514328003,0.3930250108242035,-78.27423858642578,1560.7374783361865,1402.2689437157903,44.945874438314625,3.205194394465406,0.06891153007745743,0.020945433527231216,-86.2097396850586,19,4.6589555740356445,0.00033980279113166034,4728.900390625,9.404152870178223,44.945874438314625,3.2051943944654058
8688.2607421875,250.0152130126953,-9.847332000732422,0.0312509648501873,5060.1357421875,117.26285552978516,-9.260405540466309,0.02516680769622326,7825.73681640625,242.36512756347656,-9.733813285827637,0.03363370522856712,229.62301635742188,98,2.7848310470581055,2.141911506652832,76.52297973632812,1898.953304587483,1440.3687262460242,44.948629496104,3.1805560272929436,0.07662731409072876,0.07657288759946823,75.63058471679688,2,5.9546380043029785,0.00043431619997136295,6370.95654296875,16.708986282348633,44.948629496104,3.180556027292931
2083.588623046875,138.7916717529297,-8.297029495239258,0.0723404586315155,1713.3870849609375,113.40928649902344,-8.084638595581055,0.071882463991642,1809.2158203125,141.2098388671875,-8.143726348876953,0.08476262539625168,136.22561645507812,29,1.4769628047943115,1.3623570203781128,-32.44778823852539,617.9487874362394,1409.3473243064439,44.946490128129426,3.273863815280814,0.12131515890359879,0.12118779122829437,-62.777099609375,0,4.902283191680908,0.00035754096461459994,1379.759765625,8.861776351928711,44.946490128129426,3.2738638152808255
1487.7413330078125,160.5176239013672,-7.931318759918213,0.11717234551906586,1028.4393310546875,112.37647247314453,-7.530446529388428,0.11866606771945953,1020.8040161132812,181.73170471191406,-7.522356033325195,0.19333840906620026,65.23725891113281,23,1.871781826019287,1.3062564134597778,63.26316452026367,369.29954222334345,1412.5255568518457,44.94675032392725,3.291972415695334,0.22798343002796173,0.22736454010009766,52.35228729248047,0,9.360953330993652,0.0006827306933701038,1166.4007568359375,11.230690956115723,44.94675032392725,3.2919724156953336
69612.65625,464.63665771484375,-12.106720924377441,0.007248615846037865,29759.509765625,142.7364501953125,-11.184064865112305,0.005208815447986126,66985.1875,459.9427185058594,-12.064947128295898,0.0074568395502865314,1138.3670654296875,526,4.897115230560303,4.174876689910889,-55.895198822021484,96.31653448688215,1485.5220322472387,44.9521222490649,3.311854275159303,0.020322827622294426,0.02020338736474514,-61.50897216796875,0,6.016364097595215,0.0004387990920804441,68409.59375,29.3826904296875,44.9521222490649,3.311854275159315
8402.6650390625,239.8650360107422,-9.811042785644531,0.031001286581158638,4862.5732421875,117.03641510009766,-9.217164993286133,0.02613874152302742,7682.56005859375,252.7327117919922,-9.713765144348145,0.03572607785463333,167.1929931640625,103,2.7054572105407715,2.40952467918396,-24.401203155517578,470.15743612459505,1429.9793780832279,44.94801595553653,3.2846276624668973,0.08475372195243835,0.08452080190181732,-23.643699645996094,2,8.03396987915039,0.0005859467783011496,6177.3955078125,16.232742309570312,44.948015955536526,3.284627662466909
585.3932495117188,88.00775909423828,-6.918619155883789,0.16326875984668732,796.1901245117188,112.3180923461914,-7.252542018890381,0.1532014012336731,890.6880493164062,146.34669494628906,-7.374313831329346,0.17843790352344513,66.64132690429688,9,1.261705994606018,0.7708260416984558,61.07476043701172,1803.319528535427,1409.5132786702377,44.94638151577062,3.187522999264415,0.33148860931396484,0.3311745524406433,75.99104309082031,0,5.878423690795898,0.0004287528863642365,761.1044311523438,7.5702362060546875,44.94638151577062,3.1875229992644156
90320.0,287.3331298828125,-12.389459609985352,0.003454869147390127,74693.1328125,180.112548828125,-12.183201789855957,0.0026187445037066936,87974.0,260.20257568359375,-12.360885620117188,0.003212085459381342,4750.60888671875,203,2.16029691696167,2.1003239154815674,-49.56157302856445,1121.7267304420745,1447.0771540892579,44.94919599935572,3.23717280682306,0.005403256043791771,0.005288418382406235,89.48558044433594,0,3.700674057006836,0.00026990482001565397,90090.8828125,12.96178150177002,44.949195999355716,3.237172806823085
1985.8531494140625,177.0882568359375,-8.244868278503418,0.09684394299983978,1228.662353515625,112.7902603149414,-7.723581314086914,0.09969396889209747,1365.9205322265625,134.52645874023438,-7.838563442230225,0.10695771127939224,77.95931243896484,18,1.8757505416870117,0.9853804707527161,84.72818756103516,563.1917285430374,1426.8154869279008,44.947774116910004,3.277852083429202,0.23719123005867004,0.23629508912563324,35.4897575378418,2,8.131463050842285,0.0005930564948357642,470.5835266113281,11.25450325012207,44.947774116910004,3.2778520834292144
3724.628662109375,186.35220336914062,-8.92770767211914,0.05433521419763565,2719.956787109375,114.37974548339844,-8.586404800415039,0.04566852003335953,3208.754638671875,187.3273162841797,-8.765841484069824,0.0634007528424263,137.98463439941406,52,1.9397248029708862,1.8507468700408936,-30.5717830657959,1133.607828906307,1427.6941898480277,44.94777694509967,3.236307144320212,0.11342352628707886,0.11318470537662506,-36.425865173339844,0,6.0364885330200195,0.0004402651102282107,3218.157958984375,11.638348579406738,44.94777694509967,3.236307144320212
2647.314208984375,179.23504638671875,-8.557013511657715,0.07352706789970398,1870.5936279296875,113.37826538085938,-8.179948806762695,0.06582337617874146,2203.893310546875,175.73147583007812,-8.357975959777832,0.08659420162439346,85.95231628417969,40,1.9832261800765991,1.6363476514816284,64.38776397705078,1182.7788136596039,1428.5638211077987,44.94783546341008,3.232725659240272,0.17430654168128967,0.17372846603393555,38.17048263549805,0,8.382522583007812,0.0006113717099651694,1593.503173828125,11.899356842041016,44.94783546341008,3.2327256592402724
1509.5030517578125,110.91376495361328,-7.947084903717041,0.07979603111743927,1837.4271240234375,113.55604553222656,-8.16052532196045,0.06711660325527191,2122.25244140625,137.08755493164062,-8.31699275970459,0.07015050947666168,119.67354583740234,20,1.5553611516952515,1.234307050704956,47.563201904296875,285.6495654357102,1422.607153805632,44.94749736504818,3.298064529716614,0.14116118848323822,0.14070262014865875,-65.1450424194336,3,6.064575672149658,0.0004423139616847038,1667.34228515625,9.33216667175293,44.94749736504818,3.2980645297166133
3697.970458984375,94.6725845336914,-8.91990852355957,0.027802933007478714,2241.14892578125,113.98922729492188,-8.376176834106445,0.0552360899746418,13209.7138671875,295.42352294921875,-10.302233695983887,0.024287424981594086,429.7090148925781,23,5.326773643493652,0.37588363885879517,-65.90065002441406,1218.5001606420929,1190.1202153259223,44.93039020244696,3.230120910803592,0.12952221930027008,0.012453870847821236,-64.83979797363281,19,8.465717315673828,0.0006174507434479892,6505.98046875,31.960641860961914,44.93039020244696,3.2301209108035924
1061.8094482421875,140.68191528320312,-7.5651164054870605,0.1438869833946228,791.4998168945312,112.22474670410156,-7.246127128601074,0.15398117899894714,781.1973266601562,124.40967559814453,-7.2319016456604,0.17295105755329132,72.60234832763672,16,1.8833140134811401,0.8632998466491699,-43.8648796081543,1862.5980503207375,1423.835506231384,44.947423604732485,3.1832045546036296,0.34265270829200745,0.3418518602848053,-52.64994812011719,0,7.622500896453857,0.0005559634300880134,142.5521240234375,11.299883842468262,44.947423604732485,3.1832045546036296
1844.0670166015625,140.934326171875,-8.16444206237793,0.08299843966960907,1663.54052734375,112.9585189819336,-8.052583694458008,0.0737420842051506,1825.629150390625,149.69036865234375,-8.153531074523926,0.08904532343149185,122.16451263427734,27,2.141014814376831,1.1286700963974,-5.711635589599609,285.45382627240315,1424.9323100129056,44.94766750522085,3.2980788420020994,0.15345124900341034,0.15231600403785706,-6.39542818069458,3,7.375412940979004,0.0005379185313358903,736.4030151367188,12.846088409423828,44.94766750522084,3.298078842002112
615.7857055664062,109.42359161376953,-6.973574161529541,0.19297949969768524,703.6148071289062,111.89968872070312,-7.118337631225586,0.17271248996257782,952.5948486328125,188.33657836914062,-7.447270393371582,0.2147119790315628,51.023380279541016,9,1.5720458030700684,0.7355443835258484,89.99412536621094,1587.0838067530754,1431.997876160471,44.94804628696021,3.203275399227304,0.3968256115913391,0.3957328200340271,64.81729888916016,2,6.417059898376465,0.0004680323472712189,1655.306396484375,9.43227481842041,44.948046286960206,3.2032753992273286
1323.3511962890625,59.82787322998047,-7.804187774658203,0.04909737408161163,2107.908447265625,113.61563110351562,-8.309629440307617,0.058535072952508926,6638.078125,157.89511108398438,-9.555106163024902,0.025831887498497963,247.4488525390625,9,1.6956157684326172,0.3297613561153412,-67.47710418701172,1546.5890177750744,1429.6932857746795,44.947881637829575,3.206225237213948,0.06850922852754593,0.017125774174928665,-67.46533966064453,19,4.43358039855957,0.000323365064105019,5842.861328125,10.173694610595703,44.947881637829575,3.206225237213948
5163.380859375,93.04496002197266,-9.28233528137207,0.019569896161556244,2830.274658203125,114.2939224243164,-8.629571914672852,0.04385552927851677,5162.587890625,136.4713897705078,-9.2821683883667,0.028708068653941154,758.9324340820312,23,4.204744815826416,0.3089180886745453,31.293521881103516,863.3954918192239,1442.372517086989,44.9488793069096,3.2559883162056336,0.0762576311826706,0.006663495674729347,31.189071655273438,19,6.805784702301025,0.0004963699611835182,1913.7742919921875,25.228469848632812,44.9488793069096,3.255988316205634
1947.2890625,196.00125122070312,-8.223575592041016,0.10930958390235901,536.7066650390625,111.8754653930664,-6.824342250823975,0.22637459635734558,568.7282104492188,175.18186950683594,-6.887261867523193,0.33451393246650696,43.55239486694336,9,1.143046498298645,0.9630576372146606,-8.450862884521484,1596.588349917823,1431.896905776533,44.948037988914926,3.202583032370771,0.4030654728412628,0.40184518694877625,-66.10240936279297,2,5.286316871643066,0.0003855610266327858,749.197021484375,6.858279228210449,44.948037988914926,3.2025830323707707
3990.64013671875,199.3295440673828,-9.002606391906738,0.05424490198493004,2607.51025390625,114.4630126953125,-8.540565490722656,0.047672610729932785,3437.826416015625,194.58128356933594,-8.840709686279297,0.061467695981264114,128.4705810546875,57,2.141620397567749,1.8808847665786743,15.871356010437012,489.695226535127,1444.909601682795,44.94910606019378,3.283205109495498,0.12041758000850677,0.12016846239566803,73.88150787353516,0,6.886999130249023,0.0005022935220040381,2661.21728515625,12.849721908569336,44.94910606019377,3.2832051094955097
3026.3740234375,185.5600128173828,-8.702306747436523,0.06658733636140823,2094.869384765625,113.9032974243164,-8.302892684936523,0.05904854089021683,2360.23828125,182.04354858398438,-8.432389259338379,0.08376242965459824,119.50544738769531,45,2.027719497680664,1.676924228668213,34.149898529052734,57.0215400063253,1446.9982244097232,44.9493080842632,3.314714828588387,0.12911094725131989,0.1290183663368225,16.885814666748047,0,6.798577308654785,0.0004958515637554228,1918.4588623046875,12.166316986083984,44.9493080842632,3.314714828588387
5081.95849609375,209.77340698242188,-9.265077590942383,0.04482797905802727,3292.50048828125,115.135498046875,-8.793814659118652,0.037976350635290146,4633.71337890625,220.2858428955078,-9.164822578430176,0.0516282320022583,142.9015655517578,66,2.452164649963379,2.031907796859741,-34.5279426574707,1861.5463805852219,1452.795608333409,44.94954171616858,3.1832812263781216,0.10959628224372864,0.10913648456335068,84.427001953125,2,7.551708698272705,0.0005508011090569198,3564.40966796875,14.712987899780273,44.94954171616858,3.1832812263781216
6947.09326171875,138.45614624023438,-9.604507446289062,0.021644070744514465,2836.354248046875,114.77406311035156,-8.631900787353516,0.043945372104644775,7551.47021484375,154.74130249023438,-9.69507884979248,0.022253818809986115,439.5870666503906,38,4.03522253036499,0.5768210291862488,30.924924850463867,875.1582982733509,1452.3414957791715,44.94960728846508,3.255131772659971,0.08632712066173553,0.018052278086543083,29.244932174682617,3,9.13209056854248,0.0006660356884822249,3481.22021484375,24.211334228515625,44.94960728846508,3.2551317726599707
9758.1845703125,143.6929473876953,-9.97342300415039,0.015991760417819023,7121.248046875,119.59968566894531,-9.631390571594238,0.018239114433526993,8292.14453125,157.74203491210938,-9.796667098999023,0.020659051835536957,3255.83203125,41,1.5027775764465332,1.0646415948867798,76.37055206298828,1529.9088077349704,1469.9993649854355,44.950831268952804,3.207440621031445,0.008816815912723541,0.008678888902068138,-77.90787506103516,2,0.961943507194519,7.015979645075276e-05,9201.380859375,9.0166654586792,44.950831268952804,3.207440621031445
2901.669921875,189.14527893066406,-8.656620025634766,0.07079087942838669,1999.7890625,113.57454681396484,-8.252460479736328,0.0616774819791317,2865.51806640625,190.9892578125,-8.6430082321167,0.0723828375339508,99.4081802368164,44,2.3299801349639893,1.579962968826294,-62.71699905395508,415.3361767335177,1460.8051099792867,44.95027734630717,3.2886208668887034,0.17265585064888,0.1723989099264145,-84.02117156982422,0,7.931405544281006,0.0005784662207588553,2716.022216796875,13.979881286621094,44.95027734630717,3.288620866888703
1047.690673828125,137.6481475830078,-7.5505828857421875,0.1426813155412674,734.6722412109375,112.11280822753906,-7.165234088897705,0.16572630405426025,815.44091796875,133.05368041992188,-7.278481483459473,0.17720019817352295,60.90605163574219,16,1.8399791717529297,0.9067269563674927,-68.12608337402344,482.10191040772224,1454.7749751907795,44.94982865786206,3.283758340066441,0.31958451867103577,0.31869179010391235,-64.13153076171875,1,7.722313404083252,0.0005632158135995269,412.1474609375,11.039875030517578,44.949828657862064,3.283758340066429
4760.572265625,167.17019653320312,-9.194148063659668,0.038135506212711334,3687.656982421875,115.467529296875,-8.916876792907715,0.03400471806526184,4434.95068359375,198.3959197998047,-9.11722183227539,0.048581819981336594,275.91424560546875,54,2.251657247543335,1.7612428665161133,30.337902069091797,1908.3120194242044,1459.5382519099219,44.95003061829302,3.179874240897315,0.06554315984249115,0.06517039984464645,87.35372161865234,0,4.319404602050781,0.00031504713115282357,3670.73095703125,13.509943008422852,44.95003061829302,3.179874240897315
23642.96875,213.23385620117188,-10.93425464630127,0.009794538840651512,19587.84375,132.7494354248047,-10.729966163635254,0.007359967567026615,22606.494140625,211.50270080566406,-10.88558292388916,0.01016044057905674,1214.330322265625,120,2.0242953300476074,2.0040853023529053,-59.96599197387695,1093.8040084048412,1474.5858917801604,44.95121112629611,3.2392070251879685,0.014194215647876263,0.014039426110684872,87.9159927368164,0,3.6923134326934814,0.00026929486193694174,23420.1171875,12.145771980285645,44.95121112629611,3.2392070251879685
2950.212890625,100.62907409667969,-8.674633026123047,0.03704247251152992,2802.626708984375,114.73460388183594,-8.618913650512695,0.04445892572402954,3944.325927734375,134.35409545898438,-8.9899320602417,0.03699200972914696,369.5290222167969,24,1.821485161781311,0.7022274136543274,31.9041805267334,887.0364812527082,1458.0925840237412,44.95002670815598,3.254266746011749,0.08159983903169632,0.07906898111104965,30.986713409423828,3,5.123834133148193,0.0003736994112841785,2765.420654296875,10.928911209106445,44.95002670815598,3.2542667460117496
1783.1392822265625,58.383296966552734,-8.127963066101074,0.03555766120553017,1973.724609375,113.71710205078125,-8.238216400146484,0.06257041543722153,7730.375,180.58773803710938,-9.720500946044922,0.025369828566908836,451.9123229980469,9,2.063610792160034,0.29901647567749023,-66.62122344970703,1534.2276667633105,1461.0063909645337,44.95017309684179,3.207125941434586,0.054279912263154984,0.013196418061852455,-67.15467071533203,19,4.662985324859619,0.0003400969144422561,6360.87841796875,12.381664276123047,44.95017309684178,3.2071259414345863
7655.38427734375,165.27496337890625,-9.709917068481445,0.023446060717105865,6583.2177734375,118.82843780517578,-9.546095848083496,0.019602524116635323,7314.26806640625,175.43199157714844,-9.66042709350586,0.02604760229587555,418.7809143066406,64,1.8644896745681763,1.6201363801956177,-81.09500122070312,142.55167492567242,1470.4453411188024,44.951013799925484,3.3084868340854943,0.03656440228223801,0.036311354488134384,-82.77086639404297,0,3.8979620933532715,0.00028429474332369864,6850.73486328125,11.186938285827637,44.951013799925484,3.308486834085482
899.5078125,122.14705657958984,-7.385012149810791,0.14747142791748047,777.6722412109375,112.1203842163086,-7.226991653442383,0.1565733253955841,713.69775390625,141.0399932861328,-7.133785724639893,0.2146138697862625,72.7377700805664,14,1.5923906564712524,1.2782288789749146,78.33843231201172,222.3562348868468,1454.4411638951551,44.94983368675422,3.302674677727059,0.3026496171951294,0.3010876178741455,-76.2281265258789,0,5.848698616027832,0.0004265693132765591,271.53192138671875,9.554344177246094,44.94983368675422,3.302674677727059
1363.4483642578125,166.80987548828125,-7.836596965789795,0.13286569714546204,158.16859436035156,111.33177185058594,-5.497800827026367,0.7644141316413879,196.3126678466797,113.3936538696289,-5.732370853424072,0.6272927522659302,50.75162124633789,9,2.883545160293579,0.45485764741897583,-60.22712707519531,2008.3813736035315,1462.247451433423,44.950219879257965,3.172583756391649,0.917320191860199,0.9145721197128296,-39.40438461303711,0,6.839280128479004,0.0004988458240404725,-349.69818115234375,17.301271438598633,44.95021987925796,3.1725837563916603
653.0668334960938,114.83414459228516,-7.037394046783447,0.1909603625535965,422.06158447265625,111.8259048461914,-6.56343936920166,0.2877374589443207,455.36395263671875,125.04608154296875,-6.6458964347839355,0.298223078250885,53.97590255737305,9,1.857276201248169,0.911482036113739,66.25262451171875,1105.5155403907715,1457.5550648227652,44.94996413018799,3.2383537372125715,0.4565005600452423,0.45577436685562134,60.35898208618164,1,7.779312610626221,0.0005673757987096906,617.2343139648438,11.143657684326172,44.94996413018799,3.238353737212571
11343.126953125,289.40264892578125,-10.136832237243652,0.027707640081644058,5703.73681640625,117.78864288330078,-9.390398979187012,0.022427132353186607,10282.2138671875,290.7212219238281,-10.030216217041016,0.030705764889717102,260.2680969238281,144,3.0644185543060303,2.8015127182006836,-51.72678756713867,1398.7239039709643,1482.9826272813104,44.95179389573182,3.216996776157938,0.07496639341115952,0.07478636503219604,74.03060913085938,0,7.714286804199219,0.0005626408383250237,9193.37109375,18.386510848999023,44.95179389573182,3.2169967761579494
644.622802734375,104.68736267089844,-7.023263931274414,0.17636744678020477,500.04925537109375,112.13932037353516,-6.747531890869141,0.2435426115989685,631.3160400390625,128.15048217773438,-7.000617027282715,0.22044651210308075,58.426475524902344,10,1.9612479209899902,0.5098986625671387,37.665931701660156,1094.8012264442234,1457.4821931297936,44.949959924470164,3.2391341352263776,0.4661082625389099,0.4638487994670868,40.068973541259766,0,5.962076187133789,0.0004348374786786735,673.5955200195312,11.767487525939941,44.949959924470164,3.23913413522639
1654.5615234375,141.6991729736328,-8.046707153320312,0.09300670027732849,1372.32958984375,112.78662872314453,-7.843646049499512,0.08925427496433258,1380.0269775390625,139.92391967773438,-7.849719047546387,0.11011189222335815,94.3238525390625,25,1.5734564065933228,1.3216084241867065,-78.25957489013672,574.5812960736371,1467.5134565120866,44.95075022591374,3.277023480679495,0.1622193604707718,0.16169798374176025,-87.81287384033203,0,5.971216678619385,0.00043550142436288297,1051.1392822265625,9.440738677978516,44.95075022591374,3.2770234806794827
6247.5322265625,73.40180969238281,-9.48927116394043,0.012759336270391941,6085.79736328125,118.389892578125,-9.460793495178223,0.02112647145986557,6129.2138671875,81.06258392333984,-9.468511581420898,0.014363011345267296,1455.9951171875,13,0.8368401527404785,0.5794223546981812,18.86587905883789,1284.6094989052908,1460.7309558859904,44.95017789357007,3.2253088030847326,0.012225274927914143,0.011317922733724117,16.39408302307129,0,2.413722515106201,0.00017604351160116494,6065.96533203125,5.021040916442871,44.95017789357007,3.225308803084744
4532.306640625,224.66775512695312,-9.140798568725586,0.053833335638046265,2574.5576171875,114.1657943725586,-8.526756286621094,0.04815742373466492,3677.912841796875,222.48699951171875,-8.914003372192383,0.06569510698318481,113.09489440917969,67,2.895642042160034,1.7727057933807373,19.477359771728516,371.7624280517078,1475.2261013202344,44.951337340539446,3.291794559721098,0.1389661580324173,0.13800685107707977,15.92360782623291,2,9.8447265625,0.0007180118118412793,2650.031005859375,17.373851776123047,44.951337340539446,3.291794559721086
1180.617919921875,146.4439239501953,-7.680273532867432,0.134707510471344,722.1718139648438,111.96595001220703,-7.14660120010376,0.16837409138679504,744.01611328125,212.75564575195312,-7.178956031799316,0.3105478882789612,48.360504150390625,10,1.6204744577407837,0.7777754068374634,-22.621435165405273,1720.9249298079592,1463.3289045041909,44.95032507358912,3.193525604513383,0.32469838857650757,0.32407069206237793,-88.20323181152344,3,6.7029128074646,0.000488886667881161,600.0128784179688,9.722846984863281,44.95032507358913,3.1935256045133715
2131.777587890625,149.82305908203125,-8.321854591369629,0.076324962079525,1753.6224365234375,113.41349029541016,-8.109840393066406,0.07023578882217407,1942.7208251953125,151.43038940429688,-8.221026420593262,0.08465107530355453,108.26040649414062,31,1.8264966011047363,1.2707231044769287,-87.53530883789062,795.3207105722552,1479.4370785455808,44.95159807867207,3.2609470826370677,0.13194893300533295,0.13183116912841797,-16.773061752319336,0,6.515144348144531,0.00047517192433588207,1285.9615478515625,10.958979606628418,44.95159807867207,3.2609470826370672
599.54931640625,106.0758056640625,-6.9445624351501465,0.19214153289794922,306.3720703125,111.68690490722656,-6.215622901916504,0.39589762687683105,315.7095642089844,125.87802124023438,-6.2482194900512695,0.43300408124923706,44.73081588745117,9,1.7684454917907715,0.966651976108551,36.014591217041016,657.367711388812,1467.2935260125914,44.950724924503064,3.27099415512654,0.6297441124916077,0.6285586953163147,25.31770133972168,0,7.817667484283447,0.0005701692425645888,-336.41851806640625,10.610672950744629,44.95072492450306,3.270994155126552
7131.677734375,302.24517822265625,-9.632979393005371,0.046025391668081284,3007.6767578125,114.84574127197266,-8.695577621459961,0.04146804288029671,5561.2783203125,320.0923767089844,-9.362936973571777,0.0625072717666626,112.71573638916016,94,2.7723028659820557,2.6084532737731934,-84.45808410644531,36.388636495019476,1495.787669577914,44.95288031354939,3.3162187326094084,0.146600142121315,0.1464085578918457,-26.71062469482422,2,9.77112865447998,0.0007126514683477581,5887.1220703125,16.633817672729492,44.95288031354939,3.3162187326094084
1088.888671875,130.11361694335938,-7.592458724975586,0.12976844608783722,949.1587524414062,112.36940002441406,-7.443346977233887,0.1285698264837265,1022.2374267578125,127.59808349609375,-7.523879528045654,0.13555708527565002,74.77436828613281,17,1.3070563077926636,1.27364981174469,36.56905746459961,962.7678098142907,1478.598446908165,44.951518575921575,3.2487512600883393,0.23682424426078796,0.2365674376487732,52.230770111083984,0,5.41013765335083,0.00039458106039091945,879.5748901367188,7.842337608337402,44.951518575921575,3.2487512600883393
692.5638427734375,118.9364013671875,-7.101149559020996,0.18650256097316742,390.026123046875,111.83147430419922,-6.477734088897705,0.3113867938518524,326.96917724609375,103.32903289794922,-6.286266803741455,0.3431985080242157,41.80906295776367,9,1.8468012809753418,0.6330353617668152,55.768951416015625,379.1537647393295,1477.8205165816466,44.95152631100556,3.2912563346361448,0.3857632279396057,0.3844485580921173,67.72591400146484,3,6.452852725982666,0.0004706299223471433,-410.1446228027344,11.08080768585205,44.95152631100556,3.2912563346361448
1525.12744140625,135.48133850097656,-7.95826530456543,0.09647241979837418,1311.6468505859375,112.84537506103516,-7.79454231262207,0.0934322252869606,1191.0430908203125,144.08067321777344,-7.689818859100342,0.1313735991716385,106.63035583496094,23,1.9982268810272217,1.075098991394043,89.87214660644531,1368.553476371697,1488.0081064297929,44.952164513731915,3.219194521651286,0.1501162350177765,0.1496673822402954,-70.21463012695312,0,6.421248435974121,0.0004683324950747192,430.4154052734375,11.989360809326172,44.952164513731915,3.219194521651286
1814.9683837890625,156.6239471435547,-8.147172927856445,0.09371712058782578,1350.9859619140625,112.8485336303711,-7.826627254486084,0.09071411937475204,1560.0811767578125,148.62582397460938,-7.982868194580078,0.10346105694770813,83.82406616210938,25,1.6750521659851074,1.2608948945999146,-71.75394439697266,1808.3909845713263,1482.6549928067682,44.951730372951005,3.187153760143417,0.20911671221256256,0.2085224837064743,-80.36466217041016,2,6.898982048034668,0.0005031915497966111,1349.4256591796875,10.050312995910645,44.951730372951005,3.187153760143417
2424.8798828125,58.3048095703125,-8.461725234985352,0.026112230494618416,2836.00244140625,114.68779754638672,-8.631766319274902,0.043917786329984665,2917.1533203125,73.90731811523438,-8.662398338317871,0.027514271438121796,804.9328002929688,9,1.635707974433899,0.2841698229312897,78.22905731201172,1594.9786157221424,1483.9409163954265,44.95184461715995,3.202700650489538,0.05281270667910576,0.05024969205260277,85.17459869384766,3,3.938640594482422,0.00028726804885081947,2446.96435546875,9.814248085021973,44.95184461715995,3.2027006504895383
2971.564208984375,75.37284851074219,-8.682462692260742,0.027546068653464317,3067.316650390625,114.8725814819336,-8.716897010803223,0.04067125543951988,3426.767822265625,97.66919708251953,-8.837211608886719,0.030953001230955124,431.8240051269531,15,2.15128755569458,0.40431565046310425,79.09609985351562,1595.9395549644921,1488.2100161062715,44.95215676267195,3.202630678785949,0.08501509577035904,0.08136683702468872,79.3730697631836,3,5.554492950439453,0.0004051217110827565,2393.79150390625,12.90772533416748,44.952156762671954,3.202630678785936
705.0443725585938,103.20524597167969,-7.120541095733643,0.15896998345851898,649.4039306640625,111.96665954589844,-7.03128719329834,0.18724215030670166,652.4049682617188,103.75106811523438,-7.036293029785156,0.17270509898662567,51.348751068115234,11,1.4129464626312256,0.7998339533805847,-83.04180145263672,1730.3447665451617,1481.7475537934936,44.951671279731194,3.192839459873188,0.2609497308731079,0.26041752099990845,-87.5274887084961,0,6.343092441558838,0.000462643540231511,372.6404113769531,8.477678298950195,44.951671279731194,3.1928394598731877
2562.476318359375,198.38131713867188,-8.521649360656738,0.08407574892044067,1405.3233642578125,113.1745834350586,-7.86944055557251,0.08745858818292618,2167.21875,191.1429443359375,-8.339756965637207,0.0957823172211647,67.29524993896484,40,3.1104023456573486,1.2269597053527832,69.28922271728516,1585.6661283728859,1503.5191312650368,44.95327745614764,3.2033791744254203,0.27196893095970154,0.2705739736557007,65.81655883789062,0,11.70699405670166,0.0008538595866411924,-132.05914306640625,18.66241455078125,44.95327745614763,3.2033791744254323
770.0829467773438,112.29550170898438,-7.216343879699707,0.15836334228515625,570.5703735351562,112.00408172607422,-6.890772819519043,0.2131839245557785,522.7239379882812,107.08982849121094,-6.795680999755859,0.22248752415180206,59.34822082519531,12,1.3399298191070557,0.9053449630737305,-33.812198638916016,1872.0757148274404,1483.00820086913,44.951750367300846,3.1825141981293577,0.25019368529319763,0.24919936060905457,-11.257243156433105,0,5.301764488220215,0.0003866974439006299,334.07373046875,8.039579391479492,44.951750367300846,3.182514198129357
1836.0343017578125,192.9220428466797,-8.15970230102539,0.11411188542842865,555.072509765625,111.89750671386719,-6.860874176025391,0.21892759203910828,854.9674072265625,284.17578125,-7.329874038696289,0.36096686124801636,57.34376907348633,15,1.8883013725280762,1.0909146070480347,72.80825805664062,2005.1422871811374,1492.191822788306,44.95241009328178,3.172819720682371,0.3796379566192627,0.37934303283691406,-80.92994689941406,2,8.587726593017578,0.0006263759569264948,1447.531982421875,11.329808235168457,44.95241009328178,3.172819720682359
10196.73046875,115.30106353759766,-10.02115249633789,0.012280108407139778,9666.36328125,122.42373657226562,-9.963157653808594,0.013754105195403099,9919.36328125,136.64031982421875,-9.991209030151367,0.014959769323468208,1243.759521484375,35,1.5917590856552124,1.0513715744018555,31.669696807861328,1595.9183831764956,1495.845255864437,44.952715199575664,3.202632274291684,0.018346870318055153,0.016875477507710457,2.7087271213531494,2,5.011096000671387,0.00036548872594721615,9418.171875,9.550554275512695,44.95271519957566,3.202632274291696
9233.4091796875,322.8310241699219,-9.913405418395996,0.03797021135687828,3487.8544921875,115.27767944335938,-8.856395721435547,0.035893574357032776,7988.77197265625,318.02667236328125,-9.756199836730957,0.04323279857635498,132.82083129882812,137,3.522287607192993,2.968264102935791,37.55698776245117,1334.611911190187,1524.0895701018417,44.95480706723676,3.2216673075556175,0.14406238496303558,0.14354945719242096,18.68324089050293,0,11.769597053527832,0.0008584125316701829,6392.443359375,21.133726119995117,44.95480706723676,3.2216673075556175
1217.2802734375,152.83177185058594,-7.713476657867432,0.13634929060935974,443.999755859375,111.85224151611328,-6.618456840515137,0.2735846936702728,501.0617980957031,115.8985595703125,-6.749728202819824,0.2511982321739197,70.91263580322266,9,1.833206295967102,0.7767094969749451,-65.60889434814453,1169.4183449931897,1501.2889958246467,44.95315643146852,3.233699811985855,0.8190984129905701,0.8172563910484314,-66.95398712158203,1,7.128961086273193,0.0005199445877224207,-134.236083984375,10.999238014221191,44.953156431468514,3.233699811985867
5579.7470703125,288.50390625,-9.366536140441895,0.056152231991291046,2200.857666015625,113.94175720214844,-8.35647964477539,0.056223876774311066,4315.513671875,264.78497314453125,-9.087581634521484,0.0666332021355629,81.8866195678711,81,3.0475597381591797,2.3964056968688965,-81.1663818359375,375.46026783938686,1523.3249021260963,44.95485586934865,3.2915264374528577,0.21949967741966248,0.21919021010398865,83.72148132324219,2,13.617182731628418,0.000993148423731327,2676.138671875,18.285358428955078,44.95485586934865,3.2915264374528577
797.439453125,127.59989929199219,-7.254244327545166,0.17377305030822754,612.5468139648438,111.92245483398438,-6.967848300933838,0.19843021035194397,615.546875,124.23075866699219,-6.9731526374816895,0.2191784381866455,38.134559631347656,10,1.8693113327026367,0.8682968020439148,-33.03357696533203,868.1896338155766,1500.7912116451025,44.95315221889367,3.2556402067027648,0.4102041721343994,0.4084842801094055,-26.10643196105957,1,7.616002559661865,0.0005554616800509393,217.58700561523438,11.21586799621582,44.95315221889367,3.2556402067027648
816.8983154296875,125.69146728515625,-7.280419826507568,0.1670965999364853,659.8363647460938,111.8471450805664,-7.048590660095215,0.18408502638339996,610.5240478515625,118.1286849975586,-6.964256763458252,0.21012726426124573,53.01496124267578,12,1.4392695426940918,0.9067261219024658,-21.809274673461914,569.5965438357948,1502.1572318327242,44.95328522528775,3.2773872834592477,0.28794756531715393,0.28723272681236267,-31.57855224609375,3,5.281973361968994,0.0003852320951409638,661.1434326171875,8.63561725616455,44.95328522528775,3.2773872834592477
716.0308227539062,112.77067565917969,-7.1373291015625,0.1710386574268341,589.7935180664062,111.983154296875,-6.926750183105469,0.2061970829963684,670.4044799804688,161.36013793945312,-7.065842151641846,0.2613901197910309,48.34819030761719,11,1.834884762763977,0.8868125677108765,-50.39221954345703,570.3722909024034,1504.8170868439531,44.953479724797425,3.277330845381461,0.3521246314048767,0.3514707088470459,-50.86209487915039,3,7.625654697418213,0.0005561645957641304,647.3763427734375,11.009308815002441,44.953479724797425,3.277330845381461
1465.34326171875,165.81236267089844,-7.914848327636719,0.12288740277290344,967.35205078125,112.56629180908203,-7.463961601257324,0.1263727992773056,987.2341918945312,161.62356567382812,-7.486050605773926,0.17779286205768585,49.09494400024414,22,1.9641802310943604,1.4058037996292114,-33.8890266418457,283.6451301280034,1507.4770152632498,44.95370695792159,3.298212640494054,0.31501132249832153,0.3143250048160553,-47.199440002441406,0,9.95113754272461,0.0007257731631398201,252.7366485595703,11.78508186340332,44.95370695792159,3.298212640494054
2776.287353515625,162.28091430664062,-8.608660697937012,0.06347940862178802,2089.611328125,113.98355102539062,-8.300163269042969,0.05923883616924286,2124.239501953125,164.82200622558594,-8.318008422851562,0.08426389843225479,107.60907745361328,39,1.889673113822937,1.5258911848068237,-89.2734375,1705.5044388627102,1515.6597845582776,44.95415387438007,3.1946492321213813,0.11582905799150467,0.11532286554574966,-66.34589385986328,0,6.815053462982178,0.0004970667068846524,1979.2420654296875,11.338038444519043,44.95415387438007,3.1946492321213813
2598.304443359375,220.84413146972656,-8.536725044250488,0.09230509400367737,908.08154296875,112.27645111083984,-7.395312309265137,0.13427454233169556,1686.895263671875,192.09152221679688,-8.067720413208008,0.12366588413715363,56.05652618408203,23,2.4449048042297363,1.5565603971481323,-43.820011138916016,789.7745940329064,1519.6944262793775,44.9545436225672,3.2613518036125635,0.4490959048271179,0.44773054122924805,-35.58746337890625,2,11.690516471862793,0.0008526290184818208,1368.2275390625,14.669428825378418,44.95454362256719,3.2613518036125755
1560.22705078125,143.90272521972656,-7.982969284057617,0.10016385465860367,1291.044921875,112.90813446044922,-7.777353286743164,0.09497595578432083,1463.7896728515625,139.12203979492188,-7.913696765899658,0.1032160148024559,111.4926986694336,24,1.543346881866455,1.3445333242416382,-66.50228118896484,1618.202874278198,1512.28391170072,44.95391534466314,3.201009019519246,0.2053872048854828,0.205034539103508,40.465675354003906,0,5.707719326019287,0.0004162985715083778,932.4669189453125,9.26008129119873,44.95391534466314,3.201009019519259
2116.567626953125,185.48158264160156,-8.314080238342285,0.09516964852809906,1301.07861328125,112.8764419555664,-7.785758972167969,0.09421706944704056,1576.886962890625,175.95291137695312,-7.99450159072876,0.121178537607193,71.5419692993164,19,1.7222248315811157,1.1350438594818115,-63.50123596191406,1089.0911569007592,1515.4688693700969,44.95420210785516,3.2395509176394786,0.24492432177066803,0.24358172714710236,69.81090545654297,2,6.999311923980713,0.0005104872398078442,1203.2457275390625,10.333349227905273,44.95420210785516,3.239550917639478
1135.815673828125,146.3594970703125,-7.638269424438477,0.1399403214454651,738.2423706054688,112.24879455566406,-7.170497417449951,0.16512489318847656,735.51806640625,149.53500366210938,-7.166483402252197,0.22078996896743774,53.44956970214844,17,1.9506584405899048,1.2038276195526123,-29.2558536529541,951.5785419439273,1511.3686451179099,44.95391691335219,3.2495667943041417,0.34573549032211304,0.3440704047679901,-11.032185554504395,0,9.172761917114258,0.0006690027075819671,243.9022979736328,11.703950881958008,44.95391691335219,3.2495667943041417
2138.92138671875,170.06687927246094,-8.32548713684082,0.08634848892688751,1474.2369384765625,113.25631713867188,-7.921418190002441,0.08343052119016647,2096.06103515625,205.3787841796875,-8.303509712219238,0.10640976577997208,75.0967025756836,33,3.067058801651001,1.1587004661560059,3.0958411693573,1117.1171521911374,1513.8614785013265,44.9540815635557,3.2375095370121123,0.2026251256465912,0.20157478749752045,-0.8383821249008179,19,11.295622825622559,0.0008238349109888077,1200.045654296875,18.402353286743164,44.9540815635557,3.2375095370121123
2893.193603515625,181.2759552001953,-8.653443336486816,0.06804442405700684,1963.785888671875,113.44517517089844,-8.232735633850098,0.06273670494556427,2247.225341796875,198.7767791748047,-8.379117012023926,0.09606138616800308,125.11668395996094,43,2.1122710704803467,1.6561658382415771,43.6038818359375,54.75751353205959,1524.1871467752183,44.95495609307274,3.3148818386668677,0.11825304478406906,0.11799246072769165,70.13987731933594,1,7.140791416168213,0.0005208078655414283,2944.7802734375,12.673625946044922,44.95495609307274,3.3148818386668673
1793.87646484375,165.6961669921875,-8.134481430053711,0.100311279296875,1341.12353515625,113.01126098632812,-7.818671703338623,0.09151299297809601,1596.0208740234375,170.99929809570312,-8.007596015930176,0.11635514348745346,70.45476531982422,28,1.9538495540618896,1.5701948404312134,88.33414459228516,253.578813279533,1523.029114524544,44.95484825863221,3.3004026549426366,0.2703307867050171,0.26991337537765503,26.858816146850586,0,10.491832733154297,0.0007652079802937806,501.9256591796875,11.72309684753418,44.95484825863221,3.300402654942636
1973.9483642578125,156.82254028320312,-8.2383394241333,0.08627849072217941,1633.9971923828125,113.01058959960938,-8.033127784729004,0.07510998100042343,2076.525634765625,196.79327392578125,-8.293343544006348,0.10292071104049683,81.5020751953125,25,2.4506583213806152,0.7667783498764038,-14.182988166809082,1116.5009816061224,1512.0583384231195,44.95394973492015,3.237554390870734,0.18403150141239166,0.18311052024364471,-18.772615432739258,19,8.199403762817383,0.0005980152636766434,1777.86181640625,14.703949928283691,44.95394973492015,3.237554390870734
640.817138671875,98.65737915039062,-7.0168352127075195,0.16719576716423035,564.4600219726562,111.86474609375,-6.879083156585693,0.21522359549999237,476.1502380371094,102.32640075683594,-6.69435977935791,0.23338530957698822,55.81083679199219,10,1.2538262605667114,0.892680823802948,6.125036239624023,138.71545000518017,1513.9562197063647,44.954197755177184,3.308767376673665,0.2325972318649292,0.23243659734725952,25.881439208984375,0,6.312175750732422,0.0004603722190950066,165.13853454589844,7.522957801818848,44.954197755177184,3.308767376673665
2176.66748046875,163.74913024902344,-8.344480514526367,0.08169899880886078,1745.2679443359375,113.36016082763672,-8.104655265808105,0.07053881883621216,2111.635009765625,178.44271850585938,-8.31154727935791,0.0917719155550003,85.2354736328125,33,2.4047672748565674,1.397759199142456,19.954282760620117,1663.9772592069169,1522.6133190305616,44.954666405840946,3.1976744963447086,0.20096278190612793,0.19990961253643036,23.899250030517578,3,9.627985954284668,0.0007022302015684545,1210.301025390625,14.428604125976562,44.954666405840946,3.197674496344708
695.6181640625,117.15665435791016,-7.105927467346191,0.18290512263774872,537.95166015625,111.92097473144531,-6.826858043670654,0.22594255208969116,328.198486328125,192.42347717285156,-6.290341377258301,0.6367241144180298,41.84456253051758,5,1.0317327976226807,0.75801682472229,86.14400482177734,1222.5707206482234,1517.7696937910175,44.954356370534015,3.2298284440591924,0.3735029399394989,0.3723222017288208,29.44228744506836,2,5.262185573577881,0.00038379395846277475,706.553955078125,6.190396785736084,44.954356370534015,3.229828444059205
660.2824096679688,89.97647857666016,-7.0493245124816895,0.14798888564109802,642.7626342773438,112.04664611816406,-7.020126819610596,0.1893119513988495,631.9366455078125,91.08353424072266,-7.001683712005615,0.1565294861793518,74.66583251953125,10,1.3576750755310059,0.6541450619697571,-29.042814254760742,1879.7628010962005,1516.3003830455286,44.954184487770334,3.1819542317402467,0.21392370760440826,0.2134985774755478,-47.56324768066406,0,5.613604545593262,0.00040944351349025965,215.53712463378906,8.146050453186035,44.954184487770334,3.1819542317402467
2041.205078125,159.2054443359375,-8.2747163772583,0.08470345288515091,1676.9508056640625,113.36613464355469,-8.061301231384277,0.07341635972261429,2501.074951171875,176.65676879882812,-8.495316505432129,0.07670671492815018,95.99844360351562,31,1.9915294647216797,1.6189264059066772,34.40369415283203,1663.8137971487615,1525.5190919520294,44.95487894329846,3.1976864214974587,0.21862636506557465,0.2182403802871704,69.88442993164062,3,8.54555606842041,0.0006232818705029786,1455.642333984375,11.949176788330078,44.95487894329846,3.1976864214974703
5010.18212890625,197.11769104003906,-9.2496337890625,0.04272695258259773,3521.674560546875,115.65824127197266,-8.866872787475586,0.03566622734069824,4252.23779296875,216.10092163085938,-9.07154369354248,0.05519108101725578,156.39308166503906,65,2.2693932056427,1.8225867748260498,48.41277313232422,56.4523887501574,1538.1579309906538,44.955978094034755,3.3147588045834357,0.08455303311347961,0.08407451212406158,47.99772262573242,0,6.486158847808838,0.00047306224587373435,4654.06396484375,13.61635971069336,44.955978094034755,3.314758804583448
10717.5634765625,259.6390075683594,-10.075240135192871,0.02630896121263504,6005.3876953125,118.13201141357422,-9.4463529586792,0.021362710744142532,9878.6376953125,281.9313659667969,-9.986742973327637,0.03099389560520649,244.87181091308594,126,2.956639051437378,2.7346889972686768,36.196475982666016,1309.9446306196794,1553.2613999483717,44.956943315097064,3.2234644741522094,0.06933891773223877,0.06899017840623856,-11.208829879760742,2,7.968509674072266,0.0005811809096485376,8436.27734375,17.73983383178711,44.956943315097064,3.223464474152209
741.0802612304688,122.77772521972656,-7.174663066864014,0.179921954870224,101.7506103515625,111.21942901611328,-5.018842697143555,1.1870622634887695,72.41714477539062,112.15431213378906,-4.649603366851807,1.681916356086731,40.91244888305664,9,1.7375494241714478,0.733709454536438,-35.77786636352539,1702.4599297129143,1528.957519991136,44.95512672321715,3.1948710924773462,0.5097677111625671,0.4843127727508545,0.2951906621456146,0,6.741760730743408,0.0004917212063446641,-307.68695068359375,10.425296783447266,44.95512672321714,3.1948710924773707
2263.833984375,206.03387451171875,-8.38711166381836,0.09883798658847809,1099.766357421875,112.68042755126953,-7.603250980377197,0.11126994341611862,1616.427001953125,209.81349182128906,-8.021389961242676,0.14096364378929138,72.41324615478516,30,3.17684006690979,1.4480905532836914,-76.30856323242188,492.89755330234163,1545.9575853319484,44.956498226069854,3.2829742296291284,0.35384780168533325,0.352336049079895,-72.10067749023438,0,12.857373237609863,0.0009377304813824594,-139.4037628173828,19.0610408782959,44.956498226069854,3.282974229629128
2569.109375,206.07290649414062,-8.524456024169922,0.0871100202202797,1491.5244140625,113.0592041015625,-7.934075832366943,0.08232000470161438,2968.58642578125,240.68443298339844,-8.681374549865723,0.0880497470498085,68.03938293457031,40,2.5152223110198975,2.4139490127563477,65.58875274658203,798.466581011101,1553.197717577702,44.956993498011684,3.26071939742839,0.32273900508880615,0.3225870728492737,-19.327531814575195,2,14.776372909545898,0.001077690627425909,1374.1630859375,15.091333389282227,44.956993498011684,3.2607193974283906
62436.58984375,249.03033447265625,-11.988597869873047,0.004331545904278755,52712.703125,163.05514526367188,-11.804788589477539,0.003359302179887891,61022.15625,231.98826599121094,-11.96371841430664,0.004128652159124613,3516.90087890625,156,2.1009910106658936,1.8997907638549805,81.37085723876953,2032.082402272458,1566.6885592822593,44.95785586363973,3.1708568799750543,0.006745766382664442,0.006470168940722942,-86.29229736328125,0,3.695329189300537,0.0002695342118386179,61317.5546875,12.605945587158203,44.95785586363973,3.1708568799750543
59135.80078125,256.163330078125,-11.92962646484375,0.0047043138183653355,49342.91015625,160.0100860595703,-11.733061790466309,0.0035217006225138903,57475.71484375,234.17135620117188,-11.898711204528809,0.004424653016030788,3203.918212890625,169,2.14371919631958,1.965345859527588,-69.16107940673828,1008.7832514135736,1571.2479096973339,44.958290814240236,3.245401240702293,0.00716558238491416,0.00703289033845067,-88.51184844970703,0,3.698683261871338,0.00026975880609825253,59037.4296875,12.86231517791748,44.958290814240236,3.2454012407023054
1797.2440185546875,171.77244567871094,-8.136517524719238,0.10379496216773987,1046.8006591796875,112.3984146118164,-7.549659729003906,0.11660737544298172,1232.988037109375,163.34225463867188,-7.7273969650268555,0.14386975765228271,74.15106964111328,28,1.9669668674468994,1.468828797340393,-59.48018264770508,1904.086320010784,1547.5298362555325,44.95646621679847,3.180182214038048,0.2248530238866806,0.22462348639965057,34.62272644042969,0,9.479302406311035,0.000691401946824044,783.962646484375,11.801801681518555,44.95646621679847,3.180182214038048
1334.6800537109375,158.50303649902344,-7.813442707061768,0.1289704591035843,992.2671508789062,112.55225372314453,-7.491571426391602,0.12318431586027145,1164.1492919921875,146.59738159179688,-7.665021896362305,0.1367563009262085,57.052127838134766,20,1.8671437501907349,1.171571135520935,-33.486854553222656,704.3892760283399,1541.1840744605188,44.95612513611107,3.267571064288313,0.34302225708961487,0.34248530864715576,-28.334402084350586,0,8.851277351379395,0.0006455528782680631,441.6094055175781,11.202862739562988,44.95612513611107,3.2675710642883127
3086.105224609375,181.0720672607422,-8.723526954650879,0.0637192353606224,2241.21533203125,113.94609069824219,-8.376209259033203,0.055213551968336105,2752.41845703125,169.01560974121094,-8.599286079406738,0.06668715178966522,122.61017608642578,40,2.126152992248535,1.4100093841552734,-34.28339385986328,531.4470051705345,1548.967967907297,44.95671406743627,3.280166765606291,0.13317935168743134,0.13289201259613037,-61.489768981933594,2,7.385828018188477,0.0005386725533753633,2249.569580078125,12.756917953491211,44.95671406743627,3.2801667656062907
1410930.125,758.2554931640625,-15.373764038085938,0.0005836330819875002,1144721.5,565.468994140625,-15.146749496459961,0.0005364617682062089,1371747.625,652.690185546875,-15.343185424804688,0.0005167288472875953,52733.40234375,714,2.507888078689575,2.431072950363159,59.564029693603516,1655.2941583626132,1648.7972850805359,44.96389599122071,3.19830784130516,0.0012448482448235154,0.0011444173287600279,89.55661010742188,4,4.062693119049072,0.0002963199221994728,1405612.875,15.04732894897461,44.96389599122071,3.198307841305172
1939.8916015625,163.27696228027344,-8.219443321228027,0.09140653908252716,1439.163330078125,112.77886199951172,-7.895275115966797,0.08510350435972214,1766.8720703125,162.26998901367188,-8.118012428283691,0.09973852336406708,84.7906723022461,30,2.1380507946014404,1.2899703979492188,-74.74710845947266,1309.8043720152073,1562.9812033335963,44.95765426412832,3.2234748088393537,0.22412942349910736,0.22293202579021454,-82.3730239868164,3,9.689579010009766,0.0007067067199386656,619.4136962890625,12.828304290771484,44.95765426412832,3.223474808839366
921.237060546875,135.65060424804688,-7.410928726196289,0.15991166234016418,698.6849975585938,112.02574920654297,-7.110703468322754,0.17412705719470978,746.6253662109375,196.51133728027344,-7.1827569007873535,0.28583452105522156,48.182437896728516,13,2.1688380241394043,0.7802321910858154,-46.691471099853516,516.5096387147107,1560.7324284226731,44.957576420522116,3.2812549232672468,0.38961806893348694,0.3879086375236511,-54.71333312988281,1,7.777745246887207,0.0005672561237588525,684.2261352539062,13.013028144836426,44.957576420522116,3.2812549232672463
822.1312255859375,129.3621063232422,-7.287353038787842,0.17088177800178528,538.8349609375,111.92203521728516,-6.828639507293701,0.2255742996931076,634.8955688476562,144.4165802001953,-7.006755828857422,0.24702709913253784,44.66152572631836,11,1.8510501384735107,0.9294030666351318,-70.08539581298828,379.84135841926616,1567.7803221689644,44.958107722050364,3.2912084815437397,0.569563627243042,0.5684629678726196,82.55122375488281,0,7.84275484085083,0.0005719981272704899,-305.0982360839844,11.106300354003906,44.958107722050364,3.2912084815437397
2060.967529296875,186.65370178222656,-8.285178184509277,0.09835473448038101,1059.8154296875,112.58907318115234,-7.563075542449951,0.11537078768014908,1184.426513671875,164.8034210205078,-7.683770179748535,0.15110816061496735,70.45075225830078,23,2.2930374145507812,1.2460253238677979,43.57828903198242,1850.6015126975376,1654.673321520373,44.96430699451654,3.184079085738521,0.32421958446502686,0.32308319211006165,54.130043029785156,0,10.123377799987793,0.0007383814081549644,136.25579833984375,13.758224487304688,44.96430699451654,3.184079085738533
57564.67578125,255.6539764404297,-11.900390625,0.004823100753128529,47647.59375,158.51893615722656,-11.69510269165039,0.0036130170337855816,56047.96875,237.01605224609375,-11.871399879455566,0.004592484794557095,3109.444091796875,169,2.119457960128784,2.0445961952209473,45.48148727416992,1458.2099533181906,1601.0922590276425,44.96042657345173,3.212664739071868,0.007370421197265387,0.007229947950690985,-87.58281707763672,0,3.6700351238250732,0.0002676758449524641,57219.9296875,12.716747283935547,44.96042657345173,3.2126647390718555
4239.68701171875,197.93905639648438,-9.068334579467773,0.0507022850215435,2895.13916015625,114.75701141357422,-8.654173851013184,0.043046675622463226,3970.54296875,207.19578552246094,-8.997124671936035,0.05667099729180336,137.6524658203125,59,2.5113236904144287,1.7790617942810059,-79.51687622070312,1402.5062680235148,1597.5511754630927,44.96017324550214,3.216722461489779,0.12241970002651215,0.12199211120605469,87.70526123046875,0,8.515746116638184,0.0006210978026501834,2856.904296875,15.067941665649414,44.96017324550214,3.216722461489779
4929.12353515625,219.64451599121094,-9.231924057006836,0.04839276894927025,2993.30517578125,114.87181854248047,-8.690377235412598,0.0416766032576561,4317.5751953125,221.76502990722656,-9.088099479675293,0.055780574679374695,117.97333526611328,70,2.736097574234009,1.8387665748596191,-23.1345272064209,484.3715725384293,1584.1882713830053,44.959296060192536,3.283596081841542,0.1348666101694107,0.13420264422893524,-22.38102912902832,0,9.590740203857422,0.0006994832656346262,2677.407470703125,16.41658592224121,44.959296060192536,3.2835960818415546
674.8854370117188,113.64796447753906,-7.073075294494629,0.18287798762321472,613.8126831054688,111.9239730834961,-6.970089435577393,0.19802366197109222,737.4052734375,155.19351196289062,-7.1692657470703125,0.22855837643146515,45.774227142333984,10,1.7650493383407593,0.746272087097168,-72.0765380859375,693.9270061683183,1576.6760690104293,44.958722673128534,3.2683338038087575,0.46691930294036865,0.46640661358833313,-71.3543701171875,0,6.854031085968018,0.0004998866934329271,145.30935668945312,10.590295791625977,44.958722673128534,3.2683338038087575
718.1693725585938,120.17102813720703,-7.140567302703857,0.18172000348567963,360.59991455078125,111.57565307617188,-6.392564296722412,0.3360265791416168,356.8149719238281,103.36780548095703,-6.381107807159424,0.3146096467971802,37.978118896484375,10,1.1052192449569702,0.9760572910308838,-21.304269790649414,1921.6882044578745,1573.911173151201,44.95839398197144,3.1788998602282437,0.32665252685546875,0.32612913846969604,-18.501733779907227,1,6.195444107055664,0.0004518853675108403,351.5135803222656,6.631315231323242,44.95839398197144,3.1788998602282432
1116.5701904296875,118.4501953125,-7.619715213775635,0.11520718783140182,997.382080078125,112.55835723876953,-7.4971537590026855,0.12255922704935074,954.455078125,113.20539093017578,-7.44938850402832,0.12880758941173553,97.67821502685547,17,1.2838563919067383,1.041383981704712,-88.61174774169922,847.3723045750272,1584.1585630726609,44.95925289913984,3.257157995336162,0.17022943496704102,0.16923534870147705,-80.34015655517578,0,4.1765546798706055,0.00030461038113571703,641.8140258789062,7.70313835144043,44.95925289913984,3.2571579953361613
1409.309326171875,149.16673278808594,-7.872515678405762,0.11494642496109009,1078.0611572265625,112.61083221435547,-7.581608295440674,0.11344010382890701,1016.5792846679688,143.91799926757812,-7.517853260040283,0.15374594926834106,70.09252166748047,22,1.8244340419769287,1.2245986461639404,-38.756141662597656,234.3343577470059,1586.242629469755,44.959475355340395,3.301805831585951,0.24191471934318542,0.2410138100385666,-15.232250213623047,0,6.9440813064575195,0.0005064558354206383,484.0391540527344,10.946603775024414,44.959475355340395,3.301805831585939
485877.75,491.02899169921875,-14.216317176818848,0.0010975137120112777,400330.5,346.2368469238281,-14.006046295166016,0.0009392569772899151,472508.46875,419.4001770019531,-14.186023712158203,0.0009639374329708517,24892.126953125,405,2.3159708976745605,2.252119779586792,56.92742919921875,88.7370668250171,1636.9590635521408,44.96320310873269,3.312410506682523,0.0020065417047590017,0.001953340135514736,-84.98942565917969,0,3.7684459686279297,0.00027484603924676776,485937.09375,13.895825386047363,44.963203108732685,3.312410506682535
2989.9482421875,83.49626922607422,-8.689159393310547,0.030327264219522476,2929.328857421875,114.96849822998047,-8.66692066192627,0.04262265935540199,2814.542236328125,112.1436996459961,-8.623519897460938,0.04327100142836571,574.4639892578125,18,1.9148067235946655,0.647471010684967,19.227609634399414,300.5546781223942,1585.9897147742106,44.959449120485075,3.2969832077118384,0.05721476674079895,0.05462128296494484,15.23791217803955,3,5.1820197105407715,0.00037794208037666976,2115.35205078125,11.488840103149414,44.95944912048507,3.2969832077118504
1039.228271484375,117.7596664428711,-7.541777610778809,0.12305958569049835,877.5288696289062,112.15210723876953,-7.358153343200684,0.1387956589460373,802.5730590820312,113.02509307861328,-7.261211395263672,0.15293966233730316,64.9940414428711,16,1.5897163152694702,0.838592529296875,-36.38850784301758,380.5360024569647,1586.4700671729045,44.95947497101355,3.291158363038671,0.20179088413715363,0.2011539489030838,-37.07667922973633,0,6.895754814147949,0.0005029298481531441,250.6993408203125,9.538297653198242,44.95947497101355,3.291158363038671
694.6739501953125,117.01539611816406,-7.104452610015869,0.18293289840221405,285.3636779785156,111.6616439819336,-6.1384968757629395,0.4249473810195923,217.79940795898438,130.57669067382812,-5.845141887664795,0.6510866284370422,48.65091323852539,10,2.4682626724243164,0.7295212745666504,-54.221248626708984,977.8109773303719,1593.5579986730868,44.95992611698327,3.2476575549288764,0.6401332020759583,0.6399227380752563,-14.997509956359863,0,8.025100708007812,0.000585300091188401,-1179.4190673828125,14.809576034545898,44.95992611698326,3.2476575549288884
4101.1328125,107.96781158447266,-9.032259941101074,0.028590403497219086,2071.69140625,113.57282257080078,-8.290812492370605,0.05953593552112579,3817.538330078125,136.95162963867188,-8.954458236694336,0.03895952180027962,403.1527099609375,18,2.1409952640533447,0.5369107723236084,-7.38938570022583,319.72873225203983,1586.8857534283443,44.959512442754686,3.29558683553042,0.07150984555482864,0.01988540031015873,-7.666678428649902,18,6.397974491119385,0.00046662549721077085,3161.28125,12.845972061157227,44.95951244275468,3.295586835530432
2301.759765625,67.51126861572266,-8.405150413513184,0.031852688640356064,2296.112060546875,113.70796966552734,-8.402482986450195,0.053780846297740936,2799.106201171875,127.53795623779297,-8.617547988891602,0.049482304602861404,409.3118896484375,12,2.046823263168335,0.34579169750213623,1.3808995485305786,306.86846244591493,1586.971631707073,44.95952022276826,3.2965234176941696,0.0774010568857193,0.07395131140947342,2.1319026947021484,3,5.0012946128845215,0.00036476110108196735,2222.81591796875,12.280939102172852,44.95952022276826,3.2965234176941576
2016.7310791015625,136.08616638183594,-8.261619567871094,0.07328175008296967,1764.128662109375,113.33905029296875,-8.116325378417969,0.0697716772556305,1713.410888671875,160.70057678222656,-8.084653854370117,0.1018557921051979,116.99363708496094,28,1.4745148420333862,1.2593663930892944,-83.2657241821289,1956.9626905162754,1594.4728924640096,44.959894524691414,3.1763299100048106,0.11122077703475952,0.11091230064630508,-74.8976821899414,0,4.875662803649902,0.00035562465200200677,1834.2581787109375,8.847088813781738,44.95989452469142,3.1763299100047986
1362.6094970703125,162.40673828125,-7.835928440093994,0.12943819165229797,767.9417724609375,112.06478881835938,-7.213320732116699,0.15847861766815186,696.526611328125,168.8392333984375,-7.107344150543213,0.2632482349872589,52.368839263916016,20,2.178424596786499,1.3704994916915894,80.33179473876953,1276.229069884277,1602.8212660443664,44.96057177115888,3.225921016246125,0.2722981870174408,0.27218902111053467,70.18952178955078,0,10.349336624145508,0.0007548253634013236,-302.268310546875,13.070547103881836,44.96057177115889,3.2259210162461134
1985.71044921875,175.20059204101562,-8.244790077209473,0.09581851959228516,1267.041015625,112.70491790771484,-7.75697660446167,0.09660108387470245,1374.103759765625,226.5929412841797,-7.845048904418945,0.1790839582681656,74.22022247314453,31,2.2080440521240234,1.8304957151412964,-42.37957000732422,2008.8167707876403,1601.6217616391975,44.96041267457109,3.1725519462825122,0.2130603939294815,0.21259838342666626,-52.23891067504883,0,12.049091339111328,0.0008788509876467288,1686.6756591796875,13.24826431274414,44.96041267457109,3.1725519462825122
2130.082275390625,74.30461883544922,-8.320990562438965,0.03788342699408531,2010.04248046875,113.54329681396484,-8.258012771606445,0.06134597584605217,3586.8876953125,151.26197814941406,-8.886794090270996,0.04579750448465347,379.9590759277344,14,2.089280128479004,0.39169925451278687,2.365320920944214,317.5361044730727,1587.3596077435752,44.959547365283306,3.295746531359242,0.08840563148260117,0.017076333984732628,3.841310977935791,19,4.967448711395264,0.00036229254328645766,2966.358154296875,12.535680770874023,44.959547365283306,3.2957465313592422
6799.42333984375,162.0438690185547,-9.581180572509766,0.025881553068757057,5802.4599609375,118.23484802246094,-9.409029960632324,0.02212907001376152,6544.48046875,169.84066772460938,-9.539688110351562,0.0281835924834013,369.586181640625,60,1.755784511566162,1.6434011459350586,31.426774978637695,914.1552760961499,1607.8204791593473,44.960976378644176,3.252294275260928,0.041298698633909225,0.041137874126434326,76.25055694580078,0,3.8738937377929688,0.00028253672644495964,6304.38037109375,10.534707069396973,44.960976378644176,3.2522942752609403
7323.353515625,214.3865509033203,-9.661774635314941,0.031791962683200836,4981.35986328125,117.17262268066406,-9.243370056152344,0.02554512582719326,6449.10791015625,205.82618713378906,-9.523749351501465,0.034660179167985916,207.13253784179688,73,2.1883957386016846,1.9622002840042114,-83.7042465209961,1531.8316655503932,1612.2496383720306,44.961235207943865,3.207301730434203,0.06702876091003418,0.06667137891054153,-87.70289611816406,0,5.994689464569092,0.0004372282710392028,5699.931640625,13.130374908447266,44.961235207943865,3.2073017304341906
55292.74609375,250.3399200439453,-11.856670379638672,0.004916904494166374,46055.90625,157.1649169921875,-11.65821361541748,0.003705954411998391,53901.1328125,233.69862365722656,-11.828994750976562,0.004708559717983007,3083.74462890625,162,2.085453748703003,2.015500068664551,-64.25452423095703,1290.993828888056,1622.1203413462752,44.961981811859765,3.2248457579646574,0.007507035508751869,0.007352209184318781,89.6729736328125,0,3.6329126358032227,0.0002649656089488417,55570.11328125,12.51272201538086,44.961981811859765,3.2248457579646574
6838.55224609375,362.5166015625,-9.587409973144531,0.05756964534521103,1505.3612060546875,112.94489288330078,-7.944101810455322,0.08148087561130524,4590.18994140625,401.0083312988281,-9.154576301574707,0.09487517178058624,54.3293342590332,59,2.8370509147644043,2.343923807144165,39.459739685058594,858.8285227117431,1614.9219576340472,44.96150197250536,3.2563241758138357,0.3543788492679596,0.3534306287765503,8.329524993896484,2,15.465502738952637,0.0011279518948867917,4557.16015625,17.02230453491211,44.96150197250536,3.2563241758138357
61557.171875,274.5030212402344,-11.973196983337402,0.004842819646000862,50188.40234375,160.6873779296875,-11.751508712768555,0.003477028338238597,59392.359375,246.0128936767578,-11.934326171875,0.004498390015214682,3352.9443359375,197,2.218421697616577,2.110999822616577,42.18645477294922,1496.1117707745962,1635.1535588843954,44.96291396782939,3.209904042918569,0.007126148324459791,0.006968007888644934,-87.7821273803711,0,3.690077066421509,0.0002691387489903718,61049.43359375,13.310529708862305,44.96291396782939,3.209904042918569
5596.48681640625,283.4508361816406,-9.369789123535156,0.05500372126698494,2296.2109375,113.88121032714844,-8.4025297164917,0.05386046692728996,4609.86181640625,267.24786376953125,-9.159219741821289,0.06295876204967499,84.12845611572266,79,3.18428111076355,2.3382210731506348,-69.81780242919922,190.34468920039197,1629.2157857136458,44.962624535827906,3.305010618820293,0.21208834648132324,0.21162861585617065,-68.8601303100586,2,15.432957649230957,0.0011255772551521659,3436.227294921875,19.10568618774414,44.962624535827906,3.305010618820293
8225.080078125,161.18170166015625,-9.787850379943848,0.021281655877828598,7123.58935546875,119.5611343383789,-9.631747245788574,0.018227241933345795,8047.5771484375,174.58750915527344,-9.76416301727295,0.023560138419270515,481.0619812011719,63,1.779749870300293,1.654210090637207,-71.33570098876953,965.0965069049936,1627.9887542109266,44.96244604471683,3.2485842501419753,0.03492562100291252,0.034825265407562256,83.60275268554688,0,4.031242847442627,0.00029401323990896344,7682.09912109375,10.678499221801758,44.96244604471683,3.2485842501419873
5739.8037109375,283.7306213378906,-9.397242546081543,0.05368327349424362,2263.79296875,114.18856048583984,-8.387091636657715,0.05477920174598694,4563.4716796875,269.9750061035156,-9.148238182067871,0.06424776464700699,84.22288513183594,80,3.4174258708953857,2.227569341659546,84.87761688232422,1936.4320059082675,1645.485098760438,44.96362706639847,3.177825758313211,0.20113906264305115,0.20034892857074738,-83.16236114501953,2,13.858349800109863,0.0010108122369274497,2377.56640625,20.504554748535156,44.96362706639847,3.177825758313211
1566.5029296875,121.85619354248047,-7.987328052520752,0.08447850495576859,1348.843994140625,112.93324279785156,-7.824904441833496,0.09092637896537781,1280.2340087890625,120.94110870361328,-7.768223285675049,0.10259221494197845,102.6215591430664,22,1.585254430770874,0.9813428521156311,-78.30992889404297,1768.5436308683354,1626.0673337007115,44.96222266744202,3.1900572586168576,0.1260811686515808,0.12542861700057983,-48.76210021972656,0,5.693395614624023,0.0004152619803790003,743.520263671875,9.511526107788086,44.96222266744201,3.19005725861687
128976.0234375,326.3684997558594,-12.776272773742676,0.0027480782009661198,104843.9609375,201.53482055664062,-12.551358222961426,0.002087548142299056,123827.734375,283.7872009277344,-12.73204517364502,0.002488884376361966,6474.31787109375,247,2.2391469478607178,2.1540913581848145,5.586345195770264,1627.544909775137,1658.8941446330878,44.964637173385555,3.200329465339174,0.0043478370644152164,0.00421645725145936,-86.43548583984375,0,3.733173370361328,0.00027228528051637113,127210.5390625,13.434881210327148,44.964637173385555,3.2003294653391734
913.4220581054688,134.727294921875,-7.401678562164307,0.16018207371234894,565.6670532226562,111.99819946289062,-6.881402015686035,0.2150205671787262,546.9918823242188,119.0948486328125,-6.84495210647583,0.2364514172077179,51.546142578125,13,1.5213526487350464,0.98994380235672,67.11898803710938,117.60489668895673,1624.3315364099242,44.962275800427236,3.3103078297966477,0.3395118713378906,0.3383951783180237,81.59110260009766,0,7.333773136138916,0.0005348778795450926,538.6209106445312,9.1281156539917,44.962275800427236,3.3103078297966473
621.3831176757812,110.38999938964844,-6.9833984375,0.19293014705181122,357.4996337890625,111.79241943359375,-6.3831892013549805,0.3395991325378418,438.7427062988281,109.26203918457031,-6.60552453994751,0.2704513967037201,43.82915496826172,9,1.8855451345443726,0.6613977551460266,-69.0188217163086,1968.3944579197878,1624.1031596464381,44.962060432810546,3.175497035355294,0.5833680033683777,0.5811221599578857,-78.55944061279297,0,6.667140483856201,0.0004862944770138711,-337.5378723144531,11.313270568847656,44.962060432810546,3.1754970353552934
963.0673217773438,125.93143463134766,-7.459141731262207,0.14200620353221893,599.5866088867188,112.08280944824219,-6.944629669189453,0.20300975441932678,734.3099365234375,119.30585479736328,-7.164698600769043,0.17644613981246948,72.17679595947266,15,1.6034895181655884,0.9235020875930786,82.46923065185547,320.8262688288425,1627.8546674744455,44.96250959905507,3.2955079764920865,0.2756689488887787,0.2740696966648102,-86.15776824951172,0,7.2715163230896,0.0005303347716107965,52.1180305480957,9.62093734741211,44.96250959905507,3.2955079764920865
13096.28515625,288.92156982421875,-10.29287052154541,0.023958612233400345,6696.4013671875,118.9976577758789,-9.564603805541992,0.019298642873764038,12576.7568359375,304.175537109375,-10.248921394348145,0.02626548707485199,275.0712585449219,155,3.224942445755005,2.912524700164795,44.75376892089844,1435.942520808593,1656.6618417584577,44.96449319621272,3.2142874027907133,0.06961444765329361,0.06943276524543762,64.37480163574219,0,6.288146495819092,0.00045862942351959646,12286.8486328125,19.349655151367188,44.96449319621272,3.214287402790713
681.2670288085938,117.87598419189453,-7.083293437957764,0.18790476024150848,357.171142578125,111.57152557373047,-6.382190704345703,0.33923983573913574,225.90850830078125,131.52455139160156,-5.884831428527832,0.6322721838951111,51.79236602783203,9,1.7017621994018555,1.0968717336654663,-87.78721618652344,511.4324343522463,1628.6132546016074,44.962542921044566,3.281626309611929,0.7541056275367737,0.7526895999908447,-48.916160583496094,0,8.171891212463379,0.0005960011039860547,-511.0934753417969,10.210573196411133,44.962542921044566,3.281626309611929
1308.2171630859375,159.9773712158203,-7.791699409484863,0.13280320167541504,861.875244140625,112.26505279541016,-7.338611125946045,0.14145882427692413,845.0308227539062,162.26597595214844,-7.317181587219238,0.2085377722978592,46.307769775390625,19,1.7364652156829834,1.5532481670379639,-45.737152099609375,539.2737309660793,1629.6079637220573,44.96261247902415,3.2795986349407293,0.3370094895362854,0.3365814685821533,73.07119750976562,0,8.575362205505371,0.0006254274630919099,247.3097686767578,10.418790817260742,44.96261247902415,3.279598634940717
1041.962158203125,136.13906860351562,-7.54463005065918,0.14189289510250092,829.4818115234375,112.31404113769531,-7.2970170974731445,0.14704729616641998,833.6452026367188,135.8195343017578,-7.30245304107666,0.17693379521369934,66.3062973022461,16,1.4330201148986816,0.9765674471855164,-72.919921875,1606.017847639364,1643.9627102063944,44.96354725931646,3.2018976095719043,0.22915303707122803,0.22884288430213928,-74.17521667480469,0,5.005770206451416,0.00036510330392047763,783.9317626953125,8.59812068939209,44.96354725931646,3.2018976095719047
731.8104858398438,122.11800384521484,-7.160996437072754,0.18122199177742004,369.0940246582031,111.62999725341797,-6.417842388153076,0.3284533619880676,286.1582946777344,111.30917358398438,-6.141515731811523,0.4224297106266022,42.27595520019531,9,1.330532431602478,0.953157901763916,85.24797821044922,1888.8531985320687,1641.2129998297296,44.963319022847095,3.181292192639895,0.4381614029407501,0.4371568262577057,-28.54591178894043,0,6.185790538787842,0.0004511820734478533,24.756725311279297,7.983194351196289,44.96331902284709,3.18129219263992
608.3070678710938,108.00128173828125,-6.9603071212768555,0.19281280040740967,405.2510070800781,111.58524322509766,-6.519310474395752,0.2990284264087677,351.83917236328125,162.61630249023438,-6.365860462188721,0.5019375681877136,48.12795639038086,9,1.2888808250427246,0.8081939220428467,71.05018615722656,1619.5642603557521,1644.2472636969428,44.96356673169574,3.200910755098761,0.2708508372306824,0.27025821805000305,84.11422729492188,0,6.0865983963012695,0.0004439356562215835,479.9625244140625,7.733284950256348,44.96356673169574,3.2009107550987483
2232.79052734375,149.86329650878906,-8.372119903564453,0.07289154082536697,1800.7330322265625,113.51264953613281,-8.138623237609863,0.06845808774232864,1894.8721923828125,156.97808837890625,-8.193949699401855,0.08996818214654922,121.49105834960938,32,1.7747008800506592,1.417229175567627,-73.66586303710938,689.3369034409292,1656.2733685648277,44.96454595175965,3.268669838629145,0.13541065156459808,0.1353330910205841,-74.88381958007812,0,6.698087215423584,0.0004885123926214874,1096.577880859375,10.648204803466797,44.96454595175965,3.2686698386291444
1873.836669921875,179.67250061035156,-8.181829452514648,0.10413091629743576,1200.707275390625,112.53836822509766,-7.698592662811279,0.10178722441196442,2293.114501953125,265.1541748046875,-8.401063919067383,0.12557481229305267,54.24005889892578,29,2.927652359008789,1.4889473915100098,-29.9088077545166,1378.4094570817265,1657.9637686555216,44.96459435010091,3.2184784684241112,0.3128564655780792,0.3125598430633545,-23.983383178710938,3,12.514681816101074,0.0009127616067416966,1285.118408203125,17.565914154052734,44.96459435010091,3.218478468424123
1156.073974609375,129.96824645996094,-7.657464027404785,0.12209038436412811,1028.76806640625,112.42068481445312,-7.5307936668396,0.11867482960224152,1730.914794921875,255.8844757080078,-8.095688819885254,0.1605454832315445,63.48347091674805,18,2.178555965423584,1.0564074516296387,-42.78972244262695,1377.4696700427828,1656.0275052843058,44.964452827976665,3.2185469053577322,0.3008156418800354,0.30032485723495483,-45.563358306884766,3,9.080322265625,0.0006622755317948759,1570.44482421875,13.071335792541504,44.964452827976665,3.2185469053577322
1343.58203125,159.84805297851562,-7.820660591125488,0.12920311093330383,897.0023803710938,112.43854522705078,-7.381983757019043,0.1361292451620102,1089.143798828125,179.73866271972656,-7.592712879180908,0.17921985685825348,53.4610710144043,20,2.04050612449646,1.1101540327072144,-53.178157806396484,2014.617934675889,1658.2434387212925,44.964553009424385,3.1721292515997144,0.3245203197002411,0.3241559863090515,-61.497379302978516,0,9.008256912231445,0.0006570585537701845,1080.8150634765625,12.243036270141602,44.96455300942438,3.172129251599726
730.8264770507812,116.83721923828125,-7.159535884857178,0.17361880838871002,412.8617858886719,111.68263244628906,-6.539511680603027,0.29377225041389465,276.3797607421875,130.6369171142578,-6.103765487670898,0.513321578502655,41.092018127441406,11,2.165058135986328,0.8297014236450195,83.50395965576172,1004.2226318956826,1663.875548060326,44.96506675842656,3.2457350213577034,0.45025011897087097,0.44892507791519165,57.018821716308594,0,8.015442848205566,0.0005845964187756181,-1188.0419921875,12.990348815917969,44.96506675842656,3.245735021357691
680.1859130859375,117.7703628540039,-7.081569194793701,0.188034787774086,255.56907653808594,111.44918060302734,-6.018770694732666,0.4735855162143707,289.1283264160156,105.63731384277344,-6.152726650238037,0.3967861831188202,49.88278579711914,9,1.4113304615020752,0.8400026559829712,-20.7146053314209,248.13924804190464,1652.3262758040999,44.96430849887912,3.3008022587874506,0.5550597906112671,0.5542004108428955,-11.960602760314941,0,6.49857759475708,0.000473961845273152,-209.98802185058594,8.46798324584961,44.96430849887912,3.30080225878745
986.0239868164062,134.20265197753906,-7.4847187995910645,0.14780987799167633,783.288818359375,112.03922271728516,-7.234804630279541,0.1553380936384201,822.8433837890625,156.8454132080078,-7.28829288482666,0.20700673758983612,51.12879180908203,15,2.3188958168029785,0.8197140693664551,47.4547004699707,1084.447386683268,1661.102311874864,44.96485513755692,3.2398914685782025,0.3744870722293854,0.3726632297039032,53.74427795410156,0,8.247003555297852,0.000601487117819488,175.5040740966797,13.913374900817871,44.96485513755692,3.239891468578215
3192.85498046875,204.47901916503906,-8.760448455810547,0.06955035775899887,1922.6612548828125,113.5700912475586,-8.209756851196289,0.0641491636633873,2132.657470703125,201.77395629882812,-8.32230281829834,0.10274810343980789,102.74961853027344,49,2.430600881576538,1.7081607580184937,-80.90339660644531,1892.5495336433044,1688.0020603492906,44.9667405155498,3.1810229835915416,0.14338435232639313,0.14305810630321503,-10.753585815429688,0,8.418574333190918,0.0006140402983874083,760.3379516601562,14.58360481262207,44.9667405155498,3.181022983591541
6618.32861328125,87.77234649658203,-9.551870346069336,0.014402544125914574,5560.9580078125,118.00200653076172,-9.362874031066895,0.02304462343454361,6259.3798828125,114.05612182617188,-9.491328239440918,0.019788693636655807,1983.3050537109375,20,2.9777400493621826,0.40464821457862854,62.726497650146484,917.7283605583647,1690.167620732525,44.96699952975605,3.2520355679771695,0.06038185581564903,0.05532603710889816,68.80326843261719,2,6.552197456359863,0.00047787491348572075,4886.28271484375,17.866439819335938,44.96699952975605,3.2520355679771815
2683.065673828125,175.5867462158203,-8.571578025817871,0.07107064127922058,1924.9208984375,113.52938842773438,-8.211031913757324,0.06405089795589447,2212.62109375,174.3312225341797,-8.36226749420166,0.08556535094976425,88.29205322265625,40,1.9506112337112427,1.6307594776153564,-7.6966681480407715,866.569892812398,1673.872166814896,44.96581327029437,3.255761476155015,0.15627668797969818,0.15599896013736725,22.05584144592285,0,7.554486274719238,0.0005509744514711201,1657.825439453125,11.703667640686035,44.96581327029437,3.255761476155015
27647.181640625,363.2173156738281,-11.104126930236816,0.014267422258853912,8979.810546875,121.66839599609375,-9.88316822052002,0.014714328572154045,25207.576171875,392.1546936035156,-11.003828048706055,0.01689491979777813,280.7541198730469,279,5.776927947998047,2.697742462158203,67.18258666992188,1801.1441144863563,1727.3628891198393,44.96962775679139,3.187682582902017,0.06493846327066422,0.06328761577606201,68.11048126220703,0,15.5410795211792,0.00113353889901191,17769.142578125,34.66156768798828,44.96962775679139,3.1876825829020294
669.7451171875,112.60227966308594,-7.064774036407471,0.18258598446846008,214.4727325439453,111.66461181640625,-5.82843017578125,0.565422773361206,264.4032287597656,130.62460327148438,-6.055666923522949,0.536522626876831,54.310298919677734,6,1.0359188318252563,0.4843059182167053,7.655366897583008,1982.1693700422736,1660.3963243460594,44.96471338727202,3.174493428255782,0.44194862246513367,0.4409422278404236,-16.68888282775879,2,4.193615913391113,0.0003058795409742743,111.8033447265625,6.215513229370117,44.96471338727202,3.1744934282557815
6724.06591796875,97.16993713378906,-9.569080352783203,0.01569386012852192,6731.13916015625,119.03684997558594,-9.570221900939941,0.019205370917916298,8353.3125,128.5543212890625,-9.804646492004395,0.016713129356503487,805.033447265625,25,1.7955185174942017,0.666029691696167,88.98394012451172,1612.5575820465745,1680.3596859194583,44.96620858155346,3.2014214566318664,0.03365512937307358,0.030869698151946068,-87.13607025146484,2,6.52720832824707,0.0004760728916153312,7737.328125,10.773111343383789,44.96620858155346,3.2014214566318784
1350.5262451171875,139.42849731445312,-7.826257705688477,0.11211877316236496,994.579345703125,112.55501556396484,-7.494098663330078,0.12290094792842865,1083.8568115234375,143.9807586669922,-7.587430000305176,0.14426545798778534,77.47370147705078,18,1.8030879497528076,1.1862832307815552,-82.68444061279297,495.44558661452726,1698.1065549891835,44.96762859000569,3.282792343825253,0.27491769194602966,0.27448830008506775,-56.05792999267578,2,7.409848213195801,0.000540421693585813,430.1636047363281,10.818527221679688,44.967628590005695,3.2827923438252413
677.9157104492188,117.54605102539062,-7.077939033508301,0.18830513954162598,312.2008361816406,111.69390869140625,-6.236084938049316,0.3885306119918823,317.08123779296875,122.9100112915039,-6.252926349639893,0.4209655225276947,42.24089431762695,9,1.8046027421951294,0.8854185938835144,-19.55169677734375,253.56036294452335,1683.4110205920297,44.966582022864394,3.3004083072409025,0.838595449924469,0.8375803828239441,12.683121681213379,0,7.555927276611328,0.000551076780539006,-227.7942352294922,10.827616691589355,44.966582022864394,3.3004083072409025
3905.1181640625,198.3682403564453,-8.979085922241211,0.05516552925109863,2666.9619140625,114.40364837646484,-8.565041542053223,0.046585727483034134,3804.86474609375,214.10440063476562,-8.950847625732422,0.06111054867506027,152.17453002929688,51,1.929051399230957,1.7837319374084473,30.655961990356445,1246.9678742284339,1695.9387146519464,44.96738570542893,3.228053734666456,0.1442762315273285,0.1441081166267395,88.28528594970703,3,6.188769340515137,0.00045137613778933883,3651.10791015625,11.574308395385742,44.96738570542893,3.228053734666456
237534.15625,400.3849182128906,-13.439314842224121,0.001830549445003271,193170.921875,253.45179748535156,-13.21485424041748,0.0014248968800529838,229955.734375,333.9134826660156,-13.4041109085083,0.001576955895870924,11667.189453125,335,2.333281993865967,2.241973876953125,58.78923034667969,1739.338268235138,1740.5709718949297,44.97059969627115,3.1921855237505103,0.0030181482434272766,0.0029158969409763813,-86.48240661621094,0,3.738673210144043,0.0002726907259784639,236326.46875,13.9996919631958,44.97059969627115,3.1921855237505103
3731.161865234375,268.087158203125,-8.929610252380371,0.07803002744913101,1227.220458984375,112.78854370117188,-7.722306251525879,0.09980957955121994,2585.177978515625,326.8506164550781,-8.53122615814209,0.13730573654174805,58.905181884765625,21,2.7902488708496094,1.5269825458526611,12.837799072265625,1040.5675050980915,1707.4115493691322,44.968247239335156,3.2430884482581437,0.36262473464012146,0.3619982898235321,-80.41929626464844,2,12.372085571289062,0.0009023445891216397,1885.7388916015625,16.741493225097656,44.968247239335156,3.2430884482581437
1601.2996826171875,158.0706024169922,-8.011181831359863,0.10720334202051163,935.026611328125,112.3963394165039,-7.427060127258301,0.13054433465003967,1090.9775390625,145.6876220703125,-7.594539642333984,0.1450229287147522,93.78480529785156,21,1.826451063156128,1.2444566488265991,26.29368782043457,372.737821050086,1705.6556225759614,44.968195278464876,3.2917293779363357,0.21875451505184174,0.21820557117462158,-71.74848175048828,2,8.550111770629883,0.000623584259301424,714.9315795898438,10.95870590209961,44.96819527846487,3.291729377936348
2486.56103515625,178.4158172607422,-8.488997459411621,0.07792270928621292,1759.4317626953125,113.29002380371094,-8.113430976867676,0.06992767006158829,1888.1065673828125,176.19024658203125,-8.19006633758545,0.10134100168943405,90.00396728515625,38,2.000328540802002,1.6111854314804077,6.933467388153076,511.6914148523372,1704.6028565140123,44.96810192636147,3.281609301351119,0.17057450115680695,0.17024149000644684,18.185274124145508,0,8.589035034179688,0.0006264231633394957,1027.336181640625,12.001971244812012,44.96810192636147,3.281609301351119
2450.1806640625,70.33021545410156,-8.472994804382324,0.031172646209597588,2737.37890625,114.91565704345703,-8.593337059020996,0.04559047520160675,2773.427490234375,92.87112426757812,-8.607542037963867,0.036365848034620285,353.1721496582031,13,1.6465526819229126,0.4769367575645447,38.533302307128906,924.2837483925637,1698.5132537599752,44.9676092596779,3.251558247961243,0.05888194963335991,0.05614643916487694,34.52505874633789,3,5.273237228393555,0.00038459591451101005,2157.8798828125,9.879316329956055,44.9676092596779,3.251558247961243
3644.841552734375,115.46664428710938,-8.904196739196777,0.03440390154719353,3057.897216796875,115.032958984375,-8.713557243347168,0.04085349664092064,4206.86279296875,151.8113250732422,-9.059895515441895,0.039190035313367844,311.7476806640625,31,2.7591564655303955,0.8325638175010681,39.6636848449707,928.6541340166513,1702.0810519140095,44.967869746312886,3.2512399865483808,0.08558452129364014,0.08322139084339142,41.06989288330078,3,9.071846008300781,0.0006616420578211546,2565.662841796875,16.55493927001953,44.967869746312886,3.2512399865483808
1218.4100341796875,140.53213500976562,-7.714483737945557,0.1252598762512207,628.4599609375,111.89753723144531,-6.995694160461426,0.19336271286010742,652.0966796875,120.24169921875,-7.03577995300293,0.20025019347667694,55.5544548034668,11,1.124065637588501,0.7869736552238464,-33.7269401550293,1067.4655478942632,1699.8281959684768,44.96768959922711,3.241129066099327,0.2262541800737381,0.22563642263412476,-37.53957748413086,0,5.60233736038208,0.00040860087028704584,627.2271118164062,6.744393825531006,44.96768959922711,3.241129066099327
1424.9669189453125,170.36209106445312,-7.884511947631836,0.12983685731887817,582.0079956054688,112.06175231933594,-6.912322521209717,0.20910203456878662,435.4242858886719,161.16448974609375,-6.597281455993652,0.40196341276168823,51.36661911010742,19,2.227954149246216,1.2173736095428467,-52.34153366088867,956.9620506241871,1711.3145170945704,44.96854198772177,3.249178264638961,0.40237221121788025,0.40123340487480164,-36.44319534301758,0,9.862000465393066,0.0007192716584540904,-577.2169189453125,13.367725372314453,44.96854198772177,3.249178264638961
1754.181884765625,175.91064453125,-8.110186576843262,0.1089048758149147,421.8973693847656,111.5611343383789,-6.563016891479492,0.28716790676116943,363.52178955078125,87.9295883178711,-6.4013261795043945,0.26268449425697327,66.372802734375,6,1.6829675436019897,0.46050214767456055,83.25418090820312,1541.4593018470066,1711.6155606076777,44.96850168327516,3.206601233491336,0.47795772552490234,0.47585681080818176,84.16326904296875,2,5.237950801849365,0.00038203701842576265,-191.8951416015625,10.09780502319336,44.96850168327516,3.206601233491336
1292.7928466796875,133.4661865234375,-7.778822422027588,0.11211717128753662,944.2754516601562,112.27587127685547,-7.437746524810791,0.1291271448135376,847.9851684570312,130.2814178466797,-7.32097053527832,0.16684916615486145,77.20782470703125,20,1.4237374067306519,1.2236305475234985,65.87432098388672,224.64127399092555,1712.2660059222706,44.96869649691469,3.3025152249176983,0.17098815739154816,0.17054645717144012,56.3588752746582,0,7.312533855438232,0.0005333247827365994,662.3931274414062,8.542424201965332,44.96869649691469,3.302515224917698
689.8642578125,116.2724380493164,-7.096909046173096,0.18303871154785156,373.7723083496094,111.59149932861328,-6.431517601013184,0.32423046231269836,349.672119140625,98.47819519042969,-6.359152317047119,0.3058502972126007,39.78304672241211,10,1.7311755418777466,0.5956918597221375,-54.31077575683594,916.8076292870821,1711.3147508457623,44.96854649117127,3.2521030349427065,0.3402399718761444,0.3390342891216278,-75.76710510253906,0,6.055673599243164,0.00044166165753267705,-172.92059326171875,10.387053489685059,44.968546491171274,3.2521030349426936
3426.786865234375,217.0911407470703,-8.837217330932617,0.06879942864179611,1937.362548828125,113.58747100830078,-8.218027114868164,0.06367212533950806,2904.67333984375,209.4639434814453,-8.657743453979492,0.07831443101167679,91.0041732788086,53,2.353670597076416,1.964103102684021,0.52997225522995,1152.3469630382235,1724.108049753216,44.96945626726734,3.2349465991761264,0.1829546093940735,0.18278662860393524,-21.354537963867188,0,10.104832649230957,0.0007369894301518798,2278.45166015625,14.122023582458496,44.96945626726735,3.2349465991761144
1503.573486328125,164.51629638671875,-7.942811489105225,0.1188267171382904,1133.357421875,112.67675018310547,-7.6359171867370605,0.1079685389995575,1558.5133056640625,179.40396118164062,-7.981776237487793,0.1250118911266327,62.812232971191406,23,1.8935723304748535,1.4038019180297852,89.87442779541016,1619.9905997586573,1736.168989737011,44.97028954132342,3.200880364380313,0.31819403171539307,0.3179520070552826,35.29104995727539,2,9.762727737426758,0.0007120636873878539,957.5006713867188,11.361433982849121,44.97028954132342,3.200880364380325
1617.066162109375,148.91204833984375,-8.021819114685059,0.10000734031200409,1250.0428466796875,112.64095306396484,-7.742312431335449,0.09785910695791245,1264.5426025390625,137.14561462402344,-7.754833698272705,0.11778182536363602,99.08059692382812,25,1.6561838388442993,1.1572052240371704,-85.84495544433594,211.73311110077148,1738.6756082195316,44.97063016459243,3.3034560481656485,0.16509824991226196,0.16457262635231018,-48.43044662475586,0,5.438409805297852,0.00039663887582719326,1140.41845703125,9.937103271484375,44.97063016459242,3.303456048165648
961.5884399414062,124.48936462402344,-7.457473278045654,0.1405959576368332,597.38525390625,111.99225616455078,-6.940636157989502,0.20359322428703308,653.9566650390625,118.17804718017578,-7.038872241973877,0.19625361263751984,59.125667572021484,11,1.58511221408844,0.9156005382537842,69.5315170288086,1591.4103589479716,1736.3938911703335,44.97030885641998,3.202962481719559,0.371535062789917,0.3707142770290375,-85.97489166259766,0,7.1980438232421875,0.0005250020767562091,289.555419921875,9.510673522949219,44.97030885641999,3.2029624817195597
915.907958984375,128.54031372070312,-7.404629707336426,0.1524113565683365,580.4026489257812,111.83985137939453,-6.909323692321777,0.20926520228385925,520.521728515625,163.5102996826172,-6.791097164154053,0.3411426842212677,49.54352569580078,14,1.3209949731826782,1.1653560400009155,-14.29778003692627,1175.1624155686793,1736.8367701125362,44.97038480843684,3.2332848617810552,0.26874789595603943,0.2677099108695984,57.20302200317383,0,7.4153337478637695,0.0005408334545791149,707.2138671875,7.925970077514648,44.97038480843684,3.2332848617810552
1877.6060791015625,159.9229278564453,-8.184011459350586,0.0924987941980362,1254.77099609375,112.86498260498047,-7.746411323547363,0.09768425673246384,1318.8077392578125,167.1377410888672,-7.8004536628723145,0.1376330852508545,102.95997619628906,29,1.8291115760803223,1.621211290359497,85.76905059814453,914.0644732691325,1748.0712067158338,44.9712354254291,3.2523035489563745,0.17450746893882751,0.17402905225753784,-53.07664489746094,0,7.649962425231934,0.0005579387652687728,916.2041015625,10.974669456481934,44.9712354254291,3.252303548956374
25106.0390625,213.7354736328125,-10.999445915222168,0.009245453402400017,20827.615234375,134.10780334472656,-10.796598434448242,0.006992691196501255,24349.9375,206.73416137695312,-10.9662446975708,0.009220282547175884,1278.426513671875,121,2.0090596675872803,1.9487041234970093,44.87784957885742,34.96038761799535,1759.7721288536086,44.97219500646132,3.3163304975920487,0.014055767096579075,0.013918420299887657,-84.52999877929688,0,3.839874744415283,0.0002800537331495434,25225.232421875,12.054357528686523,44.97219500646132,3.3163304975920487
1137.98974609375,146.720947265625,-7.640346050262451,0.14001791179180145,859.166015625,112.2618179321289,-7.335192680358887,0.14190077781677246,926.2366943359375,150.52638244628906,-7.416804790496826,0.17649014294147491,50.61138916015625,17,1.7837435007095337,1.3107205629348755,46.34579849243164,2024.1402073137415,1744.9401738746285,44.97089239459353,3.171435405802636,0.3369348347187042,0.3361903131008148,51.546775817871094,1,9.152565956115723,0.0006675902404822409,589.4307861328125,10.702461242675781,44.970892394593534,3.1714354058026237
705.8704223632812,102.16326141357422,-7.121812343597412,0.15718083083629608,739.3143310546875,112.20619201660156,-7.172072887420654,0.16482289135456085,778.3436279296875,121.4011001586914,-7.227928638458252,0.16938738524913788,57.24610900878906,11,1.3228060007095337,0.9160463809967041,-67.7221450805664,1260.4370091007363,1743.7440404528986,44.97088083212552,3.227073251104983,0.2717474102973938,0.2714749276638031,-58.542476654052734,0,6.570913791656494,0.0004792487889062613,771.7359008789062,7.936836242675781,44.970880832125516,3.227073251104995
7652.4013671875,116.51102447509766,-9.709494590759277,0.016534805297851562,4385.81689453125,116.53043365478516,-9.10512638092041,0.028854841366410255,7225.7041015625,126.40070343017578,-9.647200584411621,0.018997617065906525,691.1670532226562,22,2.3804280757904053,0.4555094242095947,53.9034538269043,1699.3889091082644,1770.8633722465593,44.97281904125739,3.1950961831491806,0.0438084714114666,0.01219172216951847,54.871131896972656,2,6.211566925048828,0.00045305726234801114,5292.91357421875,14.282567977905273,44.97281904125739,3.1950961831491806
6804.56884765625,162.013671875,-9.582001686096191,0.025857163593173027,5842.984375,118.03075408935547,-9.416586875915527,0.0219376590102911,6471.14404296875,169.05592346191406,-9.52745246887207,0.0283712949603796,382.6333312988281,60,1.7737032175064087,1.6005423069000244,-15.435102462768555,1742.9536822662276,1767.2461835091826,44.972550219270715,3.1919222598671912,0.04064184054732323,0.0404374897480011,-58.378875732421875,0,3.813181161880493,0.00027812577900476754,6038.88671875,10.642219543457031,44.97255021927071,3.1919222598672032
2585.980224609375,176.43174743652344,-8.531562805175781,0.07409371435642242,1793.4158935546875,113.50399780273438,-8.13420295715332,0.06873214989900589,2008.4302978515625,176.97901916503906,-8.257142066955566,0.09569623321294785,97.10577392578125,39,2.1632161140441895,1.5259008407592773,-65.34400177001953,462.82561610248314,1775.270505021323,44.97327732969875,3.285170056116357,0.15436916053295135,0.15402211248874664,-85.11111450195312,0,7.6646409034729,0.0005590029759332538,1363.189208984375,12.979296684265137,44.97327732969875,3.285170056116357
3305.126220703125,88.0533676147461,-8.797969818115234,0.028932617977261543,2186.054931640625,114.0107421875,-8.349152565002441,0.05663886293768883,3200.3984375,127.95974731445312,-8.763010025024414,0.043420933187007904,340.5699462890625,20,3.1919076442718506,0.3666929304599762,40.8223762512207,1185.3144169084576,1774.6866573949071,44.97315213811099,3.232545934346224,0.08076165616512299,0.01204147469252348,41.17453384399414,3,6.456648349761963,0.00047091295709833503,2700.937255859375,19.151445388793945,44.97315213811099,3.232545934346224
5094.37158203125,248.81883239746094,-9.26772689819336,0.05304231122136116,2730.7470703125,114.73633575439453,-8.590703964233398,0.04562987759709358,4249.998046875,243.93524169921875,-9.070971488952637,0.06233265623450279,104.8540267944336,77,2.497971773147583,2.443584442138672,85.42304229736328,88.86260006325743,1801.4686111882177,44.97523901435589,3.312406258157873,0.14397461712360382,0.14380863308906555,-55.63911819458008,0,9.517732620239258,0.00069415447069332,4276.02734375,14.987831115722656,44.97523901435589,3.312406258157873
3248.150390625,77.77472686767578,-8.77908992767334,0.026003522798419,3320.31787109375,115.12516021728516,-8.802948951721191,0.037654805928468704,4118.23291015625,136.34603881835938,-9.03677749633789,0.03595517948269844,601.6826171875,16,1.7737736701965332,0.4850453734397888,33.24955368041992,1192.51482070455,1780.9855701299614,44.97361206962769,3.232021525974523,0.04658776894211769,0.044693391770124435,35.607826232910156,3,4.5276923179626465,0.0003302255645394325,4196.8720703125,10.6426420211792,44.97361206962769,3.2320215259745106
5348.89892578125,121.57943725585938,-9.320660591125488,0.024684568867087364,3099.468994140625,114.995849609375,-8.728218078613281,0.040292542427778244,5110.388671875,136.42002868652344,-9.271134376525879,0.02899038791656494,316.609619140625,25,3.1801490783691406,0.5649775862693787,8.109917640686035,1202.3584406398913,1783.577377022126,44.973800568644464,3.2313045169973673,0.1089501902461052,0.10553611069917679,10.33724308013916,18,8.016255378723145,0.0005846630083397031,2927.64599609375,19.080894470214844,44.973800568644464,3.2313045169973673
3579.32958984375,217.27752685546875,-8.884504318237305,0.06592390686273575,1975.3759765625,113.5456771850586,-8.239124298095703,0.062423866242170334,2839.35009765625,219.1893768310547,-8.633047103881836,0.08383596688508987,99.36570739746094,55,2.8798203468322754,1.7331039905548096,-45.169776916503906,1987.0088572257403,1801.5230452481885,44.97503375388385,3.1741408510137896,0.1635039746761322,0.16320206224918365,-60.79442596435547,2,10.450246810913086,0.0007622436969541013,2277.188720703125,17.27892303466797,44.97503375388385,3.1741408510137896
577.7338256835938,97.43682098388672,-6.9043192863464355,0.18315768241882324,486.1820068359375,111.55020904541016,-6.716997146606445,0.24917319416999817,271.7127990722656,158.717529296875,-6.085275173187256,0.634372889995575,65.86114501953125,9,1.9041879177093506,0.664044201374054,-67.67926788330078,1992.1072723000477,1796.6475306553518,44.974676732360415,3.1737693699662604,0.32949012517929077,0.3290282189846039,-78.92933654785156,3,6.713925838470459,0.0004897155449725688,-356.24774169921875,11.425127029418945,44.97467673236041,3.1737693699662723
14840.8349609375,332.1944885253906,-10.428646087646484,0.0243088211864233,5542.18994140625,117.81355285644531,-9.359203338623047,0.023085732012987137,13716.9130859375,335.0870056152344,-10.343140602111816,0.026529619470238686,178.826171875,177,5.080976486206055,2.251028537750244,-49.98361587524414,1795.4872457655813,1842.1425898690857,44.9780225314173,3.1880951920250697,0.10020384192466736,0.09872030466794968,-52.7838020324707,2,14.57944107055664,0.0010634070495143533,10451.6494140625,30.485858917236328,44.9780225314173,3.1880951920250697
681.8448486328125,114.93416595458984,-7.084213733673096,0.18305997550487518,609.0748291015625,111.83023834228516,-6.961676597595215,0.19939692318439484,552.0988159179688,140.8860626220703,-6.855041980743408,0.2771283984184265,59.043846130371094,10,1.437909483909607,0.8498179912567139,38.57176971435547,1938.4940046553147,1799.520753732136,44.97489183635128,3.1776757022361743,0.3685629665851593,0.36805281043052673,28.743450164794922,1,6.011894226074219,0.0004385063366498798,569.99560546875,8.627456665039062,44.97489183635128,3.1776757022361743
6274.7255859375,243.40560913085938,-9.493987083435059,0.042127497494220734,3588.900390625,115.73625946044922,-8.88740348815918,0.03502175211906433,5771.3984375,265.9855651855469,-9.403203010559082,0.050050318241119385,177.47305297851562,88,2.536712408065796,2.392961263656616,40.79962921142578,1765.4292540970775,1823.1441247808227,44.97663605140262,3.1902850550944573,0.1068418100476265,0.10668180137872696,66.75970458984375,2,7.4680376052856445,0.0005447071162052453,6179.05615234375,15.220273971557617,44.97663605140262,3.190285055094457
1921.815185546875,174.26010131835938,-8.20927906036377,0.09847277402877808,1084.501220703125,112.48723602294922,-7.588075160980225,0.11264269053936005,1259.180419921875,150.8230743408203,-7.750219821929932,0.1300797313451767,88.59927368164062,25,1.844638466835022,1.2980036735534668,4.867281436920166,1780.0414737865624,1806.1046845542567,44.975388471280674,3.189220374991764,0.20709069073200226,0.20638518035411835,40.38234329223633,0,6.563563823699951,0.0004787363577634096,994.1412963867188,11.067831039428711,44.975388471280674,3.189220374991764
3592.85693359375,182.2220001220703,-8.888599395751953,0.055079590529203415,2507.021240234375,114.17264556884766,-8.497895240783691,0.049457695335149765,2718.7578125,162.29885864257812,-8.585926055908203,0.06482981145381927,143.69058227539062,42,1.7536708116531372,1.539136290550232,-31.053508758544922,1874.5373584879892,1806.3604556868866,44.975398074535654,3.1823355903994965,0.10044410079717636,0.10010676085948944,-88.91992950439453,0,5.178990840911865,0.00037775185774080455,1983.34130859375,10.522025108337402,44.975398074535654,3.1823355903994965
2965.095703125,158.9324951171875,-8.680096626281738,0.0582108311355114,2447.794677734375,114.10297393798828,-8.47193717956543,0.05062345415353775,2763.36474609375,154.56494140625,-8.603595733642578,0.06074389070272446,149.12159729003906,40,1.7216136455535889,1.4464964866638184,-17.246307373046875,510.45365845533667,1809.8702117903933,44.97580276361161,3.281702092119882,0.09997794777154922,0.09982606023550034,-33.429718017578125,0,4.602251052856445,0.00033565444755367935,2508.3779296875,10.329681396484375,44.975802763611604,3.2817020921199065
807.0850219726562,128.30076599121094,-7.267298221588135,0.17263935506343842,207.0068817138672,111.61151123046875,-5.789961814880371,0.5855365991592407,133.73097229003906,98.18331909179688,-5.315579891204834,0.7973252534866333,39.114112854003906,6,1.4480485916137695,0.729962170124054,-75.01544952392578,1495.8225398442814,1803.7406470301992,44.97524414541159,3.209926736119619,0.4719380736351013,0.47120270133018494,61.607112884521484,2,6.131892204284668,0.00044723806786350906,-421.26983642578125,8.688291549682617,44.97524414541159,3.2099267361196313
887.1834716796875,131.16561889648438,-7.3700337409973145,0.16055963933467865,653.2838745117188,111.83927917480469,-7.037755012512207,0.18591834604740143,795.0587768554688,167.453369140625,-7.250998020172119,0.228730708360672,44.06695556640625,8,1.174522876739502,0.6826304793357849,-77.21577453613281,547.0497779977409,1804.8261143604873,44.97542943691864,3.2790365614511763,0.3941121995449066,0.3931499123573303,44.45497512817383,3,5.049698352813721,0.00036828822339884937,953.2567749023438,7.047137260437012,44.97542943691864,3.2790365614511763
8412.625,194.7239990234375,-9.812329292297363,0.025137251242995262,6530.60009765625,118.97612762451172,-9.537383079528809,0.019785022363066673,7397.11279296875,183.05044555664062,-9.672656059265137,0.026874374598264694,389.07232666015625,72,1.8983368873596191,1.7802623510360718,59.27473831176758,1167.3713297879522,1822.3552804186784,44.97664067495468,3.233853715287388,0.03689992055296898,0.03667426481842995,-77.19097900390625,0,3.9262588024139404,0.0002863600675482303,7286.97265625,11.390021324157715,44.97664067495467,3.2338537152873874
576.473876953125,94.61229705810547,-6.901948928833008,0.1782369613647461,416.7815856933594,111.77550506591797,-6.549771308898926,0.29125136137008667,453.6436767578125,191.87033081054688,-6.641787052154541,0.4593278467655182,66.3218994140625,9,2.287937879562378,1.6758112907409668,27.337099075317383,551.4063644619763,1808.9230959610375,44.97572862432549,3.2787193593990382,0.5286740064620972,0.5274435877799988,-58.027259826660156,3,11.734384536743164,0.0008558204863220453,-347.35205078125,13.72762680053711,44.9757286243255,3.278719359399026
651.8577270507812,114.688232421875,-7.035382270812988,0.19107148051261902,441.0539855957031,112.11259460449219,-6.611229419708252,0.2760530114173889,369.4383850097656,119.9256362915039,-6.4188551902771,0.3525330424308777,44.62149429321289,9,1.3908413648605347,1.0644961595535278,13.065092086791992,1276.2598609449012,1812.3584863171443,44.97589764752627,3.2259215815613898,0.5368707776069641,0.5355863571166992,30.084077835083008,0,7.2708210945129395,0.0005302981589920819,118.20745086669922,8.345047950744629,44.97589764752627,3.2259215815613898
3024.071044921875,185.7545928955078,-8.7014799118042,0.06670791655778885,2110.22021484375,113.83489990234375,-8.310819625854492,0.05858379229903221,2608.9951171875,180.1884765625,-8.541183471679688,0.07500385493040085,110.58396911621094,45,2.0648322105407715,1.6481083631515503,-4.762221336364746,1385.8214747800762,1822.7902914204913,44.97664891436025,3.2179404586184552,0.14611825346946716,0.145768940448761,33.41675567626953,0,7.071231842041016,0.0005157457198947668,2159.878173828125,12.388993263244629,44.97664891436025,3.2179404586184552
847.163818359375,105.2999038696289,-7.319918632507324,0.1349865198135376,1088.8470458984375,112.71112060546875,-7.592417240142822,0.11241640895605087,1169.81298828125,147.4400634765625,-7.670290946960449,0.13687650859355927,64.99152374267578,13,2.018268585205078,0.8325757384300232,-57.3796501159668,1903.5431664235973,1830.9522005898236,44.977193760601416,3.180222289375395,0.23641087114810944,0.2361014485359192,20.102970123291016,3,7.75027322769165,0.0005653025000356138,420.9987487792969,12.109611511230469,44.977193760601416,3.180222289375395
3177.619384765625,165.1736602783203,-8.755254745483398,0.05645062401890755,2366.0400390625,114.04991912841797,-8.435054779052734,0.052348311990499496,2457.70361328125,175.2239990234375,-8.476324081420898,0.07742726057767868,179.12315368652344,43,1.9988551139831543,1.5648155212402344,6.422843933105469,658.5137348161115,1829.4060660161012,44.9772143454483,3.2709187716216612,0.08526455610990524,0.08523647487163544,13.790349006652832,0,4.668436527252197,0.000340482423780486,2064.83447265625,11.993130683898926,44.9772143454483,3.2709187716216617
961.1338500976562,123.77598571777344,-7.4569597244262695,0.13985639810562134,646.9393310546875,112.1395263671875,-7.027158737182617,0.18824565410614014,791.5933837890625,142.84857177734375,-7.246255397796631,0.19597630202770233,65.160400390625,15,2.3971521854400635,0.9036783576011658,-45.84584045410156,1902.688250860241,1830.0038975807433,44.97712449068212,3.18028457694647,0.2866819202899933,0.28538843989372253,-85.97579193115234,3,8.807931900024414,0.0006424474995583296,-163.15000915527344,14.382913589477539,44.97712449068212,3.18028457694647
1260.2576904296875,153.19189453125,-7.751148223876953,0.132009819149971,507.5137023925781,111.92845916748047,-6.763619422912598,0.23950940370559692,529.8226928710938,131.83445739746094,-6.81032657623291,0.2702266573905945,51.01730728149414,11,2.463069200515747,0.7169989943504333,-64.08141326904297,308.5264965107101,1839.1717463401576,44.977970545245775,3.2964095355561196,0.4036571681499481,0.40214046835899353,-59.00190353393555,3,7.946950912475586,0.0005795907927677035,-202.78067016601562,14.77841567993164,44.97797054524577,3.296409535556132
611.5824584960938,108.64502716064453,-6.966137409210205,0.19292329251766205,462.4322509765625,111.74221801757812,-6.6626200675964355,0.26242125034332275,804.038818359375,237.4082489013672,-7.263192653656006,0.32066282629966736,50.96360397338867,9,1.443196177482605,1.1596747636795044,-63.501468658447266,312.0797017170563,1838.1770911538083,44.977897349418775,3.2961507264081105,0.8380028605461121,0.8370732665061951,-44.08693313598633,3,6.468105316162109,0.000471734965685755,602.4981689453125,8.65917682647705,44.97789734941877,3.296150726408122
3842.572265625,261.4757995605469,-8.961555480957031,0.07389912009239197,1499.7978515625,113.33008575439453,-7.94008207321167,0.08206203579902649,2920.572998046875,229.1253662109375,-8.663670539855957,0.08519908785820007,82.3519287109375,50,2.5485758781433105,2.1380879878997803,6.187295436859131,188.0721554974506,1854.8503940234689,44.979132238399586,3.305182633786236,0.30329692363739014,0.30273738503456116,2.800058126449585,2,13.996530532836914,0.0010208012536168098,1873.684326171875,15.291455268859863,44.979132238399586,3.305182633786236
21144.3671875,335.0147705078125,-10.812986373901367,0.017206760123372078,10047.5947265625,122.84115600585938,-10.005155563354492,0.013277357444167137,19485.759765625,329.26409912109375,-10.72429370880127,0.018350878730416298,431.0327453613281,217,3.855931520462036,2.8357019424438477,-42.48067855834961,536.2252645538598,1889.8386950141057,44.98164952901448,3.279827105326822,0.047999948263168335,0.04758204519748688,-48.04804611206055,0,6.124467849731445,0.0004466730752028525,16446.716796875,23.135589599609375,44.98164952901449,3.27982710532681
10722.62109375,197.73495483398438,-10.075752258300781,0.020026834681630135,8514.119140625,121.19401550292969,-9.825348854064941,0.015458639711141586,9706.734375,191.28587341308594,-9.967682838439941,0.02140127122402191,511.166015625,79,2.0170962810516357,1.7925046682357788,7.123729228973389,581.4441180149354,1864.6483580721767,44.979801436100004,3.276532982109052,0.029904356226325035,0.029760602861642838,-63.41165542602539,0,3.7700552940368652,0.00027496018446981907,9427.7685546875,12.102577209472656,44.979801436100004,3.27653298210904
832.975830078125,112.6578369140625,-7.301580905914307,0.1468787044286728,788.6134033203125,112.65931701660156,-7.242160320281982,0.15514321625232697,841.800048828125,134.91802978515625,-7.313022136688232,0.1740567535161972,60.02356719970703,13,1.5786685943603516,1.2351635694503784,-52.48987579345703,1346.1161792276018,1850.847954174832,44.97870524252801,3.220833267482274,0.4153037965297699,0.41499778628349304,-56.76890182495117,0,8.353570938110352,0.0006092727999202907,403.1080322265625,9.47201156616211,44.97870524252801,3.2208332674822735
1810.2733154296875,189.06271362304688,-8.144360542297363,0.1134205013513565,758.37060546875,112.31672668457031,-7.199703693389893,0.1608395278453827,957.2572021484375,179.64012145996094,-7.452571392059326,0.20380015671253204,49.52781677246094,20,2.2487521171569824,1.54738450050354,3.0568411350250244,1971.8108036677922,1858.7752150558968,44.97922206179152,3.175248239961727,0.3319151699542999,0.3306783139705658,14.342287063598633,2,11.176745414733887,0.0008152374066412449,924.7390747070312,13.492512702941895,44.97922206179152,3.1752482399617272
4735.8515625,235.84872436523438,-9.188495635986328,0.05408355966210365,2529.178466796875,114.41413879394531,-8.50744915008545,0.049128107726573944,4196.38232421875,237.77072143554688,-9.057188034057617,0.061533715575933456,107.48008728027344,67,2.635835886001587,2.196901321411133,-3.7317233085632324,1024.0490296155965,1874.7556782859447,44.98048934473114,3.244294647582333,0.1591087430715561,0.1586322784423828,-8.088391304016113,2,9.893729209899902,0.0007215893128886819,3371.232177734375,15.81501579284668,44.98048934473114,3.2442946475823207
788.0979614257812,126.88920593261719,-7.241450309753418,0.17485348880290985,311.7808532714844,111.73748779296875,-6.234623432159424,0.38920578360557556,334.23284912109375,105.69462585449219,-6.310122966766357,0.34342634677886963,50.70733642578125,10,1.8427215814590454,0.5967624187469482,72.88192749023438,673.7106635892725,1865.2474508644673,44.979834333913345,3.2698127409538382,0.35651376843452454,0.3554370403289795,76.62474822998047,0,6.255970001220703,0.00045626575592905283,-467.5771789550781,11.056329727172852,44.979834333913345,3.2698127409538382
3289.38232421875,202.5177001953125,-8.79278564453125,0.06686186045408249,1974.524658203125,113.67472839355469,-8.238656044006348,0.06252175569534302,2720.404296875,195.35028076171875,-8.586584091186523,0.07798488438129425,109.20050811767578,43,1.9597654342651367,1.6839548349380493,-74.767333984375,814.0332540647435,1881.5692992818488,44.98101181073176,3.259592401155555,0.1571134626865387,0.15686549246311188,-88.33381652832031,2,6.4490580558776855,0.0004703506419900805,2517.50634765625,11.75859260559082,44.98101181073176,3.259592401155555
709.187744140625,109.85372924804688,-7.126903057098389,0.16822223365306854,687.2180786132812,112.187744140625,-7.09273624420166,0.17728854715824127,760.8278198242188,174.6253662109375,-7.203216075897217,0.24925895035266876,53.56972122192383,11,1.4283912181854248,1.0969592332839966,9.092001914978027,387.00613571101337,1866.3741796233132,44.97995102552243,3.290694545159889,0.3530810475349426,0.3530026972293854,49.138816833496094,1,7.481765270233154,0.0005456632934510708,669.2115478515625,8.57034683227539,44.97995102552243,3.290694545159901
1874.5867919921875,179.8891143798828,-8.18226432800293,0.10421474277973175,1157.793701171875,112.57469177246094,-7.659078121185303,0.10559403896331787,1481.370849609375,151.83387756347656,-7.92665958404541,0.11131013929843903,81.02381134033203,26,1.6702195405960083,1.4085719585418701,-44.01408004760742,307.4106661715899,1871.1787654122459,44.980312173923394,3.2964917118579855,0.2658090591430664,0.2654370665550232,-37.327388763427734,2,5.728096008300781,0.00041776365833356977,1116.7545166015625,10.021317481994629,44.980312173923394,3.296491711857986
1414.122802734375,153.45248413085938,-7.876217842102051,0.11784648150205612,926.1235961914062,112.29802703857422,-7.416672229766846,0.13168399035930634,1189.94384765625,176.35693359375,-7.688816070556641,0.16095182299613953,61.73291015625,16,1.471563696861267,0.9776197075843811,-41.640316009521484,1566.9951701177454,1869.212612465348,44.980025181762144,3.2047422920070443,0.3009234666824341,0.30037447810173035,-62.9112663269043,2,5.819265842437744,0.00042444057180546224,898.910400390625,8.829381942749023,44.980025181762144,3.2047422920070443
3109.2705078125,168.08267211914062,-8.731646537780762,0.0587075911462307,2380.302734375,113.89386749267578,-8.441580772399902,0.0519634485244751,2709.71533203125,166.78140258789062,-8.582308769226074,0.06684266775846481,146.5513916015625,43,1.8356449604034424,1.5563184022903442,86.25751495361328,275.04904067812816,1881.9022504041302,44.981100609151184,3.2988489347612324,0.10070287436246872,0.10027720034122467,-64.23749542236328,0,5.338259220123291,0.0003893317189067602,2393.384521484375,11.013870239257812,44.98110060915118,3.298848934761245
71914.7265625,307.4246520996094,-12.142045021057129,0.004642487037926912,56784.6953125,166.2857666015625,-11.885578155517578,0.0031801939476281404,68208.859375,274.2314453125,-12.084602355957031,0.004366226959973574,3447.81103515625,230,2.8218908309936523,2.151538133621216,5.093539714813232,864.6101206867507,1915.4546156054885,44.98348450181321,3.255909145218668,0.006590747740119696,0.00645547965541482,-86.4561767578125,0,3.8050522804260254,0.0002775154134724289,71118.9375,16.931344985961914,44.98348450181321,3.255909145218668
1167.8875732421875,143.1647491455078,-7.6685028076171875,0.1331266164779663,935.1536865234375,112.4403076171875,-7.4272074699401855,0.13057765364646912,1019.7457275390625,124.6668701171875,-7.5212297439575195,0.13276664912700653,75.43891143798828,18,1.6655573844909668,0.986748993396759,-58.960693359375,313.5661813177793,1885.0209623656724,44.98132405073379,3.2960437962924574,0.2885594367980957,0.2884352207183838,-49.109310150146484,2,7.043318748474121,0.0005136856925673783,798.4122314453125,9.9933443069458,44.98132405073379,3.2960437962924694
2116.724609375,177.50152587890625,-8.31416130065918,0.09106837213039398,1261.168212890625,112.78529357910156,-7.751932621002197,0.09712013602256775,1333.3951416015625,150.07089233398438,-7.812397003173828,0.12222707271575928,81.41578674316406,27,1.955730676651001,1.2029898166656494,53.07378387451172,1140.545893181598,1890.3175440391553,44.98161450376446,3.235808891174339,0.19770947098731995,0.19711901247501373,63.56828308105469,0,7.8883957862854,0.0005753368022851646,675.257080078125,11.734384536743164,44.981614503764455,3.2358088911743503
769.0380859375,110.96971130371094,-7.214869499206543,0.1567062884569168,659.1197509765625,112.15410614013672,-7.04741096496582,0.1847909539937973,884.5075073242188,166.04859924316406,-7.366753578186035,0.20387478172779083,53.95354461669922,12,1.635089635848999,0.8406565189361572,-43.150211334228516,1114.7311718695062,1902.0163471304506,44.98247305224853,3.237689547006311,0.36655691266059875,0.365436851978302,-38.05864334106445,2,7.003175258636475,0.0005107728647999465,692.4326782226562,9.810537338256836,44.98247305224853,3.2376895470063234
2776.302978515625,184.039794921875,-8.608667373657227,0.07199042290449142,1797.5740966796875,113.42210388183594,-8.136716842651367,0.06852368265390396,2095.853271484375,196.80645751953125,-8.303401947021484,0.10197842121124268,124.66825103759766,39,1.9362497329711914,1.7011630535125732,-64.94732666015625,495.8641482486413,1915.2838696541023,44.98351572823934,3.282767431931447,0.12807191908359528,0.12787792086601257,-14.160547256469727,0,6.6645073890686035,0.00048605879419483244,2349.4970703125,11.617498397827148,44.98351572823935,3.2827674319314344
1205315.875,716.3035888671875,-15.202752113342285,0.0006453957175835967,985500.625,526.3515625,-14.984142303466797,0.0005800278158858418,1171025.0,608.788330078125,-15.171415328979492,0.0005645858473144472,50929.22265625,699,2.463423728942871,2.430365562438965,77.86665344238281,1013.5373444680797,1986.2441317531336,44.98864508816646,3.245062431044523,0.0012873046798631549,0.0012167820241302252,-87.93821716308594,4,3.8223977088928223,0.0002787831181194633,1199849.375,14.780542373657227,44.98864508816645,3.2450624310445346
4029.15234375,222.0885772705078,-9.013033866882324,0.059860777109861374,2235.168701171875,114.025390625,-8.373275756835938,0.05540144443511963,3517.0927734375,209.8561553955078,-8.865459442138672,0.06479891389608383,121.10372924804688,54,2.514451265335083,1.7905595302581787,43.79946517944336,1206.2911436894274,1924.3107745153072,44.984093488216665,3.2310201831925993,0.1665593981742859,0.1658632755279541,40.628292083740234,2,8.610498428344727,0.0006280066445469856,2861.12548828125,15.086708068847656,44.98409348821666,3.2310201831926237
728.5606689453125,121.87938690185547,-7.156164169311523,0.18167465925216675,163.08006286621094,111.51449584960938,-5.531002044677734,0.7426091432571411,206.38641357421875,114.48616790771484,-5.786702632904053,0.6024232506752014,34.633819580078125,9,1.3504829406738281,1.0299819707870483,10.224008560180664,41.6893750916995,1907.3911752076015,44.98299415640409,3.3158450750127053,0.5287957191467285,0.5282872319221497,4.634814262390137,0,7.045313358306885,0.000513831211719662,127.81134033203125,8.102897644042969,44.98299415640409,3.3158450750127058
897.6293334960938,120.45762634277344,-7.382742404937744,0.14573608338832855,765.746337890625,112.0621566772461,-7.210212230682373,0.1589292734861374,809.4041137695312,167.46487426757812,-7.270413398742676,0.22469227015972137,68.71430206298828,14,1.7464654445648193,1.0303281545639038,38.03019714355469,1781.9466846439784,1919.0762581162821,44.98365022063717,3.1890820776968494,0.28429561853408813,0.28402388095855713,13.18221378326416,0,8.022366523742676,0.0005851442692801356,727.9269409179688,10.478792190551758,44.983650220637166,3.189082077696862
2555.802978515625,67.26471710205078,-8.518818855285645,0.028581812977790833,2637.345947265625,114.19650268554688,-8.55291748046875,0.04702356085181236,2807.751220703125,88.8565673828125,-8.620896339416504,0.03436851128935814,504.19390869140625,12,1.267411470413208,0.5632133483886719,16.518749237060547,272.60781322990914,1913.2886741630657,44.9833969964708,3.2990276464775983,0.03616536408662796,0.03439641371369362,9.122154235839844,3,3.595411777496338,0.0002622214378789067,2364.81298828125,7.604468822479248,44.98339699647081,3.299027646477586
1953.6595458984375,186.41204833984375,-8.22712230682373,0.10362270474433899,1201.7313232421875,112.53958892822266,-7.69951868057251,0.10170159488916397,1591.8612060546875,171.71458435058594,-8.004762649536133,0.11714717000722885,56.033451080322266,30,2.2640743255615234,1.3615113496780396,-70.4377670288086,495.40645584206135,1928.1133270676305,44.98445427222872,3.2828011071404677,0.30380937457084656,0.3030191957950592,-79.80429077148438,3,10.516946792602539,0.0007670263876207173,1286.6690673828125,13.58444595336914,44.98445427222872,3.2828011071404557
3212.71240234375,61.94728469848633,-8.767179489135742,0.02094017155468464,3597.172119140625,115.2341079711914,-8.88990306854248,0.034789618104696274,3482.48486328125,92.56999206542969,-8.85472297668457,0.028867609798908234,543.97607421875,10,1.6202514171600342,0.4608360826969147,15.180464744567871,267.51939029436596,1912.6855762616879,44.98335350262328,3.299398222137193,0.03928918391466141,0.037055011838674545,9.98587703704834,19,5.139528751373291,0.0003748373419512063,2762.922607421875,9.721508026123047,44.98335350262328,3.2993982221372047
3589.590576171875,177.52391052246094,-8.887612342834473,0.05370834469795227,2710.749755859375,114.49805450439453,-8.582723617553711,0.045871030539274216,3118.358642578125,177.12533569335938,-8.73481559753418,0.06168569251894951,134.8773651123047,49,1.8898550271987915,1.7249904870986938,-87.46784973144531,1299.0547419796492,1937.8178379914418,44.98507118449353,3.2242627762588043,0.10222619026899338,0.10193131119012833,-87.77069854736328,0,5.490974426269531,0.000400487391743809,2914.19775390625,11.339130401611328,44.98507118449353,3.2242627762588043
2735.590576171875,164.57044982910156,-8.59262752532959,0.06533269584178925,2110.497314453125,113.83522033691406,-8.310961723327637,0.05857626348733902,2346.1435546875,154.20205688476562,-8.425886154174805,0.07137817144393921,128.89540100097656,36,1.7127944231033325,1.4263274669647217,-89.62410736083984,1548.6045982686762,1942.8458316274264,44.985412272004325,3.20608277640571,0.11852570623159409,0.1181235983967781,89.38706970214844,2,5.138341903686523,0.0003747768932953477,2060.140380859375,10.276766777038574,44.98541227200433,3.206082776405698
1477.687255859375,167.6150360107422,-7.923956394195557,0.12318569421768188,746.4395141601562,112.2147216796875,-7.182486534118652,0.16326197981834412,823.4217529296875,140.2693328857422,-7.289055824279785,0.18499936163425446,55.97792053222656,18,1.6996161937713623,1.2072583436965942,-63.54962158203125,1016.3943617216063,1947.763837500488,44.98583023296374,3.244853589213009,0.2981990575790405,0.29753977060317993,-58.021114349365234,2,8.57071304321289,0.0006250969017855823,997.8037109375,10.197696685791016,44.98583023296374,3.244853589212997
289535.96875,408.7705078125,-13.654255867004395,0.001533228438347578,240375.09375,277.4054870605469,-13.452223777770996,0.0012533010449260473,281941.25,349.65338134765625,-13.625396728515625,0.0013468180550262332,14338.9296875,324,2.2425012588500977,2.173935651779175,-62.83364486694336,326.51414607525015,1990.3313502855453,44.98902632054632,3.295103817314743,0.002633668715134263,0.002567475661635399,-84.37342834472656,0,3.7259061336517334,0.00027173798298463225,289520.21875,13.455007553100586,44.98902632054632,3.295103817314743
1680.2760009765625,152.27694702148438,-8.063451766967773,0.09842000156641006,1174.7081298828125,112.55110931396484,-7.674825191497803,0.10405180603265762,989.775146484375,139.54893493652344,-7.488841533660889,0.15311573445796967,85.36328125,26,1.6462403535842896,1.2331575155258179,-25.252113342285156,12.573103185550735,1949.3751221399325,44.98606932338502,3.317966907470084,0.15103822946548462,0.15036693215370178,0.8562957048416138,0,6.012333393096924,0.00043849259964190423,-436.60107421875,9.877442359924316,44.98606932338502,3.3179669074700846
1470.0771484375,121.00150299072266,-7.9183502197265625,0.08938825875520706,1432.2401123046875,112.77061462402344,-7.890039443969727,0.08550862967967987,1538.3375244140625,133.78121948242188,-7.9676289558410645,0.09444377571344376,110.3360366821289,21,1.5268994569778442,1.1882866621017456,-68.79469299316406,167.67383461951766,1952.9244082656899,44.98630956969924,3.306671211086139,0.17435763776302338,0.17372718453407288,-85.33019256591797,0,5.191976547241211,0.00037866170168854296,1142.2493896484375,9.161396980285645,44.98630956969924,3.3066712110861394
18216.859375,349.39630126953125,-10.65118408203125,0.020829297602176666,7101.048828125,119.45338439941406,-9.62830638885498,0.01826862245798111,17635.03515625,357.23724365234375,-10.615941047668457,0.02199936844408512,273.5986022949219,221,4.432668685913086,2.9210047721862793,82.62930297851562,808.2894280563437,1994.9820546769477,44.98930812794064,3.2600132727109004,0.07780782133340836,0.07709289342164993,79.3053970336914,3,9.390985488891602,0.000684914761222899,16678.521484375,26.596012115478516,44.98930812794064,3.2600132727108995
601.034423828125,106.42725372314453,-6.947248458862305,0.19230179488658905,441.1083984375,111.89279174804688,-6.611363410949707,0.275477796792984,500.7789306640625,164.24546813964844,-6.749114990234375,0.35618627071380615,44.93380355834961,9,1.1461482048034668,0.8544489741325378,53.70870590209961,606.9651444405849,1949.341422684324,44.985993653607125,3.274676268677495,0.3394468128681183,0.33834290504455566,46.330360412597656,0,5.899138927459717,0.00043023962643928826,676.9036254882812,6.876889228820801,44.985993653607125,3.274676268677495
5908.0947265625,294.0395202636719,-9.428618431091309,0.054049052298069,2204.730712890625,113.90309143066406,-8.358388900756836,0.05610606446862221,4319.15966796875,257.71728515625,-9.08849811553955,0.06479986757040024,99.55040740966797,56,3.2824547290802,2.0864055156707764,-21.487356185913086,1281.3053190071769,1971.5965390405697,44.98754364576068,3.2255562763230703,0.203837051987648,0.20248711109161377,-45.70759582519531,2,15.695337295532227,0.0011447482975199819,2819.658935546875,19.69472885131836,44.98754364576068,3.2255562763230703
651.1401977539062,107.59632873535156,-7.034186363220215,0.17945384979248047,659.8497924804688,112.02316284179688,-7.048612594604492,0.1843709945678711,599.4754638671875,120.18292236328125,-6.944428443908691,0.21772143244743347,56.97352600097656,10,1.8093106746673584,0.8465665578842163,58.6639289855957,292.10436865182237,1958.9029979164304,44.986731488604015,3.297609029427781,0.3395502269268036,0.33895495533943176,41.37348175048828,0,7.396529674530029,0.0005394445033743978,346.73541259765625,10.855863571166992,44.986731488604015,3.2976090294277807
1508.9447021484375,171.49981689453125,-7.946683406829834,0.12342984229326248,619.0980224609375,111.84227752685547,-6.979398727416992,0.1961897909641266,802.9074096679688,132.11228942871094,-7.261663436889648,0.1786930114030838,52.48445510864258,13,2.3416192531585693,0.6072496175765991,27.756988525390625,1955.102872868889,1958.3927189108801,44.98650869626755,3.1764657183251286,0.47513148188591003,0.4728736877441406,29.915939331054688,0,7.124101638793945,0.000519638997502625,11.852017402648926,14.049715042114258,44.98650869626755,3.1764657183251286
1744.2913818359375,173.2703399658203,-8.104047775268555,0.10787852853536606,999.1149291992188,112.20983123779297,-7.4990386962890625,0.12196782976388931,1085.1395263671875,157.06980895996094,-7.588714122772217,0.1571943610906601,59.27802658081055,23,1.660498857498169,1.5404006242752075,32.78223419189453,879.3975695166159,1970.9636225063355,44.98754296289005,3.254833190373736,0.2666936218738556,0.2660212516784668,-63.188114166259766,2,9.575662612915039,0.0006983864004723728,596.573486328125,9.962993621826172,44.98754296289005,3.254833190373736
649.11376953125,114.3514404296875,-7.030802249908447,0.19131571054458618,190.56114196777344,111.50341796875,-5.700085639953613,0.6354533433914185,312.1407470703125,121.89867401123047,-6.235876083374023,0.4241098463535309,36.955562591552734,9,1.8953742980957031,0.7765176892280579,38.968055725097656,1727.0965555907846,1966.764686606634,44.98714325988236,3.1930786529968076,0.32191160321235657,0.13602682948112488,39.153255462646484,0,7.249092102050781,0.0005287407548166811,-488.8671875,11.372245788574219,44.98714325988236,3.1930786529968076
3708.0703125,204.45785522460938,-8.922869682312012,0.05988053232431412,2320.025634765625,113.90928649902344,-8.413731575012207,0.053320739418268204,3180.775146484375,235.1109161376953,-8.756332397460938,0.08027303218841553,113.08404541015625,55,2.262563943862915,1.963001012802124,69.89824676513672,800.9457320869554,1980.7480277955974,44.988267848056026,3.2605478693254026,0.13446523249149323,0.13399268686771393,-84.32923126220703,3,7.738271713256836,0.0005643768236041069,3390.2451171875,13.575384140014648,44.988267848056026,3.260547869325402
1737.216552734375,157.75192260742188,-8.099635124206543,0.09861671179533005,1292.3267822265625,112.90966033935547,-7.778430938720703,0.094883032143116,1377.76171875,151.7422332763672,-7.847935199737549,0.11960853636264801,66.17548370361328,27,1.6460938453674316,1.4199285507202148,-69.27198028564453,908.5112206405214,1976.406930353967,44.98793771363917,3.2527126258013443,0.1864970624446869,0.18585193157196045,71.62522888183594,0,7.154119968414307,0.0005217758007347584,758.32958984375,9.87656307220459,44.98793771363917,3.2527126258013572
1217.140625,138.65386962890625,-7.713351726531982,0.1237146332859993,779.3089599609375,112.56075286865234,-7.229274272918701,0.1568581610918045,661.2736206054688,140.9900665283203,-7.050952911376953,0.23154592514038086,70.6906967163086,19,1.6536468267440796,1.2303141355514526,-68.8335189819336,460.0191030761584,1975.0097509689392,44.98788909026025,3.285379776552076,0.21934860944747925,0.21851254999637604,-84.69812774658203,0,7.40791130065918,0.0005402758251875639,-134.6650848388672,9.921880722045898,44.98788909026025,3.285379776552076
3672.010986328125,249.35183715820312,-8.912260055541992,0.07374599575996399,1723.5103759765625,113.20394134521484,-8.091034889221191,0.07133086025714874,3203.771484375,345.41326904296875,-8.764153480529785,0.11708663403987885,85.92359924316406,47,3.283639907836914,1.6420307159423828,-41.99264144897461,798.9898090013504,1995.3024808308587,44.989332664788556,3.2606906649931804,0.2459404021501541,0.24524784088134766,-35.767948150634766,3,13.922632217407227,0.001015421818010509,4593.39501953125,19.701839447021484,44.989332664788556,3.26069066499318
687.7518920898438,118.49405670166016,-7.093579292297363,0.18710896372795105,152.09471130371094,111.45709228515625,-5.45528507232666,0.7958357334136963,75.48908233642578,148.94114685058594,-4.6947102546691895,2.142695188522339,43.691993713378906,9,1.9186073541641235,1.1974090337753296,-31.303621292114258,559.8169030679933,1833.0782149351005,44.977494617229254,3.2781073935042984,0.3362564146518707,0.21902379393577576,-32.253150939941406,16,9.072210311889648,0.0006616601604036987,-750.3851928710938,11.51164436340332,44.977494617229254,3.278107393504298
2263.522705078125,176.2833251953125,-8.386961936950684,0.0845777615904808,1493.4178466796875,113.19206237792969,-7.935453414916992,0.08231224864721298,2331.421875,191.25827026367188,-8.419052124023438,0.08909004926681519,108.74574279785156,35,2.2825307846069336,1.661661148071289,19.16436767578125,1729.5418257862427,1990.174230685292,44.98885501024937,3.192900627135724,0.27330851554870605,0.27298682928085327,18.807357788085938,0,9.62781047821045,0.00070224329829216,943.6785888671875,13.695184707641602,44.98885501024937,3.192900627135736
288755.125,792.1744995117188,-13.651324272155762,0.0029793463181704283,87203.625,189.1573486328125,-12.351336479187012,0.0023556917440146208,276542.21875,740.646484375,-13.604403495788574,0.0029085688292980194,3341.009033203125,1618,9.423782348632812,5.328381538391113,56.60368728637695,533.8742635764139,2142.6498687085377,45.000142648346944,3.280005042698605,0.011472538113594055,0.010822538286447525,57.72536849975586,0,7.1440534591674805,0.0005210315575823188,282477.0,56.542694091796875,45.00014264834694,3.2800050426986167
939.4081420898438,133.54660034179688,-7.432135581970215,0.15438614785671234,548.9609375,111.9781723022461,-6.848853588104248,0.22152449190616608,393.97393798828125,144.19239807128906,-6.488668918609619,0.3974703252315521,52.101417541503906,14,1.5740171670913696,1.376084566116333,-50.003604888916016,1330.6373662535357,1989.7469195301435,44.9888657155767,3.2219627085863953,0.27225902676582336,0.27094894647598267,73.62190246582031,0,8.422828674316406,0.0006143269129097462,386.31732177734375,9.444103240966797,44.9888657155767,3.2219627085863953
1927.5418701171875,167.42507934570312,-8.212509155273438,0.09432928264141083,1310.9056396484375,112.93174743652344,-7.793928623199463,0.09355660527944565,1540.292724609375,165.8372344970703,-7.969007968902588,0.11692532896995544,81.9005126953125,30,2.166591167449951,1.326327919960022,-72.73245239257812,174.75718653756823,2002.7559706867146,44.98995415132394,3.3061568766150846,0.22548379004001617,0.22453360259532928,-71.76042175292969,0,10.152579307556152,0.0007404470234178007,640.7254028320312,12.999547004699707,44.98995415132394,3.306156876615084
269965.9375,414.6225891113281,-13.578272819519043,0.0016679145628586411,222264.84375,268.588134765625,-13.36717700958252,0.0013123383978381753,261357.171875,343.0957336425781,-13.543086051940918,0.001425642753019929,13643.4658203125,338,2.294325351715088,2.2037179470062256,-63.71552276611328,741.670519624187,2044.2695832550367,44.99292118720445,3.2648669238877046,0.0027575658168643713,0.002689810236915946,-84.59138488769531,0,3.71850848197937,0.00027120186132378876,268869.46875,13.765952110290527,44.992921187204445,3.2648669238877166
705.0299682617188,103.22964477539062,-7.120519161224365,0.15901082754135132,645.2633666992188,112.13751983642578,-7.0243425369262695,0.18873122334480286,638.7164306640625,103.73334503173828,-7.013270378112793,0.17637625336647034,61.04880142211914,11,1.1103897094726562,0.9773693084716797,-13.077592849731445,103.23431628782312,1992.9895763536604,44.9892486680101,3.3113655798969477,0.2615651786327362,0.2612920105457306,-9.453465461730957,0,6.2143330574035645,0.00045322338701225817,499.4664611816406,6.6623382568359375,44.9892486680101,3.3113655798969477
2768.47119140625,95.89787292480469,-8.605600357055664,0.03761826828122139,2370.290771484375,114.14125061035156,-8.437004089355469,0.05229628086090088,2779.582275390625,123.5947265625,-8.609949111938477,0.0482892245054245,238.4416961669922,22,2.527439832687378,0.6159351468086243,24.336017608642578,130.41636604106893,2003.872858471159,44.990041429011534,3.3093862651067374,0.10888800770044327,0.1053478866815567,21.861560821533203,3,7.457282066345215,0.0005438737571239471,1365.8634033203125,15.16463851928711,44.990041429011534,3.3093862651067365
757.4987182617188,121.74141693115234,-7.198454856872559,0.17453651130199432,602.039794921875,112.04180145263672,-6.949062824249268,0.20210856199264526,786.11279296875,147.0902099609375,-7.238712310791016,0.20320235192775726,42.43727111816406,11,1.6445987224578857,1.1928064823150635,70.41503143310547,1541.8127796220867,2007.4660875641723,44.990138965822815,3.206578198759657,0.47626355290412903,0.47585541009902954,8.050790786743164,0,8.37893295288086,0.0006111387046985328,332.7996520996094,9.867591857910156,44.990138965822815,3.206578198759657
3911.04638671875,209.90847778320312,-8.980731964111328,0.05828634649515152,2465.604248046875,114.46865844726562,-8.479808807373047,0.05041886121034622,3360.337890625,197.04339599609375,-8.815957069396973,0.06368083506822586,119.37947082519531,52,2.1259944438934326,1.8744865655899048,-69.10166931152344,493.43917368197,2023.0084630636848,44.99139610702631,3.2829469402677307,0.14185205101966858,0.14137862622737885,-88.66452026367188,2,7.3337578773498535,0.0005348674603737891,2374.7705078125,12.755966186523438,44.99139610702631,3.2829469402677307
1279.3857421875,78.58600616455078,-7.76750373840332,0.06670732796192169,1240.888916015625,112.71746063232422,-7.734332084655762,0.09864795953035355,1295.343505859375,89.34120178222656,-7.7809624671936035,0.07490255683660507,180.9376983642578,13,1.1697592735290527,0.6899936199188232,18.464635848999023,123.13210950649682,2000.8479475165593,44.989821054850616,3.309916680746866,0.08113733679056168,0.0796826183795929,13.085760116577148,3,3.4082016944885254,0.00024856667732819915,1195.735595703125,7.018555641174316,44.989821054850616,3.309916680746866
1230.7242431640625,158.54786682128906,-7.725401878356934,0.13990378379821777,591.1924438476562,111.80876922607422,-6.929322242736816,0.20538881421089172,677.9235229492188,146.9914093017578,-7.077951908111572,0.23547297716140747,39.075286865234375,16,1.985144019126892,1.1559548377990723,-36.453025817871094,887.3974286988149,2004.4444423229022,44.98999093963601,3.254251176255611,0.4877857267856598,0.48696836829185486,1.6561870574951172,0,9.06700325012207,0.0006612885626964271,-480.61590576171875,11.910863876342773,44.989990939636016,3.2542511762555986
977.8997192382812,141.16375732421875,-7.475735664367676,0.15676847100257874,433.9756774902344,111.84020233154297,-6.593663692474365,0.27987390756607056,331.09295654296875,123.92292785644531,-6.299874782562256,0.4064728617668152,41.988773345947266,13,2.0817556381225586,0.7895153164863586,-83.73433685302734,91.2611793789391,2010.3151367076823,44.990517657523334,3.3122381344494585,0.3313556909561157,0.3300432562828064,59.13493728637695,0,7.664264678955078,0.000558969215489924,-612.8320922851562,12.490533828735352,44.990517657523334,3.3122381344494585
1491.74072265625,161.67955017089844,-7.93423318862915,0.11770409345626831,991.46337890625,112.4637451171875,-7.490691661834717,0.12318722903728485,1121.6131591796875,137.90138244628906,-7.624607563018799,0.13352277874946594,66.89501953125,19,1.9385806322097778,1.050260305404663,-5.416097640991211,1171.3019464741164,2006.8816935443133,44.99013659329016,3.233570352343376,0.2849106192588806,0.283979207277298,-8.541787147521973,2,8.537296295166016,0.0006226675468496978,-22.1141300201416,11.631484031677246,44.99013659329016,3.233570352343388
2467.155517578125,79.31278228759766,-8.480491638183594,0.034912142902612686,2200.624267578125,113.89824676513672,-8.356365203857422,0.05620836839079857,2676.16796875,99.1474380493164,-8.5687837600708,0.040234439074993134,318.2489929199219,16,2.3886704444885254,0.40304380655288696,22.881046295166016,138.1253291479298,2007.110969290857,44.990277345984495,3.308824923655967,0.09897243976593018,0.09554322063922882,21.309940338134766,19,5.8482513427734375,0.00042652402771636844,1321.3040771484375,14.332022666931152,44.990277345984495,3.308824923655955
155333.078125,380.8937072753906,-12.97815990447998,0.002662990940734744,122344.0859375,212.66700744628906,-12.718957901000977,0.0018877607071772218,148605.734375,323.1521301269531,-12.930088996887207,0.0023615725804120302,7706.3984375,354,2.9201314449310303,2.3290908336639404,-20.826093673706055,1571.4631694947732,2058.108183964041,44.993839502382606,3.2044184534962157,0.003978900611400604,0.0038573588244616985,-86.49394989013672,0,3.949195623397827,0.0002880465181078762,154335.25,17.520788192749023,44.9938395023826,3.2044184534962397
1624.816162109375,58.66599655151367,-8.027010917663574,0.039211373776197433,1487.451904296875,113.14146423339844,-7.931107521057129,0.08260544389486313,1451.9527587890625,82.41735076904297,-7.904881000518799,0.06164473667740822,375.55694580078125,9,1.2407695055007935,0.5309949517250061,33.83984375,144.13279891431975,2009.6190152958518,44.99046006805329,3.3083874780009523,0.045338306576013565,0.043672893196344376,53.61259841918945,3,4.700314521789551,0.00034280278487131,1187.4354248046875,7.44461727142334,44.99046006805328,3.308387478000976
2905.782958984375,64.4249267578125,-8.658158302307129,0.0240780096501112,2978.5341796875,114.85455322265625,-8.685006141662598,0.041876986622810364,3055.53076171875,89.23020935058594,-8.712717056274414,0.0317142978310585,1009.9344482421875,11,1.8333903551101685,0.4002703130245209,26.12067985534668,148.155526861113,2011.135340106643,44.99057048957399,3.3080945496110212,0.0277694221585989,0.026411745697259903,16.655061721801758,19,5.094386100769043,0.00037154313758946955,2169.293701171875,11.00034236907959,44.99057048957399,3.308094549611021
632.4049682617188,112.10511779785156,-7.002488136291504,0.19251297414302826,389.3145446777344,111.6543197631836,-6.4757513999938965,0.31146177649497986,448.13555908203125,111.50440216064453,-6.628523349761963,0.27021685242652893,56.64133834838867,9,2.173475742340088,0.580227792263031,61.00486373901367,1414.159438808251,2023.8511961611598,44.99135090730519,3.215878433773977,0.5119757056236267,0.5107411742210388,64.51936340332031,0,6.704917907714844,0.0004890342243015766,-237.30197143554688,13.040854454040527,44.99135090730519,3.215878433773977
914.1834106445312,134.81956481933594,-7.402583122253418,0.16015829145908356,380.09686279296875,111.8195571899414,-6.449735641479492,0.3194870948791504,330.94232177734375,137.1293487548828,-6.299380779266357,0.4499952495098114,52.1317024230957,13,1.5889190435409546,1.2641891241073608,-14.84493350982666,1595.6098949715065,2022.3358358440548,44.9912208158859,3.2026588851942503,0.3840649425983429,0.3829928934574127,9.972234725952148,0,8.479429244995117,0.0006184731028042734,184.6524200439453,9.533514022827148,44.991220815885896,3.202658885194263
2652.38037109375,170.25408935546875,-8.559089660644531,0.06970943510532379,1957.2786865234375,113.65435028076172,-8.229131698608398,0.06306134164333344,2424.9453125,174.49468994140625,-8.46175479888916,0.07814659923315048,111.62779235839844,39,2.0701382160186768,1.5477317571640015,-50.2635612487793,844.3100433418927,2038.140185808336,44.992460635566665,3.257390457069999,0.15511612594127655,0.15435174107551575,-56.697906494140625,0,7.6758646965026855,0.0005598266725428402,1953.6151123046875,12.420829772949219,44.992460635566665,3.2573904570699987
6068.255859375,160.5770263671875,-9.457659721374512,0.028737524524331093,5125.015625,117.12706756591797,-9.274237632751465,0.02481943555176258,5748.1533203125,172.8099822998047,-9.398820877075195,0.03264903277158737,347.9169006347656,57,1.7803668975830078,1.672299861907959,22.59074592590332,1888.673525529381,2041.718358902169,44.99260870014393,3.181306196756321,0.04865342378616333,0.04836156964302063,-70.28687286376953,0,4.042312145233154,0.0002948497422039509,5404.5869140625,10.682201385498047,44.99260870014393,3.1813061967563327
3336.8935546875,197.7607421875,-8.808356285095215,0.06436170637607574,2063.259765625,113.73619842529297,-8.286384582519531,0.059865228831768036,2843.9755859375,199.79669189453125,-8.634814262390137,0.07629432529211044,107.71110534667969,45,2.3858373165130615,1.6848530769348145,64.33773803710938,1837.5114450921608,2053.7840104884017,44.993496092969444,3.185034103599715,0.15634457767009735,0.15562517940998077,41.10353088378906,2,10.822589874267578,0.0007894044974818826,2234.16552734375,14.315023422241211,44.993496092969444,3.185034103599715
350979.59375,442.46124267578125,-13.863204956054688,0.0013690622290596366,289394.9375,300.1145324707031,-13.653727531433105,0.001126226969063282,341330.21875,373.74298095703125,-13.832937240600586,0.001189126749522984,17752.080078125,369,2.275320291519165,2.2377049922943115,-80.39641571044922,481.78773662573974,2081.588197843538,44.9956825887869,3.283797185911525,0.0023839189670979977,0.0023228470236063004,-85.28978729248047,0,3.745190143585205,0.0002731447166297585,350485.96875,13.651922225952148,44.99568258878689,3.283797185911537
1497.6988525390625,163.1961212158203,-7.93856143951416,0.1183355301618576,960.8731689453125,112.42721557617188,-7.4566650390625,0.1270677149295807,2427.47021484375,350.0706481933594,-8.462884902954102,0.15661437809467316,67.2922592163086,23,3.0366666316986084,1.1889897584915161,77.97266387939453,734.0300081972599,2063.4838914157867,44.994327533996746,3.265423913113067,0.3930416405200958,0.39198192954063416,69.3429183959961,3,11.385825157165527,0.0008304016082547605,2831.194580078125,18.219999313354492,44.994327533996746,3.265423913113067
861.0084228515625,126.44099426269531,-7.337518692016602,0.15948151051998138,615.9396362304688,112.01449584960938,-6.973845481872559,0.19749946892261505,817.3185424804688,186.9273223876953,-7.280978202819824,0.24837693572044373,57.718994140625,13,1.9890834093093872,1.1399121284484863,-67.18302917480469,1162.2950651946878,2049.0958244629282,44.99322511151895,3.23422717845312,0.42423227429389954,0.42327603697776794,-59.03395462036133,0,9.01246452331543,0.0006573243299499154,143.34474182128906,11.934500694274902,44.99322511151895,3.2342271784531325
10700.8037109375,333.55511474609375,-10.073540687561035,0.0338517427444458,3984.638671875,115.6847152709961,-9.000972747802734,0.03152948245406151,9850.33984375,328.6998291015625,-9.983628273010254,0.03623915836215019,150.8884735107422,155,3.925459861755371,2.851768970489502,-42.58845520019531,1554.4123415437223,2083.117639901123,44.99567032966704,3.205660955786637,0.1302403211593628,0.12961357831954956,-45.22829818725586,3,12.342485427856445,0.0009002361330203712,8628.216796875,23.552759170532227,44.99567032966705,3.2056609557866254
1913.3243408203125,196.99635314941406,-8.204471588134766,0.11181483417749405,899.6097412109375,112.3101806640625,-7.385135173797607,0.13557973504066467,965.5616455078125,182.36729431152344,-7.461949825286865,0.2051146924495697,63.101524353027344,26,2.393740653991699,1.4120540618896484,-29.525548934936523,186.74259246073404,2062.038983976397,44.99428946512373,3.3052858259743907,0.3490853011608124,0.34862005710601807,10.220181465148926,0,11.014989852905273,0.0008033421472646296,89.2086410522461,14.362443923950195,44.99428946512372,3.3052858259744036
1416.516845703125,154.59420776367188,-7.878054141998291,0.11852263659238815,1070.9986572265625,112.60240936279297,-7.574472427368164,0.11417961120605469,2234.30224609375,318.30712890625,-8.372855186462402,0.1547156572341919,66.14956665039062,22,2.089446544647217,1.3569936752319336,-31.927257537841797,735.5314262990788,2063.7955387551356,44.99435014886289,3.2653145573167897,0.3280890882015228,0.3277079164981842,-87.64506530761719,3,10.084465026855469,0.0007354897097684443,2834.0380859375,12.5366792678833,44.994350148862885,3.2653145573168016
1298.38623046875,151.11866760253906,-7.783509731292725,0.12639911472797394,895.2412719726562,112.56777954101562,-7.379850387573242,0.1365538090467453,839.4462890625,133.07791137695312,-7.3099822998046875,0.1721642166376114,75.43433380126953,20,1.6400830745697021,1.158277153968811,59.92008590698242,950.5711141706381,2065.6025597836046,44.99445680059102,3.2496506950095987,0.20275944471359253,0.20235195755958557,86.73180389404297,0,6.026736259460449,0.0004395532887428999,283.8180847167969,9.840497970581055,44.994456800591024,3.2496506950095863
63195.30078125,268.1559143066406,-12.00171184539795,0.004608211573213339,52033.984375,162.22225952148438,-11.790718078613281,0.0033857368398457766,61333.75,243.5567626953125,-11.96924877166748,0.004312513861805201,3283.096923828125,186,2.2102181911468506,2.050828456878662,42.66552734375,1382.3953330621334,2092.17517382365,44.996351280971915,3.218193388981423,0.006851730402559042,0.006694341544061899,-86.94407653808594,0,3.68624210357666,0.0002688621752895415,62857.4375,13.261308670043945,44.99635128097191,3.2181933889814354
2117.029052734375,177.30455017089844,-8.314316749572754,0.09095422923564911,1459.875244140625,113.06517791748047,-7.910789489746094,0.0841090977191925,1576.2193603515625,173.84036254882812,-7.994041442871094,0.11977434158325195,77.80440521240234,33,2.1509740352630615,1.437788724899292,79.49089050292969,301.2223227166415,2076.0076883114484,44.99529688929617,3.2969484326315057,0.19042040407657623,0.18982765078544617,81.77133178710938,0,8.571860313415527,0.0006251611630432308,1076.515625,12.905843734741211,44.99529688929617,3.2969484326315053
7542.15380859375,231.2895965576172,-9.69373893737793,0.033303551375865936,4545.39794921875,116.6297378540039,-9.143929481506348,0.027865523472428322,6898.3486328125,242.359375,-9.59686279296875,0.03815438970923424,154.50050354003906,94,2.5162248611450195,2.3799188137054443,39.99112319946289,1354.5285763839238,2079.189129913533,44.99540459713237,3.220223394567609,0.0880870521068573,0.08797576278448105,-82.87969970703125,0,7.9800214767456055,0.0005820340593345463,6422.30859375,15.097349166870117,44.99540459713237,3.220223394567609
921.4432373046875,129.9266815185547,-7.4111714363098145,0.15312975645065308,762.1906127929688,112.10183715820312,-7.2051591873168945,0.15972723066806793,688.0277099609375,113.97442626953125,-7.094014644622803,0.17990006506443024,53.72747802734375,14,1.7182241678237915,0.7786197066307068,79.45260620117188,2022.880915204665,2069.4106108806086,44.994620923791686,3.171526996512705,0.2946021258831024,0.29350346326828003,-86.39701080322266,0,6.908076763153076,0.0005038921954110265,165.37847900390625,10.309345245361328,44.99462092379169,3.1715269965126924
1951.3170166015625,185.91612243652344,-8.22581958770752,0.10347109287977219,1104.2161865234375,112.59828186035156,-7.607635498046875,0.11074075102806091,1320.822998046875,171.5025177001953,-7.802111625671387,0.14101187884807587,64.30462646484375,30,2.0070154666900635,1.5014594793319702,-47.172393798828125,843.1610963685449,2074.610995347267,44.9951283672952,3.257474952630107,0.2494523823261261,0.2488582879304886,-15.256999969482422,0,9.411161422729492,0.000686387880705297,687.0740966796875,12.042093276977539,44.9951283672952,3.257474952630107
633.7354125976562,112.29800415039062,-7.004769802093506,0.19243934750556946,381.5021057128906,111.95330047607422,-6.453742504119873,0.3186909854412079,234.72750854492188,189.7805633544922,-5.92641019821167,0.8780466318130493,53.35449981689453,9,1.2246906757354736,1.1561216115951538,-62.812416076660156,1988.0297898125295,2074.1687199923863,44.994972185939105,3.174066534388636,0.33696433901786804,0.33543139696121216,78.72608184814453,3,7.108766078948975,0.0005185286281630397,578.0451049804688,7.348144054412842,44.9949721859391,3.1740665343886603
1675.859619140625,178.24017333984375,-8.06059455871582,0.1155042052268982,759.4599609375,111.92268371582031,-7.2012619972229,0.16004535555839539,833.7066040039062,156.06776428222656,-7.302533149719238,0.2032964527606964,57.05540084838867,18,2.390324592590332,1.0422025918960571,81.19268798828125,1442.310321741078,2087.3328405973416,44.9959906091948,3.213828286201743,0.2903123199939728,0.2894057035446167,-75.14816284179688,0,9.449430465698242,0.0006892140372656286,358.7083435058594,14.341947555541992,44.9959906091948,3.2138282862017427
834.8064575195312,130.1522674560547,-7.303964614868164,0.1693151295185089,320.6927795410156,111.5276107788086,-6.265223026275635,0.3776791989803314,287.33935546875,120.8568115234375,-6.1459879875183105,0.45677870512008667,39.1289176940918,10,2.0766632556915283,0.7593041062355042,-0.004415753297507763,1988.7358068635906,2077.3349429572418,44.99520366038229,3.1740150891525976,0.6108307242393494,0.608549177646637,-33.3728141784668,19,7.505650043487549,0.0005474782665260136,174.334716796875,12.459980010986328,44.995203660382295,3.1740150891525856
4984.5419921875,221.8571319580078,-9.244063377380371,0.048336807638406754,2948.113525390625,115.03325653076172,-8.673860549926758,0.04237493500113487,4115.87548828125,230.893798828125,-9.036155700683594,0.06092280149459839,128.71524047851562,71,2.565880537033081,2.1442034244537354,-40.45490264892578,1349.548286449306,2104.361734589661,44.99724616484063,3.2205865563807996,0.12304896861314774,0.12252209335565567,-40.98687744140625,0,8.425643920898438,0.0006145365769043565,2982.5322265625,15.395282745361328,44.99724616484063,3.2205865563808125
840.8768310546875,120.6702651977539,-7.311830997467041,0.1558467298746109,488.5979919433594,111.77365112304688,-6.722379207611084,0.24843774735927582,557.5724487304688,118.0684814453125,-6.865753173828125,0.22996540367603302,56.460182189941406,13,1.351136565208435,1.053834080696106,56.5719108581543,1063.6088261860987,2089.093948231368,44.99616183097685,3.241416895219192,0.24988237023353577,0.24965035915374756,69.67964172363281,0,4.9193220138549805,0.00035878841299563646,-68.69635772705078,8.106819152832031,44.996161830976845,3.241416895219204
3819.701416015625,228.15118408203125,-8.955073356628418,0.06486690044403076,2147.6943359375,113.87908935546875,-8.329931259155273,0.05758393555879593,3458.427734375,220.12835693359375,-8.847196578979492,0.06912372261285782,97.01354217529297,59,2.711698293685913,1.8558062314987183,-76.11076354980469,1463.2918032276311,2107.606087624474,44.99747101266561,3.2122999103257883,0.18007324635982513,0.17966590821743011,-77.13946533203125,2,10.407434463500977,0.0007590907043777406,2521.988525390625,16.27018928527832,44.99747101266561,3.2122999103257883
607.495361328125,107.83612060546875,-6.958857536315918,0.1927751749753952,366.4815673828125,111.67096710205078,-6.410130500793457,0.330916166305542,368.54205322265625,162.6300811767578,-6.416217803955078,0.4792296290397644,47.21337127685547,5,1.0977391004562378,0.6001536250114441,15.338008880615234,1928.9668073930616,2089.541117951982,44.99610203820212,3.1783703002226718,0.44835659861564636,0.4471082389354706,18.15152931213379,2,4.821655750274658,0.0003516993310768157,386.3568115234375,6.586434364318848,44.996102038202125,3.1783703002226598
22275.6875,326.2790832519531,-10.869577407836914,0.015906987711787224,11380.109375,124.24952697753906,-10.140365600585938,0.011857090517878532,21435.529296875,344.6574401855469,-10.827835083007812,0.017461569979786873,523.718017578125,225,3.519078493118286,3.373260021209717,-88.97130584716797,1453.0218657029902,2140.683212334716,44.99989119286363,3.213048507211999,0.041734568774700165,0.041367653757333755,79.73992156982422,0,5.563549518585205,0.0004057908954564482,20294.90625,21.114471435546875,44.99989119286362,3.2130485072120236
3726.519775390625,186.2688751220703,-8.928258895874023,0.05428335443139076,2661.283203125,114.4830551147461,-8.562727928161621,0.04671753942966461,3000.622802734375,184.52804565429688,-8.693028450012207,0.0667852908372879,164.0083770751953,52,1.9071420431137085,1.8544087409973145,-35.92674255371094,690.9456963146382,2111.617866998099,44.99785349371019,3.268563339004137,0.09761209785938263,0.09733451157808304,-4.597740650177002,0,6.2727274894714355,0.00045748736010864377,3075.19287109375,11.442852020263672,44.99785349371018,3.2685633390041495
2998.012939453125,198.0232696533203,-8.692083358764648,0.07173193246126175,1885.3306884765625,113.56932067871094,-8.188468933105469,0.06541890650987625,2384.81640625,201.33103942871094,-8.44363784790039,0.0916823223233223,92.0958251953125,46,2.4897665977478027,1.7130961418151855,72.5815200805664,20.547625169878714,2113.1718047242166,44.99805127579044,3.3173915863074637,0.1730622500181198,0.17259541153907776,-67.39886474609375,0,10.985757827758789,0.0008012074395082891,1155.6717529296875,14.938599586486816,44.99805127579044,3.317391586307475
1820.115234375,186.49513244628906,-8.150247573852539,0.11127521842718124,859.5782470703125,112.39384460449219,-7.3357133865356445,0.14199954271316528,951.1285400390625,188.98818969726562,-7.445598125457764,0.21578699350357056,57.337894439697266,27,2.4062628746032715,1.5274227857589722,34.341304779052734,1246.3837922009302,2105.972285570656,44.99737544922788,3.228102289900918,0.384350061416626,0.3837520480155945,42.53812026977539,0,11.487957000732422,0.0008378823986276984,-425.2658996582031,14.437577247619629,44.99737544922788,3.228102289900918
3580.155029296875,164.79481506347656,-8.884754180908203,0.04998866468667984,2888.994384765625,114.83563232421875,-8.651866912841797,0.04316778853535652,3164.14111328125,177.1600341796875,-8.750639915466309,0.0608050636947155,170.39903259277344,46,1.8989776372909546,1.682098388671875,-82.63189697265625,1912.6282761681903,2120.0459977115997,44.998334426784496,3.1795608862626406,0.09189581871032715,0.09166768938302994,-62.18476486206055,0,5.441152095794678,0.00039688654942438006,2717.37060546875,11.393865585327148,44.998334426784496,3.1795608862626406
1997.8076171875,184.1461944580078,-8.251383781433105,0.10010111331939697,924.5562744140625,112.29615020751953,-7.4148335456848145,0.13190501928329468,1346.120849609375,221.07525634765625,-7.822710037231445,0.17835526168346405,82.93032836914062,21,2.2631020545959473,1.0000413656234741,-85.76945495605469,301.106074973384,2136.0870115329976,44.99969177216896,3.296958719673769,0.3439500629901886,0.3428378999233246,-80.43221282958984,2,9.004093170166016,0.0006566833471879363,2157.86572265625,13.578612327575684,44.99969177216896,3.2969587196737695
2858.766357421875,195.12765502929688,-8.640446662902832,0.07412590086460114,1824.185791015625,113.32329559326172,-8.15267276763916,0.06746522337198257,2116.69384765625,177.06114196777344,-8.3141450881958,0.09084374457597733,115.32255554199219,38,2.0290486812591553,1.5559495687484741,18.97612953186035,1836.6289359935952,2129.21660113699,44.999012577954815,3.1850986716516876,0.1476169377565384,0.14729951322078705,82.36921691894531,2,7.447141170501709,0.000543201167602092,1676.7208251953125,12.174291610717773,44.999012577954815,3.185098671651687
1223.804443359375,143.87393188476562,-7.719280242919922,0.12767325341701508,744.8765258789062,112.08110046386719,-7.180210590362549,0.16340972483158112,1023.1101684570312,187.73211669921875,-7.524806022644043,0.19927187263965607,55.39757537841797,13,1.5611687898635864,1.173607349395752,-62.330238342285156,387.9049846954099,2137.281477389196,44.99976819661788,3.290636785400872,0.4464893937110901,0.44595688581466675,58.142425537109375,2,8.0956392288208,0.0005904296995140612,791.1649780273438,9.367012977600098,44.99976819661787,3.2906367854008836
4342.70068359375,175.07215881347656,-9.094399452209473,0.043781135231256485,3253.29443359375,115.21807098388672,-8.780808448791504,0.03846157714724541,3629.9560546875,168.25404357910156,-8.89975357055664,0.0503377690911293,202.69845581054688,49,1.8490420579910278,1.565800428390503,-59.900760650634766,279.65079070205707,2141.582219622197,45.00009646981448,3.2985215600056574,0.07490833103656769,0.07470857352018356,82.01803588867188,0,5.573825836181641,0.0004065080138389021,3507.48095703125,11.094252586364746,45.00009646981447,3.298521560005669
1138.509521484375,146.80606079101562,-7.640841484069824,0.14003518223762512,603.4826049804688,112.13140869140625,-6.951662063598633,0.20178662240505219,1966.7152099609375,336.2557373046875,-8.234354019165039,0.18567697703838348,59.78083801269531,17,3.3147196769714355,1.0909000635147095,58.73593521118164,309.5345018472149,2143.215980832436,45.000212191996845,3.2963450596893464,0.4846688210964203,0.48327136039733887,-71.23006439208984,3,11.394468307495117,0.0008310175035148859,432.5614929199219,19.888317108154297,45.000212191996845,3.2963450596893464
769.5411987304688,123.48116302490234,-7.215579509735107,0.17426037788391113,227.99822998046875,111.50433349609375,-5.894828796386719,0.5311168432235718,355.4671630859375,207.82337951660156,-6.3769989013671875,0.6349284052848816,42.85044860839844,11,2.8988535404205322,0.7080205678939819,63.46882247924805,1989.1921745111363,2146.5252105123523,45.000263391727195,3.1739818462388607,0.9682535529136658,0.9674037098884583,71.31684112548828,0,8.571916580200195,0.0006252581952139735,-450.1866455078125,17.39312171936035,45.000263391727195,3.173981846238849
2386.738037109375,182.79544067382812,-8.444511413574219,0.08317454159259796,1565.641357421875,113.06010437011719,-7.986730575561523,0.0784236267209053,1950.063720703125,179.69677734375,-8.225122451782227,0.10007401555776596,80.62557220458984,37,2.3284666538238525,1.455324649810791,82.93383026123047,1651.312744343598,2148.537835835009,45.000444483604504,3.1986014471086177,0.20576688647270203,0.20451611280441284,-89.37841033935547,0,9.333391189575195,0.0006807700265198946,954.9208984375,13.970800399780273,45.000444483604504,3.1986014471086177
709.6412963867188,110.09707641601562,-7.127597332000732,0.16848713159561157,396.641845703125,111.6190185546875,-6.495996475219727,0.30561134219169617,398.964111328125,87.98368835449219,-6.5023345947265625,0.23949594795703888,55.97895812988281,7,1.0406924486160278,0.7285117506980896,9.476899147033691,984.2763112186939,2139.925792688758,44.99988890968102,3.2471969452332745,0.31423860788345337,0.31349432468414307,-13.1348295211792,2,5.17964506149292,0.0003777730744332075,145.48379516601562,6.244154930114746,44.99988890968102,3.247196945233262
1563.537109375,166.87269592285156,-7.9852705001831055,0.11590626835823059,1293.0146484375,112.64845275878906,-7.779008388519287,0.09461317211389542,2595.357421875,306.6408996582031,-8.535492897033691,0.1283106505870819,60.24203872680664,24,2.3444464206695557,1.3176847696304321,-28.597900390625,310.05883755371264,2144.0513304641813,45.00027323163826,3.296306895504036,0.32528963685035706,0.3250901401042938,-38.38352584838867,3,10.5283842086792,0.0007678523543290794,2210.95654296875,14.066679000854492,45.00027323163825,3.296306895504048
1219.199951171875,134.29241943359375,-7.7151875495910645,0.11962071061134338,836.4781494140625,112.3224105834961,-7.306136608123779,0.1458282321691513,745.9495239257812,134.82260131835938,-7.181773662567139,0.19628317654132843,82.33197021484375,19,1.568325400352478,1.2466578483581543,-80.49241638183594,494.22674837056894,2149.934604688789,45.00068043638248,3.2828930677946824,0.18468008935451508,0.18450452387332916,-27.267284393310547,0,6.310333728790283,0.00046022573951631784,564.4443969726562,9.409952163696289,45.00068043638248,3.2828930677946824
1389.109130859375,160.3998565673828,-7.856841087341309,0.12539997696876526,922.76416015625,112.25013732910156,-7.412726879119873,0.13210704922676086,1059.8160400390625,149.82591247558594,-7.563076019287109,0.15352752804756165,60.69649124145508,21,1.6451228857040405,1.3789219856262207,85.22867584228516,1363.4601484211655,2151.4030798533818,45.000685011232896,3.219573653604705,0.3138432800769806,0.3134616017341614,-62.527496337890625,0,9.01469612121582,0.0006575025035999715,134.65411376953125,9.870737075805664,45.000685011232896,3.219573653604693
3738.878662109375,146.8028106689453,-8.931853294372559,0.042640551924705505,3245.7900390625,114.9953842163086,-8.778301239013672,0.038475990295410156,3499.653076171875,154.40786743164062,-8.860062599182129,0.04791530594229698,228.68283081054688,42,1.6813479661941528,1.4433503150939941,45.291133880615234,739.966961869527,2160.5990998491584,45.00143021542343,3.2649937906095046,0.07046759873628616,0.0703490823507309,-61.813716888427734,0,4.167395114898682,0.00030394046916626394,2909.551513671875,10.088088035583496,45.00143021542343,3.264993790609504
1476.7921142578125,155.99374389648438,-7.923298358917236,0.11471432447433472,1008.0311279296875,112.57106018066406,-7.508685111999512,0.12127816677093506,1579.93212890625,226.17111206054688,-7.996595859527588,0.15546353161334991,65.60735321044922,23,2.3097622394561768,1.2611100673675537,-18.90688133239746,1703.3160432842105,2155.308848458616,45.00093425504536,3.194812456916757,0.3451174199581146,0.3436959981918335,-24.092823028564453,3,10.222021102905273,0.0007455914164893329,1599.895263671875,13.858573913574219,45.00093425504536,3.194812456916769
4144.513671875,202.12498474121094,-9.043684005737305,0.05296344682574272,2723.936767578125,114.72836303710938,-8.587992668151855,0.04574078693985939,3537.326171875,207.50906372070312,-8.871687889099121,0.06370767951011658,122.49629211425781,59,2.333056688308716,1.8784518241882324,-26.00969696044922,450.91280148881054,2166.0883334155023,45.0018674567753,3.286048379861842,0.11464750021696091,0.11412204056978226,-41.801204681396484,0,7.4042744636535645,0.000540008011739701,2623.492431640625,13.998340606689453,45.0018674567753,3.286048379861842
577.0682983398438,96.61299133300781,-6.9030680656433105,0.18181852996349335,436.45184326171875,111.93121337890625,-6.5998406410217285,0.27851250767707825,625.5419921875,221.75047302246094,-6.990641117095947,0.384979784488678,48.31727600097656,9,2.7219953536987305,0.5267086625099182,-25.20283317565918,1702.2106065076564,2152.6764633735415,45.000741860214774,3.1948929846831544,0.46690797805786133,0.4649546146392822,-38.28525161743164,19,7.15376615524292,0.000521793554071337,491.00531005859375,16.331972122192383,45.000741860214774,3.1948929846831424
576.9368286132812,96.40142822265625,-6.902820587158203,0.18146172165870667,631.1459350585938,111.81269836425781,-7.000324726104736,0.19239383935928345,942.3766479492188,187.6743621826172,-7.435561180114746,0.21627695858478546,57.328636169433594,9,1.4722305536270142,0.5898389220237732,11.716704368591309,309.61208935336845,2144.5811777486656,45.000312046676164,3.2963394501953127,0.29153549671173096,0.2903665602207184,49.03208923339844,19,5.549882888793945,0.00040476201684214175,1426.82373046875,8.833383560180664,45.00031204667616,3.296339450195324
39448.51171875,648.8430786132812,-11.490077018737793,0.017862360924482346,5669.9404296875,117.66642761230469,-9.383946418762207,0.02253740280866623,35062.76171875,657.4500122070312,-11.362114906311035,0.0203632190823555,185.6370086669922,555,6.784732341766357,6.564152240753174,57.92365264892578,1985.9493720879902,2242.5483695942166,45.00728566604582,3.174218160669482,0.13636110723018646,0.13588353991508484,-9.061760902404785,2,24.004549026489258,0.0017509720055386424,31910.04296875,40.70839309692383,45.00728566604582,3.174218160669482
1088.9417724609375,130.8524932861328,-7.5925116539001465,0.1304989904165268,840.4190063476562,112.32711791992188,-7.311239719390869,0.14515051245689392,955.64990234375,143.002685546875,-7.450747013092041,0.16250817477703094,50.21700668334961,17,2.1103196144104004,0.9911900758743286,-11.342684745788574,880.7702417738134,2155.422720381815,45.0010346304746,3.2547371644950216,0.3369426727294922,0.3359545171260834,-17.884716033935547,16,8.65410327911377,0.0006311751203611493,389.5721130371094,12.661917686462402,45.00103463047459,3.254737164495033
721.7410888671875,114.55207061767578,-7.14595365524292,0.17236588895320892,498.5730285644531,111.65338134765625,-6.744321823120117,0.2432052344083786,456.43646240234375,144.25054931640625,-6.64845085144043,0.34321555495262146,54.43088912963867,11,1.8613507747650146,1.1664024591445923,-17.6602783203125,1536.7159571755385,2162.9355077366004,45.00150954348407,3.2069510369272014,0.5224472284317017,0.5198827981948853,-24.538726806640625,0,8.817808151245117,0.0006431551882997155,353.178955078125,11.16810417175293,45.00150954348407,3.2069510369272014
791.3956909179688,120.68405151367188,-7.245984077453613,0.16560979187488556,610.843505859375,112.00838470458984,-6.964824676513672,0.19913628697395325,665.443603515625,130.09315490722656,-7.057778358459473,0.212311252951622,62.815826416015625,12,1.484687328338623,1.2073613405227661,89.98119354248047,902.5297547456619,2162.1307427902566,45.00152266640301,3.2531522522487193,0.36280912160873413,0.36164000630378723,-81.17352294921875,1,8.006900787353516,0.0005839732475578785,426.27410888671875,8.908123970031738,45.001522666403005,3.2531522522487313
2280.19677734375,153.7623748779297,-8.394930839538574,0.07323312759399414,1828.4732666015625,113.5020751953125,-8.155221939086914,0.06741321086883545,2297.843994140625,155.7492218017578,-8.403301239013672,0.07360971719026566,123.57950592041016,29,1.5043673515319824,1.2319718599319458,46.43336486816406,1385.8189836583338,2168.5460550102507,45.00193628572414,3.2179449351746663,0.1469026654958725,0.146301731467247,51.992794036865234,2,4.3649797439575195,0.00031836843118071556,2030.5582275390625,9.026204109191895,45.00193628572414,3.2179449351746663
998.28564453125,136.7624969482422,-7.4981369972229,0.14877913892269135,648.4351806640625,111.96549987792969,-7.029666423797607,0.18751995265483856,677.060791015625,117.15799713134766,-7.076569080352783,0.187920480966568,61.807315826416016,15,1.592302680015564,0.8924906849861145,-69.70296478271484,655.375211795049,2174.0350727201394,45.00242332018178,3.2711558648579895,0.2974502146244049,0.2972005307674408,72.66930389404297,0,6.860968589782715,0.0005003883270546794,291.2264709472656,9.553815841674805,45.00242332018178,3.271155864857989
1243.1175537109375,149.76785278320312,-7.73628044128418,0.13083870708942413,901.4261474609375,112.26849365234375,-7.387325286865234,0.1352563202381134,1009.982421875,161.64247131347656,-7.51078462600708,0.17380869388580322,54.7853889465332,19,2.0096211433410645,1.3732938766479492,37.53153610229492,1097.370865425907,2176.6709550392784,45.00256320230917,3.2389590165004587,0.36185404658317566,0.36166465282440186,27.778907775878906,0,9.948508262634277,0.000725593592505902,356.8121643066406,12.057726860046387,45.00256320230917,3.2389590165004587
2797.763671875,232.91415405273438,-8.617027282714844,0.09040962904691696,1036.2913818359375,112.6047592163086,-7.538704872131348,0.11800616979598999,1403.5362548828125,172.9966583251953,-7.868059158325195,0.133857861161232,54.25149917602539,18,2.254084348678589,1.4103553295135498,-9.196666717529297,1582.6389268997139,2183.2992275904303,45.00299388769112,3.2036053233797186,0.2852451205253601,0.2844698429107666,35.28755569458008,2,10.681021690368652,0.0007790604140609503,482.2129211425781,13.524505615234375,45.002993887691126,3.203605323379706
1499.9757080078125,163.72515869140625,-7.940210342407227,0.11853893101215363,780.9080810546875,112.080322265625,-7.231499671936035,0.15586882829666138,740.045654296875,151.1768798828125,-7.1731462478637695,0.22184859216213226,53.55881118774414,23,2.06555438041687,1.1235159635543823,-20.081035614013672,329.60449260917335,2202.908783718765,45.004576144936934,3.294885084321006,0.2535741627216339,0.25258737802505493,-0.7755194902420044,0,8.695959091186523,0.0006342098349705338,-93.90705871582031,12.393325805664062,45.004576144936934,3.294885084321006
29205.32421875,451.1380310058594,-11.163655281066895,0.016775567084550858,6281.02392578125,118.69412231445312,-9.495076179504395,0.02052242122590542,25860.349609375,495.05145263671875,-11.031585693359375,0.020789582282304764,224.9541778564453,351,9.045463562011719,2.784241199493408,-73.654541015625,1550.6631289556515,2301.082979887247,45.01161103755117,3.205936182740087,0.12363065034151077,0.12115888297557831,-72.72383117675781,0,26.281970977783203,0.0019169816514477134,7906.330078125,54.27278137207031,45.01161103755117,3.205936182740087
2498.02685546875,197.2638397216797,-8.493992805480957,0.08575909584760666,1529.5166015625,113.23487854003906,-7.961385726928711,0.08039996027946472,2127.57666015625,194.94236755371094,-8.31971263885498,0.09950636327266693,68.08706665039062,36,2.33332896232605,1.6935887336730957,31.742395401000977,1455.2990136809422,2216.8636424741853,45.00546229106565,3.2128834731123943,0.25176355242729187,0.25124675035476685,26.47933578491211,2,11.913545608520508,0.0008689473033882678,1163.9954833984375,13.99997329711914,45.00546229106565,3.2128834731123943
2356.45166015625,215.31822204589844,-8.430645942687988,0.09923207759857178,992.0479736328125,112.50822448730469,-7.491331577301025,0.12316333502531052,1185.517333984375,200.5295867919922,-7.684769630432129,0.18369628489017487,57.723392486572266,29,2.525008201599121,1.6578878164291382,-62.26885223388672,362.381076913346,2216.8188077305754,45.005589468207035,3.2924982001112197,0.36411428451538086,0.3634483218193054,-69.02467346191406,0,12.263114929199219,0.0008943686843849719,-35.03935623168945,15.150049209594727,45.005589468207035,3.2924982001112197
13423.353515625,425.37408447265625,-10.319652557373047,0.034414369612932205,3122.239013671875,114.89390563964844,-8.736165046691895,0.039963237941265106,10419.6337890625,394.93096923828125,-10.044631004333496,0.041162196546792984,118.9400405883789,178,4.82373571395874,3.3385488986968994,-26.353336334228516,1587.731514747343,2272.721443530809,45.0095329300802,3.203235061194739,0.18232443928718567,0.1818435788154602,-39.3438606262207,2,18.828107833862305,0.0013733080122619867,6189.60791015625,28.942413330078125,45.0095329300802,3.2032350611947393
6599.85302734375,173.93089294433594,-9.548835754394531,0.028620176017284393,5384.681640625,117.55013275146484,-9.327899932861328,0.023707889020442963,6136.92333984375,180.08407592773438,-9.469876289367676,0.03186797350645065,344.55914306640625,65,1.9165096282958984,1.6771314144134521,-59.17593765258789,601.7469015951343,2230.48130067537,45.00655867428773,3.27506363634849,0.04409634694457054,0.04392640292644501,-69.77850341796875,0,4.09623384475708,0.0002987480547744781,5722.79150390625,11.49905776977539,45.00655867428773,3.27506363634849
992.8485717773438,135.69219970703125,-7.4922075271606445,0.14842316508293152,722.7208862304688,112.18633270263672,-7.147426605224609,0.16857734322547913,684.1179809570312,214.4473114013672,-7.087827682495117,0.3404234051704407,61.21125411987305,15,1.4643031358718872,1.3904439210891724,57.125667572021484,412.55248318875016,2219.4927593823504,45.005778689273605,3.288843971332648,0.36004921793937683,0.35958167910575867,-38.159400939941406,0,8.537332534790039,0.000622642517555505,782.7784423828125,8.785819053649902,45.005778689273605,3.288843971332648
1857.606201171875,170.9043731689453,-8.172384262084961,0.09991469234228134,901.9589233398438,112.31298828125,-7.387967109680176,0.13523000478744507,922.3262329101562,132.23361206054688,-7.4122114181518555,0.1556994616985321,72.15986633300781,19,1.7128558158874512,1.0850569009780884,-32.28765106201172,1649.6590387364906,2245.204141661977,45.0075139774074,3.1987226590435514,0.2155296802520752,0.21522392332553864,-65.36077117919922,0,6.997939586639404,0.0005104276351630688,-93.8232192993164,10.277134895324707,45.00751397740739,3.198722659043564
23518.93359375,194.9370574951172,-10.928544044494629,0.009001328609883785,20064.5625,133.1568145751953,-10.756073951721191,0.007207149174064398,23116.654296875,199.86305236816406,-10.909811973571777,0.009389389306306839,1305.3160400390625,101,1.893439769744873,1.8511972427368164,-63.69866943359375,684.9942949863331,2241.9113070994713,45.007384374605024,3.269000107132706,0.014072633348405361,0.013964977115392685,-85.44881439208984,0,3.6433119773864746,0.0002657166915014386,23024.7890625,11.360638618469238,45.007384374605024,3.2690001071327064
3008.567626953125,241.78671264648438,-8.69589900970459,0.08727753907442093,1356.0552978515625,112.76725006103516,-7.830693244934082,0.09030991792678833,2161.372314453125,388.32672119140625,-8.336824417114258,0.19511808454990387,62.222599029541016,44,2.4941303730010986,1.8615097999572754,37.96607208251953,1997.5750211440686,2232.0238682315285,45.006514910124274,3.1733709821139726,0.2591169774532318,0.25861111283302307,30.6303653717041,3,12.916800498962402,0.0009421954164281487,4256.36474609375,14.96478271484375,45.006514910124274,3.173370982113972
965.9544067382812,127.72904205322266,-7.462391376495361,0.14360278844833374,745.5037841796875,112.12578582763672,-7.181124687194824,0.1633373349905014,637.513427734375,155.1070556640625,-7.011223316192627,0.2642238736152649,61.90846633911133,15,2.0288848876953125,1.2488903999328613,-52.009132385253906,40.15370830514963,2228.2675671168645,45.00646850860191,3.3159675978661904,0.35509639978408813,0.3536815047264099,-61.535064697265625,0,8.576457977294922,0.00062548991991207,-48.554691314697266,12.173309326171875,45.00646850860191,3.3159675978661904
9716.2861328125,293.1191711425781,-9.968750953674316,0.032762251794338226,4441.3408203125,116.34066772460938,-9.11878490447998,0.028447706252336502,8860.1396484375,300.0785217285156,-9.86860179901123,0.036781053990125656,196.19015502929688,133,3.734046220779419,2.4904470443725586,-88.49327087402344,329.19688073852654,2269.522802477153,45.009448895826885,3.294916817148632,0.10683295875787735,0.10642927885055542,78.39729309082031,0,10.501788139343262,0.0007659103139303625,7165.673828125,22.404277801513672,45.009448895826885,3.294916817148631
772.078857421875,105.17858123779297,-7.219154357910156,0.14794336259365082,659.7900390625,112.1109848022461,-7.048514366149902,0.18453224003314972,657.025634765625,106.10391235351562,-7.0439558029174805,0.17537952959537506,70.51041412353516,12,1.1311088800430298,1.0792956352233887,12.74583911895752,1834.9645868443945,2225.0915182006847,45.00602402168046,3.1852202815307504,0.21905814111232758,0.21862785518169403,-5.769226551055908,0,4.57485294342041,0.0003336966910865158,474.5658264160156,6.786653518676758,45.00602402168046,3.1852202815307504
2797.03564453125,161.204833984375,-8.616744995117188,0.06259071081876755,2183.015625,113.6610336303711,-8.347641944885254,0.0565437451004982,2370.5751953125,164.2747344970703,-8.437134742736816,0.07525699585676193,148.17626953125,39,1.8374136686325073,1.5161052942276,59.49361038208008,522.7673749610229,2235.483141034538,45.00693441453658,3.2808166074794265,0.11083485931158066,0.11071353405714035,-33.790653228759766,0,6.093420028686523,0.0004444057703949511,1569.1790771484375,11.024481773376465,45.00693441453657,3.2808166074794385
1805.0040283203125,188.57432556152344,-8.141195297241211,0.11345776170492172,765.3157348632812,112.28118133544922,-7.209601402282715,0.15932948887348175,662.4906616210938,168.08119201660156,-7.05294942855835,0.2755301892757416,52.43714904785156,14,1.7314701080322266,0.9025598764419556,14.235663414001465,1599.850194929522,2229.8862543368905,45.00639904485769,3.2023517064979177,0.309396892786026,0.3089132308959961,22.540756225585938,3,7.47180700302124,0.0005449872114695609,614.062255859375,10.38882064819336,45.00639904485769,3.2023517064979172
5724.82763671875,223.6443328857422,-9.39440631866455,0.04242533817887306,3517.640380859375,115.31237030029297,-8.865628242492676,0.03560035303235054,5193.2451171875,226.13865661621094,-9.288597106933594,0.047289617359638214,156.80978393554688,78,2.5369551181793213,2.0638554096221924,-82.6015625,347.11654078096166,2256.236429943212,45.008474730844036,3.293611206750483,0.10202320665121078,0.10168392956256866,-74.64390563964844,2,7.009123802185059,0.0005111858481541276,4694.369140625,15.221731185913086,45.008474730844036,3.2936112067504943
2370.01806640625,191.48904418945312,-8.43687915802002,0.08774494379758835,1343.656005859375,112.66509246826172,-7.820720195770264,0.09106072783470154,1360.5966796875,177.87667846679688,-7.834323406219482,0.1419774740934372,102.57347106933594,24,2.1016080379486084,1.5206208229064941,83.38804626464844,1907.4207948125747,2245.017359290361,45.0074739241036,3.1799405777632357,0.19730544090270996,0.19661058485507965,80.39745330810547,2,10.27702808380127,0.0007496317848563194,1004.1807861328125,12.609647750854492,45.00747392410359,3.1799405777632477
748.341552734375,123.27415466308594,-7.1852498054504395,0.17889656126499176,263.8221130371094,111.37071228027344,-6.053277969360352,0.45844751596450806,228.55029296875,104.38733673095703,-5.897454261779785,0.4960162043571472,35.35134506225586,9,1.792562484741211,0.6121043562889099,-58.81037521362305,1605.3473317982307,2232.234285483857,45.00657017432111,3.201951197960016,0.3293323814868927,0.3289484977722168,-1.3219788074493408,2,6.248960494995117,0.00045579421566799283,154.85289001464844,10.755374908447266,45.00657017432111,3.201951197960016
1987.7740478515625,172.52430725097656,-8.245917320251465,0.09425688534975052,1282.2017822265625,112.89761352539062,-7.769890785217285,0.09562209248542786,1405.479248046875,175.82205200195312,-7.869561195373535,0.13585597276687622,70.0771484375,31,2.107536792755127,1.4975191354751587,19.95270347595215,168.99194910428804,2240.834478253776,45.00737104436618,3.3065844081808176,0.21875792741775513,0.21832051873207092,12.680752754211426,0,10.642171859741211,0.0007761457818560302,399.0085754394531,12.645220756530762,45.00737104436618,3.3065844081808295
5991273.0,1424.5909423828125,-16.943798065185547,0.0002582265587989241,2493657.25,825.8504028320312,-15.99209213256836,0.0003596619062591344,5897870.0,1311.503662109375,-16.926738739013672,0.0002414927730569616,54038.35546875,1558,5.23419713973999,2.7391483783721924,89.26190948486328,1707.3535707948595,2351.6759732922415,45.01529417064851,3.1945194951256615,0.0012707317946478724,0.0009788158349692822,88.72386169433594,4,22.721378326416016,0.0016573186730965972,5992810.5,31.405181884765625,45.01529417064851,3.194519495125662
1986.59716796875,178.26104736328125,-8.245274543762207,0.09744879603385925,1277.5308837890625,112.71741485595703,-7.765928268432617,0.09581851959228516,1506.583251953125,173.0766143798828,-7.944983005523682,0.12475991994142532,81.97052001953125,31,2.1684908866882324,1.4312744140625,87.56343841552734,1919.1623088251104,2252.985138543415,45.00805542917317,3.1790849909105123,0.24023377895355225,0.23973320424556732,46.64823532104492,0,8.838652610778809,0.0006447146879509091,378.345458984375,13.010945320129395,45.00805542917317,3.1790849909105243
1291.8807373046875,149.0606231689453,-7.7780561447143555,0.12530556321144104,755.350341796875,112.1375732421875,-7.195371150970459,0.16122505068778992,758.764404296875,144.5316925048828,-7.200267314910889,0.20686450600624084,75.24209594726562,20,1.9817888736724854,1.1243181228637695,-14.397012710571289,1192.0650001530532,2244.1543892442774,45.00748778358857,3.2320616865480827,0.27817946672439575,0.27778705954551697,6.556782245635986,0,8.933697700500488,0.0006515858694911003,-700.63134765625,11.89073371887207,45.007487783588566,3.232061686548095
3366.558837890625,143.4373779296875,-8.817965507507324,0.04627068713307381,2908.075439453125,114.94367218017578,-8.659013748168945,0.04292489215731621,3233.170166015625,155.76502990722656,-8.77407169342041,0.05232042074203491,203.75360107421875,39,1.641108751296997,1.4954251050949097,8.080496788024902,1408.7591395171098,2250.8241602234607,45.00795106371022,3.216274644190595,0.0758972093462944,0.07554782181978226,82.509765625,0,4.141446113586426,0.00030206673545762897,2810.7998046875,9.84665298461914,45.007951063710216,3.216274644190606
2013.2088623046875,143.42066955566406,-8.259721755981445,0.07736646384000778,1653.1337890625,113.2944564819336,-8.045769691467285,0.07442699372768402,1687.6776123046875,147.0761260986328,-8.06822395324707,0.09464170038700104,107.96131896972656,29,1.5197932720184326,1.4871330261230469,30.74559783935547,1092.3944212276554,2257.5469084788333,45.00847884935805,3.239323027697276,0.13463114202022552,0.1344088315963745,82.33956146240234,0,5.789240837097168,0.00042223866330459714,1499.5732421875,9.118759155273438,45.00847884935805,3.239323027697276
7977.021484375,131.34190368652344,-9.75460147857666,0.01788102276623249,4335.47607421875,116.26078796386719,-9.092592239379883,0.02912234142422676,7242.70849609375,132.13345336914062,-9.649752616882324,0.019812606275081635,615.6126098632812,30,3.1923704147338867,0.5446634888648987,14.207789421081543,1279.2793729957802,2306.277586383527,45.012021157739035,3.2257087904697044,0.08096195012331009,0.07737596333026886,15.200210571289062,2,7.884912490844727,0.0005750989657826722,5457.56005859375,19.15422248840332,45.012021157739035,3.225708790469705
35370.86328125,214.4154052734375,-11.371614456176758,0.006583246868103743,29820.1640625,142.6554718017578,-11.186275482177734,0.005195271223783493,34680.1171875,211.59959411621094,-11.350201606750488,0.0066261934116482735,1821.945556640625,121,2.025534152984619,1.8597526550292969,65.8052749633789,2030.4702285247,2285.61839416311,45.01043094577984,3.1709737877150976,0.010315031744539738,0.010050754062831402,-85.06898498535156,0,3.729332208633423,0.00027203321224078536,34263.859375,12.153204917907715,45.01043094577984,3.1709737877150976
12541.1201171875,280.0373229980469,-10.245841026306152,0.02424987033009529,5958.8876953125,118.28751373291016,-9.437912940979004,0.021557755768299103,11001.4833984375,292.74053955078125,-10.103628158569336,0.02889757789671421,219.1962432861328,147,4.047627925872803,2.166093111038208,-68.40166473388672,1689.7096519609888,2302.57803483212,45.01170552337863,3.1958048199297577,0.07443477213382721,0.07319266349077225,-78.0218276977539,0,10.3909912109375,0.0007579235825687647,9746.689453125,24.2857666015625,45.01170552337863,3.1958048199297697
31985.91796875,384.8732604980469,-11.262396812438965,0.013067387044429779,11608.7685546875,124.29842376708984,-10.161965370178223,0.011628114618360996,30322.67578125,399.7972412109375,-11.204419136047363,0.014318650588393211,411.03277587890625,310,4.243145942687988,3.7756824493408203,-55.01464080810547,221.11180907961352,2316.4303058040496,45.012894075674396,3.3027907683414157,0.04909222200512886,0.04883955046534538,-54.5006103515625,0,8.531468391418457,0.0006222089286893606,29780.326171875,25.45887565612793,45.012894075674396,3.3027907683414157
2084.3291015625,165.3917999267578,-8.297415733337402,0.08617424964904785,1550.247802734375,112.8674087524414,-7.9760026931762695,0.07906736433506012,1779.150146484375,162.2801513671875,-8.125531196594238,0.0990564227104187,104.90971374511719,32,1.8212339878082275,1.4659485816955566,-72.11395263671875,453.84670518552684,2277.539739034729,45.01001937459511,3.285837895380057,0.17938269674777985,0.17921046912670135,-59.45855712890625,0,6.8624677658081055,0.0005004920531064272,1697.7960205078125,10.927404403686523,45.01001937459511,3.285837895380057
891.6759643554688,131.83688354492188,-7.375517845153809,0.1605682522058487,646.3182373046875,111.7427978515625,-7.026115894317627,0.18775995075702667,782.4653930664062,136.6728057861328,-7.233663082122803,0.18969103693962097,46.23486328125,13,1.9719421863555908,0.7968441247940063,83.61151885986328,19.070270834815588,2278.0710779168817,45.01011454006779,3.3175048737577675,0.4439815580844879,0.44239795207977295,86.571044921875,0,7.49246072769165,0.000546431343536824,-36.031551361083984,11.831653594970703,45.01011454006779,3.317504873757768
648.9122924804688,93.3237533569336,-7.030465126037598,0.15618380904197693,778.9639892578125,112.25363159179688,-7.228793621063232,0.1564994603395462,806.3426513671875,105.12792205810547,-7.266299247741699,0.14158859848976135,58.91384506225586,10,1.421401023864746,0.7813703417778015,-62.87157440185547,1642.4781658716793,2270.6702109435896,45.00937708588696,3.1992460702341403,0.35337910056114197,0.35240438580513,-67.58326721191406,0,6.287500858306885,0.00045860890531912446,245.67532348632812,8.528406143188477,45.00937708588695,3.199246070234152
29884.427734375,342.89385986328125,-11.18861198425293,0.012460761703550816,14035.1259765625,127.20257568359375,-10.368041038513184,0.009842590428888798,28377.70703125,355.7572937011719,-11.13244342803955,0.013614645227789879,525.9839477539062,267,3.8460562229156494,3.279075860977173,46.879276275634766,762.3901379619946,2324.8319371661582,45.01343975105096,3.2633644053556035,0.03662171587347984,0.03588152676820755,29.030046463012695,0,7.481337070465088,0.0005456374492496252,26997.9921875,23.076337814331055,45.01343975105096,3.2633644053556035
1391.859375,160.87445068359375,-7.858988285064697,0.12552249431610107,807.8319091796875,112.28815460205078,-7.2683024406433105,0.15095336735248566,1008.056640625,192.25791931152344,-7.508712291717529,0.20712338387966156,51.26417922973633,9,1.319374680519104,0.7798913717269897,-66.37940979003906,404.43941901495924,2278.1577927447006,45.01007087987353,3.2894366422262213,0.43755045533180237,0.4362609386444092,-12.857333183288574,2,5.011356353759766,0.0003654863394331187,860.8147583007812,7.916248321533203,45.01007087987353,3.2894366422262213
1675.81982421875,168.7309112548828,-8.060567855834961,0.10934454947710037,915.7491455078125,112.32947540283203,-7.4044413566589355,0.1332131177186966,922.4946899414062,132.23377990722656,-7.412409782409668,0.15567123889923096,66.0812759399414,17,1.5659061670303345,1.2185015678405762,-38.12944793701172,497.277643964795,2283.7043422218117,45.010464772838404,3.2826746142238328,0.25022363662719727,0.2493830770254135,-10.396581649780273,0,7.342196941375732,0.0005354806198738515,377.29974365234375,9.395437240600586,45.010464772838404,3.2826746142238448
705.94091796875,120.10033416748047,-7.121921062469482,0.18475903570652008,449.7045593261719,112.03507232666016,-6.632318019866943,0.2705555856227875,458.041748046875,127.96880340576172,-6.6522626876831055,0.30340927839279175,41.229820251464844,9,1.1587785482406616,0.7679919600486755,-58.99687576293945,649.3984061907545,2291.334980545001,45.01100377233228,3.271594253113784,0.3778575658798218,0.3770948350429535,-71.41766357421875,0,5.619431972503662,0.00040983958751894534,486.3924255371094,6.952671051025391,45.01100377233228,3.2715942531137965
1277.26513671875,155.9284210205078,-7.765702724456787,0.1325787901878357,997.2494506835938,112.51443481445312,-7.497009754180908,0.12252768874168396,1284.1209716796875,180.5674591064453,-7.771514892578125,0.15270856022834778,63.51283645629883,19,2.578205108642578,0.9304733872413635,86.6101303100586,1362.3990084928112,2308.38437039272,45.012165807693854,3.2196530479521153,0.34894248843193054,0.3480994999408722,-85.65937042236328,3,9.271824836730957,0.000676262192428112,596.8307495117188,15.469230651855469,45.012165807693854,3.219653047952127
654.5001220703125,108.7247543334961,-7.039774417877197,0.18040497601032257,584.5825805664062,111.71268463134766,-6.917114734649658,0.20753264427185059,803.7540283203125,203.32456970214844,-7.262807846069336,0.27472394704818726,62.94859313964844,10,1.6060835123062134,1.0602656602859497,-53.268951416015625,499.5177053578875,2301.4255446906964,45.01176069992865,3.2825119543615435,0.583838939666748,0.5827106833457947,-30.490924835205078,0,7.8024468421936035,0.0005690474645234644,822.078369140625,9.63650131225586,45.01176069992865,3.2825119543615435
1408.4273681640625,167.4161834716797,-7.871836185455322,0.1290900558233261,759.35791015625,112.01053619384766,-7.20111608505249,0.16019250452518463,859.1725463867188,173.99473571777344,-7.335200786590576,0.21993054449558258,57.89777374267578,20,2.074993848800659,1.5440130233764648,2.1139209270477295,54.737630946990535,2308.8981018594345,45.01236490122389,3.3149082142463415,0.3375232219696045,0.3372378349304199,37.33650588989258,0,10.722711563110352,0.0007820155005902052,463.97003173828125,12.449962615966797,45.01236490122389,3.314908214246341
1168.730712890625,143.41822814941406,-7.669286251068115,0.13326610624790192,941.207275390625,112.31605529785156,-7.434213161468506,0.12959444522857666,1024.4217529296875,201.6466522216797,-7.5261969566345215,0.21376767754554749,58.1907958984375,18,2.008284568786621,1.2022931575775146,67.48230743408203,1359.5616211582949,2309.106708723227,45.012218954063236,3.2198597813071754,0.32289353013038635,0.32209935784339905,53.65912628173828,3,9.302088737487793,0.0006784694269299507,1084.467041015625,12.049707412719727,45.01221895406324,3.2198597813071514
839.6309814453125,128.98899841308594,-7.310221195220947,0.1668376475572586,576.7449951171875,111.83546447753906,-6.902459621429443,0.21058408915996552,483.3820495605469,127.02976989746094,-6.710726261138916,0.28539398312568665,51.3029670715332,12,2.1820547580718994,0.7761498093605042,-82.02128601074219,1062.255124521309,2312.6878005399117,45.012515231022206,3.2415197192375462,0.4283176064491272,0.42602333426475525,-65.75943756103516,0,7.7809977531433105,0.0005675069987773895,-689.0477905273438,13.092329025268555,45.012515231022206,3.2415197192375462
656.343505859375,109.2846908569336,-7.04282808303833,0.18082478642463684,525.0460815429688,111.90548706054688,-6.8004937171936035,0.2314641922712326,615.1473999023438,143.54298400878906,-6.972447872161865,0.25341516733169556,51.8380012512207,10,1.3544867038726807,0.7821690440177917,-41.62101745605469,1810.4592240139164,2302.792842299157,45.011708712272075,3.1870062165133493,0.39980000257492065,0.39846232533454895,-43.86971664428711,0,6.138991355895996,0.0004477888287510723,573.3174438476562,8.126920700073242,45.011708712272075,3.1870062165133493
3285785.0,1089.2108154296875,-16.291597366333008,0.00036000009276904166,2096812.0,758.5757446289062,-15.803898811340332,0.0003928884689230472,3219276.75,973.911865234375,-16.26939582824707,0.00032854219898581505,53635.953125,1130,3.431029796600342,2.5896425247192383,86.84269714355469,1571.2120999963913,2408.3023565911444,45.0194498108345,3.204439922299578,0.0012264070101082325,0.0010151986498385668,89.2196273803711,4,17.88154411315918,0.00130427663680166,3281665.0,20.586177825927734,45.0194498108345,3.204439922299578
853.4573974609375,130.69358825683594,-7.3279547691345215,0.1663038283586502,528.2855224609375,112.12921142578125,-6.807171821594238,0.23050475120544434,443.4735412597656,147.61358642578125,-6.617169380187988,0.36148348450660706,60.00911331176758,12,2.150813579559326,1.1031705141067505,-86.75965881347656,1515.8380698626968,2322.919816446011,45.013211784656725,3.208473795860538,0.42923930287361145,0.42663663625717163,73.95841979980469,0,9.220686912536621,0.0006725459243170917,-695.56689453125,12.904881477355957,45.013211784656725,3.2084737958605505
1640.5509033203125,172.73681640625,-8.037474632263184,0.11434706300497055,1075.68505859375,112.34526824951172,-7.579212665557861,0.11342257261276245,1195.8489990234375,202.3701171875,-7.694190979003906,0.18378068506717682,67.1125717163086,25,2.06000018119812,1.2802852392196655,83.65409851074219,118.49708143415884,2325.625802264747,45.01358015184677,3.3102649770578467,0.26995325088500977,0.26895996928215027,-76.32786560058594,0,7.744372367858887,0.0005648033111356199,830.2513427734375,12.360000610351562,45.01358015184676,3.310264977057858
5311.6669921875,210.3035125732422,-9.313076972961426,0.042997729033231735,3494.48486328125,115.285400390625,-8.858457565307617,0.0358278714120388,4552.66748046875,219.1154327392578,-9.145665168762207,0.05226811766624451,163.19837951660156,71,2.301198720932007,2.152182102203369,-64.34758758544922,982.7441458282896,2346.4066835644403,45.014990818234985,3.247312759841542,0.09535268694162369,0.09523078054189682,-73.3034439086914,0,7.2732110023498535,0.0005304681253619492,3816.472412109375,13.807191848754883,45.01499081823498,3.247312759841566
3154.359375,212.03701782226562,-8.747278213500977,0.07300125807523727,1645.189453125,113.28504180908203,-8.040539741516113,0.0747801810503006,1888.2257080078125,176.88780212402344,-8.19013500213623,0.10173580050468445,112.78650665283203,37,2.0431835651397705,1.5702427625656128,-15.8128023147583,72.6849122733112,2340.0551154364894,45.01464169607477,3.3136021425376225,0.16539005935192108,0.16517864167690277,-37.94875717163086,0,6.973681449890137,0.0005085953162051737,1312.30078125,12.259101867675781,45.014641696074776,3.3136021425376105
10367.9873046875,166.69627380371094,-10.039236068725586,0.017460685223340988,8984.9560546875,121.674072265625,-9.883790016174316,0.014706588350236416,10139.603515625,174.7858428955078,-10.015052795410156,0.01872039958834648,591.4554443359375,67,1.8319233655929565,1.6165485382080078,83.3876724243164,817.1975948090455,2347.3039515199057,45.015076590224176,3.259372473556119,0.02826782315969467,0.028016628697514534,88.6142807006836,0,3.7586820125579834,0.0002741337229963392,9623.17578125,10.99153995513916,45.01507659022418,3.259372473556107
26335.052734375,282.9091796875,-11.051335334777832,0.011666555888950825,16387.470703125,129.5098876953125,-10.536279678344727,0.008582638576626778,25284.642578125,287.03875732421875,-11.007142066955566,0.012328593991696835,651.4161376953125,196,3.1022579669952393,2.586967706680298,79.93848419189453,1775.9224672682915,2373.988002827597,45.01691865608057,3.1895231608108183,0.025552062317728996,0.025393374264240265,58.354339599609375,0,5.564988136291504,0.00040592049481347203,26253.0703125,18.613548278808594,45.01691865608057,3.1895231608108183
7314.0283203125,163.17169189453125,-9.660391807556152,0.02422802522778511,6231.76904296875,118.55533599853516,-9.486528396606445,0.020660441368818283,7074.1904296875,172.41485595703125,-9.624192237854004,0.02646840363740921,377.6720275878906,62,1.825153112411499,1.6553220748901367,72.58201599121094,1565.1570953489356,2346.5050842976957,45.0149312229574,3.2048805473517104,0.0388348326086998,0.03853296488523483,82.82759094238281,0,3.9455325603485107,0.00028778487467207015,6738.6259765625,10.950918197631836,45.0149312229574,3.2048805473517104
6112.0048828125,110.26824951171875,-9.465458869934082,0.019592804834246635,4168.0908203125,116.19453430175781,-9.049842834472656,0.03027459792792797,5885.79345703125,127.8908920288086,-9.42451286315918,0.023597415536642075,587.0616455078125,29,2.72613787651062,0.585263192653656,74.09192657470703,1113.5344319952203,2357.9525119153795,45.015819646993876,3.237784791954586,0.06000744178891182,0.05740998685359955,74.71652221679688,2,7.550390243530273,0.0005506913876160979,4490.611328125,16.356826782226562,45.015819646993876,3.237784791954586
4693.89013671875,162.3837890625,-9.178832054138184,0.03756985813379288,3841.2978515625,115.68863677978516,-8.96119499206543,0.03270713984966278,4187.6748046875,173.73255920410156,-9.054932594299316,0.045054491609334946,243.4293975830078,52,1.8491027355194092,1.6645164489746094,-64.68562316894531,769.2521763750848,2351.777636278685,45.015409713483216,3.26286519707999,0.05967331305146217,0.0595642551779747,84.97789764404297,0,5.425989151000977,0.00039573476533405483,3583.1796875,11.094615936279297,45.015409713483216,3.262865197080001
1119.965576171875,143.3983917236328,-7.623011589050293,0.1390495002269745,853.77587890625,112.21148681640625,-7.328359603881836,0.142732635140419,859.933837890625,142.9127960205078,-7.336162567138672,0.18048283457756042,53.127235412597656,17,1.574286937713623,1.3285382986068726,-35.92945861816406,226.74875707718442,2344.9157015400287,45.01497699444502,3.302381129198442,0.2518123984336853,0.25084662437438965,50.69609069824219,2,8.653630256652832,0.0006311178440228105,1133.7015380859375,9.445721626281738,45.01497699444502,3.3023811291984417
1441.3126220703125,161.5601806640625,-7.896895408630371,0.12173233926296234,607.3497924804688,112.04816436767578,-6.958597183227539,0.20035292208194733,617.8258056640625,173.8083953857422,-6.977165222167969,0.30551639199256897,60.12378692626953,16,1.7102415561676025,1.0066465139389038,65.30418395996094,1003.7388228403614,2349.7547710348695,45.01523316518193,3.2457833727353362,0.22291220724582672,0.22260403633117676,-27.201757431030273,1,7.845596790313721,0.000572215998545289,452.2327575683594,10.261449813842773,45.01523316518193,3.245783372735324
1630.5919189453125,145.73281860351562,-8.030862808227539,0.09706036001443863,1268.706298828125,112.70690155029297,-7.7584028244018555,0.0964759886264801,1269.3165283203125,135.3428497314453,-7.758924961090088,0.11579643934965134,75.64064025878906,25,1.4808961153030396,1.2796156406402588,37.237918853759766,1217.9393017697444,2343.961344830707,45.01478418959319,3.2301782969086235,0.17553602159023285,0.17536528408527374,-82.49571990966797,1,6.369015693664551,0.0004645322042051703,1168.9456787109375,8.885376930236816,45.01478418959319,3.2301782969086235
1015.7506103515625,106.16167449951172,-7.5169677734375,0.1135038211941719,960.9864501953125,112.3396987915039,-7.456793308258057,0.1269538402557373,977.7054443359375,112.14029693603516,-7.475520133972168,0.12456140667200089,76.21835327148438,15,1.1184568405151367,1.0597405433654785,51.29484558105469,1832.0302336914506,2345.7153750284565,45.01484535980733,3.185434517805519,0.1720629185438156,0.17196287214756012,72.67450714111328,0,5.476601600646973,0.0003994758881162852,818.139404296875,6.71074104309082,45.01484535980733,3.1854345178055192
658.37890625,109.86498260498047,-7.046189785003662,0.18122296035289764,428.40521240234375,111.87754821777344,-6.579637050628662,0.28360772132873535,464.05828857421875,153.35939025878906,-6.666431427001953,0.3588952124118805,46.90704345703125,5,1.10963773727417,0.4483632743358612,67.19377136230469,535.6781048095181,2348.0073002385716,45.01516327319028,3.279879342779752,0.503646731376648,0.5013518929481506,88.54199981689453,2,4.175614356994629,0.000304536079056561,383.050048828125,6.6578264236450195,45.01516327319028,3.2798793427797515
834.0913696289062,128.2500457763672,-7.30303430557251,0.16698355972766876,632.8055419921875,111.90274810791016,-7.003175735473633,0.19204381108283997,505.26837158203125,122.11122131347656,-6.758805274963379,0.2624601125717163,44.84635925292969,12,2.1398122310638428,0.7139701247215271,43.09375,833.2777221083353,2350.5962236635114,45.01531540706902,3.2582011729173934,0.3270818591117859,0.3265649080276489,39.1990966796875,2,7.386923789978027,0.0005387547425925732,-160.80850219726562,12.838872909545898,45.01531540706901,3.258201172917405
9431.1083984375,185.37864685058594,-9.936407089233398,0.021346505731344223,7602.095703125,119.97422790527344,-9.702333450317383,0.01713895983994007,8973.01171875,194.6042022705078,-9.882345199584961,0.023552868515253067,502.20465087890625,80,2.0438413619995117,1.7880157232284546,61.059383392333984,1520.8595644131372,2375.3273328834657,45.017043848189715,3.208108455334879,0.03305609151721001,0.032786719501018524,87.38945007324219,0,3.7097697257995605,0.00027058739215135574,8437.43359375,12.26304817199707,45.017043848189715,3.2081084553348784
10383.7841796875,237.63497924804688,-10.040888786315918,0.024853328242897987,6406.6259765625,118.67023468017578,-9.516573905944824,0.020116029307246208,10075.49609375,251.07546997070312,-10.008166313171387,0.027062484994530678,327.6363525390625,113,2.875218152999878,2.2267205715179443,59.03081512451172,466.19579518668604,2382.2758368637783,45.01767867348989,3.2849414580632477,0.06102444976568222,0.06073221564292908,73.60725402832031,0,5.601555824279785,0.0004085311375092715,9934.6953125,17.25130844116211,45.01767867348989,3.2849414580632477
2442.853271484375,201.7868194580078,-8.469743728637695,0.08970677107572556,1358.716552734375,112.98857879638672,-7.832822322845459,0.09030993282794952,2086.3115234375,223.18560791015625,-8.298447608947754,0.11617611348628998,65.96221923828125,38,2.94250750541687,1.7477136850357056,-64.94762420654297,1027.0000166257687,2373.0419418662086,45.01693351945535,3.2440892525164724,0.2764112651348114,0.27556905150413513,79.32136535644531,2,13.596269607543945,0.0009916424751281738,1339.5833740234375,17.655044555664062,45.01693351945535,3.244089252516472
863.3447265625,65.97710418701172,-7.340460777282715,0.08299249410629272,748.1803588867188,112.0850601196289,-7.185015678405762,0.16269388794898987,738.2703857421875,68.05071258544922,-7.170538425445557,0.1001029908657074,217.65579223632812,9,0.718012809753418,0.6359232068061829,-25.185855865478516,1521.8048792683314,2361.27737279564,45.01601626015338,3.208039435524872,0.0636402890086174,0.062029898166656494,-87.34815216064453,0,1.4690661430358887,0.00010715231474023312,740.2449951171875,4.308076858520508,45.01601626015338,3.208039435524872
1853.3480224609375,140.11146545410156,-8.169892311096191,0.08210063725709915,1600.0294189453125,113.10093688964844,-8.010319709777832,0.07676585018634796,1700.0501708984375,148.75222778320312,-8.076154708862305,0.09502361714839935,91.65890502929688,27,1.5620794296264648,1.455392837524414,-81.20026397705078,260.4624149849879,2371.3123674779035,45.016903432329734,3.2999264129848513,0.14739800989627838,0.14708608388900757,86.18318176269531,0,5.893437385559082,0.0004298144194763154,1374.802734375,9.372476577758789,45.016903432329734,3.299926412984851
1181.0299072265625,146.53530883789062,-7.680652141571045,0.1347445547580719,928.3521118164062,112.43218231201172,-7.419281959533691,0.13152483105659485,822.3382568359375,149.61293029785156,-7.287626266479492,0.19758249819278717,60.0654411315918,18,1.7907910346984863,1.2990854978561401,-3.6931698322296143,1089.6157252825376,2367.9006902691035,45.016550042801725,3.23952750729459,0.31549543142318726,0.31460314989089966,-10.06696891784668,0,8.079373359680176,0.0005892717745155096,85.4096450805664,10.744746208190918,45.016550042801725,3.23952750729459
1860.5965576171875,174.28736877441406,-8.1741304397583,0.10172870755195618,1317.3487548828125,112.93940734863281,-7.799252033233643,0.09310533106327057,1534.021484375,173.097900390625,-7.964578628540039,0.12254346907138824,69.76850891113281,29,1.9683969020843506,1.5549618005752563,-18.386062622070312,894.866706576231,2387.9363567356195,45.0180388525967,3.253715424472497,0.23685021698474884,0.23630952835083008,-62.05012893676758,0,8.39882755279541,0.0006125601357780397,663.3054809570312,11.810380935668945,45.018038852596696,3.2537154244725204
767.5169677734375,123.20288848876953,-7.212719917297363,0.17432622611522675,358.80718994140625,111.70584106445312,-6.387152671813965,0.33809950947761536,384.7960510253906,113.61662292480469,-6.463076591491699,0.32065728306770325,43.9797477722168,11,1.4235025644302368,0.8829237818717957,-21.668819427490234,800.5915138692071,2387.343535592,45.018007099529505,3.260583114513665,0.35480237007141113,0.35472601652145386,-46.32498550415039,0,6.693439960479736,0.0004881754284724593,47.266693115234375,8.541015625,45.018007099529505,3.2605831145136643
4938.96435546875,234.46400451660156,-9.234089851379395,0.05155491828918457,2857.248046875,114.7126693725586,-8.639869689941406,0.04360067844390869,3733.009765625,221.96621704101562,-8.930148124694824,0.0645739808678627,119.68378448486328,73,2.979499578475952,1.7451711893081665,46.590354919433594,1116.4054640611257,2412.1334470989464,45.01978183177996,3.237576616237714,0.12069698423147202,0.12013594806194305,42.54277801513672,0,8.923209190368652,0.0006508202059194446,3151.096435546875,17.876996994018555,45.01978183177996,3.237576616237725
812.4039916992188,127.02877044677734,-7.274430274963379,0.16980867087841034,132.9825439453125,111.21285247802734,-5.309486389160156,0.9082181453704834,-179.7712860107422,250.09889221191406,99.0,99.0,34.782920837402344,9,1.7618545293807983,0.7474371194839478,-18.54294776916504,49.19771510743136,2394.015899977207,45.01859204663727,3.3153146947249956,0.33764445781707764,0.13898701965808868,-19.617918014526367,17,6.853159427642822,0.0004998040967620909,285.2112731933594,10.571126937866211,45.01859204663727,3.3153146947249956
10797.10546875,168.80010986328125,-10.083268165588379,0.016978338360786438,9335.78515625,122.06062316894531,-9.925376892089844,0.01419889461249113,10517.7197265625,174.37136840820312,-10.054803848266602,0.01800459623336792,560.432861328125,72,1.904047966003418,1.5691356658935547,-81.33161163330078,1228.5291043019326,2417.570542029124,45.02016628193173,3.2294079620190677,0.026630833745002747,0.026410523802042007,78.76225280761719,0,3.7246341705322266,0.00027166216750629246,10257.873046875,11.424287796020508,45.02016628193173,3.2294079620190677
2073.8994140625,190.33763122558594,-8.291969299316406,0.09967053681612015,1218.498046875,112.82182312011719,-7.714561939239502,0.10055370628833771,1127.7369384765625,166.24517822265625,-7.630519390106201,0.1600925326347351,86.2960205078125,32,2.0588643550872803,1.42821204662323,-51.105865478515625,1528.7711957969516,2414.978412235918,45.01994267930487,3.207532389575223,0.188444122672081,0.18806293606758118,-28.661283493041992,0,7.064371585845947,0.0005152711528353393,968.9952392578125,12.353185653686523,45.01994267930487,3.2075323895752113
1601.326171875,158.38336181640625,-8.011199951171875,0.10741367936134338,1195.82470703125,112.9693603515625,-7.694169044494629,0.10259423404932022,1196.804931640625,149.12522888183594,-7.695058345794678,0.13531862199306488,66.32506561279297,25,1.7281817197799683,1.3241147994995117,80.98458099365234,1188.0983185704913,2415.4032913652004,45.020012510411576,3.2323535378729313,0.22222891449928284,0.22143077850341797,69.69903564453125,0,8.66466999053955,0.0006319686071947217,550.9013671875,10.36909008026123,45.02001251041157,3.2323535378729433
932.2462768554688,132.22508239746094,-7.423826694488525,0.15403273701667786,759.3113403320312,112.23011779785156,-7.2010498046875,0.1605163812637329,1357.550537109375,290.41082763671875,-7.831890106201172,0.23232001066207886,52.53791809082031,14,2.4037716388702393,1.039404273033142,72.5091552734375,1963.7003478914235,2413.7804735693603,45.01980951439,3.175839543459794,0.37710073590278625,0.37657761573791504,12.148772239685059,3,9.463319778442383,0.0006902957102283835,1882.6141357421875,14.422630310058594,45.01980951439,3.175839543459794
2179.0537109375,181.61724853515625,-8.345669746398926,0.09051467478275299,1508.2099609375,112.99187469482422,-7.946154594421387,0.08136080950498581,1616.130126953125,167.37643432617188,-8.021190643310547,0.11247287690639496,85.75957489013672,34,2.068049669265747,1.4120569229125977,21.910734176635742,594.0819481398711,2415.5255705186914,45.020094275681636,3.2756269706744052,0.1817435473203659,0.18165960907936096,50.7049674987793,1,7.387598037719727,0.0005387944402173162,1362.2037353515625,12.40829849243164,45.020094275681636,3.275626970674405
1890.4093017578125,183.66836547851562,-8.191390037536621,0.1055135726928711,1076.4256591796875,112.60887908935547,-7.579960346221924,0.11361048370599747,1797.8062744140625,275.3863830566406,-8.136857032775879,0.1663525253534317,72.8619155883789,15,2.0200963020324707,0.8821499943733215,-60.19491195678711,1966.3689760207158,2413.9002410694143,45.01981800800055,3.1756450674446306,0.3418547213077545,0.341441810131073,39.435909271240234,3,7.98317289352417,0.0005823280080221593,2468.303955078125,12.120577812194824,45.01981800800055,3.1756450674446306
12499.67578125,200.4698486328125,-10.242246627807617,0.017417272552847862,9843.17578125,122.41651153564453,-9.982837677001953,0.01350624393671751,11808.673828125,202.71873474121094,-10.180502891540527,0.018643291667103767,618.5237426757812,97,2.1143925189971924,1.8798511028289795,42.07882308959961,1437.0656397942698,2429.797182792838,45.02103657858012,3.214214429979904,0.02751508541405201,0.0272825974971056,-81.01719665527344,0,3.964482307434082,0.00028916369774378836,11466.783203125,12.686355590820312,45.02103657858012,3.214214429979916
2433.248046875,164.86294555664062,-8.465465545654297,0.07358113676309586,1858.17236328125,113.36355590820312,-8.172715187072754,0.06625478714704514,2088.762939453125,161.01390075683594,-8.299722671508789,0.08371514827013016,99.5875244140625,36,1.6533839702606201,1.6484671831130981,-80.3998031616211,558.1101948706079,2423.0016741245795,45.02064567898032,3.2782474596562547,0.15355761349201202,0.15282736718654633,-70.0436019897461,0,6.603295803070068,0.0004815923166461289,1260.3414306640625,9.920303344726562,45.02064567898032,3.2782474596562667
1410.5308837890625,145.4793701171875,-7.8734564781188965,0.11200789362192154,1021.218017578125,112.36785125732422,-7.522796154022217,0.11949601024389267,1091.101806640625,132.40487670898438,-7.594663143157959,0.1317857801914215,77.07138061523438,22,1.7685095071792603,1.042225956916809,89.79041290283203,129.89656588887948,2428.350180241422,45.02109281580202,3.3094382236830477,0.19620676338672638,0.19550837576389313,74.53897857666016,0,6.588931560516357,0.00048053430509753525,486.11578369140625,10.61105728149414,45.021092815802014,3.3094382236830597
963.546875,126.2872085571289,-7.459681987762451,0.14233651757240295,731.4000244140625,112.10889434814453,-7.1603875160217285,0.16646192967891693,749.3781127929688,128.2741241455078,-7.1867523193359375,0.18589507043361664,65.75979614257812,15,1.558550477027893,1.0919089317321777,21.955053329467773,266.69175878768215,2419.0388160022862,45.020393631218134,3.2994742346473784,0.2538755238056183,0.2537343502044678,64.61726379394531,0,7.799952030181885,0.0005688578821718693,698.9454956054688,9.351303100585938,45.02039363121813,3.2994742346473895
576.9603881835938,96.44139862060547,-6.902864933013916,0.18152955174446106,736.536376953125,112.02715301513672,-7.167985439300537,0.16518054902553558,849.2777709960938,152.89308166503906,-7.322624206542969,0.19550952315330505,60.584991455078125,9,1.3669852018356323,0.6106652021408081,-75.18408203125,592.5305234061424,2422.5328306786805,45.020606992535825,3.2757401737753087,0.3320022225379944,0.3305327892303467,81.48502349853516,3,5.439661026000977,0.0003967269149143249,1117.917236328125,8.201910972595215,45.020606992535825,3.2757401737753207
982.1832885742188,133.27047729492188,-7.480481147766113,0.14735715091228485,732.9672241210938,112.11077117919922,-7.1627116203308105,0.16610878705978394,846.9630737304688,166.0182342529297,-7.3196611404418945,0.21287328004837036,63.01655197143555,15,1.2341418266296387,1.092922329902649,-10.326659202575684,593.9300851836397,2424.07529822735,45.0207196319687,3.2756382677309053,0.25215038657188416,0.2515012323856354,36.86669158935547,3,4.482471942901611,0.00032691695378161967,995.5697631835938,7.404850959777832,45.0207196319687,3.2756382677309053
641.644287109375,102.41173553466797,-7.018235683441162,0.17333458364009857,737.1823120117188,112.0718765258789,-7.1689372062683105,0.16510172188282013,665.56640625,109.54043579101562,-7.057978630065918,0.1787363588809967,64.15213775634766,10,1.6502536535263062,0.7604726552963257,57.71707534790039,1844.9857742280162,2426.725288930306,45.02076809311418,3.1844906939346056,0.3422660231590271,0.34161242842674255,55.27608108520508,0,6.0426812171936035,0.00044077145867049694,101.99530029296875,9.901521682739258,45.02076809311417,3.1844906939346176
464448.21875,492.7664489746094,-14.167343139648438,0.0011522152926772833,382116.96875,339.11444091796875,-13.955491065979004,0.0009637841721996665,451488.90625,414.40234375,-14.136617660522461,0.000996792921796441,23554.19921875,431,2.34421443939209,2.279184341430664,-84.76051330566406,302.2657148646325,2489.160622237646,45.02551800024959,3.296885362697264,0.002063074614852667,0.0020035086199641228,-80.11737823486328,0,3.796975612640381,0.0002769170387182385,463729.40625,14.065286636352539,45.02551800024958,3.2968853626972754
595.076904296875,104.93763732910156,-6.936432838439941,0.191508486866951,406.6462707519531,111.63105010986328,-6.52304220199585,0.298124760389328,444.45074462890625,123.04907989501953,-6.619559288024902,0.3006661534309387,43.431705474853516,9,1.391471028327942,1.1610265970230103,37.7569580078125,936.8857501739367,2430.295323641022,45.021131729163805,3.2506553008074044,0.4664095938205719,0.46590617299079895,80.35236358642578,0,7.598039627075195,0.000554158235900104,17.359743118286133,8.34882640838623,45.0211317291638,3.2506553008074284
686.8529663085938,118.409912109375,-7.092159271240234,0.18722079694271088,94.57589721679688,111.21076965332031,-4.939451217651367,1.2770155668258667,246.10340881347656,132.47787475585938,-5.977794170379639,0.5845956206321716,36.739906311035156,9,2.5719153881073,0.7154752612113953,48.86611557006836,1678.398647409284,2446.6096979049307,45.02223962662621,3.196629966046644,0.4649676978588104,0.1271761953830719,48.146217346191406,16,8.113299369812012,0.0005917938542552292,-1996.91015625,15.43149185180664,45.02223962662621,3.196629966046644
1562.3172607421875,166.5894012451172,-7.9844231605529785,0.11579984426498413,941.7962036132812,112.31676483154297,-7.434892177581787,0.12951421737670898,1117.1351318359375,152.32192993164062,-7.620264053344727,0.1480766385793686,65.35498046875,24,2.0812642574310303,1.1845067739486694,-85.68356323242188,962.8141476262315,2455.0201729796645,45.022936846362015,3.2487669329019018,0.324227899312973,0.32245680689811707,74.87627410888672,0,9.23432445526123,0.0006735018105246127,404.1053161621094,12.487585067749023,45.022936846362015,3.2487669329019018
63700.56640625,261.4916687011719,-12.010357856750488,0.0044580441899597645,52971.30859375,162.93580627441406,-11.810101509094238,0.003340455237776041,61997.40625,238.82115173339844,-11.980934143066406,0.00418339716270566,3211.50146484375,175,2.1019463539123535,2.0390093326568604,75.6960220336914,264.56009102092196,2474.9408320108946,45.024482885556786,3.2996313268216277,0.006847497541457415,0.00672172661870718,-84.47122192382812,0,3.777195453643799,0.0002754740125965327,63438.63671875,12.611678123474121,45.02448288555678,3.2996313268216397
36204.125,220.23390197753906,-11.396895408630371,0.006606264505535364,30439.25390625,143.27137756347656,-11.208584785461426,0.005111581180244684,35485.0625,212.68946838378906,-11.375113487243652,0.006509239319711924,1940.9541015625,128,2.040201425552368,1.8896093368530273,63.74149703979492,1241.0339758644884,2468.8917951078743,45.02391809638555,3.228497715996914,0.010316384956240654,0.010153159499168396,-86.72607421875,0,3.7730445861816406,0.00027519420837052166,36049.921875,12.241209030151367,45.02391809638555,3.2284977159969146
715.021728515625,112.41159057617188,-7.13579797744751,0.17073465883731842,561.3428955078125,112.21269226074219,-6.87307071685791,0.2170918732881546,558.729736328125,122.16999816894531,-6.868004322052002,0.2374611645936966,56.81806945800781,11,1.4233585596084595,1.1033686399459839,-27.27834701538086,928.5199203796064,2449.064452650492,45.02250546027215,3.2512651591521853,0.3534115254878998,0.3525921702384949,-24.820226669311523,0,7.490437030792236,0.0005463100969791412,-151.52027893066406,8.540151596069336,45.02250546027214,3.2512651591521973
6025.1044921875,73.06820678710938,-9.449911117553711,0.013170240446925163,5936.33740234375,118.26191711425781,-9.433796882629395,0.021634962409734726,5832.27197265625,70.80856323242188,-9.414594650268555,0.013184930197894573,1898.767333984375,13,0.9144095778465271,0.4620799720287323,-53.61465835571289,435.242326758673,2449.0778028543573,45.022568784756054,3.287198109713453,0.011154836043715477,0.010306558571755886,-27.098384857177734,0,2.7761776447296143,0.00020247091015335172,5786.9013671875,5.486457347869873,45.02256878475605,3.287198109713465
1494.5577392578125,141.02870178222656,-7.936281681060791,0.1024765819311142,1246.207763671875,112.72379302978516,-7.738976001739502,0.0982324555516243,1212.69189453125,132.52813720703125,-7.709376335144043,0.11868270486593246,78.55183410644531,23,1.4887609481811523,1.2643470764160156,58.66230010986328,1956.2969906209098,2457.937806704507,45.02303930549713,3.176379075661272,0.16525880992412567,0.1645774394273758,-63.3284797668457,0,5.138624668121338,0.00037483515916392207,1101.3475341796875,8.932565689086914,45.02303930549713,3.1763790756612718
4039.078125,230.1237335205078,-9.015706062316895,0.061874113976955414,1979.236328125,113.5936050415039,-8.241244316101074,0.062328409403562546,3389.150634765625,230.4707794189453,-8.825226783752441,0.07385073602199554,101.64598083496094,53,3.1851675510406494,1.7360821962356567,-58.669490814208984,1517.0005443688128,2477.056622085106,45.02448375430636,3.2083906668876385,0.21449607610702515,0.213189497590065,-57.30109786987305,2,14.099969863891602,0.0010284465970471501,1411.6048583984375,19.111005783081055,45.02448375430636,3.2083906668876385
814.3126831054688,127.1263198852539,-7.276978015899658,0.16954074800014496,439.3283386230469,111.6262435913086,-6.606973171234131,0.2759350538253784,527.9501953125,142.60052490234375,-6.806482315063477,0.2933310270309448,32.55043029785156,9,2.1255478858947754,0.9970327615737915,-71.84123992919922,796.7988819110168,2473.648916012846,45.02431979817239,3.260861472739316,0.6556552052497864,0.6545987129211426,-77.03585052490234,0,8.711209297180176,0.0006353388889692724,-376.45867919921875,12.753287315368652,45.02431979817239,3.2608614727393164
16651.830078125,266.7842712402344,-10.553654670715332,0.017399150878190994,9788.7919921875,122.51774597167969,-9.976822853088379,0.013592512346804142,15962.30078125,284.38140869140625,-10.507739067077637,0.01934797503054142,428.57843017578125,157,2.849609136581421,2.7035164833068848,25.580808639526367,1882.452536513127,2498.023788416112,45.025978086802915,3.181760543052164,0.04265597462654114,0.042531609535217285,76.31126403808594,3,5.385249137878418,0.000392821675632149,16702.09375,17.097654342651367,45.025978086802915,3.1817605430521754
10776.0419921875,179.17428588867188,-10.081148147583008,0.018057025969028473,8979.455078125,121.8702392578125,-9.883125305175781,0.014739322476089,10413.6533203125,185.9134521484375,-10.044008255004883,0.01938820071518421,563.3087158203125,79,1.8342665433883667,1.8218828439712524,-5.98816442489624,1807.3840213497176,2495.8819563464563,45.02582919461551,3.187231041665894,0.028020570054650307,0.027752229943871498,-75.15463256835938,0,3.791698694229126,0.00027657809550873935,10242.150390625,11.005599021911621,45.02582919461551,3.187231041665906
2587.11669921875,211.62335205078125,-8.532039642333984,0.08883363008499146,1165.444091796875,112.7586669921875,-7.666228771209717,0.10507231205701828,1942.7786865234375,199.19012451171875,-8.221057891845703,0.11134591698646545,62.675926208496094,23,2.5489418506622314,1.376463770866394,39.404258728027344,1295.0938518727578,2494.6107408043,45.02579268332393,3.224559396670929,0.3277847170829773,0.32743558287620544,50.542335510253906,2,11.223154067993164,0.0008185890619643033,764.8584594726562,15.293651580810547,45.02579268332392,3.2245593966709407
4805.45751953125,253.38372802734375,-9.204337120056152,0.05726296082139015,2106.8828125,113.78768920898438,-8.309101104736328,0.058652251958847046,4503.65625,263.48211669921875,-9.133913040161133,0.06353539228439331,98.32598114013672,74,3.6096765995025635,2.0017037391662598,-39.580955505371094,1880.4151929710556,2510.9153744460505,45.026921007520016,3.181909038240622,0.21316969394683838,0.21211351454257965,-39.72340393066406,3,13.906661033630371,0.0010144086554646492,3304.90234375,21.65806007385254,45.026921007520016,3.181909038240622
650.7532348632812,107.45526885986328,-7.033540725708008,0.1793251484632492,458.4840393066406,111.82559204101562,-6.653310775756836,0.2648785412311554,438.3726501464844,106.9840087890625,-6.604608535766602,0.2650362253189087,51.6632080078125,10,1.2624043226242065,0.9846529960632324,-21.548377990722656,808.3683499191385,2489.410788993391,45.02547113499977,3.260019038157015,0.3105742633342743,0.3091513514518738,-52.10082244873047,1,6.608550071716309,0.00048198524746112525,25.577091217041016,7.57442569732666,45.025471134999776,3.2600190381570036
4313.34716796875,235.7552490234375,-9.0870361328125,0.0593576617538929,2314.75341796875,114.07589721679688,-8.411261558532715,0.053520359098911285,3612.485107421875,219.10122680664062,-8.894515037536621,0.0658671036362648,101.29129791259766,62,2.395836114883423,2.111008644104004,-16.715042114257812,1977.9844928482894,2506.303078880858,45.026573890103755,3.1747985612073197,0.1631615310907364,0.16285079717636108,-7.066685676574707,2,8.642641067504883,0.000630440132226795,3328.7255859375,14.375017166137695,45.026573890103755,3.1747985612073197
695.455322265625,119.19593811035156,-7.105673313140869,0.18613243103027344,271.57147216796875,111.46846008300781,-6.084710121154785,0.4457564949989319,265.09759521484375,119.80875396728516,-6.058514595031738,0.4908090829849243,38.70945358276367,9,1.5993589162826538,0.9865669012069702,71.97150421142578,34.62933184015407,2497.402649714734,45.02615661761737,3.316379476529707,0.6143850684165955,0.6123639345169067,-53.46613693237305,0,7.508184432983398,0.0005475726793520153,-102.164306640625,9.596153259277344,45.02615661761736,3.316379476529719
1602.46875,160.52789306640625,-8.011974334716797,0.10879044979810715,1073.3756103515625,112.6052474975586,-7.576879501342773,0.1139296367764473,1094.7457275390625,151.49159240722656,-7.598283290863037,0.15028135478496552,55.06153106689453,25,1.9803701639175415,1.195224404335022,-78.413818359375,788.9543905312815,2505.821129340082,45.02667377460768,3.261433710284212,0.21884842216968536,0.21807976067066193,77.9020004272461,0,9.209486961364746,0.000671679968945682,317.94000244140625,11.882221221923828,45.02667377460768,3.2614337102842
799.9605102539062,127.14474487304688,-7.257671356201172,0.17260751128196716,465.1282958984375,111.83357238769531,-6.66893196105957,0.2611134648323059,440.7829895019531,104.65997314453125,-6.610561847686768,0.2578609883785248,41.389312744140625,11,1.174302577972412,0.9763374328613281,73.84718322753906,1139.2923672915424,2502.5715538740224,45.02639320420065,3.235910831595113,0.32468563318252563,0.3240619897842407,2.598367929458618,0,6.389496803283691,0.00046602520160377026,449.01934814453125,7.045815467834473,45.02639320420065,3.235910831595113
963.1055908203125,125.9610824584961,-7.459184646606445,0.14203399419784546,698.2974853515625,112.15709686279297,-7.110101222991943,0.17442797124385834,849.7069702148438,135.8354034423828,-7.3231730461120605,0.17360955476760864,50.66290283203125,11,2.189551591873169,0.8732655644416809,-22.010351181030273,581.500381164177,2510.9998062457257,45.02707892216424,3.2765461041043142,0.4737741947174072,0.4732101857662201,-59.42144775390625,2,8.271503448486328,0.0006032591336406767,-119.67594146728516,13.137310028076172,45.02707892216424,3.2765461041043147
7665.955078125,207.68756103515625,-9.71141529083252,0.029422124847769737,5351.53076171875,117.55416107177734,-9.321194648742676,0.02385557070374489,7119.8896484375,222.35055541992188,-9.631183624267578,0.03391523286700249,299.903076171875,85,2.671229839324951,1.9113985300064087,-37.537437438964844,854.1617937752944,2528.140177783634,45.028297955591974,3.256683936713862,0.0603734515607357,0.05981047451496124,-52.22413635253906,0,5.282670497894287,0.0003852861118502915,6486.435546875,16.02737808227539,45.028297955591974,3.256683936713862
845.1869506835938,122.25817108154297,-7.317381858825684,0.15709231793880463,647.9176635742188,111.96488189697266,-7.028799533843994,0.18766869604587555,743.75146484375,170.32875061035156,-7.178569793701172,0.248708114027977,50.92698669433594,8,1.3862521648406982,0.9874707460403442,36.37147903442383,650.058815787571,2508.1342317503354,45.026860542504835,3.271551887914313,0.43921875953674316,0.43834540247917175,-41.84021759033203,2,6.898731708526611,0.0005031425389461219,422.4306945800781,8.317512512207031,45.026860542504835,3.271551887914301
724.248779296875,120.88768768310547,-7.14971923828125,0.18126924335956573,400.6986083984375,112.02029418945312,-6.507044792175293,0.3036048412322998,396.1156005859375,130.75991821289062,-6.4945549964904785,0.35849452018737793,63.475608825683594,10,2.0288336277008057,0.8644413352012634,-86.59952545166016,772.7632362432591,2518.481367732803,45.0276017458448,3.2626135183011744,0.35733550786972046,0.35592198371887207,86.70500183105469,0,7.796210765838623,0.0005686040967702866,-155.90928649902344,12.173002243041992,45.0276017458448,3.2626135183011864
3598.06982421875,214.75782775878906,-8.89017391204834,0.06482002884149551,2096.403564453125,113.55867004394531,-8.30368709564209,0.05882680043578148,3058.861083984375,225.96022033691406,-8.713899612426758,0.08022358268499374,109.12135314941406,55,2.623271942138672,2.040005922317505,-59.89710998535156,729.0120833128532,2529.9479890400617,45.02844591467892,3.265800984114505,0.16211839020252228,0.1618189960718155,-62.212745666503906,0,9.329829216003418,0.0006804535514675081,1114.7122802734375,15.739631652832031,45.02844591467891,3.265800984114517
912.1116333007812,134.56723022460938,-7.400119781494141,0.1602216362953186,529.8173217773438,112.13104248046875,-6.8103156089782715,0.22984208166599274,638.8419799804688,173.1148223876953,-7.01348352432251,0.29428669810295105,52.032020568847656,7,0.9515247344970703,0.8768264055252075,-26.57648468017578,682.9843597469546,2521.48977410899,45.027833148429195,3.2691537467924805,0.5351000428199768,0.5339958071708679,-76.7779541015625,2,4.731394290924072,0.00034507393138483167,566.5501708984375,5.709148406982422,45.027833148429195,3.26915374679248
8137.9384765625,360.38067626953125,-9.776286125183105,0.04809245094656944,2321.410400390625,113.99736022949219,-8.414380073547363,0.05333013832569122,5361.0439453125,403.7137145996094,-9.32312297821045,0.0817812904715538,96.35952758789062,98,3.640338659286499,2.4810853004455566,-47.47942352294922,42.18882565041686,2545.342936850478,45.02966230055028,3.3158306162145745,0.19105243682861328,0.19045965373516083,-42.4562873840332,2,15.068527221679688,0.0010989473666995764,5835.68701171875,21.842031478881836,45.02966230055028,3.3158306162145745
2005.658447265625,198.47108459472656,-8.255642890930176,0.10746575146913528,944.422119140625,112.40756225585938,-7.437915325164795,0.12925852835178375,1132.5438232421875,201.7186279296875,-7.635137557983398,0.1934286504983902,73.72105407714844,29,2.589378595352173,1.637696385383606,5.470653533935547,1984.4229521104971,2532.988258434116,45.02852461152925,3.174329325908217,0.30419275164604187,0.30382832884788513,78.31770324707031,0,12.342852592468262,0.0009003569721244276,401.403564453125,15.536272048950195,45.02852461152924,3.1743293259082295
903.2335205078125,133.43882751464844,-7.389500141143799,0.16043975949287415,662.1356811523438,111.84990692138672,-7.052367687225342,0.18345031142234802,700.7007446289062,128.22315979003906,-7.113831520080566,0.19873012602329254,54.17947769165039,13,1.4333240985870361,1.0329524278640747,8.28131103515625,90.10468179651785,2525.720896671895,45.028220534027945,3.3123399113048166,0.3624245226383209,0.36165550351142883,17.887741088867188,0,7.270846843719482,0.0005302640493027866,437.51904296875,8.599945068359375,45.02822053402794,3.312339911304828
6323.80859375,224.47653198242188,-9.502447128295898,0.038549792021512985,3994.77392578125,116.03653717041016,-9.003730773925781,0.03154513239860535,5794.90625,225.40574645996094,-9.407615661621094,0.042242381721735,163.48245239257812,79,2.5008363723754883,2.0795738697052,55.027862548828125,918.3036695011652,2549.0494906162785,45.029819197396705,3.2520116170893467,0.09576206654310226,0.09539353102445602,73.77307891845703,2,7.440367221832275,0.0005426593124866486,5100.60205078125,15.00501823425293,45.029819197396705,3.2520116170893467
2495.701904296875,160.02989196777344,-8.492981910705566,0.06963670998811722,1965.1866455078125,113.49024200439453,-8.23351001739502,0.06271689385175705,2053.56884765625,157.89552307128906,-8.281272888183594,0.08350075036287308,125.48136138916016,36,1.6626932621002197,1.4941937923431396,-79.02576446533203,1260.2485301543927,2541.6426790406363,45.02923626500969,3.227098912573269,0.12061313539743423,0.1198861300945282,-83.2257080078125,0,5.367900848388672,0.00039152055978775024,1977.5892333984375,9.976160049438477,45.029236265009686,3.227098912573293
6650.705078125,206.63929748535156,-9.557168960571289,0.033742327243089676,4504.36181640625,116.62472534179688,-9.134082794189453,0.028118176385760307,6190.3466796875,221.78851318359375,-9.479287147521973,0.038909342139959335,237.80767822265625,79,2.447833299636841,2.045928716659546,-44.2181282043457,21.69411411550367,2558.5698083640573,45.03063258777002,3.3173238461343497,0.07479564845561981,0.07436113804578781,-75.30113983154297,0,6.224936008453369,0.0004539838701020926,5331.77734375,14.687000274658203,45.03063258777002,3.3173238461343497
960.3687744140625,136.8280029296875,-7.456095218658447,0.15472723543643951,510.64849853515625,111.93222045898438,-6.770305156707764,0.23804709315299988,552.908447265625,127.10324096679688,-6.856633186340332,0.2496509552001953,44.54780960083008,14,1.4662283658981323,1.1633518934249878,33.693092346191406,182.2604760448827,2543.9302443830766,45.02954007008806,3.3056281891339316,0.42887571454048157,0.4281855523586273,31.93081283569336,0,7.809060573577881,0.0005695180152542889,272.3870849609375,8.797369956970215,45.02954007008805,3.305628189133943
707.00830078125,120.18934631347656,-7.123561382293701,0.1846168339252472,292.25518798828125,111.44918823242188,-6.164405345916748,0.41413745284080505,244.1341552734375,107.88732147216797,-5.969071388244629,0.4799231290817261,45.15576934814453,9,1.902314305305481,0.6472465991973877,33.738616943359375,515.352930498267,2546.756125439211,45.029702702452894,3.281365572381361,0.458869993686676,0.45787328481674194,60.42198944091797,0,6.624217510223389,0.0004831165715586394,-375.0586242675781,11.413886070251465,45.029702702452894,3.281365572381361
11075.939453125,225.17897033691406,-10.11095142364502,0.02207888290286064,7402.2509765625,119.70922088623047,-9.673409461975098,0.01756279356777668,10635.810546875,240.86915588378906,-10.066926956176758,0.024594636633992195,299.3437194824219,109,2.462376356124878,2.3673593997955322,-6.342681407928467,639.6297674376309,2574.9923153621003,45.03175178007594,3.272313406204632,0.05064665898680687,0.05052565038204193,-79.21373748779297,0,5.510168552398682,0.0004018708714284003,9526.1943359375,14.77425765991211,45.03175178007594,3.272313406204632
1451.569091796875,163.52865600585938,-7.904594421386719,0.12234493345022202,866.8726196289062,112.31489562988281,-7.344888210296631,0.14070576429367065,629.6658935546875,175.92984008789062,-6.997775554656982,0.303430438041687,51.95621109008789,22,1.9187861680984497,1.6880567073822021,-16.508188247680664,566.4151408703332,2557.461006497302,45.03047902156447,3.2776462901706545,0.2604113221168518,0.2600412964820862,-48.93655014038086,0,10.496660232543945,0.000765544013120234,267.0260925292969,11.512717247009277,45.03047902156447,3.277646290170655
10130.2587890625,236.17578125,-10.01405143737793,0.025318888947367668,6694.2080078125,119.07793426513672,-9.564248085021973,0.0193179901689291,9469.359375,241.7508544921875,-9.940801620483398,0.02772536315023899,308.73577880859375,107,2.4922304153442383,2.383859157562256,-77.39594268798828,276.75401860381487,2579.0560055106944,45.03209664493744,3.2987465607366055,0.05147480219602585,0.05129401013255119,82.09770202636719,2,4.889434337615967,0.0003565899096429348,9119.810546875,14.95338249206543,45.03209664493745,3.298746560736594
5787.2734375,211.5880126953125,-9.406185150146484,0.03970515355467796,3796.807861328125,115.84974670410156,-8.948546409606934,0.03313647583127022,5156.06396484375,210.9022216796875,-9.28079605102539,0.044421445578336716,182.4735107421875,72,2.3394522666931152,1.9592443704605103,-40.08763885498047,673.7892221811359,2568.36954499406,45.03126301721742,3.2698248206354235,0.09169769287109375,0.09136471897363663,-57.73073959350586,2,6.506646156311035,0.0004745479382108897,3960.2685546875,14.036713600158691,45.03126301721743,3.2698248206354115
693.4703369140625,119.01826477050781,-7.102569580078125,0.18638697266578674,214.77499389648438,111.57672882080078,-5.829959392547607,0.5641826391220093,189.1038818359375,107.81880950927734,-5.691751003265381,0.619189977645874,39.13358688354492,9,1.8892585039138794,0.6364138126373291,61.53196334838867,1123.8880819814322,2571.998696952426,45.03147245403247,3.237034381457661,0.7467505931854248,0.7446874976158142,36.67734909057617,0,6.545078754425049,0.0004773733962792903,-965.6546020507812,11.335551261901855,45.03147245403246,3.237034381457685
595.978515625,105.1778793334961,-6.938076496124268,0.19165652990341187,309.1668395996094,111.64615631103516,-6.22548246383667,0.39217573404312134,388.956787109375,80.66693115234375,-6.474753379821777,0.22522884607315063,45.5804443359375,9,0.9478289484977722,0.703084409236908,-70.06014251708984,2038.8632890068225,2569.4340425452883,45.031184320659754,3.170361689031097,0.27052950859069824,0.2702224552631378,-86.63526916503906,0,4.849944591522217,0.00035378735628910363,135.63134765625,5.686973571777344,45.03118432065975,3.1703616890311093
708.993896484375,120.3534927368164,-7.126606464385986,0.18435122072696686,347.3819580078125,111.55973815917969,-6.352018356323242,0.34876272082328796,278.0584716796875,98.38050079345703,-6.110340118408203,0.38424012064933777,40.520416259765625,9,1.6225110292434692,0.6183435916900635,69.71387481689453,912.563436219684,2589.6969318696556,45.032792653053086,3.2524307066685396,0.5097060203552246,0.5069838166236877,53.902503967285156,0,5.971836090087891,0.0004355529963504523,-300.6304626464844,9.735066413879395,45.032792653053086,3.252430706668539
2400.846923828125,159.6490020751953,-8.450911521911621,0.07221569120883942,1825.37158203125,113.32469940185547,-8.1533784866333,0.06742223352193832,1981.7613525390625,165.45176696777344,-8.24262809753418,0.09066713601350784,124.21524810791016,35,1.753521203994751,1.5922847986221313,11.274600982666016,974.239187912537,2595.954301674272,45.03324263778166,3.2479375698969872,0.13564026355743408,0.13525381684303284,-72.29169464111328,0,7.308349132537842,0.0005330346175469458,1867.708251953125,10.521127700805664,45.03324263778166,3.2479375698969872
12635.0234375,157.02684020996094,-10.25394058227539,0.013496702536940575,4050.338623046875,116.01593780517578,-9.018728256225586,0.0311068594455719,6091.75537109375,158.21002197265625,-9.4618558883667,0.028204692527651787,853.4719848632812,29,5.090075969696045,0.4686259329319,-82.83161926269531,1333.5051889622205,2727.919908604309,45.04285011852752,3.2217639943632714,0.12081022560596466,0.007426939904689789,-83.53553009033203,3,9.245333671569824,0.0006743451813235879,3348.933349609375,30.540454864501953,45.04285011852752,3.221763994363271
651.5435180664062,107.74060821533203,-7.034858703613281,0.17958325147628784,620.7401123046875,112.064208984375,-6.982274532318115,0.19605906307697296,546.34619140625,114.88419342041016,-6.843669891357422,0.2283611297607422,59.263999938964844,10,1.9096964597702026,0.7226499915122986,-31.887178421020508,768.4004915218881,2589.324995693098,45.0327835699914,3.262933095765817,0.40026623010635376,0.3984423577785492,-31.0725040435791,0,7.017297744750977,0.0005117957480251789,-397.7391662597656,11.458178520202637,45.0327835699914,3.262933095765817
3312.05224609375,210.3226318359375,-8.800243377685547,0.06896340101957321,2009.540283203125,113.67276000976562,-8.257741928100586,0.06143127381801605,2717.575439453125,198.47483825683594,-8.585453987121582,0.0793147012591362,120.15507507324219,51,2.2917470932006836,1.7925786972045898,-63.84148406982422,1358.1988311230814,2604.6692589810623,45.03383402671238,3.219963045164241,0.16695545613765717,0.16663071513175964,-64.25495147705078,0,7.371740341186523,0.0005376845947466791,2317.724609375,13.750482559204102,45.03383402671238,3.219963045164241
9926.7939453125,181.77496337890625,-9.992022514343262,0.01988634094595909,8189.95849609375,120.63036346435547,-9.783204078674316,0.015995755791664124,9512.609375,189.20724487304688,-9.945749282836914,0.02160070464015007,513.6148071289062,79,1.9482519626617432,1.7777857780456543,-76.9161605834961,461.6674332613375,2611.6174253547565,45.03445368241771,3.2852781511030487,0.03144665062427521,0.03128303214907646,-84.43109130859375,0,3.805152654647827,0.00027751573361456394,9270.1435546875,11.689512252807617,45.03445368241771,3.2852781511030487
1289.552734375,134.61256408691406,-7.776097774505615,0.11336430162191391,980.2493896484375,112.31888580322266,-7.478341579437256,0.12443599849939346,1262.080078125,183.9292755126953,-7.7527174949646,0.15826824307441711,85.0179443359375,20,1.4108343124389648,1.2408829927444458,-57.17839050292969,36.67615821189688,2597.494781154222,45.03347776760037,3.3162340407724344,0.22810766100883484,0.2278146743774414,-20.795570373535156,0,5.461333274841309,0.0003982940106652677,1216.142333984375,8.465005874633789,45.03347776760037,3.3162340407724225
83513.2890625,275.33197021484375,-12.304388999938965,0.003580394433811307,69037.375,175.817626953125,-12.097710609436035,0.002765718614682555,82540.296875,255.94412231445312,-12.291665077209473,0.0033675103913992643,4290.7734375,186,2.234861135482788,2.0324971675872803,74.19580078125,687.8832730356535,2634.329405277441,45.03608532009768,3.2687998456976914,0.0058190105482935905,0.005690409801900387,-82.91732025146484,3,3.778289794921875,0.00027556181885302067,85094.890625,13.40916633605957,45.03608532009768,3.2687998456976914
1042290.8125,667.6631469726562,-15.04497241973877,0.0006956620491109788,849910.4375,490.5541076660156,-14.823432922363281,0.0006268210709095001,1013761.75,572.40869140625,-15.014840126037598,0.0006131971604190767,49119.796875,603,2.4359540939331055,2.376075029373169,73.41642761230469,696.5305159632194,2677.0396104557517,45.039207863618635,3.268171028468313,0.0013691189233213663,0.00132085126824677,-84.99880981445312,4,3.885796070098877,0.0002834030019585043,1038866.4375,14.615724563598633,45.039207863618635,3.268171028468313
901.5657348632812,135.52908325195312,-7.38749361038208,0.16325441002845764,504.91510009765625,111.92534637451172,-6.758045673370361,0.24073536694049835,506.7739562988281,115.9051742553711,-6.762035846710205,0.24838098883628845,37.530433654785156,12,1.697039246559143,0.8058612942695618,-42.178070068359375,1903.023667147528,2598.967533403,45.033357572585416,3.1802615512559385,0.5470419526100159,0.545574963092804,-43.39487838745117,1,6.985215663909912,0.0005095369997434318,-31.002775192260742,10.182235717773438,45.03335757258541,3.1802615512559496
2124.0712890625,174.11102294921875,-8.317922592163086,0.08901987969875336,1415.0159912109375,112.96830749511719,-7.876903533935547,0.08670119196176529,1422.1439208984375,152.59056091308594,-7.882359027862549,0.1165236160159111,97.53170013427734,33,1.6668758392333984,1.4717121124267578,81.07957458496094,1811.6057834751166,2622.803735862748,45.035110073700274,3.186923819206495,0.1543806940317154,0.15430185198783875,68.05648803710938,0,5.911592483520508,0.0004312154196668416,1114.0289306640625,10.00125503540039,45.035110073700274,3.186923819206495
1345.524169921875,146.34500122070312,-7.822228908538818,0.1181180328130722,878.8651733398438,112.37306213378906,-7.359805583953857,0.1388576477766037,1148.16552734375,178.40774536132812,-7.65001106262207,0.1687481552362442,66.50301361083984,21,1.9380028247833252,1.6922242641448975,-87.31771850585938,792.8981455752759,2618.1637876702366,45.034889612305605,3.261149156594535,0.3398175835609436,0.33892613649368286,51.134498596191406,0,10.849224090576172,0.0007912737200967968,372.96893310546875,11.62801742553711,45.034889612305605,3.2611491565945356
21992.662109375,185.04940795898438,-10.855694770812988,0.009137759916484356,19301.921875,132.71994018554688,-10.714001655578613,0.007467331830412149,22674.009765625,201.40789794921875,-10.88882064819336,0.009646683000028133,1101.20361328125,91,2.0572350025177,1.7743381261825562,57.72623825073242,682.4847867304652,2640.340583523355,45.03652565186613,3.269193276591349,0.015199008397758007,0.015053002163767815,-82.98112487792969,3,4.420363903045654,0.00032239005668088794,24000.189453125,12.34341049194336,45.03652565186612,3.269193276591361
3074.73779296875,146.35536193847656,-8.719520568847656,0.051692839711904526,2682.2626953125,114.24929809570312,-8.571253776550293,0.046257488429546356,2820.975830078125,160.85972595214844,-8.625998497009277,0.06192667782306671,162.71986389160156,38,1.7384991645812988,1.3612492084503174,-84.7699966430664,1364.4247629034498,2635.007676850793,45.036051940132445,3.2195098053400852,0.08067744970321655,0.0805583968758583,-49.884971618652344,0,4.950164318084717,0.0003610592393670231,2800.893310546875,10.430994987487793,45.03605194013244,3.219509805340097
777.8609619140625,116.61544799804688,-7.227254867553711,0.1628110706806183,464.70819091796875,111.8770980834961,-6.667950630187988,0.26145121455192566,453.7377624511719,114.77590942382812,-6.642012119293213,0.2747107446193695,56.37940979003906,12,1.389783501625061,0.9841129779815674,79.89244842529297,956.4194559136644,2623.022473277037,45.03522443727289,3.249236383323774,0.28879523277282715,0.28825411200523376,-75.10320281982422,0,6.985540390014648,0.0005094900261610746,285.9161376953125,8.338701248168945,45.03522443727288,3.249236383323785
1153.1279296875,135.090576171875,-7.654693603515625,0.12722644209861755,878.1527709960938,112.32837677001953,-7.3589253425598145,0.1389150321483612,965.2259521484375,122.61595153808594,-7.461572647094727,0.13795828819274902,74.55189514160156,13,1.4619487524032593,0.8850098252296448,30.33798599243164,908.3413801669637,2622.6962958763047,45.03520656607366,3.252739030880139,0.2709730267524719,0.2702662944793701,2.127028226852417,2,6.160408020019531,0.0004493067099247128,1081.99755859375,8.771692276000977,45.03520656607366,3.2527390308801265
881.9967651367188,132.85687255859375,-7.3636674880981445,0.16358627378940582,381.4289855957031,111.95320892333984,-6.453534126281738,0.31875184178352356,340.46728515625,137.13868713378906,-6.330188274383545,0.43743589520454407,40.99677658081055,10,1.8314757347106934,1.0438543558120728,51.42019271850586,1707.3355081291961,2627.0166413278894,45.03542922550842,3.1945224392504623,0.550637423992157,0.5501385927200317,24.370922088623047,0,8.270923614501953,0.0006033038953319192,-407.8656921386719,10.98885440826416,45.03542922550842,3.1945224392504743
4723.650390625,183.46836853027344,-9.185694694519043,0.04218064993619919,3440.412109375,115.52123260498047,-8.84152603149414,0.03646541386842728,3770.4716796875,170.5459747314453,-8.94098949432373,0.049121953547000885,232.5291290283203,48,2.067095994949341,1.4412747621536255,70.56621551513672,1101.805356173104,2693.8923531535047,45.04038943140968,3.238645520722219,0.07038288563489914,0.07029793411493301,-34.43291473388672,0,4.28696346282959,0.00031267592567019165,3463.681640625,12.402576446533203,45.04038943140968,3.238645520722207
663.234375,116.0057601928711,-7.054167747497559,0.1899513304233551,489.5910339355469,111.55431365966797,-6.724583625793457,0.24744729697704315,533.9703369140625,116.99388885498047,-6.818792819976807,0.2379446029663086,48.46615982055664,9,1.6978057622909546,0.8336882591247559,-32.275360107421875,1376.6482638000637,2633.8238356338566,45.03596395214575,3.2186191367483956,0.43285250663757324,0.4322645366191864,-16.403793334960938,0,7.10762357711792,0.0005184226320125163,179.2686004638672,10.186834335327148,45.03596395214575,3.218619136748396
2006.9677734375,186.81109619140625,-8.256351470947266,0.10108625143766403,1035.52490234375,112.56010437011719,-7.537901401519775,0.11804667115211487,1196.504150390625,185.2157745361328,-7.6947855949401855,0.16811001300811768,66.91946411132812,27,2.080381393432617,1.696622610092163,-87.43826293945312,177.16514805901267,2647.0842820483094,45.03708583951057,3.3060028924688254,0.2787822186946869,0.27766111493110657,68.53558349609375,2,11.256978034973145,0.0008209735387936234,761.394287109375,12.482288360595703,45.03708583951057,3.3060028924688254
138728.09375,528.39013671875,-12.8554105758667,0.004136377014219761,41131.375,153.02854919433594,-11.535432815551758,0.004040443804115057,132993.734375,539.5223999023438,-12.809577941894531,0.004405631218105555,1270.4503173828125,724,6.316701412200928,4.280177593231201,46.218284606933594,1843.570572267807,2717.455525371326,45.042028155634455,3.1845945686519324,0.017692789435386658,0.01688452623784542,53.15895080566406,0,11.760358810424805,0.0008578615379519761,131270.953125,37.90020751953125,45.042028155634455,3.1845945686519324
2724.03173828125,148.54083251953125,-8.588030815124512,0.05921933427453041,2330.18505859375,113.9212646484375,-8.418476104736328,0.05309384688735008,2487.442626953125,152.72100830078125,-8.48938274383545,0.06667692214250565,165.73069763183594,36,1.7439024448394775,1.353460431098938,-88.20323944091797,865.0567869556999,2649.54114350724,45.037175270406905,3.2558930430068966,0.0928986519575119,0.09241828322410583,84.68949890136719,0,4.28916597366333,0.00031282720738090575,1882.0595703125,10.463415145874023,45.037175270406905,3.2558930430068966
1164.0325927734375,141.90130615234375,-7.664912700653076,0.13238875567913055,727.2528076171875,112.10392761230469,-7.1542134284973145,0.16740377247333527,642.8716430664062,146.9593963623047,-7.020310878753662,0.2482578009366989,63.611209869384766,18,1.8808021545410156,1.1848794221878052,22.468833923339844,95.82738536315807,2643.0746501360522,45.03680363339216,3.3119272866222675,0.23728665709495544,0.23667240142822266,-56.76108169555664,0,8.934429168701172,0.0006515869172289968,207.23658752441406,11.284812927246094,45.036803633392154,3.3119272866222786
1054.5570068359375,139.21827697753906,-7.557675361633301,0.14336925745010376,627.5333251953125,111.9404296875,-6.994091987609863,0.19372247159481049,518.8340454101562,142.59194946289062,-6.787570953369141,0.2984670400619507,55.00532150268555,16,1.7260822057724,1.2706904411315918,43.08530044555664,903.8941556241407,2650.8044465531616,45.0372627823759,3.253063655191684,0.26519304513931274,0.2644449770450592,12.715490341186523,0,8.863128662109375,0.0006464286707341671,-123.18017578125,10.35649299621582,45.03726278237589,3.2530636551916836
22362.83203125,203.91729736328125,-10.873817443847656,0.009902779012918472,18855.763671875,132.0068817138672,-10.688610076904297,0.007602952420711517,21894.6640625,204.53213500976562,-10.850845336914062,0.01014502439647913,1215.7310791015625,110,1.9527913331985474,1.92378568649292,60.31996154785156,76.90215805453485,2677.604474141942,45.03933187022112,3.3133070150420862,0.014903711155056953,0.014752326533198357,-82.18069458007812,0,3.681278944015503,0.000268474715994671,22417.94921875,11.716748237609863,45.03933187022111,3.3133070150420982
1976.5909423828125,190.5221710205078,-8.239791870117188,0.10467875748872757,877.1609497070312,112.23946380615234,-7.357698440551758,0.1389620155096054,897.357177734375,190.24880981445312,-7.382413387298584,0.2302429974079132,54.74228286743164,20,1.5957757234573364,1.290645956993103,-6.186764240264893,1115.48911347943,2663.5820371619993,45.03817113522458,3.2376479822874393,0.26651906967163086,0.2662845253944397,4.891757965087891,0,8.586899757385254,0.0006262981914915144,913.239990234375,9.574654579162598,45.03817113522458,3.237647982287451
580.7640380859375,99.67184448242188,-6.909999370574951,0.18638141453266144,527.5413208007812,111.95248413085938,-6.805641174316406,0.2304661124944687,515.1238403320312,89.54653930664062,-6.779778957366943,0.18878477811813354,53.636295318603516,9,1.075161337852478,0.7647591233253479,-81.226806640625,1511.9800263466748,2657.236138859787,45.03766061185694,3.2087583050207966,0.292074054479599,0.2907869815826416,-86.95409393310547,0,5.397989749908447,0.00039373256731778383,512.9439697265625,6.450967788696289,45.03766061185694,3.2087583050207966
1666.51708984375,158.61656188964844,-8.054524421691895,0.10336382687091827,1153.81396484375,112.70112609863281,-7.65533971786499,0.10607725381851196,1159.3148193359375,162.5258331298828,-7.660503387451172,0.15224774181842804,75.39430236816406,26,2.0101704597473145,1.3220345973968506,72.24597930908203,1716.3343739606448,2670.2974804383875,45.038593222151746,3.1938668974898947,0.22035562992095947,0.2195633202791214,-87.94593811035156,0,9.442954063415527,0.0006887989002279937,185.241943359375,12.061022758483887,45.038593222151746,3.1938668974898947
1478.1112060546875,171.48097229003906,-7.924267768859863,0.12599074840545654,459.7380676269531,111.65078735351562,-6.656276226043701,0.263743132352829,491.7622985839844,105.89456176757812,-6.729388236999512,0.23385585844516754,49.115211486816406,11,1.4391088485717773,0.8205552697181702,-24.73984146118164,815.1414293772312,2663.820502443928,45.03822589504676,3.2595298200964575,0.42777353525161743,0.4275529682636261,-29.796619415283203,0,6.48566198348999,0.00047302470193244517,236.12872314453125,8.634653091430664,45.03822589504675,3.259529820096469
2847.220703125,185.6866912841797,-8.636053085327148,0.0708254724740982,1909.7384033203125,113.46803283691406,-8.202434539794922,0.06452521681785583,2516.522705078125,184.17544555664062,-8.502001762390137,0.07948052138090134,100.63288879394531,43,2.422201633453369,1.4033582210540771,-0.5309916138648987,150.67591216975651,2669.496711372771,45.03872875191418,3.3079331365594102,0.16369593143463135,0.1629868894815445,4.794896125793457,0,8.931440353393555,0.0006513702683150768,1786.256103515625,14.533209800720215,45.03872875191418,3.30793313655941
47429.65234375,262.6622009277344,-11.69012451171875,0.006014194339513779,37925.77734375,150.3861083984375,-11.447336196899414,0.004306287970393896,45812.40625,249.09213256835938,-11.652458190917969,0.0059048207476735115,2158.497314453125,183,2.3310346603393555,2.2111735343933105,50.560157775878906,1865.5095066508848,2705.5101152846155,45.041152362343965,3.182995662284902,0.009018628858029842,0.008855794556438923,-84.89120483398438,0,3.885312557220459,0.00028341569122858346,47807.609375,13.986207962036133,45.041152362343965,3.182995662284902
1476.5703125,155.853759765625,-7.923135280609131,0.11462859809398651,1099.848388671875,112.50555419921875,-7.603332042694092,0.11108897626399994,1020.9598388671875,157.0149383544922,-7.522521495819092,0.16701756417751312,71.75457000732422,23,1.6974095106124878,1.4988806247711182,-23.40011978149414,1189.7983769344476,2679.5274280364333,45.03932826518923,3.2322341303400477,0.2304287850856781,0.22994321584701538,-24.028749465942383,0,6.1120686531066895,0.0004457974573597312,493.2704162597656,10.184456825256348,45.03932826518923,3.232234130340048
27882.779296875,540.8322143554688,-11.113340377807617,0.021064750850200653,5513.92724609375,118.07368469238281,-9.353652954101562,0.023255297914147377,25603.38671875,536.062744140625,-11.020743370056152,0.0227377787232399,172.02545166015625,396,5.595395088195801,5.297731399536133,-87.9421157836914,1616.2831667807416,2824.5406671653723,45.049883317687716,3.2011590199726143,0.13405761122703552,0.13384641706943512,-84.14005279541016,2,18.91065788269043,0.0013793989783152938,21169.287109375,33.57237243652344,45.04988331768772,3.2011590199726023
4047.87060546875,207.23751831054688,-9.01806640625,0.05559958890080452,2551.506103515625,114.2249526977539,-8.51699161529541,0.04861767590045929,3696.402099609375,197.89544677734375,-8.919447898864746,0.05814152583479881,139.83233642578125,53,2.193600654602051,1.8314300775527954,-40.41627883911133,1774.0467567087187,2692.7055821700096,45.040225652311996,3.1896612088296035,0.12674351036548615,0.1264486312866211,-50.05103302001953,2,7.6074347496032715,0.0005549172637984157,3077.722900390625,13.161603927612305,45.040225652312,3.189661208829592
591.4564819335938,103.90534973144531,-6.929807186126709,0.19078531861305237,727.8793334960938,112.36796569824219,-7.155148506164551,0.1676536202430725,939.4902954101562,185.02935791015625,-7.4322309494018555,0.21388393640518188,51.97525405883789,9,1.154421091079712,0.8612833023071289,61.56584167480469,1073.4158913354202,2675.201696443195,45.03902602602987,3.240713572593872,0.4784695506095886,0.47711271047592163,39.389984130859375,2,5.765475749969482,0.0004205115546938032,813.75244140625,6.9265265464782715,45.03902602602987,3.2407135725938843
861.101806640625,126.46136474609375,-7.337636470794678,0.15948989987373352,622.1998901367188,112.15382385253906,-6.9848246574401855,0.1957554966211319,706.8907470703125,119.27499389648438,-7.123380661010742,0.1832427978515625,58.127262115478516,13,1.6255137920379639,0.9108079671859741,28.943071365356445,537.1228413839517,2677.8299036590297,45.039286439384284,3.279783562817625,0.35361015796661377,0.3529123067855835,24.365917205810547,0,7.270785808563232,0.0005302729550749063,-135.91859436035156,9.753082275390625,45.039286439384284,3.279783562817625
1109.039306640625,140.85406494140625,-7.612367153167725,0.13792794942855835,773.1641235351562,112.37825012207031,-7.22067928314209,0.15784847736358643,758.175537109375,122.38900756835938,-7.1994242668151855,0.17530830204486847,67.50377655029297,17,1.5941370725631714,0.927734911441803,69.93656158447266,122.38380344029903,2680.952389274726,45.03957051707831,3.3099943164880785,0.2528811991214752,0.25248998403549194,73.2498550415039,0,7.2668328285217285,0.0005299694021232426,352.1848449707031,9.56482219696045,45.03957051707831,3.3099943164880896
3588.912109375,67.59442901611328,-8.887407302856445,0.020453983917832375,3279.15576171875,115.07714080810547,-8.78940486907959,0.038111571222543716,6814.73828125,141.60916137695312,-9.583622932434082,0.0225669052451849,647.6530151367188,12,2.272719383239746,0.29224252700805664,-86.54096984863281,1331.1207500501664,2695.067133778704,45.040447916369125,3.221937283201953,0.046186577528715134,0.006707868073135614,-84.9615707397461,2,4.841695308685303,0.00035314721753820777,5500.22412109375,13.636316299438477,45.040447916369125,3.221937283201953
1091.052734375,133.74069213867188,-7.594614505767822,0.1331213265657425,712.9991455078125,112.17469787597656,-7.1327223777771,0.17085815966129303,683.6090087890625,184.17623901367188,-7.087019443511963,0.29258742928504944,54.15580749511719,17,2.465771198272705,1.4445993900299072,59.01972579956055,372.3843599240948,2685.9208552697846,45.03990006790323,3.291784157440349,0.31572863459587097,0.31516510248184204,70.26844787597656,2,11.30877685546875,0.0008247609948739409,-695.7145385742188,14.79462718963623,45.03990006790323,3.291784157440349
581.4961547851562,100.07235717773438,-6.911366939544678,0.1868947595357895,595.5382080078125,112.07795715332031,-6.937273979187012,0.20438094437122345,507.8728332519531,153.3977508544922,-6.764387607574463,0.3280150890350342,50.24039077758789,9,2.1173222064971924,0.422819584608078,52.52442169189453,370.56314498148146,2687.5929781879895,45.04002261014123,3.291916874221456,0.33292317390441895,0.3320169150829315,46.310001373291016,2,5.6364426612854,0.0004110716108698398,-211.7119598388672,12.703933715820312,45.04002261014123,3.2919168742214566
1729.4561767578125,163.6549530029297,-8.09477424621582,0.1027659922838211,1198.035400390625,112.75379943847656,-7.696174144744873,0.10220952332019806,1242.158203125,156.4187774658203,-7.735442161560059,0.13675455749034882,69.6072769165039,27,1.6524755954742432,1.5381815433502197,-35.611961364746094,132.6135287952469,2692.4828654242388,45.040412489173896,3.309249603643469,0.2149164378643036,0.21438013017177582,-59.028656005859375,0,8.90714168548584,0.0006495970883406699,1015.23388671875,9.914854049682617,45.040412489173896,3.309249603643469
1810.65087890625,176.96310424804688,-8.144586563110352,0.10613969713449478,1166.809326171875,112.71660614013672,-7.667499542236328,0.1049102321267128,1328.820068359375,154.11468505859375,-7.8086652755737305,0.12595275044441223,76.8614501953125,25,1.9708999395370483,1.302486777305603,-14.17183780670166,242.9505942528037,2695.9789238895146,45.040653164087324,3.3012127423275857,0.276174396276474,0.27561238408088684,-6.953442573547363,2,7.28858757019043,0.0005315595772117376,316.22943115234375,11.825399398803711,45.040653164087324,3.301212742327585
1781.89599609375,186.2945556640625,-8.127205848693848,0.1135396733880043,717.4853515625,112.13615417480469,-7.139532566070557,0.1697314977645874,862.0252075195312,190.87005615234375,-7.338799953460693,0.24046266078948975,53.94052505493164,20,2.3237273693084717,1.673282504081726,12.857107162475586,307.80623663165426,2699.4842797268884,45.040900774573,3.2964886553618777,0.42692074179649353,0.42549043893814087,27.79294204711914,2,11.817178726196289,0.0008618350839242339,114.70832061767578,13.942363739013672,45.040900774573,3.296488655361877
580.7384033203125,99.6572265625,-6.909951210021973,0.18636231124401093,437.9980773925781,111.44801330566406,-6.603680610656738,0.27633121609687805,433.67816162109375,122.03247833251953,-6.592918872833252,0.3055889904499054,75.7730484008789,5,0.9190540313720703,0.6927045583724976,32.84642791748047,645.0372325038994,2700.281993885997,45.04091439029546,3.2719228938023153,0.5309919714927673,0.5299659967422485,-22.470603942871094,2,2.5275509357452393,0.00018434117373544723,479.0190734863281,5.514324188232422,45.04091439029547,3.2719228938023037
705.4210205078125,118.54497528076172,-7.121120929718018,0.1825007200241089,379.0682373046875,111.81832122802734,-6.446793556213379,0.3203504979610443,419.62078857421875,124.01881408691406,-6.55714225769043,0.32096701860427856,47.88713073730469,10,1.727716326713562,0.9225712418556213,-52.82021713256836,1964.225680208177,2709.248847140288,45.04141562096582,3.175801177790402,0.5464047789573669,0.5452792644500732,-49.368167877197266,0,7.54664945602417,0.0005505041335709393,-109.67524719238281,10.366297721862793,45.041415620965815,3.175801177790426
1430.07763671875,59.29230880737305,-7.888399124145508,0.045026540756225586,1617.989990234375,113.0787124633789,-8.022439956665039,0.07589878886938095,1354.80419921875,57.61008834838867,-7.829691410064697,0.04617977887392044,275.47271728515625,9,1.7211809158325195,0.14157018065452576,-89.51458740234375,1331.928065617598,2716.3484728279345,45.04200410065786,3.2218787522372945,0.08061891794204712,0.011552650481462479,-88.47062683105469,2,2.879183769226074,0.0002100044657709077,4769.45361328125,10.327085494995117,45.04200410065787,3.221878752237283
4477.80810546875,211.35240173339844,-9.127663612365723,0.05125916749238968,2900.0107421875,114.8485107421875,-8.655999183654785,0.043008629232645035,3745.310791015625,208.82618713378906,-8.933719635009766,0.060551781207323074,132.1168212890625,64,2.221616744995117,2.0332889556884766,-0.033458124846220016,1015.2595229345659,2726.9585592906114,45.04281825121407,3.244951722459379,0.11538723856210709,0.11487670987844467,-6.558181285858154,0,7.325411796569824,0.0005342844524420798,3181.157958984375,13.329700469970703,45.04281825121407,3.244951722459379
1772.7347412109375,58.397159576416016,-8.121609687805176,0.035774849355220795,1580.7864990234375,112.77278900146484,-7.997182846069336,0.07747488468885422,1788.6038818359375,75.17803955078125,-8.131285667419434,0.045646414160728455,345.6949462890625,9,2.4008288383483887,0.28867506980895996,90.0,1332.9889027365396,2722.486903115001,45.04245287123338,3.2218015389516794,0.16099312901496887,0.1562398374080658,89.83047485351562,3,4.947991371154785,0.00036090120556764305,1489.9248046875,14.404973030090332,45.04245287123337,3.22180153895169
1489.208984375,160.9607696533203,-7.932389259338379,0.11738003045320511,868.7019653320312,112.14154052734375,-7.347177028656006,0.14019274711608887,704.93408203125,205.06857299804688,-7.120371341705322,0.31592240929603577,67.23442077636719,23,2.398850679397583,1.8475494384765625,20.924732208251953,1902.7887151152643,2724.4778042466173,45.04253550343395,3.1802787820030542,0.23444488644599915,0.23415035009384155,-21.43596839904785,0,12.448277473449707,0.0009080531308427453,-663.1802978515625,14.393104553222656,45.04253550343395,3.180278782003054
1670.580322265625,166.4923858642578,-8.057168006896973,0.1082322895526886,1152.6611328125,112.87442016601562,-7.654253959655762,0.10634661465883255,1132.4095458984375,153.94345092773438,-7.635008811950684,0.1476343870162964,104.17932891845703,26,1.7283294200897217,1.4073988199234009,89.26771545410156,1621.3273532793687,2725.82271016108,45.04266393484333,3.2007907196744343,0.20609314739704132,0.205699622631073,-51.94320297241211,0,6.084545612335205,0.00044382092892192304,914.6707763671875,10.369976043701172,45.04266393484333,3.2007907196744347
661.4725341796875,115.80944061279297,-7.051279544830322,0.1901349574327469,41.08319091796875,111.5000991821289,-4.034160614013672,2.9474124908447266,231.75677490234375,129.64474487304688,-5.912580966949463,0.6075084209442139,44.18744659423828,9,1.9244539737701416,0.9507606029510498,67.55268096923828,76.07217709322056,2733.4753739273774,45.04341855940761,3.313369511509381,0.3425248861312866,0.15710178017616272,68.76287841796875,0,8.090063095092773,0.0005900050164200366,-455.0761413574219,11.546724319458008,45.04341855940761,3.3133695115093813
5196.22607421875,113.64375305175781,-9.289219856262207,0.02375129796564579,4200.20654296875,116.27400970458984,-9.05817699432373,0.030063658952713013,5517.69091796875,137.7173309326172,-9.354393005371094,0.027105726301670074,685.0286254882812,33,2.808673620223999,0.6776814460754395,-76.29576110839844,1330.1898623077047,2748.767930939664,45.044375091123285,3.2220058529104576,0.03911407291889191,0.03703339397907257,-77.36292266845703,3,4.778900146484375,0.0003485683409962803,3573.6845703125,16.852041244506836,45.044375091123285,3.222005852910457
1237.341796875,158.62396240234375,-7.731224060058594,0.13922233879566193,481.2378234863281,111.76480865478516,-6.705899238586426,0.25221747159957886,405.1501159667969,148.41070556640625,-6.519040107727051,0.3978131115436554,54.21983337402344,15,1.8088452816009521,1.2743421792984009,-67.78932189941406,1033.3694780484263,2742.5324763998487,45.04395494868609,3.243632585975199,0.34726133942604065,0.3461363911628723,-29.714384078979492,0,9.087552070617676,0.000662809528876096,68.04499816894531,10.853071212768555,45.04395494868609,3.243632585975199
862.2811889648438,126.71569061279297,-7.339122295379639,0.15959207713603973,672.1405639648438,112.08184814453125,-7.068650245666504,0.18109437823295593,717.037841796875,131.08905029296875,-7.13885498046875,0.19854280352592468,57.13261413574219,13,1.7177395820617676,1.0597978830337524,-55.36882019042969,105.89422644006045,2741.0141299893166,45.04396584947104,3.3111975683572807,0.3409801721572876,0.34037819504737854,-53.8843994140625,0,8.069457054138184,0.0005885031423531473,461.4381408691406,10.306437492370605,45.04396584947104,3.311197568357281
1706.931884765625,58.49925231933594,-8.080540657043457,0.037218935787677765,1754.222900390625,113.37076568603516,-8.110212326049805,0.07018529623746872,1806.452880859375,79.97064971923828,-8.142066955566406,0.048076607286930084,305.3673095703125,9,1.2941913604736328,0.48825693130493164,-77.4433364868164,1331.4684168063854,2742.3132388262625,45.04390291979498,3.221912601808472,0.054216764867305756,0.053047340363264084,-81.59303283691406,3,4.720000267028809,0.0003442721499595791,1685.0101318359375,7.765148162841797,45.04390291979498,3.2219126018084725
694.5127563476562,116.99113464355469,-7.10420036315918,0.1829374134540558,338.5562438964844,111.76966094970703,-6.324077129364014,0.35852786898612976,313.12591552734375,236.08966064453125,-6.239297389984131,0.8188187479972839,53.395347595214844,10,1.5483707189559937,1.2483971118927002,81.63011169433594,2002.8318114624137,2748.4987983177716,45.04428182882553,3.17298738839164,0.46756887435913086,0.46640336513519287,-85.29415130615234,0,5.841060638427734,0.0004260920104570687,642.7596435546875,9.290224075317383,45.04428182882553,3.172987388391628
20927.396484375,275.5602722167969,-10.801788330078125,0.014299841597676277,13182.0322265625,126.18180084228516,-10.299956321716309,0.010395471006631851,19958.9453125,293.48333740234375,-10.750344276428223,0.01596892438828945,657.6530151367188,177,3.5288455486297607,2.42283034324646,-3.016970157623291,1940.7178468455345,2778.9315883319155,45.04651347948583,3.1775144395767096,0.028878627344965935,0.028684256598353386,85.23584747314453,2,5.468409061431885,0.0003989045217167586,19741.23828125,21.173072814941406,45.04651347948583,3.17751443957671
4424.91064453125,257.1299743652344,-9.114761352539062,0.06310707330703735,1880.7562255859375,113.47714233398438,-8.185831069946289,0.06552479416131973,3373.827392578125,248.95370483398438,-8.820306777954102,0.08013561367988586,97.21038818359375,49,3.3884918689727783,1.9188275337219238,-89.17420196533203,747.821835305841,2779.796307416382,45.04671630716215,3.2644370688846758,0.24394100904464722,0.2428283542394638,75.5072021484375,2,15.292189598083496,0.0011153144296258688,759.2472534179688,20.330951690673828,45.04671630716215,3.2644370688846758
6316.326171875,218.4137725830078,-9.501161575317383,0.037553057074546814,4074.64599609375,115.95915222167969,-9.025224685668945,0.030906153842806816,5807.27978515625,223.76841735839844,-9.409932136535645,0.04184618592262268,204.87301635742188,81,2.6643667221069336,1.9356292486190796,-84.67284393310547,371.2088622889027,2781.8860564799984,45.046918997675846,3.2918728576273493,0.08672930300235748,0.08614520728588104,-80.17807006835938,0,6.903932571411133,0.0005035105859860778,4717.22802734375,15.986200332641602,45.046918997675846,3.2918728576273493
843.1168212890625,121.53727722167969,-7.314719200134277,0.15654945373535156,739.4307250976562,112.20632934570312,-7.172243595123291,0.16479714214801788,860.903564453125,194.06793212890625,-7.337386131286621,0.24480997025966644,72.00027465820312,9,1.4552704095840454,0.7885557413101196,4.879634380340576,1291.9826420251422,2756.381030090731,45.04493633746524,3.2247899309924537,0.4487765431404114,0.44827309250831604,-19.914093017578125,2,5.407758712768555,0.0003944345808122307,817.3272094726562,8.731622695922852,45.04493633746524,3.2247899309924537
2993.286376953125,198.7600860595703,-8.690370559692383,0.07211253046989441,1697.4359130859375,113.3034896850586,-8.074483871459961,0.07249027490615845,2410.38037109375,202.56744384765625,-8.45521354675293,0.09126702696084976,122.55003356933594,43,2.2088115215301514,1.6117721796035767,-56.888153076171875,1202.7136459855096,2774.203746802641,45.0462503694799,3.231294676984791,0.17284715175628662,0.17238017916679382,-72.9140625,2,7.483660697937012,0.0005458415835164487,2308.072265625,13.25286865234375,45.0462503694799,3.231294676984791
1496.24853515625,162.845947265625,-7.937509536743164,0.11819607019424438,768.2086791992188,112.1968765258789,-7.213697910308838,0.1586102992296219,1115.5770263671875,167.71018981933594,-7.618749141693115,0.1632637232542038,55.944969177246094,19,1.8617750406265259,1.5498522520065308,-19.379751205444336,57.82468317210309,2762.2412820812574,45.04552509271674,3.3146997023215476,0.4247063994407654,0.423659086227417,18.924898147583008,2,10.17362117767334,0.0007419566973112524,966.5010375976562,11.170650482177734,45.04552509271673,3.314699702321559
2302.279541015625,73.70365905761719,-8.4053955078125,0.034766487777233124,1493.3333740234375,113.2789535522461,-7.935391902923584,0.08238009363412857,3871.0517578125,132.4342498779297,-8.969572067260742,0.03715362399816513,365.4482727050781,14,3.0012624263763428,0.3316004276275635,13.982440948486328,1846.199173121161,2760.639226262379,45.04518566649706,3.184403083179605,0.08887351304292679,0.015477054752409458,13.18320083618164,19,5.947495937347412,0.0004338430007919669,2208.0751953125,18.0075740814209,45.04518566649706,3.1844030831796046
3119.154052734375,105.27540588378906,-8.735092163085938,0.036653876304626465,2466.666015625,114.25457000732422,-8.480276107788086,0.050302904099226,5269.2265625,198.33993530273438,-9.304367065429688,0.040878329426050186,355.4861145019531,26,2.7532732486724854,0.6594751477241516,13.85219669342041,1871.9782497937022,2766.6277782660086,45.045620879041955,3.1825243065941535,0.09707105159759521,0.030409958213567734,13.183387756347656,3,8.05886173248291,0.0005878616357222199,2852.203369140625,16.51963996887207,45.045620879041955,3.1825243065941535
3851.4609375,268.0899658203125,-8.96406364440918,0.07559357583522797,1425.76025390625,112.89385223388672,-7.885116100311279,0.08599112182855606,2235.14892578125,201.84214782714844,-8.373266220092773,0.09806978702545166,69.12150573730469,33,2.414705991744995,1.7444231510162354,47.51758575439453,931.9180823540476,2775.780472817589,45.0463990978152,3.251024751378825,0.2622797191143036,0.2618752717971802,-30.26657485961914,2,12.30139446258545,0.0008972040377557278,902.0225830078125,14.488235473632812,45.046399097815204,3.251024751378813
4226.12939453125,112.24906921386719,-9.06485652923584,0.02884494885802269,1878.9432373046875,113.73511505126953,-8.184783935546875,0.06573712825775146,6137.125,145.2668914794922,-9.4699125289917,0.025705821812152863,288.3102722167969,18,4.721224308013916,0.360763281583786,13.013753890991211,1855.2795887431796,2760.852399025563,45.045200303220334,3.1837413034057414,0.12867215275764465,0.013702561147511005,12.540205955505371,19,7.803299903869629,0.0005692173144780099,1577.9849853515625,28.327346801757812,45.045200303220334,3.1837413034057533
907.9000854492188,126.09988403320312,-7.395095348358154,0.1508364975452423,685.8109130859375,111.87832641601562,-7.090510845184326,0.17716233432292938,649.2545166015625,117.12612915039062,-7.031037330627441,0.19591543078422546,52.14668273925781,14,1.5307085514068604,0.9303821921348572,30.045690536499023,388.24486302613803,2764.3067767561743,45.04563098729615,3.290631308940423,0.26466014981269836,0.2642718553543091,-1.189677357673645,0,7.1296563148498535,0.0005199736333452165,463.2511901855469,9.18425178527832,45.04563098729614,3.2906313089404224
896.7329711914062,118.41000366210938,-7.38165807723999,0.14340196549892426,809.5318603515625,112.11460876464844,-7.270585060119629,0.15040354430675507,942.1435546875,148.06649780273438,-7.435292720794678,0.1706748604774475,66.2523193359375,14,1.307102084159851,0.8641668558120728,70.41664123535156,1304.8511136697418,2765.308093407348,45.04558763543574,3.2238523999771798,0.23687951266765594,0.2357931286096573,81.60701751708984,2,5.142340660095215,0.000375076342606917,923.1898193359375,7.842612266540527,45.04558763543574,3.223852399977192
1478.1131591796875,156.7504425048828,-7.924269199371338,0.1151677593588829,979.3624877929688,112.23008728027344,-7.477358818054199,0.12445022165775299,1075.738037109375,159.39627075195312,-7.579266548156738,0.16091682016849518,67.88850402832031,23,2.130419969558716,1.2537931203842163,-84.23221588134766,1785.1163600933623,2776.3536433019,45.04634123558324,3.188854784223446,0.2625940144062042,0.26182156801223755,82.40137481689453,0,9.786520957946777,0.0007138763321563601,307.7198486328125,12.782520294189453,45.04634123558324,3.1888547842234574
2960.436279296875,237.5345001220703,-8.678389549255371,0.0871366411447525,1293.5169677734375,112.78013610839844,-7.779430389404297,0.09468698501586914,1885.80712890625,308.333251953125,-8.188743591308594,0.17756317555904388,66.97260284423828,41,2.568751096725464,1.8766192197799683,-85.28866577148438,1953.2949795829534,2786.555621853365,45.04706968985342,3.1765977704874375,0.26482298970222473,0.2643622159957886,78.22586822509766,3,13.162421226501465,0.000960163539275527,2661.670654296875,15.412506103515625,45.04706968985342,3.1765977704874375
1410.1058349609375,85.8157730102539,-7.873129367828369,0.06609144061803818,1131.2606201171875,112.63053131103516,-7.633906841278076,0.10812429338693619,1191.4827880859375,93.23482513427734,-7.690219402313232,0.08498068153858185,193.16319274902344,15,1.3888170719146729,0.6292372345924377,15.458944320678711,1878.3204237147684,2768.212959596425,45.04573613344692,3.1820620855171966,0.08009618520736694,0.07801677286624908,13.73762035369873,3,5.54011344909668,0.0004041296197101474,833.69677734375,8.332902908325195,45.04573613344692,3.182062085517197
1550.72265625,163.4387969970703,-7.976335525512695,0.11445923894643784,1117.6734619140625,112.48304748535156,-7.620787620544434,0.10929541289806366,1167.56982421875,168.4842071533203,-7.668207168579102,0.15671341121196747,75.4230728149414,24,2.00520396232605,1.4745057821273804,-3.038926839828491,1189.3983932702329,2776.5509909368725,45.04642363000959,3.232264900430388,0.2847636044025421,0.28385770320892334,-3.349066972732544,0,8.173483848571777,0.0005961546557955444,926.49951171875,12.03122329711914,45.046423630009585,3.2322649004303994
1416.5010986328125,164.58934020996094,-7.878042221069336,0.12618699669837952,329.5541687011719,111.58242797851562,-6.294816970825195,0.3677043914794922,710.6263427734375,203.867919921875,-7.129103183746338,0.31155693531036377,53.04792785644531,10,1.3625750541687012,0.7475147843360901,77.25808715820312,500.92412977388335,2778.1838978053856,45.046630822503886,3.2824234867050217,0.7709962129592896,0.7696326375007629,84.99085998535156,2,6.017755508422852,0.00043888576328754425,705.7879638671875,8.175450325012207,45.046630822503886,3.2824234867050337
80487.609375,282.689453125,-12.264322280883789,0.0038142609409987926,66330.5625,173.7947998046875,-12.05428409576416,0.002845462877303362,78214.5078125,252.69189453125,-12.2332181930542,0.0035085997078567743,4049.22216796875,201,2.167497396469116,2.0856618881225586,73.3047103881836,881.6932286557329,2807.7376627855924,45.048742545686196,3.2546846580449174,0.005907509475946426,0.0057600112631917,-84.71949768066406,0,3.760302782058716,0.00027425686130300164,79957.8984375,13.004983901977539,45.048742545686196,3.2546846580449174
724.4982299804688,120.91637420654297,-7.1500935554504395,0.18124982714653015,343.1968994140625,111.55470275878906,-6.338858127593994,0.3529997169971466,339.8050842285156,156.4313507080078,-6.3280744552612305,0.4999467432498932,49.76932907104492,10,1.6555098295211792,0.9591729044914246,83.58177947998047,39.768519297075414,2781.117710835963,45.04690826368663,3.3160156002849606,0.43110284209251404,0.4296736419200897,75.72330474853516,0,7.532257080078125,0.0005493226344697177,555.64208984375,9.933058738708496,45.04690826368663,3.3160156002849606
1096.0506591796875,136.58078002929688,-7.599576473236084,0.13532835245132446,838.3460083007812,112.10518646240234,-7.308557987213135,0.14522194862365723,1040.126708984375,146.48374938964844,-7.542715549468994,0.15294420719146729,69.9738998413086,17,2.152740001678467,1.0655267238616943,85.59385681152344,1403.8929995588778,2790.7133706463324,45.04743384524764,3.2166358800387203,0.37152186036109924,0.3697909116744995,73.69229125976562,0,8.641922950744629,0.0006303426926024258,429.14093017578125,12.9164400100708,45.04743384524763,3.2166358800387442
12963.6298828125,185.69837951660156,-10.281816482543945,0.01555647887289524,10825.236328125,123.52887725830078,-10.086092948913574,0.012392557226121426,12494.390625,191.31161499023438,-10.241787910461426,0.01662861555814743,670.0755004882812,87,1.9683347940444946,1.7961182594299316,49.19430923461914,700.3208988453847,2800.2070684341193,45.048215191543676,3.267898141788616,0.023858729749917984,0.023694738745689392,-89.6181869506836,0,3.7584939002990723,0.00027411917108111084,11908.12890625,11.810009002685547,45.048215191543676,3.2678981417886046
1136.56298828125,150.77169799804688,-7.638983726501465,0.14406421780586243,564.6041870117188,111.82088470458984,-6.879360198974609,0.2150842696428299,664.6011352539062,155.13050842285156,-7.056402683258057,0.25349298119544983,56.960731506347656,16,2.1247730255126953,1.1953538656234741,-69.15363311767578,1964.5718132255345,2798.3844038951697,45.04793350054517,3.175775857528423,0.45516663789749146,0.45437419414520264,-74.85189819335938,2,9.213866233825684,0.0006721295649185777,-85.58396911621094,12.748638153076172,45.04793350054517,3.175775857528423
1802.8634033203125,184.30514526367188,-8.139906883239746,0.11102082580327988,417.8726501464844,111.73274993896484,-6.552609920501709,0.29037976264953613,414.28778076171875,102.24519348144531,-6.54325532913208,0.2680220901966095,56.04263687133789,9,1.4563755989074707,0.7596821188926697,80.32208251953125,167.06881886267803,2792.3979049981626,45.04771568912226,3.306743420959184,0.3195815980434418,0.31875863671302795,63.310821533203125,0,6.275284290313721,0.00045765575487166643,137.5209503173828,8.738253593444824,45.04771568912226,3.3067434209591844
1488.5787353515625,160.7730712890625,-7.931929588317871,0.11729279160499573,997.5560913085938,112.47101593017578,-7.49734354019165,0.12244275957345963,885.5733642578125,163.05641174316406,-7.368061542510986,0.19996000826358795,57.02933120727539,23,2.0787134170532227,1.3583611249923706,15.42602252960205,354.8301601659352,2800.3294073641036,45.048270120974564,3.2930665587373826,0.2608353793621063,0.26001158356666565,14.06254768371582,0,10.063493728637695,0.0007339394651353359,45.53770065307617,12.472280502319336,45.048270120974564,3.2930665587373826
1638.5452880859375,132.93458557128906,-8.03614616394043,0.08810678869485855,1405.0006103515625,113.04357147216797,-7.8691911697387695,0.0873774066567421,1442.7222900390625,136.42034912109375,-7.897956848144531,0.10268954932689667,101.4242935180664,24,1.4863646030426025,1.3018852472305298,-65.01191711425781,1937.221430837209,2805.1508528405457,45.048431081638526,3.1777692547005603,0.14437052607536316,0.1438835710287094,-74.99388885498047,1,5.768558025360107,0.00042080043931491673,1219.677001953125,8.918188095092773,45.048431081638526,3.1777692547005607
2567.03076171875,73.09859466552734,-8.523577690124512,0.030924862250685692,2390.663330078125,114.03572082519531,-8.446295738220215,0.05180269107222557,2618.359375,84.29623413085938,-8.545073509216309,0.03496300429105759,449.9837646484375,14,1.3719666004180908,0.5067110657691956,88.55960083007812,857.3519730765748,2962.2509875635005,45.060045343126866,3.2564616649287914,0.036128800362348557,0.034264400601387024,-77.19568634033203,3,3.6614060401916504,0.00026704452466219664,2092.921630859375,8.231800079345703,45.06004534312687,3.25646166492878
87080.921875,434.8398742675781,-12.349807739257812,0.005422957241535187,0.0,0.0,99.0,99.0,0.0,0.0,99.0,99.0,494.5628662109375,493,131.01248168945312,0.0196122657507658,-6.94183909217827e-05,1927.0621584194923,1.0,44.84335003954176,3.1785134265977097,0.827721118927002,0.00019131711451336741,-0.0001655097003094852,58,9.597503662109375,0.0006999706965871155,0.0,786.0748901367188,44.84335003954176,3.1785134265977097
827032.4375,1057.6004638671875,-14.793806076049805,0.0013887655222788453,5886.955078125,107.92565155029297,-9.424726486206055,0.019909657537937164,595266.25,1144.8231201171875,-14.43677806854248,0.0020886079873889685,518.3079833984375,2954,305.5726013183594,0.6495829224586487,-89.99494934082031,2044.4227162284567,3038.681413525886,45.06549645478311,3.169954932211297,0.36654266715049744,0.001033581793308258,-89.98149871826172,51,84.5807113647461,0.006170255597680807,-10558950.0,1833.435546875,45.06549645478311,3.1699549322112968
245432.5,581.1250610351562,-13.474830627441406,0.002571386517956853,0.0,0.0,99.0,99.0,0.0,0.0,99.0,99.0,1123.716064453125,893,89.2867202758789,0.7084594964981079,-89.94849395751953,2044.4208806853137,2185.313122721671,45.003094586591715,3.169957276024993,0.20903442800045013,0.0020775855518877506,-89.86222839355469,50,47.74361801147461,0.003482591127976775,0.0,535.7203369140625,45.003094586591715,3.169957276024993
247056.28125,582.4651489257812,-13.481989860534668,0.0025603766553103924,0.0,0.0,99.0,99.0,0.0,0.0,99.0,99.0,469.375732421875,897,89.0998764038086,0.6509386301040649,89.95387268066406,2044.400169618749,1935.4878820436693,44.9848253018709,3.1699590430523203,0.20457157492637634,0.0018969537923112512,89.91851043701172,50,45.71604537963867,0.003334607696160674,0.0,534.5992431640625,44.984825301870906,3.169959043052308
1833683.25,1589.779052734375,-15.658310890197754,0.0009415475651621819,0.0,0.0,99.0,99.0,221144.46875,1159.2532958984375,-13.361690521240234,0.005692880600690842,644.95458984375,6684,1474.9700927734375,0.6493598222732544,-89.99588012695312,2044.5175891612084,944.9548310386612,44.912384579690894,3.169952280104132,1.2001159191131592,0.0007156277424655855,-89.99050903320312,59,185.79891967773438,0.013551400974392891,-11778975.0,8849.8203125,44.912384579690894,3.1699522801041327
234071.59375,563.2518920898438,-13.423371315002441,0.0026132669299840927,0.0,0.0,99.0,99.0,0.0,0.0,99.0,99.0,485.3370361328125,838,87.93575286865234,0.6257135272026062,89.94017791748047,2044.337572018456,174.04675707512584,44.856000251371974,3.1699702937098797,0.2019752711057663,0.0018125060014426708,89.90442657470703,50,44.527442932128906,0.0032475159969180822,0.0,527.614501953125,44.856000251371974,3.1699702937098797
6665.62744140625,111.71479797363281,-9.559602737426758,0.018201177939772606,2460.9169921875,114.03205871582031,-8.477742195129395,0.05032222345471382,6396.552734375,155.32943725585938,-9.514864921569824,0.02637166902422905,744.25048828125,12,2.3916714191436768,0.27210548520088196,-80.07035064697266,1627.6719650272862,4083.383713426329,45.14192760492034,3.20033290176741,0.05900595709681511,0.007227047346532345,-81.80065155029297,18,4.791569709777832,0.0003495624114293605,4977.62744140625,14.350028991699219,45.14192760492034,3.20033290176741
986.5433959960938,98.1589584350586,-7.48529052734375,0.10805467516183853,503.1621398925781,85.87840270996094,-6.754270076751709,0.18535564839839935,828.9713745117188,79.86902618408203,-7.296349048614502,0.10463300347328186,74.68426513671875,14,3.6213109493255615,0.174996018409729,-0.8820714354515076,1406.2115881822558,4092.10039895956,45.142591086972295,3.2164783654358877,0.3085803687572479,0.018597107380628586,-1.4791231155395508,25,4.726932048797607,0.00034482686896808445,-751.3868408203125,21.72786521911621,45.142591086972295,3.216478365435876
700108.0,541.862060546875,-14.61291217803955,0.0008405306143686175,600118.4375,416.5487976074219,-14.445591926574707,0.0007538045756518841,682848.875,473.8172302246094,-14.585811614990234,0.0007535569602623582,39527.8203125,390,2.364565134048462,1.8512325286865234,5.032975196838379,437.6332805340206,4088.4624517984516,45.142454682990405,3.2870740722176617,0.001512151793576777,0.0014632708625867963,-7.632510185241699,24,3.534013032913208,0.0002577474806457758,698963.9375,14.18739128112793,45.142454682990405,3.2870740722176612
4709.80029296875,101.8548355102539,-9.182506561279297,0.023485995829105377,4212.89892578125,94.04338073730469,-9.061452865600586,0.024242477491497993,4585.3701171875,100.48218536376953,-9.153435707092285,0.023798221722245216,663.4158935546875,27,2.155322313308716,0.5407502055168152,-0.312669038772583,122.85291493716286,4093.7745349218494,45.142889515706095,3.310011739277512,0.032722387462854385,0.025374451652169228,-0.204723060131073,24,4.835747718811035,0.000352667790139094,3668.940185546875,12.931934356689453,45.142889515706095,3.310011739277512
153848.234375,455.1789245605469,-12.967731475830078,0.0032130645122379065,0.0,0.0,99.0,99.0,0.0,0.0,99.0,99.0,597.543212890625,547,136.59701538085938,0.14465588331222534,0.005787634290754795,195.63158413670465,1.0077774376473116,44.843474876548335,3.30459738958164,0.4557355046272278,0.0007531419396400452,0.012961909174919128,58,26.677688598632812,0.0019459640607237816,0.0,819.5820922851562,44.843474876548335,3.30459738958164
55106.75,413.1402893066406,-11.853012084960938,0.008141839876770973,0.0,0.0,99.0,99.0,0.0,0.0,99.0,99.0,1231.270263671875,416,37.86824417114258,1.4441859722137451,-0.44428956508636475,596.2656548083218,1.2254924354678352,44.84346014696517,3.2754250276296903,0.36621248722076416,0.016436098143458366,-0.696413516998291,58,44.39213943481445,0.0032379396725445986,0.0,227.20947265625,44.84346014696517,3.275425027629691
968498.3125,1174.2967529296875,-14.96524715423584,0.0013167666038498282,5215.54931640625,106.3486557006836,-9.29325008392334,0.022144289687275887,742435.75,1218.1378173828125,-14.676647186279297,0.0017818345222622156,479.5548095703125,3654,494.9324035644531,0.6861327290534973,-89.99513244628906,2.52039563348493,3605.0001333991804,45.107167712317036,3.318760689285385,0.5716344118118286,0.001155029982328415,-89.98530578613281,50,110.63184356689453,0.008068148046731949,-11254240.0,2969.594482421875,45.107167712317036,3.318760689285385
132250.9375,408.14459228515625,-12.803497314453125,0.003351545426994562,0.0,0.0,99.0,99.0,33241.69140625,317.4604187011719,-11.304207801818848,0.01037137396633625,956.7777099609375,437,32.33180236816406,0.7897983193397522,-89.83454132080078,-3.8317804457054905,2803.984914175847,45.04858690088715,3.319192263960662,0.10595342516899109,0.0030573594849556684,-89.75680541992188,59,30.329627990722656,0.002211915794759989,-24430.08984375,193.99081420898438,45.04858690088715,3.319192263960662
278254.5,636.88134765625,-13.611105918884277,0.002485685283318162,0.0,0.0,99.0,99.0,-23395.7265625,368.02410888671875,99.0,99.0,523.0886840820312,1076,129.6517791748047,0.574516236782074,-89.86238861083984,2.554335098767859,2564.472496321811,45.03106695689345,3.3187181199768787,0.3182702660560608,0.0014577883994206786,-89.79407501220703,51,51.8098030090332,0.003778479527682066,-641198.0625,777.91064453125,45.03106695689345,3.3187181199768783
351405.0625,720.0445556640625,-13.864520072937012,0.002225262112915516,0.0,0.0,99.0,99.0,0.0,0.0,99.0,99.0,460.80126953125,1376,171.4527130126953,0.6102944612503052,-89.88861083984375,2.8443088738853453,1900.6338173208162,44.98250463330613,3.3186738472713326,0.3297153115272522,0.0014782588696107268,-89.873779296875,51,61.408023834228516,0.004478635732084513,-98593.1953125,1028.71630859375,44.98250463330612,3.3186738472713455
727631.6875,1054.656005859375,-14.654779434204102,0.0015740881208330393,0.0,0.0,99.0,99.0,0.0,0.0,99.0,99.0,528.8519287109375,2849,320.1304931640625,0.688256025314331,-89.96617126464844,2.8605569525401093,1334.6208927196133,44.94109157073028,3.3186559532445323,0.459146648645401,0.001057130517438054,-89.95346069335938,51,89.11213684082031,0.006499436218291521,-868691.9375,1920.782958984375,44.94109157073028,3.3186559532445323
3943.390625,222.2548828125,-8.98967456817627,0.061208441853523254,2267.584716796875,113.97716522216797,-8.388908386230469,0.05458635836839676,3343.587646484375,208.56773376464844,-8.810531616210938,0.0677429735660553,97.21431732177734,56,2.2155497074127197,2.0744776725769043,37.9573860168457,341.28674346046216,4044.597479210572,45.1392614859085,3.294093586128251,0.16835618019104004,0.16833087801933289,14.122550964355469,2,9.132822036743164,0.0006660745711997151,3007.17333984375,13.293298721313477,45.139261485908506,3.294093586128239
7238.9404296875,215.61582946777344,-9.649187088012695,0.03234710916876793,4773.533203125,116.93421936035156,-9.197099685668945,0.026603052392601967,6499.97607421875,238.0357666015625,-9.532279014587402,0.03977042809128761,224.84605407714844,86,2.6428449153900146,2.2057247161865234,-62.80303192138672,415.43791254764085,4040.020109333697,45.13891601389156,3.2886900810246726,0.07256171852350235,0.07227112352848053,-71.27594757080078,0,6.615025520324707,0.0004824531788472086,5798.13037109375,15.85706901550293,45.13891601389155,3.2886900810246837
2471.272705078125,223.4514923095703,-8.482301712036133,0.09819568693637848,854.8410034179688,112.16886138916016,-7.329713344573975,0.1425006240606308,1200.1519775390625,269.21331787109375,-7.698090553283691,0.24360719323158264,59.65360641479492,16,2.2545738220214844,1.3508363962173462,-74.92974853515625,1854.8187534455733,4040.139234965979,45.13874055091414,3.1837715215336204,0.37316250801086426,0.3727279603481293,-34.04575729370117,2,10.453348159790039,0.000762654934078455,1762.5469970703125,13.527442932128906,45.13874055091414,3.18377152153362
1668.1881103515625,157.22274780273438,-8.055612564086914,0.10235290974378586,1285.369873046875,112.68305206298828,-7.7725701332092285,0.09520512074232101,1474.3076171875,167.9971466064453,-7.9214701652526855,0.12374954670667648,66.68216705322266,16,1.631093144416809,0.9393921494483948,65.08267974853516,1359.1166637464755,4038.8306652241627,45.13870210822041,3.21991129851745,0.240183487534523,0.23934176564216614,30.728710174560547,2,7.397830963134766,0.0005396574852056801,1617.2672119140625,9.786559104919434,45.13870210822041,3.21991129851745
7683.52587890625,270.2010192871094,-9.71390151977539,0.038190580904483795,3642.447998046875,115.62811279296875,-8.903483390808105,0.034474652260541916,6627.462890625,287.3191833496094,-9.55336856842041,0.04708115756511688,142.2993927001953,104,3.815837860107422,1.8827168941497803,-74.27652740478516,1761.4509205512693,4030.26088857356,45.13802850902297,3.1905793271377627,0.118097223341465,0.1169598177075386,-73.47957611083984,0,11.863809585571289,0.0008655350538901985,6914.4345703125,22.89502716064453,45.13802850902297,3.1905793271377627
1511.244873046875,175.54330444335938,-7.948337078094482,0.12614767253398895,460.2126770019531,111.91571807861328,-6.65739631652832,0.26409631967544556,600.1588745117188,158.21884155273438,-6.94566535949707,0.28630030155181885,45.480384826660156,17,2.3126537799835205,1.1618632078170776,59.17945098876953,872.5351491783454,4033.427928819284,45.13836994537654,3.2553782577737644,0.6973269581794739,0.6958398818969727,61.4235725402832,2,9.815722465515137,0.0007159550441429019,-647.921875,13.875923156738281,45.13836994537654,3.255378257773753
3801.71044921875,231.7753143310547,-8.949947357177734,0.06620914489030838,2102.996826171875,113.82637786865234,-8.307096481323242,0.05878061428666115,2900.91259765625,215.83087158203125,-8.656336784362793,0.08079951256513596,95.06016540527344,59,2.536425828933716,1.8719727993011475,70.971923828125,1487.577040387671,4031.249722836253,45.13813230102292,3.2105465221167804,0.16009674966335297,0.15982314944267273,53.6829948425293,0,8.817099571228027,0.0006432110676541924,2358.904052734375,15.218555450439453,45.13813230102292,3.2105465221167804
1204.164306640625,155.0690460205078,-7.701714515686035,0.13985216617584229,664.1034545898438,112.29173278808594,-7.055589199066162,0.18362925946712494,779.4564819335938,158.3709259033203,-7.229479789733887,0.22065481543540955,61.32489013671875,9,1.6643096208572388,0.8165044188499451,16.495534896850586,824.4433315296476,4056.3519338715205,45.14005254861555,3.2588837406769082,0.4231272339820862,0.42262211441993713,20.922914505004883,2,6.027029991149902,0.00043960532639175653,619.63818359375,9.985857963562012,45.14005254861554,3.2588837406769193
2639.47021484375,193.92330932617188,-8.553791999816895,0.07978901267051697,1649.467041015625,113.24662780761719,-8.04335880279541,0.07456095516681671,1846.777587890625,166.085205078125,-8.166036605834961,0.09766662120819092,82.79647827148438,31,1.9104233980178833,1.4275338649749756,-14.832817077636719,536.5393469943215,4030.7691052784426,45.13822222208431,3.2798649221633402,0.18615424633026123,0.18568772077560425,-6.063153266906738,0,9.889266014099121,0.0007212692289613187,1809.6185302734375,11.462540626525879,45.13822222208431,3.2798649221633407
1932.0406494140625,165.62509155273438,-8.21504020690918,0.09309785813093185,1339.6632080078125,112.96593475341797,-7.817489147186279,0.09157600998878479,1747.7491455078125,177.4762725830078,-8.106197357177734,0.11027854681015015,70.5223388671875,30,2.4961915016174316,1.3049719333648682,84.71366882324219,684.6948554251417,4028.0008448306476,45.137998939499376,3.2690679603090556,0.21512433886528015,0.21458986401557922,-83.25830078125,2,10.812492370605469,0.0007886273670010269,785.8602294921875,14.97714900970459,45.13799893949938,3.2690679603090445
804.2451171875,126.6036605834961,-7.2634711265563965,0.1709572970867157,197.56944274902344,111.55601501464844,-5.739299297332764,0.6132012605667114,223.09754943847656,99.55009460449219,-5.871236801147461,0.4845925271511078,34.11274337768555,9,2.0887820720672607,0.4839768409729004,22.723888397216797,1973.0358516277295,4031.353503475851,45.13808568151745,3.1751515858300277,0.4221004247665405,0.42008617520332336,47.48722839355469,0,5.994884490966797,0.00043738953536376357,354.463134765625,12.532691955566406,45.138085681517445,3.175151585830039
1978.434814453125,190.80982971191406,-8.240804672241211,0.10473909974098206,1019.0910034179688,112.5842514038086,-7.520532608032227,0.11997602880001068,1309.7974853515625,267.8926696777344,-7.793010234832764,0.22211940586566925,74.2474594116211,30,2.381298542022705,1.4917446374893188,42.12128829956055,1708.0756885406486,4025.1079509450233,45.13765771543395,3.1944709536532456,0.30502164363861084,0.3040607273578644,35.57382583618164,0,11.293208122253418,0.0008238928858190775,1287.5618896484375,14.28779125213623,45.13765771543395,3.1944709536532456
732.057373046875,121.7607421875,-7.161362648010254,0.1806308776140213,465.83624267578125,111.96646118164062,-6.670583248138428,0.26102644205093384,612.488525390625,144.39573669433594,-6.967744827270508,0.2560272812843323,43.01445007324219,10,1.4540469646453857,0.7346653938293457,13.663056373596191,609.9032198965745,4023.1109695773234,45.13765189828177,3.2745183812589844,0.4076084494590759,0.4065936207771301,-0.7651017308235168,0,6.164770126342773,0.0004496309848036617,248.00466918945312,8.724281311035156,45.13765189828177,3.2745183812589844
12190.283203125,112.26140594482422,-10.215034484863281,0.01000107079744339,-4600.3212890625,111.18515014648438,99.0,99.0,9199.6708984375,88.81566619873047,-9.909430503845215,0.01048448495566845,9805.1064453125,26,1.2465070486068726,0.42698222398757935,27.049606323242188,950.1495201252116,4011.476739585558,45.13675457476492,3.249721051234127,0.030628524720668793,0.01014756504446268,25.1950626373291,2,0.0,0.0,-10117.5322265625,7.479042053222656,45.136754574764915,3.249721051234138
2802.9345703125,160.90887451171875,-8.619032859802246,0.06234431639313698,2229.12646484375,113.88861083984375,-8.370336532592773,0.05548497661948204,2418.46435546875,159.75450134277344,-8.45884895324707,0.07173700630664825,153.91439819335938,39,1.7929781675338745,1.4532557725906372,18.55998420715332,119.45901040888417,4011.0542837613484,45.136841763364984,3.31025609106716,0.09558255970478058,0.0952543392777443,69.51898956298828,0,4.3183369636535645,0.00031493278220295906,2564.433349609375,10.757868766784668,45.136841763364984,3.3102560910671595
137094.359375,325.5390319824219,-12.842549324035645,0.00257877423427999,112845.65625,206.82110595703125,-12.63121223449707,0.0019903976935893297,133571.234375,285.7870178222656,-12.814282417297363,0.002323589287698269,6757.265625,245,2.2101361751556396,2.1671066284179688,55.99252700805664,154.4830200247399,4003.8960624035085,45.136313131454116,3.3077038838684376,0.00419636769220233,0.004142653662711382,-80.7511215209961,0,3.779824733734131,0.0002756610338110477,137340.9375,13.26081657409668,45.136313131454116,3.3077038838684376
835.3818359375,128.42539978027344,-7.304712772369385,0.16695357859134674,557.287353515625,111.90016174316406,-6.865198135375977,0.21806266903877258,683.9652099609375,175.27017211914062,-7.087584972381592,0.27829399704933167,45.469764709472656,12,1.8068753480911255,0.9038423895835876,1.2592434883117676,355.1055423135014,4009.1547642781525,45.13666802470975,3.293085539356195,0.4361748993396759,0.4359617829322815,-7.932719707489014,1,7.639659404754639,0.0005571760120801628,571.3594970703125,10.841252326965332,45.13666802470974,3.2930855393562064
1339.7596435546875,165.071533203125,-7.817567348480225,0.13380585610866547,754.4924926757812,112.09262084960938,-7.194137096405029,0.16134366393089294,887.2489013671875,160.0087890625,-7.370113849639893,0.19585208594799042,43.684810638427734,15,1.7955822944641113,1.4897303581237793,-48.87696838378906,1154.5405031138212,4005.6558545072276,45.13630224892122,3.2348234208610718,0.39146697521209717,0.39131465554237366,33.31964874267578,2,9.793566703796387,0.0007143830298446119,678.88818359375,10.773493766784668,45.13630224892122,3.234823420861083
2402.929443359375,167.767333984375,-8.451852798461914,0.07582216709852219,1713.7437744140625,113.75659942626953,-8.084864616394043,0.0720875933766365,1903.2205810546875,185.72740173339844,-8.198722839355469,0.10597823560237885,106.26617431640625,36,2.2446835041046143,1.582233190536499,-63.19962692260742,1495.4449529498665,4000.1933446044777,45.13586071298207,3.209972867154758,0.15446428954601288,0.15374422073364258,-67.08502197265625,0,7.8328752517700195,0.0005714104627259076,1145.77734375,13.468101501464844,45.135860712982065,3.209972867154769
1089.075439453125,131.3118438720703,-7.592644691467285,0.13094103336334229,877.5314331054688,112.23990631103516,-7.358156681060791,0.1389039009809494,758.69482421875,132.06735229492188,-7.200167655944824,0.18904194235801697,61.258628845214844,17,1.8691670894622803,0.9586014747619629,-60.28354263305664,1750.7476150412765,4002.2842917864737,45.13598421597927,3.191359860333238,0.2229917049407959,0.22247548401355743,69.10459899902344,1,7.5133376121521,0.0005481385160237551,396.6129150390625,11.215002059936523,45.13598421597927,3.191359860333238
1670.0057373046875,156.1378173828125,-8.056795120239258,0.10153598338365555,1346.678466796875,112.75608825683594,-7.823159694671631,0.09092973172664642,1458.036376953125,147.7023162841797,-7.909420967102051,0.11001420766115189,76.19524383544922,26,1.7115707397460938,1.298903226852417,74.42281341552734,1515.8157356879428,4000.0729411921834,45.13584949435982,3.2084878037078135,0.19095957279205322,0.19079814851284027,51.88011169433594,0,6.47438383102417,0.0004723106976598501,1588.43603515625,10.269424438476562,45.13584949435982,3.208487803707813
4428.13818359375,123.22893524169922,-9.11555290222168,0.03022187203168869,2719.72607421875,114.63754272460938,-8.586313247680664,0.045775335282087326,5757.69677734375,161.0146942138672,-9.400622367858887,0.03037012368440628,312.01751708984375,36,4.216630458831787,0.6074768900871277,69.51530456542969,1089.8828197088308,3994.9358744026467,45.13552680838309,3.239536147245764,0.12165243178606033,0.019861288368701935,69.55235290527344,3,9.582571029663086,0.0006989807588979602,-502215.4375,25.299781799316406,45.13552680838309,3.239536147245764
28499.76953125,154.50315856933594,-11.137103080749512,0.005887431092560291,-15931.59765625,111.31796264648438,99.0,99.0,-41209.8125,205.20738220214844,99.0,99.0,17087.638671875,40,2.8987553119659424,1.5377984046936035,55.22705841064453,1083.050234156752,3978.100927500455,45.13429681597374,3.240033934082896,0.026563236489892006,0.0068921721540391445,64.67985534667969,2,12.65584659576416,0.0009231516160070896,-130519.7578125,17.392532348632812,45.134296815973734,3.240033934082907
2396.155517578125,70.41769409179688,-8.448787689208984,0.03191513195633888,1772.0455322265625,113.39187622070312,-8.121187210083008,0.06949233263731003,4900.70654296875,107.97637939453125,-9.22564697265625,0.02392764203250408,464.541259765625,13,2.3565282821655273,0.46248576045036316,68.75677490234375,1076.311570320127,3961.8334140956727,45.13310829634511,3.240524873578031,0.06613747030496597,0.020840149372816086,71.48246765136719,2,6.227658271789551,0.00045426085125654936,-133095.0625,14.139169692993164,45.13310829634511,3.240524873578031
1089.33740234375,131.86334228515625,-7.5929059982299805,0.13145935535430908,900.2888793945312,112.26712799072266,-7.385954856872559,0.13542553782463074,1043.15576171875,183.09812927246094,-7.545872688293457,0.19061829149723053,75.90482330322266,17,2.412888288497925,1.450265645980835,-60.873592376708984,1661.291080537394,3993.873913044498,45.13537936608279,3.197882022741592,0.38168662786483765,0.38128939270973206,-44.86925506591797,0,11.208375930786133,0.0008176902774721384,74.01858520507812,14.47732925415039,45.13537936608278,3.197882022741603
1169.8013916015625,143.73048400878906,-7.670280456542969,0.13343402743339539,720.3541870117188,112.18350219726562,-7.14386510848999,0.16912691295146942,1226.857421875,218.1993408203125,-7.721985340118408,0.19314754009246826,61.577396392822266,13,2.161776065826416,0.8541671633720398,-49.511112213134766,2012.4876230365671,3991.925685725184,45.135198868794376,3.1722752860320877,0.45062366127967834,0.44942721724510193,-69.86524963378906,2,8.127450942993164,0.0005929855979047716,1371.7069091796875,12.970656394958496,45.13519886879437,3.1722752860320993
4311.27392578125,190.98313903808594,-9.086514472961426,0.048108212649822235,2999.344482421875,114.75019073486328,-8.69256591796875,0.04154864698648453,3852.01806640625,201.69764709472656,-8.964221000671387,0.05686464533209801,140.71827697753906,58,2.3647875785827637,1.7476539611816406,-58.95286560058594,1393.6478390403772,3992.6002680470624,45.135317801574914,3.2173937975917797,0.10296515375375748,0.10248082876205444,-71.16513061523438,0,8.357216835021973,0.0006096447468735278,3710.51123046875,14.188725471496582,45.135317801574914,3.2173937975917797
3570.672607421875,218.59703063964844,-8.881875038146973,0.06648505479097366,2074.127685546875,113.57569885253906,-8.292088508605957,0.059467509388923645,2822.70703125,202.84056091308594,-8.626664161682129,0.07804027944803238,105.33467864990234,49,2.5010766983032227,1.7069274187088013,82.162841796875,1451.9144231596995,3991.759330899017,45.13524926976984,3.2131462371415123,0.1801052838563919,0.1800375133752823,-51.75837326049805,2,8.990890502929688,0.0006558799650520086,1454.1829833984375,15.006460189819336,45.13524926976983,3.213146237141524
1729.681884765625,162.96401977539062,-8.094915390014648,0.10231877118349075,1043.575927734375,112.83191680908203,-7.546309947967529,0.11741883307695389,949.5634765625,166.84083557128906,-7.443809986114502,0.1908130943775177,81.31731414794922,27,2.1836507320404053,1.346750259399414,66.87419128417969,177.54657550119003,3990.1680360253063,45.135305930490176,3.3060229154882745,0.1623690277338028,0.16168247163295746,-77.585693359375,0,9.534586906433105,0.0006953558186069131,394.7272644042969,13.101903915405273,45.135305930490176,3.3060229154882856
3038.0283203125,228.98880004882812,-8.7064790725708,0.08185632526874542,1478.313232421875,113.26114654541016,-7.9244160652160645,0.08320402354001999,2214.621826171875,205.45628356933594,-8.363248825073242,0.10075107216835022,66.73946380615234,42,2.412397623062134,1.820907473564148,-0.762630045413971,92.62975753717353,3991.3481696432605,45.1354049147905,3.3122102169944103,0.2502862811088562,0.25012534856796265,-84.6461410522461,2,12.563021659851074,0.000916206743568182,1680.2119140625,14.474386215209961,45.13540491479049,3.3122102169944214
25664.33984375,450.88134765625,-11.023324966430664,0.019079281017184258,5991.40283203125,118.15780639648438,-9.44382095336914,0.021417250856757164,26038.052734375,479.43267822265625,-11.039021492004395,0.019996268674731255,184.47250366210938,333,7.364441394805908,3.1794893741607666,-43.52341079711914,733.5641131303597,3975.945340788429,45.13418610165693,3.265505313628553,0.1240653544664383,0.12241563200950623,-42.82298278808594,3,21.311546325683594,0.0015544039197266102,16765.703125,44.186649322509766,45.13418610165693,3.265505313628553
20223.916015625,294.3993835449219,-10.764662742614746,0.015808893367648125,11036.880859375,123.83828735351562,-10.107115745544434,0.012185361236333847,19350.732421875,308.3515319824219,-10.716743469238281,0.017305275425314903,492.946533203125,182,3.3057141304016113,2.863877773284912,-85.15734100341797,747.529665946414,3968.3092253710824,45.133625854730624,3.2644873688210443,0.03981145843863487,0.03970174491405487,-26.158939361572266,3,5.981173515319824,0.0004362509062048048,18885.140625,19.834285736083984,45.13362585473063,3.2644873688210327
4197.8505859375,158.1765899658203,-9.057567596435547,0.040920887142419815,3492.890380859375,115.2835464477539,-8.857962608337402,0.03584364801645279,3837.744140625,163.2220001220703,-8.960189819335938,0.0461883544921875,221.3874969482422,48,1.7847723960876465,1.5159353017807007,86.02880096435547,706.2724701344301,3976.345132442419,45.13421911119576,3.267494259097229,0.06722482293844223,0.06692557036876678,-77.48297119140625,0,4.205991268157959,0.0003067714278586209,3463.677734375,10.708634376525879,45.13421911119576,3.267494259097229
6344.75439453125,220.8497314453125,-9.506036758422852,0.037801750004291534,3959.582763671875,115.86835479736328,-8.994123458862305,0.031779367476701736,5688.95068359375,224.79554748535156,-9.387580871582031,0.04291265085339546,176.0789794921875,82,2.7638587951660156,1.866543173789978,56.551475524902344,617.1441467626829,3971.566192638911,45.133882143597646,3.2739894145447663,0.0944765955209732,0.09374994784593582,59.331390380859375,0,7.976181507110596,0.0005817465716972947,4097.3212890625,16.583152770996094,45.133882143597646,3.273989414544766
3650.9775390625,238.87078857421875,-8.906023025512695,0.07105321437120438,1879.5289306640625,113.4756851196289,-8.1851224899292,0.06556674838066101,2786.44140625,212.3079833984375,-8.612625122070312,0.08274585008621216,84.47095489501953,53,2.421018362045288,1.9285491704940796,82.74771881103516,894.3032088969331,3966.5371463877777,45.133476299384924,3.2537905166503682,0.2080463469028473,0.2077036052942276,88.40766143798828,2,9.977087020874023,0.0007277244585566223,1542.14306640625,14.52610969543457,45.133476299384924,3.253790516650368
1281.10693359375,141.9252471923828,-7.76896333694458,0.12031065672636032,909.7659301757812,112.40998077392578,-7.397324085235596,0.134185329079628,845.3131713867188,178.86936950683594,-7.317543983459473,0.22979901731014252,59.708160400390625,20,2.189331293106079,0.9683611392974854,-8.540703773498535,425.27765466630285,3971.312357323141,45.1338909265565,3.2879710469237846,0.2031286060810089,0.20271430909633636,6.090464115142822,3,8.712910652160645,0.0006354574579745531,595.9718017578125,13.135988235473633,45.13389092655648,3.2879710469238073
1473.751220703125,149.80995178222656,-7.921060562133789,0.11039421707391739,1145.22265625,112.9092025756836,-7.6472249031066895,0.10707035660743713,1094.16015625,161.71238708496094,-7.5977020263671875,0.16050635278224945,62.99386215209961,23,1.714169979095459,1.5982904434204102,89.79367065429688,424.05998295244524,3967.62291999329,45.13362134175565,3.2880596692140163,0.21273712813854218,0.21205191314220428,40.032997131347656,3,9.912105560302734,0.0007229179609566927,907.3741455078125,10.285019874572754,45.133621341755656,3.2880596692140056
874.7653198242188,129.1296844482422,-7.354728698730469,0.16031138598918915,651.1021728515625,111.96869659423828,-7.034122943878174,0.1867571920156479,823.944091796875,185.61004638671875,-7.2897443771362305,0.244643434882164,44.9058837890625,9,1.4723665714263916,0.6542204022407532,-70.66008758544922,2025.00785971633,3968.8906890311487,45.133513391128844,3.171362615907527,0.4223943054676056,0.42142701148986816,65.00040435791016,2,5.849833011627197,0.0004268087213858962,724.420166015625,8.834199905395508,45.13351339112884,3.171362615907538
921.572021484375,129.95692443847656,-7.411323070526123,0.1531439870595932,785.5450439453125,112.08587646484375,-7.2379279136657715,0.15495644509792328,809.1498413085938,143.72433471679688,-7.2700724601745605,0.19289954006671906,52.69430923461914,14,1.5396192073822021,1.3788113594055176,19.245830535888672,845.0157083291396,3967.2925378662635,45.13353818824333,3.2573826580282716,0.3346529006958008,0.3339168429374695,39.946441650390625,0,8.718660354614258,0.0006359287654049695,667.2925415039062,9.237714767456055,45.13353818824333,3.2573826580282597
1990.091552734375,171.0387420654297,-8.247182846069336,0.09333644807338715,1449.03369140625,113.09586334228516,-7.902696132659912,0.08476138859987259,1849.0595703125,160.8138885498047,-8.167377471923828,0.09445010870695114,74.5918197631836,31,2.3875930309295654,1.1059961318969727,-48.729915618896484,1371.1801134656455,3959.2249251830176,45.13288032876972,3.2190314353286924,0.22126582264900208,0.22062265872955322,-46.767311096191406,2,8.271842002868652,0.0006034110556356609,302.4821472167969,14.325557708740234,45.13288032876972,3.2190314353286924
896.801025390625,117.60113525390625,-7.381740093231201,0.14241155982017517,766.759765625,112.15123748779297,-7.211648464202881,0.15884536504745483,704.2963256835938,166.64332580566406,-7.119388580322266,0.25695809721946716,50.69318771362305,9,2.157235622406006,0.36606818437576294,-23.280834197998047,1382.5176647355775,3959.5109588859737,45.13289985632295,3.218204971648466,0.35547390580177307,0.35398486256599426,-30.136255264282227,0,5.288230895996094,0.00038576495717279613,376.91943359375,12.943413734436035,45.13289985632295,3.2182049716484666
4022.9140625,265.7337341308594,-9.011351585388184,0.07173576951026917,1616.0718994140625,113.38091278076172,-8.021151542663574,0.07619195431470871,3031.797119140625,252.69775390625,-8.70425033569336,0.09051719307899475,79.32402801513672,53,3.0431034564971924,2.17342472076416,19.737985610961914,998.7396421276203,3955.047646001548,45.132622322858964,3.246178662205653,0.2757391631603241,0.2752269208431244,-15.66270637512207,2,15.423643112182617,0.0011250185780227184,280.8104248046875,18.258621215820312,45.132622322858964,3.2461786622056645
1345.6632080078125,160.14720153808594,-7.822340965270996,0.12924471497535706,869.3082275390625,112.36164855957031,-7.347934722900391,0.1403699368238449,947.1458740234375,148.071044921875,-7.441041946411133,0.16977865993976593,47.3295783996582,20,1.5466166734695435,1.4471827745437622,-8.2107515335083,1490.128008317753,3951.0966897978146,45.13227167940015,3.2103603444325017,0.35484975576400757,0.35469934344291687,-89.40338897705078,0,8.953999519348145,0.0006531919934786856,286.0682678222656,9.27970027923584,45.13227167940015,3.2103603444325017
645.3790893554688,105.10944366455078,-7.024537086486816,0.17687101662158966,389.58856201171875,111.56639099121094,-6.476515293121338,0.3109975755214691,292.2809753417969,120.8623046875,-6.164501190185547,0.4490763247013092,57.55601119995117,10,1.4211052656173706,0.776203989982605,88.60140228271484,97.27297713632764,3949.3417126141617,45.132332758838906,3.3118703770162545,0.23717160522937775,0.23587258160114288,38.71294021606445,0,5.864429473876953,0.0004276862018741667,232.4552459716797,8.526631355285645,45.1323327588389,3.3118703770162665
10782.1064453125,200.6414031982422,-10.081759452819824,0.020209090784192085,8431.591796875,120.77674865722656,-9.814773559570312,0.01555620227009058,10051.162109375,203.37571716308594,-10.00554084777832,0.02197417803108692,507.00067138671875,93,2.128873586654663,1.9402320384979248,84.3257827758789,55.16673372913796,3944.409235668825,45.13197842234807,3.3149380704288434,0.03038521111011505,0.03014690801501274,77.37974548339844,0,3.8094213008880615,0.00027781500830315053,10426.1396484375,12.77324104309082,45.13197842234808,3.3149380704288323
2530.634033203125,210.77642822265625,-8.508073806762695,0.0904529020190239,1341.3409423828125,112.88069915771484,-7.818848133087158,0.09139245003461838,2188.18017578125,279.1282043457031,-8.350207328796387,0.1385321170091629,68.03223419189453,27,2.117156505584717,1.560166835784912,-57.24176788330078,36.00748374763804,3940.0932966414393,45.131665728021595,3.316333843057911,0.2792324125766754,0.2784082293510437,-11.202184677124023,2,10.888324737548828,0.000794065766967833,2730.20947265625,12.7029390335083,45.131665728021595,3.3163338430579103
896.279541015625,135.12757873535156,-7.38110876083374,0.16373078525066376,264.593994140625,111.50423431396484,-6.056449890136719,0.45765817165374756,236.42979431152344,112.35050201416016,-5.934255599975586,0.5160629153251648,42.488861083984375,11,1.4500006437301636,0.9399158954620361,14.786642074584961,1607.6588520305934,3985.8852850287685,45.134801438317176,3.201792128944331,0.3061460852622986,0.3052557706832886,70.08383178710938,0,6.973080635070801,0.0005087026511318982,23.169267654418945,8.700003623962402,45.134801438317176,3.201792128944331
3420.77197265625,170.0274200439453,-8.835309982299805,0.05397897958755493,2623.190673828125,114.35226440429688,-8.547074317932129,0.04734179750084877,3023.760009765625,170.67999267578125,-8.70136833190918,0.06130065768957138,168.93936157226562,46,1.984866976737976,1.5260367393493652,-35.515838623046875,1423.9151755038815,3931.0350381362996,45.13081282121508,3.2151870733170833,0.09335107356309891,0.0930938720703125,-80.5509033203125,0,5.896623134613037,0.00043014888069592416,2032.3663330078125,11.909201622009277,45.13081282121508,3.2151870733170838
71809.140625,275.1220397949219,-12.140449523925781,0.004160786978900433,58980.63671875,167.87367248535156,-11.926774024963379,0.00309102819301188,69794.3359375,249.66127014160156,-12.109550476074219,0.00388472992926836,3662.919921875,193,2.195641040802002,2.098884344100952,69.90721130371094,656.801161106247,3922.3649628769226,45.13027916895425,3.271098226227492,0.0063118101097643375,0.006158058065921068,-82.23729705810547,0,3.7004971504211426,0.00026989885373041034,71241.4296875,13.173846244812012,45.13027916895425,3.271098226227492
5340.08935546875,159.90455627441406,-9.31887149810791,0.032519370317459106,4528.68115234375,116.48371124267578,-9.13992977142334,0.02793336845934391,5058.74609375,165.71612548828125,-9.260107040405273,0.03557555750012398,304.3340148925781,54,1.7095494270324707,1.5868589878082275,69.07835388183594,581.9132532306562,3922.1826214434213,45.13027634721818,3.2765555396770165,0.05160970985889435,0.051370617002248764,75.01372528076172,0,3.908539056777954,0.0002850685268640518,4783.9345703125,10.257296562194824,45.13027634721818,3.276555539677016
1475.2586669921875,167.2752227783203,-7.922170639038086,0.12313833087682724,564.19482421875,112.17220306396484,-6.878572940826416,0.21591657400131226,472.7779235839844,253.77198791503906,-6.686643123626709,0.5829299092292786,60.57561492919922,9,2.0080299377441406,0.9579739570617676,-63.247589111328125,1679.0268559399267,3920.305693329181,45.12999845049493,3.1965891379095055,0.3024057149887085,0.30190330743789673,33.98048782348633,2,8.296695709228516,0.0006052693934179842,423.4690246582031,12.048179626464844,45.12999845049493,3.196589137909505
4644.41162109375,185.32113647460938,-9.167326927185059,0.04333353042602539,3467.62451171875,115.5102310180664,-8.850080490112305,0.03617580607533455,4181.162109375,181.3562469482422,-9.053242683410645,0.04710482060909271,139.33035278320312,55,1.9642726182937622,1.7254612445831299,85.32025146484375,1120.472679980831,3919.1500405099464,45.129981775075045,3.2373055207611596,0.08902381360530853,0.08876478672027588,89.37480926513672,2,6.123807907104492,0.000446688529336825,3735.927978515625,11.785635948181152,45.129981775075045,3.2373055207611596
33555.05078125,221.36444091796875,-11.3143949508667,0.007164399139583111,27972.810546875,140.97581481933594,-11.116840362548828,0.005473162513226271,32814.59375,215.04293823242188,-11.290167808532715,0.007116852793842554,1613.2628173828125,130,1.9868249893188477,1.976387619972229,45.87765121459961,1779.3954984137367,3901.5657405466245,45.12861705368292,3.189271657583311,0.01121947355568409,0.011034331284463406,-78.33598327636719,0,3.8075485229492188,0.00027777941431850195,33495.28515625,11.920949935913086,45.128617053682916,3.189271657583334
1097.50146484375,137.19100952148438,-7.601012706756592,0.13575328886508942,656.48876953125,112.19486236572266,-7.0430684089660645,0.1855989396572113,630.3043212890625,130.05686950683594,-6.998875617980957,0.2240850329399109,58.97845458984375,17,1.4037610292434692,1.277343988418579,-21.034528732299805,1241.853983906949,3893.552219571065,45.12809472070775,3.228457890269578,0.22980070114135742,0.2293952852487564,18.152999877929688,0,8.008096694946289,0.000584149151109159,139.3833465576172,8.422566413879395,45.12809472070775,3.228457890269578
581.2030639648438,99.91576385498047,-6.9108195304870605,0.186696395277977,632.12353515625,112.07785034179688,-7.002005100250244,0.19255182147026062,714.790283203125,166.65179443359375,-7.135446548461914,0.2531985342502594,81.816162109375,9,1.3822392225265503,0.708570122718811,-26.852815628051758,1894.6478507404825,3892.096191437275,45.12791218437921,3.1808686669476227,0.3844538629055023,0.38345053791999817,-48.168373107910156,0,4.474280834197998,0.00032643094891682267,458.906982421875,8.293435096740723,45.12791218437921,3.1808686669476236
2471.448486328125,143.2635955810547,-8.482378959655762,0.06295266002416611,2010.187255859375,113.67352294921875,-8.25809097290039,0.061411917209625244,2228.913818359375,152.49354553222656,-8.370233535766602,0.07429986447095871,129.0015106201172,33,1.6973763704299927,1.4522464275360107,-54.465965270996094,1181.469040784447,3890.2302624682434,45.12785947607028,3.2328592708792874,0.10482792556285858,0.10457637906074524,-56.53120040893555,0,5.652501583099365,0.00041231472278013825,1722.6370849609375,10.184258460998535,45.12785947607028,3.2328592708792874
639.6087646484375,113.11844635009766,-7.014786243438721,0.1920652687549591,114.14651489257812,111.32291412353516,-5.1436567306518555,1.0591360330581665,77.20523071289062,129.48458862304688,-4.719116687774658,1.8213826417922974,38.28323745727539,9,1.80322265625,0.9566106796264648,-27.527679443359375,45.06446618993865,4059.480542122802,45.14039377823516,3.315678411211927,0.34767013788223267,0.32498595118522644,-88.51273345947266,0,7.853341579437256,0.0005727314273826778,321.2844543457031,10.8193359375,45.14039377823516,3.315678411211927
1995.6964111328125,153.94033813476562,-8.250236511230469,0.08376985788345337,1600.154541015625,113.23165130615234,-8.010404586791992,0.07684855908155441,1652.985595703125,149.53541564941406,-8.045672416687012,0.09824372082948685,107.3116683959961,30,1.6795011758804321,1.3467321395874023,13.987907409667969,1862.7593943249715,3881.5102624405813,45.12714160979255,3.183193771403114,0.1415470838546753,0.14129853248596191,-37.31704330444336,0,5.598421573638916,0.0004084407410118729,1496.13720703125,10.077007293701172,45.12714160979255,3.183193771403114
1997.14697265625,183.91986083984375,-8.251025199890137,0.10001115500926971,1395.611572265625,112.98883819580078,-7.861911296844482,0.08792265504598618,2366.1875,205.55531311035156,-8.4351224899292,0.09434293210506439,76.0005111694336,31,2.3491830825805664,1.8411964178085327,-28.251911163330078,746.5883325865634,3878.720875715205,45.12707560827292,3.264553975261249,0.30172815918922424,0.3006020188331604,-54.94483184814453,2,9.70452880859375,0.0007078184862621129,1556.682373046875,14.095098495483398,45.12707560827292,3.2645539752612485
2386.974853515625,201.92037963867188,-8.444619178771973,0.09186755120754242,1216.6319580078125,112.77593994140625,-7.712898254394531,0.10066698491573334,1250.7413330078125,203.6195526123047,-7.742918968200684,0.17679981887340546,73.55442810058594,37,2.5917248725891113,1.6818504333496094,-60.551822662353516,793.0928103576723,3875.3962283867845,45.126826148518056,3.261164834856532,0.19737623631954193,0.19661331176757812,-43.63856887817383,0,12.51435661315918,0.0009127669036388397,150.17678833007812,15.550349235534668,45.126826148518056,3.2611648348565323
24341.08984375,196.8566436767578,-10.965849876403809,0.008782939054071903,20839.033203125,134.3760528564453,-10.79719352722168,0.007002838887274265,25257.0234375,210.8557586669922,-11.005955696105957,0.009066363796591759,1252.86279296875,103,2.1448423862457275,1.8637012243270874,86.8964614868164,1487.1129287000738,3871.8736656968595,45.12647965346509,3.2105798712060736,0.014812944456934929,0.014618270099163055,-75.52916717529297,3,4.05272912979126,0.0002956425305455923,26231.611328125,12.869054794311523,45.12647965346509,3.210579871206073
14672.4296875,156.4095001220703,-10.416254997253418,0.011576863937079906,14679.1083984375,127.72640228271484,-10.416749000549316,0.009449543431401253,17121.4453125,183.45664978027344,-10.583850860595703,0.011636513285338879,802.0235595703125,65,1.8284413814544678,1.6843308210372925,84.46953582763672,1492.0666318087476,3871.9794919375076,45.12648680164362,3.210218758775849,0.02085614576935768,0.020736869424581528,-33.43144989013672,3,4.261948585510254,0.0003109052777290344,18092.724609375,10.970647811889648,45.12648680164362,3.2102187587758375
810.07470703125,124.53279113769531,-7.271312713623047,0.1669507920742035,593.8692626953125,112.0320053100586,-6.934226989746094,0.2048712819814682,703.5814208984375,178.0728302001953,-7.1182861328125,0.27486100792884827,53.20951843261719,9,1.3460972309112549,0.6022089719772339,46.9649658203125,478.52223129812893,3873.089867436506,45.126701480977324,3.2840883266976104,0.3945813775062561,0.3943258821964264,-31.228233337402344,2,5.359099864959717,0.0003908566723112017,611.227783203125,8.076583862304688,45.126701480977324,3.2840883266976104
1493.4786376953125,141.28921508789062,-7.935497760772705,0.10274006426334381,1175.1019287109375,112.9447250366211,-7.675189018249512,0.10438071191310883,1357.80517578125,150.09274291992188,-7.832093715667725,0.1200472041964531,84.75416564941406,23,1.9819589853286743,1.1556638479232788,63.694801330566406,1397.481640390219,3862.9576242111234,45.12583853576412,3.21711357977256,0.22676697373390198,0.22563566267490387,65.59912872314453,0,8.388160705566406,0.0006118937162682414,578.7776489257812,11.891754150390625,45.12583853576412,3.21711357977256
5855.0439453125,257.76666259765625,-9.418825149536133,0.04781084507703781,2878.828125,114.78084564208984,-8.648038864135742,0.043299563229084015,5476.21142578125,243.6004638671875,-9.346200942993164,0.04830896481871605,103.59939575195312,78,2.691539764404297,2.2993457317352295,-46.437843322753906,1581.9929733206245,3861.5950556282464,45.12571696474294,3.203663196212072,0.15656325221061707,0.15625126659870148,88.88506317138672,2,10.266565322875977,0.0007489528506994247,4642.3642578125,16.14923858642578,45.12571696474294,3.2036631962120725
3600.487060546875,214.45933532714844,-8.89090347290039,0.06468648463487625,2094.1728515625,114.0321273803711,-8.302531242370605,0.059134986251592636,2762.68505859375,218.01577758789062,-8.603328704833984,0.0857010930776596,97.57769775390625,55,2.6685471534729004,1.8820055723190308,26.192853927612305,1024.6321514512454,3857.982842401899,45.12552194694936,3.2442899724703,0.1688176393508911,0.1682761311531067,31.558202743530273,0,11.225520133972168,0.0008188007050193846,1195.158447265625,16.01128387451172,45.125521946949355,3.2442899724703116
1605.1778564453125,153.440185546875,-8.013808250427246,0.10381157696247101,1238.061767578125,112.84510803222656,-7.731855869293213,0.09898518770933151,1303.9161376953125,151.67686462402344,-7.788124084472656,0.12632796168327332,64.7635269165039,25,1.6784250736236572,1.4329218864440918,22.146076202392578,1200.4598353648453,3858.9288698285814,45.125568438460576,3.2314747011647795,0.21925696730613708,0.21874286234378815,41.59138870239258,0,7.252265453338623,0.0005290082772262394,488.0325012207031,10.070550918579102,45.125568438460576,3.2314747011647795
1292.6512451171875,162.36276245117188,-7.778703212738037,0.13640645146369934,615.123046875,112.14534759521484,-6.972404956817627,0.19799266755580902,484.3702392578125,242.86965942382812,-6.7129435539245605,0.5445348024368286,42.316253662109375,16,2.4049370288848877,0.788855791091919,-22.899681091308594,45.49617754573491,3857.9904708977156,45.12566090621378,3.3156394128244915,0.404558002948761,0.40401771664619446,-89.49945068359375,2,8.238951683044434,0.0006008524796925485,895.8810424804688,14.429622650146484,45.125660906213774,3.3156394128245026
22029.203125,303.72613525390625,-10.857497215270996,0.014973150566220284,10732.30078125,123.42781829833984,-10.07673168182373,0.012489642947912216,20347.5078125,313.92626953125,-10.771278381347656,0.01675507053732872,352.92486572265625,193,3.793355703353882,2.5836029052734375,39.010223388671875,776.4995690985905,3849.0135701861577,45.124899391175816,3.2623735135877654,0.044655099511146545,0.04394170269370079,47.189178466796875,0,8.209295272827148,0.0005987632321193814,17934.6875,22.760133743286133,45.124899391175816,3.262373513587765
918.4923706054688,131.5736083984375,-7.407689094543457,0.15556900203227997,278.8331298828125,111.52137756347656,-6.11336088180542,0.4343537390232086,344.2618408203125,138.03729248046875,-6.342222213745117,0.4354490637779236,34.851593017578125,9,1.6262257099151611,1.2116944789886475,43.27610397338867,1960.5102517851756,3851.853980834971,45.12496290972142,3.1760668279646844,0.7279173135757446,0.726884126663208,26.500272750854492,0,8.397839546203613,0.000612690462730825,-38.74019241333008,9.757354736328125,45.12496290972141,3.1760668279646964
2383.3076171875,200.808837890625,-8.442950248718262,0.09150241315364838,1340.285400390625,112.74847412109375,-7.8179931640625,0.0913572907447815,1651.8316650390625,176.0100860595703,-8.044914245605469,0.11571817845106125,69.9883804321289,37,2.2655375003814697,1.4312244653701782,41.59728240966797,1410.3044510224397,3844.766101470054,45.12450689552803,3.2161787569841938,0.25129666924476624,0.25057196617126465,41.217857360839844,0,10.787516593933105,0.0007869209512136877,606.0137329101562,13.593225479125977,45.12450689552802,3.2161787569842053
3157.5390625,231.43832397460938,-8.748372077941895,0.07960060238838196,1366.0299072265625,112.91006469726562,-7.838650703430176,0.08976401388645172,1674.39111328125,217.34446716308594,-8.05964183807373,0.14096830785274506,90.10256958007812,41,3.3022541999816895,1.4925864934921265,54.8777961730957,61.6893074187153,3835.524273136734,45.12401572097606,3.314458771163226,0.20087672770023346,0.2003105878829956,-80.78929901123047,0,13.309918403625488,0.0009706715354695916,1301.4976806640625,19.813526153564453,45.12401572097606,3.314458771163226
1729.4031982421875,164.25299072265625,-8.094740867614746,0.10314468294382095,1283.2198486328125,112.98603820800781,-7.770752429962158,0.09562106430530548,1517.1690673828125,163.57569885253906,-7.952584743499756,0.11708860099315643,93.1319351196289,27,1.8271172046661377,1.5072098970413208,-13.038287162780762,1239.1059042879117,3835.8619282070663,45.12387699657493,3.2286575945765366,0.24295222759246826,0.24221882224082947,-48.504520416259766,0,7.8718132972717285,0.0005742042558267713,1320.2115478515625,10.962703704833984,45.12387699657492,3.2286575945765486
80648.6796875,580.2356567382812,-12.26649284362793,0.007813344709575176,19243.216796875,132.36318969726562,-10.710694313049316,0.007469979114830494,76449.4453125,602.76123046875,-12.208436012268066,0.008562504313886166,659.4044189453125,749,7.292503356933594,4.966738700866699,-27.4527530670166,1761.2352382999052,3820.3027831601153,45.122677496602144,3.190595990404847,0.042130593210458755,0.0415182039141655,-35.36190414428711,0,9.981842994689941,0.0007282126462087035,68553.6796875,43.75502014160156,45.122677496602144,3.190595990404847
2536.8779296875,172.31869506835938,-8.510748863220215,0.07376708835363388,1851.1595458984375,113.61564636230469,-8.168609619140625,0.06665367633104324,2372.89794921875,177.2553253173828,-8.43819808959961,0.08112413436174393,103.2944107055664,38,2.41762375831604,1.3228752613067627,-88.34153747558594,1556.6650268460885,3830.964905382906,45.12348038049591,3.2055095356117596,0.16707739233970642,0.16627253592014313,-85.44593048095703,0,10.260833740234375,0.0007485270034521818,957.623291015625,14.505743026733398,45.12348038049592,3.205509535611749
4392.50390625,184.61781311035156,-9.106780052185059,0.04564479738473892,3231.736083984375,115.02179718017578,-8.773590087890625,0.03865218907594681,4128.54736328125,191.8751678466797,-9.039493560791016,0.05047209560871124,160.27987670898438,57,2.039757490158081,1.8243101835250854,63.99224090576172,1970.861922641863,3827.340761480365,45.12316953182071,3.1753122915339973,0.09738773852586746,0.09697294235229492,-88.54029083251953,0,6.178607940673828,0.00045077918912284076,3780.550048828125,12.238544464111328,45.12316953182071,3.1753122915339977
2513.8974609375,174.81967163085938,-8.500868797302246,0.07552184164524078,1729.2503662109375,113.167236328125,-8.094644546508789,0.07107103615999222,1864.837158203125,176.17251586914062,-8.176602363586426,0.10259520262479782,106.51036071777344,38,1.8778154850006104,1.7274837493896484,44.58127975463867,1394.5761626615936,3821.5357024096093,45.12281029443134,3.2173251010235138,0.14658784866333008,0.14639021456241608,-62.68205261230469,0,7.078464984893799,0.0005163521273061633,1023.5016479492188,11.26689338684082,45.12281029443134,3.2173251010235133
4965.6865234375,146.13133239746094,-9.239948272705078,0.03195904940366745,4458.24951171875,116.61386108398438,-9.122910499572754,0.028406362980604172,4780.517578125,157.8750762939453,-9.198687553405762,0.035864803940057755,290.72900390625,47,1.6786525249481201,1.5304261445999146,-81.190673828125,923.5077218669315,3820.258626096077,45.12277704922248,3.2516593630418535,0.05263066291809082,0.05251369625329971,86.11845397949219,0,4.046943187713623,0.0002951809437945485,4428.9169921875,10.071914672851562,45.12277704922248,3.2516593630418535
853.3065795898438,131.27224731445312,-7.327762603759766,0.1670696884393692,298.9590759277344,111.58975219726562,-6.189029216766357,0.4053613841533661,273.4985046386719,103.259521484375,-6.0923871994018555,0.4100199341773987,35.07874298095703,10,1.7105672359466553,0.6772143244743347,78.8709945678711,1490.8985760874646,3818.907969050548,45.122606585238216,3.210303698793984,0.4831204414367676,0.48152831196784973,88.67241668701172,0,6.422985553741455,0.00046854777610860765,-496.6628723144531,10.263402938842773,45.122606585238216,3.2103036987939952
1289.237548828125,148.04696655273438,-7.775832176208496,0.12470860034227371,1066.0732421875,112.77136993408203,-7.569467544555664,0.11487926542758942,1370.3233642578125,162.7000732421875,-7.842057704925537,0.12894202768802643,57.71760177612305,20,2.1688525676727295,1.284749984741211,61.98609161376953,1576.9372231416442,3812.4029746458714,45.122120845398115,3.204031680671786,0.3119701147079468,0.31151798367500305,77.9636459350586,2,9.996636390686035,0.0007292560185305774,81.58692169189453,13.013114929199219,45.122120845398115,3.204031680671786
2180.27734375,187.96542358398438,-8.34627914428711,0.09362591058015823,1223.4478759765625,112.60924530029297,-7.718963623046875,0.09995819628238678,1378.081787109375,151.7425079345703,-7.848187446594238,0.11958097666501999,69.4939956665039,26,1.8036320209503174,1.345457673072815,36.126800537109375,1540.4853669855777,3815.374848493952,45.122342398668046,3.206688962912905,0.23183558881282806,0.23154498636722565,-21.479915618896484,0,7.713212490081787,0.000562674889806658,245.80718994140625,10.821792602539062,45.12234239866804,3.2066889629129163
6662.91552734375,319.38775634765625,-9.559161186218262,0.05205755680799484,2110.65380859375,113.7921371459961,-8.311042785644531,0.058549754321575165,6110.52392578125,327.1685485839844,-9.465195655822754,0.058146413415670395,83.48800659179688,95,3.669917345046997,2.7259750366210938,15.607545852661133,1665.6920782779953,3804.8496909934033,45.12155836572309,3.197561434912898,0.23616410791873932,0.23608514666557312,44.28455352783203,2,14.611279487609863,0.001065918244421482,5940.35205078125,22.01950454711914,45.1215583657231,3.1975614349128865
6618.19287109375,331.4122314453125,-9.551848411560059,0.05438246950507164,1967.939208984375,113.45008850097656,-8.235029220581055,0.06260701268911362,4604.8466796875,272.2662353515625,-9.158038139343262,0.06421085447072983,88.90122985839844,52,3.038776397705078,2.5289225578308105,65.92256927490234,1845.6312969889711,3794.190918276858,45.12075906095589,3.1844431069296246,0.24666348099708557,0.24619294703006744,50.278907775878906,2,13.691707611083984,0.0009988800156861544,2995.982177734375,18.23265838623047,45.12075906095589,3.184443106929624
1225.915771484375,144.7641143798828,-7.721151351928711,0.12824195623397827,695.9816284179688,111.93453979492188,-7.106494426727295,0.1746610850095749,1713.1162109375,428.861328125,-8.084466934204102,0.27186912298202515,66.75708770751953,19,2.9809839725494385,1.5478923320770264,-11.601587295532227,671.2407590803767,3788.8320025176754,45.120513531941526,3.2700426886900327,0.5692602396011353,0.5659837126731873,31.395103454589844,3,12.876827239990234,0.0009391769417561591,1927.03759765625,17.88590431213379,45.12051353194152,3.2700426886900433
4043.1611328125,274.1982116699219,-9.016802787780762,0.07365010678768158,927.8613891601562,112.21235656738281,-7.418707847595215,0.13133709132671356,3557.695556640625,344.8374328613281,-8.877922058105469,0.10526292771100998,67.64094543457031,35,4.232197284698486,1.994099497795105,-19.28165054321289,672.3827462197225,3793.1441782964175,45.12082867418926,3.269959577071381,0.37170201539993286,0.37100550532341003,-40.1182746887207,3,17.426546096801758,0.0012710153823718429,2210.9951171875,25.393184661865234,45.12082867418926,3.269959577071381
5196.048828125,254.6679229736328,-9.289182662963867,0.053226858377456665,2067.313232421875,113.65434265136719,-8.2885160446167,0.059704847633838654,6707.52734375,353.1060485839844,-9.56640625,0.057170569896698,107.7593002319336,79,4.475064277648926,2.1362192630767822,-44.60015869140625,669.5481138369222,3789.654219654551,45.120573886206124,3.270166054605767,0.2842130959033966,0.2823469042778015,-28.89215660095215,3,16.88779067993164,0.001231719390489161,3549.968505859375,26.850385665893555,45.12057388620612,3.270166054605779
724.6503295898438,115.34095001220703,-7.150321006774902,0.1728561520576477,415.0473937988281,111.68526458740234,-6.545244216918945,0.2922321557998657,414.29718017578125,119.9758529663086,-6.543280124664307,0.3144935071468353,56.338661193847656,11,1.7805615663528442,0.8322750926017761,-35.32402038574219,315.26100889826984,3800.0352194606085,45.121383307343706,3.2959822194581716,0.36082375049591064,0.3603270649909973,4.700984001159668,0,7.2742204666137695,0.0005305171362124383,-271.04608154296875,10.683369636535645,45.121383307343706,3.2959822194581716
2966.051513671875,133.27674865722656,-8.68044662475586,0.048798393458127975,2694.801025390625,114.69425964355469,-8.576316833496094,0.04622158035635948,2930.287841796875,147.3730926513672,-8.667275428771973,0.054618243128061295,173.66390991210938,34,1.5586881637573242,1.390930414199829,-77.8470458984375,841.7689007466674,3794.899829172381,45.12093385036035,3.257615792111348,0.08255957812070847,0.082236148416996,-74.94090270996094,0,4.720269680023193,0.0003442866145633161,2333.390625,9.352128982543945,45.120933850360345,3.25761579211136
1602.2803955078125,155.694091796875,-8.011846542358398,0.10552696138620377,1101.02392578125,112.59447479248047,-7.604491710662842,0.1110580787062645,1466.29052734375,163.53392028808594,-7.915550231933594,0.12112049758434296,61.66424560546875,25,2.3508729934692383,1.1914951801300049,-8.407550811767578,120.8369335662976,3786.7758804810683,45.12044233715799,3.310147592812194,0.30317223072052,0.30169248580932617,-17.010360717773438,0,10.022958755493164,0.0007309644133783877,789.8182983398438,14.10523796081543,45.12044233715799,3.3101475928122057
5635.162109375,70.31591033935547,-9.377265930175781,0.013551176525652409,5567.3955078125,117.75865173339844,-9.364130020141602,0.02297050692141056,5544.90625,71.99263763427734,-9.359735488891602,0.014100149273872375,1759.6761474609375,12,0.9242401123046875,0.4541102945804596,-74.59490203857422,505.0303248654877,3784.980734392315,45.12025525515644,3.2821542225720988,0.012339509092271328,0.01045155804604292,-85.28146362304688,0,2.170401096343994,0.00015829465701244771,5421.65576171875,5.545440673828125,45.12025525515644,3.2821542225720983
3587.06298828125,216.18917846679688,-8.886847496032715,0.06545227766036987,2154.45068359375,113.88705444335938,-8.333341598510742,0.05740737169981003,2668.23681640625,230.58499145507812,-8.565561294555664,0.09385047852993011,100.62494659423828,55,2.2638437747955322,1.9115673303604126,55.78335189819336,61.655184955639264,3718.956902675365,45.115492013843486,3.3144568703977018,0.1536751091480255,0.1535671055316925,38.416587829589844,0,8.798458099365234,0.000641657505184412,3291.604736328125,13.583063125610352,45.115492013843486,3.3144568703977013
15852.55078125,189.37347412109375,-10.500247955322266,0.012973280623555183,13344.6044921875,126.35468292236328,-10.313263893127441,0.01028289645910263,15449.078125,196.5321807861328,-10.472256660461426,0.013815319165587425,787.260986328125,93,1.9705009460449219,1.8605413436889648,1.541309118270874,1688.2652306249763,3697.9713706641455,45.113741259855196,3.195915880112255,0.021154697984457016,0.020900225266814232,-76.33678436279297,0,4.0124592781066895,0.00029271349194459617,15849.4072265625,11.823005676269531,45.113741259855196,3.195915880112243
2330.759765625,150.3732147216797,-8.418744087219238,0.07006526738405228,1969.84375,113.75582122802734,-8.236079216003418,0.06271503120660782,1977.4825439453125,150.64608764648438,-8.24028205871582,0.08273228257894516,100.8089370727539,33,1.5573288202285767,1.4789917469024658,-8.32138442993164,1377.1869480588864,3693.0107385739866,45.11341509204321,3.2185916599883124,0.12186082452535629,0.12149112671613693,-82.53019714355469,0,5.599983215332031,0.00040849423385225236,1566.4267578125,9.343973159790039,45.11341509204321,3.218591659988312
1170.718994140625,143.99012756347656,-7.671131610870361,0.13357029855251312,821.9613647460938,112.26118469238281,-7.287128448486328,0.14832285046577454,864.7183837890625,156.0944366455078,-7.34218692779541,0.19603903591632843,64.3080062866211,18,1.8859971761703491,1.323106288909912,19.855846405029297,1173.409994881371,3691.572214395419,45.113335261760675,3.2334441565219354,0.2989288866519928,0.29880189895629883,-56.80039596557617,0,9.457385063171387,0.0006898434367030859,320.0101318359375,11.315982818603516,45.113335261760675,3.233444156521936
3962.30810546875,264.2750244140625,-8.99487018585205,0.07243320345878601,1381.7042236328125,113.23358154296875,-7.851037502288818,0.08899999409914017,2633.501708984375,328.7485046386719,-8.551334381103516,0.13556888699531555,63.01922607421875,26,3.0568976402282715,1.3363085985183716,-6.931981563568115,2007.495310200928,3689.6612938932326,45.1130991441027,3.1726425916010075,0.30523213744163513,0.30493637919425964,57.04063034057617,2,12.113448143005371,0.0008837641798891127,3278.855224609375,18.341384887695312,45.113099144102705,3.172642591600996
2846.7197265625,185.74122619628906,-8.63586139678955,0.07085873931646347,1970.787109375,113.6703109741211,-8.23659896850586,0.06263789534568787,2445.607177734375,184.12374877929688,-8.470966339111328,0.08176226913928986,94.412109375,43,2.0979039669036865,1.6986573934555054,49.0481071472168,636.3502764649572,3651.1415983592724,45.11045046627902,3.2725816299862927,0.15677502751350403,0.15621758997440338,85.27728271484375,3,8.167915344238281,0.0005957236280664802,2327.666259765625,12.587423324584961,45.11045046627902,3.272581629986293
2728.037109375,226.0367889404297,-8.589625358581543,0.08998262882232666,1214.26513671875,112.81678771972656,-7.710783958435059,0.10089973360300064,1444.490478515625,175.15025329589844,-7.89928674697876,0.13168184459209442,58.200233459472656,29,2.4185328483581543,1.292874813079834,-22.779233932495117,523.6380683108009,3655.275402683311,45.11076848698026,3.2807946482236345,0.25934138894081116,0.25844353437423706,-11.315187454223633,0,10.592580795288086,0.0007725513423793018,610.0974731445312,14.511197090148926,45.11076848698026,3.280794648223646
1857.69677734375,171.1859893798828,-8.172436714172363,0.10007444769144058,1243.8048095703125,112.72093200683594,-7.736880779266357,0.09841973334550858,1419.722900390625,181.3485107421875,-7.880508899688721,0.13872036337852478,53.754920959472656,29,2.413454055786133,1.4055628776550293,26.111867904663086,425.8916495554476,3601.407159191444,45.10684334463258,3.2879151512676312,0.25743138790130615,0.2565073072910309,19.527002334594727,0,11.034884452819824,0.0008047964656725526,240.2528533935547,14.480724334716797,45.10684334463258,3.2879151512676317
21739.888671875,208.1428985595703,-10.843143463134766,0.010397624224424362,18012.169921875,131.25860595703125,-10.638915061950684,0.007913918234407902,21182.26953125,208.835205078125,-10.81493091583252,0.010706833563745022,1121.0152587890625,114,2.029693841934204,1.974061369895935,27.042224884033203,1087.3502472354235,3596.21258457974,45.10637368770114,3.2397148393990327,0.01584066078066826,0.015657339245080948,88.0424575805664,0,3.758596897125244,0.0002741536882240325,21432.439453125,12.178163528442383,45.10637368770113,3.2397148393990327
2260.944091796875,197.22999572753906,-8.385725021362305,0.09473554790019989,1206.6851806640625,112.67671203613281,-7.70398473739624,0.1014074832201004,1310.273681640625,191.1851348876953,-7.793405055999756,0.1584608256816864,60.88982009887695,31,2.135537624359131,1.7871543169021606,-33.36431884765625,1885.5240550337815,3557.1997075377767,45.10342673683517,3.18153591392745,0.22552673518657684,0.22537748515605927,-68.63389587402344,0,11.707297325134277,0.0008540878188796341,1016.4876708984375,12.813225746154785,45.10342673683517,3.18153591392745
31247.25390625,103.96392822265625,-11.237030029296875,0.0036132719833403826,-175173.875,111.1408462524414,99.0,99.0,-173467.640625,41.51871871948242,99.0,99.0,15015.611328125,9,0.9850248694419861,0.11710943281650543,89.57839965820312,950.0048806240865,3557.9913808879046,45.10359683111667,3.2497233265689833,0.003512176452204585,0.0017176606925204396,81.73365020751953,1,1.9164621829986572,0.0001397835003444925,-182325.34375,5.910149097442627,45.10359683111666,3.249723326568995
1111.2960205078125,147.99240112304688,-7.614574432373047,0.14462371170520782,646.3786010742188,112.00701141357422,-7.026217460632324,0.18818633258342743,704.3597412109375,150.3283233642578,-7.119486331939697,0.23178008198738098,55.69504165649414,16,2.134340286254883,1.091181993484497,-49.540252685546875,175.51358180387703,3555.760496728102,45.103541529312814,3.306155685552951,0.4243662655353546,0.4236241579055786,-55.39775848388672,0,9.134758949279785,0.0006661929655820131,-373.2442321777344,12.806041717529297,45.103541529312814,3.306155685552951
5391.61181640625,117.31818389892578,-9.329296112060547,0.023630697280168533,3437.75341796875,115.4328384399414,-8.840686798095703,0.03646569326519966,5103.8486328125,120.09282684326172,-9.269744873046875,0.025553423911333084,416.0575256347656,24,2.142970561981201,0.5651596784591675,-62.00624465942383,790.2749641738375,3543.422966374282,45.10255286743494,3.2613627416136204,0.07875290513038635,0.07513522356748581,-66.27832794189453,2,6.569182395935059,0.0004791308310814202,4180.41162109375,12.857823371887207,45.10255286743493,3.261362741613632
2178.56982421875,186.34994506835938,-8.345428466796875,0.09289398789405823,1253.8062744140625,112.73284912109375,-7.745575904846191,0.09764496237039566,1415.4444580078125,160.451416015625,-7.877232074737549,0.12310637533664703,72.94841003417969,26,1.7296738624572754,1.5334935188293457,-38.02041244506836,1159.8170558043705,3519.50203697461,45.100755371291015,3.2344323917651545,0.23917315900325775,0.2382916361093521,-45.73521423339844,2,8.573712348937988,0.0006253755418583751,814.8882446289062,10.378043174743652,45.100755371291015,3.2344323917651545
15008.1015625,304.78094482421875,-10.440814018249512,0.02205422893166542,7245.830078125,119.98601531982422,-9.650219917297363,0.017983421683311462,13841.7509765625,315.0637512207031,-10.352977752685547,0.02471936121582985,261.9227294921875,175,3.307730197906494,3.0538573265075684,-12.247759819030762,1925.7087509382557,3491.067822833917,45.098587044811204,3.1786066908670803,0.06521983444690704,0.06481088697910309,-44.16764831542969,0,7.601953029632568,0.0005545893218368292,12047.5302734375,19.84638214111328,45.098587044811204,3.1786066908670803
3494.004150390625,218.63880920410156,-8.858308792114258,0.06795691698789597,2050.084716796875,113.8072280883789,-8.27942943572998,0.06028757989406586,2533.16650390625,210.39935302734375,-8.509159088134766,0.09020081907510757,97.73817443847656,54,2.4296083450317383,1.9060406684875488,-80.29618835449219,1398.7967895221984,3494.3871256101293,45.098889423961474,3.2170148660520126,0.15843604505062103,0.15838280320167542,-13.692123413085938,0,9.478168487548828,0.0006913802935741842,2469.767822265625,14.57765007019043,45.098889423961474,3.217014866052013
592.7064819335938,104.27515411376953,-6.932099342346191,0.19106052815914154,390.6517028808594,111.61180877685547,-6.479474067687988,0.3102774918079376,441.1689758300781,125.03083801269531,-6.611512184143066,0.3077811300754547,49.92775344848633,9,1.2526917457580566,0.5585529804229736,28.782360076904297,1450.9097700003917,3494.484280050438,45.098890280165506,3.2132165822320333,0.2427237629890442,0.24144551157951355,29.658287048339844,3,4.972097396850586,0.00036269129486754537,418.2542419433594,7.51615047454834,45.098890280165506,3.213216582232045
1800.0914306640625,161.2620391845703,-8.138236045837402,0.09728982299566269,1253.03857421875,112.60079193115234,-7.744911193847656,0.09759034216403961,1428.6793212890625,165.74684143066406,-7.887336730957031,0.12599124014377594,103.26057434082031,28,2.188439130783081,1.2714557647705078,74.58354187011719,706.4387245689063,3480.61875426355,45.09797183682234,3.267470137310816,0.19327016174793243,0.19282765686511993,56.60202407836914,0,8.067268371582031,0.0005883854464627802,1022.4170532226562,13.130634307861328,45.09797183682234,3.2674701373108044
608.9283447265625,82.32318878173828,-6.9614152908325195,0.14682020246982574,634.852783203125,112.30061340332031,-7.006682395935059,0.19210511445999146,600.459228515625,124.2144546508789,-6.946208953857422,0.22465620934963226,77.65259552001953,9,1.8031976222991943,0.8729909658432007,63.11698913574219,418.56016549513527,3480.011806350511,45.09796744161028,3.2884455537184447,0.18511514365673065,0.184841126203537,5.042670249938965,3,7.4992995262146,0.0005469369352795184,42.567535400390625,10.819185256958008,45.09796744161028,3.2884455537184447
935.4609375,132.8345184326172,-7.4275641441345215,0.1542109102010727,495.0628356933594,111.78141784667969,-6.7366509437561035,0.24521054327487946,456.28741455078125,133.61544799804688,-6.648096084594727,0.31801530718803406,66.07755279541016,14,2.007185935974121,0.9378383755683899,-50.487060546875,1991.534681793876,3477.3446616191095,45.09757675647189,3.1738079048728376,0.28796157240867615,0.2873572111129761,-44.7526741027832,0,8.206663131713867,0.0005987139302305877,239.00035095214844,12.043115615844727,45.09757675647189,3.1738079048728376
3974.163330078125,185.68617248535156,-8.998114585876465,0.050741542130708694,2794.641357421875,114.72525787353516,-8.615815162658691,0.04458233341574669,3588.179443359375,203.34664916992188,-8.887185096740723,0.0615449883043766,156.23419189453125,54,2.1735787391662598,1.939116358757019,-33.0321044921875,1400.4970702200712,3462.3819935857996,45.096549014746316,3.2168906498186893,0.10529625415802002,0.1049550399184227,-75.36921691894531,0,6.871362686157227,0.0005012266919948161,3485.492431640625,13.041472434997559,45.09654901474632,3.2168906498186773
1601.419921875,137.04969787597656,-8.011262893676758,0.09294000267982483,1212.515625,112.59620666503906,-7.709218502044678,0.1008477583527565,1311.8509521484375,136.29147338867188,-7.794711112976074,0.11282725632190704,111.49398803710938,24,1.4330788850784302,1.2952814102172852,-80.47118377685547,347.22292181240186,3459.4422007155463,45.09647339889093,3.293642364040728,0.15651509165763855,0.15635135769844055,13.649930953979492,0,4.832525253295898,0.00035244092578068376,647.2589721679688,8.59847354888916,45.096473398890936,3.293642364040716
783.8849487304688,118.657470703125,-7.235630989074707,0.16438893973827362,754.1024780273438,112.13607788085938,-7.193575859069824,0.16148969531059265,799.5514526367188,158.38795471191406,-7.257115840911865,0.21513226628303528,50.06699752807617,12,1.7870410680770874,0.8071954846382141,-48.338584899902344,588.7809790989269,3456.659744390335,45.09623601492499,3.2760424988684798,0.42828771471977234,0.427639901638031,-58.16630554199219,2,7.175882339477539,0.000523362192325294,423.2170715332031,10.722246170043945,45.09623601492499,3.2760424988684798
1294.315185546875,158.27346801757812,-7.780100345611572,0.1327999383211136,773.356689453125,112.2469253540039,-7.220949649810791,0.157624751329422,1004.6483154296875,163.90737915039062,-7.505034923553467,0.17717982828617096,58.00051498413086,19,2.099975347518921,1.3051719665527344,17.71546745300293,667.6160066778108,3427.1660072899926,45.094068467678575,3.2702975567692043,0.3556729853153229,0.3549213409423828,8.915266990661621,3,9.914081573486328,0.0007230766350403428,1036.8450927734375,12.599851608276367,45.094068467678575,3.270297556769193
2067.199951171875,169.1559600830078,-8.288455963134766,0.08886579424142838,1498.2691650390625,112.98006439208984,-7.938974380493164,0.08189205825328827,1759.89111328125,166.01495361328125,-8.113714218139648,0.10244511067867279,84.42009735107422,32,2.001584053039551,1.4520466327667236,-76.22209167480469,547.6439971113233,3436.682580403805,45.09478089153869,3.2790392357419904,0.1927018165588379,0.19240009784698486,78.39820098876953,0,7.824403285980225,0.0005706571973860264,1226.5316162109375,12.009504318237305,45.09478089153869,3.2790392357419904
1648.027099609375,174.07102966308594,-8.042410850524902,0.11470754444599152,331.6394348144531,111.7613525390625,-6.301665306091309,0.36597827076911926,397.4315185546875,156.48080444335938,-6.49815559387207,0.4275910258293152,56.90547561645508,9,1.9751465320587158,0.7087652683258057,64.0197525024414,602.9019620886125,3436.152259134639,45.094734464966834,3.2750130447676282,0.7364761829376221,0.7331383228302002,78.03900909423828,0,7.068149566650391,0.0005155056132934988,-18.580482482910156,11.850879669189453,45.09473446496684,3.2750130447676167
6350.56201171875,293.25152587890625,-9.507030487060547,0.05014849826693535,2572.89306640625,114.2931900024414,-8.526054382324219,0.04824234917759895,4912.5,246.30743408203125,-9.228256225585938,0.0544508658349514,112.08322143554688,73,3.1613047122955322,1.9673036336898804,-60.37467956542969,424.0224278205511,3431.833380493572,45.09444358994059,3.28804607620718,0.17407716810703278,0.1732349842786789,-36.31992721557617,2,11.31122875213623,0.0008249474340118468,4492.42138671875,18.96782875061035,45.09444358994059,3.28804607620718
1961.277099609375,71.6737289428711,-8.23134708404541,0.03968723863363266,1801.408203125,113.29630279541016,-8.139030456542969,0.06830200552940369,2006.3369140625,75.56592559814453,-8.256010055541992,0.040902700275182724,352.3608703613281,13,2.1034891605377197,0.28167465329170227,-2.164114475250244,1723.856756115181,3404.07616043647,45.09224822451175,3.193321235227291,0.08529011160135269,0.0821467936038971,-3.648185968399048,3,4.567115306854248,0.00033316700137220323,222.84397888183594,12.620935440063477,45.09224822451175,3.193321235227291
4334.81640625,95.7983627319336,-9.092426300048828,0.02400032989680767,2329.362548828125,113.8770523071289,-8.418092727661133,0.05309198424220085,4286.76513671875,133.7786407470703,-9.080324172973633,0.03389119729399681,468.5028076171875,24,3.630505323410034,0.3707959055900574,-6.84719181060791,1732.569827731256,3402.321355525085,45.09211894530173,3.192686114915289,0.08255809545516968,0.010448666289448738,-6.433154106140137,3,6.929781436920166,0.00050552241737023,2535.794189453125,21.783031463623047,45.09211894530172,3.1926861149153005
3442.163330078125,85.22067260742188,-8.84207820892334,0.026887059211730957,2360.656005859375,113.95716857910156,-8.432581901550293,0.052425041794776917,6848.09521484375,144.22512817382812,-9.588924407958984,0.02287183329463005,290.10546875,19,3.258283853530884,0.3564707338809967,-7.6472368240356445,1749.1043311679698,3399.1886779454744,45.09188805327332,3.1914808640833656,0.07205162942409515,0.010406521148979664,-6.413556098937988,3,6.4315714836120605,0.00046917953295633197,3500.52783203125,19.54970359802246,45.09188805327333,3.191480864083354
9680.6767578125,169.87152099609375,-9.964764595031738,0.019056567922234535,2802.8662109375,114.64899444580078,-8.619006156921387,0.0444219596683979,11014.3974609375,288.5097961425781,-10.104902267456055,0.028446553274989128,417.3367004394531,52,14.776106834411621,0.5697817206382751,-8.343453407287598,1760.6118312631124,3397.726405189792,45.09177986209206,3.1906420436726948,0.3252766728401184,0.015040812082588673,-8.128325462341309,3,17.40557289123535,0.001269731903448701,-44152.15234375,88.6566390991211,45.09177986209206,3.1906420436726943
4163.51025390625,112.51994323730469,-9.048648834228516,0.0293494313955307,2358.247802734375,114.04074096679688,-8.431473731994629,0.05251706391572952,5670.73876953125,215.27137756347656,-9.384099006652832,0.041226502507925034,271.8872375488281,31,4.185488700866699,0.49380436539649963,-9.12736988067627,1778.1379362556804,3396.9038964965075,45.0917177928027,3.189364500273502,0.10352663695812225,0.016210561618208885,-8.9512357711792,3,8.60206413269043,0.0006275199702940881,4984.34619140625,25.112932205200195,45.0917177928027,3.1893645002735016
3567.36669921875,110.59974670410156,-8.880868911743164,0.03366946429014206,2515.134033203125,114.3545913696289,-8.501402854919434,0.049376726150512695,3754.625732421875,142.18438720703125,-8.936416625976562,0.04112586751580238,346.0539245605469,29,3.2059550285339355,0.6165860891342163,-9.235579490661621,1792.0356245262471,3393.4511832865605,45.09146381070387,3.188351440669126,0.08997011929750443,0.08763953298330307,-8.863160133361816,3,8.411259651184082,0.0006136029260233045,2004.5697021484375,19.235729217529297,45.091463810703864,3.188351440669138
1834.8746337890625,182.35154724121094,-8.159015655517578,0.10792768746614456,672.712890625,111.99461364746094,-7.069574356079102,0.18079949915409088,978.6021118164062,187.70028686523438,-7.476515293121338,0.2082996815443039,63.10335159301758,18,2.044473171234131,1.774823784828186,20.479110717773438,1408.5354392251347,3391.6324186303273,45.09137482588766,3.216304127055494,0.4401048421859741,0.4388422966003418,25.646896362304688,0,10.024999618530273,0.0007312627276405692,306.1290283203125,12.266839027404785,45.09137482588766,3.2163041270554937
6683.5234375,311.3887023925781,-9.56251335144043,0.050597283989191055,2579.5810546875,114.34413146972656,-8.528873443603516,0.04813871532678604,3738.293701171875,279.4325866699219,-8.931683540344238,0.08117708563804626,136.9547882080078,72,2.431584596633911,2.3155758380889893,-78.61791229248047,1051.0511404843098,3383.1857319886203,45.09080162178476,3.242356505648223,0.1331925094127655,0.13299602270126343,-36.27092361450195,0,8.04508113861084,0.0005867986474186182,4391.8994140625,14.589508056640625,45.09080162178476,3.242356505648223
2059.277587890625,186.03662109375,-8.284287452697754,0.09811002016067505,1216.59619140625,112.77589416503906,-7.712866306304932,0.10066990554332733,1317.924072265625,150.0570526123047,-7.7997260093688965,0.12365049123764038,71.75375366210938,28,1.7424652576446533,1.369313359260559,0.18944233655929565,29.049848276283516,3381.572429021651,45.09082486900186,3.3168193216661623,0.24581891298294067,0.245381161570549,-30.645328521728516,2,8.284598350524902,0.0006041815504431725,1124.4228515625,10.454792022705078,45.09082486900186,3.316819321666163
7308.04833984375,224.79295349121094,-9.659503936767578,0.03340497240424156,4634.44482421875,116.73220825195312,-9.164994239807129,0.027354124933481216,6919.4443359375,229.31918334960938,-9.600177764892578,0.03599141910672188,204.35275268554688,86,2.5726583003997803,2.096876621246338,26.682279586791992,470.0724379326499,3383.237928073798,45.090883519807136,3.284689469144002,0.07921723276376724,0.07881040126085281,43.66268539428711,2,6.943619251251221,0.0005064127617515624,6021.36328125,15.435949325561523,45.090883519807136,3.284689469144002
895.2294921875,132.34739685058594,-7.379836082458496,0.16055019199848175,525.5791015625,111.95013427734375,-6.801595211029053,0.23132169246673584,551.3963623046875,129.0245819091797,-6.853659629821777,0.25411972403526306,49.576534271240234,13,1.410101056098938,1.2297816276550293,74.30669403076172,815.5739644665513,3384.7111372341665,45.090944011062206,3.2595155727274627,0.2997704744338989,0.2996477484703064,-50.589576721191406,0,6.45731782913208,0.00047097005881369114,253.56787109375,8.460606575012207,45.090944011062206,3.2595155727274623
591.8001098632812,104.00856018066406,-6.9304375648498535,0.1908639371395111,515.3717041015625,111.7176742553711,-6.780301570892334,0.23541338741779327,580.4833374023438,110.55548858642578,-6.9094743728637695,0.20683325827121735,46.517799377441406,9,1.7079930305480957,0.7320243120193481,-63.06430435180664,372.67677602459406,3373.1568592319595,45.09016001118368,3.2917850862597287,0.37435460090637207,0.3730472922325134,-66.58653259277344,0,6.675776481628418,0.0004868721298407763,-70.96148681640625,10.247958183288574,45.09016001118368,3.2917850862597287
16013.9287109375,191.57545471191406,-10.511244773864746,0.012991873547434807,13269.7119140625,126.3140640258789,-10.307153701782227,0.010337607003748417,15519.4521484375,199.0699005126953,-10.477190971374512,0.013930253684520721,845.5250854492188,95,2.053290843963623,1.7768821716308594,83.96855926513672,1278.9495562401864,3365.1204643327364,45.08945198822459,3.225748091058374,0.020664334297180176,0.020486025139689445,-75.4076156616211,0,3.794459819793701,0.00027677486650645733,15042.5166015625,12.319745063781738,45.08945198822459,3.2257480910583745
5380.38427734375,260.6544189453125,-9.327033042907715,0.052611615508794785,2438.193359375,114.0916748046875,-8.467670440673828,0.05081777274608612,4227.1708984375,223.9207000732422,-9.06512451171875,0.0575273372232914,97.59278106689453,67,3.136601448059082,1.6796351671218872,-35.15986633300781,1825.5116814183739,3360.2287992861247,45.08903097113369,3.1859112484959278,0.17594347894191742,0.174724742770195,-35.78466796875,3,12.939681053161621,0.000943955616094172,2360.337158203125,18.819608688354492,45.08903097113369,3.1859112484959273
2832.64501953125,200.8800506591797,-8.630480766296387,0.07701484858989716,1790.200927734375,113.28302001953125,-8.132254600524902,0.06872153282165527,2254.224853515625,188.61061096191406,-8.382493019104004,0.09086543321609497,79.83438110351562,44,2.1351170539855957,1.7651872634887695,-81.10877990722656,211.29050845482675,3360.3140919760026,45.08924383436158,3.303542246791635,0.19747023284435272,0.19722597301006317,88.55594635009766,0,8.849665641784668,0.0006454037502408028,1768.157958984375,12.810702323913574,45.08924383436158,3.303542246791635
7510.115234375,154.88099670410156,-9.689116477966309,0.02239656262099743,6670.32763671875,119.34024047851562,-9.560367584228516,0.019429855048656464,7445.505859375,166.1634063720703,-9.67973518371582,0.024236561730504036,405.77117919921875,58,1.6920909881591797,1.638023853302002,44.50174331665039,1037.663972942283,3114.8092943966835,45.07117849809379,3.2433270035924564,0.0374208465218544,0.037215299904346466,83.5993423461914,0,3.9819700717926025,0.000290434603812173,7421.84619140625,10.152545928955078,45.0711784980938,3.2433270035924453
1112834.5,698.1646118164062,-15.116076469421387,0.0006813293439336121,897111.4375,503.27874755859375,-14.882116317749023,0.0006092450930736959,1081053.5,590.4895629882812,-15.084617614746094,0.0005931914201937616,50161.09375,686,2.5403823852539062,2.433784246444702,26.893369674682617,1412.4549962238455,3103.15242826505,45.070280087685504,3.216015539429099,0.0013373828260228038,0.001278015086427331,-82.52281951904297,4,3.864332437515259,0.0002818723442032933,1108515.0,15.242294311523438,45.070280087685504,3.216015539429099
630.5438842773438,111.83060455322266,-6.999288082122803,0.19260838627815247,348.3475036621094,111.64916229248047,-6.355031967163086,0.3480748236179352,268.25335693359375,106.7702865600586,-6.0713629722595215,0.432250052690506,47.49273681640625,9,1.5303287506103516,0.8048135638237,-43.98185729980469,1022.4097093522661,3113.6372343490984,45.071094728852906,3.244438494041412,0.310849130153656,0.3104759752750397,-60.05363845825195,0,6.625204563140869,0.0004832240811083466,206.07875061035156,9.18197250366211,45.071094728852906,3.244438494041412
18283.904296875,216.38790893554688,-10.655172348022461,0.012852685526013374,14658.775390625,127.62786865234375,-10.415244102478027,0.009455351158976555,17136.6171875,203.8152618408203,-10.584813117980957,0.012916398234665394,881.7376708984375,107,2.015411615371704,1.9235291481018066,68.58547973632812,1450.3346652693647,3108.5233174282953,45.07066836159615,3.213255067540798,0.018361298367381096,0.018159806728363037,-79.19489288330078,0,3.7555088996887207,0.00027393660275265574,17129.013671875,12.092470169067383,45.07066836159615,3.213255067540798
5827.80810546875,231.67642211914062,-9.413763046264648,0.04317242279648781,3394.798828125,115.12646484375,-8.827034950256348,0.036829087883234024,5905.013671875,282.6583251953125,-9.428051948547363,0.05198412016034126,160.75686645507812,81,2.6071183681488037,2.2003941535949707,-63.95818328857422,525.286042792091,3057.312752435012,45.06704132372749,3.280657049699648,0.12535910308361053,0.12491189688444138,-88.8199691772461,3,8.40585994720459,0.0006130575784482062,6116.646484375,15.642709732055664,45.06704132372749,3.2806570496996477
922.5157470703125,135.796875,-7.4124345779418945,0.1598622053861618,508.1286926269531,111.84115600585938,-6.764934539794922,0.23903293907642365,399.6360778808594,138.9799346923828,-6.504161834716797,0.3776741325855255,42.42384338378906,13,1.7375918626785278,0.8755916953086853,-1.7475963830947876,91.54722880024389,3074.9457974459638,45.0683912688924,3.31225493438468,0.256533682346344,0.2557612657546997,37.11452102661133,0,7.371438503265381,0.0005375920445658267,536.721435546875,10.425551414489746,45.06839126889239,3.312254934384691
2568.7294921875,193.8872833251953,-8.524295806884766,0.08197110146284103,1698.6861572265625,113.34843444824219,-8.07528305053711,0.07246565073728561,1971.416748046875,176.950927734375,-8.236946105957031,0.09747746586799622,77.84200286865234,40,2.199199914932251,1.4712109565734863,-79.85376739501953,462.7353719851233,3072.834205121587,45.06818497196034,3.285214484056143,0.18600961565971375,0.18510295450687408,-66.46758270263672,0,8.648221969604492,0.0006307293078862131,757.48193359375,13.195199966430664,45.06818497196034,3.2852144840561546
1311.3165283203125,116.82131958007812,-7.794268608093262,0.09674853831529617,1307.2880859375,112.88382720947266,-7.790928363800049,0.0937756821513176,1309.143310546875,126.93329620361328,-7.792468070983887,0.10529753565788269,81.86770629882812,19,1.5924577713012695,1.0379083156585693,56.98456573486328,204.03259215935216,3066.422944811122,45.06775203854684,3.304060558284684,0.16029202938079834,0.1594093292951584,62.14994430541992,0,5.8703837394714355,0.00042812578612938523,538.25390625,9.554746627807617,45.06775203854684,3.304060558284684
1778.233154296875,185.90994262695312,-8.124971389770508,0.11353865265846252,634.3048706054688,111.86052703857422,-7.005744934082031,0.19151759147644043,1266.1787109375,216.5242156982422,-7.756237506866455,0.1857125610113144,48.19533157348633,16,1.9756872653961182,1.6269111633300781,-15.789909362792969,1231.9875804024352,2884.2800362755784,45.05429652721353,3.229163416365939,0.6660955548286438,0.6641826629638672,53.058170318603516,0,10.74026107788086,0.0007833799463696778,748.832763671875,11.854124069213867,45.05429652721353,3.2291634163659384
1351.878662109375,150.92718505859375,-7.8273444175720215,0.12124381214380264,883.4955444335938,112.24703979492188,-7.365510940551758,0.13797499239444733,984.7088623046875,139.54405212402344,-7.483269691467285,0.15389811992645264,59.233360290527344,21,1.503851056098938,1.3276203870773315,-20.324697494506836,1345.8044909386251,2877.8309102510893,45.05381130166957,3.220869797059993,0.2632664442062378,0.2629159688949585,-52.90462112426758,1,8.453566551208496,0.0006166021339595318,523.2991333007812,9.023106575012207,45.05381130166957,3.220869797059993
2250.719970703125,156.06887817382812,-8.380804061889648,0.07530514895915985,1711.6959228515625,113.45069885253906,-8.083566665649414,0.07197976112365723,1847.519775390625,156.15103149414062,-8.166472434997559,0.09178793430328369,97.23059844970703,33,1.8217835426330566,1.3809679746627808,77.51105499267578,300.17280109005395,2872.628191816874,45.05356532301638,3.2970504602206843,0.13859252631664276,0.1384819895029068,-53.225685119628906,0,6.503843307495117,0.0004743286408483982,1738.9056396484375,10.93070125579834,45.05356532301638,3.2970504602206843
8095.27685546875,170.538818359375,-9.77057933807373,0.022878173738718033,6745.88818359375,119.17752838134766,-9.57259750366211,0.019186027348041534,7607.40576171875,183.2046356201172,-9.703091621398926,0.02615349367260933,427.021240234375,68,1.817733883857727,1.8017518520355225,-54.4019660949707,1416.9034409579078,2870.7285059854776,45.05328357456374,3.215688762658087,0.037050262093544006,0.03680996596813202,-79.12799835205078,0,3.851477861404419,0.000280929496511817,7493.84521484375,10.906403541564941,45.05328357456374,3.2156887626580986
5605.83056640625,93.03715515136719,-9.371600151062012,0.018023796379566193,5219.482421875,117.27731323242188,-9.294068336486816,0.02440149337053299,5344.73291015625,116.19786834716797,-9.319814682006836,0.023610325530171394,896.2775268554688,23,2.248060703277588,0.5419920682907104,-38.880409240722656,1332.9817633639896,2871.502110542065,45.05335001601783,3.2218040850597536,0.04339498281478882,0.040310557931661606,-38.61525344848633,0,6.589206218719482,0.00048061468987725675,4928.0966796875,13.488364219665527,45.05335001601783,3.2218040850597536
2834.950927734375,219.20042419433594,-8.631363868713379,0.08397029340267181,1574.8516845703125,113.2451400756836,-7.993099212646484,0.07809257507324219,2769.47412109375,220.82569885253906,-8.605993270874023,0.08659286797046661,65.22148132324219,44,2.445082426071167,2.0519838333129883,73.57997131347656,1777.95075802609,2859.3777665785256,45.05241307707538,3.1893772726126413,0.2654014229774475,0.2645137310028076,-55.8758544921875,2,13.429038047790527,0.0009795865043997765,2537.51513671875,14.670494079589844,45.05241307707538,3.1893772726126413
1614.145263671875,166.42555236816406,-8.019856452941895,0.1119714304804802,782.6539306640625,112.12635040283203,-7.233924388885498,0.15558500587940216,1100.005126953125,204.72654724121094,-7.60348653793335,0.20211999118328094,69.84213256835938,9,1.2481776475906372,0.9160709381103516,-1.4751466512680054,1780.9744901406352,2857.3516125555702,45.05226459229612,3.189156896087777,0.2866145670413971,0.2855404317378998,66.73338317871094,3,6.3807573318481445,0.00046544722863473,1420.435302734375,7.489066123962402,45.05226459229612,3.189156896087765
4201.375,209.79649353027344,-9.058478355407715,0.054229624569416046,2656.87158203125,114.34874725341797,-8.56092643737793,0.04674021154642105,3685.116455078125,208.78749084472656,-8.916128158569336,0.061529457569122314,115.25855255126953,61,2.558572292327881,1.746585488319397,-47.55369567871094,689.6850740450529,2860.5021800674285,45.05262616604433,3.2686745821581327,0.12339907139539719,0.12307045608758926,-80.84053802490234,0,8.188715934753418,0.0005972297512926161,2511.50048828125,15.351433753967285,45.05262616604433,3.2686745821581322
4116.30712890625,153.2913360595703,-9.036269187927246,0.040442656725645065,3470.683837890625,115.21493530273438,-8.851037979125977,0.036051519215106964,3671.765380859375,171.18902587890625,-8.912187576293945,0.050632670521736145,231.2247772216797,46,1.7978367805480957,1.4928951263427734,-50.75455093383789,750.1842888641766,2857.989883404113,45.05243452706445,3.2642669475948867,0.06642857939004898,0.06605345755815506,-79.30580139160156,1,4.188985824584961,0.0003055184497497976,3932.900146484375,10.787020683288574,45.05243452706445,3.2642669475948862
645.6681518554688,113.9168701171875,-7.025023460388184,0.19160573184490204,566.0791625976562,112.13054656982422,-6.882193088531494,0.2151179015636444,549.0008544921875,98.74960327148438,-6.84893274307251,0.19534043967723846,43.055946350097656,9,1.1455429792404175,0.913896918296814,-64.94921875,1468.6022757240544,2857.8974588459914,45.05233929487534,3.2119212792519765,0.36055976152420044,0.3603130280971527,-86.65528106689453,1,6.102100849151611,0.00044509494910016656,369.6512451171875,6.873257637023926,45.05233929487534,3.2119212792519765
1229.2562255859375,145.97889709472656,-7.7241058349609375,0.12896667420864105,747.5323486328125,112.21602630615234,-7.184074878692627,0.16302518546581268,810.6585083007812,105.13343811035156,-7.2720947265625,0.14084218442440033,53.656005859375,12,1.6839708089828491,0.6882480978965759,-81.10990142822266,2028.4529689610968,2851.648542052008,45.05182187451688,3.1711197037901084,0.2829904556274414,0.28158843517303467,-73.83625030517578,2,6.424582481384277,0.0004686671309173107,159.3056182861328,10.103824615478516,45.051821874516875,3.1711197037901324
2690.892822265625,202.8241424560547,-8.57474136352539,0.08185648173093796,1532.2301025390625,112.9768295288086,-7.963310241699219,0.08007468283176422,1841.4869384765625,167.55712890625,-8.162921905517578,0.09881527721881866,70.3798599243164,36,2.0037131309509277,1.4431140422821045,-76.75328826904297,840.8853716500203,2829.59067941916,45.05034591157374,3.2576582507997767,0.19463224709033966,0.19407868385314941,-68.66214752197266,2,8.419626235961914,0.0006140810437500477,1747.0816650390625,12.022278785705566,45.05034591157375,3.2576582507997647
1835.2760009765625,182.42449951171875,-8.159253120422363,0.10794725269079208,995.130126953125,112.42432403564453,-7.494699478149414,0.12269029766321182,1041.29345703125,158.5927734375,-7.543932914733887,0.16540174186229706,59.775516510009766,23,1.8009400367736816,1.4431856870651245,-32.808387756347656,814.4320680515655,2817.8997854632444,45.049494330894106,3.259585226267887,0.29861173033714294,0.29808324575424194,-22.347942352294922,1,9.652997970581055,0.0007040338823571801,1022.2685546875,10.80564022064209,45.04949433089411,3.259585226267876
3557.926513671875,80.09502410888672,-8.877992630004883,0.024447720497846603,3320.095458984375,115.1249008178711,-8.802876472473145,0.0376572422683239,4772.185546875,107.81643676757812,-9.196793556213379,0.0245356447994709,429.4932556152344,17,2.9461658000946045,0.38014310598373413,-36.785972595214844,527.5173785541988,3741.1123358715618,45.117044416748406,3.2805144165909685,0.07990487664937973,0.07797569781541824,-87.05575561523438,3,6.3141679763793945,0.0004605146241374314,6201.490234375,17.67699432373047,45.117044416748406,3.280514416590969
667.5107421875,112.11656951904297,-7.061145782470703,0.182406947016716,450.30621337890625,111.85980987548828,-6.633769989013672,0.26977142691612244,589.4817504882812,169.48214721679688,-6.926176071166992,0.31223630905151367,46.97382736206055,10,1.6686980724334717,0.6989895105361938,21.00372886657715,788.888422754433,3755.5249667495896,45.11806199956327,3.2614686090525753,0.47189196944236755,0.4705306887626648,-18.773380279541016,1,6.44534158706665,0.00047010387061163783,385.8166809082031,10.012187957763672,45.11806199956326,3.2614686090525753
6263.357421875,150.80474853515625,-9.49201774597168,0.026147950440645218,2542.825439453125,114.25785827636719,-8.513291358947754,0.04879770055413246,5441.6513671875,240.52932739257812,-9.339326858520508,0.04800286516547203,481.86724853515625,53,5.61586332321167,1.0588358640670776,-21.788259506225586,537.644659310331,3731.9428874447544,45.11637251485512,3.2797762166987843,0.18851949274539948,0.18437497317790985,-34.574161529541016,2,14.622705459594727,0.0010664871660992503,3115.5107421875,33.6951789855957,45.11637251485512,3.279776216698784
6438.462890625,262.0828552246094,-9.521955490112305,0.04420651122927666,3167.912841796875,114.90441131591797,-8.751933097839355,0.03939066454768181,5793.7099609375,265.996826171875,-9.407391548156738,0.04985968396067619,120.5175552368164,94,2.832573175430298,2.556643009185791,-37.78116989135742,184.84507672142868,3758.1171805411145,45.118337291262655,3.305483023363671,0.13643421232700348,0.13637787103652954,49.283267974853516,0,10.122756958007812,0.000738249160349369,4946.2509765625,16.995439529418945,45.118337291262655,3.3054830233636716
4117.5107421875,117.64555358886719,-9.03658676147461,0.031029202044010162,2676.35205078125,114.58673095703125,-8.56885814666748,0.046496566385030746,4114.306640625,167.17349243164062,-9.035741806030273,0.044126611202955246,262.73065185546875,21,2.1129400730133057,0.7575161457061768,12.590972900390625,563.1583155383321,3731.6497294016435,45.11634748746203,3.277917101979554,0.12019236385822296,0.11670561134815216,14.197638511657715,3,7.562500953674316,0.0005515630473382771,3942.586181640625,12.677640914916992,45.11634748746202,3.2779171019795657
1269.476318359375,121.70010375976562,-7.759061336517334,0.10411088913679123,1096.9593505859375,112.63336181640625,-7.600476264953613,0.1115080788731575,928.8341674804688,157.71876525878906,-7.4198455810546875,0.18440598249435425,86.16820526123047,19,1.6671946048736572,1.007881999015808,-72.49761199951172,1443.0946769705909,4056.203948341555,45.13996212040634,3.2137894222419288,0.15215490758419037,0.151819109916687,-67.83100891113281,0,6.784100532531738,0.0004948986461386085,944.3665161132812,10.003168106079102,45.13996212040634,3.2137894222419288
6489.48583984375,251.386962890625,-9.530526161193848,0.04206901043653488,3419.57470703125,115.15535736083984,-8.834930419921875,0.03657142445445061,5931.9775390625,256.6442565917969,-9.432998657226562,0.046985287219285965,120.888671875,92,2.6340622901916504,2.5289132595062256,-79.31472778320312,1518.4048331251051,3763.1176727960187,45.11852415756562,3.2082983821365643,0.12787096202373505,0.1274106651544571,-54.0704345703125,0,9.23615550994873,0.0006737649091519415,4505.54150390625,15.804373741149902,45.11852415756562,3.2082983821365643
3488.27099609375,82.64435577392578,-8.856525421142578,0.0257295873016119,4088.42822265625,115.80511474609375,-9.028890609741211,0.030761053785681725,4289.61328125,108.35611724853516,-9.081045150756836,0.027432482689619064,507.49041748046875,18,2.0193557739257812,0.5195614695549011,79.7018814086914,1282.945040064939,3702.306899306934,45.114106396744205,3.2254608425826468,0.05569707229733467,0.05229079723358154,80.0345458984375,3,6.108804225921631,0.00044560141395777464,3308.953369140625,12.116134643554688,45.11410639674421,3.2254608425826343
7612.25048828125,101.13671112060547,-9.70378303527832,0.014428646303713322,6890.578125,119.34043884277344,-9.5956392288208,0.01880883052945137,10651.0146484375,161.2716064453125,-10.068477630615234,0.01644359529018402,1503.318603515625,27,2.173452615737915,0.6280619502067566,53.096229553222656,1084.2217721555787,3681.137217005527,45.11258369473733,3.2399441895119154,0.021461831405758858,0.020626278594136238,36.6938362121582,2,2.0281155109405518,0.00014793251466471702,9902.6533203125,13.040716171264648,45.11258369473733,3.2399441895119154
3890.5517578125,229.05787658691406,-8.975028038024902,0.06393870711326599,2087.375,113.72135925292969,-8.299001693725586,0.05916588753461838,2994.3642578125,195.5384979248047,-8.69076156616211,0.07091816514730453,98.76448822021484,45,1.999273419380188,1.926660180091858,10.705253601074219,895.942908839387,3727.880101740655,45.11602620587918,3.2536664358628364,0.17672225832939148,0.17634065449237823,49.82030487060547,2,7.614921569824219,0.0005554199451580644,2530.291259765625,11.995640754699707,45.11602620587918,3.253666435862837
6805.55859375,199.39649963378906,-9.582159042358398,0.03181878477334976,4789.9931640625,116.7001724243164,-9.200837135314941,0.02645857445895672,6476.16064453125,216.3430633544922,-9.52829360961914,0.03627898916602135,234.8975830078125,77,2.385053873062134,1.9759821891784668,68.53136444091797,14.707960908994187,3740.129764230271,45.11704725682959,3.317878030205342,0.06875480711460114,0.06814869493246078,69.9601058959961,16,5.461695671081543,0.00039831033791415393,4460.1396484375,14.310323715209961,45.11704725682959,3.317878030205353
1858.7896728515625,172.8183135986328,-8.173075675964355,0.10096929967403412,1240.095947265625,112.80387115478516,-7.733638286590576,0.09878671914339066,1777.420166015625,199.69615173339844,-8.124475479125977,0.12201393395662308,88.74812316894531,29,2.491485595703125,1.6781830787658691,-6.09314489364624,1522.841962332955,3588.97321059045,45.10579067218997,3.207974151108842,0.3011881113052368,0.30043038725852966,-18.41276741027832,0,10.579331398010254,0.000771733233705163,1023.1304931640625,14.94891357421875,45.10579067218997,3.207974151108842
1007.3521118164062,68.39421081542969,-7.50795316696167,0.07373401522636414,1069.4324951171875,112.33779907226562,-7.572883605957031,0.1140781119465828,3193.8857421875,142.52041625976562,-8.760798454284668,0.0484604611992836,185.12265014648438,10,1.7885290384292603,0.35234159231185913,3.011401891708374,559.996514684705,3731.466007639593,45.11633449810982,3.278147489112051,0.10425294190645218,0.028915341943502426,5.51842737197876,3,4.7134108543396,0.0003437669947743416,2886.32373046875,10.73117446899414,45.11633449810982,3.2781474891120514
582.5249633789062,100.58859252929688,-6.913286209106445,0.18752709031105042,512.5040893554688,111.9344482421875,-6.774243354797363,0.23718993365764618,574.4195556640625,111.65636444091797,-6.898073196411133,0.21109798550605774,54.53997802734375,9,2.063002586364746,0.6278363466262817,-87.78910064697266,862.5543000115265,3440.3106684248532,45.0950033802465,3.2560934968419617,0.39483562111854553,0.39327624440193176,-56.233333587646484,3,6.795997142791748,0.0004956771153956652,93.05027770996094,12.378015518188477,45.0950033802465,3.2560934968419617
833.1453247070312,115.53678894042969,-7.301801681518555,0.15060152113437653,787.8233032226562,112.08860778808594,-7.241072177886963,0.15451209247112274,823.837890625,147.9591827392578,-7.289604187011719,0.19504283368587494,55.080020904541016,9,1.1430509090423584,0.8534450531005859,72.42813873291016,1161.5005925218031,3663.7156684678607,45.1112999548068,3.2343117641061974,0.292267382144928,0.2920740246772766,28.710636138916016,2,5.887537479400635,0.00042944849701598287,653.908447265625,6.85830545425415,45.1112999548068,3.2343117641061974
3643.647216796875,202.3688201904297,-8.903841018676758,0.06031663343310356,2399.22314453125,114.30461883544922,-8.450176239013672,0.051739584654569626,3060.087890625,192.41014099121094,-8.714334487915039,0.068284772336483,123.22770690917969,50,2.1156790256500244,1.7700474262237549,-11.733196258544922,298.0499521653154,3572.9757335559793,45.10478263139563,3.2972287307136825,0.12647874653339386,0.1263698935508728,-58.228153228759766,2,6.655784606933594,0.000485410651890561,2508.8857421875,12.694074630737305,45.10478263139562,3.297228730713694
2146.999755859375,195.10340881347656,-8.329580307006836,0.09868762642145157,928.1852416992188,112.3443374633789,-7.419086456298828,0.13144569098949432,1554.88232421875,222.86566162109375,-7.979243755340576,0.15565943717956543,65.9039077758789,17,1.6348727941513062,1.3223230838775635,-53.246795654296875,565.3412755681101,3581.2152329752166,45.10534720416394,3.277753868797081,0.3796270787715912,0.3785988986492157,79.5629653930664,2,7.670472145080566,0.000559434643946588,1198.65087890625,9.809236526489258,45.10534720416394,3.277753868797081
1153.5736083984375,132.20697021484375,-7.655113220214844,0.12446259707212448,988.4800415039062,112.59149169921875,-7.487419605255127,0.1236993670463562,1012.4298706054688,135.08773803710938,-7.5134124755859375,0.14490413665771484,84.34010314941406,18,1.651369571685791,1.2006257772445679,40.9705810546875,1928.0162188844824,3634.0965341508836,45.109044716648135,3.1784376637299663,0.2545621693134308,0.2539084255695343,60.0214958190918,0,7.093690395355225,0.0005175207043066621,180.06593322753906,9.908217430114746,45.109044716648135,3.1784376637299774
593.1801147460938,104.41136932373047,-6.932966232299805,0.19115737080574036,350.6614685058594,111.7401351928711,-6.362220287322998,0.346059650182724,401.2913513183594,130.76524353027344,-6.5086493492126465,0.3538851737976074,53.94634246826172,9,1.2408242225646973,0.8770440816879272,88.7402114868164,212.49439460586157,3598.091561394132,45.10663161407931,3.303462926365282,0.47911202907562256,0.47806525230407715,88.85163879394531,0,6.223016738891602,0.00045384347322396934,212.97364807128906,7.444945335388184,45.106631614079305,3.303462926365293
1795.645263671875,163.77459716796875,-8.135551452636719,0.09905030578374863,1180.0885009765625,112.51376342773438,-7.679786205291748,0.10354304313659668,1745.7113037109375,185.61349487304688,-8.104930877685547,0.11546941101551056,90.19971466064453,22,1.8219660520553589,1.3662028312683105,46.499481201171875,108.19790939652965,3636.502817767933,45.10945571843596,3.311062905431139,0.26620492339134216,0.26533839106559753,65.26966857910156,2,9.445563316345215,0.0006888539646752179,1731.6624755859375,10.931796073913574,45.10945571843596,3.311062905431139
4801.81005859375,155.44581604003906,-9.203512191772461,0.035156358033418655,4073.470703125,116.16996765136719,-9.024911880493164,0.03097127564251423,4467.86962890625,161.4678497314453,-9.125250816345215,0.03924780711531639,256.2223815917969,50,1.7936075925827026,1.4985477924346924,68.7755126953125,738.3799754532645,4052.6842215967936,45.13979620547197,3.2651560253200507,0.054558925330638885,0.05432765930891037,84.4564437866211,0,4.734663009643555,0.0003453349636401981,4765.22216796875,10.761645317077637,45.13979620547196,3.2651560253200613
12718.20703125,221.2828826904297,-10.261064529418945,0.018895210698246956,8842.2666015625,121.51651000976562,-9.866409301757812,0.014924558810889721,12171.2451171875,232.90321350097656,-10.213337898254395,0.02078118361532688,409.2008056640625,112,2.4710192680358887,2.1933093070983887,-72.02037811279297,664.1527967709143,3732.930979169213,45.11642707816704,3.2705577966216866,0.04036891832947731,0.04000743851065636,-77.67693328857422,0,5.3336381912231445,0.00038901009247638285,11945.314453125,14.826115608215332,45.11642707816704,3.270557796621687
2385.180908203125,183.23374938964844,-8.443803787231445,0.08342841267585754,1598.99951171875,113.09971618652344,-8.009620666503906,0.07681446522474289,1922.856201171875,182.39697265625,-8.209867477416992,0.10301504284143448,91.25220489501953,37,2.2470991611480713,1.553602933883667,67.40335083007812,147.1478275960315,3677.2119616167256,45.112426810893766,3.3082266700313547,0.19152143597602844,0.19083741307258606,-89.56124877929688,0,9.395654678344727,0.0006852177903056145,596.3245239257812,13.482595443725586,45.112426810893766,3.3082266700313547
7031.22216796875,232.86611938476562,-9.617576599121094,0.03596708923578262,4297.22900390625,116.42830657958984,-9.082971572875977,0.029423879459500313,5994.99658203125,217.74728393554688,-9.444472312927246,0.03944515064358711,189.28903198242188,80,2.630960464477539,1.8222734928131104,-9.384232521057129,405.4987294564468,3604.219403663326,45.107051888691736,3.289401089919259,0.08037640899419785,0.0799153670668602,-14.329130172729492,0,6.899867057800293,0.0005032197805121541,4704.5986328125,15.785762786865234,45.10705188869172,3.289401089919282
6514.5029296875,208.8545379638672,-9.534703254699707,0.03481708839535713,4367.716796875,116.42499542236328,-9.10063648223877,0.02894820086658001,6206.3583984375,219.56642150878906,-9.482091903686523,0.03842013701796532,188.69317626953125,79,2.4845170974731445,1.9968159198760986,-54.44740676879883,1006.1114133147945,3623.737336765268,45.1083968217655,3.2456357871457664,0.0846603587269783,0.08431529253721237,-63.14955520629883,0,6.697418689727783,0.0004885058151558042,5309.84521484375,14.907102584838867,45.1083968217655,3.2456357871457664
4043.22314453125,244.28265380859375,-9.01681900024414,0.06561373174190521,1943.121337890625,113.63762664794922,-8.2212495803833,0.0635114535689354,3149.814697265625,226.5583953857422,-8.745712280273438,0.07811330258846283,85.2584228515625,60,2.6194636821746826,2.0431125164031982,-84.03604888916016,69.93629410321954,3563.0685258239605,45.104091418875,3.313847662379507,0.19956845045089722,0.19914409518241882,-73.38846588134766,2,10.869994163513184,0.0007927324040792882,3049.922607421875,15.716781616210938,45.104091418874994,3.3138476623795183
15748.29296875,214.8123016357422,-10.493083953857422,0.01481342501938343,12021.091796875,124.94029998779297,-10.199859619140625,0.011287258006632328,14950.0634765625,222.0950927734375,-10.436607360839844,0.016133394092321396,710.6232299804688,114,2.404205083847046,1.9738479852676392,-15.327938079833984,1747.8671839214196,3577.328088098636,45.10491347729402,3.1915710370920127,0.02428540587425232,0.024034470319747925,-80.69258880615234,0,4.252045631408691,0.00031019141897559166,13924.00390625,14.425230026245117,45.10491347729402,3.1915710370920127
3357.746826171875,204.24356079101562,-8.815119743347168,0.06605873256921768,2097.625,113.8633041381836,-8.304319381713867,0.058950264006853104,2601.68359375,176.7332305908203,-8.53813648223877,0.07377234101295471,102.44823455810547,42,1.9943104982376099,1.6111770868301392,41.28125762939453,925.6906754129666,3753.509709257914,45.11789623340416,3.2514990131826647,0.16274160146713257,0.16250963509082794,46.17147445678711,0,7.231918811798096,0.000527488358784467,1854.771484375,11.965863227844238,45.11789623340416,3.251499013182664
6235.07861328125,91.31109619140625,-9.487104415893555,0.01590418629348278,5977.96142578125,118.39239501953125,-9.44138240814209,0.021508025005459785,5988.7294921875,112.6492691040039,-9.443336486816406,0.020427890121936798,1062.4027099609375,22,2.1081628799438477,0.5525892972946167,63.77925491333008,1250.1206599908012,3599.1917102422553,45.10657088786938,3.227852071439237,0.03956475108861923,0.03563820198178291,62.801185607910156,0,6.441274166107178,0.00046984522487036884,5342.9365234375,12.648977279663086,45.10657088786938,3.2278520714392367
1666.8338623046875,163.97659301757812,-8.054730415344238,0.10683643072843552,1087.5137939453125,112.53460693359375,-7.5910868644714355,0.11237795650959015,1456.3173828125,170.1675262451172,-7.908140182495117,0.12689673900604248,55.7629508972168,23,2.0191102027893066,1.4751454591751099,-28.633020401000977,559.7240113190213,3501.6692012114336,45.09953132391942,3.2781609216551373,0.3199412524700165,0.31923583149909973,-9.465096473693848,2,10.337056159973145,0.0007539153448306024,874.673583984375,12.11466121673584,45.09953132391942,3.2781609216551373
1857.7498779296875,171.31967163085938,-8.172468185424805,0.1001497358083725,1119.57470703125,112.5728530883789,-7.6226325035095215,0.10919693112373352,1528.493408203125,187.43748474121094,-7.960659027099609,0.13317500054836273,73.98235321044922,26,2.102754592895508,1.6832859516143799,-6.625171184539795,159.49399577187089,3617.367641162987,45.108048918330304,3.3073250132367518,0.27997690439224243,0.279543936252594,13.755146026611328,2,9.600791931152344,0.0007001791382208467,767.8532104492188,12.616527557373047,45.108048918330304,3.3073250132367513
14193.6962890625,292.05889892578125,-10.38023853302002,0.022346256300807,6769.52197265625,119.20415496826172,-9.576395034790039,0.019123315811157227,11974.400390625,277.6562805175781,-10.195634841918945,0.025181613862514496,240.70643615722656,142,4.1041436195373535,1.9066320657730103,75.47044372558594,1794.6733932450309,3606.419200722132,45.10703538237872,3.188158862357301,0.06619589030742645,0.06482073664665222,72.43994903564453,0,10.056655883789062,0.0007336556445807219,10269.890625,24.624862670898438,45.10703538237872,3.188158862357301
21198.056640625,205.3714141845703,-10.815740585327148,0.01052140537649393,17585.869140625,130.7841339111328,-10.612909317016602,0.008076459169387817,20457.494140625,205.99143981933594,-10.777131080627441,0.010935195721685886,1070.2694091796875,111,2.03871750831604,1.9025468826293945,-85.92132568359375,312.4174905817831,3601.1327431731625,45.10683952287694,3.296182873761021,0.015977852046489716,0.015838641673326492,88.89071655273438,0,3.7405498027801514,0.00027280134963802993,20770.81640625,12.232305526733398,45.106839522876946,3.296182873761009
5614.275390625,216.0521697998047,-9.373234748840332,0.04179215431213379,3593.430419921875,115.40058898925781,-8.888772964477539,0.034876156598329544,5495.7724609375,250.58740234375,-9.350071907043457,0.0495176836848259,169.42994689941406,72,2.278409957885742,2.1620428562164307,-11.084676742553711,1340.3968047785772,3652.811384394386,45.110480304679825,3.2212728700132782,0.1059442088007927,0.10557375103235245,-71.57860565185547,2,6.918044090270996,0.0005046347505412996,5747.2861328125,13.670459747314453,45.110480304679825,3.2212728700132787
7810.74072265625,259.9084167480469,-9.731730461120605,0.03613748773932457,4204.93994140625,116.15233612060547,-9.059399604797363,0.02999839372932911,6652.078125,249.7314453125,-9.557393074035645,0.04077047109603882,173.11947631835938,96,2.947606086730957,2.1383938789367676,-34.95325469970703,1904.9668580787445,3570.3416823836137,45.10438557514652,3.1801184235832203,0.09257394820451736,0.09228090941905975,-40.2509651184082,2,7.945333957672119,0.000579643587116152,5793.3740234375,17.685636520385742,45.104385575146516,3.1801184235832323
2187.71142578125,191.66140747070312,-8.349974632263184,0.09514247626066208,1278.3907470703125,112.71843719482422,-7.766659259796143,0.09575493633747101,1744.4365234375,175.3800506591797,-8.104138374328613,0.10918295383453369,90.70882415771484,30,1.980019450187683,1.6038857698440552,-52.0993766784668,1078.9882103955613,3713.447630296563,45.11494685241727,3.240326119449511,0.2993256747722626,0.2986632287502289,-64.49264526367188,2,10.21904182434082,0.0007453869329765439,1005.9949340820312,11.88011646270752,45.11494685241727,3.2403261194495108
11904.6337890625,243.13143920898438,-10.189290046691895,0.022179661318659782,6826.208984375,119.22669219970703,-9.58544921875,0.018968096002936363,11368.9462890625,260.42059326171875,-10.139300346374512,0.024876251816749573,236.13333129882812,123,3.396258592605591,1.9947919845581055,1.6181936264038086,1848.0420665688964,3681.4561555706805,45.112516051829175,3.1842679129603995,0.06345388293266296,0.06253712624311447,-0.4329720735549927,0,8.831453323364258,0.0006442900048568845,10607.9951171875,20.377552032470703,45.112516051829175,3.1842679129604
1999.01416015625,184.5443572998047,-8.252039909362793,0.10025700181722641,1229.473876953125,113.05292510986328,-7.724298477172852,0.09986016899347305,1358.631103515625,188.62583923339844,-7.832753658294678,0.15077504515647888,70.0738296508789,31,2.1818394660949707,1.7025846242904663,5.237431526184082,1526.9219397349923,3602.3873519947215,45.106771008501056,3.2076768246244307,0.25839850306510925,0.25782594084739685,25.526100158691406,0,8.94996166229248,0.0006528767989948392,1475.489501953125,13.091036796569824,45.10677100850105,3.2076768246244423
2964.001220703125,137.1376953125,-8.679696083068848,0.05024678632616997,2613.292236328125,114.46979522705078,-8.542969703674316,0.04756995290517807,2846.613037109375,152.22976684570312,-8.635821342468262,0.05807657167315483,154.9557647705078,35,1.714861273765564,1.3509858846664429,-87.57728576660156,738.2950894617115,3563.6094032454766,45.10403598130398,3.2651509224476705,0.08698403090238571,0.08661116659641266,76.55387115478516,0,5.184350967407227,0.00037812357186339796,2276.935791015625,10.289167404174805,45.10403598130398,3.2651509224476705
4827.70458984375,224.40750122070312,-9.209351539611816,0.050480831414461136,2914.252197265625,114.73645782470703,-8.661317825317383,0.04275669530034065,3834.668701171875,210.0592498779297,-8.959320068359375,0.05948997661471367,140.27407836914062,64,2.479748249053955,1.8078060150146484,42.869632720947266,1965.7631904053057,3703.153620669065,45.114089985728,3.1756851393858585,0.11386588960886002,0.11326172202825546,57.52582931518555,0,8.070507049560547,0.0005887964507564902,3362.623779296875,14.87848949432373,45.114089985728,3.1756851393858585
7849.56591796875,244.40972900390625,-9.737113952636719,0.033814478665590286,4742.2802734375,116.89832305908203,-9.18996810913086,0.026770157739520073,6710.37939453125,244.7833251953125,-9.56686782836914,0.039615448564291,227.5403594970703,92,2.6416773796081543,2.346299648284912,-83.56207275390625,1542.1727972515575,3618.860227591564,45.10797368159468,3.206565237406229,0.07084466516971588,0.07072069495916367,-57.06246566772461,2,5.90208101272583,0.0004305439942982048,6308.60791015625,15.850064277648926,45.10797368159468,3.206565237406229
9551.193359375,179.91635131835938,-9.950143814086914,0.020457040518522263,7823.69921875,120.26294708251953,-9.733530044555664,0.016693580895662308,9165.7724609375,190.25970458984375,-9.90542221069336,0.022542785853147507,551.774658203125,77,2.0508463382720947,1.7363858222961426,-68.93162536621094,626.975588779972,3654.923833475127,45.11072832807147,3.2732648388097267,0.03256074711680412,0.03250919654965401,-76.54136657714844,3,3.6678659915924072,0.0002675139403436333,9023.25,12.305078506469727,45.11072832807147,3.273264838809727
3238.882568359375,198.80014038085938,-8.77598762512207,0.06665784865617752,2066.71142578125,113.69696044921875,-8.288199424743652,0.05974462628364563,2162.74267578125,159.5394287109375,-8.337512016296387,0.08011116087436676,136.78001403808594,40,1.7303593158721924,1.5187097787857056,-38.08772659301758,938.9442106890957,3563.7907203474997,45.10402234033593,3.2505294703238103,0.11107734590768814,0.11100655794143677,-61.38698196411133,0,4.425265789031982,0.0003227708220947534,1534.62158203125,10.382156372070312,45.10402234033593,3.250529470323822
2049.66748046875,178.9226531982422,-8.279208183288574,0.09480074048042297,1215.9669189453125,112.38140869140625,-7.712304592132568,0.10036967694759369,1538.698486328125,168.77972412109375,-7.967883586883545,0.11912325769662857,80.69681549072266,27,2.010793685913086,1.4301869869232178,49.379638671875,249.14699245246558,3542.81530472905,45.10258420823065,3.3007906298816514,0.21127067506313324,0.21074989438056946,-81.55846405029297,2,10.156485557556152,0.0007407139055430889,1397.484619140625,12.064762115478516,45.10258420823065,3.300790629881652
6811.751953125,237.99050903320312,-9.583147048950195,0.03794290870428085,3893.5478515625,116.00428009033203,-8.975863456726074,0.03235626220703125,5973.10400390625,242.86233520507812,-9.440500259399414,0.044156018644571304,169.76918029785156,91,3.26943039894104,1.8971772193908691,10.794391632080078,1083.2839374011617,3408.3435032878356,45.09263708261254,3.2400080477540594,0.09856349974870682,0.09796987473964691,3.8080029487609863,0,8.880048751831055,0.0006477049319073558,3848.334716796875,19.6165828704834,45.09263708261254,3.240008047754071
8672.455078125,82.79552459716797,-9.845355033874512,0.010367991402745247,8839.2802734375,121.18852233886719,-9.866042137145996,0.014889304526150227,6544.83154296875,68.64906311035156,-9.539746284484863,0.01139110792428255,3316.32080078125,9,0.5841869115829468,0.4652198851108551,69.41761016845703,1080.9948411528244,3677.9778080109813,45.11235310029556,3.2401793190753048,0.006014195270836353,0.005880257580429316,87.93771362304688,3,1.1336817741394043,8.269166573882103e-05,8330.62109375,3.5051214694976807,45.11235310029556,3.2401793190753043
1156.3941650390625,138.42892456054688,-7.657764911651611,0.1300022304058075,966.587158203125,112.25868225097656,-7.463102340698242,0.1261271983385086,1071.96728515625,154.6887664794922,-7.575453758239746,0.15671373903751373,64.70796966552734,18,1.6461979150772095,1.4976674318313599,36.87965393066406,387.09289909867204,3565.7533639191397,45.10424173501918,3.2907409342681837,0.29572179913520813,0.29522705078125,-84.62924194335938,0,8.73912239074707,0.0006373577052727342,801.1480102539062,9.877187728881836,45.10424173501918,3.2907409342681837
3828.5185546875,259.2689208984375,-8.957576751708984,0.07354438304901123,1571.9337158203125,113.1546630859375,-7.991085529327393,0.07817503064870834,2779.2783203125,214.61077880859375,-8.609829902648926,0.0838589295744896,77.53581237792969,44,2.391162395477295,1.9766733646392822,-49.236515045166016,1069.6394756325117,3567.7190831265502,45.104292531885044,3.2410050922984537,0.24389754235744476,0.24357452988624573,87.38166809082031,2,10.837919235229492,0.0007905180100351572,1935.5596923828125,14.34697437286377,45.104292531885044,3.2410050922984537
988.7471313476562,134.81959533691406,-7.487712860107422,0.14808040857315063,535.1549682617188,111.87360382080078,-6.8211989402771,0.22702717781066895,416.6885986328125,152.51271057128906,-6.549529075622559,0.39748820662498474,51.978206634521484,15,1.8940012454986572,1.2870615720748901,-43.426170349121094,1020.9770920538001,2945.434285808805,45.058794670593734,3.244539549324667,0.27993354201316833,0.2792571783065796,-31.048662185668945,0,8.227683067321777,0.0006000989815220237,-670.16064453125,11.364007949829102,45.05879467059373,3.2445395493246783
1315.2547607421875,155.07550048828125,-7.797524929046631,0.12804515659809113,1060.404052734375,112.58977508544922,-7.56367826461792,0.11530745774507523,1739.9715576171875,194.6752166748047,-8.10135555267334,0.12150616943836212,59.640010833740234,20,2.3171193599700928,1.006771445274353,-84.77845764160156,1832.6977977965128,3491.1103902242867,45.09860010333251,3.1853871786396164,0.3780567944049835,0.3770104646682739,73.17467498779297,2,9.142362594604492,0.000666951818857342,235.3505401611328,13.902715682983398,45.09860010333251,3.185387178639628
4281.4697265625,86.82880401611328,-9.07898235321045,0.022024231031537056,3108.17626953125,114.92033386230469,-8.731264114379883,0.04015328362584114,5967.1845703125,121.05426025390625,-9.439423561096191,0.02203131653368473,722.0594482421875,20,3.5163121223449707,0.37682005763053894,-63.25834655761719,787.292591312973,3549.6639607898423,45.10300962237909,3.26158020947995,0.06691745668649673,0.011229862459003925,-63.32864761352539,3,6.874535083770752,0.0005014019552618265,3903.277587890625,21.09787368774414,45.10300962237909,3.2615802094799506
1125.9404296875,144.59201049804688,-7.628788471221924,0.1394629031419754,516.0281982421875,112.0266342163086,-6.781683444976807,0.23576410114765167,541.8894653320312,138.22940063476562,-6.834776878356934,0.27702537178993225,44.795040130615234,14,2.431100368499756,0.8457749485969543,-15.043338775634766,390.3454866706013,3660.4154227415524,45.111163267208326,3.290506934480452,0.3479912579059601,0.34755581617355347,-4.557683944702148,2,8.579724311828613,0.0006257342174649239,-789.6245727539062,14.586602210998535,45.111163267208326,3.290506934480452
3382.370849609375,98.2691650390625,-8.823053359985352,0.03155192732810974,2408.587890625,114.18629455566406,-8.454405784606934,0.05148507282137871,3329.913818359375,117.04547119140625,-8.806082725524902,0.03817257285118103,285.2043762207031,16,1.6896233558654785,0.5404209494590759,16.62392807006836,764.569841765912,3602.994624526074,45.10691231089285,3.2632372513721806,0.10187242925167084,0.09826734662055969,15.139799118041992,3,5.278432369232178,0.0003849880304187536,2568.62060546875,10.137740135192871,45.10691231089285,3.26323725137218
664303.4375,971.0160522460938,-14.555915832519531,0.0015874123200774193,0.0,0.0,99.0,99.0,0.0,0.0,99.0,99.0,527.53173828125,2384,286.4585876464844,0.6267847418785095,89.9813232421875,2.928976079691376,565.5780853645884,44.88481292378438,3.318634731175495,0.39528387784957886,0.001008285442367196,-89.99884033203125,50,80.44245910644531,0.005867543630301952,0.0,1718.75146484375,44.88481292378438,3.318634731175495
614.0376586914062,109.10580444335938,-6.970487594604492,0.19296683371067047,584.430908203125,111.97672271728516,-6.91683292388916,0.20807714760303497,499.7214660644531,184.70994567871094,-6.746819972991943,0.40141361951828003,42.034423828125,9,1.8496497869491577,0.5489056706428528,-88.36629486083984,736.215947846953,2971.1280892499053,45.060710326821265,3.2652875029620207,0.2846972942352295,0.2837349772453308,-17.04408836364746,3,6.007979869842529,0.00043818523408845067,1042.2586669921875,11.097898483276367,45.06071032682127,3.2652875029620088
1052.9073486328125,146.51414489746094,-7.555975437164307,0.15111905336380005,449.3894348144531,111.7265396118164,-6.631556987762451,0.2699997127056122,550.5371704101562,225.5591583251953,-6.851966381072998,0.4449422359466553,40.28397750854492,13,1.3487999439239502,1.098639726638794,49.83258819580078,1994.1467243054112,3775.0564822577617,45.1193443052075,3.1736150448398237,0.3706824481487274,0.370256245136261,68.27179718017578,0,7.27404260635376,0.0005306992097757757,777.7261962890625,8.09280014038086,45.119344305207505,3.1736150448398126
953.215576171875,101.86519622802734,-7.4479780197143555,0.11605517566204071,936.7135009765625,112.39835357666016,-7.429017066955566,0.13031157851219177,946.184814453125,112.10254669189453,-7.439939975738525,0.12866763770580292,83.03076171875,14,1.3149701356887817,0.9719696044921875,59.62540054321289,1231.7176748853421,3312.12816586495,45.0855829223807,3.2291894877753298,0.19093136489391327,0.18973183631896973,-86.45773315429688,0,4.9061279296875,0.00035785717773251235,684.9039916992188,7.8898210525512695,45.0855829223807,3.2291894877753298
724.7240600585938,120.94229125976562,-7.1504316329956055,0.18123218417167664,325.5202941894531,111.66582489013672,-6.281445026397705,0.372539222240448,218.62496948242188,136.11773681640625,-5.849249362945557,0.6761527061462402,43.25410842895508,10,1.6058720350265503,1.2190349102020264,5.7863640785217285,1719.9977985740754,3545.2467146535755,45.102570860429864,3.1936026402702784,0.5780136585235596,0.5754891037940979,39.43201446533203,0,8.370165824890137,0.0006106062210164964,-283.4858703613281,9.635231971740723,45.102570860429864,3.1936026402702784
2193.3359375,193.53140258789062,-8.352763175964355,0.09582439810037613,1347.1097412109375,112.84392547607422,-7.823507308959961,0.0909714326262474,1483.765869140625,176.58050537109375,-7.928413391113281,0.12924304604530334,70.86265563964844,34,2.368704319000244,1.3501560688018799,-84.28919982910156,1449.388561334841,3516.7217644956113,45.10051644835043,3.2133276286089956,0.24175918102264404,0.2405833899974823,-82.13658142089844,0,10.18044376373291,0.0007426172960549593,798.5302124023438,14.212225914001465,45.10051644835043,3.2133276286089956
15745.1748046875,264.33447265625,-10.492868423461914,0.018232077360153198,9356.5810546875,122.12383270263672,-9.9277925491333,0.014174673706293106,14877.78125,268.7169189453125,-10.431344985961914,0.019614925608038902,408.70220947265625,142,2.91983699798584,2.3929219245910645,13.966731071472168,850.1995036061247,3671.7137135694456,45.111925501196524,3.256998820712536,0.04308552294969559,0.04287496954202652,26.667156219482422,3,5.748245716094971,0.0004192624764982611,15303.2138671875,17.51902198791504,45.111925501196524,3.2569988207125364
3882.075927734375,160.9542999267578,-8.972660064697266,0.045026518404483795,3243.201171875,114.8637924194336,-8.777434349060059,0.03846263885498047,3705.204833984375,167.58094787597656,-8.922030448913574,0.049118176102638245,181.64503479003906,47,1.8090410232543945,1.5510661602020264,68.20443725585938,1867.502937207759,3505.0739454046306,45.099617340183165,3.1828498743503255,0.08224043250083923,0.0820186585187912,73.49022674560547,0,4.667110919952393,0.0003404778544791043,3078.291748046875,10.854246139526367,45.099617340183165,3.182849874350325
1112.7939453125,148.16978454589844,-7.616036891937256,0.14460213482379913,508.175048828125,111.48835754394531,-6.76503324508667,0.23825718462467194,622.0756225585938,136.51515197753906,-6.984608173370361,0.2383238524198532,50.277774810791016,13,1.7972760200500488,1.1020444631576538,-48.09743118286133,151.91857526559534,3414.3761629534933,45.093205903455924,3.3078695436621204,0.6676229238510132,0.6669472455978394,81.10079956054688,2,8.419676780700684,0.0006140405894257128,30.183225631713867,10.783656120300293,45.093205903455924,3.3078695436621195
1375.8502197265625,157.8566436767578,-7.846427917480469,0.12460099905729294,692.6110229492188,112.10636901855469,-7.101223468780518,0.1757805049419403,756.9032592773438,193.3602294921875,-7.197600841522217,0.27743202447891235,54.62853240966797,10,1.6252492666244507,1.033250093460083,-65.78282928466797,1037.9476546889614,3546.457940652353,45.102742011060386,3.243314314246113,0.4238016605377197,0.42316046357154846,-32.77522277832031,0,7.747778415679932,0.0005651188548654318,758.8320922851562,9.751495361328125,45.102742011060386,3.243314314246113
5398.48583984375,235.97235107421875,-9.330679893493652,0.04746997356414795,3009.877685546875,115.01972198486328,-8.696372032165527,0.04150049388408661,4085.8095703125,204.27862548828125,-9.02819538116455,0.05429685115814209,179.2317657470703,63,2.435446262359619,1.800347089767456,8.954384803771973,54.16917124693747,3533.60791323882,45.10193937612443,3.3149952145502497,0.09714195132255554,0.09695253521203995,40.922607421875,2,6.771534442901611,0.0004938369966112077,3887.087890625,14.612677574157715,45.10193937612443,3.31499521455025
1930.7720947265625,180.20706176757812,-8.214327812194824,0.10136093944311142,1151.23193359375,112.65433502197266,-7.652906894683838,0.10627103596925735,1590.2803955078125,193.30215454101562,-8.003684043884277,0.1320057362318039,64.6948013305664,25,1.6699661016464233,1.395261526107788,-24.538732528686523,1792.4493586224435,3200.7121831886825,45.077370685414024,3.1883212424058582,0.28882643580436707,0.28833961486816406,16.668609619140625,2,7.443163871765137,0.0005429672892205417,1342.5345458984375,10.019796371459961,45.07737068541402,3.18832124240587
2245.510986328125,142.50457763671875,-8.378288269042969,0.06891971081495285,1905.408935546875,113.72305297851562,-8.199970245361328,0.06481718271970749,2029.6243896484375,144.00758361816406,-8.268539428710938,0.07705476880073547,115.06070709228516,31,1.5986974239349365,1.3219599723815918,47.33761978149414,1334.8463761941384,2959.6176744733934,45.05979336368204,3.2216693828257643,0.11415273696184158,0.11371282488107681,87.08454132080078,0,5.198757648468018,0.0003791984054259956,1464.072509765625,9.592184066772461,45.05979336368203,3.2216693828257763
647.2522583007812,106.03070831298828,-7.027683734893799,0.1779049038887024,422.342041015625,112.13411712646484,-6.5641608238220215,0.28833892941474915,421.40423583984375,118.95317077636719,-6.561747074127197,0.3065539598464966,52.24241256713867,10,1.3409898281097412,0.9815459847450256,32.04060363769531,1433.94255777475,3506.698334027694,45.09978538948164,3.2144533554362753,0.2623536288738251,0.26108506321907043,-26.22875213623047,1,6.3322296142578125,0.0004619054379872978,310.300048828125,8.045938491821289,45.09978538948164,3.214453355436287
1089.72265625,132.43173217773438,-7.593289852142334,0.1319793313741684,855.9296875,112.25794219970703,-7.331095218658447,0.14243240654468536,786.0548706054688,128.31251525878906,-7.2386322021484375,0.17727437615394592,86.91350555419922,17,1.4798401594161987,1.1686090230941772,23.38312339782715,1634.2835308193592,3685.017690807017,45.11280027019646,3.1998510414172125,0.26544174551963806,0.26472869515419006,14.370294570922852,0,5.1339850425720215,0.00037452438846230507,328.74658203125,8.879040718078613,45.11280027019646,3.199851041417212
1715.535400390625,145.26031494140625,-8.085999488830566,0.09195537865161896,1531.8790283203125,113.06356811523438,-7.963061332702637,0.08015453070402145,1660.93701171875,168.87693786621094,-8.050883293151855,0.11041980981826782,82.9668960571289,26,1.8917226791381836,1.300911545753479,-86.24176788330078,1890.6735194552875,3521.183908814783,45.1007927903974,3.1811606656508244,0.18259695172309875,0.18220354616641998,-81.66621398925781,0,7.189365863800049,0.0005244871717877686,1256.141357421875,11.350336074829102,45.1007927903974,3.181160665650824
46458.72265625,243.6658477783203,-11.667668342590332,0.005695832893252373,38211.71484375,150.51036071777344,-11.455491065979004,0.004277595318853855,45311.55078125,231.3863067626953,-11.640522003173828,0.005545727908611298,2407.521728515625,156,2.09281587600708,2.0672366619110107,-63.10605239868164,1297.1604340681688,3534.2295963437264,45.101815079013946,3.224422914748706,0.008802310563623905,0.008651724085211754,-82.00791931152344,0,3.7604432106018066,0.0002742987417150289,45854.81640625,12.55689525604248,45.10181507901394,3.224422914748718
2278.669921875,173.1614227294922,-8.394203186035156,0.08252766728401184,1911.65478515625,113.38345336914062,-8.203523635864258,0.06441248208284378,2648.7783203125,205.7398223876953,-8.55761432647705,0.08435339480638504,109.60018920898438,35,2.8611435890197754,1.5468008518218994,-87.2677001953125,1252.9344292228316,3509.360982578063,45.10000217122366,3.2276458893780355,0.19271992146968842,0.19227290153503418,-77.88724517822266,3,10.670323371887207,0.00077831867383793,1895.51123046875,17.16686248779297,45.10000217122366,3.2276458893780466
385500.375,458.68792724609375,-13.965062141418457,0.0012921779416501522,313057.40625,310.50506591796875,-13.739059448242188,0.0010771459201350808,375421.96875,389.92364501953125,-13.936299324035645,0.001127949682995677,18639.767578125,389,2.370701551437378,2.26399302482605,51.52753448486328,1254.7341935056727,3436.5774260493404,45.094679990992425,3.227513792727227,0.002313258359208703,0.0022445411887019873,-81.4650650024414,0,3.784695625305176,0.0002760629868134856,385081.65625,14.22420883178711,45.094679990992425,3.227513792727227
2339.253662109375,176.44931030273438,-8.422693252563477,0.0819167047739029,1475.721435546875,112.90965270996094,-7.922511100769043,0.08309148252010345,1914.8502197265625,176.21063232421875,-8.205336570739746,0.09993718564510345,99.191162109375,31,1.829323172569275,1.4888780117034912,33.597991943359375,2004.6238216443123,4078.575390354485,45.141535004260476,3.1728475812467654,0.20605681836605072,0.20560021698474884,42.42280578613281,2,6.87843132019043,0.0005018623196519911,1959.175537109375,10.97593879699707,45.141535004260476,3.172847581246766
582.2301635742188,100.44549560546875,-6.912736892700195,0.1873551309108734,470.3983154296875,111.70771026611328,-6.681164264678955,0.2578975260257721,530.8507690429688,86.7772445678711,-6.812431335449219,0.17752651870250702,50.95705032348633,9,1.1040570735931396,0.7053045034408569,77.55718231201172,468.84625666708996,3414.0568657904055,45.093137365281436,3.2847797440551822,0.2806645631790161,0.2798614501953125,-88.21268463134766,0,5.042544364929199,0.00036776356864720583,364.6294250488281,6.624342441558838,45.093137365281436,3.2847797440551822
1178.8880615234375,122.57105255126953,-7.678681373596191,0.11291331797838211,1208.244140625,112.50359344482422,-7.705386638641357,0.10112103074789047,1317.158203125,158.82615661621094,-7.7990946769714355,0.13095253705978394,75.53460693359375,18,2.1438558101654053,1.2217622995376587,16.516618728637695,418.8438264948482,3481.6119476251934,45.09808441227343,3.288424936566929,0.19122138619422913,0.19072821736335754,68.53723907470703,3,9.690619468688965,0.0007067538099363446,373.265625,12.863134384155273,45.09808441227342,3.2884249365669405
3343.4951171875,183.86524963378906,-8.810502052307129,0.05972123518586159,2353.09423828125,114.16416931152344,-8.429098129272461,0.052689045667648315,3225.572265625,191.24221801757812,-8.771516799926758,0.06438828259706497,109.82587432861328,48,2.2036778926849365,1.6896222829818726,-44.91719055175781,669.2246144594541,3467.565739184554,45.097022437306855,3.2701814063719614,0.14435264468193054,0.14376789331436157,-62.76836395263672,0,7.378842353820801,0.000538171676453203,2528.740234375,13.222066879272461,45.09702243730685,3.2701814063719734
1427.9027099609375,124.9649658203125,-7.886746406555176,0.09504285454750061,1086.10986328125,112.40155792236328,-7.58968448638916,0.1123901903629303,1104.215576171875,143.99974060058594,-7.607634544372559,0.14162425696849823,103.5731201171875,21,1.3082748651504517,1.0939826965332031,62.853355407714844,756.6263256990874,3529.2589251408313,45.101521716307666,3.263814331492023,0.13716067373752594,0.13701902329921722,-20.891403198242188,0,4.351499080657959,0.0003173795121256262,1188.5225830078125,7.849649429321289,45.101521716307666,3.2638143314920343
632.0232543945312,112.04927062988281,-7.001832485198975,0.19253326952457428,486.89141845703125,111.90371704101562,-6.71858024597168,0.2495986372232437,496.0907287597656,117.99854278564453,-6.738902568817139,0.258312463760376,42.31507110595703,9,1.2559359073638916,0.8102548718452454,57.2420539855957,1560.4857954851623,3549.936738400091,45.10293199050623,3.2052300617856417,0.42041051387786865,0.41881564259529114,46.5911750793457,0,6.01500940322876,0.00043878034921362996,455.45635986328125,7.53561544418335,45.10293199050623,3.2052300617856417
4675.7568359375,212.04942321777344,-9.174630165100098,0.04925099387764931,2942.75048828125,114.72688293457031,-8.671883583068848,0.04233909770846367,4094.1201171875,223.2901611328125,-9.030401229858398,0.05922960489988327,142.9116668701172,66,2.434934616088867,2.118058443069458,-81.63504791259766,679.878976505572,3422.914387953609,45.09375589721976,3.2694039216661412,0.11487052589654922,0.11459679901599884,-89.21697998046875,0,8.304640769958496,0.0006056941347196698,4088.560546875,14.609607696533203,45.09375589721976,3.269403921666141
5555.7392578125,102.97242736816406,-9.361854553222656,0.020128384232521057,3814.7763671875,115.82805633544922,-8.953672409057617,0.03297421708703041,5329.93310546875,122.37449645996094,-9.316803932189941,0.024934403598308563,639.398193359375,28,3.216676712036133,0.4548443555831909,-30.969087600708008,495.26992999487373,3704.079353230988,45.11434110333525,3.282863098288233,0.08635040372610092,0.08219624310731888,-30.93800163269043,0,7.227420806884766,0.0005271178088150918,2523.633056640625,19.300060272216797,45.11434110333524,3.282863098288244
1486.1739501953125,160.01882934570312,-7.930173873901367,0.11693143099546432,962.7017822265625,112.29790496826172,-7.458729267120361,0.12668047845363617,1157.5712890625,169.93162536621094,-7.65886926651001,0.15942494571208954,61.549659729003906,23,2.116521120071411,1.4080923795700073,-72.22059631347656,196.8711833467807,3504.4114842839276,45.09978345987645,3.304597852643988,0.3300411105155945,0.32967424392700195,-64.11981964111328,0,10.3401517868042,0.0007541033555753529,-51.552913665771484,12.699127197265625,45.09978345987645,3.304597852643988
11009.1376953125,180.05615234375,-10.10438346862793,0.017761697992682457,9214.5439453125,121.8059310913086,-9.911184310913086,0.014355701394379139,10583.5078125,187.35511779785156,-10.06157398223877,0.019224973395466805,565.6085815429688,80,1.8951712846755981,1.7598093748092651,39.078372955322266,227.28270980659644,3507.025758123386,45.099970226432916,3.3023823227910025,0.027964415028691292,0.02784978225827217,-79.7927474975586,0,3.907835006713867,0.0002849980373866856,10532.0517578125,11.371027946472168,45.099970226432916,3.3023823227910025
2907.863525390625,83.71310424804688,-8.658934593200684,0.03126433864235878,2299.66015625,113.84202575683594,-8.404159545898438,0.05376117676496506,2965.868408203125,134.29266357421875,-8.680379867553711,0.049173399806022644,337.9963684082031,18,3.099290609359741,0.559512734413147,42.29847717285156,1535.1561214617573,3689.267852993674,45.1131225283918,3.207077005783119,0.11405088007450104,0.019291089847683907,48.72698974609375,3,7.87421989440918,0.0005744106601923704,420.0538635253906,18.59574317932129,45.1131225283918,3.207077005783131
1610.8804931640625,165.27169799804688,-8.017658233642578,0.11142047494649887,1092.99267578125,112.62863159179688,-7.596543312072754,0.11190807074308395,1325.464599609375,227.6484375,-7.805920124053955,0.18652041256427765,69.0569076538086,25,1.9594851732254028,1.5123658180236816,-24.165021896362305,1311.9893403189544,3527.164759125228,45.10129667623048,3.223342061871435,0.27827802300453186,0.27774420380592346,-4.753662109375,1,9.462409973144531,0.000690220098476857,1394.81298828125,11.756911277770996,45.101296676230476,3.2233420618714463
1644.255615234375,132.39138793945312,-8.039923667907715,0.08744202554225922,1593.279296875,113.22349548339844,-8.005729675292969,0.07717461884021759,2158.639404296875,193.05982971191406,-8.335450172424316,0.09712737053632736,86.4312515258789,24,1.8528972864151,1.2577465772628784,59.018001556396484,1823.8977192210602,3365.937402581213,45.08944855538497,3.1860288911749377,0.20347239077091217,0.2023216187953949,69.95539855957031,3,7.675481796264648,0.0005599299911409616,2037.01904296875,11.11738395690918,45.08944855538497,3.186028891174938
1859.3787841796875,166.99151611328125,-8.173419952392578,0.09753407537937164,1439.286865234375,112.90994262695312,-7.895368576049805,0.08519510179758072,2419.786376953125,254.8000946044922,-8.459442138671875,0.11435426771640778,93.93093872070312,29,3.8452560901641846,1.7501182556152344,-26.84619903564453,1250.7271641406574,3509.977773279022,45.100047545398404,3.2278067645299386,0.2619466781616211,0.261643648147583,13.411784172058105,3,15.558239936828613,0.0011348542757332325,511.5992431640625,23.071537017822266,45.1000475453984,3.2278067645299497
1863.74365234375,176.02951049804688,-8.175965309143066,0.10257206857204437,1093.1021728515625,112.3222427368164,-7.596652030944824,0.11159244924783707,1017.2626953125,149.78778076171875,-7.518582820892334,0.15990906953811646,58.23178482055664,22,1.9612499475479126,1.1937223672866821,16.56206703186035,1250.747289914569,3486.723885673235,45.09834721789469,3.2278050023243217,0.2423780858516693,0.24174611270427704,-0.44758340716362,2,9.158863067626953,0.0006680675433017313,611.2008056640625,11.767499923706055,45.09834721789469,3.227805002324322
5689.0107421875,251.17874145507812,-9.387592315673828,0.047948602586984634,2843.16796875,114.56729125976562,-8.634506225585938,0.04376107454299927,5281.0546875,260.1183166503906,-9.306801795959473,0.05349092185497284,103.43891143798828,84,3.246046781539917,2.0483875274658203,10.08241081237793,836.12787927614,3671.5966734916196,45.11191883645148,3.258024264494869,0.15418218076229095,0.15324503183364868,8.340845108032227,3,10.768375396728516,0.000785415933933109,4515.14794921875,19.476280212402344,45.11191883645148,3.258024264494869
834.0315551757812,111.23423767089844,-7.3029561042785645,0.1448391079902649,680.5230712890625,112.31136322021484,-7.082107067108154,0.1792299747467041,600.154052734375,125.20146179199219,-6.945656776428223,0.22655647993087769,74.41483306884766,13,1.691335916519165,0.9800042510032654,54.55820846557617,1425.1542330401044,3495.0202316449,45.09893254744292,3.2150938041197006,0.2138066440820694,0.21354766190052032,77.32523345947266,0,6.46097469329834,0.0004712952650152147,159.48165893554688,10.148015975952148,45.09893254744292,3.2150938041197006
183872.296875,329.35638427734375,-13.161291122436523,0.0019452687120065093,89225.3671875,190.6387481689453,-12.376220703125,0.002320345724001527,110937.71875,329.91033935546875,-12.61269760131836,0.003229583613574505,45106.4921875,211,3.7090578079223633,2.0245954990386963,-20.532381057739258,941.3924208160571,3353.239835401638,45.08862609608338,3.2503468111608393,0.005072108004242182,0.004911814816296101,-82.9307861328125,2,16.43658447265625,0.0011988397454842925,-29491.80078125,22.25434684753418,45.08862609608338,3.2503468111608393
3799.662353515625,219.90171813964844,-8.949362754821777,0.062851183116436,2143.68017578125,113.83110046386719,-8.327899932861328,0.05766745284199715,3072.816650390625,224.327880859375,-8.718841552734375,0.07928233593702316,88.18310546875,58,2.723470449447632,1.918090581893921,48.53202819824219,2027.8025808030409,3798.8925856223505,45.12108364141676,3.171160851394531,0.17562122642993927,0.17502979934215546,43.51079559326172,0,11.106742858886719,0.0008103357977233827,50.18909454345703,16.340822219848633,45.12108364141675,3.171160851394531
5812.69189453125,214.24647521972656,-9.410943031311035,0.04002821445465088,3755.860107421875,115.63202667236328,-8.936773300170898,0.03343478962779045,4992.2353515625,226.01927185058594,-9.24573802947998,0.04916774109005928,175.3340301513672,76,2.5770962238311768,2.0584218502044678,58.15437698364258,972.2799484281463,3489.5776084564673,45.0985914185021,3.2480987429376835,0.09380083531141281,0.09326284378767014,48.17900466918945,0,8.304267883300781,0.0006056989659555256,4666.6767578125,15.462577819824219,45.098591418502096,3.2480987429377066
1035.73095703125,142.5247802734375,-7.538117408752441,0.14944219589233398,574.1218872070312,111.96435546875,-6.897510528564453,0.2117900252342224,528.5057373046875,120.10360717773438,-6.807624340057373,0.2467948943376541,60.22032165527344,12,1.8441119194030762,0.80228191614151,-62.912498474121094,645.3859116671204,3433.0891448466805,45.09450463541463,3.2719174711775945,0.3152688145637512,0.31443318724632263,-63.035072326660156,0,6.638609886169434,0.00048418078222312033,-239.6475830078125,11.064671516418457,45.09450463541463,3.2719174711775945
4168.67431640625,233.8971710205078,-9.049994468688965,0.06093359738588333,2151.68798828125,113.88379669189453,-8.331948280334473,0.057479437440633774,3326.093505859375,239.85931396484375,-8.80483627319336,0.07831626385450363,93.7975845336914,64,2.8471670150756836,2.11327862739563,65.15213775634766,668.1003102077399,3436.624156432936,45.094760021404774,3.2702625171768296,0.17606306076049805,0.17554961144924164,-66.8585205078125,2,11.951397895812988,0.0008716671145521104,2295.00634765625,17.0830020904541,45.094760021404774,3.2702625171768296
3206.908935546875,83.03910827636719,-8.765216827392578,0.028120683506131172,2372.659912109375,114.01451873779297,-8.438088417053223,0.05218605697154999,4204.697265625,124.14552307128906,-9.05933666229248,0.03206462413072586,346.61669921875,18,2.8494679927825928,0.41693806648254395,14.641960144042969,755.4935568810549,3600.083149126161,45.10670065426451,3.2638985674385945,0.06943383067846298,0.016668371856212616,13.173667907714844,3,6.505590438842773,0.00047449106932617724,2218.5048828125,17.0968074798584,45.1067006542645,3.2638985674386056
2560.753662109375,150.18634033203125,-8.520919799804688,0.06369311362504959,2033.8778076171875,113.70150756835938,-8.270812034606934,0.06071152910590172,2085.529296875,157.92269897460938,-8.298040390014648,0.08223526179790497,148.49365234375,35,2.0895063877105713,1.225040078163147,-74.91861724853516,530.7141606645486,3501.714581501532,45.09953868627814,3.2802746415712365,0.10461103171110153,0.10388963669538498,-57.568973541259766,0,5.106303691864014,0.0003724178532138467,927.9749145507812,12.537038803100586,45.09953868627813,3.28027464157126
979.3257446289062,139.2946319580078,-7.477317810058594,0.15446746349334717,759.7482299804688,112.09891510009766,-7.201674461364746,0.16023652255535126,662.7526245117188,145.29241943359375,-7.053378582000732,0.23807913064956665,46.79405212402344,9,1.8291922807693481,0.582444429397583,40.899749755859375,252.855351281214,3641.0030796768956,45.10976361590367,3.3005238219859514,0.4003414511680603,0.3997236490249634,41.746559143066406,3,6.156477451324463,0.00044899346539750695,497.103271484375,10.975153923034668,45.10976361590367,3.300523821985952
3243.00390625,238.4001007080078,-8.777368545532227,0.07983416318893433,1401.3575439453125,112.95207214355469,-7.866372585296631,0.08753365278244019,2229.840576171875,237.17727661132812,-8.370684623718262,0.11551252752542496,58.852386474609375,50,2.9311721324920654,2.008239984512329,-84.63045501708984,1447.037645158419,3494.1751272793717,45.09886813687949,3.2134988046804804,0.2573535144329071,0.2567644715309143,70.69766998291016,2,14.54884147644043,0.0010612689657136798,665.0968627929688,17.587032318115234,45.09886813687949,3.2134988046804804
1922.924072265625,58.248931884765625,-8.209905624389648,0.03289695084095001,1878.26953125,113.4307861328125,-8.184394836425781,0.06558474898338318,1803.0504150390625,73.54834747314453,-8.140019416809082,0.04429909586906433,375.2766418457031,9,1.4748077392578125,0.3694961965084076,75.80345153808594,1281.9355682745115,3698.180979558359,45.113804844969856,3.2255343757568244,0.05307614058256149,0.049567438662052155,86.3095474243164,3,4.375436305999756,0.0003191621508449316,1164.6702880859375,8.848846435546875,45.113804844969856,3.2255343757568244
1220.060546875,141.85069274902344,-7.715953350067139,0.12626411020755768,957.1707153320312,112.37897491455078,-7.4524736404418945,0.12750449776649475,925.2896118164062,141.2412872314453,-7.415694236755371,0.16577300429344177,80.9107437133789,19,1.5227103233337402,1.3512245416641235,66.67982482910156,753.4206139775615,3723.9106063428394,45.11575522721325,3.264052535136495,0.2288224995136261,0.22833557426929474,64.99285888671875,0,5.216494083404541,0.00038047213456593454,639.9036865234375,9.136261940002441,45.115755227213256,3.2640525351364826
9084.982421875,330.624267578125,-9.8958101272583,0.039522141218185425,2986.6572265625,114.73534393310547,-8.687963485717773,0.041719745844602585,8036.97705078125,321.12921142578125,-9.762731552124023,0.04339272528886795,104.53125,128,4.0919342041015625,2.5841774940490723,-70.42005157470703,736.1731142465624,3462.3956429070713,45.09663526270971,3.265303063452001,0.1817837655544281,0.18055465817451477,-65.85441589355469,2,15.403082847595215,0.0011234268313273787,4823.54052734375,24.551605224609375,45.096635262709704,3.2653030634520115
4020.954345703125,203.1197967529297,-9.010823249816895,0.05485963821411133,2700.731689453125,114.4863052368164,-8.578703880310059,0.04603646323084831,3196.258544921875,201.87149047851562,-8.761604309082031,0.06859033554792404,138.55526733398438,58,2.3787097930908203,1.764989972114563,-69.73409271240234,1500.8802248346394,3707.7566330316977,45.11447841461598,3.2095755876246037,0.12410610169172287,0.12368308007717133,-64.31196594238281,0,7.361298084259033,0.0005369909340515733,2443.651611328125,14.272258758544922,45.11447841461598,3.2095755876246033
1079.10009765625,147.35997009277344,-7.5826544761657715,0.14830221235752106,613.7803344726562,111.87992095947266,-6.970032215118408,0.1979561448097229,679.4478149414062,187.4861602783203,-7.080390453338623,0.2996697723865509,44.93553924560547,10,1.697418212890625,0.8466358780860901,63.32893753051758,1956.6700748253452,2919.295859801573,45.056775697073135,3.1763516038133157,0.5504277348518372,0.54962557554245,29.77339744567871,2,7.162317752838135,0.000522480986546725,350.9717712402344,10.18450927734375,45.056775697073135,3.176351603813327
1828.5316162109375,181.14688110351562,-8.155256271362305,0.10758660733699799,735.6513061523438,112.15790557861328,-7.166679859161377,0.16557231545448303,928.802490234375,187.00738525390625,-7.419808387756348,0.21865792572498322,63.372772216796875,17,2.2155368328094482,0.9197568893432617,1.218034267425537,1401.5536606033334,3450.6585034349473,45.09569166723392,3.2168135331054586,0.42124590277671814,0.4191817045211792,-3.9473369121551514,0,8.540970802307129,0.0006230144645087421,775.8536987304688,13.293220520019531,45.09569166723392,3.2168135331054586
2317.284912109375,197.53314208984375,-8.41244888305664,0.09257428348064423,1267.2794189453125,112.87986755371094,-7.757181167602539,0.09673283994197845,1723.319091796875,208.11447143554688,-8.090913772583008,0.13114942610263824,70.4912109375,29,2.1920430660247803,1.4883060455322266,84.71463012695312,1985.6735651299912,2950.7373978447804,45.05907180323596,3.174237531259757,0.250104159116745,0.24910147488117218,89.74016571044922,2,10.068399429321289,0.0007344825426116586,1768.12890625,13.152257919311523,45.05907180323596,3.174237531259757
1803.6746826171875,174.72061157226562,-8.140395164489746,0.10520000755786896,1119.7337646484375,112.52928161621094,-7.622786998748779,0.10913915187120438,1276.1951904296875,151.65232849121094,-7.7647929191589355,0.12905113399028778,77.6949691772461,25,1.911380648612976,1.2630053758621216,-54.034549713134766,620.2959466738473,3411.8627878971447,45.092955909127035,3.2737450158763375,0.24462532997131348,0.2440396100282669,-50.368221282958984,2,7.862551212310791,0.0005734451697207987,969.975830078125,11.468283653259277,45.092955909127035,3.2737450158763375
212908.09375,380.9434814453125,-13.320480346679688,0.001943113631568849,167974.765625,239.71145629882812,-13.0631103515625,0.0015497962012887,193971.65625,320.6552734375,-13.219346046447754,0.0017952707130461931,14058.4912109375,306,2.420030117034912,2.237569570541382,53.64212417602539,950.4168474615717,3444.6681308301536,45.095310416032675,3.2496910617147132,0.003095809370279312,0.0029707495123147964,9.826822280883789,0,4.635112285614014,0.0003380748094059527,156551.453125,14.520180702209473,45.09531041603268,3.249691061714702
836.2393798828125,118.36664581298828,-7.305826663970947,0.15371935069561005,788.0518188476562,112.2645034790039,-7.241386890411377,0.15470969676971436,805.7413940429688,134.88214111328125,-7.265489101409912,0.1817977875471115,70.0001449584961,13,1.5109187364578247,1.2327536344528198,61.4836311340332,1847.2062531536094,3281.484727940148,45.083270890381556,3.1843299366519715,0.3190813958644867,0.31837233901023865,58.26383590698242,0,6.730010509490967,0.0004909548442810774,743.944580078125,9.065512657165527,45.083270890381556,3.1843299366519715
975.2882690429688,140.9447021484375,-7.472832679748535,0.15694430470466614,406.9833984375,111.63145446777344,-6.523941993713379,0.2978788912296295,467.12164306640625,131.77056884765625,-6.673574924468994,0.3063502609729767,40.0210075378418,13,2.3182897567749023,0.8122031688690186,15.108261108398438,697.1747716152997,3481.639050879697,45.098047707245776,3.268145185394781,0.478475958108902,0.47651249170303345,3.5321013927459717,1,8.207775115966797,0.0005986324395053089,-136.1901092529297,13.909738540649414,45.098047707245776,3.2681451853947694
3399.5712890625,235.1891632080078,-8.828560829162598,0.07513166218996048,1489.0985107421875,113.01275634765625,-7.932308673858643,0.0824202373623848,2311.465576171875,182.007568359375,-8.40971851348877,0.08551294356584549,78.20902252197266,24,2.255312442779541,1.5256763696670532,15.002869606018066,646.1228751427715,3346.0899674687835,45.08814271530846,3.2718614383876297,0.24320393800735474,0.24228279292583466,13.873289108276367,2,11.113996505737305,0.0008105862652882934,1952.5836181640625,13.531874656677246,45.08814271530846,3.2718614383876297
9328.734375,172.54464721679688,-9.924556732177734,0.020086700096726418,7818.19970703125,120.25680541992188,-9.732767105102539,0.01670447178184986,9051.701171875,184.9271697998047,-9.891825675964355,0.022187089547514915,491.0369567871094,72,1.9481216669082642,1.713856816291809,-87.56161499023438,362.18515901865476,3417.6916656848807,45.09341820075035,3.2925509067540313,0.032383792102336884,0.03215248882770538,-82.24928283691406,0,3.895139694213867,0.0002840768429450691,8529.8955078125,11.688730239868164,45.09341820075035,3.2925509067540433
2186.97412109375,206.09324645996094,-8.349609375,0.10234107077121735,816.2288818359375,112.42969512939453,-7.279530048370361,0.14958873391151428,1533.723876953125,254.81640625,-7.964367866516113,0.18043053150177002,55.39396286010742,14,2.015239953994751,1.3371824026107788,24.905105590820312,211.40628556478532,3443.4003208672993,45.095319782746444,3.303536751312793,0.421723872423172,0.4208129644393921,78.15214538574219,2,9.82995319366455,0.0007168958545662463,1745.418701171875,12.091440200805664,45.095319782746444,3.3035367513127927
1601.5322265625,159.1251983642578,-8.01133918762207,0.1079028993844986,1147.477294921875,112.47483825683594,-7.649360179901123,0.10644888132810593,1368.5216064453125,184.0069580078125,-7.8406291007995605,0.14602002501487732,69.6436767578125,25,2.36142635345459,1.496397852897644,-82.33811950683594,1845.2974187861942,3733.515287107836,45.11632273221366,3.1844677660511564,0.30786246061325073,0.30634909868240356,-70.29900360107422,0,10.822650909423828,0.0007895609014667571,449.7535095214844,14.168558120727539,45.11632273221366,3.1844677660511564
1456.2469482421875,164.34310913085938,-7.908087730407715,0.1225593090057373,1029.75830078125,112.59696960449219,-7.531838417053223,0.11874661594629288,1240.58984375,179.85177612304688,-7.734070777893066,0.1574404537677765,56.47103500366211,22,2.122305154800415,1.6094273328781128,40.14894104003906,1057.0684736101457,3657.811042818985,45.11088162959591,3.2419227352995135,0.35623496770858765,0.3554791808128357,5.976125240325928,0,11.073089599609375,0.0008076748345047235,774.2036743164062,12.733831405639648,45.11088162959591,3.241922735299513
648.136962890625,106.4205093383789,-7.029167175292969,0.178315207362175,547.2012329101562,111.93206787109375,-6.845367431640625,0.22214539349079132,573.4848022460938,111.65524291992188,-6.896304607391357,0.21143993735313416,51.95521545410156,10,1.424075722694397,0.899323046207428,4.932625770568848,1185.1669293669804,3636.884305148188,45.1093350834023,3.232586546113487,0.2844325602054596,0.2838445007801056,20.138425827026367,0,6.757373809814453,0.0004928973503410816,371.07415771484375,8.544454574584961,45.1093350834023,3.2325865461134864
1547.6141357421875,162.37384033203125,-7.974156856536865,0.11394183337688446,967.3795776367188,112.34734344482422,-7.463992118835449,0.12612341344356537,1334.92138671875,242.32533264160156,-7.813639163970947,0.1971391886472702,67.7759017944336,21,1.8910901546478271,1.4856054782867432,81.22773742675781,1858.224411065549,3673.313626423314,45.111919596975454,3.183525614375275,0.3207576274871826,0.3200962543487549,86.70893859863281,3,8.756651878356934,0.0006388338515534997,1470.5081787109375,11.346540451049805,45.111919596975454,3.1835256143752755
1059.0494384765625,140.1444854736328,-7.562290668487549,0.14371086657047272,639.4783325195312,112.1305923461914,-7.014564514160156,0.1904268115758896,743.9464111328125,123.3754653930664,-7.178853988647461,0.18010134994983673,52.345176696777344,16,1.6254708766937256,0.9686576724052429,-57.68440628051758,1286.9025981309921,2967.6179204237365,45.06038413295222,3.2251631392706033,0.3037947118282318,0.30330532789230347,-76.31710052490234,0,7.5001397132873535,0.000547057599760592,288.06298828125,9.752824783325195,45.06038413295222,3.2251631392706033
1567.6068115234375,167.7722930908203,-7.98809289932251,0.11622858047485352,633.2103881835938,111.85921478271484,-7.003870010375977,0.1918463557958603,625.4442749023438,165.0948486328125,-6.990471363067627,0.28666502237319946,63.59239959716797,15,2.7095251083374023,1.0439091920852661,49.94982147216797,968.773530000997,3759.854319510797,45.11835442566532,3.2483593301621485,0.4436059594154358,0.4428822696208954,52.681976318359375,1,10.072183609008789,0.0007346608326770365,-200.35890197753906,16.257150650024414,45.11835442566532,3.248359330162149
1036.7657470703125,118.51100158691406,-7.539201736450195,0.12413889169692993,912.0272827148438,112.14949798583984,-7.400019645690918,0.13354244828224182,922.1746826171875,105.27576446533203,-7.4120330810546875,0.12397811561822891,83.42705535888672,16,1.086882472038269,1.0177637338638306,-15.51784610748291,1673.5082418574823,3427.3222543316856,45.09395360654604,3.196991280865378,0.18786564469337463,0.18768998980522156,0.5939090847969055,0,3.991786241531372,0.00029119462124072015,537.640380859375,6.521294593811035,45.09395360654604,3.196991280865378
1226.4534912109375,144.9734344482422,-7.721627712249756,0.12837107479572296,865.99560546875,112.18221282958984,-7.343789100646973,0.14068187773227692,951.2179565429688,155.37838745117188,-7.445700168609619,0.17739459872245789,68.77631378173828,19,1.8341891765594482,1.3523824214935303,11.250235557556152,1747.5704711072808,3454.7084832938453,45.09594777771757,3.1915926972254085,0.2653701603412628,0.2643742263317108,4.04008674621582,0,8.672341346740723,0.0006326470174826682,255.7384490966797,11.005134582519531,45.09594777771757,3.1915926972254205
2506.860107421875,204.3150177001953,-8.497825622558594,0.08851156383752823,1187.54541015625,112.56642150878906,-7.6866254806518555,0.10294102132320404,1238.6109619140625,157.20095825195312,-7.732337474822998,0.13783201575279236,59.5390739440918,21,2.6540565490722656,0.9820258021354675,1.1217633485794067,1539.1519495057555,3418.4784079378073,45.09332236324966,3.2067843773686135,0.24243763089179993,0.24225543439388275,-60.039249420166016,2,9.666543960571289,0.0007051370339468122,181.78366088867188,15.924339294433594,45.09332236324966,3.2067843773686135
1557.2919921875,165.34104919433594,-7.9809250831604,0.11530296504497528,1031.6629638671875,112.42414855957031,-7.533844470977783,0.11834545433521271,1215.8804931640625,155.60693359375,-7.7122273445129395,0.13898497819900513,58.62660598754883,24,2.0833544731140137,1.204458236694336,66.06988525390625,863.8190595967973,3436.8179544412233,45.09474781508493,3.256001258650508,0.2903214395046234,0.28893646597862244,80.58734130859375,2,9.483907699584961,0.0006917244172655046,430.1555480957031,12.500126838684082,45.09474781508493,3.256001258650519
124741.8828125,320.6367492675781,-12.740030288696289,0.0027914561796933413,101463.4765625,199.0967254638672,-12.515774726867676,0.0021310036536306143,121324.890625,280.852294921875,-12.709875106811523,0.0025139572098851204,6018.3515625,244,2.2850184440612793,2.1518449783325195,31.408544540405273,1859.5921450258284,3358.7413183229405,45.08891853533307,3.1834269527804935,0.004550958052277565,0.004433015827089548,-80.10230255126953,0,3.8404109477996826,0.00028016194119118154,124639.9609375,13.710110664367676,45.08891853533307,3.183426952780493
4576.09375,152.711181640625,-9.151237487792969,0.03624146431684494,3922.411376953125,115.7827377319336,-8.983882904052734,0.03205682709813118,4219.29052734375,158.95388793945312,-9.063098907470703,0.040913019329309464,234.22360229492188,48,1.6333152055740356,1.5442898273468018,-13.29516315460205,422.25289480497247,3331.986863349681,45.08714236932475,3.288171867649804,0.05624528229236603,0.056081127375364304,72.80445098876953,0,4.43283748626709,0.0003232938179280609,4278.16455078125,9.799891471862793,45.08714236932475,3.288171867649804
2536.56787109375,211.94964599609375,-8.510616302490234,0.09074360877275467,1356.7213134765625,112.89899444580078,-7.831226348876953,0.0903710350394249,1793.7874755859375,197.22555541992188,-8.134427070617676,0.1194048672914505,87.01164245605469,39,2.294888973236084,1.7684890031814575,78.5737075805664,376.6215080615319,3415.737224202051,45.093273232790615,3.2914990634674632,0.2775086760520935,0.27665358781814575,-88.58639526367188,0,9.691003799438477,0.0007067769183777273,1072.644775390625,13.769333839416504,45.093273232790615,3.2914990634674632
67900.9453125,151.87359619140625,-12.079689979553223,0.0024290489964187145,66812.9609375,174.053955078125,-12.062151908874512,0.002829130506142974,66794.21875,154.42681884765625,-12.061846733093262,0.0025108091067522764,18300.5,18,1.1190840005874634,0.5346719026565552,29.625030517578125,1714.1340105596796,3404.79630768774,45.09230196520518,3.1940299497345848,0.002763083204627037,0.0021959738805890083,45.172054290771484,2,3.9582161903381348,0.0002887476875912398,67777.140625,6.714504241943359,45.09230196520518,3.1940299497345848
3129.014404296875,85.85084533691406,-8.738518714904785,0.02979660965502262,3216.998779296875,115.0902099609375,-8.768627166748047,0.038852352648973465,3554.212646484375,111.93118286132812,-8.876858711242676,0.03420089930295944,338.92803955078125,19,2.344362735748291,0.4936584234237671,36.51244354248047,1539.9374858702492,3692.4020734095147,45.113351132267205,3.2067284846128175,0.0781889334321022,0.07454036176204681,30.449209213256836,3,6.4198808670043945,0.00046832015505060554,2195.940185546875,14.066176414489746,45.1133511322672,3.206728484612829
642.3648681640625,103.11329650878906,-7.019454479217529,0.17432622611522675,702.7173461914062,111.89861297607422,-7.1169514656066895,0.17293140292167664,704.3074951171875,129.18360900878906,-7.119405746459961,0.19919338822364807,51.627323150634766,10,2.1671431064605713,0.8272039890289307,-35.66568374633789,941.9526533578879,2843.5949387092755,45.05135718109902,3.2502951411155543,0.44418275356292725,0.4430907070636749,-29.2963809967041,1,8.007160186767578,0.0005840057274326682,-295.31256103515625,13.002859115600586,45.051357181099014,3.250295141115566
2453.901611328125,82.4276123046875,-8.474642753601074,0.03647920861840248,2471.09765625,114.47509765625,-8.482224464416504,0.05030960962176323,5006.54150390625,137.21804809570312,-9.248844146728516,0.029764818027615547,362.6106262207031,17,2.02785325050354,0.4873952567577362,-24.68373680114746,340.5385052692077,3143.878979229509,45.073397513768334,3.2941189492438694,0.0662359967827797,0.018983004614710808,-21.662734985351562,3,5.926692962646484,0.0004322380991652608,4497.1552734375,12.167119979858398,45.073397513768334,3.2941189492438694
1665.3533935546875,161.00326538085938,-8.053766250610352,0.10499245673418045,1068.3248291015625,112.5992202758789,-7.571758270263672,0.11446215212345123,1128.866943359375,163.2566375732422,-7.6316070556640625,0.15705722570419312,75.63766479492188,26,1.7898743152618408,1.5315884351730347,-73.08706665039062,598.5182806491805,3391.4687866124054,45.09146758977503,3.275331207984931,0.1961291879415512,0.195358008146286,-21.2801456451416,0,7.9010820388793945,0.0005762531654909253,431.7217102050781,10.739246368408203,45.09146758977503,3.2753312079849306
2926.601318359375,196.85145568847656,-8.665908813476562,0.07304742187261581,1608.251220703125,113.24124908447266,-8.015884399414062,0.07646814733743668,1996.9298095703125,174.8705596923828,-8.250906944274902,0.09510070085525513,93.75320434570312,35,2.0553319454193115,1.5656406879425049,81.54935455322266,698.3422657143761,3403.9756525810194,45.09236850098618,3.2680581279062264,0.1751999855041504,0.17506778240203857,38.48476791381836,0,8.634584426879883,0.0006297597428783774,1012.8327026367188,12.331991195678711,45.09236850098618,3.268058127906226
911.454833984375,134.48641967773438,-7.3993377685546875,0.1602407991886139,575.9830322265625,112.01056671142578,-6.901024341583252,0.2111928015947342,657.359619140625,128.17776489257812,-7.0445075035095215,0.2117578387260437,38.710750579833984,13,1.8147867918014526,0.9804300665855408,46.705692291259766,690.7791059494997,3662.7759033560224,45.11129365589921,3.268615789546739,0.44924619793891907,0.4477331042289734,59.97183609008789,0,7.976948261260986,0.0005818012868985534,106.02719116210938,10.888720512390137,45.11129365589921,3.268615789546739
676.6817626953125,117.42267608642578,-7.075961112976074,0.18845051527023315,370.74334716796875,111.54370880126953,-6.422683238983154,0.32673943042755127,302.536865234375,138.88609313964844,-6.201945781707764,0.49855178594589233,46.313899993896484,9,1.7346009016036987,0.8513034582138062,-23.9156494140625,347.0119681052552,2814.62060765675,45.04931640715037,3.293636539688052,0.4665538966655731,0.4639979898929596,-27.08302879333496,0,7.261214256286621,0.0005295663722790778,-67.61695098876953,10.407605171203613,45.04931640715037,3.2936365396880514
2546.38232421875,163.53631591796875,-8.514808654785156,0.06974618136882782,1978.68896484375,113.37596130371094,-8.240943908691406,0.062226202338933945,2152.669189453125,193.69241333007812,-8.332443237304688,0.09771587699651718,113.39057922363281,37,1.9841597080230713,1.3915565013885498,60.17061996459961,1235.3313403037,3426.098045304625,45.09391613925322,3.2289277100132243,0.126328244805336,0.12544575333595276,87.4943618774414,0,6.554378032684326,0.00047808673116378486,2351.6591796875,11.904958724975586,45.09391613925322,3.2289277100132248
8278.7939453125,282.6519775390625,-9.794918060302734,0.03707787021994591,3854.632568359375,115.74666595458984,-8.964957237243652,0.032610341906547546,6867.244140625,286.5732116699219,-9.59195613861084,0.04531927406787872,134.48597717285156,117,3.1481621265411377,2.715562105178833,66.69721984863281,1393.123491197406,3401.5545832291405,45.09210219138165,3.2174274822451383,0.11225392669439316,0.11221771687269211,39.579524993896484,0,10.946989059448242,0.0007985144620761275,5715.3466796875,18.888973236083984,45.09210219138164,3.2174274822451503
911.3156127929688,127.22361755371094,-7.399171829223633,0.15161031484603882,658.1301879882812,112.10900115966797,-7.045779705047607,0.18499435484409332,674.6033935546875,112.87296295166016,-7.0726213455200195,0.18170681595802307,78.11679077148438,14,1.2885347604751587,1.0713962316513062,-85.42485809326172,1423.8744437508085,3776.152361718613,45.1194884893112,3.215189164958696,0.2571861743927002,0.2564529478549957,-69.6402587890625,0,5.888523101806641,0.00042955047683790326,372.1271667480469,7.731208801269531,45.119488489311195,3.2151891649587077
4830.9736328125,285.8863830566406,-9.210086822509766,0.06426709145307541,1759.298583984375,113.5937728881836,-8.113348960876465,0.07012046873569489,2489.4716796875,306.19268798828125,-8.490267753601074,0.13357262313365936,70.37677001953125,50,2.774052143096924,1.5364763736724854,69.58776092529297,1665.821670137698,3785.2327800403887,45.12012404277273,3.1975519960359517,0.17521663010120392,0.17433036863803864,73.87191009521484,2,10.174576759338379,0.0007422510534524918,3191.929931640625,16.64431381225586,45.12012404277273,3.1975519960359517
6234.79443359375,267.93634033203125,-9.487055778503418,0.04667016118764877,3128.77001953125,114.94438934326172,-8.738433837890625,0.03989734128117561,5327.79833984375,246.53372192382812,-9.31636905670166,0.050252582877874374,136.81297302246094,83,2.7052621841430664,2.336911201477051,-5.832512855529785,571.251989436308,3382.147711981587,45.09078973943453,3.277317586076212,0.12794119119644165,0.12776368856430054,-58.807952880859375,0,8.70224380493164,0.0006346818991005421,4828.51171875,16.2315731048584,45.09078973943453,3.277317586076212
4351.44873046875,100.28380584716797,-9.09658432006836,0.025028035044670105,2090.787353515625,113.81197357177734,-8.300774574279785,0.059116385877132416,7671.6484375,164.1104278564453,-9.7122220993042,0.02323150262236595,375.3520812988281,14,3.349808692932129,0.31945669651031494,-25.923641204833984,322.7796897761937,3152.6672193860913,45.07404269673498,3.295412980723111,0.15951624512672424,0.010143821127712727,-25.16925811767578,3,6.170266628265381,0.00045000098180025816,4638.732421875,20.098852157592773,45.07404269673498,3.2954129807231105
775.330810546875,115.55479431152344,-7.22371768951416,0.1618567258119583,743.5413818359375,112.1234359741211,-7.178262710571289,0.16376499831676483,681.6979370117188,127.23921966552734,-7.083980083465576,0.2027023732662201,55.65631103515625,12,1.993812918663025,0.8221846222877502,-79.00154113769531,196.41919359536482,3719.2994360092375,45.11549714238134,3.304638381438095,0.3692706823348999,0.3679922819137573,-83.85125732421875,0,7.654157638549805,0.00055821577552706,-161.89988708496094,11.96287727355957,45.11549714238134,3.3046383814380946
1300.1060791015625,151.59373474121094,-7.784946918487549,0.12662874162197113,851.6234741210938,112.29666137695312,-7.325619220733643,0.14320197701454163,1273.793212890625,262.7698059082031,-7.762747287750244,0.22403009235858917,78.1968002319336,10,1.61147940158844,0.9799233675003052,45.743133544921875,916.1350333894495,3398.9437196984045,45.09197142558042,3.2521882402140547,0.4119938611984253,0.4107496440410614,-88.69780731201172,0,7.511188507080078,0.0005478445673361421,1163.442626953125,9.668876647949219,45.09197142558042,3.2521882402140547
846.5014038085938,129.85903930664062,-7.3190693855285645,0.16659975051879883,670.7623291015625,112.12413024902344,-7.0664215087890625,0.18153494596481323,577.7858276367188,123.19449615478516,-6.904417037963867,0.2315550446510315,50.6085205078125,12,2.3673019409179688,0.6663274168968201,37.23603439331055,1461.9078089363634,3240.121317000528,45.08028979809184,3.2124128764721562,0.39250361919403076,0.391020268201828,42.74655532836914,2,7.507040977478027,0.0005475910729728639,-826.283447265625,14.203811645507812,45.08028979809184,3.2124128764721562
1153.0150146484375,134.72486877441406,-7.654587268829346,0.12689444422721863,929.8787231445312,112.39019012451172,-7.421065807342529,0.13125985860824585,1244.06884765625,241.25640869140625,-7.7371110916137695,0.21060286462306976,56.08137512207031,18,1.5622868537902832,1.3445981740951538,-79.38609313964844,668.9315319485488,3348.6545204857257,45.08832714279186,3.270199632440727,0.2651543617248535,0.26462480425834656,75.53984069824219,3,8.441818237304688,0.0006156963063403964,1350.0023193359375,9.3737211227417,45.08832714279186,3.270199632440727
704.9303588867188,106.2043685913086,-7.120365619659424,0.16361607611179352,514.9065551757812,111.67301940917969,-6.779321193695068,0.23553188145160675,607.317626953125,108.33838653564453,-6.9585394859313965,0.19372974336147308,66.6922836303711,11,1.8314980268478394,0.6338053345680237,-1.5203090906143188,1794.8559491573901,2952.0749045839266,45.05918959337262,3.1881454424865177,0.380752295255661,0.37843057513237,8.55529499053955,0,6.19449520111084,0.0004518659843597561,-431.5750427246094,10.988987922668457,45.05918959337262,3.18814544248653
899.6187133789062,114.3060073852539,-7.385146141052246,0.13798770308494568,765.47705078125,112.41288757324219,-7.209830284118652,0.15948276221752167,752.1442260742188,132.06068420410156,-7.190752983093262,0.19067873060703278,64.0702896118164,14,1.8305736780166626,0.9993740320205688,-71.07473754882812,1813.7712705537124,2824.694523084986,45.04987307723624,3.18676656745116,0.29822787642478943,0.2973061800003052,-87.49107360839844,0,8.08946704864502,0.0005900912219658494,28.88331413269043,10.983442306518555,45.04987307723624,3.186766567451159
2042.103759765625,88.73070526123047,-8.27519416809082,0.04718738794326782,1992.9464111328125,113.65316009521484,-8.248739242553711,0.06193208694458008,4407.4423828125,178.09986877441406,-9.110466957092285,0.04388405755162239,233.72576904296875,18,2.5946314334869385,0.5299573540687561,4.513983249664307,571.6260596274616,3733.746314237203,45.11649960070957,3.2773001354492415,0.13162104785442352,0.025319784879684448,1.510239601135254,3,7.00445032119751,0.0005108629120513797,4354.61767578125,15.567789077758789,45.11649960070956,3.2773001354492646
12427.349609375,181.27099609375,-10.235946655273438,0.015840891748666763,10538.2255859375,123.37628936767578,-10.05691909790039,0.012714345939457417,12015.10546875,185.74542236328125,-10.199318885803223,0.016788827255368233,686.1553344726562,83,1.8454598188400269,1.7900893688201904,77.18942260742188,1498.9685780014838,3389.9039163532216,45.09123770019862,3.20971299937709,0.024957502260804176,0.024766355752944946,-83.0340805053711,0,3.934619426727295,0.0002870120224542916,11905.7314453125,11.072758674621582,45.09123770019862,3.20971299937709
2511.100341796875,189.01287841796875,-8.49966049194336,0.0817442387342453,1720.2611083984375,113.41741943359375,-8.08898639678955,0.07160036265850067,2705.68603515625,242.06851196289062,-8.580693244934082,0.0971607193350792,85.78751373291016,39,2.481172561645508,1.407401204109192,47.391361236572266,670.0966380135945,3354.137487620248,45.08872792884127,3.2701148856184554,0.24193325638771057,0.240547776222229,46.975162506103516,3,9.49555492401123,0.0006925499765202403,1915.3111572265625,14.887035369873047,45.08872792884127,3.2701148856184554
3434.284423828125,197.19952392578125,-8.839591026306152,0.0623590424656868,2150.593017578125,113.88250732421875,-8.331395149230957,0.05750805139541626,3089.281494140625,218.21682739257812,-8.72464370727539,0.07671152055263519,99.282470703125,51,2.8871357440948486,1.4146122932434082,53.83635711669922,881.6560275737397,3306.8886495059905,45.0852445419113,3.254698659797717,0.16800695657730103,0.1669783890247345,55.49211120605469,0,11.12822151184082,0.000811652047559619,1680.6083984375,17.32281494140625,45.08524454191131,3.2546986597977052
860.7179565429688,126.37740325927734,-7.337152004241943,0.1594550907611847,659.1339111328125,111.93434143066406,-7.047434329986572,0.18442487716674805,650.3780517578125,139.2219696044922,-7.032914638519287,0.23247256875038147,50.497093200683594,13,2.0183634757995605,0.9956158399581909,10.64380168914795,524.7781919598597,3265.791607535724,45.08228739492586,3.2807002271041434,0.33942165970802307,0.3382490575313568,1.295174241065979,0,8.48117446899414,0.0006185527890920639,-532.8756103515625,12.110180854797363,45.08228739492585,3.280700227104155
1461.8109130859375,165.2580108642578,-7.912228107452393,0.12277251482009888,782.7264404296875,112.52106475830078,-7.234025001525879,0.156118243932724,846.2084350585938,152.89039611816406,-7.318693161010742,0.1962152123451233,56.580074310302734,22,1.8330903053283691,1.3502024412155151,32.13163757324219,817.8996758816239,3238.734501863352,45.08026916319265,3.259342686205683,0.28441816568374634,0.28426656126976013,-78.02886962890625,0,9.418561935424805,0.0006869464996270835,603.6104736328125,10.998541831970215,45.08026916319265,3.2593426862056947
1166.90478515625,142.8599853515625,-7.667588710784912,0.13295510411262512,745.993408203125,112.21418762207031,-7.181837558746338,0.16335882246494293,599.234619140625,103.6822280883789,-6.9439921379089355,0.18790453672409058,63.122840881347656,12,1.5031336545944214,0.7466964721679688,-37.5538215637207,1467.2174303890286,3211.3661135079215,45.07818653281555,3.2120256525067954,0.22321081161499023,0.22268858551979065,-44.045047760009766,0,6.171288967132568,0.00045015563955530524,133.03103637695312,9.01880168914795,45.07818653281555,3.2120256525067954
1134688.5,707.6025390625,-15.137191772460938,0.0006772399065084755,910319.1875,506.76116943359375,-14.897984504699707,0.0006045600748620927,1101982.75,596.0565795898438,-15.105437278747559,0.000587411574088037,51155.2734375,675,2.545344114303589,2.4289238452911377,62.56577682495117,2014.2063441191676,3215.584574198981,45.07843477469739,3.1721566807312627,0.0013447533128783107,0.001286275452002883,-80.31993865966797,4,3.925745964050293,0.0002863923436962068,1129385.125,15.272064208984375,45.078434774697385,3.172156680731274
1546.002685546875,147.99647521972656,-7.973025798797607,0.10396111756563187,1142.508056640625,112.51268768310547,-7.64464807510376,0.10694784671068192,1312.900146484375,150.05255126953125,-7.795579433441162,0.12411992996931076,83.09181213378906,24,1.784631609916687,1.294499397277832,46.732757568359375,1601.8940741729316,3364.574434199289,45.08937365504836,3.202210980778494,0.2115817815065384,0.21118594706058502,-60.15242385864258,0,6.585083961486816,0.00048036040971055627,1088.408935546875,10.707789421081543,45.08937365504836,3.202210980778494
6048.671875,152.03578186035156,-9.454150199890137,0.027297044172883034,2844.442626953125,114.78353118896484,-8.634992599487305,0.04382402077317238,4320.58154296875,158.26332092285156,-9.088855743408203,0.03978028520941734,325.84716796875,35,2.4829301834106445,0.9865382313728333,-27.39082908630371,349.19454177765186,3138.7189611322383,45.07301894431559,3.2934881807636036,0.1108572706580162,0.10772549360990524,-28.144838333129883,3,7.202537536621094,0.0005252869450487196,3675.856689453125,14.897581100463867,45.07301894431559,3.2934881807636036
1929.3568115234375,166.63526916503906,-8.213531494140625,0.09379597753286362,1222.3424072265625,112.65165710449219,-7.717982292175293,0.1000862717628479,1338.9407958984375,163.4293212890625,-7.816903591156006,0.13255570828914642,85.57585144042969,30,2.036478042602539,1.3822553157806396,63.7886848449707,1762.617529301758,2954.380750215232,45.05936168238705,3.1904950671481687,0.1776057481765747,0.17705784738063812,-80.82819366455078,0,7.403692245483398,0.0005400691879913211,650.8589477539062,12.218868255615234,45.05936168238705,3.190495067148181
1663.1014404296875,176.45567321777344,-8.05229663848877,0.11522500216960907,954.9322509765625,112.28861236572266,-7.449931621551514,0.12770061194896698,1219.410400390625,169.98048400878906,-7.715374946594238,0.1513836532831192,62.50483322143555,19,1.8536453247070312,1.6158154010772705,33.60684585571289,211.09944194914885,2834.3582832724856,45.05077858621437,3.3035376111094763,0.29559868574142456,0.2952156662940979,11.203502655029297,2,10.366073608398438,0.0007559982477687299,865.5133056640625,11.121871948242188,45.05077858621437,3.3035376111094643
3459.02294921875,231.11849975585938,-8.847383499145508,0.0725623071193695,1691.0548095703125,113.38284301757812,-8.070394515991211,0.07281477004289627,2500.559814453125,209.20472717285156,-8.49509334564209,0.09085819125175476,86.47769927978516,51,3.0668675899505615,1.4898415803909302,-24.6837100982666,533.7374936426138,4050.4552190692343,45.13966197888858,3.2800696252837245,0.2050468921661377,0.2039971947669983,-26.891508102416992,0,12.02293586730957,0.0008768878760747612,2040.945556640625,18.40120506286621,45.13966197888859,3.2800696252837245
3595.575927734375,215.07144165039062,-8.889421463012695,0.06495971232652664,1886.8333740234375,113.65779876708984,-8.18933391571045,0.06541773676872253,3443.62744140625,246.5063934326172,-8.842540740966797,0.07773952186107635,92.3736801147461,48,2.5453615188598633,2.4496283531188965,-10.680222511291504,1812.922941693498,3335.8575448518236,45.0872503216751,3.1868289135046224,0.2309662103652954,0.23060229420661926,-51.91985321044922,2,11.731929779052734,0.0008558444678783417,2160.843017578125,15.27216911315918,45.08725032167509,3.1868289135046344
1604.781494140625,162.37283325195312,-8.01353931427002,0.1098821833729744,1167.298095703125,112.58602905273438,-7.667954444885254,0.1047448217868805,1367.5477294921875,179.26097106933594,-7.839856147766113,0.14235511422157288,61.20848083496094,25,2.10935640335083,1.5730712413787842,-21.391298294067383,1412.7104779041686,2918.770330733346,45.056797169990915,3.2159948612189204,0.26731082797050476,0.26658275723457336,-30.421648025512695,0,10.481406211853027,0.0007645235164090991,1052.7513427734375,12.65613842010498,45.056797169990915,3.215994861218921
2650.930908203125,93.63653564453125,-8.558496475219727,0.038359835743904114,2142.5986328125,113.87308502197266,-8.327351570129395,0.05771784484386444,9514.0576171875,221.57998657226562,-9.945914268493652,0.025292664766311646,275.27679443359375,21,2.519589900970459,0.539253830909729,-23.98722267150879,332.9788225300092,3147.7191064170197,45.07367940544633,3.2946698039741507,0.09129790216684341,0.023966891691088676,-21.478601455688477,3,6.962268829345703,0.0005077630048617721,8095.82177734375,15.117539405822754,45.073679405446335,3.294669803974139
4459.15625,91.20384216308594,-9.12313175201416,0.022212132811546326,2978.123779296875,114.85407257080078,-8.684856414794922,0.04188258573412895,4239.56201171875,118.08440399169922,-9.068302154541016,0.030248327180743217,422.5245666503906,16,2.249021053314209,0.4683365821838379,-15.62308406829834,581.3132749347933,3734.3483835489233,45.116542265062506,3.2765942655300897,0.05767938494682312,0.015571009367704391,-11.553985595703125,2,6.120944499969482,0.0004464261292014271,3486.462890625,13.494126319885254,45.116542265062506,3.27659426553009
2656.97607421875,215.40353393554688,-8.560969352722168,0.08804303407669067,1504.49169921875,113.03104400634766,-7.943474292755127,0.08159015327692032,1831.190673828125,201.57322692871094,-8.15683364868164,0.1195443645119667,72.63504791259766,41,2.152574300765991,1.9521864652633667,3.243411064147949,555.4259006146781,3325.537736890888,45.08665224747493,3.2784690465615074,0.2651900053024292,0.26491186022758484,31.042097091674805,0,12.286673545837402,0.0008961022249422967,1132.441162109375,12.915445327758789,45.08665224747493,3.2784690465615194
740.5022583007812,122.65164947509766,-7.173816204071045,0.17987748980522156,332.01715087890625,111.76180267333984,-6.302901268005371,0.36556339263916016,342.4140625,115.71460723876953,-6.336379051208496,0.3670003116130829,45.79750442504883,10,1.536731243133545,0.9578152894973755,86.75142669677734,658.7966698012592,4046.937636616784,45.13938711948911,3.270955790855132,0.4153624176979065,0.4148862361907959,16.576528549194336,0,7.249373435974121,0.0005287430831231177,276.8011474609375,9.22038745880127,45.1393871194891,3.270955790855143
2994.08837890625,162.79664611816406,-8.690661430358887,0.059048742055892944,2333.807861328125,114.14148712158203,-8.42016315460205,0.053113903850317,2712.58154296875,186.31163024902344,-8.583456993103027,0.07459109276533127,137.68359375,41,1.8894777297973633,1.4753509759902954,19.798978805541992,262.4976961530246,3338.225127428305,45.08762115764469,3.299810915134841,0.11383461207151413,0.11351270228624344,-51.559303283691406,0,5.637581825256348,0.00041114972555078566,2696.14599609375,11.33686637878418,45.08762115764468,3.2998109151348527
764.446044921875,122.7704086303711,-7.208366870880127,0.17441213130950928,437.4195861816406,111.75623321533203,-6.602245807647705,0.2774618864059448,435.35455322265625,109.25787353515625,-6.597107887268066,0.27254578471183777,49.3589973449707,11,2.3620007038116455,0.55660080909729,-8.739779472351074,1047.3421389324665,2887.526126689245,45.0545566107014,3.24261740472605,0.4001806080341339,0.3990543484687805,7.714378833770752,1,6.847414493560791,0.000499427318572998,-233.88087463378906,14.172004699707031,45.05455661070139,3.242617404726062
9917.556640625,212.01153564453125,-9.991011619567871,0.023215852677822113,7123.6982421875,119.5612564086914,-9.631763458251953,0.01822698302567005,8455.591796875,195.510498046875,-9.817859649658203,0.025110531598329544,437.92510986328125,76,2.16813588142395,1.745866060256958,30.199493408203125,752.3764905386755,3340.8078093244208,45.08774206740458,3.264119399601551,0.03549275919795036,0.03530377522110939,86.6252212524414,2,3.7957422733306885,0.0002768424164969474,8318.2373046875,13.00881576538086,45.08774206740458,3.2641193996015505
99140.015625,300.089599609375,-12.490622520446777,0.0032872427254915237,81615.2578125,185.33404541015625,-12.279428482055664,0.002466116799041629,96423.1796875,268.68328857421875,-12.460453987121582,0.0030261401552706957,4974.89599609375,221,2.2557506561279297,2.138274908065796,-38.37995529174805,47.4922332824811,3336.00453453196,45.087489757289696,3.3154740675575027,0.005114488769322634,0.005022391211241484,-87.29531860351562,0,3.718270778656006,0.0002711677807383239,98957.859375,13.534503936767578,45.087489757289696,3.3154740675575023
3082.9091796875,197.4581298828125,-8.72240161895752,0.06955752521753311,1958.2186279296875,113.43858337402344,-8.229653358459473,0.06291141360998154,2657.208984375,193.40626525878906,-8.561064720153809,0.07904504239559174,83.73954772949219,47,2.5403993129730225,1.4962235689163208,-5.243708610534668,832.3741626953674,3779.8701560575723,45.1198361807207,3.258300126921887,0.1790631264448166,0.1782074123620987,-4.904771327972412,0,10.461176872253418,0.0007630143081769347,1832.6673583984375,15.242395401000977,45.119836180720704,3.2583001269218754
776.828857421875,116.20301818847656,-7.225813388824463,0.16245080530643463,650.5569458007812,112.23165893554688,-7.033213138580322,0.18735267221927643,617.4716186523438,123.23773956298828,-6.9765424728393555,0.21674872934818268,49.976261138916016,12,1.7124042510986328,0.9659829139709473,-84.54137420654297,1970.7785723085897,3329.917170826337,45.08679920182029,3.1753218909041383,0.37839898467063904,0.37791749835014343,-81.62925720214844,0,7.689090728759766,0.000560940068680793,-169.74346923828125,10.274425506591797,45.08679920182029,3.1753218909041263
819.1547241210938,126.05419921875,-7.283414840698242,0.16711722314357758,460.39471435546875,111.87191772460938,-6.657825946807861,0.26388856768608093,596.8660278320312,119.15106201171875,-6.93969202041626,0.21679580211639404,53.519710540771484,12,1.703039526939392,0.7820140719413757,86.06794738769531,463.63180355114304,3339.8861839025926,45.08771424028757,3.285157393596857,0.4278254210948944,0.42606717348098755,-85.16694641113281,1,6.8922953605651855,0.0005026687285862863,260.83404541015625,10.218236923217773,45.08771424028757,3.285157393596857
589.8643188476562,103.41030883789062,-6.926880359649658,0.19038885831832886,394.6329345703125,111.57246398925781,-6.490483283996582,0.3070389926433563,463.64794921875,131.76702880859375,-6.665471076965332,0.30863717198371887,48.035888671875,9,2.160478353500366,0.7948120832443237,53.96556854248047,1912.5142116626423,4072.0744719612594,45.14106929849858,3.1795642700167424,0.7821023464202881,0.7793846726417542,49.85027313232422,0,7.835404396057129,0.0005716679734177887,-13.517252922058105,12.962869644165039,45.141069298498586,3.179564270016731
662.6176147460938,115.93733978271484,-7.053157329559326,0.1900160014629364,300.4678649902344,111.4590835571289,-6.19449520111084,0.4028536081314087,302.9600830078125,150.7881622314453,-6.203463554382324,0.5405198931694031,41.32763671875,9,2.0043606758117676,1.1701414585113525,-68.08136749267578,57.856083001434804,4065.983874412718,45.140867349530915,3.314746626968918,0.6300354599952698,0.6298973560333252,-24.280750274658203,0,9.167118072509766,0.0006685443222522736,159.27828979492188,12.026164054870605,45.140867349530915,3.3147466269689176
9150.5908203125,163.3572540283203,-9.9036226272583,0.0193873792886734,7920.0107421875,120.57484436035156,-9.746814727783203,0.016533344984054565,8863.4111328125,182.1056365966797,-9.869002342224121,0.02231271006166935,512.2975463867188,66,1.957157850265503,1.6376644372940063,41.687400817871094,919.1244145474535,3783.141387281259,45.12006371502152,3.2519781119186044,0.03172073885798454,0.031497735530138016,-87.75175476074219,0,3.806607961654663,0.0002776501059997827,8365.0048828125,11.74294662475586,45.12006371502152,3.2519781119185933
736.4830322265625,122.23411560058594,-7.167906761169434,0.18024346232414246,248.4561309814453,111.5731201171875,-5.988124370574951,0.48768529295921326,297.29083251953125,102.0914306640625,-6.182953834533691,0.3729388117790222,41.84048080444336,10,1.4946544170379639,0.724160373210907,34.823482513427734,2005.6742985767655,3317.593201094208,45.08589447993476,3.1727780965710193,0.3614303171634674,0.3602537214756012,33.965309143066406,0,6.205942630767822,0.00045274352305568755,-194.1787567138672,8.967926025390625,45.08589447993476,3.172778096571019
774.8904418945312,124.95454406738281,-7.223100662231445,0.17512235045433044,263.3044738769531,111.59098815917969,-6.051145553588867,0.46025729179382324,294.5252685546875,122.88536834716797,-6.172806262969971,0.45311394333839417,41.30319595336914,9,1.5721235275268555,1.0094135999679565,-12.222286224365234,116.25787532555798,3190.846034087287,45.07686405616078,3.310459178544303,0.7391652464866638,0.7384437918663025,52.24583435058594,0,7.529871463775635,0.0005491466727107763,-142.66297912597656,9.432741165161133,45.07686405616077,3.310459178544315
3975.894775390625,243.79769897460938,-8.998587608337402,0.06659238040447235,2020.669921875,113.72921752929688,-8.263738632202148,0.061123259365558624,2787.435791015625,226.34352111816406,-8.613012313842773,0.088184654712677,85.19590759277344,57,2.4900588989257812,2.105245590209961,57.345943450927734,1978.36123394289,3073.3064179877956,45.06803499134334,3.174770174608067,0.1665964424610138,0.16650377213954926,73.88957214355469,2,11.448020935058594,0.0008351369760930538,2111.953857421875,14.940353393554688,45.06803499134334,3.1747701746080677
1540.57470703125,133.4141845703125,-7.969206809997559,0.09404788911342621,1227.6260986328125,112.65795135498047,-7.722665309906006,0.09966107457876205,2797.01708984375,251.59608459472656,-8.616737365722656,0.09768740832805634,97.52367401123047,23,3.039621353149414,0.7489969730377197,-30.121633529663086,670.9764381002183,3791.5231383134974,45.120710340966816,3.2700620168235415,0.2704997956752777,0.2685418128967285,-21.37234878540039,3,9.031015396118164,0.0006586819654330611,4810.4794921875,18.237728118896484,45.120710340966816,3.2700620168235415
5675.9296875,78.90319061279297,-9.385092735290527,0.015096886083483696,5491.8603515625,117.63063049316406,-9.349298477172852,0.02326112799346447,5520.13525390625,106.45529174804688,-9.354874610900879,0.020943408831954002,873.3385620117188,16,1.2186914682388306,0.8555441498756409,-7.3598527908325195,93.75319068161978,3286.275778856957,45.08384631101356,3.3121021510246167,0.02304026670753956,0.021823443472385406,-20.051406860351562,0,6.08949613571167,0.0004440999182406813,5474.55029296875,7.3121490478515625,45.08384631101356,3.3121021510246167
707.7677612304688,109.00231170654297,-7.12472677230835,0.16725333034992218,628.7484741210938,112.11774444580078,-6.996192455291748,0.19365432858467102,670.7396850585938,106.12126159667969,-7.066384792327881,0.17182178795337677,52.17118835449219,11,1.387009620666504,0.8755315542221069,-30.742557525634766,452.37938819480934,3179.133771493792,45.07596018781908,3.2859722341625552,0.2733585834503174,0.2728995680809021,6.460190296173096,0,6.578092098236084,0.0004797512956429273,514.1381225585938,8.322057723999023,45.07596018781908,3.285972234162555
1602.171875,160.1824188232422,-8.011773109436035,0.10857643187046051,1019.6441650390625,112.45359802246094,-7.521121501922607,0.1197717934846878,1376.6629638671875,167.91909790039062,-7.847069263458252,0.13246534764766693,64.70703125,22,2.214460611343384,1.297426700592041,76.65191650390625,716.9395395253441,3282.0079937615305,45.0834470626126,3.2666999486353565,0.3141140341758728,0.3131870627403259,85.7159194946289,3,10.151674270629883,0.0007404066273011267,113.06551361083984,13.286764144897461,45.0834470626126,3.2666999486353565
1777.0003662109375,185.77890014648438,-8.124218940734863,0.11353733390569687,984.789794921875,112.45577239990234,-7.483358860015869,0.12401323765516281,1644.2940673828125,197.7473907470703,-8.039948463439941,0.13060538470745087,48.542423248291016,26,2.6076462268829346,1.5579659938812256,0.5343793630599976,503.40608060433044,3301.6313837337048,45.08491123337763,3.2822583999815786,0.40002286434173584,0.39907383918762207,-7.74427604675293,1,12.080175399780273,0.000881034997291863,904.3161010742188,15.645877838134766,45.08491123337763,3.2822583999815786
1156.767333984375,138.659423828125,-7.658114910125732,0.13017667829990387,744.4923706054688,112.12457275390625,-7.179650783538818,0.16355745494365692,725.2095336914062,167.39735412597656,-7.151158809661865,0.2506772577762604,66.97348022460938,18,1.9622231721878052,1.4663472175598145,79.34081268310547,305.81939774179193,3225.777060551917,45.07939169587861,3.296651007784925,0.24949155747890472,0.24923273921012878,81.39099884033203,3,10.159127235412598,0.0007409100653603673,414.3999938964844,11.77333927154541,45.07939169587861,3.296651007784925
2629.8125,206.83038330078125,-8.549812316894531,0.08541209250688553,1447.52001953125,113.05050659179688,-7.901561260223389,0.08481599390506744,1641.222412109375,272.1613464355469,-8.037919044494629,0.18008968234062195,87.3636474609375,41,2.36501407623291,1.8418866395950317,65.41260528564453,1614.18162742367,2843.8922680537153,45.051298641244564,3.2013123068877984,0.19037365913391113,0.18999740481376648,74.30231475830078,3,10.750089645385742,0.0007841441547498107,2272.546142578125,14.190084457397461,45.051298641244564,3.2013123068877984
1226.8663330078125,130.53125,-7.7219929695129395,0.1155439168214798,925.0520629882812,112.29674530029297,-7.415415287017822,0.13183502852916718,984.9107055664062,136.87156677246094,-7.483492374420166,0.15091979503631592,64.82550811767578,19,1.4989187717437744,1.2726459503173828,-89.36784362792969,1457.5859175821602,4064.1448265396843,45.14054096359062,3.212733013474846,0.2399747222661972,0.23951181769371033,-38.02643966674805,0,8.261765480041504,0.0006026969058439136,745.716064453125,8.993513107299805,45.14054096359062,3.212733013474846
2091.244384765625,199.99803161621094,-8.30101203918457,0.10386058688163757,895.7496337890625,112.1300048828125,-7.380466461181641,0.13594555854797363,912.4166870117188,260.70269775390625,-7.400483131408691,0.3103002607822418,58.94386291503906,21,2.419942617416382,1.0388259887695312,70.88593292236328,483.14273660344065,3288.08621328506,45.08392351480109,3.2837343131309193,0.26433995366096497,0.2637787163257599,30.046688079833984,2,9.492618560791016,0.0006923165637999773,314.00079345703125,14.519655227661133,45.08392351480109,3.2837343131309193
1988.0701904296875,172.29966735839844,-8.246079444885254,0.09412013739347458,1343.527587890625,112.79600524902344,-7.820616245269775,0.09117525070905685,1593.2662353515625,170.27554321289062,-8.005721092224121,0.11606299132108688,75.58340454101562,31,2.318403720855713,1.3038197755813599,-43.49845504760742,219.70796035796147,3020.0854232545084,45.064360942944205,3.3029170305640183,0.2274867743253708,0.22676493227481842,-64.56809997558594,0,9.480591773986816,0.000691418768838048,669.1094970703125,13.910422325134277,45.064360942944205,3.3029170305640183
729.7225952148438,121.50493621826172,-7.157894611358643,0.18082810938358307,213.77708435058594,111.57552337646484,-5.8249030113220215,0.566810131072998,350.1492919921875,134.42784118652344,-6.36063289642334,0.4169325530529022,42.4370231628418,10,2.0991530418395996,0.9146930575370789,43.8736572265625,1874.683459629144,3261.321784435398,45.081793637220294,3.1823270609475705,0.3557637631893158,0.14951306581497192,45.280738830566406,0,8.288960456848145,0.000604683009441942,-566.7718505859375,12.594918251037598,45.0817936372203,3.1823270609475585
1637.6661376953125,144.39382934570312,-8.035563468933105,0.09575315564870834,1237.48828125,112.53849029541016,-7.731352806091309,0.09876198321580887,1375.7108154296875,157.31800842285156,-7.846317768096924,0.12418842315673828,87.4593505859375,25,1.710601568222046,1.4869686365127563,54.91305160522461,326.3114115805815,3266.952047660971,45.08239994361552,3.29515950378789,0.19860129058361053,0.19791680574417114,49.67979049682617,0,7.222289562225342,0.0005267264205031097,797.7822875976562,10.263608932495117,45.08239994361552,3.29515950378789
1354.798095703125,137.65362548828125,-7.829686641693115,0.11034251749515533,1144.2718505859375,112.3833999633789,-7.646323204040527,0.10666029155254364,1055.8892822265625,159.3795623779297,-7.559045791625977,0.16392457485198975,67.30465698242188,18,1.5375747680664062,1.0899319648742676,-54.58086395263672,1460.3969286712656,3062.6866169569066,45.067315437033514,3.212521313028726,0.18509380519390106,0.18466688692569733,-7.250878810882568,0,7.739779472351074,0.0005645584315061569,1245.7872314453125,9.225448608398438,45.067315437033514,3.212521313028726
1446.43212890625,170.79222106933594,-7.900744915008545,0.12823301553726196,684.0927124023438,111.92028045654297,-7.087787628173828,0.17767390608787537,650.2288208007812,137.44163513183594,-7.032665729522705,0.22955244779586792,57.416446685791016,14,1.7494763135910034,1.1219967603683472,-42.53963851928711,400.63297174301533,3079.9607941556606,45.068714698860994,3.2897389472848415,0.3698137700557709,0.36911630630493164,-13.966702461242676,0,8.381552696228027,0.0006112765986472368,427.7935485839844,10.496857643127441,45.068714698860994,3.289738947284842
1093.4005126953125,145.71815490722656,-7.596948146820068,0.14473187923431396,553.8356323242188,111.98401641845703,-6.858452320098877,0.21958616375923157,500.198486328125,189.96829223632812,-6.747856140136719,0.41244739294052124,51.52601623535156,16,2.1347594261169434,0.8991490006446838,81.9461898803711,1993.7579890587035,3081.498587490318,45.068632432950686,3.173647844135699,0.29332563281059265,0.2919590473175049,54.66306686401367,0,8.287626266479492,0.0006045878981240094,677.1686401367188,12.80855655670166,45.068632432950686,3.173647844135699
616.0704345703125,109.4745864868164,-6.974075794219971,0.19298021495342255,299.2958679199219,111.5018539428711,-6.19025182723999,0.4045862853527069,315.8252868652344,120.88845825195312,-6.248617172241211,0.41568827629089355,43.62023162841797,9,1.8370918035507202,0.8311574459075928,-35.0728759765625,1507.907467055366,3278.412375970308,45.08308430558058,3.209060671626771,0.5106942057609558,0.509778618812561,-53.130149841308594,0,7.384851455688477,0.0005386851844377816,-749.024658203125,11.022550582885742,45.08308430558058,3.209060671626771
1026.8572998046875,129.73452758789062,-7.528775215148926,0.13720668852329254,738.9137573242188,112.2057113647461,-7.171484470367432,0.16491155326366425,819.983154296875,134.8963165283203,-7.284512519836426,0.17865903675556183,56.232547760009766,11,1.7230052947998047,1.0978209972381592,-10.449501991271973,1872.000984583949,3283.0820413493175,45.08338503235736,3.1825225582161765,0.32518601417541504,0.32497069239616394,76.8183364868164,2,8.226699829101562,0.0006001419387757778,229.28298950195312,10.338031768798828,45.08338503235736,3.1825225582161765
6785.955078125,122.43724822998047,-9.57902717590332,0.01959441974759102,3907.29052734375,115.63749694824219,-8.979689598083496,0.03214051201939583,6219.2060546875,130.14659118652344,-9.48433780670166,0.02272624522447586,699.121826171875,29,3.66400408744812,0.434975802898407,66.3245849609375,1559.4944336081596,3267.474332099915,45.08227851186206,3.2053007689913735,0.09202887862920761,0.08812309056520462,66.52262115478516,0,7.546199798583984,0.0005504598957486451,4023.698974609375,21.984024047851562,45.08227851186206,3.205300768991374
881.4061889648438,130.16294860839844,-7.362940311431885,0.160376638174057,120.17813873291016,111.2416763305664,-5.199563503265381,1.0052449703216553,2.592623710632324,127.49002075195312,-1.034348726272583,53.403106689453125,35.7751579284668,9,2.121234655380249,0.8288701176643372,-36.94744110107422,115.94288989094332,3144.6657590021314,45.07348676409852,3.3104804135093087,0.4166816473007202,0.16456589102745056,-37.78092575073242,0,7.929265022277832,0.00057827407727018,-1039.36865234375,12.727407455444336,45.07348676409852,3.310480413509308
4173.12109375,262.0831604003906,-9.051152229309082,0.06820370256900787,1615.048828125,112.98807525634766,-8.020463943481445,0.07597605884075165,3208.37890625,249.85202026367188,-8.765713691711426,0.08457208424806595,70.63526916503906,43,3.2900936603546143,1.984206199645996,14.271140098571777,1155.147783562997,3078.6615173393247,45.0685204073289,3.234765653598473,0.28791752457618713,0.2872435748577118,36.500823974609375,2,15.323143005371094,0.0011176492553204298,1116.02978515625,19.740562438964844,45.06852040732889,3.234765653598485
618.2002563476562,109.84957885742188,-6.977822780609131,0.19297410547733307,454.59765625,111.77687072753906,-6.644067764282227,0.2670266330242157,463.5391845703125,120.03095245361328,-6.665215969085693,0.28121379017829895,44.62211227416992,9,1.8086354732513428,0.8569574952125549,-58.090797424316406,1929.7929128970875,4062.0140518983067,45.14033191930075,3.1783044484197234,0.473700612783432,0.47286728024482727,-46.926124572753906,0,7.440793514251709,0.0005428793374449015,-72.42304229736328,10.851812362670898,45.14033191930075,3.178304448419724
1755.46435546875,176.21034240722656,-8.110980033874512,0.1090107187628746,828.4402465820312,112.18116760253906,-7.295652866363525,0.14705796539783478,1371.7376708984375,176.49530029296875,-7.843177795410156,0.13973072171211243,56.15138244628906,20,2.0579171180725098,1.1261165142059326,-33.65568923950195,1001.2524340380301,3224.15002415342,45.079178745734396,3.24598232346075,0.4881373941898346,0.4865875840187073,-11.669432640075684,2,9.097769737243652,0.0006635679164901376,369.5511474609375,12.347502708435059,45.079178745734396,3.2459823234607383
4712.787109375,106.19574737548828,-9.183194160461426,0.02447141706943512,1861.602783203125,113.58463287353516,-8.174717903137207,0.0662616714835167,9688.4208984375,262.8524169921875,-9.965632438659668,0.02946380339562893,847.5010375976562,29,7.997034072875977,0.4018445909023285,-26.71048927307129,290.1794708552659,3115.3158224433228,45.07131566584875,3.29778664074934,0.1602237969636917,0.013093877583742142,-26.652185440063477,3,10.739081382751465,0.0007832066621631384,-6103.62646484375,47.98220443725586,45.07131566584875,3.29778664074934
1445.27685546875,162.35499572753906,-7.899877548217773,0.12199567258358002,923.1691284179688,112.3821792602539,-7.413203239440918,0.13220442831516266,944.1941528320312,156.1627960205078,-7.437653064727783,0.17961645126342773,77.58344268798828,22,1.8127626180648804,1.3727525472640991,12.356752395629883,1123.9669760358836,3187.831692821878,45.07650738399547,3.2370396187432613,0.28432849049568176,0.2835806906223297,34.966739654541016,0,7.497853755950928,0.0005468843155540526,302.7943115234375,10.876575469970703,45.07650738399547,3.2370396187432617
7096.77783203125,176.4054412841797,-9.627653121948242,0.02699482999742031,5791.61572265625,117.88877868652344,-9.406999588012695,0.022105613723397255,6535.55419921875,181.7411346435547,-9.538206100463867,0.030199561268091202,360.1544494628906,68,1.88889479637146,1.788151741027832,-58.2232780456543,725.6157435191574,4061.292138139097,45.14042733575159,3.266086462112241,0.04145391657948494,0.04118155315518379,88.00907897949219,0,3.9301533699035645,0.0002866553550120443,6256.55810546875,11.333368301391602,45.14042733575159,3.2660864621122405
8993.9326171875,259.7707214355469,-9.88487434387207,0.03136681392788887,4509.40771484375,116.46149444580078,-9.135298728942871,0.028047405183315277,-12189.12890625,282.03057861328125,99.0,99.0,155.90928649902344,115,3.495767831802368,2.406266212463379,-56.782196044921875,957.7764221280611,3769.7032409249487,45.11907601187554,3.2491609646689215,0.09323634952306747,0.06861279904842377,-51.507720947265625,3,11.757224082946777,0.0008575657848268747,-170095.6875,20.974607467651367,45.11907601187554,3.2491609646689215
1228.541259765625,154.3594970703125,-7.723474502563477,0.13644996285438538,787.2511596679688,112.43888854980469,-7.240283489227295,0.15510760247707367,535.3277587890625,114.8713150024414,-6.821549415588379,0.23303526639938354,44.14540481567383,10,2.591707468032837,0.47123056650161743,-30.349788665771484,1401.9262931771004,3246.890919827981,45.08079191998465,3.2167843680591375,0.3236309587955475,0.3222596049308777,-72.88746643066406,2,6.5970258712768555,0.00048120570136234164,-706.9485473632812,15.55024528503418,45.080791919984655,3.216784368059126
31897.927734375,225.37110900878906,-11.259406089782715,0.007673006970435381,26265.20703125,139.4105682373047,-11.048452377319336,0.005764275323599577,30861.228515625,218.9411163330078,-11.223532676696777,0.0077044907957315445,1666.84033203125,135,2.145967960357666,1.9610315561294556,45.29634475708008,1596.2432439080442,3187.9855730759487,45.07646195727772,3.202621898607807,0.011551220901310444,0.011376804672181606,-79.28174591064453,0,3.759408473968506,0.000274231075309217,31008.173828125,12.875807762145996,45.07646195727772,3.202621898607807
2393.649169921875,211.596923828125,-8.447650909423828,0.09600164741277695,1051.0191650390625,112.53482818603516,-7.5540266036987305,0.11628029495477676,1755.8946533203125,257.8150634765625,-8.111246109008789,0.1594555526971817,53.073177337646484,18,1.6545116901397705,1.3481296300888062,88.62142944335938,495.8978037724386,2825.3648946322473,45.050082123630325,3.2827910583852598,0.34339240193367004,0.3422674834728241,47.379093170166016,2,8.938406944274902,0.0006518938462249935,2041.760009765625,9.927070617675781,45.050082123630325,3.28279105838526
1025.275146484375,127.95552062988281,-7.527101039886475,0.13553404808044434,858.6499633789062,112.39273834228516,-7.334540367126465,0.14215165376663208,905.9119262695312,121.5421142578125,-7.392714977264404,0.14570371806621552,72.07917785644531,16,1.4089930057525635,1.0688624382019043,-39.26249694824219,531.063895064892,3238.9030600866126,45.08032021805557,3.280241478554679,0.25407543778419495,0.25404831767082214,76.55390930175781,0,6.599057197570801,0.00048128553316928446,365.08984375,8.453958511352539,45.08032021805557,3.2802414785546903
40482.83203125,241.77366638183594,-11.518177032470703,0.006485865451395512,32896.88671875,145.69174194335938,-11.292886734008789,0.004809611011296511,39186.875,233.67431640625,-11.4828519821167,0.006475900765508413,2073.880859375,155,2.186081647872925,2.094590425491333,28.71074676513672,1318.7394854142735,4056.847134637579,45.14002433625677,3.222854804752932,0.009958961978554726,0.009796957485377789,-78.80315399169922,0,3.737820625305176,0.00027266444521956146,40163.1640625,13.11648941040039,45.14002433625678,3.2228548047529206
1770.4222412109375,185.06541442871094,-8.120192527770996,0.1135215312242508,770.230712890625,112.0675277709961,-7.216552257537842,0.1580115407705307,811.583984375,152.8599853515625,-7.273333549499512,0.20454561710357666,51.901493072509766,16,1.9142241477966309,1.284287929534912,-40.99692153930664,904.9972953711741,3224.581642775063,45.079222775564475,3.2529960778399722,0.37916260957717896,0.3776421546936035,-58.74168014526367,0,9.38669204711914,0.0006846308242529631,38.048988342285156,11.485344886779785,45.079222775564475,3.252996077839972
2180.402587890625,180.48757934570312,-8.346342086791992,0.08989601582288742,1569.36669921875,113.19513702392578,-7.989311218261719,0.07833090424537659,1833.9925537109375,171.90382385253906,-8.158493995666504,0.10179296880960464,119.34669494628906,34,2.0071592330932617,1.5571471452713013,64.4412841796875,1647.1331797490632,3757.008991487624,45.118062559511614,3.198914390438965,0.19727499783039093,0.19675594568252563,-52.745933532714844,0,6.569523334503174,0.0004792528343386948,1503.6329345703125,12.04295539855957,45.118062559511614,3.198914390438965
16326.2626953125,477.3613586425781,-10.532217025756836,0.031753405928611755,3014.4833984375,114.89656829833984,-8.69803237915039,0.041392724961042404,14790.1826171875,472.3782653808594,-10.424933433532715,0.03468535840511322,98.2142105102539,225,5.228662014007568,4.411409378051758,54.292442321777344,1489.3975123280745,3148.3045427301186,45.07357271608547,3.2104086224049446,0.20921681821346283,0.20883646607398987,88.73600006103516,2,23.353639602661133,0.00170349411200732,11523.513671875,31.371971130371094,45.07357271608547,3.2104086224049446
603.4630737304688,106.9781265258789,-6.951626777648926,0.19251923263072968,355.34124755859375,111.78982543945312,-6.376614093780518,0.341653972864151,337.9035949707031,106.85784149169922,-6.321981906890869,0.34343409538269043,59.66544723510742,9,1.8455970287322998,0.6598941087722778,-17.603321075439453,303.7802185528907,3223.6204126721314,45.07923426605014,3.2967994920422146,0.2579798102378845,0.2570057511329651,-48.154197692871094,3,6.58774995803833,0.000480447692098096,-28.53801727294922,11.07358169555664,45.07923426605014,3.296799492042214
3202.6083984375,223.68382263183594,-8.76375961303711,0.07585086673498154,1695.43505859375,113.21414947509766,-8.073203086853027,0.07251859456300735,2485.805908203125,217.27923583984375,-8.488668441772461,0.09492505341768265,74.07611846923828,50,2.6545605659484863,1.8399734497070312,45.72782516479492,1317.0940080391604,2852.715841888183,45.0519781176899,3.2229615345056777,0.20905470848083496,0.20859406888484955,73.38162231445312,0,13.249422073364258,0.0009664049721322954,1430.8935546875,15.927363395690918,45.05197811768989,3.222961534505689
1025.2874755859375,124.82655334472656,-7.527113914489746,0.1322181671857834,774.9972534179688,112.11717987060547,-7.223250389099121,0.15710927546024323,1022.4432373046875,148.96815490722656,-7.524097919464111,0.15822826325893402,78.166259765625,16,1.7296364307403564,1.3092693090438843,-78.70633697509766,1560.0443150075523,3194.902710207932,45.07697189815516,3.205260212437803,0.30866849422454834,0.3076566755771637,-76.45270538330078,3,7.564934253692627,0.0005518225370906293,345.94317626953125,10.377819061279297,45.07697189815516,3.205260212437803
1729.4984130859375,163.47340393066406,-8.094799995422363,0.10264948010444641,1111.34326171875,112.47549438476562,-7.614620685577393,0.10991057753562927,1331.74951171875,195.65614318847656,-7.811056137084961,0.1595514565706253,75.41199493408203,21,2.1011035442352295,1.2489585876464844,38.414398193359375,737.3302870842487,3216.8136934919767,45.07867689009191,3.265212592045312,0.23509079217910767,0.23491306602954865,89.0106430053711,2,9.699745178222656,0.0007074456661939621,850.5693359375,12.606620788574219,45.07867689009191,3.265212592045312
2562.079833984375,199.74867248535156,-8.52148151397705,0.0846683457493782,1625.857177734375,113.26212310791016,-8.027706146240234,0.0756540447473526,1965.220458984375,187.09312438964844,-8.233528137207031,0.10338948667049408,82.32719421386719,40,2.2977592945098877,1.575405240058899,-77.1249771118164,1730.7204388378882,2833.1005820024143,45.05049667796951,3.192819283331162,0.20953990519046783,0.20896495878696442,-75.5078353881836,0,9.471325874328613,0.0006908814539201558,1389.9656982421875,13.786556243896484,45.05049667796952,3.19281928333115
17110.763671875,374.0068054199219,-10.583173751831055,0.023737771436572075,5376.197265625,117.66607666015625,-9.326188087463379,0.023768726736307144,14704.2255859375,371.03466796875,-10.41860580444336,0.02740325592458248,177.3168487548828,212,4.564971446990967,3.1002354621887207,-12.213769912719727,553.3101659931734,3107.56813586012,45.07071273457508,3.278616868045132,0.09523800760507584,0.0942874327301979,-17.748199462890625,3,14.266907691955566,0.0010405208449810743,12038.6669921875,27.389827728271484,45.07071273457508,3.2786168680451433
822.0101928710938,127.51266479492188,-7.2871928215026855,0.1684635430574417,517.7600708007812,111.89674377441406,-6.785321235656738,0.23470303416252136,475.04742431640625,213.74107360839844,-6.691842555999756,0.4886308014392853,34.47807312011719,9,1.403917670249939,0.8913038969039917,72.18051147460938,1780.759512642562,4061.0178230050947,45.14027513169836,3.1891713113157456,0.4045083820819855,0.40411287546157837,-85.09528350830078,2,6.678542613983154,0.0004872441932093352,756.4668579101562,8.423505783081055,45.14027513169836,3.1891713113157336
1263.4158935546875,158.39610290527344,-7.753865718841553,0.1361532360315323,612.3246459960938,111.92218780517578,-6.967454433441162,0.19850172102451324,708.8609008789062,192.04885864257812,-7.126402378082275,0.29422566294670105,50.399940490722656,9,1.5055103302001953,0.890893280506134,-7.6686248779296875,1105.860354551569,2909.4289708178676,45.05615105738138,3.2383540464459224,0.4514573812484741,0.4507152736186981,26.086973190307617,3,6.91695499420166,0.0005045043071731925,894.6033935546875,9.033061981201172,45.05615105738138,3.2383540464459224
623.7797241210938,110.78243255615234,-6.98757791519165,0.19287212193012238,492.7588806152344,111.86673736572266,-6.73158597946167,0.24654509127140045,528.0559692382812,107.09651184082031,-6.806699752807617,0.22025470435619354,40.2874641418457,9,1.251323938369751,0.9376587867736816,84.74725341796875,602.1851169246803,3222.5202331631936,45.07911243604243,3.2750593201849716,0.41042637825012207,0.4092525541782379,-77.22095489501953,0,6.464640140533447,0.0004714863607659936,194.5885009765625,7.507943630218506,45.07911243604243,3.275059320184971
5189.2119140625,236.532470703125,-9.287753105163574,0.04950159415602684,2975.1923828125,114.89351654052734,-8.68378734588623,0.04193824902176857,4366.63623046875,237.86683654785156,-9.100367546081543,0.05915844067931175,138.4609832763672,76,2.4153292179107666,2.405506134033203,-7.913687229156494,1786.7423197369974,3782.049411589254,45.11987775261522,3.188736530940347,0.12883074581623077,0.12873120605945587,16.977081298828125,0,8.321345329284668,0.0006070740637369454,3638.265869140625,14.491975784301758,45.11987775261522,3.188736530940347
1159.98291015625,140.3042755126953,-7.661128997802734,0.13135576248168945,901.7623901367188,112.18112182617188,-7.387730121612549,0.13510066270828247,853.749755859375,152.8970184326172,-7.32832670211792,0.1944904327392578,72.78339385986328,18,1.8936052322387695,1.3118476867675781,-43.35654830932617,1557.3777743373919,3192.69312910353,45.076810636172596,3.205454540192192,0.2592829167842865,0.25892195105552673,-76.41818237304688,3,8.762467384338379,0.0006391757633537054,103.58907318115234,11.361631393432617,45.076810636172596,3.205454540192192
8905.9189453125,71.7593002319336,-9.874197006225586,0.008750427514314651,3006.59033203125,114.84446716308594,-8.695185661315918,0.04148256778717041,-3781.3984375,49.624359130859375,99.0,99.0,3681.7529296875,10,1.4642150402069092,0.18955595791339874,89.09366607666016,950.1557954020798,3768.6300679980404,45.118998553546575,3.249716326260892,0.015499145723879337,0.005450977943837643,80.81027221679688,3,3.083841562271118,0.0002249335084343329,-22733.427734375,8.785289764404297,45.118998553546575,3.249716326260892
705.448486328125,120.05908966064453,-7.121163368225098,0.18482451140880585,148.42291259765625,111.27576446533203,-5.428752422332764,0.8141969442367554,158.0463104248047,115.50047302246094,-5.4969611167907715,0.7936503887176514,38.74537658691406,9,1.764068841934204,0.8244783282279968,-57.06850814819336,1499.0322437167642,2823.3283646915947,45.04980790003653,3.209703451987845,0.5135243535041809,0.5125842094421387,21.9586238861084,0,7.205818176269531,0.0005256027216091752,-16.069501876831055,10.584413528442383,45.04980790003653,3.209703451987845
4565.20849609375,84.55320739746094,-9.148651123046875,0.02011404000222683,3351.982666015625,115.0337142944336,-8.813254356384277,0.0372694656252861,4133.1767578125,79.25508117675781,-9.040709495544434,0.02082442305982113,633.4287719726562,19,3.009561061859131,0.228183776140213,0.9366030693054199,1335.0633414706056,2901.939731479576,45.05557557114947,3.221652810208915,0.05920292064547539,0.00818017590790987,3.3024144172668457,3,4.924898147583008,0.0003592215070966631,1019.0101928710938,18.05736541748047,45.05557557114947,3.2216528102089144
112649.125,308.01702880859375,-12.629319190979004,0.002969454973936081,92010.078125,192.61572265625,-12.409588813781738,0.002273453865200281,109865.0546875,274.4230041503906,-12.60214900970459,0.0027126313652843237,5697.25146484375,227,2.248586893081665,2.138350486755371,68.55895233154297,1707.696537257715,3216.279935331707,45.07851833015962,3.194498749955927,0.004807659890502691,0.004674828145653009,-83.61016082763672,0,3.8133654594421387,0.00027817441150546074,112692.921875,13.491521835327148,45.07851833015962,3.194498749955927
1155.64111328125,137.9227294921875,-7.657057285308838,0.12961123883724213,628.667236328125,111.89778900146484,-6.996052265167236,0.19329939782619476,678.1513061523438,146.1515655517578,-7.078316688537598,0.23404894769191742,72.24980926513672,18,1.8200156688690186,1.2234530448913574,36.18943786621094,127.19697091191024,3241.9964852544367,45.08060326206151,3.3096641835727625,0.20422962307929993,0.203582301735878,79.15113067626953,0,8.930756568908691,0.0006513122352771461,145.43934631347656,10.920093536376953,45.08060326206151,3.3096641835727505
703.7969360351562,118.32412719726562,-7.118618488311768,0.1825810819864273,185.9244384765625,111.2767562866211,-5.673341274261475,0.6499767303466797,306.35986328125,138.88978576660156,-6.215579509735107,0.49234357476234436,50.86581802368164,10,1.5579527616500854,1.3022876977920532,77.21409606933594,209.5844814245708,3203.819919515632,45.0777995596783,3.3036609858602928,0.22827951610088348,0.20354048907756805,71.4690933227539,0,8.522271156311035,0.0006215277826413512,-246.89859008789062,9.347716331481934,45.0777995596783,3.3036609858602928
1030.2965087890625,139.01864624023438,-7.532405376434326,0.1465347558259964,165.62619018554688,111.42919921875,-5.54782247543335,0.7306339144706726,179.23960876464844,135.1710205078125,-5.633584976196289,0.8189915418624878,32.57681655883789,10,2.2932193279266357,0.8034811019897461,-45.091636657714844,158.58919896898425,2844.5376820673882,45.05153035575611,3.307362948063086,0.4579494893550873,0.4561377465724945,-79.9544677734375,0,8.11866569519043,0.0005920923431403935,-1003.7710571289062,13.759315490722656,45.05153035575611,3.307362948063086
2049.7314453125,178.13941955566406,-8.279242515563965,0.09438280761241913,1357.03662109375,113.03016662597656,-7.831479072570801,0.09045501053333282,1343.451171875,171.52023315429688,-7.820554733276367,0.13865108788013458,74.42440795898438,32,2.0589303970336914,1.4674582481384277,31.018272399902344,1603.1780786250742,3211.5507896302897,45.07818429488582,3.202116600810504,0.18757674098014832,0.1871478408575058,79.54756164550781,0,8.483802795410156,0.0006188557017594576,804.4920043945312,12.353582382202148,45.07818429488582,3.2021166008105046
3675.052978515625,200.16818237304688,-8.913159370422363,0.05915088951587677,2439.582275390625,114.35202026367188,-8.46828842163086,0.050904739648103714,3026.13525390625,198.6834716796875,-8.702220916748047,0.07130225002765656,146.20550537109375,54,2.234339952468872,1.8191349506378174,-21.266508102416992,1872.9805804123816,3115.723244381525,45.07114756020159,3.1824513601437556,0.12970177829265594,0.12951792776584625,62.42164993286133,0,7.38266134262085,0.000538557767868042,2167.781982421875,13.40604019165039,45.07114756020159,3.1824513601437556
6546.265625,104.47330474853516,-9.539983749389648,0.017331715673208237,3883.1904296875,115.56690216064453,-8.97297191619873,0.03232024237513542,6334.91259765625,116.28240966796875,-9.504351615905762,0.019934402778744698,504.4356384277344,19,2.319662570953369,0.45801079273223877,4.243041038513184,526.4991566554664,3744.2061168684786,45.11727077850161,3.2805886983395913,0.08829493820667267,0.08346554636955261,6.33687162399292,2,6.147770404815674,0.0004483783559408039,5415.890625,13.917975425720215,45.117270778501606,3.280588698339603
1668.408203125,157.07537841796875,-8.055755615234375,0.10224348306655884,1162.4110107421875,112.49266815185547,-7.6633992195129395,0.10509796440601349,1133.3367919921875,153.9442596435547,-7.635897636413574,0.14751437306404114,72.74122619628906,26,1.6230167150497437,1.5271451473236084,-7.225307941436768,988.7318360144635,3760.692807319419,45.1184131017211,3.2469048004064858,0.19692887365818024,0.19623398780822754,24.795841217041016,0,7.519549369812012,0.0005484751309268177,706.601806640625,9.738100051879883,45.1184131017211,3.2469048004064853
617859.9375,418.64251708984375,-14.477225303649902,0.0007358395378105342,607040.5,418.762451171875,-14.458044052124023,0.0007491690921597183,607763.6875,405.8217468261719,-14.45933723449707,0.0007251542410813272,544513.1875,35,0.896078884601593,0.10357098281383514,89.33953857421875,950.0019368050923,3146.226269724889,45.07348712277949,3.2497151475569046,0.0005159967695362866,0.0004056269535794854,89.51214599609375,6,0.0,0.0,611989.6875,5.376473426818848,45.07348712277948,3.249715147556917
1571.5445556640625,168.58558654785156,-7.990816593170166,0.11649936437606812,1098.684326171875,112.67913818359375,-7.602182388305664,0.1113782525062561,1132.975341796875,165.50711059570312,-7.6355509757995605,0.1586448699235916,51.771934509277344,24,2.0339767932891846,1.3924225568771362,25.81218719482422,687.7436589677669,3202.7588627476703,45.07765574858263,3.2688251120483107,0.2652789056301117,0.2647169530391693,44.91519546508789,0,10.07872486114502,0.000735080917365849,-13.313175201416016,12.203861236572266,45.07765574858263,3.2688251120483107
2733.827880859375,171.4001007080078,-8.591927528381348,0.0680878683924675,1953.0740966796875,113.51930236816406,-8.226797103881836,0.06312201172113419,2240.015869140625,176.45823669433594,-8.375627517700195,0.08555012941360474,125.67250061035156,40,2.030250072479248,1.5881068706512451,74.41191864013672,740.0301783476078,2860.6351198361813,45.05262930240018,3.265006781461698,0.13129618763923645,0.1304294466972351,63.166954040527344,1,6.596391677856445,0.0004810990940313786,2138.840087890625,12.181500434875488,45.05262930240018,3.2650067814616985
682.655517578125,115.07583618164062,-7.085504055023193,0.18306796252727509,431.610595703125,112.10128784179688,-6.587730407714844,0.28206443786621094,411.487060546875,177.15878295898438,-6.535890579223633,0.467558890581131,54.03131103515625,10,1.3122152090072632,1.1453509330749512,1.1630960702896118,26.780292850324017,3094.8143114269415,45.06985361263921,3.316973584792344,0.4770936369895935,0.476022332906723,-46.68565368652344,0,7.32613468170166,0.0005342850927263498,421.7611083984375,7.873291015625,45.06985361263921,3.3169735847923443
801.4796142578125,122.91183471679688,-7.259731292724609,0.16654479503631592,591.2024536132812,112.02880859375,-6.929340362548828,0.20578955113887787,601.6298217773438,117.07151794433594,-6.9483232498168945,0.21132540702819824,57.688758850097656,9,1.9750460386276245,0.6381868124008179,19.689571380615234,597.563242015257,3141.749381595925,45.07320639590442,3.27539378033112,0.44783681631088257,0.44622963666915894,10.917062759399414,2,6.703135967254639,0.000488879217300564,-61.222503662109375,11.850275993347168,45.07320639590442,3.27539378033112
1025.2120361328125,124.9615478515625,-7.527034282684326,0.13237090408802032,808.4647827148438,112.06938934326172,-7.269152641296387,0.15054132044315338,955.1871337890625,143.00225830078125,-7.450221061706543,0.16258642077445984,73.92937469482422,16,1.4431935548782349,1.143838882446289,88.41654968261719,927.0300697559381,3013.2861690817813,45.063768520691866,3.2513860890011426,0.2932826280593872,0.29237988591194153,68.47264099121094,2,5.255411148071289,0.0003833077207673341,814.0360107421875,8.659161567687988,45.063768520691866,3.2513860890011426
1539.823486328125,174.69996643066406,-7.968677520751953,0.12321162968873978,372.2855529785156,111.63384246826172,-6.42719030380249,0.32564881443977356,410.8414306640625,124.9982681274414,-6.534185409545898,0.33041486144065857,56.55413818359375,9,2.158655881881714,0.7377128601074219,41.58130645751953,23.20968325955874,3128.7295689422826,45.07233454651558,3.3172349877223875,0.4837753176689148,0.4830644726753235,-2.1995904445648193,0,7.543130874633789,0.0005501097766682506,-560.9934692382812,12.951934814453125,45.07233454651557,3.3172349877223986
1569.510986328125,177.37374877929688,-7.989410877227783,0.12273114919662476,770.8499145507812,112.15613555908203,-7.217424392700195,0.15800943970680237,756.4077758789062,213.3413848876953,-7.196889877319336,0.30630138516426086,48.17738723754883,12,1.863644003868103,0.5856420993804932,21.902252197265625,53.10066379906239,3142.799214195051,45.073359244140484,3.3150581275160755,0.30801063776016235,0.3070518672466278,-38.291561126708984,2,6.232192039489746,0.00045450590550899506,979.1825561523438,11.181863784790039,45.073359244140484,3.3150581275160755
934.2364501953125,137.08119201660156,-7.42614221572876,0.15934956073760986,505.5587158203125,111.97010803222656,-6.759428977966309,0.2405250519514084,413.4973449707031,130.77777099609375,-6.541182041168213,0.3434717655181885,50.353294372558594,13,1.3994277715682983,1.2505418062210083,-8.34957504272461,846.1161169744148,2986.6023192378825,45.06182760148653,3.2572808626747265,0.324645459651947,0.32419633865356445,-58.43386459350586,0,7.17170524597168,0.0005230677779763937,260.4309997558594,8.396566390991211,45.06182760148653,3.257280862674727
10645.24609375,95.57173919677734,-10.067889213562012,0.009749977849423885,9919.4453125,122.50013732910156,-9.991218566894531,0.013411551713943481,10411.26171875,110.243896484375,-10.043758392333984,0.011499554850161076,3250.137451171875,22,1.6312495470046997,0.6279758214950562,-12.46263599395752,957.8646947436503,3164.2008094785206,45.0748005180834,3.249142606586481,0.010441002435982227,0.009250481612980366,-63.456016540527344,2,2.906846761703491,0.00021201578783802688,-9747.494140625,9.787497520446777,45.0748005180834,3.2491426065864926
3290.764404296875,237.2108612060547,-8.793241500854492,0.07828302681446075,1558.680908203125,113.1389389038086,-7.981893062591553,0.07882875949144363,2680.07763671875,217.9648895263672,-8.570368766784668,0.08832202106714249,66.49723052978516,44,2.295877695083618,2.159552812576294,-15.393417358398438,908.4250388553531,3144.884915649155,45.07339441548839,3.2527445737565785,0.2666468918323517,0.2663290202617645,60.29474639892578,2,13.349355697631836,0.0009736494976095855,1924.739990234375,13.775266647338867,45.07339441548839,3.2527445737565785
1517.3316650390625,117.5373764038086,-7.952701091766357,0.08412504196166992,1417.5662841796875,112.75314331054688,-7.87885856628418,0.08638037741184235,1463.6015625,125.1440200805664,-7.913557052612305,0.09285751730203629,121.23926544189453,21,1.4630732536315918,1.0784852504730225,70.45577239990234,1037.3812296974563,3157.4376663349794,45.07429576877032,3.2433484246957054,0.13221874833106995,0.1320265680551529,-3.183000087738037,0,5.0515947341918945,0.00036845114664174616,1415.8446044921875,8.77843952178955,45.07429576877031,3.2433484246957174
16150.4287109375,100.81403350830078,-10.52046012878418,0.0067790173925459385,-13024.12890625,111.05217742919922,99.0,99.0,-14136.1455078125,132.2281951904297,99.0,99.0,6010.84375,21,2.040680170059204,0.8857433795928955,64.82884216308594,949.9987232204364,3164.542088475761,45.074826489745774,3.249715767080075,0.018672514706850052,0.006570114754140377,61.5655403137207,3,3.178868055343628,0.00023185585450846702,-35590.015625,12.244081497192383,45.07482648974577,3.2497157670800867
1758.013671875,176.78456115722656,-8.112555503845215,0.10920736193656921,947.5823364257812,112.63019561767578,-7.441542625427246,0.1290826052427292,1126.595947265625,197.3955535888672,-7.629420280456543,0.19028256833553314,70.12151336669922,17,1.4671093225479126,1.2078945636749268,-66.90387725830078,1450.4913206093481,3077.882491571819,45.06842777645946,3.2132433458114993,0.2476149946451187,0.24714575707912445,64.30928802490234,2,6.573802471160889,0.00047950894804671407,1361.0604248046875,8.802656173706055,45.06842777645946,3.2132433458114993
910.7008056640625,127.03206634521484,-7.398439407348633,0.15148425102233887,570.1992797851562,111.82760620117188,-6.890066623687744,0.212986558675766,584.6934204101562,115.99540710449219,-6.917320728302002,0.21544797718524933,52.320743560791016,14,1.4150720834732056,1.0120670795440674,84.8942642211914,60.69751379000272,3174.4793645828463,45.075675068514045,3.3145059366748013,0.2707076966762543,0.27019140124320984,89.37548065185547,0,5.958817958831787,0.0004345690831542015,-37.32643127441406,8.490432739257812,45.075675068514045,3.314505936674801
14350.4775390625,255.9796142578125,-10.392166137695312,0.019371749833226204,8803.01953125,121.31084442138672,-9.861578941345215,0.014965726062655449,13415.1923828125,270.27264404296875,-10.318992614746094,0.02187938056886196,356.50701904296875,132,2.818851947784424,2.3611645698547363,-17.284135818481445,545.9810081898529,3055.784477318662,45.06692674913743,3.2791493124467075,0.043655283749103546,0.0433858223259449,-48.866458892822266,0,5.524621963500977,0.00040292361518368125,13986.904296875,16.91311264038086,45.06692674913742,3.2791493124467186
2121.776611328125,188.19093322753906,-8.316749572753906,0.09632274508476257,1247.431884765625,112.68155670166016,-7.740042209625244,0.09809928387403488,2017.888916015625,208.304443359375,-8.262243270874023,0.1121065765619278,71.82649993896484,28,2.9370408058166504,1.5256999731063843,-64.90110778808594,1593.3487457020738,3120.8795495499307,45.07155535016615,3.2028324424066836,0.3534267246723175,0.35249170660972595,-77.10906219482422,2,12.689041137695312,0.00092559854965657,303.8618469238281,17.62224578857422,45.07155535016614,3.2028324424066956
13323.80859375,84.53173065185547,-10.31157112121582,0.006890031509101391,10264.453125,122.7574234008789,-10.028339385986328,0.012987984344363213,5530.51318359375,78.51181030273438,-9.356913566589355,0.01541698258370161,5419.39306640625,13,1.5109919309616089,0.30009859800338745,-86.74241638183594,950.0005350247052,3155.0123926205415,45.07412961947677,3.2497154346643544,0.0042959232814610004,0.004231296479701996,89.08032989501953,3,3.98089337348938,0.0002903527347370982,-20243.033203125,9.065951347351074,45.07412961947677,3.2497154346643544
1122.3331298828125,143.88467407226562,-7.625304222106934,0.13922671973705292,806.9985961914062,112.111572265625,-7.267181873321533,0.15087160468101501,774.2620239257812,137.56275939941406,-7.222219944000244,0.1929491013288498,50.52726745605469,17,1.731360912322998,1.1020344495773315,65.85606384277344,1535.5856912721235,3149.3053757762295,45.07364053920333,3.2070424559790323,0.31934595108032227,0.318889856338501,-80.02013397216797,0,8.2626953125,0.0006027147173881531,547.0057983398438,10.388165473937988,45.07364053920333,3.2070424559790323
780.1417846679688,117.45117950439453,-7.230433940887451,0.16349846124649048,688.41064453125,112.145263671875,-7.094618797302246,0.17691439390182495,750.463134765625,134.8271026611328,-7.188323497772217,0.19510915875434875,56.04422378540039,12,1.781795859336853,1.0946860313415527,45.35720443725586,125.00429510812832,3119.4785747163746,45.07164342374817,3.309819394936286,0.33420488238334656,0.33355221152305603,71.94596862792969,0,8.354848861694336,0.0006093125557526946,294.3669128417969,10.690774917602539,45.07164342374817,3.3098193949362864
987.28466796875,140.22950744628906,-7.486105918884277,0.1542505919933319,572.5916137695312,111.9625244140625,-6.8946123123168945,0.21235257387161255,641.7153930664062,145.27296447753906,-7.0183563232421875,0.24585109949111938,46.63334655761719,14,1.5070164203643799,1.433104157447815,32.14762878417969,998.3198733017281,3096.4034727163503,45.069837555489684,3.246193458635364,0.4503554105758667,0.45006832480430603,57.156593322753906,0,8.794534683227539,0.0006414459785446525,235.53973388671875,9.042098999023438,45.06983755548968,3.2461934586353767
1542.1380615234375,149.6953582763672,-7.970308303833008,0.10541803389787674,1227.082763671875,112.52606964111328,-7.722184658050537,0.09958849102258682,1367.88427734375,158.09210205078125,-7.840123176574707,0.12551355361938477,115.67064666748047,24,1.621954321861267,1.1591031551361084,63.727020263671875,107.02845701431113,3015.802335984306,45.0640635412014,3.311125017664024,0.20156054198741913,0.20093934237957,56.840450286865234,0,5.412798881530762,0.0003947512595914304,961.7627563476562,9.731725692749023,45.0640635412014,3.3111250176640357
2147.459228515625,141.62417602539062,-8.329812049865723,0.07162131369113922,1815.4632568359375,113.39985656738281,-8.147468566894531,0.06783515959978104,1780.0748291015625,146.3213653564453,-8.12609577178955,0.08926872164011002,122.72750091552734,30,1.5586906671524048,1.3672596216201782,84.5362777709961,1212.3419066564506,2839.503963884785,45.05102452495842,3.2305941905430466,0.12105274200439453,0.12074092030525208,87.71005249023438,0,4.9857306480407715,0.00036365006235428154,1076.8355712890625,9.352144241333008,45.05102452495842,3.2305941905430586
895.1167602539062,130.7035369873047,-7.379699230194092,0.15857601165771484,443.9331359863281,112.07210540771484,-6.618293762207031,0.2741636037826538,604.922119140625,163.57958984375,-6.954248428344727,0.2936699390411377,32.07096481323242,9,1.313023328781128,0.9625532627105713,44.476322174072266,668.6503414709845,3669.136030116549,45.111761763306234,3.27022844913602,0.5762425065040588,0.5755988955497742,56.48159408569336,1,6.712287902832031,0.0004895611782558262,506.7924499511719,7.878139972686768,45.111761763306234,3.27022844913602
5391.3203125,88.96128845214844,-9.329237937927246,0.017919907346367836,4846.54052734375,117.06010437011719,-9.213580131530762,0.026230517774820328,5205.6328125,101.30764770507812,-9.291183471679688,0.021134817972779274,699.2658081054688,18,2.2472150325775146,0.4276110827922821,-67.40812683105469,1831.6275403881525,3118.7772883389353,45.07137528512434,3.185465540262534,0.04641376808285713,0.04313398525118828,-66.06930541992188,0,5.842687606811523,0.0004262145084794611,4316.580078125,13.48328971862793,45.07137528512434,3.185465540262534
2312.017333984375,195.4124755859375,-8.409977912902832,0.09178908169269562,1392.022216796875,112.98457336425781,-7.8591156005859375,0.08814603835344315,1618.8720703125,182.84768676757812,-8.023031234741211,0.12266107648611069,65.28512573242188,36,2.5071871280670166,1.4172046184539795,-19.9132080078125,839.7398070570794,2864.5534063968444,45.05290293837574,3.2577425408922194,0.23308436572551727,0.23229488730430603,-24.894264221191406,0,11.294656753540039,0.0008237707079388201,303.61798095703125,15.043123245239258,45.05290293837574,3.2577425408922194
958.0496826171875,136.49830627441406,-7.453470230102539,0.15472805500030518,390.5959777832031,111.83216094970703,-6.4793195724487305,0.3109343945980072,580.805419921875,152.65711975097656,-6.91007661819458,0.28544092178344727,40.99777603149414,9,1.9521491527557373,0.5861008167266846,88.72631072998047,476.91713532336337,3011.1782970705644,45.06367399777975,3.284179428690792,0.6475098729133606,0.6445298790931702,66.04103088378906,2,6.382838726043701,0.0004655115189962089,7.129247665405273,11.712894439697266,45.06367399777975,3.2841794286907917
583.3974609375,100.99270629882812,-6.914911270141602,0.18799889087677002,465.20709228515625,111.70146942138672,-6.669116020202637,0.2607608437538147,317.3020324707031,150.80093383789062,-6.2536821365356445,0.5161322355270386,54.17129135131836,9,1.4374703168869019,0.838288426399231,64.19441223144531,1473.0313892326067,2856.6123885185307,45.05224481245777,3.211598509651274,0.30129384994506836,0.30067557096481323,57.7940673828125,1,6.552411079406738,0.0004779414157383144,473.04852294921875,8.624821662902832,45.05224481245777,3.2115985096512736
60849.51953125,413.843017578125,-11.96064281463623,0.007385983131825924,22974.59375,136.13198852539062,-10.903120040893555,0.006434905808418989,59313.7265625,431.9550476074219,-11.93288803100586,0.00790884718298912,712.6859130859375,427,5.480186462402344,3.2940614223480225,-88.27885437011719,529.3565395456608,3111.4897313732413,45.0710027848922,3.2803621058156804,0.02759333699941635,0.026501743122935295,74.96826934814453,2,10.356535911560059,0.0007553256582468748,56156.109375,32.88111877441406,45.0710027848922,3.2803621058156804
23505.876953125,216.180419921875,-10.92794132232666,0.00998779758810997,19198.740234375,132.5412139892578,-10.708181381225586,0.007497354410588741,22794.357421875,216.22650146484375,-10.89456844329834,0.010301759466528893,1167.80029296875,123,2.1688218116760254,1.9401235580444336,36.58477020263672,1522.1402075972653,3147.4568448574946,45.07350692463043,3.2080223488282678,0.01521716546267271,0.015042169019579887,-79.091064453125,0,3.7825968265533447,0.0002759172930382192,22985.3671875,13.012930870056152,45.07350692463043,3.208022348828256
2467.900390625,162.03024291992188,-8.480818748474121,0.07130143791437149,1951.5650634765625,113.60425567626953,-8.225957870483398,0.06321809440851212,2471.23388671875,168.06101989746094,-8.482284545898438,0.07385551929473877,97.52040100097656,36,1.9892691373825073,1.4617127180099487,9.21703815460205,1359.797936622999,3118.1145845848105,45.07138044348058,3.2198530976128645,0.1594422608613968,0.1588321030139923,9.788386344909668,0,7.392685413360596,0.00053923309314996,1995.267333984375,11.935614585876465,45.07138044348058,3.2198530976128645
619.8763427734375,110.13702392578125,-6.980762481689453,0.19295591115951538,336.45458984375,111.63485717773438,-6.317316055297852,0.36033228039741516,254.84426879882812,103.23526000976562,-6.015686988830566,0.43992942571640015,47.907432556152344,9,1.3127200603485107,0.8395894765853882,59.195220947265625,540.6263121967279,2923.7639060726974,45.05727249326408,3.279535538959611,0.33305901288986206,0.33185094594955444,20.730588912963867,0,6.263106346130371,0.000456781912362203,221.19688415527344,7.8763203620910645,45.05727249326408,3.279535538959611
10986.6455078125,91.11821746826172,-10.10216236114502,0.009006788022816181,590.5907592773438,111.76398468017578,-6.928216457366943,0.20551572740077972,-830.273193359375,52.04646682739258,99.0,99.0,2628.94873046875,9,1.5461714267730713,0.20617422461509705,89.80450439453125,950.0271996747792,3038.78582645738,45.065630312592944,3.2497110306018273,0.015401532873511314,0.007852040231227875,85.2287826538086,0,3.3159213066101074,0.00024185054644476622,-32931.71484375,9.277029037475586,45.065630312592944,3.2497110306018273
1114.9984130859375,142.3111114501953,-7.618185520172119,0.13860994577407837,664.7640991210938,112.20476531982422,-7.056668758392334,0.18330468237400055,912.1677856445312,251.0790252685547,-7.400187015533447,0.29892727732658386,58.38913345336914,17,2.4758307933807373,1.345967411994934,63.868682861328125,503.9376015014759,4056.6937072698684,45.14012236571457,3.2822414153222095,0.408968985080719,0.40783828496932983,56.41128921508789,2,10.936663627624512,0.0007976568304002285,634.0543823242188,14.854984283447266,45.14012236571457,3.2822414153222095
5226.80126953125,229.71409606933594,-9.2955904006958,0.04772890731692314,3055.664306640625,114.9018325805664,-8.712763786315918,0.040836747735738754,4731.72705078125,225.8644561767578,-9.187549591064453,0.05183916911482811,144.685546875,75,2.458770513534546,2.123723268508911,48.52931213378906,745.5141952310585,3121.864107122097,45.071732356052316,3.264613905537419,0.13160400092601776,0.13136593997478485,34.42000961303711,0,7.942590236663818,0.0005792872398160398,3932.20751953125,14.752622604370117,45.071732356052316,3.2646139055374306
1374.10009765625,157.4811248779297,-7.845046043395996,0.12446290999650955,988.5689086914062,112.37266540527344,-7.487517356872559,0.12344785779714584,1092.969482421875,144.84185791015625,-7.596519947052002,0.1439182460308075,56.733314514160156,21,1.7482320070266724,1.2582364082336426,-85.38887023925781,1847.669013264743,3128.6080417167054,45.072092405892604,3.1842962986814167,0.30536508560180664,0.3049201965332031,-61.71718215942383,2,8.621087074279785,0.0006288972217589617,542.1318969726562,10.489392280578613,45.072092405892604,3.1842962986814167
2977.141357421875,158.4499053955078,-8.68449878692627,0.05779926851391792,2473.81396484375,114.17672729492188,-8.483417510986328,0.05012338235974312,2947.62841796875,165.49142456054688,-8.67368221282959,0.06097229942679405,126.61528015136719,40,1.8652280569076538,1.5438038110733032,72.17037963867188,125.74588627345042,2974.355294263102,45.06102958876658,3.309760044752053,0.1227622926235199,0.12221615761518478,68.72775268554688,0,6.159324645996094,0.0004491958243306726,2321.072265625,11.191368103027344,45.06102958876658,3.309760044752053
3593.1171875,206.45535278320312,-8.888678550720215,0.06240000203251839,2126.652587890625,113.8110122680664,-8.319241523742676,0.058118920773267746,2606.970458984375,180.86900329589844,-8.540340423583984,0.07534559071063995,85.80261993408203,43,2.3708581924438477,1.434737205505371,-43.483699798583984,1562.3261253727203,3065.527796221672,45.067511410726205,3.2050929929009007,0.1666749119758606,0.1658180207014084,-42.92890548706055,0,8.952347755432129,0.0006530189421027899,1920.585205078125,14.225149154663086,45.067511410726205,3.2050929929009007
5118.43310546875,240.68556213378906,-9.272842407226562,0.0510672926902771,2777.524169921875,114.57633972167969,-8.60914421081543,0.04479885473847389,4453.9013671875,230.55685424804688,-9.121851921081543,0.056216947734355927,116.22196960449219,76,2.6561508178710938,2.0844838619232178,-48.28527069091797,672.4851368167249,2937.8427402726998,45.05828453447277,3.269929722970913,0.14795874059200287,0.147133931517601,-46.44710922241211,0,8.994790077209473,0.0006560191977769136,3870.357421875,15.936904907226562,45.05828453447277,3.2699297229709128
1490.266845703125,142.11216735839844,-7.933160305023193,0.10356119275093079,1076.912841796875,112.56571960449219,-7.580451488494873,0.11351557075977325,1085.3917236328125,180.41961669921875,-7.588966369628906,0.18052072823047638,91.35623931884766,23,1.6987996101379395,1.3222302198410034,48.509666442871094,1071.1038423852042,2979.683226320336,45.061292935305666,3.240887834005973,0.18113476037979126,0.18013976514339447,-14.207588195800781,0,8.97002124786377,0.000654248520731926,958.4744873046875,10.192797660827637,45.061292935305666,3.240887834005973
3610.532470703125,172.2411346435547,-8.893928527832031,0.05180783569812775,2752.46728515625,114.46094512939453,-8.599305152893066,0.04516114667057991,3083.08203125,174.29537963867188,-8.72246265411377,0.06139466166496277,157.683837890625,48,1.816329836845398,1.7680736780166626,-49.239803314208984,93.69478266015511,3707.762058901691,45.114668646754495,3.312122181344841,0.09613866358995438,0.09584953635931015,77.829833984375,0,5.750931739807129,0.0004194080538582057,2949.407958984375,10.897978782653809,45.114668646754495,3.312122181344841
2827.255859375,216.63516235351562,-8.628413200378418,0.08321347832679749,1473.38427734375,113.03765869140625,-7.920790195465088,0.08331763744354248,1927.5423583984375,169.08877563476562,-8.212510108947754,0.09526660293340683,87.02326965332031,34,2.066279649734497,1.4704188108444214,52.48179626464844,186.49068438372723,3669.414697307197,45.11185086581015,3.3053599910090186,0.22502131760120392,0.22438909113407135,61.12516403198242,0,7.546743392944336,0.0005503810243681073,734.2562255859375,12.39767837524414,45.11185086581015,3.3053599910090186
7904.75244140625,178.95449829101562,-9.744720458984375,0.024585790932178497,6423.89501953125,118.81419372558594,-9.519495964050293,0.020086288452148438,7453.390625,183.0917205810547,-9.68088436126709,0.02667747065424919,392.0792541503906,72,1.9023865461349487,1.7686997652053833,88.77888488769531,339.51323676604653,2866.2765082228457,45.05309539542075,3.2941844779734932,0.03892882168292999,0.038765132427215576,78.38797760009766,0,3.7978553771972656,0.00027698048506863415,6955.24072265625,11.414319038391113,45.05309539542075,3.2941844779734932
88455.6875,289.91827392578125,-12.366814613342285,0.003559423377737403,73160.2109375,179.10365295410156,-12.160687446594238,0.002658638870343566,85894.4921875,255.77944946289062,-12.33491325378418,0.0032339266035705805,4423.71826171875,209,2.1564083099365234,2.1343414783477783,8.301074028015137,666.8540971954192,2858.467307163856,45.05248034996532,3.270337819976911,0.005520371720194817,0.0053891814313828945,-88.77523803710938,0,3.74584698677063,0.0002731961430981755,88059.328125,12.93844985961914,45.05248034996532,3.270337819976911
10746.5263671875,280.7164306640625,-10.078169822692871,0.02836805395781994,5627.0205078125,117.86841583251953,-9.375696182250977,0.022748291492462158,10346.94140625,298.68896484375,-10.037030220031738,0.03134996071457863,233.15377807617188,136,3.811861515045166,2.3506619930267334,-86.81754302978516,521.9335875706577,3069.143460836513,45.06790697561545,3.2809016375354285,0.07953711599111557,0.07890907675027847,87.06025695800781,3,9.04102897644043,0.0006593817379325628,9793.5771484375,22.871170043945312,45.06790697561546,3.2809016375354165
899.867431640625,122.3935317993164,-7.385446548461914,0.1477099508047104,738.70947265625,112.24935150146484,-7.171184062957764,0.16502130031585693,716.6677856445312,119.28599548339844,-7.138294696807861,0.18075960874557495,56.309104919433594,14,1.4022862911224365,1.0808101892471313,2.4733965396881104,488.8837148121452,3052.49297101102,45.06669380333857,3.2833089039620424,0.26085329055786133,0.26031431555747986,-7.476308345794678,0,7.357206344604492,0.0005365748074837029,504.08453369140625,8.413717269897461,45.06669380333857,3.2833089039620424
2372.668701171875,154.45370483398438,-8.438093185424805,0.07069538533687592,1848.306640625,113.48214721679688,-8.166934967041016,0.06667812168598175,2220.461669921875,161.88607788085938,-8.366107940673828,0.07917645573616028,129.76904296875,34,2.0012991428375244,1.3601001501083374,-2.6330699920654297,339.04334447664075,2959.7633084286053,45.05993270429846,3.294221784842893,0.13974137604236603,0.13903290033340454,-19.051502227783203,0,7.0499587059021,0.0005141585716046393,1557.295654296875,12.007795333862305,45.05993270429846,3.294221784842893
2004.92822265625,152.868408203125,-8.255247116088867,0.08280351012945175,1607.9471435546875,113.1973876953125,-8.015679359436035,0.07645298540592194,1723.20654296875,145.4249267578125,-8.090843200683594,0.09164976328611374,95.81018829345703,30,1.7994567155838013,1.206713318824768,-58.11573028564453,484.83144091213677,2944.627268327613,45.05880583109498,3.2836008387320956,0.1629471629858017,0.1622639149427414,-64.59197235107422,0,6.053864479064941,0.0004415189614519477,1162.295654296875,10.796740531921387,45.05880583109497,3.2836008387321076
34086.640625,227.1131591796875,-11.331460952758789,0.007235822733491659,28085.6484375,141.2228240966797,-11.121211051940918,0.005460724234580994,33217.859375,220.3816680908203,-11.303428649902344,0.007204994559288025,1817.8228759765625,137,2.0567569732666016,2.016247272491455,85.6535873413086,1302.9358559881077,3008.08028754665,45.06334104616794,3.223995363486799,0.011095997877418995,0.010861268267035484,-84.0426254272461,0,3.767974376678467,0.0002748363185673952,33532.98046875,12.34054183959961,45.06334104616794,3.2239953634868113
631.2542724609375,111.93604278564453,-7.0005106925964355,0.19257302582263947,356.62506103515625,111.9234619140625,-6.380529403686523,0.3408310115337372,330.4434509277344,115.70071411132812,-6.29774284362793,0.380249559879303,58.607566833496094,9,1.530202865600586,0.8831157684326172,49.60987091064453,1988.720765928353,2891.722285706243,45.054756176585954,3.1740155732775084,0.36272770166397095,0.3618943989276886,76.60138702392578,0,6.943212509155273,0.000506499083712697,-145.36976623535156,9.181217193603516,45.054756176585954,3.174015573277508
383840.34375,455.73455810546875,-13.960376739501953,0.0012894104002043605,314564.96875,311.2512512207031,-13.74427604675293,0.0010745597537606955,373524.46875,388.0023498535156,-13.930797576904297,0.001128093572333455,18585.2421875,381,2.3061165809631348,2.2798354625701904,30.160995483398438,449.4312577074884,3027.2519516108055,45.06485326027357,3.2861822946652857,0.002312811091542244,0.0022422552574425936,-86.7849349975586,0,3.822802782058716,0.00027880287962034345,383388.34375,13.836699485778809,45.06485326027357,3.286182294665286
594.5577392578125,104.7965087890625,-6.935484886169434,0.19141791760921478,349.8974304199219,111.91539001464844,-6.359851837158203,0.34735924005508423,395.2868347167969,126.93661499023438,-6.492280960083008,0.3487420976161957,44.83980178833008,9,1.7254592180252075,0.9818933010101318,80.17926025390625,1006.1246573953989,2960.8094565299352,45.05992090694266,3.2456220355306207,0.661649763584137,0.6600813269615173,-84.51060485839844,0,7.782423496246338,0.00056762236636132,-357.9516296386719,10.352755546569824,45.05992090694265,3.245622035530632
8713.7998046875,235.3740692138672,-9.850519180297852,0.029334647580981255,5070.5771484375,117.19078826904297,-9.262643814086914,0.02509954944252968,8000.36181640625,258.67791748046875,-9.757774353027344,0.03511393815279007,211.76502990722656,103,3.281179428100586,1.8660541772842407,24.19198226928711,40.91332853273926,3057.6299668839983,45.06713206207677,3.315942659739055,0.0812448039650917,0.08014337718486786,24.466270446777344,0,8.686309814453125,0.0006334821227937937,8085.1748046875,19.687076568603516,45.067132062076766,3.315942659739067
308164.0,439.1540222167969,-13.721954345703125,0.001547621563076973,250356.5625,282.07330322265625,-13.496397018432617,0.0012235812610015273,298662.0625,364.56036376953125,-13.687950134277344,0.001325620454736054,15369.138671875,397,2.380065679550171,2.333488702774048,50.58264923095703,692.2273084973551,2960.2687247956865,45.05992197170777,3.2684920220498888,0.0026152601931244135,0.0025322181172668934,-89.24790954589844,0,3.7898526191711426,0.00027640702319331467,308156.625,14.280393600463867,45.05992197170777,3.2684920220498888
284271.75,415.8458251953125,-13.634334564208984,0.001588650862686336,229627.890625,272.0089111328125,-13.40256118774414,0.0012864364543929696,276341.5625,353.8168029785156,-13.603615760803223,0.0013904714724048972,13874.984375,349,2.394749879837036,2.2475244998931885,32.53738784790039,1672.2763350492817,3075.3905235805323,45.06822018895431,3.1970798039040105,0.002757112728431821,0.002662464277818799,-81.95530700683594,0,3.7817015647888184,0.00027585827047005296,283720.5,14.368499755859375,45.06822018895431,3.1970798039040105
881.5729370117188,130.16966247558594,-7.36314582824707,0.16035456955432892,281.20574951171875,111.52423095703125,-6.122560501098633,0.43070000410079956,281.92169189453125,95.85011291503906,-6.125321388244629,0.36922743916511536,39.803775787353516,9,1.414552927017212,0.7026637196540833,-26.966148376464844,1413.7669572422376,3065.3660634464068,45.067516846259885,3.215919518817013,0.33823996782302856,0.3370555639266968,-48.44597625732422,1,5.943662166595459,0.00043354163062758744,190.50083923339844,8.48731803894043,45.067516846259885,3.215919518817013
758.4627075195312,121.88870239257812,-7.199835777282715,0.17452555894851685,485.0486145019531,111.90150451660156,-6.714463233947754,0.2505419850349426,553.582763671875,102.42796325683594,-6.857956409454346,0.20093972980976105,61.34001541137695,11,1.1759722232818604,0.9385330080986023,59.311195373535156,607.9469115378555,3029.852335437332,45.06502193811929,3.27463412144828,0.3177628517150879,0.31706058979034424,-89.29411315917969,0,5.305858612060547,0.00038697131094522774,318.052490234375,7.055833339691162,45.06502193811928,3.274634121448292
734.3687133789062,117.61145782470703,-7.164785385131836,0.17392630875110626,602.9876098632812,111.82292938232422,-6.950770854949951,0.20139668881893158,510.93377685546875,111.57999420166016,-6.770911693572998,0.23716551065444946,49.43328857421875,11,1.694878101348877,0.7965814471244812,-24.545133590698242,104.93482065215728,2871.1483799771795,45.053484109237,3.3112721966046825,0.41340169310569763,0.4124417006969452,-60.44150924682617,0,6.939998626708984,0.0005061302799731493,228.530517578125,10.169268608093262,45.053484109237,3.311272196604671
866.698974609375,127.62333679199219,-7.34467077255249,0.15991589426994324,669.6593627929688,112.25450897216797,-7.064634799957275,0.18204538524150848,650.1948852539062,144.43080139160156,-7.032608985900879,0.24123820662498474,54.78204345703125,13,2.0689620971679688,0.7379241585731506,-70.98990631103516,966.8861319831788,4056.813617027487,45.14006711650514,3.248501937833314,0.329052209854126,0.32751691341400146,-71.29398345947266,0,7.38442325592041,0.0005386291304603219,347.2432861328125,12.413772583007812,45.140067116505136,3.2485019378333257
6430.3720703125,241.97703552246094,-9.520589828491211,0.040866538882255554,3658.33154296875,115.64656066894531,-8.908207893371582,0.034330446273088455,5860.150390625,239.7378387451172,-9.419772148132324,0.04442809149622917,139.7845001220703,86,2.6022298336029053,2.242352247238159,-80.78289031982422,1813.56377134187,2925.4252559191696,45.05723888618758,3.1867819059039797,0.11429555714130402,0.11399440467357635,68.55692291259766,3,8.23048210144043,0.0006003843736834824,5425.38525390625,15.613378524780273,45.05723888618758,3.1867819059039797
3880.1025390625,205.5961456298828,-8.972107887268066,0.05754420533776283,2527.1767578125,113.98049926757812,-8.50658893585205,0.04898067191243172,2980.44091796875,204.7570037841797,-8.685701370239258,0.0746084600687027,129.48789978027344,57,2.285583972930908,1.8882932662963867,-77.54359436035156,1409.8003465304769,2888.128634407909,45.05455680860644,3.2162065705493617,0.11457241326570511,0.11432306468486786,-80.69696044921875,0,7.950929164886475,0.0005799464415758848,2400.200927734375,13.71350383758545,45.05455680860644,3.216206570549361
3551.300537109375,59.73212814331055,-8.875968933105469,0.01826629228889942,3463.029541015625,115.24876403808594,-8.848640441894531,0.036141809076070786,3494.817626953125,71.58845520019531,-8.858561515808105,0.02224581316113472,1150.695068359375,9,1.2442741394042969,0.3140346109867096,-84.0081558227539,857.992032571432,2957.6297124383614,45.05970730762166,3.256414923564767,0.020317574962973595,0.016766179352998734,-88.5351791381836,3,3.4015893936157227,0.00024809478782117367,3100.624267578125,7.465644836425781,45.059707307621665,3.2564149235647553
40866.4609375,524.6514282226562,-11.528417587280273,0.013942275196313858,9005.0849609375,121.53429412841797,-9.88621997833252,0.014656856656074524,38423.69921875,548.5459594726562,-11.461498260498047,0.01550399698317051,284.8250427246094,497,5.971558094024658,5.1111860275268555,-0.22120130062103271,1836.55817848219,2934.9429143256016,45.05793239716631,3.185106011187083,0.08021289110183716,0.07988417148590088,19.146347045898438,0,14.281088829040527,0.0010417604353278875,31208.60546875,35.829349517822266,45.05793239716632,3.185106011187072
9928.193359375,226.55177307128906,-9.992175102233887,0.024781469255685806,6923.1494140625,119.41832733154297,-9.600759506225586,0.01873255893588066,8925.427734375,212.71047973632812,-9.876572608947754,0.025881513953208923,442.6546630859375,92,2.385105848312378,1.9330016374588013,20.51955223083496,1437.6494560858293,3035.0381939376393,45.06529633522869,3.2141787621630735,0.03957764059305191,0.0393199697136879,-79.00028991699219,0,3.934746503829956,0.0002870080934371799,8442.3662109375,14.31063461303711,45.065296335228695,3.2141787621630615
2031.9774169921875,191.95973205566406,-8.269797325134277,0.102593794465065,1057.409912109375,112.45489501953125,-7.560608386993408,0.11549542844295502,1192.1961669921875,201.75833129882812,-7.690869331359863,0.18378648161888123,57.38712692260742,25,2.200418472290039,1.9096957445144653,84.77574920654297,1486.6291708068795,2942.2463180063323,45.058505264748895,3.210608460010979,0.32621023058891296,0.32586419582366943,40.291568756103516,2,12.286530494689941,0.000896204262971878,373.60931396484375,13.202510833740234,45.058505264748895,3.210608460010979
1291.218017578125,157.87066650390625,-7.777498722076416,0.13277970254421234,558.3458251953125,112.03339385986328,-6.867258071899414,0.21790842711925507,325.0604248046875,157.98519897460938,-6.279910087585449,0.5278154611587524,52.610984802246094,19,2.2633895874023438,1.1559433937072754,-17.897327423095703,1767.592102251794,3068.053602733423,45.06767319854692,3.1901328060961753,0.28781846165657043,0.28720831871032715,-56.32563400268555,0,9.685165405273438,0.0007065030513331294,-886.5357055664062,13.580337524414062,45.06767319854691,3.1901328060961998
5217.15576171875,230.1540069580078,-9.293584823608398,0.0479087196290493,2982.342529296875,115.0303955078125,-8.686393737792969,0.0418875478208065,4410.18408203125,231.59713745117188,-9.1111421585083,0.05703038349747658,137.9332733154297,72,3.409302234649658,1.5393084287643433,84.8040771484375,1278.493343263227,3030.522297061938,45.064985077693336,3.2257768117549115,0.12025568634271622,0.11923685669898987,69.57247924804688,2,10.486486434936523,0.0007648831233382225,3429.171142578125,20.455814361572266,45.06498507769334,3.2257768117549
914.4376220703125,134.85025024414062,-7.402885437011719,0.1601502001285553,575.3125,111.833740234375,-6.899759292602539,0.21110518276691437,470.160400390625,136.3656463623047,-6.680614948272705,0.31498420238494873,56.11484909057617,13,2.312305450439453,0.8546482920646667,36.87416076660156,1924.628970365719,3036.3575395233497,45.06533879763682,3.1786868308706544,0.4317680895328522,0.42968660593032837,55.21087646484375,0,8.410103797912598,0.0006135096191428602,-852.6842651367188,13.873832702636719,45.06533879763682,3.1786868308706544
25184.345703125,319.0057373046875,-11.002826690673828,0.01375617366284132,14021.1298828125,127.1103286743164,-10.366957664489746,0.009845269843935966,23456.5078125,308.1427917480469,-10.925658226013184,0.01426653377711773,598.3278198242188,213,3.3458900451660156,2.7759978771209717,-15.323561668395996,739.1643256026078,2988.395895435391,45.0619727438495,3.2650731388820704,0.03116094507277012,0.030867017805576324,-6.487996578216553,0,5.631470203399658,0.00041072521707974374,24607.5703125,20.075340270996094,45.0619727438495,3.2650731388820704
958.8917846679688,136.61883544921875,-7.454423904418945,0.15472868084907532,633.8706665039062,112.07994079589844,-7.005001544952393,0.19202467799186707,541.4005126953125,101.20256042480469,-6.833796501159668,0.20300309360027313,48.6558952331543,11,1.3817788362503052,0.7826329469680786,-27.50572395324707,943.5593984990224,3011.522706017533,45.063637442207416,3.2501817031050857,0.5779871344566345,0.5763256549835205,24.228609085083008,0,6.203200817108154,0.00045243659405969083,-77858.78125,8.29067325592041,45.063637442207416,3.2501817031050857
1352.1141357421875,161.04222106933594,-7.82753324508667,0.12934696674346924,539.4581298828125,111.9667739868164,-6.829894542694092,0.2254038155078888,450.8992614746094,175.79335021972656,-6.635198593139648,0.4234018325805664,50.11709976196289,20,2.0381886959075928,1.5754928588867188,10.093342781066895,899.6552448770178,2992.7962047010274,45.062273636734474,3.25338018047025,0.315131276845932,0.31421738862991333,70.01468658447266,0,10.735031127929688,0.0007829644600860775,-5.209174156188965,12.229131698608398,45.062273636734474,3.25338018047025
1569.841064453125,168.2399444580078,-7.9896392822265625,0.11638667434453964,950.1131591796875,112.45816802978516,-7.444438457489014,0.12854214012622833,842.1578369140625,147.141357421875,-7.313483715057373,0.18974532186985016,63.76449203491211,13,2.1406891345977783,1.0072396993637085,43.39396667480469,1575.5114166436201,3004.051068470309,45.06301451584202,3.204131615590418,0.2820615768432617,0.2811116874217987,-53.49226379394531,2,8.787309646606445,0.0006409781635738909,525.5596313476562,12.844135284423828,45.06301451584202,3.2041316155904296
616.554443359375,109.56079864501953,-6.974928379058838,0.1929805725812912,185.2370147705078,111.54117584228516,-5.6693196296691895,0.6539390087127686,149.89756774902344,140.50221252441406,-5.439486503601074,1.0179311037063599,48.79106140136719,9,1.908799648284912,1.1138468980789185,87.88607025146484,872.802645862768,2935.8791889067957,45.05811478404189,3.255335344061128,0.4556763172149658,0.45487311482429504,10.811041831970215,0,8.725408554077148,0.0006363879656419158,-701.0682373046875,11.452797889709473,45.058114784041884,3.2553353440611517
1024.831298828125,126.41870880126953,-7.526630878448486,0.13396421074867249,950.226806640625,112.37068176269531,-7.444568157196045,0.12842677533626556,1087.0201416015625,136.97169494628906,-7.5905938148498535,0.13684314489364624,71.10901641845703,16,2.195086717605591,0.8687390089035034,26.770809173583984,610.8389636692308,2993.0240661898824,45.06232824889251,3.274422389206241,0.3303397595882416,0.329496830701828,27.821138381958008,0,8.26037883758545,0.0006024526082910597,403.88165283203125,13.170520782470703,45.06232824889251,3.2744223892062405
595.5297241210938,105.05904388427734,-6.937258720397949,0.1915842592716217,609.155517578125,111.83033752441406,-6.961820602416992,0.19937066733837128,864.7162475585938,208.7428436279297,-7.342184066772461,0.2621608376502991,55.478572845458984,9,1.4365965127944946,0.7544594407081604,24.895418167114258,559.764886856814,2962.53249877316,45.06010518794063,3.278142401287514,0.49360159039497375,0.4928349554538727,-12.187348365783691,0,6.2102508544921875,0.0004529281868599355,603.7347412109375,8.619579315185547,45.06010518794063,3.278142401287514
1870.4483642578125,161.9058380126953,-8.179863929748535,0.0940040573477745,1379.934326171875,113.18798065185547,-7.849646091461182,0.08907825499773026,1319.176513671875,154.9031982421875,-7.80075740814209,0.12752264738082886,100.63317108154297,29,1.904058575630188,1.2645870447158813,-85.68267059326172,41.94664998398799,2941.447021470755,45.05863454123455,3.315862976109039,0.1494857668876648,0.14924706518650055,23.72026252746582,0,6.5779948234558105,0.0004797266738023609,1382.5234375,11.424351692199707,45.05863454123455,3.315862976109039
7128.8544921875,88.24972534179688,-9.632549285888672,0.013443843461573124,6376.79248046875,118.47029876708984,-9.511506080627441,0.02017609030008316,6946.95556640625,112.69840240478516,-9.604486465454102,0.017617857083678246,1040.0780029296875,20,2.4128756523132324,0.44966086745262146,41.81817626953125,1008.3671032471548,2952.6461095396885,45.0593236505694,3.245458481513123,0.04047944024205208,0.036837365478277206,39.29297637939453,0,6.21350622177124,0.000453191198175773,5547.3330078125,14.477253913879395,45.05932365056939,3.245458481513134
2634.065185546875,81.7094497680664,-8.551566123962402,0.033688027411699295,2384.495849609375,114.11480712890625,-8.443490982055664,0.05197269842028618,2447.299072265625,103.70044708251953,-8.471717834472656,0.046017542481422424,297.8577575683594,17,1.8136075735092163,0.5561450719833374,1.184212565422058,1345.1904285546768,2902.419065180175,45.05560942141003,3.2209148651976154,0.059738025069236755,0.05734683945775032,2.628798484802246,3,5.780487060546875,0.00042162873432971537,1551.023681640625,10.881645202636719,45.05560942141004,3.220914865197604
5669.65380859375,106.82403564453125,-9.383891105651855,0.02046172507107258,3177.701416015625,115.087158203125,-8.755282402038574,0.03933178260922432,5235.35595703125,125.25530242919922,-9.297365188598633,0.025982428342103958,553.93505859375,14,2.6443517208099365,0.37804844975471497,32.14588928222656,1235.3300061080708,2899.154073365517,45.05538382275793,3.228920098331636,0.05307381972670555,0.009285643696784973,32.58272933959961,2,5.961033821105957,0.0004347899230197072,4435.0068359375,15.866109848022461,45.05538382275793,3.228920098331648
855.7554931640625,130.95999145507812,-7.330874443054199,0.1661953181028366,447.9654541015625,112.1208724975586,-6.628111362457275,0.2718139886856079,438.0233154296875,148.44044494628906,-6.603743076324463,0.36803138256073,51.8397102355957,12,1.1190049648284912,0.8194303512573242,-34.990604400634766,58.18876307278426,2992.472045345371,45.06236413466281,3.314681792873497,0.2470068782567978,0.24645082652568817,-52.15382766723633,0,5.705403804779053,0.00041608940227888525,628.6796264648438,6.714029788970947,45.06236413466281,3.314681792873509
1869.390625,162.2443389892578,-8.17924976348877,0.09425389766693115,970.718505859375,112.4827651977539,-7.467733383178711,0.12584109604358673,975.9944458007812,131.35403442382812,-7.473618507385254,0.1461591124534607,68.88764953613281,19,1.4038525819778442,1.249457597732544,-7.729625701904297,1639.3091124561447,2895.466085837605,45.05506716387505,3.1994814582008324,0.18083058297634125,0.18048608303070068,13.86730670928955,0,7.653489112854004,0.0005582740996032953,614.3663940429688,8.423115730285645,45.05506716387506,3.199481458200821
1544.545654296875,132.9298858642578,-7.972002029418945,0.09346558153629303,1328.3109130859375,112.95243835449219,-7.808249473571777,0.09234762191772461,1475.95654296875,147.71859741210938,-7.9226837158203125,0.10869046300649643,87.80461120605469,23,1.6303871870040894,1.3549275398254395,71.47322082519531,769.7103497944214,2883.02555036655,45.05426289545436,3.262845020333789,0.1758171170949936,0.17538072168827057,-82.58272552490234,1,8.02159595489502,0.0005850468296557665,706.5940551757812,9.782322883605957,45.054262895454364,3.262845020333777
576.8922119140625,93.28421783447266,-6.902736663818359,0.1756076067686081,670.7533569335938,112.0362319946289,-7.066407203674316,0.1813950538635254,1289.7266845703125,219.92408752441406,-7.776244163513184,0.18518462777137756,61.512046813964844,9,1.6689236164093018,0.6511749625205994,64.61288452148438,1819.389840720867,2930.1349017800535,45.0575826481763,3.1863572927498374,0.46246328949928284,0.4617937207221985,-75.90360260009766,3,6.218682289123535,0.0004536314809229225,1605.9432373046875,10.013542175292969,45.0575826481763,3.1863572927498374
960.9895629882812,121.31592559814453,-7.456796646118164,0.1370973289012909,848.1651611328125,112.29252624511719,-7.321200847625732,0.14378058910369873,785.37158203125,122.41883850097656,-7.237688064575195,0.16927891969680786,62.72429275512695,15,1.562790036201477,0.9873901009559631,76.60018157958984,1437.0680256001583,3001.847151193596,45.06286932609249,3.214220782455042,0.2259833961725235,0.2252085655927658,46.841773986816406,0,6.969573974609375,0.0005083729047328234,146.2763671875,9.376740455627441,45.06286932609249,3.2142207824550426
1038.3209228515625,142.8547821044922,-7.540829181671143,0.14941458404064178,686.5700073242188,112.14305877685547,-7.09171199798584,0.17738521099090576,583.2000732421875,155.06004333496094,-6.914544105529785,0.2887434661388397,51.2281494140625,12,2.8358211517333984,0.8805577158927917,-24.71492576599121,2022.8480310309792,2882.363025332039,45.05406835510418,3.1715281384131955,0.3208675682544708,0.3205115795135498,-62.864112854003906,2,9.460679054260254,0.000690149434376508,-1113.6656494140625,17.01492691040039,45.054068355104185,3.171528138413184
